run,generation,degenerate,holistic,other,compositional,popsize,turnover_rounds,group_rounds
43,0,0.9987713554999793,1.4267839920713722e-08,0.0012266915175253483,1.938714656782331e-06,25,10,0
43,1,0.9987713554999793,1.4267839920713722e-08,0.0012266915175253483,1.938714656782331e-06,25,10,0
43,2,0.9985565003980617,1.3966515424631779e-08,0.0014415984363527106,1.8871990716670315e-06,25,10,0
43,3,0.9984697185840292,1.3496202152214063e-08,0.0015284326287322116,1.8352910377906907e-06,25,10,0
43,4,0.9945636397812089,3.065735370541262e-08,0.0054345135638623025,1.8159975764777007e-06,25,10,0
43,5,0.9943646842777832,3.04487170485851e-08,0.005633013140849234,2.2721326520211725e-06,25,10,0
43,6,0.9982306301137175,1.2777143506483487e-08,0.0017671428765459831,2.21423259450684e-06,25,10,0
43,7,0.9981430482492568,1.4914173014643075e-08,0.001854798346373921,2.138490197653692e-06,25,10,0
43,8,0.9981440171165703,1.4910962092429855e-08,0.0018538992299050373,2.068742564007234e-06,25,10,0
43,9,0.9977973460253877,1.4488581686447212e-08,0.0022006475776253894,1.9919084068206933e-06,25,10,0
43,10,0.9971859333659208,3.504854246990167e-08,0.002812012974374793,2.0186111632068183e-06,25,10,0
43,11,0.9970173501026609,3.835403641451065e-08,0.002980138033220561,2.4735100833457342e-06,25,10,0
43,12,0.9968677533993785,3.7788839496600005e-08,0.003129811473826276,2.397337956875548e-06,25,10,0
43,13,0.9969074062544547,3.7219540968712986e-08,0.003090236599766868,2.3199262386337366e-06,25,10,0
43,14,0.9859211035944407,7.20157343919865e-06,0.014068865173113218,2.8296590098482925e-06,25,10,0
43,15,0.9690224934408803,7.223049878541814e-06,0.030801227689595426,0.00016905581964378818,25,10,0
43,16,0.9634487751291387,7.432065795644763e-06,0.036323788639905256,0.00022000416515887046,25,10,0
43,17,0.9632167025104477,7.500035578837937e-06,0.0365554476369361,0.00022034981703612333,25,10,0
43,18,0.9684116650737131,7.300763039181861e-06,0.0314117083791257,0.00016932578412072238,25,10,0
43,19,0.9684511790351418,7.300208075478947e-06,0.03137226813702933,0.00016925261975235344,25,10,0
43,20,0.9682659359635278,7.300051024410202e-06,0.03155561042800377,0.0001711535574433079,25,10,0
43,21,0.9679410361580375,7.299662361693983e-06,0.031880466533277405,0.00017119764632261126,25,10,0
43,22,0.9383557308316979,7.372921578220945e-06,0.06145592967901039,0.0001809665677108472,25,10,0
43,23,0.9359542134683587,7.37468010881997e-06,0.06385699198799225,0.00018141986353759459,25,10,0
43,24,0.9297754791945694,7.376560502097429e-06,0.06997083667721059,0.000246307567715183,25,10,0
43,25,0.9298155405661345,7.3760062433276265e-06,0.06993085241867343,0.0002462310089466398,25,10,0
43,26,0.9413602752202894,1.9158238587125123e-07,0.05839391245742557,0.00024562073989689874,25,10,0
43,27,0.935927136178185,1.7805388225031002e-07,0.06399335386372038,7.933190421012036e-05,25,10,0
43,28,0.906357720487481,2.1624511610564122e-07,0.09355294389472503,8.911937267291465e-05,25,10,0
43,29,0.9059805544162244,2.1961700478121186e-07,0.09393018067974164,8.904528702515761e-05,25,10,0
43,30,0.9053103103604605,2.3455843047624126e-07,0.09460038429851213,8.90707825925332e-05,25,10,0
43,31,0.8887430834690422,2.461063211366296e-07,0.11116761728967867,8.905313495425878e-05,25,10,0
43,32,0.8768027243285631,2.6539979707874864e-07,0.12310555481304135,9.145545859448754e-05,25,10,0
43,33,0.8768784051023504,2.6435019330420513e-07,0.12302987604934514,9.145449810730724e-05,25,10,0
43,34,0.8769410429479976,4.675697620682831e-07,0.1229764432092165,8.204627301998967e-05,25,10,0
43,35,0.875139542436219,4.922691487588787e-07,0.12477453199369144,8.54333009373616e-05,25,10,0
43,36,0.875216142447032,4.922161987855403e-07,0.12469792971614063,8.543562062558079e-05,25,10,0
43,37,0.8753091192300881,4.924471810299537e-07,0.1246049277703786,8.546055234889103e-05,25,10,0
43,38,0.8755352755844236,4.920374567159741e-07,0.12438074933233702,8.34830457794806e-05,25,10,0
43,39,0.8754597839778573,4.91037421410832e-07,0.12441345583430129,0.00012626915041687541,25,10,0
43,40,0.8643842965609464,5.060703095921333e-07,0.13548683014481877,0.00012836722392283004,25,10,0
43,41,0.8543873989844722,4.720889139967861e-06,0.14435332241964371,0.0012545577067424852,25,10,0
43,42,0.8539082233019816,4.721176213900974e-06,0.14483249764472123,0.0012545578770816212,25,10,0
43,43,0.8596469300598782,4.517537409820735e-06,0.13914829705378937,0.0012002553489207674,25,10,0
43,44,0.8586452112482859,4.517204120896837e-06,0.1401500338709065,0.001200237676685828,25,10,0
43,45,0.8582676123274287,4.517223715152115e-06,0.140527634039396,0.0012002364094590532,25,10,0
43,46,0.8580495779380432,4.521377499089933e-06,0.14074578482353112,0.0012001158609255518,25,10,0
43,47,0.8575291194040752,4.517775548400654e-06,0.14126624545727562,0.0012001173630998149,25,10,0
43,48,0.8575028941669331,4.517543186722904e-06,0.141291140965987,0.0012014473238918264,25,10,0
43,49,0.8798812870624069,4.509025114115349e-06,0.11891277138771159,0.001201432524766484,25,10,0
43,50,0.8962936042674444,4.49705044905172e-06,0.10249980720868723,0.0012020914734184956,25,10,0
43,51,0.8962982803266364,4.497042861472129e-06,0.10249513073977448,0.001202091890727141,25,10,0
43,52,0.8953345324977222,4.515074203677053e-06,0.10345869085419525,0.0012022615738782273,25,10,0
43,53,0.9064494211229114,4.499479037698901e-06,0.09234599205645766,0.0012000873415922368,25,10,0
43,54,0.9054647451074495,4.499518566892577e-06,0.09333066077715392,0.0012000945968286827,25,10,0
43,55,0.9060161316935681,4.484576640926872e-06,0.09277928845718819,0.0012000952726016333,25,10,0
43,56,0.9009983218870384,4.720180149382238e-06,0.0977968775618701,0.0012000803709415846,25,10,0
43,57,0.9010684489738562,4.72004043503448e-06,0.09772746889055853,0.0011993620951497737,25,10,0
43,58,0.901165909437809,4.719791173048906e-06,0.0976304679840638,0.00119890278695325,25,10,0
43,59,0.9308215812934693,4.660361361885543e-06,0.06798454350905343,0.0011892148361153819,25,10,0
43,60,0.924031568534718,4.768417303371497e-06,0.07395863630267244,0.002005026745305987,25,10,0
43,61,0.9234344076615701,4.78239182919201e-06,0.07452079437178946,0.0020400155748108995,25,10,0
43,62,0.9234748464559182,4.782791706285375e-06,0.07448142434214235,0.002038946410232946,25,10,0
43,63,0.9244063899539131,4.782552825429145e-06,0.07354988588994267,0.002038941603318566,25,10,0
43,64,0.9179867028522173,4.7726602686583686e-06,0.07994150701397701,0.002067017473536831,25,10,0
43,65,0.9181919881011597,4.704684708810154e-06,0.07973661033595654,0.0020666968781750104,25,10,0
43,66,0.91887601093979,4.71146100231391e-06,0.07905199015990297,0.0020672874393045985,25,10,0
43,67,0.9287888289491437,4.960930242927257e-07,0.07026965282228037,0.0009410221355514235,25,10,0
43,68,0.9429347696442761,7.636170494362712e-07,0.05612498523699566,0.0009394815016783767,25,10,0
43,69,0.9400290187593506,7.911554074401153e-07,0.058696835947041545,0.0012733541381998554,25,10,0
43,70,0.9386453289668233,7.756681034671501e-07,0.05960488983986167,0.0017490055252111238,25,10,0
43,71,0.9389010757764847,7.761939209451862e-07,0.059349069682581364,0.0017490783470126717,25,10,0
43,72,0.9680794136466598,1.2918861899132883e-06,0.030179960883445444,0.0017393335837047749,25,10,0
43,73,0.9680603262558275,1.336616962126553e-06,0.030194295737928884,0.0017440413892814985,25,10,0
43,74,0.9553261846053802,1.8502599946925962e-06,0.042927833426615304,0.0017441317080099125,25,10,0
43,75,0.9624700309273733,1.846176166468269e-06,0.035847055922738603,0.0016810669737215836,25,10,0
43,76,0.9642638292071204,1.820906994712889e-06,0.03405674728467586,0.0016776026012091682,25,10,0
43,77,0.9647053958477768,1.5321659544418925e-06,0.03361681031661836,0.001676261669650493,25,10,0
43,78,0.9609050009468081,1.5323163450280377e-06,0.03741720630065755,0.0016762604361897182,25,10,0
43,79,0.9444477100057598,1.6772312142493853e-06,0.05174167114882474,0.003808941614201477,25,10,0
43,80,0.9495059800794274,1.441068716224679e-06,0.04668369805762225,0.003808880794234645,25,10,0
43,81,0.9615004757745497,9.342942749611997e-07,0.03468794447850774,0.0038106454526680455,25,10,0
43,82,0.960081929135723,9.524162874972931e-07,0.036106538336421495,0.003810580111568597,25,10,0
43,83,0.9628450671398716,9.259104441801e-07,0.03367734177310783,0.0034766651765768984,25,10,0
43,84,0.951792188097672,1.0691879598319133e-06,0.04472939643642466,0.003477346277944077,25,10,0
43,85,0.9512999812007702,1.1005272119250807e-06,0.04522155323352679,0.0034773650384915793,25,10,0
43,86,0.9511276374218799,1.1090069506109542e-06,0.04539377452102123,0.0034774790501483533,25,10,0
43,87,0.9513657122581278,1.0599510677328526e-06,0.04516107994712719,0.0034721478436773646,25,10,0
43,88,0.9513660882067551,1.0599523117156136e-06,0.04516073023067945,0.0034721216102538027,25,10,0
43,89,0.9516542713305555,1.062133836223675e-06,0.04487219468417055,0.003472471851437714,25,10,0
43,90,0.9559836612969044,9.176116007580132e-07,0.04267560466214129,0.0013398164293537324,25,10,0
43,91,0.9558285856770614,1.097547606835612e-06,0.04282879687946939,0.001341519895862488,25,10,0
43,92,0.9554482413522075,1.09783422599794e-06,0.0432089817156453,0.001341679097921248,25,10,0
43,93,0.9558167471373774,1.0976212465977375e-06,0.04284061040026492,0.0013415448411112122,25,10,0
43,94,0.9548864444936734,1.09763723307555e-06,0.043769409197572225,0.0013430486715214581,25,10,0
43,95,0.9545890085401102,1.0979331270489127e-06,0.044066827146242896,0.0013430663805198912,25,10,0
43,96,0.9522693183651796,1.3699863671318458e-06,0.046347277664251056,0.0013820339842025295,25,10,0
43,97,0.9401444510691648,1.3667448860367525e-06,0.055621482868253774,0.004232699317695434,25,10,0
43,98,0.9053291112036297,1.3593245403740365e-06,0.09043765050612756,0.004231878965702555,25,10,0
43,99,0.9056291629340198,1.3590286550691635e-06,0.09013761680097793,0.004231861236347368,25,10,0
43,100,0.9057265954838659,1.3505573588938886e-06,0.09004030537810837,0.004231748580666965,25,10,0
43,101,0.9034750742526038,1.3534260022235897e-06,0.09229039726918219,0.004233175052211947,25,10,0
43,102,0.8935314163239204,1.6943066487115113e-06,0.1021875013595073,0.00427938800992367,25,10,0
43,103,0.884561231535451,1.690402037395973e-06,0.11115753168254462,0.004279546379966806,25,10,0
43,104,0.8810922885834868,6.9887554167197814e-06,0.11461798076748853,0.004282741893608032,25,10,0
43,105,0.8886771029508048,6.9937583231969135e-06,0.10674306840374281,0.004572834887129125,25,10,0
43,106,0.889506105944707,6.9962867278145756e-06,0.10591485287235049,0.004572044896214684,25,10,0
43,107,0.8896925076625288,6.9941676187794295e-06,0.10572875620369232,0.004571741966160121,25,10,0
43,108,0.8889990070881385,6.995606802135265e-06,0.10642205712336246,0.0045719401816970776,25,10,0
43,109,0.8980620641204494,7.907678591977681e-06,0.09735356833844547,0.004576459862513344,25,10,0
43,110,0.8940472152293841,8.147194223064613e-06,0.10136852154865596,0.004576116027737127,25,10,0
43,111,0.8935723399102562,8.148232386637693e-06,0.10184339733083604,0.004576114526521046,25,10,0
43,112,0.8959329928034344,7.867347268937898e-06,0.09952071814352802,0.004538421705768668,25,10,0
43,113,0.8735571542775699,7.791913042827615e-05,0.12182046608620346,0.0045444605057986835,25,10,0
43,114,0.8855336515909967,7.792120209182778e-05,0.11269450756029144,0.001693919646620418,25,10,0
43,115,0.8801780176524506,7.791207185940243e-05,0.11805027647142836,0.001693793804261699,25,10,0
43,116,0.8802064536703889,7.791125748931914e-05,0.11802250928098988,0.0016931257911321149,25,10,0
43,117,0.8803818961778755,7.7361904087544e-05,0.11784770844159514,0.0016930334764418407,25,10,0
43,118,0.8811192309482868,7.73604606653708e-05,0.11711057453280695,0.001692834058240927,25,10,0
43,119,0.8806476809219675,7.736046737949737e-05,0.11758205345474733,0.0016929051559056215,25,10,0
43,120,0.8797457955938461,7.735505829289439e-05,0.11877412547713759,0.0014027238707233266,25,10,0
43,121,0.869523044709345,7.735954210325984e-05,0.1289968140102012,0.0014027817383504085,25,10,0
43,122,0.8718555074419198,7.735700044361503e-05,0.1271401735484413,0.0009269620091956546,25,10,0
43,123,0.8788278296093291,7.724868683919773e-05,0.12098379586576134,0.00011112583807077206,25,10,0
43,124,0.8782403992723572,7.72493565775999e-05,0.1215711339808353,0.00011121739023035464,25,10,0
43,125,0.8780190013214991,7.724426488224555e-05,0.12179256352812624,0.00011119088549285215,25,10,0
43,126,0.874606714150282,8.237114870017587e-05,0.12519882917851385,0.00011208552250442289,25,10,0
43,127,0.8760034511766536,8.237011403031136e-05,0.12380209451952813,0.00011208418978849662,25,10,0
43,128,0.8759390187030405,8.23700389887801e-05,0.12386650468682577,0.00011210657114562071,25,10,0
43,129,0.8816700579578146,8.237013096426153e-05,0.1181354648535329,0.00011210705768891825,25,10,0
43,130,0.881607037829281,8.237025659186868e-05,0.11819841891984428,0.00011217299428350455,25,10,0
43,131,0.8816546542978808,8.23702107900197e-05,0.11815080780640834,0.00011216768492148788,25,10,0
43,132,0.8812864474523272,8.237055794549091e-05,0.11851402529723579,0.00011715669249224107,25,10,0
43,133,0.9162009620907682,8.236994695096053e-05,0.08359972246028712,0.00011694550199428535,25,10,0
43,134,0.9147671395694948,8.237011509460981e-05,0.08503352962019285,0.00011696069521803606,25,10,0
43,135,0.913211703434988,8.23814157754166e-05,0.08658545912111723,0.00012045602811991657,25,10,0
43,136,0.9228440250395784,8.257191082830094e-05,0.07690110430997203,0.0001722987396214822,25,10,0
43,137,0.922924237265671,8.257190467041271e-05,0.07682094070185679,0.00017225012780197813,25,10,0
43,138,0.9228008676374827,8.257260876836213e-05,0.07694430917149438,0.00017225058225473822,25,10,0
43,139,0.9263899751656359,7.727424711319149e-05,0.07336365031610727,0.0001691002711436102,25,10,0
43,140,0.8883679029169168,7.727455367436423e-05,0.11100352295023772,0.0005512995791715215,25,10,0
43,141,0.8876016987706545,7.727528180427685e-05,0.1117665956729403,0.000554430274601235,25,10,0
43,142,0.8974160785333807,7.693690547755541e-05,0.1019987458348893,0.0005082387262527767,25,10,0
43,143,0.903696185076989,7.669441400042378e-05,0.0957200363178069,0.0005070841912042039,25,10,0
43,144,0.9178266752299576,7.71389994934853e-05,0.08185403403214436,0.00024215173840462026,25,10,0
43,145,0.9180182053775923,7.713470925363138e-05,0.08166239245206273,0.00024226746109156386,25,10,0
43,146,0.9182095123914423,7.713461179664351e-05,0.08147108513884987,0.0002422678579112656,25,10,0
43,147,0.9212690348158755,7.201517283576445e-05,0.07841688604849029,0.0002420639627982727,25,10,0
43,148,0.920917948593562,7.200842207254108e-05,0.07876611099759324,0.00024393198677204457,25,10,0
43,149,0.9223113430505662,7.201293886040754e-05,0.07737270623566292,0.0002439377749104358,25,10,0
43,150,0.922919550775358,7.201222798443991e-05,0.07676754865648594,0.000240888340171344,25,10,0
43,151,0.9248881301815771,7.095716216969509e-05,0.0748051773638498,0.00023573529240293814,25,10,0
43,152,0.9248244768693749,7.095714951640858e-05,0.07486887854305302,0.00023568743805531971,25,10,0
43,153,0.9024233286951845,7.076135794170793e-05,0.09021447849261348,0.0072914314542603,25,10,0
43,154,0.9023598671105496,7.076074479066493e-05,0.09027805393625705,0.007291318208402845,25,10,0
43,155,0.8673432106763512,7.078648143825261e-05,0.1004246494816414,0.03216135336056925,25,10,0
43,156,0.867311402293343,7.078833245713656e-05,0.10045645402630163,0.03216135534789844,25,10,0
43,157,0.8672424758628091,7.078862028302008e-05,0.10052427813869885,0.03216245737820937,25,10,0
43,158,0.8574494190782426,2.7808901464521567e-06,0.11039125180509078,0.03215654822651947,25,10,0
43,159,0.8598276447215332,7.36477703465711e-07,0.10801507559142828,0.03215654320933436,25,10,0
43,160,0.8600304167511095,7.361481697973043e-07,0.10781731618670541,0.03215153091401504,25,10,0
43,161,0.8637418966925913,7.21976816664475e-07,0.10410592709406462,0.03215145423652761,25,10,0
43,162,0.8715583558273465,2.769623716604314e-07,0.09640724400508813,0.03203412320519353,25,10,0
43,163,0.8615071677388241,2.7712134782794755e-07,0.10645841371316443,0.03203414142666358,25,10,0
43,164,0.8610075186723415,2.867433908662836e-07,0.10695802977780752,0.03203416480646032,25,10,0
43,165,0.8438700975318156,0.0001708838161710043,0.12146776519696761,0.03449125345504603,25,10,0
43,166,0.8440075662954141,0.00017088353252053202,0.12133034583093379,0.03449120434113171,25,10,0
43,167,0.8441590452106353,0.00017088351448427082,0.12117884487776219,0.03449122639711829,25,10,0
43,168,0.8439406633907174,0.00017088894208458968,0.12139584146769376,0.03449260619950437,25,10,0
43,169,0.8532209654554844,0.00017090207931733795,0.1121153852359602,0.03449274722923821,25,10,0
43,170,0.8701661989519778,3.17714610238499e-07,0.09775665549035914,0.03207682784305297,25,10,0
43,171,0.8702867953483724,3.1761898121125914e-07,0.09763606135241024,0.03207682568023633,25,10,0
43,172,0.8701435331583994,3.177087695546263e-07,0.09777925020783304,0.032076898924998036,25,10,0
43,173,0.8961023739835386,3.1779296027132634e-07,0.07182056225039318,0.03207674597310771,25,10,0
43,174,0.8904763171084141,1.337878072688366e-07,0.07744654721262802,0.032077001891150606,25,10,0
43,175,0.8866364919364489,1.0731387650967025e-07,0.10614891389180718,0.007214486857868099,25,10,0
43,176,0.8748554838622715,1.1196467842730935e-05,0.11791497341655814,0.007218346253327963,25,10,0
43,177,0.8787066890132477,1.1196650901717293e-05,0.11406378702506341,0.007218327310787569,25,10,0
43,178,0.8727829483744145,1.1204898303598782e-05,0.11998526982915722,0.0072205768981246,25,10,0
43,179,0.8788356414425672,1.1197002447673001e-05,0.11393483748717735,0.007218324067808186,25,10,0
43,180,0.8887378063724103,1.1197214872366971e-05,0.10403266710930571,0.007218329303411693,25,10,0
43,181,0.8885829999243211,1.1197135946457426e-05,0.10418747474766862,0.0072183281920638505,25,10,0
43,182,0.8884941860795377,1.1201938658584843e-05,0.10427754513980717,0.007217066841996573,25,10,0
43,183,0.8882914061111487,1.1202134043734805e-05,0.10448034858817368,0.007217043166633987,25,10,0
43,184,0.8884407138838867,1.1202020195275848e-05,0.10433107499778567,0.007217009098132363,25,10,0
43,185,0.8883651428944099,1.1202309378587157e-05,0.10440657815916808,0.007217076637043172,25,10,0
43,186,0.8877715131854069,1.12355468684012e-05,0.10500007505031968,0.007217176217404861,25,10,0
43,187,0.8863225914306,1.1254087310347684e-05,0.10644288801656346,0.007223266465526106,25,10,0
43,188,0.8982445294420424,1.1247239167828906e-05,0.09457308215723267,0.007171141161556702,25,10,0
43,189,0.9137434616048381,1.1248026139541012e-05,0.07907405533322431,0.007171235035797716,25,10,0
43,190,0.8773853739897498,1.1271041658411593e-05,0.11542016935234439,0.007183185616246796,25,10,0
43,191,0.8782782951098952,1.124209381956466e-05,0.11452635984061743,0.0071841029556676496,25,10,0
43,192,0.8723400879574987,1.1242059920154979e-05,0.12046456595678427,0.007184104025796474,25,10,0
43,193,0.8574399222343885,1.9469313770282996e-05,0.13535646391622858,0.0071841445356124155,25,10,0
43,194,0.8580152832819872,1.9468793862310226e-05,0.13478366090352517,0.0071815870206248114,25,10,0
43,195,0.8522627755975992,1.1251413502306748e-05,0.14054060982576527,0.007185363163132769,25,10,0
43,196,0.8730368764033153,1.123684392606494e-05,0.1197703629174838,0.007181523835274416,25,10,0
43,197,0.843995634797424,1.3422039993627726e-05,0.1488153406880519,0.007175602474530409,25,10,0
43,198,0.8404558275113626,1.342171989933045e-05,0.1523213848157982,0.007209365952939698,25,10,0
43,199,0.8316154179047297,1.3430592099420958e-05,0.16115964757770138,0.007211503925470894,25,10,0
43,200,0.8198274082305252,1.3430985984672365e-05,0.1727395676418998,0.007419593141592272,25,10,0
43,201,0.856102113854734,1.3407965929774016e-05,0.13647683566145635,0.007407642517879473,25,10,0
43,202,0.8784580884642988,1.339208574667216e-05,0.12117863008196002,0.0003498893679940388,25,10,0
43,203,0.8913862998965206,2.2875442418556587e-06,0.10826555721530984,0.000345855343927594,25,10,0
43,204,0.8917230802805781,2.2781949709680983e-06,0.10792744198265337,0.0003471995417974158,25,10,0
43,205,0.8876978493663984,1.7052176462798088e-05,0.11193783594509725,0.0003472625120415473,25,10,0
43,206,0.8820401123147209,1.487479596255964e-05,0.11759059462444015,0.00035441826487594237,25,10,0
43,207,0.8814887306973139,1.4875658806909336e-05,0.11814173905485893,0.00035465458901979044,25,10,0
43,208,0.8755166477150579,1.4872593926185985e-05,0.1240490030942579,0.0004194765967583785,25,10,0
43,209,0.8977346768945469,1.502318856190596e-05,0.1017907924318854,0.0004595074850059552,25,10,0
43,210,0.8979406412197762,1.502040677791578e-05,0.10162814805322,0.0004161903202258838,25,10,0
43,211,0.8845212948002243,1.5023369069570381e-05,0.11284521609642073,0.002618465734285305,25,10,0
43,212,0.9161017092392605,1.502715458368885e-05,0.08127235230599435,0.002610911300160583,25,10,0
43,213,0.9027084064309604,1.527690423394212e-05,0.09463119715250314,0.0026451195123024006,25,10,0
43,214,0.9131027039922388,1.5314071177558377e-05,0.08443444874220046,0.00244753319438301,25,10,0
43,215,0.9271076431594706,1.5136741213139653e-05,0.07047710892772596,0.0024001111715894353,25,10,0
43,216,0.9271711880049135,1.5136767686072039e-05,0.07041356372316071,0.0024001115042389066,25,10,0
43,217,0.9260890627439464,1.5139013355803268e-05,0.071529640315833,0.0023661579268636854,25,10,0
43,218,0.9259615145607212,1.5139180952587384e-05,0.07165707300066379,0.0023662732576613258,25,10,0
43,219,0.9318844637328967,1.5139051698143843e-05,0.06573407663066509,0.002366320584739027,25,10,0
43,220,0.9282910769900643,1.5203867531475097e-05,0.06931070596493322,0.002383013177469849,25,10,0
43,221,0.8972855213242421,1.5712777321234925e-05,0.10031332446083376,0.0023854414376029334,25,10,0
43,222,0.8958479042875522,1.6709298192847454e-05,0.10174725101009288,0.0023881354041621248,25,10,0
43,223,0.8958454105524196,1.6709395014897598e-05,0.10174974543106155,0.0023881346215040332,25,10,0
43,224,0.8960049487493369,1.669193430943937e-05,0.10159537341755107,0.00238298589880265,25,10,0
43,225,0.9282961815564669,1.6182680695011047e-05,0.06930706796804346,0.0023805677947936195,25,10,0
43,226,0.927022605808031,1.6201232797228996e-05,0.07052464686251572,0.0024365460966550355,25,10,0
43,227,0.9273707422827574,1.6201761426146058e-05,0.07018179383844632,0.002431262117369144,25,10,0
43,228,0.9273921181501517,1.6201314753419047e-05,0.07016049015359316,0.0024311903815008823,25,10,0
43,229,0.9147509573678657,1.6192520449216598e-05,0.08278121115438614,0.0024516389572980845,25,10,0
43,230,0.9149154822967505,1.619223972120844e-05,0.08261805537038647,0.002450270093140993,25,10,0
43,231,0.9103591410831875,1.620293128451225e-05,0.08717435645326246,0.0024502995322658104,25,10,0
43,232,0.9152090225556863,1.619877659523863e-05,0.08232538400976937,0.0024493946579484723,25,10,0
43,233,0.9191560209226681,1.6193473669701964e-05,0.07837700833829021,0.0024507772653713745,25,10,0
43,234,0.9192181261814504,1.619338049996126e-05,0.0783160034942999,0.002449676943749253,25,10,0
43,235,0.9123316187428518,1.619774189226861e-05,0.08520250740595188,0.002449676109304228,25,10,0
43,236,0.9161631878795992,1.6193397312980424e-05,0.08137217188995337,0.002448446833133736,25,10,0
43,237,0.9227492981470364,1.6189019376719925e-05,0.07478345341344118,0.002451059420145011,25,10,0
43,238,0.9126870148797037,1.5329501596250746e-05,0.08481461421173946,0.002483041406960488,25,10,0
43,239,0.915834178572287,1.5089277329426894e-05,0.0817017419163304,0.002448990234052791,25,10,0
43,240,0.9158372441803921,1.5089280669458031e-05,0.08169867628199638,0.002448990256941786,25,10,0
43,241,0.9175367353771593,1.5071647226258269e-05,0.0800046265602487,0.002443566415365431,25,10,0
43,242,0.9236553317929151,1.5067212520083557e-05,0.07388605636216773,0.0024435446323967003,25,10,0
43,243,0.9296042204711451,1.5066924172225099e-05,0.06800202163668863,0.0023786909679940006,25,10,0
43,244,0.9342883276293612,1.5060058725008056e-05,0.06331884138508784,0.0023777709268256657,25,10,0
43,245,0.9306913531940664,1.5456444178372542e-05,0.0669147267461467,0.0023784636156084123,25,10,0
43,246,0.9283475098549998,1.5067336672758826e-05,0.06925972739509963,0.0023776954132275698,25,10,0
43,247,0.9286797476951388,1.5054598752999694e-05,0.06896863296530185,0.002336564740806423,25,10,0
43,248,0.9285768148594313,1.5061227602894677e-05,0.06907152691108052,0.0023365970018851797,25,10,0
43,249,0.928252313175099,1.506198056250144e-05,0.06939592907407861,0.002336695770259829,25,10,0
43,250,0.8928033373311918,1.506215896556093e-05,0.10484475757892273,0.0023368429309195806,25,10,0
43,251,0.9030801648714594,1.5051496211197952e-05,0.09456809602799385,0.0023366876043358084,25,10,0
43,252,0.9153554125690034,1.491449109014756e-05,0.08232766011845247,0.0023020128214541295,25,10,0
43,253,0.9154706864826546,1.491449389281182e-05,0.08221238624724339,0.002302012776209262,25,10,0
43,254,0.9156999853015667,1.4914480049176378e-05,0.08198308687294174,0.0023020133454422892,25,10,0
43,255,0.9160627867178188,1.491422411198587e-05,0.08162034958461169,0.0023019494734577333,25,10,0
43,256,0.9155915559852913,1.4913507072927043e-05,0.08209158474901851,0.002301945758617206,25,10,0
43,257,0.9096824592451115,1.4913493052463225e-05,0.08800070761994365,0.0023019196418924285,25,10,0
43,258,0.9095839543670583,1.4913147828964706e-05,0.0880993488275832,0.002301783657530089,25,10,0
43,259,0.8990460780399477,1.5332975794284857e-05,0.09863579327832218,0.0023027957059359346,25,10,0
43,260,0.9091530778150253,1.5002963450990826e-05,0.08852931562551798,0.0023026035960061557,25,10,0
43,261,0.9055975538902732,1.5152805882285099e-05,0.09208337073929988,0.0023039225645450105,25,10,0
43,262,0.9094389533109256,1.5083231082834645e-05,0.08825994311626265,0.0022860203417290675,25,10,0
43,263,0.9095659716392847,1.5083236299721736e-05,0.08813292426387254,0.0022860208605434023,25,10,0
43,264,0.9135885789089526,1.4933496133921255e-05,0.08411182559380931,0.0022846620011043777,25,10,0
43,265,0.913462384040253,1.4940195368029974e-05,0.08423801424330485,0.002284661521074107,25,10,0
43,266,0.9137124801988032,1.4940204778161444e-05,0.08398791672908723,0.002284662867331399,25,10,0
43,267,0.8846661768813598,1.2884487399738909e-06,0.11304774477286049,0.002284789897040368,25,10,0
43,268,0.8793035770665836,1.3019882921784716e-06,0.1184071765609467,0.0022879443841779612,25,10,0
43,269,0.8793059997139195,1.3019960047701153e-06,0.11840475509607257,0.002287943194003476,25,10,0
43,270,0.876543434186212,1.3052598344014746e-06,0.12116728498762779,0.0022879755663261577,25,10,0
43,271,0.8754289536148997,1.3025744225303064e-06,0.1222697403916506,0.002300003419027653,25,10,0
43,272,0.8680998272523824,1.5716610283849885e-06,0.1295958610314949,0.002302740055094411,25,10,0
43,273,0.8680274109582511,1.5739543612371879e-06,0.1296682547477806,0.0023027603396071072,25,10,0
43,274,0.8730840014024674,1.5605745463858342e-06,0.12461486000977691,0.0022995780132093447,25,10,0
43,275,0.8986157446311037,1.5692680123829154e-06,0.09908326711187143,0.002299418989013053,25,10,0
43,276,0.9053065612637694,1.56129564704346e-06,0.09239247611062844,0.0022994013299557064,25,10,0
43,277,0.9044595391000578,1.6995411360659177e-06,0.0932373977938827,0.0023013635649239885,25,10,0
43,278,0.9059052032471384,1.6974188871237577e-06,0.09180507912209918,0.0022880202118758537,25,10,0
43,279,0.9060734390469883,1.6974273710382928e-06,0.09163943183597567,0.0022854316896652863,25,10,0
43,280,0.9062074587945567,1.6907298722311128e-06,0.09150541809940455,0.002285432376166678,25,10,0
43,281,0.872907473478415,1.7320716325059854e-06,0.12479386122186019,0.0022969332280920506,25,10,0
43,282,0.8728933965700615,1.7320694540063695e-06,0.12480788871712745,0.0022969826433567294,25,10,0
43,283,0.8729239229550377,1.731687864820039e-06,0.12477750821727324,0.0022968371398241223,25,10,0
43,284,0.8864854525972974,1.721949080090579e-06,0.11129238254055532,0.0022204429130674753,25,10,0
43,285,0.886347494369349,1.7221245228499247e-06,0.11143031656336183,0.0022204669427666715,25,10,0
43,286,0.8866403828533995,1.7217761962021826e-06,0.11113742919202053,0.0022204661783839326,25,10,0
43,287,0.8891256277114735,1.7186073197514058e-06,0.1086522197913002,0.002220433889906601,25,10,0
43,288,0.8859804698592904,1.7231947599974762e-06,0.11179736002062247,0.0022204469253275243,25,10,0
43,289,0.8859795417709124,1.723198251032997e-06,0.11179828641441442,0.002220448616422253,25,10,0
43,290,0.8900881557539531,1.7240378616060668e-06,0.10768949152418482,0.002220628684000692,25,10,0
43,291,0.8536180899643013,1.7483251430128316e-06,0.1441595521072169,0.002220609603338779,25,10,0
43,292,0.8538773052277048,1.748243209763225e-06,0.14390033442845931,0.002220612100626058,25,10,0
43,293,0.8537435602468801,1.7482383105452373e-06,0.14403408028816525,0.0022206112266441812,25,10,0
43,294,0.846710448818689,1.5035741090961014e-05,0.15105280490515927,0.0022217105350610463,25,10,0
43,295,0.8465648630071878,1.5035726568521767e-05,0.1511969721488431,0.002223129117400824,25,10,0
43,296,0.8427225919096749,1.5035727874208977e-05,0.15503929161372576,0.0022230807487253613,25,10,0
43,297,0.8719208064332933,1.5252527742955137e-05,0.12583855643761743,0.0022253846013469735,25,10,0
43,298,0.8638411333226427,1.4962451866465212e-05,0.13391815343550156,0.0022257507899901344,25,10,0
43,299,0.8655997457767073,1.4961590239667696e-05,0.13215974624178986,0.0022255463912640113,25,10,0
43,300,0.8564053137713934,1.5127934100163307e-05,0.14131509632384137,0.0022644619706656214,25,10,0
43,301,0.8489005466549933,1.5364338245156792e-05,0.14881850521097056,0.002265583795791743,25,10,0
43,302,0.8581677583762137,1.4696239792585964e-05,0.13943073446757062,0.0023868109164232832,25,10,0
43,303,0.8555906052507999,1.468802102567377e-05,0.14165478608449145,0.0027399206436833573,25,10,0
43,304,0.8567032790417248,1.4685268889763122e-05,0.14274437785104951,0.0005376578383357228,25,10,0
43,305,0.8597969469892134,1.4678572640993805e-05,0.13965074913792663,0.0005376253002190113,25,10,0
43,306,0.8598396577268427,1.4607018295564764e-05,0.13960884305010482,0.0005368922047564342,25,10,0
43,307,0.8598216042068065,1.4607388336526988e-05,0.13962689336117667,0.0005368950436797302,25,10,0
43,308,0.8605499051400313,1.4622068881093163e-05,0.13924746127537307,0.00018801151571428253,25,10,0
43,309,0.8605667678957996,1.462206885327156e-05,0.13923059853561984,0.00018801149972687314,25,10,0
43,310,0.8607200420092752,1.4622072646621484e-05,0.13907874454788632,0.0001865913701914075,25,10,0
43,311,0.8606145670325112,1.4622063491173781e-05,0.13918422057228397,0.00018659033171335412,25,10,0
43,312,0.8770162658471464,1.4625491683594575e-05,0.12278568492528845,0.0001834237358815234,25,10,0
43,313,0.874143864261657,1.480261640892981e-05,0.1256613699683168,0.00017996315361725108,25,10,0
43,314,0.8739943138603199,1.4802518834438592e-05,0.12581092306408556,0.00017996055676020966,25,10,0
43,315,0.8830664313116224,1.4641094009850227e-05,0.11677788270498261,0.00014104488938515873,25,10,0
43,316,0.8687629140598386,1.5611897915761675e-05,0.1310780056897588,0.00014346835248666445,25,10,0
43,317,0.8627291603820647,1.5627880086367123e-05,0.13711170467684114,0.00014350706100722655,25,10,0
43,318,0.8627388799397235,1.5627771614865577e-05,0.137102011816569,0.00014348047209241475,25,10,0
43,319,0.8626373106202802,1.5628803665075833e-05,0.1372036651808851,0.0001433953951694237,25,10,0
43,320,0.88920471991598,1.559876966725599e-05,0.11064665345664532,0.00013302785770723664,25,10,0
43,321,0.8962959060187851,1.559144170487526e-05,0.10355661067205871,0.00013189186745104988,25,10,0
43,322,0.8932094385510642,1.559107875691552e-05,0.10664191398421233,0.00013305638596647712,25,10,0
43,323,0.8963801387483886,1.5590957715806106e-05,0.1034724740633974,0.00013179623049805228,25,10,0
43,324,0.8931873350676751,1.5590998852286095e-05,0.10666460386052135,0.00013247007295062653,25,10,0
43,325,0.8873772452629869,1.576093236988899e-05,0.11245270410604696,0.000154289698595651,25,10,0
43,326,0.8595091115735617,1.8022882048490716e-05,0.14031860998685752,0.0001542555575319788,25,10,0
43,327,0.8579222062479671,1.7841920694039868e-05,0.14190598265643106,0.0001539691749075387,25,10,0
43,328,0.8564410649165022,1.786011178416243e-05,0.14338681767498693,0.00015425729672667105,25,10,0
43,329,0.8556852498787229,1.787086075608763e-05,0.1441424494852394,0.0001544297752816404,25,10,0
43,330,0.8546774413050526,1.7935346074716905e-05,0.14514542015439194,0.00015920319448007727,25,10,0
43,331,0.8548434421541949,1.793442133584077e-05,0.1449796791324639,0.00015894429200475152,25,10,0
43,332,0.8445888118893403,2.946003859139634e-05,0.15519522126704127,0.00018650680502709668,25,10,0
43,333,0.8443970301826371,2.9460034752729265e-05,0.15538697892609757,0.00018653085651275917,25,10,0
43,334,0.8518376702075195,2.9223481362897382e-05,0.14794771153365494,0.00018539477746279197,25,10,0
43,335,0.8582297516311703,2.921062159927898e-05,0.14155624010241424,0.0001847976448157761,25,10,0
43,336,0.8583559451188649,2.9210628596162792e-05,0.14143004606299792,0.000184798189540855,25,10,0
43,337,0.8616994687477273,2.9210228853915588e-05,0.13808719916008522,0.00018412186333351365,25,10,0
43,338,0.8887874818406352,2.694058511259667e-05,0.1110014575903697,0.00018411998388229812,25,10,0
43,339,0.8807764558986648,2.69434341180745e-05,0.11892951541900518,0.00026708524821177505,25,10,0
43,340,0.879403290696633,2.694104881942863e-05,0.12030259406409055,0.0002671741904567891,25,10,0
43,341,0.8852504807889701,2.677124704332038e-05,0.11447733281631745,0.00024541514766905214,25,10,0
43,342,0.8807985770802051,2.6771234701768652e-05,0.1189292371071943,0.00024541457789872416,25,10,0
43,343,0.8792988477751672,3.627929360354092e-05,0.12049988672639649,0.00016498620483262669,25,10,0
43,344,0.8740136708160535,3.628328816603779e-05,0.1257840642503459,0.0001659816454343013,25,10,0
43,345,0.8750323108487115,3.62674664247317e-05,0.12476561359421451,0.0001658080906491368,25,10,0
43,346,0.8755095112106572,3.6267639568860055e-05,0.12428828627257969,0.00016593487719435758,25,10,0
43,347,0.8809050684815729,3.626454425391065e-05,0.11889365320426115,0.00016501376991187453,25,10,0
43,348,0.8808498757282832,3.626524111698458e-05,0.11894866010713598,0.00016519892346364198,25,10,0
43,349,0.8750669101994184,3.641393313961739e-05,0.12472887292689128,0.00016780294055077942,25,10,0
43,350,0.8868079489156625,3.641560674631562e-05,0.11296444276352327,0.00019119271406776268,25,10,0
43,351,0.8906171591889485,3.608451448204948e-05,0.10915492902291433,0.00019182727365524472,25,10,0
43,352,0.8859505063403499,3.6089166426589794e-05,0.11001247772051168,0.004000926772712058,25,10,0
43,353,0.8904804030524267,3.609495887153046e-05,0.10548255488686151,0.004000947101840405,25,10,0
43,354,0.8942515640857978,3.6095152659962016e-05,0.10171129958245437,0.004001041179087905,25,10,0
43,355,0.8944551378172036,3.6095022153210594e-05,0.10150778788125166,0.004000979279391562,25,10,0
43,356,0.8944427968790493,3.6095103799517876e-05,0.1015201041571914,0.004001003859959806,25,10,0
43,357,0.8945208900620929,3.6094914381251946e-05,0.10144203281434885,0.004000982209176965,25,10,0
43,358,0.9183996335298796,3.564044421702222e-05,0.07768356840295078,0.0038811576229528105,25,10,0
43,359,0.9224177819621002,3.563362867454531e-05,0.07366455978992939,0.003882024619296415,25,10,0
43,360,0.9252191883071312,3.5632404266825636e-05,0.07086312595793058,0.0038820533306718826,25,10,0
43,361,0.9255642719725209,3.563263024547444e-05,0.07051806478202498,0.00388203061520896,25,10,0
43,362,0.9255811013393647,3.563261748798186e-05,0.07050123557825763,0.0038820304648900105,25,10,0
43,363,0.9245613232247006,3.56328230718448e-05,0.07152100963192112,0.003882034320306862,25,10,0
43,364,0.9194745623365099,3.563270804608368e-05,0.0766077111418429,0.003882093813601632,25,10,0
43,365,0.918691277117744,3.585953324176422e-05,0.07738990630904405,0.0038829570399707717,25,10,0
43,366,0.9291021135786146,3.572686693518017e-05,0.06698048548251032,0.003881674071940423,25,10,0
43,367,0.9269636130060167,3.5726174484789095e-05,0.06911908340789759,0.0038815774116013734,25,10,0
43,368,0.9222288811143753,3.57698509813759e-05,0.07385376375382165,0.0038815852808221935,25,10,0
43,369,0.9290594329622637,2.2701823525794868e-05,0.06703727911043854,0.003880586103772531,25,10,0
43,370,0.9111368037634405,2.2743241256811504e-05,0.08494808931842211,0.0038923636768813568,25,10,0
43,371,0.9126476852806219,2.274256003564883e-05,0.08343727584259099,0.003892296316752292,25,10,0
43,372,0.9244151317298295,1.1198961718687956e-05,0.07170920384507223,0.0038644654633799313,25,10,0
43,373,0.9290269576399592,1.1161550639851748e-05,0.06710820770886124,0.0038536731005403145,25,10,0
43,374,0.9294803873211199,1.1161659053893587e-05,0.06665627402636953,0.0038521769934571548,25,10,0
43,375,0.930227905009101,1.1097546888860536e-05,0.06591358983868219,0.003847407605328258,25,10,0
43,376,0.9301938288714023,1.1097558403721641e-05,0.06594766286525569,0.0038474107049384747,25,10,0
43,377,0.9293624672575809,1.0890970706316039e-05,0.06677981584528099,0.003846825926432183,25,10,0
43,378,0.9171533269783575,1.129478137334568e-05,0.07898666831724262,0.003848709923026851,25,10,0
43,379,0.9171234230807209,1.1319223932106874e-05,0.07901642881907615,0.0038488288762710725,25,10,0
43,380,0.917012510458784,1.11024294468053e-05,0.07912762221165937,0.0038487649001103337,25,10,0
43,381,0.9172258780787956,1.1102305989142573e-05,0.07891426692982771,0.003848752685387605,25,10,0
43,382,0.9171976103335256,1.119938698072434e-05,0.07894251769134497,0.003848672588149007,25,10,0
43,383,0.9168232162869782,1.1199390384436776e-05,0.07931698491843545,0.0038485994042021976,25,10,0
43,384,0.9184664955075721,1.1314768266052615e-05,0.07767617318860937,0.003846016535552475,25,10,0
43,385,0.9184700420776258,1.1314768122492475e-05,0.07767262664236062,0.003846016511890975,25,10,0
43,386,0.9187647733881801,1.1317619787448479e-05,0.07733253302251614,0.0038913759695163785,25,10,0
43,387,0.9203664118319648,1.1297372901366175e-05,0.07573119203219966,0.0038910987629339334,25,10,0
43,388,0.9302867560724084,1.0657916628572129e-05,0.06581073182624571,0.00389185418471704,25,10,0
43,389,0.9298419639130665,1.0663717350065208e-05,0.06623279916500321,0.0039145732045800805,25,10,0
43,390,0.9301463678614826,1.0662156381314784e-05,0.0659505762815521,0.0038923937005839373,25,10,0
43,391,0.9339128052283135,1.0657847623102644e-05,0.0659932408303761,8.329609368704357e-05,25,10,0
43,392,0.9288210147114816,1.0648428447898987e-05,0.07108399092367197,8.434593639824435e-05,25,10,0
43,393,0.9417529437044289,1.0640173152406474e-05,0.05815298845599715,8.342766642169405e-05,25,10,0
43,394,0.9416274488215163,1.065375882269526e-05,0.05827832207320492,8.357534645626656e-05,25,10,0
43,395,0.9412257399591297,1.0670387519822414e-05,0.05867983766810905,8.37519852415307e-05,25,10,0
43,396,0.9531922123644523,1.0266918978133406e-05,0.04671566640232021,8.185431424965294e-05,25,10,0
43,397,0.9532573402851073,1.0267284730046097e-05,0.04665048964288715,8.19027872756567e-05,25,10,0
43,398,0.9445898435512927,1.0829148059138803e-05,0.05533736457008822,6.196273056022928e-05,25,10,0
43,399,0.9442376176411748,1.0829657538672175e-05,0.05568948605081535,6.206665047171234e-05,25,10,0
43,400,0.9390634431783615,1.0821601996977065e-05,0.06086162106025146,6.411415939026194e-05,25,10,0
43,401,0.9351168994590204,1.7947314051771536e-05,0.0647669125106107,9.824071631726586e-05,25,10,0
43,402,0.9282397155865277,1.8286258597751832e-05,0.07159634399612441,0.00014565415874978176,25,10,0
43,403,0.9022909412574515,2.004119303178997e-05,0.09752511903079843,0.00016389851871812352,25,10,0
43,404,0.9033188341164078,2.00432482914098e-05,0.096497320012183,0.00016380262311780437,25,10,0
43,405,0.8870956394352748,2.004100088658895e-05,0.11272054973352003,0.0001637698303187396,25,10,0
43,406,0.9003713932895775,1.8028252400731745e-05,0.09946502995286952,0.00014554850515240402,25,10,0
43,407,0.8943662029114384,1.802821884004142e-05,0.10547023625441844,0.00014553261530338856,25,10,0
43,408,0.9111761730160004,1.80221464104242e-05,0.08866031594664463,0.000145488890944683,25,10,0
43,409,0.9133403598864454,1.8022146543835983e-05,0.08649486986782919,0.0001467480991817224,25,10,0
43,410,0.9185630933541193,1.8310907075140432e-05,0.08127293995989798,0.00014565577890739284,25,10,0
43,411,0.8951628933167668,1.8071187568942302e-05,0.10467537220855759,0.00014366328710661074,25,10,0
43,412,0.8946417758644598,1.81402152264917e-05,0.10519560162746153,0.0001444822928517041,25,10,0
43,413,0.8936405820256975,1.8140928149696303e-05,0.10619669953196509,0.00014457751418701375,25,10,0
43,414,0.8944837241975905,1.8140405040093973e-05,0.10535737173186986,0.00014076366549852442,25,10,0
43,415,0.8893299656965498,1.8151539122808973e-05,0.11051033402118636,0.00014154874314008654,25,10,0
43,416,0.8928407435156173,1.1001377868610578e-05,0.10704095367551913,0.00010730143099437664,25,10,0
43,417,0.8922470949904097,1.1001004875491278e-05,0.10729719331386928,0.00044471069084507127,25,10,0
43,418,0.901530038279416,1.4900946058650141e-06,0.09802629867222704,0.0004421729537507251,25,10,0
43,419,0.9003742610361385,1.4247595745341208e-06,0.09922887620641324,0.0003954379978731797,25,10,0
43,420,0.8965848327097897,4.989767919728742e-06,0.1030145221089298,0.00039565541336017396,25,10,0
43,421,0.8975626658788914,4.98906310336386e-06,0.10203678695756181,0.0003955581004428422,25,10,0
43,422,0.8996512053786978,4.989248561694605e-06,0.09994696576055632,0.00039683961218377867,25,10,0
43,423,0.8796661303873766,4.8083380473100876e-06,0.11990388450978649,0.00042517676478943126,25,10,0
43,424,0.8798099145642557,4.807951250853942e-06,0.11976013905396571,0.0004251384305274684,25,10,0
43,425,0.8800091848900677,4.8228657373555714e-06,0.11956092844660633,0.0004250637975881637,25,10,0
43,426,0.8958486337092454,4.824066323352725e-06,0.10372130517483692,0.0004252370495937849,25,10,0
43,427,0.8923693509361138,4.666083273759547e-06,0.10720157672457593,0.000424406256035991,25,10,0
43,428,0.8840781885592426,4.665199595683979e-06,0.11549280387752954,0.0004243423636320833,25,10,0
43,429,0.887857095579242,4.665027677756436e-06,0.11171516015049977,0.00042307924258024846,25,10,0
43,430,0.8883487754205235,4.66466751875978e-06,0.11122348325228641,0.00042307665967109237,25,10,0
43,431,0.8883038949300441,4.664755151866677e-06,0.11126829068809696,0.0004231496267068323,25,10,0
43,432,0.8883305425435766,4.664754930575658e-06,0.11124164309583563,0.0004231496056569374,25,10,0
43,433,0.8906871190290019,4.597306396113567e-06,0.10888586152715965,0.0004224221374420528,25,10,0
43,434,0.882792568249403,4.97311386720449e-06,0.11677919073130619,0.00042326790542234545,25,10,0
43,435,0.8913721143702233,4.972943250164179e-06,0.10819897001536048,0.000423942671165691,25,10,0
43,436,0.8967736564824663,4.7685099760998295e-06,0.10279768243316219,0.00042389257439468176,25,10,0
43,437,0.8970012675517381,4.768139727153088e-06,0.10257085875136344,0.0004231055571705835,25,10,0
43,438,0.8977859157909209,4.752882766049061e-06,0.10178627518347398,0.00042305614283837714,25,10,0
43,439,0.9019947810579575,4.690561916303962e-06,0.09757735912325094,0.00042316925687460973,25,10,0
43,440,0.902611026768586,4.690008832276593e-06,0.09696123171483924,0.00042305150774181856,25,10,0
43,441,0.9023685720758272,4.689999217158352e-06,0.09720368659529395,0.0004230513296609884,25,10,0
43,442,0.921949784369183,4.582767425717268e-06,0.0776507631603273,0.0003948697030640333,25,10,0
43,443,0.89157267618722,4.6182835645968325e-06,0.10803006071942522,0.00039264480978894574,25,10,0
43,444,0.8915695132839845,4.618467622425445e-06,0.10803317359937611,0.00039269464901565477,25,10,0
43,445,0.8929810162876441,4.807038237743065e-06,0.10661525899272623,0.00039891768139142233,25,10,0
43,446,0.8929916041772502,4.826121257918097e-06,0.10660465195978698,0.0003989177417043013,25,10,0
43,447,0.8839052333157247,2.380154284944287e-05,0.11557902923788639,0.0004919359035384934,25,10,0
43,448,0.8840406921535187,2.3786224398936714e-05,0.1154436130009159,0.0004919086211656177,25,10,0
43,449,0.8843218986985046,2.3786137290037383e-05,0.11516247952198869,0.0004918356422158162,25,10,0
43,450,0.8553514087910071,2.3910360542462022e-05,0.14410066223518161,0.0005240186132684692,25,10,0
43,451,0.861440384361455,2.379456393573517e-05,0.13804169676429656,0.0004941243103127254,25,10,0
43,452,0.8615950351522315,2.378903147829483e-05,0.13788706718223034,0.0004941086340596119,25,10,0
43,453,0.8624989273575738,2.3788346309143664e-05,0.13698335790703597,0.0004939263890805718,25,10,0
43,454,0.8714445583197563,4.813076528525784e-06,0.1281496945681386,0.00040093403557587973,25,10,0
43,455,0.8672485671556683,4.81612725535791e-06,0.13234447403130575,0.0004021426857701306,25,10,0
43,456,0.860095956680771,0.0002926983912948239,0.139208726872772,0.0004026180551617746,25,10,0
43,457,0.8600725836129288,0.00029269860257238905,0.13923207452794048,0.0004026432565577759,25,10,0
43,458,0.8845431263638672,0.00030368615225751216,0.11474958983828028,0.00040359764559496774,25,10,0
43,459,0.8845583777803776,0.0003036860468013475,0.11473434053085502,0.0004035956419658367,25,10,0
43,460,0.8873846130026256,0.0003001373556721858,0.11185123295639787,0.00046401668530422947,25,10,0
43,461,0.8758627067847619,0.0011575223541208577,0.12251501220046485,0.0004647586606521772,25,10,0
43,462,0.8764832478411684,0.0011575071545902793,0.12189515449998707,0.0004640905042541096,25,10,0
43,463,0.8766079464555006,0.00115750670145478,0.12177050401500665,0.0004640428280380389,25,10,0
43,464,0.8742610898762523,0.0011569518209420594,0.12412044727073016,0.0004615110320752868,25,10,0
43,465,0.8814954754434523,0.001156576728434669,0.11688218608413647,0.00046576174397640465,25,10,0
43,466,0.873115879229298,0.0011567080847411154,0.12426827454657455,0.001459138139386428,25,10,0
43,467,0.8731443406719559,0.0011567080846932854,0.1242398127634747,0.0014591384798762477,25,10,0
43,468,0.8642667207013615,0.0011567112200973621,0.13306996715014607,0.001506600928395325,25,10,0
43,469,0.8765787595073514,0.001145679236273521,0.12076991387793137,0.0015056473784438426,25,10,0
43,470,0.8763225282569574,0.0011456792850194275,0.12102623861857895,0.0015055538394441322,25,10,0
43,471,0.8762053570486985,0.0011456790054543303,0.12114338953877483,0.0015055744070721344,25,10,0
43,472,0.870270456325756,0.0011456835274036804,0.127078096435882,0.0015057637109585035,25,10,0
43,473,0.8706611619154533,0.0011456775838413309,0.126685143350884,0.0015080171498211233,25,10,0
43,474,0.870915042464897,0.001145677266096484,0.1264324850664803,0.0015067952025259463,25,10,0
43,475,0.8708393377040102,0.0011456772818034784,0.12650813932043467,0.0015068456937515184,25,10,0
43,476,0.8745393948911022,0.0011456751474034626,0.12281033995487331,0.0015045900066207386,25,10,0
43,477,0.8770824563759263,0.0011456637284644638,0.12031892387462939,0.0014529560209800266,25,10,0
43,478,0.8854448632635618,0.0011456606028628663,0.11200398030590616,0.0014054958276696922,25,10,0
43,479,0.890386088090267,0.00114564918873612,0.10706356733270458,0.0014046953882930052,25,10,0
43,480,0.8910606200939876,0.0011456484655319994,0.10639413257338769,0.0013995988670937988,25,10,0
43,481,0.8700138417265711,0.001145656382287943,0.12092827516004961,0.007912226731091616,25,10,0
43,482,0.8405081885518267,0.0008582737832362429,0.15058598605259965,0.008047551612337186,25,10,0
43,483,0.8404376921943679,0.0008582738201050489,0.15065648362105308,0.008047550364473485,25,10,0
43,484,0.8446354182984943,0.0008582729845782503,0.14645937412829788,0.008046934588629222,25,10,0
43,485,0.8811702969236745,0.0008577737467388662,0.11006079228046305,0.007911137049123945,25,10,0
43,486,0.8808243306314611,0.0008577744897589121,0.11040560508621419,0.007912289792566255,25,10,0
43,487,0.8809476395889645,0.0008577738817997793,0.11028229996780864,0.007912286561427574,25,10,0
43,488,0.8921136630833437,0.0008577810280175166,0.09911651471677553,0.007912041171863697,25,10,0
43,489,0.892309919855106,0.0008577609865833906,0.09892027474118889,0.007912044417122238,25,10,0
43,490,0.8928053032716251,0.0008577411357342821,0.09842500439411099,0.007911951198529993,25,10,0
43,491,0.8909358787414451,0.0008577416030889354,0.10028436754055108,0.007922012114915366,25,10,0
43,492,0.9181425616005248,0.0008577511533051401,0.07341536135548955,0.007584325890680893,25,10,0
43,493,0.9172616121215239,0.0008577778907016256,0.07429403650279638,0.007586573484978524,25,10,0
43,494,0.9169681200998329,0.0008577779165523247,0.07458743721534458,0.007586664768270606,25,10,0
43,495,0.9219327391220292,0.0008576572977793921,0.07061510909842267,0.0065944944817691595,25,10,0
43,496,0.9226984132727878,0.0008576568475037516,0.06984954755050149,0.006594382329207386,25,10,0
43,497,0.9116108401479629,0.0008574864594160578,0.08083982879955974,0.006691844593061785,25,10,0
43,498,0.9078739938451039,0.0008574866962689802,0.0845766745754094,0.006691844883218045,25,10,0
43,499,0.9062486313645186,0.0008575250310925164,0.0861969227771392,0.006696920827250118,25,10,0
43,500,0.8951388461945843,0.0008683456419174131,0.0972980892730677,0.006694718890431099,25,10,0
43,501,0.8953177608589152,0.0008683570632964948,0.09711810858628579,0.006695773491502881,25,10,0
43,502,0.9041126483971544,0.0008683550876047656,0.09483502391681421,0.0001839725984268411,25,10,0
43,503,0.9059560166915752,0.0008683546277287457,0.0930017151811909,0.000173913499505413,25,10,0
43,504,0.8732792277769356,0.0008683508134035068,0.12567869537058832,0.00017372603907292504,25,10,0
43,505,0.8715324567731701,0.0008683395341293826,0.12742652059250364,0.00017268310019718063,25,10,0
43,506,0.8836592749680698,0.0008683335934837452,0.11530053531020217,0.0001718561282443503,25,10,0
43,507,0.8827061900277422,0.0008683335959450867,0.11625357630801376,0.00017190006829917803,25,10,0
43,508,0.8515040042710079,0.0008683238382023875,0.14745672086629835,0.00017095102449183943,25,10,0
43,509,0.851330658324478,0.0008683239982019837,0.147630117619846,0.00017090005747446446,25,10,0
43,510,0.8799786538770086,0.0008683235639428456,0.11898004918592646,0.0001729733731226821,25,10,0
43,511,0.8488171112260835,0.0008706156425890086,0.15009744526183874,0.0002148278694895376,25,10,0
43,512,0.8481713666340301,0.000870634410899767,0.15074065333365938,0.00021734562141137635,25,10,0
43,513,0.8432306573862104,0.0008706171974577054,0.15574211530597518,0.00015661011035729845,25,10,0
43,514,0.8432348303366564,0.0008706175698436666,0.15573798634355573,0.00015656574994468846,25,10,0
43,515,0.8324092705757263,0.0008710688933471335,0.16666138880374784,5.827172717825516e-05,25,10,0
43,516,0.8320229547485835,0.000871068372642037,0.16704766094173334,5.831593704067279e-05,25,10,0
43,517,0.8217879147685813,0.0008802277822744452,0.17478562728829175,0.0025462301608514615,25,10,0
43,518,0.8214169955025657,0.0008802279514422239,0.17515654634579164,0.0025462302001991945,25,10,0
43,519,0.8215489885439804,0.0008802277793288002,0.1750245048653559,0.002546278811333594,25,10,0
43,520,0.8262642772528987,0.0008802276883657313,0.17031154194789658,0.002543953110838035,25,10,0
43,521,0.8216716885637909,0.0008802312069897307,0.174904160284707,0.0025439199445108627,25,10,0
43,522,0.8215051690714554,0.0008805105082876015,0.17507040004687732,0.0025439203733784647,25,10,0
43,523,0.7821954620577196,0.0008806720462126368,0.20942276742315197,0.007501098472916015,25,10,0
43,524,0.7786330991506466,0.0008804016631709451,0.21291838258418655,0.007568116601996261,25,10,0
43,525,0.7892579963610034,0.0008712419936440939,0.20479183741176843,0.0050789242335844784,25,10,0
43,526,0.791176537789054,0.0008743904754389097,0.20293661516336023,0.005012456572147391,25,10,0
43,527,0.7908340268882257,0.0008744122252661781,0.20328170635260295,0.005009854533905435,25,10,0
43,528,0.7841423313414743,0.0008744163022591713,0.209973315826423,0.005009936529843786,25,10,0
43,529,0.7843540129756343,0.0008744168844000062,0.20976162519812738,0.005009944941838453,25,10,0
43,530,0.7887532947719273,0.0008744136871408673,0.20536236097093521,0.005009930569996769,25,10,0
43,531,0.7886787368259967,0.0008744323382386799,0.20543689793920042,0.005009932896564468,25,10,0
43,532,0.7888071530588284,0.0008744321519936292,0.20530848192454282,0.005009932864635218,25,10,0
43,533,0.788129924527872,0.0008747041397994241,0.20598536771156076,0.00501000362076778,25,10,0
43,534,0.7947951380677736,0.000874700160006294,0.19932021401169628,0.0050099477605236266,25,10,0
43,535,0.7968768616077893,0.0008747000098324495,0.19723850451835354,0.005009933864024704,25,10,0
43,536,0.7984289838977651,0.0008715430239630513,0.19568999515789895,0.00500947792037289,25,10,0
43,537,0.7987584306297935,0.0008715497243794695,0.19535883127167863,0.005011188374148321,25,10,0
43,538,0.8218309013280242,0.0008715618719941725,0.1722884942001797,0.00500904259980246,25,10,0
43,539,0.8276949709618493,0.0008715669166597599,0.16642441872724598,0.005009043394244478,25,10,0
43,540,0.8275316664460649,0.0008715766270216543,0.1665863953251831,0.005010361601729862,25,10,0
43,541,0.8275920199313512,0.0008715765071984057,0.1665260490171278,0.005010354544322053,25,10,0
43,542,0.7912604757597521,0.0008715768407920361,0.2028574647217959,0.005010482677660988,25,10,0
43,543,0.7915918480966119,0.0008713051264532408,0.2025264084252927,0.005010438351643001,25,10,0
43,544,0.7908421507037912,0.0008713010949339441,0.20327594717591344,0.005010601025362362,25,10,0
43,545,0.79060740026292,0.0008713011855431984,0.2035106252877313,0.00501067326380648,25,10,0
43,546,0.7596955493660674,0.0009168892872726027,0.23437402487355388,0.005013536473106964,25,10,0
43,547,0.7577508198432565,0.0009145869053336304,0.23636253360430243,0.004972059647108513,25,10,0
43,548,0.7589020652340156,0.0009145485770774192,0.23521640161134655,0.00496698457756123,25,10,0
43,549,0.7582947984501321,0.0009145456183532596,0.23582372393816542,0.0049669319933497895,25,10,0
43,550,0.796053510727459,0.0009145452855794056,0.19806491515910252,0.004967028827859776,25,10,0
43,551,0.8316692399268419,0.0009145453090694918,0.1622949946029958,0.005121220161092061,25,10,0
43,552,0.8321400998945566,0.0009145449635321112,0.16182423033414392,0.005121124807766528,25,10,0
43,553,0.8430740749782585,5.717614268542869e-05,0.1517483438856751,0.005120404993380374,25,10,0
43,554,0.8426783084540701,5.7176946806340465e-05,0.15214462488649022,0.005119889712633036,25,10,0
43,555,0.8338054182749461,5.719043933840468e-05,0.1499838727935584,0.016153518492156647,25,10,0
43,556,0.83387901142372,5.7190402669388494e-05,0.1499102792494849,0.01615351892412559,25,10,0
43,557,0.8329079926986901,5.720880575248102e-05,0.15088119164942326,0.01615360684613413,25,10,0
43,558,0.8331178403928524,5.719915424529811e-05,0.15067122350708184,0.016153736945820486,25,10,0
43,559,0.8097943613375189,5.764972411921336e-05,0.1738763175383147,0.01627167140004733,25,10,0
43,560,0.8406873355524176,1.2060973366584922e-05,0.14303292370241225,0.016267679771803226,25,10,0
43,561,0.81305352117556,1.2133981684485237e-05,0.1706626336661239,0.016271711176631513,25,10,0
43,562,0.8085391306810432,1.2219704806450798e-05,0.17393342044652865,0.017515229167621903,25,10,0
43,563,0.8205180113984645,1.372598960578985e-06,0.16196415940599643,0.017516456596578633,25,10,0
43,564,0.8364284416678607,1.3464340308573747e-06,0.14605896587195116,0.017511246026157522,25,10,0
43,565,0.8364302205397884,1.346424592007873e-06,0.14605718786828423,0.017511245167335612,25,10,0
43,566,0.8308327186493014,1.350391046983791e-06,0.15174386203604026,0.017422068923611506,25,10,0
43,567,0.8251788941774946,1.3632551435804123e-06,0.15739427726630872,0.017425465301053236,25,10,0
43,568,0.8108820152162574,1.947782520907757e-06,0.17168756634237795,0.01742847065884405,25,10,0
43,569,0.8110870368353339,1.955028116076964e-06,0.17147929905109835,0.017431709085451816,25,10,0
43,570,0.8114111748338648,1.9547593073736993e-06,0.1711551885953236,0.017431681811504188,25,10,0
43,571,0.8163153075709983,1.8686169751769728e-06,0.16749475620094334,0.01618806761108302,25,10,0
43,572,0.8168816808098698,1.853023754230377e-06,0.1669282690825835,0.016188197083792547,25,10,0
43,573,0.8354885868301998,1.748840648288585e-06,0.15316037880621247,0.011349285522939994,25,10,0
43,574,0.8354900595584001,1.7488402801859029e-06,0.1531589061103683,0.011349285490951974,25,10,0
43,575,0.7995029112071868,4.423511650588643e-06,0.1891386779714307,0.011353987309732574,25,10,0
43,576,0.7881206556560271,5.1413757243449915e-06,0.20052026546082705,0.011353937507422187,25,10,0
43,577,0.8033399760821258,4.516324319381845e-06,0.18530458833776278,0.011350919255792638,25,10,0
43,578,0.7810461144997634,4.5170996638245185e-06,0.20006267631631228,0.018886692084260998,25,10,0
43,579,0.7871829566063449,4.504228679360126e-06,0.1939292443946072,0.018883294770369045,25,10,0
43,580,0.7874084858005483,4.503359373865906e-06,0.19370389551328215,0.018883115326796242,25,10,0
43,581,0.8101512628036063,4.042184926348286e-06,0.17096163275629256,0.01888306225517512,25,10,0
43,582,0.8341051529059176,3.6121547693548637e-06,0.1471234473039029,0.01876778763541013,25,10,0
43,583,0.8531940189358928,3.617547903116916e-06,0.12803499012971628,0.018767373386487807,25,10,0
43,584,0.842798134399022,3.83536817818355e-06,0.13843191264205157,0.01876611759074806,25,10,0
43,585,0.8534500465230805,3.6173984529151096e-06,0.12778023424359936,0.018766101834867294,25,10,0
43,586,0.8543970929934633,3.6275833057801518e-06,0.1276363092079587,0.017962970215271927,25,10,0
43,587,0.8482590755521674,3.6404265080846253e-06,0.13377427401178,0.017963010009544245,25,10,0
43,588,0.8481240098086096,3.640610254559571e-06,0.13390933866334226,0.017963010917793183,25,10,0
43,589,0.8485540772798533,3.6408299829653567e-06,0.13347929616975113,0.017962985720412075,25,10,0
43,590,0.8484806217501965,3.64061563535689e-06,0.13355136023524763,0.017964377398920144,25,10,0
43,591,0.8479971674650284,3.82136096023772e-06,0.13403293452709727,0.017966076646913756,25,10,0
43,592,0.8478495579947259,3.826550725487634e-06,0.1341805132843109,0.017966102170237093,25,10,0
43,593,0.8475878188102545,3.832201316651338e-06,0.13444222160702185,0.01796612738140664,25,10,0
43,594,0.869583093163519,3.833106219413298e-06,0.11998231552494178,0.010430758205319333,25,10,0
43,595,0.8695213798457001,3.835386469880268e-06,0.12004419563167333,0.010430589136156309,25,10,0
43,596,0.8358074731078196,3.837422185537888e-06,0.15313189777469816,0.011056791695296782,25,10,0
43,597,0.8361666949364153,3.81617003429177e-06,0.15277536304594896,0.01105412584760146,25,10,0
43,598,0.8363053370929314,3.8114015161772396e-06,0.15263669977707525,0.011054151728477027,25,10,0
43,599,0.8543749074705527,3.8055980507923955e-06,0.13456711853733616,0.011054168394060086,25,10,0
43,600,0.884520257668437,1.3652277078908916e-06,0.10443064765768222,0.011047729446172352,25,10,0
43,601,0.8843652415182293,1.364910271963473e-06,0.10458566714494272,0.01104772642655559,25,10,0
43,602,0.8846694327966996,1.384307601470126e-06,0.10428139844119393,0.011047784454504737,25,10,0
43,603,0.8850903935695807,1.203566265295188e-06,0.10386231666744758,0.011046086196706202,25,10,0
43,604,0.8914392779650047,9.6305077083496e-07,0.09751368948287485,0.011046069501349443,25,10,0
43,605,0.8915276303742691,9.630417864870133e-07,0.09742533823747909,0.011046068346465094,25,10,0
43,606,0.8878812836505222,9.614529518819592e-07,0.09013557004275272,0.02198218485377297,25,10,0
43,607,0.8881895681427188,9.412795067497695e-07,0.08982747932654417,0.02198201125123007,25,10,0
43,608,0.8935605927910772,9.283712348810341e-07,0.08445641397974801,0.021982064857939774,25,10,0
43,609,0.8930235499816694,9.645240962598176e-07,0.08499324228634345,0.02198224320789072,25,10,0
43,610,0.8931772837785501,9.614783194988307e-07,0.08483954308616248,0.02198221165696787,25,10,0
43,611,0.886464085488755,9.763553177449262e-07,0.09155272798949506,0.021982210166432176,25,10,0
43,612,0.885793951408897,1.0248140446204574e-06,0.09221140852615721,0.02199361525090087,25,10,0
43,613,0.9062594561246332,9.77233106218264e-07,0.07186416182962994,0.02187540481263011,25,10,0
43,614,0.9062349154685196,9.717772521002652e-07,0.07188870566034235,0.021875407093885593,25,10,0
43,615,0.8981533534457867,9.815700218700382e-07,0.0799044722442708,0.021941192739920175,25,10,0
43,616,0.8780436136332216,0.00039748536560080505,0.09961718427451124,0.021941716726665915,25,10,0
43,617,0.8777188997739799,0.00039748586698822844,0.09986793697860694,0.022015677380424474,25,10,0
43,618,0.8775567614278272,0.0003974887933759252,0.10003008232037486,0.02201566745842153,25,10,0
43,619,0.8749703983734968,0.0003976752137597985,0.10261580439961646,0.022016122013126412,25,10,0
43,620,0.8862723650703909,0.0003976186677746693,0.0913140319834539,0.022015984278380144,25,10,0
43,621,0.8863004348223334,0.00039762695644206833,0.09128587197043946,0.02201606625078437,25,10,0
43,622,0.8863028982518851,0.00039763443666763305,0.0912823432695164,0.022017124041930364,25,10,0
43,623,0.8861455466900408,0.0003976155809523852,0.0914397171026258,0.022017120626380667,25,10,0
43,624,0.8977982028523749,0.00039759176601760995,0.09001753135454192,0.011786674027064865,25,10,0
43,625,0.8980237192283702,0.0003975920446189062,0.08979198390117717,0.011786704825833055,25,10,0
43,626,0.9318405122862307,0.0003975985544654068,0.06750206765660091,0.0002598215027022052,25,10,0
43,627,0.9250489600437487,0.00039987850460780747,0.07426681614486863,0.00028434530677436115,25,10,0
43,628,0.9251372323004918,0.0003998783922645548,0.07417993815270087,0.0002829511545424357,25,10,0
43,629,0.9254564547706378,0.0003998784897711899,0.0738606908235871,0.0002829759160037438,25,10,0
43,630,0.9251654288303176,0.0003998852811782289,0.07414639623364613,0.00028828965485769206,25,10,0
43,631,0.9253445983104595,0.0003998855611169061,0.0739670747091915,0.0002884414192318246,25,10,0
43,632,0.9321126432873733,0.00039760562359608524,0.06722583341298864,0.0002639176760416332,25,10,0
43,633,0.9298709444579866,0.00039760664887117944,0.06946758782153166,0.0002638610716102254,25,10,0
43,634,0.9301676418849675,0.00039760672389437603,0.06909206178992892,0.00034268960120901483,25,10,0
43,635,0.9029619269445803,0.000403496378078358,0.09629459245225062,0.00033998422509008675,25,10,0
43,636,0.9029498042624193,0.0004034884949017608,0.09630778485234513,0.00033892239033327066,25,10,0
43,637,0.9034329294352542,0.00040348877218948436,0.09582449697637681,0.0003390848161789716,25,10,0
43,638,0.906339787732592,0.0004032948041768491,0.09291701977183887,0.0003398976913917981,25,10,0
43,639,0.9059080434551647,0.00040329512818099405,0.09334872220361642,0.00033993921303727346,25,10,0
43,640,0.9060741472135356,0.0004032946944151581,0.09325654695909417,0.0002660111329544501,25,10,0
43,641,0.9044760890182783,0.00040429474718118663,0.0948652419755432,0.00025437425899664295,25,10,0
43,642,0.9025308705673925,0.00040429486974267174,0.0968892456739055,0.00017558888895886086,25,10,0
43,643,0.9013536594183088,0.0004043407556005438,0.09806761839168449,0.0001743814344056332,25,10,0
43,644,0.9002502211924635,0.000404360426889967,0.09917094060677765,0.00017447777386839588,25,10,0
43,645,0.9122750076486627,0.00040362989566373233,0.08714562452076507,0.00017573793490802364,25,10,0
43,646,0.9106908835557835,0.0004038830644039722,0.08867434608582032,0.00023088729399207465,25,10,0
43,647,0.9157613874785951,0.0004038790425755974,0.08366892120920523,0.0001658122696239788,25,10,0
43,648,0.9156911450497007,0.00040388680925731416,0.08373850997501568,0.00016645816602612533,25,10,0
43,649,0.916925324524336,0.00040386705738996125,0.08250444433993268,0.00016636407834124935,25,10,0
43,650,0.8856534498840403,0.00040392665119005986,0.11325903050551973,0.0006835929592491485,25,10,0
43,651,0.8856573055971502,0.0004039199220679218,0.11329059141458368,0.0006481830661972949,25,10,0
43,652,0.8858657538680839,0.00040391750022197067,0.11308675845771424,0.000643570173979043,25,10,0
43,653,0.885832016833976,0.00040392030341798496,0.11312011189279994,0.0006439509698053364,25,10,0
43,654,0.8886112601230357,0.00040364517518768316,0.10820689058847725,0.0027782041132988285,25,10,0
43,655,0.8881155592087825,0.00040364553299710587,0.10870276006344008,0.002778035194779799,25,10,0
43,656,0.8898918272790161,0.00040365277980366744,0.10692649601632319,0.002778023924856473,25,10,0
43,657,0.8896128387439439,0.00040366550243240313,0.10720676748057623,0.0027767282730469067,25,10,0
43,658,0.8901396207243621,0.0004036294246073402,0.10668019988683274,0.0027765499641971125,25,10,0
43,659,0.8893651926367389,0.00040406330862214685,0.1074537985236939,0.002776945530944401,25,10,0
43,660,0.8895053948011532,0.0004040730527463885,0.10731356179782381,0.0027769703482758263,25,10,0
43,661,0.8845077391347428,0.00040407044208563836,0.11231005386350748,0.002778136559663279,25,10,0
43,662,0.8847508083191253,0.0004041657122900904,0.11206640971899288,0.0027786162495910018,25,10,0
43,663,0.8654609954681463,0.00040416574567694446,0.131161264092662,0.002973574693513815,25,10,0
43,664,0.8653369355974577,0.0004041657458082449,0.13128532395605974,0.002973574700673492,25,10,0
43,665,0.8468460243979378,0.000404168503392374,0.1497777927814815,0.0029720143171873066,25,10,0
43,666,0.8490336324356893,0.000404167511833744,0.14759019836908807,0.0029720016833880954,25,10,0
43,667,0.862119761697656,0.0004041861239352236,0.13675914345529913,0.0007169087231089992,25,10,0
43,668,0.8623789963164805,0.0004041662994454804,0.13649998076725653,0.0007168566168168902,25,10,0
43,669,0.8434965635495267,0.0004041891036725835,0.15557745474470194,0.0005217926020980946,25,10,0
43,670,0.8414634760433768,0.00040577018053816494,0.1576093438227713,0.0005214099533129832,25,10,0
43,671,0.8354038711921915,0.0004057026183821699,0.1641862414935812,4.184695845591076e-06,25,10,0
43,672,0.8353893131738084,0.00040570262000058795,0.16420079950382352,4.1847023681284916e-06,25,10,0
43,673,0.8357659009568317,0.0004057004626086421,0.1638249510026275,3.447577932630659e-06,25,10,0
43,674,0.83544019047022,0.0004058466673452373,0.16415047732526003,3.485537175233697e-06,25,10,0
43,675,0.834525592788649,0.00040584638618628967,0.16506503659007848,3.524235086491767e-06,25,10,0
43,676,0.8343578400634555,0.0004058464073161177,0.1652327872021974,3.5263270312705715e-06,25,10,0
43,677,0.8255194686022288,0.0004061228802286559,0.17406959862397342,4.80989356921182e-06,25,10,0
43,678,0.8329422627043825,0.00040611983609518834,0.16664681780412122,4.79965540109643e-06,25,10,0
43,679,0.8335684719958435,0.00040611986703823275,0.1660179056335993,7.502503519084742e-06,25,10,0
43,680,0.849678184915115,0.0004061198587399251,0.14990817118526065,7.524040884221475e-06,25,10,0
43,681,0.8156936436774981,0.00040742059675011116,0.1838850480229887,1.3887702763858647e-05,25,10,0
43,682,0.7769807365985619,0.00040742198483335136,0.1840261930887785,0.03858564832782698,25,10,0
43,683,0.7769823604677871,0.00040742689081156797,0.1840239584410507,0.038586254200351104,25,10,0
43,684,0.7759597511103355,0.000407426913656007,0.18504660762998235,0.03858621434602658,25,10,0
43,685,0.7738482521491155,0.0004076213552196202,0.18710678841886147,0.03863733807680397,25,10,0
43,686,0.81151991137282,0.0004076076810424078,0.14943377745681766,0.038638703489319644,25,10,0
43,687,0.809008351783111,0.0004081054325834729,0.15194481421043937,0.03863872857386571,25,10,0
43,688,0.771116145058296,0.0004316181993815902,0.18981160295793756,0.03864063378438525,25,10,0
43,689,0.7710785566565204,0.00043163039253123897,0.1898490888243589,0.0386407241265898,25,10,0
43,690,0.7717884257474362,0.0004316401055761314,0.18913916285833865,0.03864077128864932,25,10,0
43,691,0.8025072537828503,0.00043135647355235286,0.15842681325028488,0.03863457649331231,25,10,0
43,692,0.7838579375910731,3.541566524354639e-05,0.17747134835785996,0.03863529838582383,25,10,0
43,693,0.7890217769129005,3.5395843919026176e-05,0.17235703383397852,0.038585793409202596,25,10,0
43,694,0.8120455006917169,2.9508785044771468e-05,0.14933979389759877,0.0385851966256399,25,10,0
43,695,0.8060118692856666,2.9558789473528757e-05,0.1546160553234154,0.039342516601444666,25,10,0
43,696,0.8135880757514652,2.928263998034279e-05,0.1470361466171018,0.03934649499145309,25,10,0
43,697,0.8063635643219267,2.8977980100874483e-05,0.15420587048816772,0.03940158720980481,25,10,0
43,698,0.8066442497289458,2.8977737569439874e-05,0.15392521745192883,0.03940155508155603,25,10,0
43,699,0.8068606928856964,2.896555250503579e-05,0.15370889947879085,0.03940144208300778,25,10,0
43,700,0.8096568099124842,2.7950586334668062e-05,0.15091388804542777,0.039401351455753346,25,10,0
43,701,0.8099353710036646,2.7940278730572192e-05,0.15063534328866932,0.03940134542893509,25,10,0
43,702,0.810876427704731,2.7939941621336243e-05,0.1496995199215106,0.039396112432136796,25,10,0
43,703,0.8113693242053281,2.7939936973261302e-05,0.14920665532957966,0.039396080528118715,25,10,0
43,704,0.8112694200655725,2.79473657939798e-05,0.14930551808296788,0.03939711448566565,25,10,0
43,705,0.8127485167163729,2.689870498512668e-05,0.14782763991623382,0.03939694466240764,25,10,0
43,706,0.8128704148891062,2.68987130513775e-05,0.14770573963775652,0.039396946760085164,25,10,0
43,707,0.8119217737314037,2.6897162849371758e-05,0.14729178997359396,0.04075953913215244,25,10,0
43,708,0.8039270347002505,2.6897184960594682e-05,0.15528501424132704,0.04076105387346151,25,10,0
43,709,0.7724995243204041,2.6967944354795393e-05,0.18671223702812031,0.04076127070712137,25,10,0
43,710,0.8089900172824883,2.6966314475325835e-05,0.15022173903600192,0.04076127736703371,25,10,0
43,711,0.8148322964265517,2.6910122047007007e-05,0.14513744071768975,0.040003352733710924,25,10,0
43,712,0.81446361685842,2.7102706722893808e-05,0.1455053236462458,0.04000395678861107,25,10,0
43,713,0.8145382208555292,2.7103286846138572e-05,0.145430680854671,0.04000399500295333,25,10,0
43,714,0.8050929649205785,3.171636777280708e-05,0.15484867701508404,0.0400266416965645,25,10,0
43,715,0.8050723253978752,3.1728929872329e-05,0.15486796710824036,0.04002797856401194,25,10,0
43,716,0.8050697498842787,3.172969863785657e-05,0.1551794256934082,0.039719094723675304,25,10,0
43,717,0.7720000838066547,3.4029557626418675e-05,0.18824685641279543,0.03971903022292466,25,10,0
43,718,0.7723585031743546,3.403881297549078e-05,0.18788863271750356,0.039718825295167265,25,10,0
43,719,0.7719792182382413,3.403763607982326e-05,0.1882691615570505,0.03971758256862938,25,10,0
43,720,0.7899368558573986,2.6177915200448348e-05,0.1703177660094349,0.039719200217967585,25,10,0
43,721,0.7900024566744542,2.624820062313628e-05,0.170253433065867,0.03971786205905706,25,10,0
43,722,0.7907610689481588,2.6238128220238038e-05,0.16949487975424027,0.03971781316938162,25,10,0
43,723,0.7912290327039918,2.6158033649861996e-05,0.16902708473700503,0.03971772452535418,25,10,0
43,724,0.8137597685306944,2.4064015442985383e-05,0.14649746377229822,0.039718703681565076,25,10,0
43,725,0.8025590860960784,2.405864592494262e-05,0.15769677635550206,0.03972007890249541,25,10,0
43,726,0.8015857678141829,2.4078481469919735e-05,0.15867006972005146,0.03972008398429664,25,10,0
43,727,0.7903228775843699,2.4059976390194202e-05,0.16992551648361856,0.0397275459556221,25,10,0
43,728,0.8105170038936416,2.4141397908487936e-05,0.14714497160234394,0.04231388310610669,25,10,0
43,729,0.8226761808257784,2.4141226450814387e-05,0.13499343175288545,0.04230624619488581,25,10,0
43,730,0.8232674545462566,2.3704484999700898e-05,0.13440361393217942,0.04230522703656476,25,10,0
43,731,0.8236099288688469,2.3534613889625937e-05,0.13406295266088905,0.042303583856374845,25,10,0
43,732,0.8235253104747183,2.353484026126496e-05,0.13414754503704301,0.04230360964797788,25,10,0
43,733,0.8243033182124845,2.3533888625996937e-05,0.13336967426454197,0.04230347363434798,25,10,0
43,734,0.8250645917769203,2.1868561193212785e-05,0.13260763423033564,0.042305905431551355,25,10,0
43,735,0.8254004286145292,2.1675427272373053e-05,0.13227260488702336,0.042305291071175526,25,10,0
43,736,0.786065496449332,2.1675678041514338e-05,0.17160746777786617,0.042305360094761386,25,10,0
43,737,0.8163510035111579,2.7584639872310318e-05,0.14128652511530437,0.042334886733666865,25,10,0
43,738,0.8164666547859053,2.7574921035176885e-05,0.14117336527064273,0.042332405022417856,25,10,0
43,739,0.8156957219687202,2.7557147665053678e-05,0.1419464961011401,0.04233022478247572,25,10,0
43,740,0.7932167192758106,2.8447514420115626e-05,0.16442045891113222,0.04233437429863843,25,10,0
43,741,0.7936860511014088,2.842771124380481e-05,0.1639509916070751,0.042334529580273436,25,10,0
43,742,0.7932929885127956,2.8428500879156205e-05,0.1643440452285811,0.04233453775774515,25,10,0
43,743,0.7896250600670196,3.141364019815755e-05,0.1679938985405016,0.04234962775228155,25,10,0
43,744,0.7873376277663001,3.1795443213317565e-05,0.170282356484467,0.04234822030601996,25,10,0
43,745,0.7879365022234103,3.1794632760951275e-05,0.1696834855498552,0.042348217593973995,25,10,0
43,746,0.8272866118018918,3.179437876015253e-05,0.1303334436690459,0.04234815015030287,25,10,0
43,747,0.8309316100517549,6.121562064960214e-05,0.1266605795992622,0.04234659472833403,25,10,0
43,748,0.8345933051052498,5.8230377041102377e-05,0.1230169766605496,0.04233148785716013,25,10,0
43,749,0.8346139870219852,5.823036532599094e-05,0.12312128696349602,0.04220649564919321,25,10,0
43,750,0.8458186417769098,5.8020420914841356e-05,0.11197200059414125,0.042151337208034205,25,10,0
43,751,0.8645921602355432,2.770886157995075e-05,0.09323137606089528,0.04214875484198127,25,10,0
43,752,0.8648552246958929,2.7703796688867847e-05,0.09296834221065708,0.04214872929676077,25,10,0
43,753,0.8848209364544212,1.1905875975857332e-05,0.07302187680322236,0.04214528086638057,25,10,0
43,754,0.884813664485161,1.1900872073393784e-05,0.07302920295240635,0.042145231690359254,25,10,0
43,755,0.8667853356838043,1.267272646378808e-05,0.0910566925285475,0.04214529906118461,25,10,0
43,756,0.8513443165196105,1.3231337357046864e-05,0.10649701167777025,0.042145440465262224,25,10,0
43,757,0.8413579871661965,1.3357850843373983e-05,0.11645008057038161,0.04217857441257904,25,10,0
43,758,0.8411558466505105,1.3357679284160328e-05,0.11665220781359575,0.042178587856610175,25,10,0
43,759,0.8507751759003354,1.2981315522119843e-05,0.10703224607860298,0.04217959670554008,25,10,0
43,760,0.8508567743614941,1.3021832645504531e-05,0.11019266238190875,0.03893754142395222,25,10,0
43,761,0.8508475486955598,1.3014415313509192e-05,0.11020292696327762,0.03893650992584974,25,10,0
43,762,0.8505357187042221,1.3018528039046183e-05,0.1105136555754846,0.03893760719225506,25,10,0
43,763,0.8506041087959383,1.3018568801455763e-05,0.11044527810411492,0.03893759453114595,25,10,0
43,764,0.867810447440432,1.2251755114468094e-05,0.0931688963693636,0.039008404435090176,25,10,0
43,765,0.8771648605627004,7.649289424268713e-06,0.08384066214876644,0.038986827999109123,25,10,0
43,766,0.8730861228957698,7.648658969923854e-06,0.08791901255242263,0.03898721589283759,25,10,0
43,767,0.8672096598345638,8.022849883777358e-06,0.09374496422576416,0.03903735308978877,25,10,0
43,768,0.867126592091719,8.022665177120023e-06,0.09382804689693433,0.03903733834617006,25,10,0
43,769,0.866920489071436,8.023026238343354e-06,0.09403414947299683,0.03903733842932926,25,10,0
43,770,0.8666799028077437,8.023104901142671e-06,0.09427470992313176,0.03903736416422404,25,10,0
43,771,0.8604329293072744,8.02319784390747e-06,0.100521666004978,0.039037381489904266,25,10,0
43,772,0.866959457219208,8.023095512005292e-06,0.09399517910375316,0.03903734058152748,25,10,0
43,773,0.8655075439584253,8.083648104950512e-06,0.09549611614991106,0.03898825624355921,25,10,0
43,774,0.8771488559236715,7.87763091336876e-06,0.08385599131989023,0.038987275125525474,25,10,0
43,775,0.8673787534768499,7.870423708135901e-06,0.09362615225603291,0.038987223843409594,25,10,0
43,776,0.870758737682947,7.871643641488533e-06,0.09024709767778051,0.03898629299563158,25,10,0
43,777,0.8771409822695736,8.11905350478257e-06,0.08384273841643068,0.03900816026049153,25,10,0
43,778,0.8785512291057743,8.07294002839142e-06,0.08243261170815952,0.03900808624603827,25,10,0
43,779,0.8781057994877932,8.656218925875368e-06,0.08287741136584001,0.03900813292744152,25,10,0
43,780,0.8853657591055649,8.221565228854818e-06,0.07561892741293098,0.03900709191627583,25,10,0
43,781,0.8852167461906986,8.22921580057462e-06,0.0757668916773055,0.039008132916196016,25,10,0
43,782,0.8896030813564915,8.228510668820608e-06,0.07138105765242804,0.03900763248041231,25,10,0
43,783,0.8984101107509922,1.7690166818373263e-06,0.06261028045709319,0.038977839775233385,25,10,0
43,784,0.8990621509366434,1.7647480675687943e-06,0.06195936428437867,0.03897672003091077,25,10,0
43,785,0.8991723014068156,1.7649353257312645e-06,0.06184923849392133,0.03897669516393774,25,10,0
43,786,0.8991848974604263,1.7641983043070037e-06,0.06183664426706044,0.03897669407420955,25,10,0
43,787,0.8993915668933458,1.7638291025731563e-06,0.06162997698006791,0.038976692297484294,25,10,0
43,788,0.8996407131881979,1.7560494583101007e-06,0.06138188927530505,0.03897564148703929,25,10,0
43,789,0.8992549858161412,1.7561430088716024e-06,0.0617675475639749,0.03897571047687553,25,10,0
43,790,0.8991744882992074,1.756233796706508e-06,0.06184804457810299,0.038975710888893365,25,10,0
43,791,0.8935605287073254,1.7585049079518457e-06,0.0674620708628838,0.03897564192488346,25,10,0
43,792,0.8931668307609989,1.7635344714839793e-06,0.06785443299577447,0.03897697270875569,25,10,0
43,793,0.8834012718961433,1.7594045045476732e-06,0.07762046719852252,0.03897650150083036,25,10,0
43,794,0.9001869916913813,1.7789866110064036e-06,0.06083468982709319,0.03897653949491503,25,10,0
43,795,0.8868368051462768,1.7912537208854956e-06,0.07412343431111816,0.03903796928888481,25,10,0
43,796,0.8869175371171442,1.7911613006511904e-06,0.07404270327387755,0.0390379684476784,25,10,0
43,797,0.8865742064082136,1.9454091899157877e-06,0.07438509803586432,0.03903875014673282,25,10,0
43,798,0.8703259752925001,1.9456011135874933e-06,0.09063337775281667,0.03903870135356933,25,10,0
43,799,0.8702723961210718,1.946073300453777e-06,0.09068691229670575,0.039038745508921585,25,10,0
43,800,0.8651166419961069,1.9537400374640816e-06,0.09591345620445459,0.038967948059400924,25,10,0
43,801,0.8297855201701241,1.9793565963853794e-06,0.13124456738616405,0.03896793308711519,25,10,0
43,802,0.8298308453471631,1.9788892184955294e-06,0.1311992855721799,0.03896789019143816,25,10,0
43,803,0.8277212174445134,2.0484813633794333e-06,0.13330794700220397,0.038968787071918955,25,10,0
43,804,0.8434723409503029,1.8832881718429236e-06,0.12014358193095644,0.036382193830568635,25,10,0
43,805,0.8259855047008804,8.727225548099828e-06,0.13764590401498628,0.03635986405858526,25,10,0
43,806,0.8359424238543288,8.600866198646027e-06,0.12772231093121428,0.03632666434825848,25,10,0
43,807,0.8359848615616388,8.601045094478656e-06,0.1276798507920141,0.03632668660125304,25,10,0
43,808,0.8541988770156504,1.2647431227405512e-05,0.10946175834567821,0.03632671720744403,25,10,0
43,809,0.855762834454278,1.2646622312631066e-05,0.10789818304918093,0.03632633587422839,25,10,0
43,810,0.8557132692126322,1.2659496835119214e-05,0.10794763948789807,0.03632643180263475,25,10,0
43,811,0.8521480841586131,1.2652223507765288e-05,0.11151261664948653,0.03632664696839286,25,10,0
43,812,0.8521554230853117,1.2652142797816796e-05,0.11150527734356125,0.03632664742832939,25,10,0
43,813,0.8526923698463844,1.2647010575110279e-05,0.11096967971900706,0.036325303424033485,25,10,0
43,814,0.8537256775015372,1.2652841133704982e-05,0.10984877178126519,0.036412897876063735,25,10,0
43,815,0.8540174567385909,1.2070020722355084e-05,0.10955473638590059,0.0364157368547862,25,10,0
43,816,0.854538412304919,1.2069229476283925e-05,0.10903379026714041,0.03641572819846405,25,10,0
43,817,0.8478406458919762,1.2085656206053482e-05,0.11572826062495725,0.03641900782686039,25,10,0
43,818,0.8630064162750483,1.1528746899707042e-05,0.10053845168557281,0.03644360329247892,25,10,0
43,819,0.8762240855765249,1.1536559047964493e-05,0.08738220172567676,0.03638217613874979,25,10,0
43,820,0.87626850909593,1.152456829706853e-05,0.0873378847225749,0.03638208161319758,25,10,0
43,821,0.8750367844255937,1.1386087709686413e-05,0.08855961283879037,0.03639221664790556,25,10,0
43,822,0.8748514549048264,1.138622847295686e-05,0.0887449195219125,0.0363922393447875,25,10,0
43,823,0.88134115681556,1.1374664559584556e-05,0.0822584864670884,0.036388982052791174,25,10,0
43,824,0.8712156154208526,1.136985421009219e-05,0.09238403940341999,0.03638897532151642,25,10,0
43,825,0.8820811656647598,1.1626487768694408e-05,0.11316162306302088,0.004745584784450197,25,10,0
43,826,0.8810310149956975,1.1622721323218505e-05,0.11406521261290799,0.004892149670070778,25,10,0
43,827,0.8752000233279732,1.1602718323096128e-05,0.11989622697881196,0.004892146974891116,25,10,0
43,828,0.8524685140264091,1.236430851246628e-05,0.1426516096401394,0.004867512024938188,25,10,0
43,829,0.8397856314943986,1.2363627684150777e-05,0.15533441128022915,0.004867593597687595,25,10,0
43,830,0.845104378225016,1.2365939937062656e-05,0.15001436516842648,0.0048688906666202614,25,10,0
43,831,0.8434955641037881,1.2373121595249416e-05,0.15162118813097303,0.004870874643643644,25,10,0
43,832,0.8308356914975111,0.0001736005981363865,0.16409268665206359,0.004898021252289405,25,10,0
43,833,0.8411699532225656,0.0001736005316467369,0.15375844145538772,0.00489800479040022,25,10,0
43,834,0.8416401959760524,0.00017358586427335893,0.15328958660736716,0.004896631552307145,25,10,0
43,835,0.8331385156838018,0.00017376709522576468,0.16176917032421106,0.004918546896761424,25,10,0
43,836,0.8221847616718259,0.00017346981865642896,0.144567007891807,0.033074760617710926,25,10,0
43,837,0.8229212136188002,0.0001734698353364353,0.14383055144534046,0.033074765100522985,25,10,0
43,838,0.826719877965393,0.00017347059654831642,0.14003140722002508,0.03307524421803365,25,10,0
43,839,0.8269144952306979,0.00017347024365497852,0.13983679230054813,0.033075242225098944,25,10,0
43,840,0.8482473194875821,0.00016637504285223429,0.1185116209874957,0.03307468448207,25,10,0
43,841,0.8482529460874474,0.00016637503201886978,0.11850590459945892,0.03307477428107494,25,10,0
43,842,0.8482187344243372,0.00016638052758660737,0.11854012938740734,0.03307475566066896,25,10,0
43,843,0.8482873212197555,0.00016638062116963877,0.11387219147929181,0.037674106679783034,25,10,0
43,844,0.8589076969302027,0.0001661297981903306,0.10327488005037978,0.03765129322122743,25,10,0
43,845,0.8588904702590356,0.0001661298042536663,0.10329207913843717,0.03765132079827384,25,10,0
43,846,0.8529590673920964,0.00016612980424038747,0.10922348210230465,0.03765132070135801,25,10,0
43,847,0.87538168318625,0.0001653665161940194,0.0868017305630575,0.03765121973449839,25,10,0
43,848,0.8631854060725556,0.00016536687321598613,0.09899645481494107,0.037652772239287285,25,10,0
43,849,0.8651418601704336,0.00016539360049145816,0.13401300137104158,0.0006797448580328576,25,10,0
43,850,0.8805985714875619,0.0001653877793725495,0.11864395433602117,0.000592086397043957,25,10,0
43,851,0.8518651270523384,0.00016801304537116798,0.14738148207087717,0.0005853778314140153,25,10,0
43,852,0.8504048476029037,0.00016822827798952496,0.14883912936816018,0.0005877947509477098,25,10,0
43,853,0.8501725890104784,0.00016822269324803338,0.1490714221534808,0.0005877661427936922,25,10,0
43,854,0.8399767046654383,0.00016823392978343048,0.15926621101812102,0.0005888503866585692,25,10,0
43,855,0.8308464807915087,0.00016837357072442102,0.16835904189293338,0.0006261037448357014,25,10,0
43,856,0.8613745304697453,0.00016835073208771198,0.13822349486468188,0.0002336239334864576,25,10,0
43,857,0.8705657214070274,0.00016821443574498854,0.12906838081697314,0.0001976833402547602,25,10,0
43,858,0.8806381847237271,0.00016820319755883245,0.11899701216786723,0.0001965999108469805,25,10,0
43,859,0.8801759528197275,0.00016820323065770858,0.11945924059267163,0.0001966033569432743,25,10,0
43,860,0.8817879900868626,0.0001681997954512068,0.11784920821852768,0.0001946018991588228,25,10,0
43,861,0.8820307576221431,0.00016819905075030918,0.11760774155663363,0.00019330177047326366,25,10,0
43,862,0.8825734930898392,0.00016843645112526933,0.11706871107446094,0.0001893593845748594,25,10,0
43,863,0.9127358261277663,0.0001657956135217546,0.08691322495361675,0.00018515330509554284,25,10,0
43,864,0.9020514355555911,0.0003210869582019456,0.09742997194452237,0.0001975055416845431,25,10,0
43,865,0.9020163568161932,0.0003210843528125701,0.09746506687036886,0.0001974919606252755,25,10,0
43,866,0.8907165641148629,0.0003211473265294402,0.10788429424772598,0.001077994310881912,25,10,0
43,867,0.8942412276630215,0.0003209313319054116,0.10436273372965273,0.001075107275420654,25,10,0
43,868,0.8943985998952394,0.0003209310514532881,0.10420536346361015,0.0010751055896973778,25,10,0
43,869,0.900207794287377,0.00032093124963084767,0.09839616506263478,0.0010751094003574766,25,10,0
43,870,0.9002375929360675,0.00032093117896739976,0.09836637579656968,0.0010751000883954906,25,10,0
43,871,0.9083878991820568,0.0001656394046003219,0.09038660030357164,0.0010598611097715654,25,10,0
43,872,0.9088939938811769,0.00016571495162848195,0.08988132786389076,0.001058963303304334,25,10,0
43,873,0.9074193160131605,0.00016571554808313647,0.0913559141964579,0.0010590542422986985,25,10,0
43,874,0.9074206748743582,0.00016571554462177962,0.09135455705316364,0.0010590525278565957,25,10,0
43,875,0.9072992134623145,0.00016571554500581444,0.09147601927020597,0.0010590517224739501,25,10,0
43,876,0.8960762342797324,0.00016571554096109212,0.10269900099159868,0.001059049187707936,25,10,0
43,877,0.8950040366098037,0.00016571553906163917,0.1037711981334423,0.0010590497176923572,25,10,0
43,878,0.8931891420397328,0.00016572605037039272,0.10570331025102178,0.00094182165887489,25,10,0
43,879,0.9044935038429703,0.00016572605739568648,0.09439894265417216,0.0009418274454615553,25,10,0
43,880,0.9045217487313322,0.0001657259863046777,0.09437069864952749,0.0009418266328352268,25,10,0
43,881,0.9007724560762824,0.0001657262356713622,0.09811522303527069,0.0009465946527750936,25,10,0
43,882,0.9067185243899647,0.000165723764257855,0.09216914086661827,0.0009466109791589489,25,10,0
43,883,0.9062853465941412,0.00016582790407383273,0.0926012992326357,0.0009475262691491842,25,10,0
43,884,0.9097255623658087,0.00016574970284675714,0.08916154216690182,0.0009471457644425355,25,10,0
43,885,0.9097043272559173,0.00016575015548287808,0.08918274794445996,0.0009471746441395236,25,10,0
43,886,0.8943242327545436,0.00016639527361364838,0.10455377008493398,0.0009556018869088117,25,10,0
43,887,0.9077130511675087,0.00016639492591241794,0.09116505706322764,0.0009554968433508693,25,10,0
43,888,0.9079872809975471,0.00016639706825942363,0.09089080953876047,0.0009555123954327295,25,10,0
43,889,0.9014914943124431,0.0001664048702364535,0.09738450884702912,0.0009575919702912185,25,10,0
43,890,0.8958943075915495,0.0001662473284895683,0.10298559571974972,0.0009538493602112203,25,10,0
43,891,0.8956269962018727,0.00016626102190081746,0.10324917738857321,0.0009575653876531175,25,10,0
43,892,0.899415163910664,1.4616056524543295e-05,0.09963909411388105,0.0009311259189302856,25,10,0
43,893,0.9052968074358351,1.4608420516334907e-05,0.09375956180959706,0.0009290223340515415,25,10,0
43,894,0.9059451641112493,1.460810991150032e-05,0.09311121647192928,0.0009290113069100231,25,10,0
43,895,0.906175272370689,1.4608372127923456e-05,0.09288104066355043,0.0009290785936328271,25,10,0
43,896,0.9062587717784224,1.4613382882362011e-05,0.09279749980537048,0.0009291150333249035,25,10,0
43,897,0.8796406708698522,3.387974479404763e-05,0.1193060942759912,0.001019355109362603,25,10,0
43,898,0.879450752104607,3.3877188295576764e-05,0.11949602864095718,0.0010193420661402026,25,10,0
43,899,0.8894446194194403,2.4275101374023038e-05,0.10951260998964546,0.0010184954895400083,25,10,0
43,900,0.8538285928102839,9.8637810789739e-05,0.14505405802970914,0.0010187113492175952,25,10,0
43,901,0.8538441412595666,9.863736988586765e-05,0.14503853423516377,0.0010186871353839056,25,10,0
43,902,0.8569683363527703,9.863163015567119e-05,0.14194470317601768,0.000988328841056579,25,10,0
43,903,0.8761645231360636,9.814263355095543e-05,0.12275324572563287,0.0009840885047527658,25,10,0
43,904,0.8915953324914896,7.926241745707199e-05,0.10732668348003045,0.0009987216110233185,25,10,0
43,905,0.8922464308661879,7.926277180559403e-05,0.10667549435882569,0.0009988120031812755,25,10,0
43,906,0.8921025340857394,7.925374355577325e-05,0.10682037984244042,0.000997832328264788,25,10,0
43,907,0.8956506348671538,7.925359185741863e-05,0.10327704591025996,0.0009930656307293112,25,10,0
43,908,0.9069657283356097,7.919060878130743e-05,0.09284254537579079,0.00011253567981819888,25,10,0
43,909,0.9067574903214519,7.919737514104996e-05,0.09305073992210808,0.00011257238129914073,25,10,0
43,910,0.909183022119499,7.919735051653112e-05,0.09062520793772516,0.00011257259225934571,25,10,0
43,911,0.9055666773078521,7.933137737161257e-05,0.09424140875750764,0.00011258255726861355,25,10,0
43,912,0.9000242843170433,7.945014026544044e-05,0.09978258257263743,0.00011368297005405783,25,10,0
43,913,0.9001747206205486,7.945000289374973e-05,0.09963216415741778,0.00011366521914035954,25,10,0
43,914,0.883969998291775,0.0001710938775527075,0.1157466525801532,0.0001122552505196137,25,10,0
43,915,0.9195096229153792,9.673115112355374e-05,0.08028160852192842,0.00011203741156867172,25,10,0
43,916,0.9196964669854174,9.673105191674603e-05,0.08009476627526745,0.00011203568739828182,25,10,0
43,917,0.9444701470118888,5.086823869746615e-06,0.05541287151805099,0.00011189464619077416,25,10,0
43,918,0.9480249951047832,5.946203037817758e-06,0.05185802951696858,0.00011102917521068671,25,10,0
43,919,0.9481743170498897,5.941104916685953e-06,0.0517087616099431,0.0001109802352507208,25,10,0
43,920,0.9466331477490643,6.361004037465576e-06,0.05324760216687536,0.00011288908002329957,25,10,0
43,921,0.9467590623577707,6.356058742939773e-06,0.053121744959906646,0.00011283662358000705,25,10,0
43,922,0.9505307787954018,6.221729954404157e-06,0.04935019711192651,0.00011280236271766516,25,10,0
43,923,0.9492737742815452,6.216338573403982e-06,0.05060719899831632,0.00011281038156533505,25,10,0
43,924,0.9447800218963421,1.567633063498028e-05,0.055049904951266354,0.00015439682175695863,25,10,0
43,925,0.9444925734870324,1.568145837683954e-05,0.05533664951564386,0.0001550955389471438,25,10,0
43,926,0.9495980333639111,6.126349296336441e-06,0.05028236103290353,0.00011347925388935644,25,10,0
43,927,0.9663403685873712,2.059441022391735e-06,0.03354408207315899,0.00011348989844783487,25,10,0
43,928,0.966210356282977,2.0594439729922923e-06,0.033674080325642,0.0001135039474084086,25,10,0
43,929,0.9338405849624242,4.743656458363111e-05,0.04181556811115966,0.024296410361832717,25,10,0
43,930,0.9446691325610405,4.705077946459471e-05,0.0310922800705397,0.02419153658895563,25,10,0
43,931,0.9437197705877154,4.706861147448982e-05,0.03204127521066373,0.024191885590146844,25,10,0
43,932,0.9071031149920742,4.664874374477158e-05,0.068660254475982,0.024189981788199404,25,10,0
43,933,0.9071463196556505,4.664849399766001e-05,0.06861707503926721,0.024189956811084986,25,10,0
43,934,0.9088279500774344,4.6645044344747565e-05,0.06693585731316118,0.02418954756506001,25,10,0
43,935,0.909227629467186,4.663984784993889e-05,0.06653623391306346,0.024189496771900795,25,10,0
43,936,0.9463833771639818,4.6639825870791756e-05,0.029380487985671753,0.024189495024475885,25,10,0
43,937,0.9366587949151496,5.371313073520214e-05,0.0372451948684837,0.02604229708563184,25,10,0
43,938,0.9307891286644498,8.349285073855251e-06,0.05300539378682397,0.01619712826365257,25,10,0
43,939,0.9406181432660787,1.276084396130302e-06,0.04503623074656656,0.014344349902958454,25,10,0
43,940,0.9409029812846661,1.2709679785002217e-06,0.0447520956386568,0.01434365210869859,25,10,0
43,941,0.9805427343047338,1.2544234135838184e-06,0.019450158372630616,5.852899222223909e-06,25,10,0
43,942,0.9811705736467338,1.2548612359218528e-06,0.018822158311133232,6.013180897330839e-06,25,10,0
43,943,0.9808129826507161,1.2508646113702324e-06,0.019183443021017054,2.3234636557971824e-06,25,10,0
43,944,0.9802664980675536,1.2519056261750384e-06,0.019729745895230827,2.5041315897935102e-06,25,10,0
43,945,0.9813144161382084,1.2746842817460428e-06,0.0186809301109325,3.3790665775246227e-06,25,10,0
43,946,0.9810453373781856,1.275219346958555e-06,0.018950007130595425,3.380271872288863e-06,25,10,0
43,947,0.9540239962280999,1.4338686080721805e-06,0.045936120376725224,3.844952656692529e-05,25,10,0
43,948,0.9538237177010249,1.434042958673938e-06,0.04613639787943891,3.845037657759033e-05,25,10,0
43,949,0.9539075004796048,1.4339804865075437e-06,0.04605261475185652,3.845078805242903e-05,25,10,0
43,950,0.9223114556102567,1.4342116157354089e-06,0.07764328795325477,4.382222487315495e-05,25,10,0
43,951,0.9223204237398192,1.4341228384297786e-06,0.07763429602221084,4.384611513180271e-05,25,10,0
43,952,0.9133253988847484,1.4341070566115048e-06,0.0866238086701978,4.9358337997467665e-05,25,10,0
43,953,0.9121925365672214,1.991567649571849e-06,0.08775596332089586,4.950854423334009e-05,25,10,0
43,954,0.91232795317498,1.9916537867106164e-06,0.08762052364377554,4.953152745811784e-05,25,10,0
43,955,0.895319867623239,2.1224140004313864e-06,0.10236718857321031,0.0023108213895509677,25,10,0
43,956,0.9037756449925943,2.1324770507133676e-06,0.09391289913450555,0.002309323395850278,25,10,0
43,957,0.9049044705627296,1.5750141505598407e-06,0.09278478207933345,0.0023091723437871324,25,10,0
43,958,0.9074201179303748,2.079890211111332e-06,0.09252553548380218,5.226669561246901e-05,25,10,0
43,959,0.9391941145521809,2.079504785708119e-06,0.06075692706813578,4.687887489729057e-05,25,10,0
43,960,0.9385551338745225,2.084622428544532e-06,0.06139455160569414,4.822989735489558e-05,25,10,0
43,961,0.9385505408569093,2.084618346275066e-06,0.06139914514601686,4.8229378727734546e-05,25,10,0
43,962,0.938553292959041,2.08461038802964e-06,0.061396393510150526,4.822892042053302e-05,25,10,0
43,963,0.9386164735225629,2.0848929066913305e-06,0.06133314162872136,4.829995580910059e-05,25,10,0
43,964,0.938621047709132,2.0848901197477543e-06,0.061328567776416154,4.8299624332280095e-05,25,10,0
43,965,0.9259209420070704,2.1426913131512453e-06,0.07400589711316954,7.101818844691094e-05,25,10,0
43,966,0.9281477336391941,1.164545977067646e-06,0.07178031703296478,7.078478186417375e-05,25,10,0
43,967,0.9183292206342576,1.7103105780462912e-06,0.08154973057276894,0.00011933848239560042,25,10,0
43,968,0.9056849576808864,1.7200277143005857e-06,0.09419152151376023,0.0001218007776395788,25,10,0
43,969,0.8997678996078432,1.7290985771546722e-06,0.10010848278225346,0.00012188851132695273,25,10,0
43,970,0.9124143207590368,1.7193876262460063e-06,0.08746453292659165,0.00011942692674563396,25,10,0
43,971,0.9125608231677143,1.7193782094616425e-06,0.08731804548303977,0.00011941197103680961,25,10,0
43,972,0.9111918148513964,1.720041106829469e-06,0.08868206003031442,0.00012440507718246898,25,10,0
43,973,0.9110594520027361,1.7200284214351853e-06,0.08881355518806196,0.00012527278078079966,25,10,0
43,974,0.9171846455990577,1.4780329086053215e-06,0.08268976281102802,0.00012411355700605475,25,10,0
43,975,0.9135662868750731,1.8764144787616179e-06,0.0863058407471329,0.0001259959633152884,25,10,0
43,976,0.913436954410858,1.8765957589251777e-06,0.08643517449202465,0.00012599450135797305,25,10,0
43,977,0.8918778011458153,1.8886972972638762e-06,0.10787195571247624,0.0002483544444112757,25,10,0
43,978,0.907405471598303,1.4587938227559461e-06,0.09234832094435787,0.0002447486635163738,25,10,0
43,979,0.8710911419884073,1.5023563144360012e-06,0.12866640482352376,0.00024095083175457402,25,10,0
43,980,0.8742872885010666,1.1145284412107573e-06,0.1254711871199418,0.00024040985055041018,25,10,0
43,981,0.8737855201613479,1.1307844957100377e-06,0.12597389902503986,0.00023945002911676696,25,10,0
43,982,0.8735665890850336,1.1305162651744719e-06,0.1261928314586782,0.00023944894002300536,25,10,0
43,983,0.8732937638806542,1.13190697291237e-06,0.12646561692818006,0.00023948728419310943,25,10,0
43,984,0.8568955699054227,7.083066229823313e-06,0.1428563629726332,0.0002409840557137175,25,10,0
43,985,0.8574241872457411,7.082293107402133e-06,0.14232616089939462,0.00024256956175624332,25,10,0
43,986,0.8573576277083972,7.08246921369436e-06,0.14239262711417336,0.0002426627082152889,25,10,0
43,987,0.8630382337650905,7.215578886509778e-06,0.1367112704314817,0.00024328022454086205,25,10,0
43,988,0.8631935977861359,7.215835463426902e-06,0.13655606635628975,0.0002431200221103183,25,10,0
43,989,0.8925424756767363,6.999389164950949e-06,0.10726519268201447,0.00018533225208352408,25,10,0
43,990,0.8916749321966266,7.003672387185796e-06,0.10808297889063326,0.0002350852403523471,25,10,0
43,991,0.8908136795874786,7.003981536636984e-06,0.10894400158413649,0.00023531484684771901,25,10,0
43,992,0.9132784837535708,6.999308290255124e-06,0.08660536504155406,0.00010915189658500284,25,10,0
43,993,0.9119913247543345,3.613518565150967e-05,0.08786421122145402,0.0001083288385598966,25,10,0
43,994,0.9057311778421941,3.614665544979218e-05,0.0941243270256992,0.00010834847665691022,25,10,0
43,995,0.8766230125571554,3.618357120393906e-05,0.12322269422501836,0.00011810964662228751,25,10,0
43,996,0.8701466139171431,3.618248889125947e-05,0.12969910889873548,0.0001180946952297882,25,10,0
43,997,0.8705987980498616,3.618196730200269e-05,0.12924875158117874,0.00011626840165718544,25,10,0
43,998,0.8757107903450361,3.0221623322645304e-05,0.12414424221189105,0.00011474581974971506,25,10,0
43,999,0.8380083021604399,0.0007476230993486913,0.15770630293792998,0.003537771802280802,25,10,0
43,1000,0.8380311384202589,0.0007476156230160585,0.1576845090496924,0.0035367369070316962,25,10,0
43,1001,0.8445834803531959,0.0007476289162763797,0.15113213973107445,0.0035367509994526057,25,10,0
43,1002,0.8389836749527917,0.0007476325801318239,0.1567309567881808,0.0035377356788945276,25,10,0
43,1003,0.8716854762090798,3.0191359062585934e-05,0.12816843037962833,0.00011590205222889607,25,10,0
43,1004,0.8596956065900612,3.019784672319387e-05,0.13563359027143773,0.00464060529177702,25,10,0
43,1005,0.8598653093993548,3.0184536098724472e-05,0.13546393221960046,0.004640573844945153,25,10,0
43,1006,0.8864158486789141,3.816157446790593e-05,0.10890496125140739,0.004641028495210235,25,10,0
43,1007,0.8865095910260795,3.8024377149192845e-05,0.10881071137738296,0.004641673219388089,25,10,0
43,1008,0.8817389642659715,4.608995011281596e-05,0.11345459174824526,0.004760354035670532,25,10,0
43,1009,0.8818662277371405,4.608952462411059e-05,0.11332738950216506,0.004760293236070026,25,10,0
43,1010,0.8659311106899915,3.8043056937636e-05,0.1293827724435839,0.004648073809486148,25,10,0
43,1011,0.8546202725640788,3.804853001509603e-05,0.14069229004825917,0.004649388857646472,25,10,0
43,1012,0.83041533012411,3.88834963218852e-05,0.1648950563233032,0.004650730056264313,25,10,0
43,1013,0.8200984770474604,3.888378408405708e-05,0.17521190949957124,0.004650729668884518,25,10,0
43,1014,0.8407668840228344,3.9055585152745775e-05,0.15902222588642695,0.00017183450558571443,25,10,0
43,1015,0.8120455995913852,4.082232565664551e-05,0.18772561992731315,0.00018795815564578527,25,10,0
43,1016,0.8117851805152556,4.082242924431534e-05,0.18798465818944685,0.00018933886605369363,25,10,0
43,1017,0.818242183817431,4.081522433505526e-05,0.18152768459798363,0.00018931636025040953,25,10,0
43,1018,0.818301417733458,4.08158234566754e-05,0.18146838140529056,0.000189385037794717,25,10,0
43,1019,0.8180204114596381,4.081606461842202e-05,0.18174929089028125,0.0001894815854620644,25,10,0
43,1020,0.8171287155823701,4.08162454974712e-05,0.18264108128893056,0.0001893868832018182,25,10,0
43,1021,0.8238874917196108,4.040389610974394e-05,0.17591966134299153,0.0001524430412882685,25,10,0
43,1022,0.849767224033374,4.0367168379187277e-05,0.15004979462028284,0.00014261417796374885,25,10,0
43,1023,0.8593684334724666,4.0368372103036945e-05,0.14044376547051468,0.00014743268491573667,25,10,0
43,1024,0.8630550463482719,4.022983746160216e-05,0.13677025120089636,0.00013447261337027407,25,10,0
43,1025,0.8809970467553804,3.908229015809835e-05,0.11884536948237477,0.0001185014720869989,25,10,0
43,1026,0.863633647535551,9.956611477637328e-06,0.13623784328707186,0.00011855256589996962,25,10,0
43,1027,0.8482530691130995,9.40764959262654e-06,0.15161911876699585,0.0001184044703118731,25,10,0
43,1028,0.852824188823432,9.407635065692022e-06,0.14704689874805418,0.00011950479344799429,25,10,0
43,1029,0.8214059388497782,9.427307383944495e-06,0.17846503677583064,0.00011959706700881546,25,10,0
43,1030,0.8244868482627714,9.248695675767652e-06,0.1754300944642898,7.380857726457307e-05,25,10,0
43,1031,0.8014160482938918,9.025361525458004e-06,0.19850219585365156,7.273049093254847e-05,25,10,0
43,1032,0.8016576764154706,9.025499593704306e-06,0.19825794830796137,7.534977697554894e-05,25,10,0
43,1033,0.7938355396476798,9.030361323851705e-06,0.2060848839144443,7.054607655315349e-05,25,10,0
43,1034,0.7937872025227284,9.030258355395791e-06,0.20613322684452096,7.054037439591789e-05,25,10,0
43,1035,0.8054699288040053,9.034010339427709e-06,0.194452035027535,6.900215812140734e-05,25,10,0
43,1036,0.8242066319280912,9.023543367804967e-06,0.17571544026838445,6.89042601577591e-05,25,10,0
43,1037,0.8152538160934403,1.4099601954262992e-05,0.18466430582054896,6.777848405721976e-05,25,10,0
43,1038,0.818981311743824,1.4099403694451933e-05,0.18093681473036866,6.777412211361716e-05,25,10,0
43,1039,0.829474479329658,6.069773599410675e-06,0.17045237892971732,6.70719670262948e-05,25,10,0
43,1040,0.8299172474465141,6.0869379231871245e-06,0.17000950532319248,6.71602923710615e-05,25,10,0
43,1041,0.826614419111246,6.076406625056493e-06,0.1733136836902911,6.582079183832301e-05,25,10,0
43,1042,0.8495249667816112,6.080858133796443e-06,0.1504004083518641,6.854400839022111e-05,25,10,0
43,1043,0.8483997631037196,6.080871819113674e-06,0.15152561198894132,6.85440355193663e-05,25,10,0
43,1044,0.8568574385446169,6.074889803539098e-06,0.1430679345069643,6.855205861449816e-05,25,10,0
43,1045,0.8573037730901794,6.065357786224762e-06,0.14262161339855944,6.854815347441687e-05,25,10,0
43,1046,0.8580170212953859,6.065307000275066e-06,0.14190837981180512,6.853358580816524e-05,25,10,0
43,1047,0.8574029938005211,6.0651276378626335e-06,0.14252242664966325,6.851442217754123e-05,25,10,0
43,1048,0.8858078110972036,5.994994890020749e-06,0.11411765142023052,6.854248767548033e-05,25,10,0
43,1049,0.8847762335184416,6.017090231161997e-06,0.11514395510967773,7.379428164929257e-05,25,10,0
43,1050,0.8858976013233166,6.016991951263853e-06,0.11402261909412494,7.376259060705168e-05,25,10,0
43,1051,0.8960837952582523,1.5578519976531778e-05,0.10382685724375433,7.376897801676073e-05,25,10,0
43,1052,0.8957402607156447,1.559280175840671e-05,0.10417038044068865,7.376604190811614e-05,25,10,0
43,1053,0.8774332515749418,1.6226124766189747e-05,0.12247522451546843,7.529778482363773e-05,25,10,0
43,1054,0.8781678819532508,1.622219734563828e-05,0.12179023855697332,2.565729243019772e-05,25,10,0
43,1055,0.8827117150500297,1.580701373827596e-06,0.11726100070872451,2.5703539871666253e-05,25,10,0
43,1056,0.883675834481161,1.5603106803058008e-06,0.11630140543362405,2.1199774534405042e-05,25,10,0
43,1057,0.877524507144474,1.5643586113044307e-06,0.12245536114621818,1.8567350696391415e-05,25,10,0
43,1058,0.8803216303190857,1.565014061937815e-06,0.11965823018566601,1.857448118599873e-05,25,10,0
43,1059,0.9107777648175821,1.54729995964948e-06,0.08920214762074119,1.8540261717240255e-05,25,10,0
43,1060,0.9109098820524488,1.5297938114258895e-06,0.08907013538854537,1.8452765194371545e-05,25,10,0
43,1061,0.9307517422790456,1.5168173203472748e-06,0.06922955619156143,1.7184712072273636e-05,25,10,0
43,1062,0.9316892975777287,1.5161394386848358e-06,0.06829201063347291,1.7175649359141884e-05,25,10,0
43,1063,0.9321565698935548,1.5105341016073793e-06,0.06782993477129866,1.19848010443956e-05,25,10,0
43,1064,0.9323071840698024,1.505565922725322e-06,0.06767932602852858,1.1984335745690053e-05,25,10,0
43,1065,0.9324442033356571,1.5095140259297456e-06,0.06754366193852379,1.062521179280064e-05,25,10,0
43,1066,0.9172420096928029,1.507034777434807e-06,0.08274273017982928,1.375309259004516e-05,25,10,0
43,1067,0.9173629096740895,1.5029831963999163e-06,0.0826218558321824,1.3731510531464471e-05,25,10,0
43,1068,0.9055139260646573,1.6611754826412464e-06,0.0943881571022274,9.625565763268947e-05,25,10,0
43,1069,0.911415489553299,1.6619123807471321e-06,0.08848774344300878,9.510509131151364e-05,25,10,0
43,1070,0.9109961572832497,1.6664540072783928e-06,0.08890715683645908,9.501942628392413e-05,25,10,0
43,1071,0.9109500573079223,1.6671005476002595e-06,0.08895325220990445,9.502338162571031e-05,25,10,0
43,1072,0.9114510591456911,1.6664003393752355e-06,0.08845225356104787,9.502089292179726e-05,25,10,0
43,1073,0.909844738485132,1.827540307956801e-06,0.09005762882179781,9.580515276238806e-05,25,10,0
43,1074,0.9271234666415483,1.195276157927304e-06,0.07278097411605143,9.436396624231399e-05,25,10,0
43,1075,0.9272151680894072,1.1924875625170954e-06,0.07269000326744778,9.363615558258036e-05,25,10,0
43,1076,0.9394226554517752,3.6711265359332477e-07,0.06048596432660251,9.10131089686369e-05,25,10,0
43,1077,0.9394732539648419,3.669061276970096e-07,0.060435435165466525,9.094396356358678e-05,25,10,0
43,1078,0.9396120937627107,3.6653644686420307e-07,0.06029675630581224,9.078339502985717e-05,25,10,0
43,1079,0.9391920812671379,3.677224463418954e-07,0.06071647111032307,9.107990009216974e-05,25,10,0
43,1080,0.937758651287054,3.632498347978044e-07,0.06214488047073069,9.610499238012062e-05,25,10,0
43,1081,0.9419951207271532,3.595040058179187e-07,0.057908407135747346,9.611263309342145e-05,25,10,0
43,1082,0.9445982184548488,6.980784116464138e-07,0.05524232752157412,0.00015875594516528814,25,10,0
43,1083,0.9364294293674879,1.548760830775714e-05,0.06340004177988086,0.00015504124432337975,25,10,0
43,1084,0.9362269441420145,1.5488180583173884e-05,0.06360252374420114,0.0001550439332010099,25,10,0
43,1085,0.9370649237335953,1.548702882811508e-05,0.06276466467396316,0.00015492456361317907,25,10,0
43,1086,0.9297445478484417,1.5491180116819837e-05,0.07008495522899066,0.00015500574245036204,25,10,0
43,1087,0.938771119095854,7.00913247282348e-07,0.06107439637208808,0.00015378361881036862,25,10,0
43,1088,0.9390615051913878,6.867809892424594e-07,0.060784027760031965,0.00015378026759088883,25,10,0
43,1089,0.9476232354536498,1.5717900442622103e-06,0.05227952084167971,9.567191462607404e-05,25,10,0
43,1090,0.9476167664464548,1.5718371344426539e-06,0.052286013064893444,9.564865151717001e-05,25,10,0
43,1091,0.959210346672307,1.4136592266907912e-06,0.04077506532412241,1.3174344343738749e-05,25,10,0
43,1092,0.9553775129661188,1.4226184711520055e-06,0.044607919486755056,1.3144928654901346e-05,25,10,0
43,1093,0.9426187633458943,0.00018426733365197297,0.05718431958699795,1.2649733455755366e-05,25,10,0
43,1094,0.9430236022044408,0.0001845393199326769,0.0567778654206013,1.3993055025050022e-05,25,10,0
43,1095,0.9426621161275274,0.00018453931492360724,0.05713935186248578,1.3992695063007029e-05,25,10,0
43,1096,0.9427372290709286,0.00018453931316118766,0.05706424527726973,1.3986338640272695e-05,25,10,0
43,1097,0.9346563245694753,0.00018483076009307255,0.06514417507754405,1.4669592887524855e-05,25,10,0
43,1098,0.9311649736281892,0.00019066068035765145,0.06862892730155794,1.54383898949735e-05,25,10,0
43,1099,0.9318050212235464,0.0001906556439005896,0.0679916537013531,1.2669431199714308e-05,25,10,0
43,1100,0.9461756959992966,7.649788640474324e-06,0.053804273845668604,1.2380366394334294e-05,25,10,0
43,1101,0.9464868417414636,6.439470816507677e-06,0.05349891710986677,7.801677853268147e-06,25,10,0
43,1102,0.9517427413178889,6.440189617963748e-06,0.04824412404114159,6.694451351384379e-06,25,10,0
43,1103,0.949933054352663,6.816373186370327e-06,0.05005661987215861,3.509401992303644e-06,25,10,0
43,1104,0.9571207977036389,6.812500876571632e-06,0.042868911901412454,3.4778940723725377e-06,25,10,0
43,1105,0.9564498425194242,7.094657878231526e-06,0.04353816860922599,4.894213471554141e-06,25,10,0
43,1106,0.9564661293483987,7.094518969968396e-06,0.04352188279521774,4.893337413479068e-06,25,10,0
43,1107,0.9513124323056171,1.673011641642542e-05,0.04866511005168994,5.727526276535165e-06,25,10,0
43,1108,0.9687886869881754,1.6354636187856823e-05,0.031189141110678165,5.8172649580862994e-06,25,10,0
43,1109,0.9692838880340803,1.635388615362393e-05,0.030693944086867573,5.813992898034637e-06,25,10,0
43,1110,0.9672166881924764,1.6353618605760516e-05,0.032690199829458644,7.675835945919264e-05,25,10,0
43,1111,0.9678513418458262,1.6352445369263826e-05,0.03205584089931477,7.646480948948493e-05,25,10,0
43,1112,0.9711040154641464,1.0522526558169226e-05,0.028809677052119995,7.578495717522303e-05,25,10,0
43,1113,0.9721159368055207,1.0523377724536527e-05,0.02779780080763018,7.573900912442146e-05,25,10,0
43,1114,0.9561955021320095,1.0523435434072944e-05,0.04371823786251179,7.573657004431279e-05,25,10,0
43,1115,0.9554570542688041,1.0523268747426606e-05,0.04445659044724204,7.583201520597468e-05,25,10,0
43,1116,0.9560010242128005,1.0241301071245055e-05,0.04391428977949074,7.444470663712888e-05,25,10,0
43,1117,0.9598146692644633,9.956843096783515e-06,0.040053897061861445,0.00012147683057839577,25,10,0
43,1118,0.9540441935111921,9.961509692306024e-06,0.04582428562758787,0.00012155935152762602,25,10,0
43,1119,0.9536196814865852,1.0158617146793942e-05,0.04624855533646492,0.00012160455980265499,25,10,0
43,1120,0.964684615505206,1.0331790898330746e-05,0.0351830395449954,0.00012201315890010885,25,10,0
43,1121,0.9696956685492236,1.0326963761499328e-05,0.030171974897387936,0.00012202958962686015,25,10,0
43,1122,0.9528542453854114,1.0357429023337978e-05,0.0470106679297015,0.00012472925586334095,25,10,0
43,1123,0.9523110119046707,1.0357791626651022e-05,0.047553897200777025,0.00012473310292514687,25,10,0
43,1124,0.9495360631900034,1.0348176954770921e-05,0.05032885694337275,0.0001247316896686083,25,10,0
43,1125,0.9450444965531802,1.0556531902395493e-05,0.05482010150824152,0.00012484540667522767,25,10,0
43,1126,0.9449605001012457,1.0556034425145074e-05,0.05490412007415183,0.00012482379017687194,25,10,0
43,1127,0.9259455951143765,4.269923690794523e-05,0.07388423976021637,0.0001274658884984695,25,10,0
43,1128,0.921141952005069,4.242774758934656e-05,0.07868943100641117,0.00012618924093012312,25,10,0
43,1129,0.920512657693196,4.243214588312954e-05,0.07931872518262727,0.00012618497829334856,25,10,0
43,1130,0.9218323952563882,4.2439069132019226e-05,0.07799894726175349,0.00012621841272607932,25,10,0
43,1131,0.9205127620759438,4.244074714302369e-05,0.07931810365752437,0.00012669351938857914,25,10,0
43,1132,0.9203686085752946,4.244064242310434e-05,0.07946230692946309,0.00012664385281911571,25,10,0
43,1133,0.9261478221380566,3.278702077485237e-05,0.07369358043469325,0.0001258104064752074,25,10,0
43,1134,0.931165850287266,3.2786574385915384e-05,0.06867561971069025,0.00012574342765779174,25,10,0
43,1135,0.9310622531183452,3.278667351893946e-05,0.06877920049564076,0.00012575971249472937,25,10,0
43,1136,0.9311864639649673,3.27867805261227e-05,0.06865496230346972,0.00012578695103624866,25,10,0
43,1137,0.9235302224826918,4.5215839757789524e-05,0.07629874700852342,0.00012581466902628297,25,10,0
43,1138,0.9245101717322466,4.521583606046666e-05,0.07531889669702815,0.00012571573466404478,25,10,0
43,1139,0.9233729790822438,4.524517309375169e-05,0.07645578003563404,0.00012599570902775266,25,10,0
43,1140,0.9223494077955151,4.5263184132845354e-05,0.07747917790903731,0.00012615111131386385,25,10,0
43,1141,0.9410543462744699,1.31200226842534e-05,0.058809019975995455,0.0001235137268496498,25,10,0
43,1142,0.9407842249297065,1.3119598833883743e-05,0.05907911003656094,0.00012354543489801273,25,10,0
43,1143,0.940636533873669,1.312028060324065e-05,0.059226781946479845,0.0001235638992470903,25,10,0
43,1144,0.9396136459905642,5.017430279541371e-07,0.060261326027514196,0.00012452623889281403,25,10,0
43,1145,0.9400850381633294,5.120175597900847e-07,0.05978843054786735,0.00012601927124266925,25,10,0
43,1146,0.9443671698428381,3.505146785431692e-07,0.0555057616719881,0.0001267179704943128,25,10,0
43,1147,0.9438540834509099,3.4413986496428e-07,0.055968474103486106,0.00017709830573786254,25,10,0
43,1148,0.9372904090909949,5.813581300120129e-07,0.062468650711207635,0.00024035883966623292,25,10,0
43,1149,0.9461580002740814,5.792414847687168e-07,0.05360206836284749,0.00023935212158519525,25,10,0
43,1150,0.9417920062022052,7.387565989574295e-07,0.057968610302500154,0.00023864473869469934,25,10,0
43,1151,0.921977666203865,7.082650023291049e-07,0.07778577017504773,0.000235855356084048,25,10,0
43,1152,0.922240833444401,7.085170177294412e-07,0.0775226002553549,0.00023585778322535525,25,10,0
43,1153,0.9228283935113416,7.08022407973508e-07,0.07693504299537053,0.00023585547087914618,25,10,0
43,1154,0.9172926820562708,7.134186326578885e-07,0.08251887443614014,0.00018773008895575267,25,10,0
43,1155,0.9119645145394029,7.059343505844287e-07,0.0878470029227222,0.00018777660352364508,25,10,0
43,1156,0.9115427579196566,7.120464227103657e-07,0.08826564692970072,0.000190883104219534,25,10,0
43,1157,0.9148048866125678,5.037742632858136e-07,0.08500383701258891,0.00019077260057971858,25,10,0
43,1158,0.9105171018487564,7.92502653763354e-07,0.0892886964609104,0.00019340918767859984,25,10,0
43,1159,0.9057247800516651,8.559686151244323e-07,0.09302772992204165,0.0012466340576772394,25,10,0
43,1160,0.8876713952625366,0.00042706993707596,0.1106524605159846,0.001249074284402221,25,10,0
43,1161,0.8869438767546842,0.00042708541447580053,0.11137990908418502,0.0012491287466543672,25,10,0
43,1162,0.923360157246232,0.0004270854469950463,0.07496353681715315,0.0012492204896191925,25,10,0
43,1163,0.9086488617162217,0.0004270969271084434,0.08967185375604575,0.0012521876006233524,25,10,0
43,1164,0.9135690526250869,0.0004269267628109053,0.08475268847158601,0.0012513321405157576,25,10,0
43,1165,0.8954424810476113,0.0004274970662997294,0.10287611557775982,0.0012539063083287661,25,10,0
43,1166,0.8813228355193544,0.0004274917283245166,0.11699012825048889,0.001259544501831413,25,10,0
43,1167,0.8966301986938552,0.00042765048940093407,0.1016856622623893,0.0012564885543541926,25,10,0
43,1168,0.8948865249898836,0.0004276635898733486,0.10342463589709638,0.001261175523146224,25,10,0
43,1169,0.8929462587211269,0.00042777593270672644,0.10540690773833696,0.001219057607828953,25,10,0
43,1170,0.8785778110273657,0.0004277720914233102,0.1197752808893675,0.001219135991842703,25,10,0
43,1171,0.8785857127406979,0.00042777209138066777,0.11976740417842477,0.001219110989495857,25,10,0
43,1172,0.8590996589164372,0.00042778312624958614,0.1392521626228825,0.001220395334429871,25,10,0
43,1173,0.8567174958884357,0.00042778846997485365,0.14163297340876327,0.001221742232825448,25,10,0
43,1174,0.8569235116913643,0.00042778883836525365,0.1414269561651408,0.0012217433051290685,25,10,0
43,1175,0.8515137845774372,0.00042777556511946146,0.14684138853810025,0.0012170513193422929,25,10,0
43,1176,0.8475040203374151,0.0004277697042650674,0.15085266650641638,0.0012155434519027176,25,10,0
43,1177,0.8542618270727276,0.00042776953849039295,0.14409488110433652,0.0012155222844444933,25,10,0
43,1178,0.856306008893063,0.00042776544558154094,0.1420518380786812,0.0012143875826731575,25,10,0
43,1179,0.8634398592408958,0.00042776009890395714,0.1349180191375479,0.0012143615226513284,25,10,0
43,1180,0.8818598172478346,0.00042719020879648106,0.11650127766091116,0.0012117148824568203,25,10,0
43,1181,0.8872117530712607,0.00042688337419779306,0.11115245762820043,0.0012089059263402223,25,10,0
43,1182,0.8688757761717679,0.000427340995705632,0.12948579588397385,0.0012110869485514276,25,10,0
43,1183,0.8817218888085421,0.000427426433768232,0.11664391189912048,0.0012067728585682081,25,10,0
43,1184,0.8715160174961456,0.00042743875455009405,0.1268497821533892,0.0012067615959142426,25,10,0
43,1185,0.8722760147943585,0.0004274383086702448,0.12608981198156988,0.0012067349154004352,25,10,0
43,1186,0.8868948544900591,0.00042743743226011867,0.11147106559342942,0.0012066424842502542,25,10,0
43,1187,0.887256871720203,0.00042744744805131416,0.11099355125996122,0.0013221295717836764,25,10,0
43,1188,0.8873472040790144,0.0004274475290093546,0.11090321956533328,0.001322128826642037,25,10,0
43,1189,0.8872017254805068,0.0004274477005419731,0.11104869715095371,0.0013221296679967753,25,10,0
43,1190,0.8889410024186084,0.0004276204513471856,0.10933813957404913,0.0012932375559947815,25,10,0
43,1191,0.9000820741302055,0.0004275903349122148,0.09931355889083868,0.0001767766440431992,25,10,0
43,1192,0.917146648316212,1.3708979301849848e-06,0.08267749278871962,0.0001744879971380554,25,10,0
43,1193,0.9360182245679524,9.180690695958266e-07,0.06380850628504313,0.00017235107793488912,25,10,0
43,1194,0.938215195215751,9.135768891244542e-07,0.06160457484133311,0.00017931636602660941,25,10,0
43,1195,0.940219665979417,8.175917575589924e-07,0.059600284476655246,0.00017923195216985142,25,10,0
43,1196,0.9301641963541608,6.056348360562399e-06,0.06962528929437475,0.000204458003103637,25,10,0
43,1197,0.9217310758026613,6.0816327056654645e-06,0.07805834071932341,0.00020450184530942646,25,10,0
43,1198,0.9054705134156245,6.076321929417004e-06,0.09431575577397468,0.0002076544884704743,25,10,0
43,1199,0.905734028574236,6.075781489650903e-06,0.09406046079688604,0.00019943484738738215,25,10,0
43,1200,0.9053937526556823,6.076888895004451e-06,0.09439400747790742,0.00020616297751431374,25,10,0
43,1201,0.9053413489295624,6.076511529197715e-06,0.09444640162091845,0.0002061729379892827,25,10,0
43,1202,0.9053165884347777,6.096777378523335e-06,0.09447114890503357,0.00020616588280981398,25,10,0
43,1203,0.8986607538542524,6.171217118189677e-06,0.10109357356918215,0.00023950135944679347,25,10,0
43,1204,0.8987326716693822,5.900832775904588e-06,0.10102194246521888,0.00023948503262255814,25,10,0
43,1205,0.8826646253471477,5.888989338948959e-06,0.11720584768660978,0.00012363797690298213,25,10,0
43,1206,0.8827511399771205,5.887868657299241e-06,0.11711951915220155,0.00012345300202014996,25,10,0
43,1207,0.876913195956064,5.891846727179155e-06,0.12295747457961642,0.0001234376175920116,25,10,0
43,1208,0.8605302049377268,5.892218041202697e-06,0.13934046189066737,0.00012344095356452885,25,10,0
43,1209,0.8605675453135063,5.872084868111146e-06,0.13930313904130007,0.00012344356032525366,25,10,0
43,1210,0.8702527257969643,5.858828308659225e-06,0.12962141699333726,0.00011999838138993378,25,10,0
43,1211,0.8701805073945974,6.0172089159890575e-06,0.1296971219274909,0.00011635346899612025,25,10,0
43,1212,0.8694887513391782,6.032922536268332e-06,0.1303887140966368,0.00011650164164919191,25,10,0
43,1213,0.883073099245817,6.0450423984904435e-06,0.11679938392160885,0.00012147179017574689,25,10,0
43,1214,0.8837743580255111,6.02916692999689e-06,0.11609828770224469,0.00012132510531437385,25,10,0
43,1215,0.8879652338324298,6.028920655416259e-06,0.11190900858208559,0.00011972866482943086,25,10,0
43,1216,0.8912154017388738,6.0299270639952934e-06,0.10865346422152188,0.00012510411254035438,25,10,0
43,1217,0.8894187793172111,6.7650434166064845e-06,0.11044917637800744,0.00012527926136557185,25,10,0
43,1218,0.8891835726435504,1.9172060986328182e-06,0.11071389452396874,0.00010061562638276448,25,10,0
43,1219,0.896840457608431,1.8934295143226466e-06,0.10305185377691331,0.00010579518514182613,25,10,0
43,1220,0.8909737826322423,1.892656306703573e-06,0.10892386253715572,0.00010046217429610767,25,10,0
43,1221,0.8909271565483666,2.1859623805947842e-06,0.1089701679749703,0.00010048951428320422,25,10,0
43,1222,0.8906173778420117,2.1859875976909706e-06,0.10927994494004299,0.00010049123034801708,25,10,0
43,1223,0.8720821954688255,3.126983037743052e-06,0.12780851187103542,0.00010616567710189346,25,10,0
43,1224,0.8722248357888384,3.13200451681857e-06,0.1276657455841717,0.00010628662247364613,25,10,0
43,1225,0.8721782979665187,3.1323853411467027e-06,0.12771228116667524,0.00010628848146518351,25,10,0
43,1226,0.8661373974446,2.99549080376254e-06,0.13375344421011784,0.00010616285447847232,25,10,0
43,1227,0.8641651216141345,3.03189570115287e-06,0.13571618163707586,0.0001156648530885672,25,10,0
43,1228,0.8476253147780135,3.60118137320461e-06,0.15225565082426787,0.00011543321634597807,25,10,0
43,1229,0.8580483752991266,3.2100799516954884e-06,0.141834856406592,0.00011355821432992342,25,10,0
43,1230,0.8583726571189128,3.208952273166913e-06,0.14151654683301507,0.00010758709579897342,25,10,0
43,1231,0.8580093973381547,3.214100789540059e-06,0.14187711464124267,0.00011027391981324997,25,10,0
43,1232,0.8588715914822411,3.857712409754545e-06,0.14101142313748785,0.00011312766786116111,25,10,0
43,1233,0.8599862239388473,3.830599086661084e-06,0.13990139769000218,0.00010854777206379747,25,10,0
43,1234,0.8666815336759014,3.586397717225257e-06,0.13323700484060352,7.78750857774721e-05,25,10,0
43,1235,0.8728904790174623,3.5859921447184766e-06,0.12702812045061,7.78145397834462e-05,25,10,0
43,1236,0.8579071635507263,4.225226812068515e-06,0.14201596769175223,7.26435307090807e-05,25,10,0
43,1237,0.8601229842340204,4.207070157061339e-06,0.13980430797495155,6.85007208712978e-05,25,10,0
43,1238,0.8599477118804502,4.207075614894366e-06,0.13997958414082057,6.849690311459656e-05,25,10,0
43,1239,0.8603906415602403,4.20775468050437e-06,0.13953665776254798,6.849292253164754e-05,25,10,0
43,1240,0.8734507709448575,8.699430439313002e-06,0.12647686236977299,6.366725493045446e-05,25,10,0
43,1241,0.8700832622193134,8.119242305202403e-06,0.12984491381008018,6.370472830130162e-05,25,10,0
43,1242,0.8588916953764947,8.129893720330656e-06,0.14103643208543817,6.374264434745605e-05,25,10,0
43,1243,0.8580535525699945,8.151106087763264e-06,0.14187707251529788,6.122380862037108e-05,25,10,0
43,1244,0.8741849086518378,7.55922272780435e-06,0.12574154215566075,6.598996977418337e-05,25,10,0
43,1245,0.852098403990655,7.581336009763314e-06,0.14782800201819601,6.601265513956206e-05,25,10,0
43,1246,0.8671297522241947,7.389436688595878e-06,0.13279762063214542,6.523770697139802e-05,25,10,0
43,1247,0.8334182567364193,9.765466695981845e-06,0.16650105729972794,7.092049715625124e-05,25,10,0
43,1248,0.8329405216076736,9.765561891586603e-06,0.16690007315451183,0.00014963967592241932,25,10,0
43,1249,0.8461856028736375,9.160357399469605e-06,0.15365082190004836,0.0001544148689142711,25,10,0
43,1250,0.8463150892435567,9.165477289408914e-06,0.1535213559385873,0.00015438934056592315,25,10,0
43,1251,0.8464546040039849,9.143438331198826e-06,0.15338188961091961,0.00015436294676366308,25,10,0
43,1252,0.846464319363875,9.138405232485208e-06,0.15337215483059827,0.00015438740029354118,25,10,0
43,1253,0.8464389559600298,9.139166498737803e-06,0.15339735973615604,0.00015454513731485178,25,10,0
43,1254,0.844435184866564,1.3619450097424673e-05,0.15537096634560216,0.00018022933773661966,25,10,0
43,1255,0.8498076425151733,7.898289970555411e-06,0.15000379767861377,0.0001806615162426009,25,10,0
43,1256,0.8483935961050961,7.745762196370466e-06,0.1514620902485682,0.00013656788413984384,25,10,0
43,1257,0.8479875042214489,8.011696473055967e-06,0.15186668969930653,0.00013779438277184333,25,10,0
43,1258,0.8472005039852333,7.999077925704413e-06,0.1526537076941265,0.00013778924271496846,25,10,0
43,1259,0.8479250993003431,7.5670870678129845e-06,0.15193173263909537,0.0001356009734941041,25,10,0
43,1260,0.854688202931827,7.572113589587237e-06,0.14516861873116388,0.0001356062234197772,25,10,0
43,1261,0.8552376871968097,7.571851719042421e-06,0.1446978546750717,5.6886276399718e-05,25,10,0
43,1262,0.8557966387442881,7.300870931065991e-06,0.1441405232238197,5.553716096129217e-05,25,10,0
43,1263,0.8582807143528519,7.265605840194067e-06,0.14166128484861112,5.0735192696611713e-05,25,10,0
43,1264,0.8592608091011398,7.265280755293559e-06,0.14068119031926815,5.073529883691496e-05,25,10,0
43,1265,0.8600360200726063,7.255312162237214e-06,0.13990179429076577,5.493032446602324e-05,25,10,0
43,1266,0.859880336592417,7.255677957831186e-06,0.1400574530801672,5.495464945827945e-05,25,10,0
43,1267,0.8877492977788559,4.879286047451892e-06,0.11219664310807272,4.9179827024221294e-05,25,10,0
43,1268,0.8676801821351338,4.875159019926299e-06,0.13226575426228263,4.918844356306391e-05,25,10,0
43,1269,0.8611820775827436,5.111261677821368e-06,0.13876250600950815,5.0305146070408367e-05,25,10,0
43,1270,0.8662656402746047,5.25553970891837e-06,0.1336586342235348,7.046996215128134e-05,25,10,0
43,1271,0.8873386918854212,5.2365744645822476e-06,0.11258559606505691,7.047547505706011e-05,25,10,0
43,1272,0.8877418936506435,5.224950000104448e-06,0.11218676978382547,6.611161553101718e-05,25,10,0
43,1273,0.8789085121047261,5.51189722935167e-06,0.12099294808301747,9.302791502714501e-05,25,10,0
43,1274,0.8683094745857152,5.512108799947393e-06,0.13159198372200942,9.302958347579349e-05,25,10,0
43,1275,0.906320690262432,5.512667800917693e-06,0.09357806974793238,9.572732183473169e-05,25,10,0
43,1276,0.9122979291084722,5.363242292114569e-06,0.08762115739650313,7.555025273235378e-05,25,10,0
43,1277,0.9123322889553326,5.363137286698244e-06,0.08758680532987549,7.554257750500193e-05,25,10,0
43,1278,0.910814892079991,5.3819626337701755e-06,0.08910391775849956,7.580819887559898e-05,25,10,0
43,1279,0.9060345028473619,5.382146288170627e-06,0.09388428238830715,7.58326180426692e-05,25,10,0
43,1280,0.9126221329773533,5.149241450461652e-06,0.08729620612401603,7.651165717979503e-05,25,10,0
43,1281,0.9124170636214451,5.1481210365237895e-06,0.0875012822701189,7.650598739949089e-05,25,10,0
43,1282,0.9130317127911955,5.1389373234946935e-06,0.08689156300919733,7.158526228338812e-05,25,10,0
43,1283,0.9121210981696022,5.158155381152585e-06,0.08780121903529325,7.25246397226591e-05,25,10,0
43,1284,0.9178547231628634,4.0054024605047835e-07,0.08209800909242665,4.686720446329795e-05,25,10,0
43,1285,0.9180856611129998,3.93726334232125e-07,0.08186698804105247,4.695711961285559e-05,25,10,0
43,1286,0.9182230926018703,3.7429449410460274e-07,0.081729529983934,4.700311970082806e-05,25,10,0
43,1287,0.9096918226765315,6.698348131499173e-06,0.09025230623733543,4.917273800072044e-05,25,10,0
43,1288,0.9092533904199835,6.6976441603136454e-06,0.09069073931658655,4.917261926868487e-05,25,10,0
43,1289,0.8859483490590453,7.551543600147342e-06,0.1138804343871371,0.00016366501021616368,25,10,0
43,1290,0.8512443473555966,8.913500629819566e-06,0.14857949323754796,0.0001672459062253123,25,10,0
43,1291,0.8474145522084736,8.91805542343289e-06,0.1524068932944248,0.00016963644167785022,25,10,0
43,1292,0.8457593090531692,8.917653785076925e-06,0.15406214612621066,0.0001696271668347215,25,10,0
43,1293,0.844157413113039,9.73284700505147e-06,0.15566028447525035,0.00017256956470515972,25,10,0
43,1294,0.8350686203770006,3.4034037146373678e-06,0.16475459595288114,0.00017338026640306643,25,10,0
43,1295,0.8311969912768903,3.663242440916438e-06,0.1686280091974315,0.00017133628323694343,25,10,0
43,1296,0.8547393887699026,2.8059414740350773e-06,0.14520276238953572,5.504289908733855e-05,25,10,0
43,1297,0.8565545963320595,2.805877924911172e-06,0.14338757127570295,5.502651431256368e-05,25,10,0
43,1298,0.8788980286119652,3.867597975657329e-06,0.12103815244319258,5.995134686615524e-05,25,10,0
43,1299,0.8515294517605444,4.2293672451172685e-06,0.148404735067557,6.158380465308339e-05,25,10,0
43,1300,0.8552997646545812,4.224818960792214e-06,0.14463534740668343,6.066311977412977e-05,25,10,0
43,1301,0.8555440229350527,4.224629337181343e-06,0.14439111566278293,6.0636772826361134e-05,25,10,0
43,1302,0.8493985994868667,4.234716536445556e-06,0.15048488156282164,0.00011228423377484305,25,10,0
43,1303,0.8364670955379095,4.255788378046232e-06,0.163419456501992,0.00010919217171917995,25,10,0
43,1304,0.7974071505665763,6.807464327730648e-06,0.2024705236521324,0.00011551831696171843,25,10,0
43,1305,0.8007320952352244,5.750253851045102e-06,0.19915080338663338,0.00011135112428962948,25,10,0
43,1306,0.7913206332372603,6.361498495753889e-06,0.20861319723012653,5.980803411576439e-05,25,10,0
43,1307,0.7912864020952892,6.364477496432359e-06,0.20864882646779734,5.840695941513846e-05,25,10,0
43,1308,0.7928930539569043,6.350695199778507e-06,0.20704698476207106,5.361058582329406e-05,25,10,0
43,1309,0.791465730832187,6.351385180836561e-06,0.2084692489942973,5.866878833301828e-05,25,10,0
43,1310,0.7912120663971898,6.351455446992185e-06,0.20872278708279862,5.8795064562907445e-05,25,10,0
43,1311,0.7955026277588635,6.086439915354382e-06,0.2044331441905879,5.8141610631233326e-05,25,10,0
43,1312,0.7892765842172494,6.098161165069208e-06,0.2106591579232404,5.815969834331676e-05,25,10,0
43,1313,0.777943586453748,6.095136780420521e-06,0.2219934038287275,5.691458074259655e-05,25,10,0
43,1314,0.7503847228238791,6.114484695230644e-06,0.24954779550960293,6.136718182126369e-05,25,10,0
43,1315,0.7847792856202725,4.975273694364663e-06,0.21515853001660695,5.720908942435336e-05,25,10,0
43,1316,0.7755009689249225,4.984736479858406e-06,0.22443428701924872,5.975931934758791e-05,25,10,0
43,1317,0.7881026467631672,4.976771491377417e-06,0.21183518499373136,5.7191471608854076e-05,25,10,0
43,1318,0.7810580835668113,4.9779358650385444e-06,0.2188798151613639,5.712333595864484e-05,25,10,0
43,1319,0.7900043144139549,4.609222028902409e-06,0.2099340077118229,5.706865219212304e-05,25,10,0
43,1320,0.7911812388032957,4.612456468172707e-06,0.20875706420631088,5.708453392413298e-05,25,10,0
43,1321,0.7904413148810399,4.622120544917385e-06,0.20949518639562587,5.887660278790069e-05,25,10,0
43,1322,0.7918584358073217,4.621447877084688e-06,0.2080831222441638,5.3820500636049065e-05,25,10,0
43,1323,0.772542603846267,1.4788237761500793e-05,0.22605163369780065,0.001390974218169328,25,10,0
43,1324,0.73904237681064,1.4811725706693323e-05,0.25955187474173524,0.0013909367219166495,25,10,0
43,1325,0.7633299097325492,3.321450820223038e-05,0.23524442230610199,0.001392453453145149,25,10,0
43,1326,0.7810925443773944,3.321430201252537e-05,0.21748479387260897,0.0013894474479826458,25,10,0
43,1327,0.7814973602767746,3.3209327611455684e-05,0.21708000683819834,0.0013894235574141128,25,10,0
43,1328,0.7879450863287674,3.2956960878093605e-05,0.21063258295975973,0.0013893737505937562,25,10,0
43,1329,0.7879465885187248,3.295696899230949e-05,0.21063107989446156,0.0013893746178202414,25,10,0
43,1330,0.764983160494168,3.295715516476168e-05,0.2335945239500835,0.0013893584005828263,25,10,0
43,1331,0.7807396554050551,3.0405668707579528e-05,0.21784623388149535,0.0013837050447406205,25,10,0
43,1332,0.763301721500609,3.039682483931433e-05,0.2352800628068251,0.0013878188677254517,25,10,0
43,1333,0.7340326234244047,3.0397558171099107e-05,0.2645490571654322,0.001387921851989572,25,10,0
43,1334,0.7485087574227801,3.0397666291930426e-05,0.2500729257048799,0.0013879192060461804,25,10,0
43,1335,0.7733595847694665,2.0219066109691923e-05,0.22656935714061394,5.08390238082086e-05,25,10,0
43,1336,0.7980998969441201,2.3290317230426975e-05,0.20183134629013086,4.5466448517031256e-05,25,10,0
43,1337,0.7877805286540657,2.32893756425671e-05,0.21214877251330883,4.7409456981615715e-05,25,10,0
43,1338,0.7985006470934506,2.3285283788275287e-05,0.20143064930190652,4.5418320853137134e-05,25,10,0
43,1339,0.8145298536983573,2.3285066644223412e-05,0.1854014442560122,4.5416978984470754e-05,25,10,0
43,1340,0.8256206161134638,2.3286152783932085e-05,0.17431070374820706,4.539398554328836e-05,25,10,0
43,1341,0.8549289731664566,2.32851555573947e-05,0.14500245229562717,4.5289382358423494e-05,25,10,0
43,1342,0.8514674709926746,2.328522613155613e-05,0.148463954110544,4.5289670649383744e-05,25,10,0
43,1343,0.8512295893375915,2.3285539266912868e-05,0.14869976921116634,4.7355911974861225e-05,25,10,0
43,1344,0.8517677862119295,2.328273166643791e-05,0.14816159664652384,4.733440987975381e-05,25,10,0
43,1345,0.828150208862277,2.330469253623991e-05,0.17177711785526376,4.936858992223572e-05,25,10,0
43,1346,0.8332022368231234,2.3144429011858293e-05,0.16675056201553967,2.4056732323682376e-05,25,10,0
43,1347,0.8272696027763204,2.9227945576264756e-05,0.17264803216385743,5.313711424466169e-05,25,10,0
43,1348,0.8335045004560555,2.9223825034141856e-05,0.16641313833218466,5.313738672447112e-05,25,10,0
43,1349,0.8340108417534715,2.9219096120370008e-05,0.16590758856362722,5.235058677947561e-05,25,10,0
43,1350,0.8266018596313994,2.92039833682897e-05,0.173257118013889,0.00011181837134226604,25,10,0
43,1351,0.8067710901196155,1.0939038705156884e-05,0.1910763333255279,0.00214163751614942,25,10,0
43,1352,0.7937952680315924,1.126704538323319e-05,0.20405027137474524,0.002143193548277263,25,10,0
43,1353,0.785879022949367,1.1277494439213216e-05,0.21196181704295136,0.0021478825132406417,25,10,0
43,1354,0.7861864226543449,1.1278256057868001e-05,0.2116517613607265,0.0021505377288686687,25,10,0
43,1355,0.7978327612753935,1.1116543773635869e-05,0.2020369886796739,0.0001191335011568623,25,10,0
43,1356,0.796139548858038,1.1116607796118e-05,0.20373015074987236,0.00011918378429121447,25,10,0
43,1357,0.7957716635232495,1.0893890532664889e-05,0.2041003764603986,0.00011706612581696186,25,10,0
43,1358,0.7921163389643805,1.089613025160777e-05,0.20775500912917405,0.00011775577619153758,25,10,0
43,1359,0.789216058319321,2.0547745015356148e-05,0.21064687131375032,0.00011652262191130125,25,10,0
43,1360,0.757412315536464,2.2712621764076056e-05,0.24244817121409207,0.00011680062767825062,25,10,0
43,1361,0.760641532235909,2.258631931336315e-05,0.23922144194172693,0.00011443950304871769,25,10,0
43,1362,0.7603836871840275,2.2584079780256948e-05,0.23948000290809485,0.00011372582809545275,25,10,0
43,1363,0.756235142561771,2.2565227571023723e-05,0.21371155728801838,0.03003073492263886,25,10,0
43,1364,0.7568609498121126,2.2565589624564097e-05,0.21308584163799513,0.030030642960267393,25,10,0
43,1365,0.7840110039403808,2.2202462349729498e-05,0.1859379196528284,0.03002887394444044,25,10,0
43,1366,0.8161396934894022,2.2180096208957584e-05,0.1538113400113413,0.030026786403047047,25,10,0
43,1367,0.8158563561224839,2.218038718576504e-05,0.15409465028676037,0.03002681320356964,25,10,0
43,1368,0.815730330209952,2.2181005150423138e-05,0.1542206951936368,0.03002679359126033,25,10,0
43,1369,0.8128156516286447,1.2529081203307177e-05,0.1571458582270733,0.0300259610630782,25,10,0
43,1370,0.8067227656103345,1.2546161053087816e-05,0.1632386842286521,0.030026003999959278,25,10,0
43,1371,0.768078682454192,1.2573630813965042e-05,0.20186801882652947,0.030040725088465208,25,10,0
43,1372,0.7697388569678947,1.2573731891659945e-05,0.2002079132996985,0.03004065600051586,25,10,0
43,1373,0.7697449121097258,1.257345603149586e-05,0.20020176277041646,0.030040751663826935,25,10,0
43,1374,0.7927296592412055,1.257332264303901e-05,0.1772176754165054,0.030040092019646275,25,10,0
43,1375,0.7926727326167929,1.257371183299355e-05,0.17727424445729123,0.030040449214082807,25,10,0
43,1376,0.7985583627416409,1.2562205186438928e-05,0.17138587877686517,0.030043196276307516,25,10,0
43,1377,0.8239515832257435,1.253781193043582e-05,0.1460065460419084,0.03002933292041805,25,10,0
43,1378,0.8145887623329152,1.7238436886528297e-05,0.15409419838611607,0.031299800844082556,25,10,0
43,1379,0.8144758112662585,1.7238420019045396e-05,0.15420717493629946,0.03129977537742312,25,10,0
43,1380,0.8137421258080036,1.724740031415763e-05,0.154896435924547,0.03134419086713549,25,10,0
43,1381,0.815230095602321,1.6432009185168804e-05,0.1534130507245059,0.03134042166398821,25,10,0
43,1382,0.8207854914243811,1.6432388566628927e-05,0.14785765269994977,0.03134042348710267,25,10,0
43,1383,0.8208375540996141,1.6440446245666238e-05,0.14780450178929497,0.031341503664845456,25,10,0
43,1384,0.8224817821524408,1.627014172227103e-05,0.14607411542680482,0.031427832279032106,25,10,0
43,1385,0.798119003252704,1.6278032771804675e-05,0.16728060039235382,0.034584118322170246,25,10,0
43,1386,0.8015047554321271,1.628068776668471e-05,0.16389484401921808,0.03458411986088809,25,10,0
43,1387,0.8016527540642739,1.627805668918389e-05,0.16374684815193785,0.03458411972709898,25,10,0
43,1388,0.8091331101863786,1.6279212409061813e-05,0.1562672950905848,0.034583315510627766,25,10,0
43,1389,0.7943423434647892,1.630118272562435e-05,0.17105498547439693,0.03458636987808827,25,10,0
43,1390,0.7906570452209561,1.63010844218645e-05,0.17474023942248837,0.03458641427213354,25,10,0
43,1391,0.7986890635136216,1.629079587307321e-05,0.16671297763962617,0.03458166805087919,25,10,0
43,1392,0.8076449322969452,1.6286799843349017e-05,0.15781685014107993,0.0345219307621312,25,10,0
43,1393,0.8075971174273526,1.628710400625515e-05,0.15786474199420164,0.03452185347443928,25,10,0
43,1394,0.7718796112093813,1.67752644489377e-05,0.19345279202668267,0.03465082149948786,25,10,0
43,1395,0.765751819564283,1.677363972645613e-05,0.1899764627644963,0.044254944031494936,25,10,0
43,1396,0.7647271482913338,1.6775046316797126e-05,0.19100113406908698,0.04425494259326307,25,10,0
43,1397,0.7534663577694917,2.262437170916241e-05,0.2006953285905606,0.04581568926823947,25,10,0
43,1398,0.7532025199348119,2.262412626437029e-05,0.2009617650239824,0.045813090914942005,25,10,0
43,1399,0.7554630047360394,1.6536806183910714e-05,0.19873515744589398,0.045785301011883064,25,10,0
43,1400,0.775034637324206,1.4751460486901245e-05,0.17916466835077619,0.04578594286453098,25,10,0
43,1401,0.7750886248344772,1.475109612727585e-05,0.179113425110825,0.04578319895857082,25,10,0
43,1402,0.7814602286258981,1.4375895416876628e-05,0.1727431151628069,0.04578228031587758,25,10,0
43,1403,0.7965197817042095,1.43529068706558e-05,0.15768659340441427,0.045779271984505036,25,10,0
43,1404,0.8002958722465816,1.4357799730244646e-05,0.15391180644800476,0.04577796350568269,25,10,0
43,1405,0.8001576682630465,1.4357904761017603e-05,0.15405000618443956,0.0457779676477523,25,10,0
43,1406,0.8019097991261721,1.4360438599149604e-05,0.15230288415594845,0.0457729562792796,25,10,0
43,1407,0.8016375882324757,1.4360431851387146e-05,0.15257509557365334,0.04577295576201883,25,10,0
43,1408,0.8017631944793486,1.4359824335168298e-05,0.1524494917259616,0.045772953970354094,25,10,0
43,1409,0.8015731547779346,1.4673493379874999e-05,0.152639188259293,0.045772983469391765,25,10,0
43,1410,0.7793092124522599,1.5096371623924927e-05,0.17478549906664104,0.04589019210947575,25,10,0
43,1411,0.7789057435330682,1.5088888016676265e-05,0.17519005333331455,0.04588911424560128,25,10,0
43,1412,0.8031109259444194,1.509540035955559e-05,0.15413979763983018,0.04273418101539141,25,10,0
43,1413,0.8031240261699781,1.5095376226226868e-05,0.1541270564344678,0.042733822019328106,25,10,0
43,1414,0.8206615919578475,1.5095087878080659e-05,0.1365881837632991,0.042735129190975864,25,10,0
43,1415,0.8071227319839713,1.521518278000913e-05,0.15009463572604012,0.04276741710720916,25,10,0
43,1416,0.8324043837004198,1.5217743882469513e-05,0.16145405773450164,0.006126340821196443,25,10,0
43,1417,0.8402068775638821,9.373081689184898e-06,0.15521794396886274,0.004565805385566424,25,10,0
43,1418,0.8437198319878242,6.263046963081454e-06,0.15170808705721933,0.004565817907993729,25,10,0
43,1419,0.842730760109387,7.07683738864997e-06,0.1526974449055936,0.004564718147630339,25,10,0
43,1420,0.8207993035840989,7.100128601785394e-06,0.17467328641702573,0.004520309870273238,25,10,0
43,1421,0.8208784379563844,6.864039401927985e-06,0.17459438691819532,0.004520311086018065,25,10,0
43,1422,0.8210594357129204,6.858814760819977e-06,0.17441344220391958,0.004520263268398803,25,10,0
43,1423,0.82524973736145,6.701487294425285e-06,0.1701893010226449,0.004554260128610318,25,10,0
43,1424,0.7928717177838353,6.777707700464206e-06,0.202552125543091,0.004569378965372051,25,10,0
43,1425,0.792864089983134,6.777621169622017e-06,0.20255973197918872,0.0045694004165062665,25,10,0
43,1426,0.7928279910385077,6.777873890341066e-06,0.20259454266503385,0.004570688422567423,25,10,0
43,1427,0.8009375915718827,6.777562951921306e-06,0.19460682363378393,0.004448807231380867,25,10,0
43,1428,0.8011844027751251,6.777399216964117e-06,0.19436004641762863,0.004448773408028716,25,10,0
43,1429,0.806909343888449,6.778081356588935e-06,0.1886351832694635,0.004448694760730743,25,10,0
43,1430,0.8036303690705582,6.78165000539207e-06,0.1918786483607628,0.004484200918673501,25,10,0
43,1431,0.7975010891416885,6.783738427197416e-06,0.19681231433176272,0.005679812788121716,25,10,0
43,1432,0.820451590305907,6.359250147551863e-06,0.17390405983924295,0.005637990604702421,25,10,0
43,1433,0.8144558316103578,6.359215091619161e-06,0.1799753234124629,0.005562485762087681,25,10,0
43,1434,0.8211124740893616,6.359064477159662e-06,0.17331868193819475,0.005562484907966352,25,10,0
43,1435,0.8350720261445496,6.238652979116548e-06,0.15939152167422926,0.005530213528241743,25,10,0
43,1436,0.8347703066091446,6.161538751196926e-06,0.15969325520181993,0.005530276650283966,25,10,0
43,1437,0.8588417645458177,6.129305280463475e-06,0.13562181336611004,0.005530292782791387,25,10,0
43,1438,0.8584682300157788,6.129477861732774e-06,0.135993986638648,0.005531653867711009,25,10,0
43,1439,0.8430296159867037,7.3436616999953744e-06,0.1514285099232339,0.005534530428362482,25,10,0
43,1440,0.8430771561251418,7.341679394604611e-06,0.1513663805246411,0.005549121670822456,25,10,0
43,1441,0.8350232032015567,7.351444363597e-06,0.15942037502496,0.0055490703291203505,25,10,0
43,1442,0.8337115976964075,7.603779219576074e-06,0.1607317077695266,0.005549090754846901,25,10,0
43,1443,0.8061872264057338,9.262126870155736e-06,0.1625566096031678,0.031246901864228266,25,10,0
43,1444,0.8101426683009191,9.00964396463143e-06,0.1586014648820912,0.0312468571730252,25,10,0
43,1445,0.8168112822648388,7.73343878982075e-06,0.1716473328801028,0.011533651416269082,25,10,0
43,1446,0.7869924599952544,7.734889936558095e-06,0.20146597826746113,0.01153382684734854,25,10,0
43,1447,0.7872268174780273,7.735925488187512e-06,0.20123165739091367,0.011533789205571408,25,10,0
43,1448,0.796881767087989,3.0404437675100826e-06,0.19285183470349945,0.010263357764744272,25,10,0
43,1449,0.8299711830120872,2.6493229527860055e-06,0.15986689180248043,0.010159275862480308,25,10,0
43,1450,0.844518092051297,2.646134083358345e-06,0.14820015076772833,0.007279111046892034,25,10,0
43,1451,0.8333207111894181,2.793132508608483e-06,0.15935667747968243,0.0073198181983908615,25,10,0
43,1452,0.8362098440965293,2.7901918845761914e-06,0.15650036735867678,0.007286998352909615,25,10,0
43,1453,0.852366253199563,1.5760231154705595e-06,0.14034809152006777,0.0072840792572546635,25,10,0
43,1454,0.8505490353550669,1.636549881068044e-06,0.14216495864352743,0.00728436945152544,25,10,0
43,1455,0.8585345546730262,1.6265946328757974e-06,0.1341792112252239,0.007284607507117518,25,10,0
43,1456,0.8650522473564389,1.6722004266652897e-06,0.12764988222696158,0.007296198216173167,25,10,0
43,1457,0.8648226321331794,1.6671864182938651e-06,0.12787953434805466,0.007296166332348016,25,10,0
43,1458,0.8631073263699188,1.6686498861992663e-06,0.12959463538882546,0.007296369591370032,25,10,0
43,1459,0.8632317378392308,1.6684645224252396e-06,0.12947024185764766,0.007296351838599568,25,10,0
43,1460,0.8899482910047679,1.2819202982258513e-06,0.10873868209636854,0.001311744978565603,25,10,0
43,1461,0.8894491569080543,1.282267229443447e-06,0.10923781196048708,0.0013117488642294358,25,10,0
43,1462,0.8963848351079374,1.283395307240188e-06,0.10349770736377714,0.0001161741329783448,25,10,0
43,1463,0.9282676817724343,1.2073323540100976e-06,0.07163003012167635,0.00010108077353571405,25,10,0
43,1464,0.9287335298694123,1.2069975540635347e-06,0.07116418189543194,0.00010108123760210016,25,10,0
43,1465,0.9261372299483399,2.2591730728884694e-06,0.07375917978489611,0.00010133109369150143,25,10,0
43,1466,0.926312678976926,2.259660535300835e-06,0.07358501590442482,0.00010004545811388368,25,10,0
43,1467,0.9293526625816252,2.2551041402589757e-06,0.07053517865967233,0.00010990365456257812,25,10,0
43,1468,0.9290710325616653,2.265943394545393e-06,0.07081674584610934,0.00010995564883132173,25,10,0
43,1469,0.931740071356936,2.175374410488946e-06,0.06817266006490906,8.509320374495944e-05,25,10,0
43,1470,0.8974794241646881,2.1728758883709803e-06,0.10214145959420756,0.0003769433652173207,25,10,0
43,1471,0.8976348631460216,2.173146542524852e-06,0.10198600707984486,0.0003769566275920281,25,10,0
43,1472,0.8968783412622079,2.1730486467408775e-06,0.10275259426722708,0.00036689142191930445,25,10,0
43,1473,0.8920861129244588,2.3741297989415323e-06,0.10751379437020978,0.0003977185755326156,25,10,0
43,1474,0.8958828771193907,2.3738708296372426e-06,0.10371836373929436,0.0003963852704853324,25,10,0
43,1475,0.8941405075230727,2.3823708292725085e-06,0.1054631083320908,0.0003940017740073951,25,10,0
43,1476,0.8764783904129132,1.564791312778832e-06,0.12312553740574238,0.0003945073900314326,25,10,0
43,1477,0.8735703605530089,1.5683832263814094e-06,0.1260335294780904,0.00039454158567409705,25,10,0
43,1478,0.9023349843912282,1.5719548793106907e-06,0.09712559660490394,0.0005378470489886744,25,10,0
43,1479,0.8921642879764707,1.5723719022620778e-06,0.10729424976282932,0.0005398898887983828,25,10,0
43,1480,0.8899783353817837,1.6590675670229344e-06,0.10945800155374616,0.000562003996903962,25,10,0
43,1481,0.8718284085461434,3.1008079880739676e-05,0.12743878924886198,0.000701794125114448,25,10,0
43,1482,0.8915844611699358,4.126978538125817e-05,0.10796349250178397,0.0004107765428992269,25,10,0
43,1483,0.8934014531306659,4.1209437894647305e-05,0.10614685020114256,0.00041048723029715885,25,10,0
43,1484,0.9081408271689944,3.0946069658248094e-05,0.09141853722667363,0.0004096895346736108,25,10,0
43,1485,0.9037227200389999,3.094596182893723e-05,0.09583665463875195,0.0004096793604190439,25,10,0
43,1486,0.8989285637396243,3.094942269383656e-05,0.10063098291545408,0.00040950392222777047,25,10,0
43,1487,0.9040108605839784,3.075681398851309e-05,0.09560122744838581,0.00035715515364713506,25,10,0
43,1488,0.9052474839940041,3.127908532388786e-05,0.09436189353961742,0.00035934338105439646,25,10,0
43,1489,0.9055307323561178,3.1275952402916685e-05,0.09409324074506227,0.00034475094641683466,25,10,0
43,1490,0.9063395884810396,3.127182673713313e-05,0.09342780008278405,0.00020133960943913398,25,10,0
43,1491,0.9056500601754217,3.074459742345435e-05,0.09410690220630713,0.0002122930208475043,25,10,0
43,1492,0.9249283512553876,3.073394313244495e-05,0.07482935746528208,0.0002115573361975036,25,10,0
43,1493,0.9269087794443476,3.0729692244272006e-05,0.07286237710026021,0.00019811376314759536,25,10,0
43,1494,0.9249130737135453,3.073063610308833e-05,0.07485791085149339,0.00019828479885794704,25,10,0
43,1495,0.8909691205491024,3.310597826949604e-05,0.10847632025752439,0.0005214532151042777,25,10,0
43,1496,0.8756674997431274,3.371088297896352e-05,0.1235330156162394,0.0007657737576550656,25,10,0
43,1497,0.8772682963847732,3.311234492952301e-05,0.12212690810399154,0.0005716831663065272,25,10,0
43,1498,0.8955196862406163,3.7632880258915785e-06,0.10404467595530587,0.0004318745160529136,25,10,0
43,1499,0.8972453065452859,3.7621585899421083e-06,0.10231926549855856,0.000431665797566545,25,10,0
43,1500,0.8978637655042122,3.7675990094158833e-06,0.10169937670423876,0.0004330901925402624,25,10,0
43,1501,0.8963843910047464,3.7867456948819134e-06,0.10317866189300888,0.00043316035655055956,25,10,0
43,1502,0.8966533229184422,3.7760342314946496e-06,0.10290974112345136,0.00043315992387573055,25,10,0
43,1503,0.8967753267516572,3.7760536389642736e-06,0.10278773588537027,0.00043316130933398735,25,10,0
43,1504,0.8902552359316283,3.7758501422159357e-06,0.1093091585349232,0.00043182968330650974,25,10,0
43,1505,0.8893796250649953,4.508761361356242e-06,0.11018384880695603,0.00043201736668767706,25,10,0
43,1506,0.8995415173751897,4.50834956299599e-06,0.10002397319842414,0.00043000107682374653,25,10,0
43,1507,0.8994803353327641,4.5083387635717555e-06,0.10008515739402486,0.0004299989344481095,25,10,0
43,1508,0.899928202800905,4.310077759254614e-06,0.09963017086917562,0.00043731625216078546,25,10,0
43,1509,0.9005147641775473,3.5769798333874484e-06,0.0990444887984256,0.0004371700441945415,25,10,0
43,1510,0.9005153497625993,3.576983243167702e-06,0.09904390274150218,0.00043717051265604366,25,10,0
43,1511,0.9137595358174998,3.6740234875161116e-06,0.08584981879485921,0.000386971364153714,25,10,0
43,1512,0.9157876406402541,2.621846656067808e-06,0.08382302124416845,0.00038671626892174674,25,10,0
43,1513,0.9146174576130397,3.324044375002988e-06,0.08499087838595154,0.0003883399566337773,25,10,0
43,1514,0.9149948941254432,3.2203898692623766e-06,0.08461313250802162,0.00038875297666601626,25,10,0
43,1515,0.9150175280436382,3.2204072239550014e-06,0.08459040018257827,0.0003888513665596742,25,10,0
43,1516,0.9303405030781778,3.237501938460007e-06,0.0692628889841071,0.00039337043577663806,25,10,0
43,1517,0.9320116592680217,3.218161013233489e-06,0.06759183871555252,0.0003932838554125746,25,10,0
43,1518,0.9315321415438755,3.2279340824873156e-06,0.06807026656290105,0.00039436395914101765,25,10,0
43,1519,0.9312589597602984,3.2299542589979186e-06,0.06834340482439663,0.0003944054610460451,25,10,0
43,1520,0.9277547655083468,3.2362212886370897e-06,0.07184757460270828,0.00039442366765637905,25,10,0
43,1521,0.9279190667617483,3.235329020026773e-06,0.07168334377569369,0.0003943541335377867,25,10,0
43,1522,0.9288895503220239,4.331743176029033e-06,0.07071172114028766,0.00039439679451248725,25,10,0
43,1523,0.9289784574961657,4.331778124597316e-06,0.07062325773361118,0.0003939529920985928,25,10,0
43,1524,0.9257593281589339,4.567711642667444e-06,0.07384211985236723,0.0003939842770561707,25,10,0
43,1525,0.9243880713670929,4.568388851111945e-06,0.0752079044533613,0.00039945579069464854,25,10,0
43,1526,0.9239226488019932,4.568371996621189e-06,0.07567333121356995,0.0003994516124401604,25,10,0
43,1527,0.9244523844106518,4.563086876431572e-06,0.07514498960522528,0.0003980628972464112,25,10,0
43,1528,0.890355877936229,5.1075912282540506e-06,0.1090970478028603,0.0005419666696832433,25,10,0
43,1529,0.8902392643401756,5.107554704484923e-06,0.10921371297034481,0.0005419151347756445,25,10,0
43,1530,0.8835642014008411,5.812373912155905e-06,0.11588791659741707,0.0005420696278301172,25,10,0
43,1531,0.8833391821742314,5.805865129870293e-06,0.11611288735199539,0.0005421246086438853,25,10,0
43,1532,0.8833471306983259,5.805866908297877e-06,0.11610493882501995,0.0005421246097461338,25,10,0
43,1533,0.8949000618072407,5.1013483666024734e-06,0.10455278595191052,0.0005420508924824739,25,10,0
43,1534,0.8952023816594007,5.101178510594038e-06,0.10425050702851583,0.0005420101335732499,25,10,0
43,1535,0.895152824293263,5.100512895996654e-06,0.10430024741495858,0.000541827778882673,25,10,0
43,1536,0.8841880941741035,5.100509459697635e-06,0.11526492829936834,0.0005418770170686588,25,10,0
43,1537,0.8886729521461558,5.092544460127163e-06,0.11081824688885503,0.0005037084205292895,25,10,0
43,1538,0.8827372490179587,5.09667564063101e-06,0.11675400000232655,0.0005036543040745138,25,10,0
43,1539,0.889236807566011,5.0968223671995105e-06,0.11025443945449945,0.0005036561571227549,25,10,0
43,1540,0.8895581389563063,5.087220809549993e-06,0.10993422201674069,0.0005025518061441122,25,10,0
43,1541,0.8903671314308892,5.066781369774619e-06,0.10913066076150373,0.0004971410262382291,25,10,0
43,1542,0.8701735414538289,6.203566823639329e-06,0.12932309874544193,0.0004971562339061655,25,10,0
43,1543,0.870317902347421,6.203390151465454e-06,0.12917874077990843,0.0004971534825196857,25,10,0
43,1544,0.8733497317513985,5.96804536480145e-06,0.12614712882919057,0.0004971713740467585,25,10,0
43,1545,0.8469382902171917,5.968552532049015e-06,0.15255858405043227,0.0004971571798445347,25,10,0
43,1546,0.849314211508538,6.588484854817724e-06,0.15018101202537257,0.000498187981234964,25,10,0
43,1547,0.8436056015923512,6.605921653665336e-06,0.15588875271692534,0.0004990397690703795,25,10,0
43,1548,0.8435983537958084,6.605868037098501e-06,0.15589601305445466,0.0004990272817004981,25,10,0
43,1549,0.8263659634945526,7.309106484445477e-06,0.17302018396781407,0.0006065434311496033,25,10,0
43,1550,0.8260595608690283,7.309495904641181e-06,0.17332435717483619,0.0006087724602314064,25,10,0
43,1551,0.8524524008073056,7.30884866914761e-06,0.14693153032885234,0.0006087600151734749,25,10,0
43,1552,0.8531520118822177,6.514301277804929e-06,0.1462315065052376,0.0006099673112674986,25,10,0
43,1553,0.8725497817149264,5.377537641125926e-06,0.12683476738157315,0.0006100733658600505,25,10,0
43,1554,0.877353095034539,4.8506810062477376e-06,0.12185380651483686,0.000788247769618013,25,10,0
43,1555,0.8414487934868713,6.899324687855659e-06,0.15775727450225616,0.0007870326861854939,25,10,0
43,1556,0.8415691286759409,6.925855184997777e-06,0.15763657333234918,0.0007873721365258269,25,10,0
43,1557,0.8384136343551795,6.850700298003747e-06,0.16081425244864903,0.0007652624958740359,25,10,0
43,1558,0.8421969816178749,6.842415868897785e-06,0.15703097449686637,0.000765201469390629,25,10,0
43,1559,0.8330416728159932,6.842814768770485e-06,0.16610373530447775,0.000847749064760669,25,10,0
43,1560,0.8333120048967553,6.842477997798642e-06,0.16583562697608267,0.0008455256491647095,25,10,0
43,1561,0.8333083983043906,6.842472363088724e-06,0.16583923361067576,0.0008455256125709368,25,10,0
43,1562,0.8386633008234533,6.833478102346394e-06,0.16048350803646433,0.0008463576619805427,25,10,0
43,1563,0.8377166098326876,7.062809890365481e-06,0.16142985527265313,0.0008464720847694438,25,10,0
43,1564,0.8669481598344793,4.9575780677069e-06,0.13216882942811545,0.0008780531593381911,25,10,0
43,1565,0.831680043376158,4.9594317639485156e-06,0.1674367008522969,0.0008782963397815949,25,10,0
43,1566,0.8314336207767038,4.734574851360367e-06,0.16768284212824766,0.0008788025201975607,25,10,0
43,1567,0.8310367470651332,4.7347546596553984e-06,0.16807971516602593,0.0008788030141815572,25,10,0
43,1568,0.8225223142291896,4.719274052614317e-06,0.17659460404045565,0.0008783624563024359,25,10,0
43,1569,0.8570941078753003,4.698286969760761e-06,0.14234495143353357,0.000556242404196858,25,10,0
43,1570,0.8212606283723852,4.738535061674687e-06,0.17798846354118658,0.0007461695513676345,25,10,0
43,1571,0.8215217577330963,4.737947996435316e-06,0.17772735865649797,0.0007461456624104093,25,10,0
43,1572,0.8305586245192906,4.736864323153739e-06,0.1686904629649227,0.0007461756514646275,25,10,0
43,1573,0.8248966523159109,4.732141793076802e-06,0.17435248589373964,0.0007461296485575947,25,10,0
43,1574,0.815608413759572,2.2876894688164557e-05,0.18362195294586736,0.000746756399873684,25,10,0
43,1575,0.813701397884357,2.291774255055497e-05,0.18552112602978707,0.000754558343306625,25,10,0
43,1576,0.7981349614953479,2.2917431110339943e-05,0.2010876461339844,0.0007544749395575695,25,10,0
43,1577,0.8016484073511875,2.2293381929468003e-05,0.19757587626383355,0.0007534230030504851,25,10,0
43,1578,0.8015900395315512,2.2293354717791942e-05,0.19763418430597826,0.0007534828077536981,25,10,0
43,1579,0.811811481098969,2.2293812645019648e-05,0.1874127660178847,0.0007534590705023158,25,10,0
43,1580,0.7844895830001093,2.311472906432287e-05,0.20219596286688268,0.013291339403942845,25,10,0
43,1581,0.7843804564692312,2.311505570957237e-05,0.2023050874141872,0.01329134106087094,25,10,0
43,1582,0.7839279199560323,2.311481859944731e-05,0.20275755803189313,0.013291407193473865,25,10,0
43,1583,0.78344569518562,2.3114988486727648e-05,0.20323976091945237,0.013291428906439648,25,10,0
43,1584,0.7607671956435458,2.3307557142784255e-05,0.22591803924823164,0.013291457551078684,25,10,0
43,1585,0.7701236882448881,5.159648771216088e-06,0.21658123345630248,0.01328991865003709,25,10,0
43,1586,0.7702503363874006,5.159321269024013e-06,0.21645458334390827,0.013289920947420953,25,10,0
43,1587,0.7773171020500004,5.9966518421155905e-06,0.209421345161444,0.013255556136711994,25,10,0
43,1588,0.7999845931458807,5.80400883111818e-06,0.18675402656339898,0.013255576281889425,25,10,0
43,1589,0.800002611983479,5.803905392825857e-06,0.18673603430627192,0.013255549804856357,25,10,0
43,1590,0.8007120705944785,5.099965346925645e-06,0.18602896155163684,0.013253867888537964,25,10,0
43,1591,0.8008045298864528,5.059709496388461e-06,0.18612634128047778,0.013064069123572886,25,10,0
43,1592,0.7984801815116407,5.0608283968468695e-06,0.18737713796172384,0.014137619698238617,25,10,0
43,1593,0.8039556109532774,5.043510176252792e-06,0.18190127612971754,0.014138069406828973,25,10,0
43,1594,0.8179886974559785,2.664464189566505e-06,0.16819373492882797,0.013814903151003184,25,10,0
43,1595,0.8198127149450427,1.5400678447366376e-06,0.166376064436596,0.013809680550515836,25,10,0
43,1596,0.8157602517332273,1.5490760640876053e-06,0.1704284545421395,0.013809744648568238,25,10,0
43,1597,0.8171763118560446,1.5490579687603157e-06,0.16901768325009123,0.01380445583589483,25,10,0
43,1598,0.8118561136847333,1.562194003969267e-06,0.1743378035210443,0.01380452060021798,25,10,0
43,1599,0.8156798123275713,1.5699445609837704e-06,0.17051408327441137,0.01380453445345587,25,10,0
43,1600,0.8196799612351867,1.5831427535833005e-06,0.16641421938435064,0.01390423623770839,25,10,0
43,1601,0.8317470512485435,1.5703511143226666e-06,0.1544468528913327,0.013804525509009624,25,10,0
43,1602,0.8307170375469234,1.5886480018972909e-06,0.15547133632830382,0.013810037476771215,25,10,0
43,1603,0.8308422799477477,1.5887448435631817e-06,0.1553447494397485,0.013811381867660415,25,10,0
43,1604,0.8238461960567262,1.8157222765361775e-06,0.16233849737576603,0.013813490845230501,25,10,0
43,1605,0.8238270978078632,1.8157265735615508e-06,0.16235757076754911,0.01381351569801327,25,10,0
43,1606,0.8380989781213353,1.8165190698768315e-06,0.1480857039927172,0.013813501366877918,25,10,0
43,1607,0.8599130747161303,1.815814055363025e-06,0.12627171926002714,0.013813390209787803,25,10,0
43,1608,0.8600446160025546,1.7990651145939591e-06,0.1261402729790204,0.013813311953311182,25,10,0
43,1609,0.8952246221635463,1.7973158258111245e-06,0.09096048667343147,0.013813093847197162,25,10,0
43,1610,0.8951043861948452,1.799127796456536e-06,0.09108067966246282,0.013813135014895984,25,10,0
43,1611,0.8835782481732446,1.812994839352956e-06,0.10260696604380762,0.01381297278810877,25,10,0
43,1612,0.8883603854680139,1.8196368353907088e-06,0.0978246225227623,0.013813172372388702,25,10,0
43,1613,0.8879409828214431,2.3486970512446227e-06,0.09824124335106545,0.01381542513044057,25,10,0
43,1614,0.8893789915837828,1.8077548444548431e-06,0.09680618501062631,0.013813015650746855,25,10,0
43,1615,0.8842967033219158,1.8114706941159545e-06,0.10188853270814241,0.013812952499248094,25,10,0
43,1616,0.8812031337585481,1.0201538323382287e-06,0.0915977782428281,0.027198067844791708,25,10,0
43,1617,0.8731458226680182,6.7922224376886445e-06,0.09962239040248388,0.02722499470706027,25,10,0
43,1618,0.8727972748734004,7.175570070660606e-06,0.1196073035697861,0.007588245986742844,25,10,0
43,1619,0.8735308173042565,1.413414663190042e-06,0.11890409003951652,0.007563679241563708,25,10,0
43,1620,0.9129403353228169,1.0079279290304323e-06,0.08586249220437697,0.0011961645448773336,25,10,0
43,1621,0.9202309081295358,1.006219024264859e-06,0.07857213684768571,0.0011959488037540055,25,10,0
43,1622,0.9154243153392413,1.0126309761877683e-06,0.08333309959234386,0.001241572437439047,25,10,0
43,1623,0.9152136498525527,1.1275566960974946e-06,0.08354486047969832,0.0012403621110533107,25,10,0
43,1624,0.9150703300721708,1.1328813886568785e-06,0.08368815307644278,0.0012403839699984289,25,10,0
43,1625,0.9084936016494322,1.1328629038034103e-06,0.09026486825386013,0.0012403972338041534,25,10,0
43,1626,0.9083457411986612,1.1334974075264636e-06,0.09041008988280559,0.0012430354211258382,25,10,0
43,1627,0.8973080553823629,1.1354107093924396e-06,0.10076067413276321,0.0019301350741643005,25,10,0
43,1628,0.8912422406684593,1.4971479383074765e-05,0.10681145804114127,0.0019313298110160964,25,10,0
43,1629,0.8909129733385917,1.485680196296577e-05,0.10713585515277338,0.0019363147066718217,25,10,0
43,1630,0.8894597905882972,1.4857811662772499e-05,0.10858907416558178,0.001936277434457818,25,10,0
43,1631,0.8895244222647827,1.4861512998110402e-05,0.10852447322758099,0.0019362429946379821,25,10,0
43,1632,0.9113295067757443,1.4862964612477269e-05,0.08671924027961257,0.001936389980030303,25,10,0
43,1633,0.9113877130979308,1.4862324916743344e-05,0.08666369855294684,0.0019337260242054074,25,10,0
43,1634,0.8844423873554481,1.4681544844481476e-05,0.11361131488240411,0.0019316162173041887,25,10,0
43,1635,0.8844640276130172,1.4681494858514992e-05,0.1135892504901959,0.0019320404019290422,25,10,0
43,1636,0.8849032306168545,1.4673006742332419e-05,0.11314966632239126,0.00193243005401285,25,10,0
43,1637,0.8853492200633002,1.4665210265429579e-05,0.11270496576352494,0.0019311489629102528,25,10,0
43,1638,0.9026980827201769,1.3961607274681773e-05,0.09546432454572494,0.0018236311268244854,25,10,0
43,1639,0.9027349652607755,1.396075320662193e-05,0.09542744659509095,0.0018236273909279944,25,10,0
43,1640,0.9024136466197548,1.3961011544823825e-05,0.09575001172359883,0.0018223806451023354,25,10,0
43,1641,0.901196422529878,1.3980687492493197e-05,0.096967214568279,0.00182238221435126,25,10,0
43,1642,0.901580837088568,1.398050114874885e-05,0.09658545812946344,0.001819724280820402,25,10,0
43,1643,0.902357598693211,1.3980036178582337e-05,0.09581377481244552,0.0018146464581654117,25,10,0
43,1644,0.9023522335661909,1.3980035891616226e-05,0.09581913950801015,0.0018146468899079501,25,10,0
43,1645,0.9032719028294242,1.3980410655660854e-05,0.09489928371325874,0.0018148330466622239,25,10,0
43,1646,0.9033607344228983,1.3982136479149712e-05,0.09481061421973758,0.0018146692208857737,25,10,0
43,1647,0.891088489117399,1.4011398053406312e-05,0.10708291978641168,0.0018145796981364434,25,10,0
43,1648,0.8907966227991505,1.401139931187006e-05,0.10737478230682403,0.00181458349471416,25,10,0
43,1649,0.8911266921741426,1.4011028591512523e-05,0.10704485892111729,0.0018144378761490274,25,10,0
43,1650,0.879115783512091,1.4102360535104092e-05,0.11900234083085795,0.0018677732965167928,25,10,0
43,1651,0.9125416484730673,1.4066202904000715e-05,0.08557555794782885,0.0018687273762000853,25,10,0
43,1652,0.9184649865340865,1.4053166658266349e-05,0.07965224899727294,0.00186871130198234,25,10,0
43,1653,0.9232699262566675,1.4046945007573075e-05,0.07489291365023108,0.001823113148093833,25,10,0
43,1654,0.9184130805242563,1.421041827067511e-05,0.07970524710100457,0.0018674619564683346,25,10,0
43,1655,0.930262350982639,1.4182037226511386e-05,0.06785627372440552,0.0018671932557287427,25,10,0
43,1656,0.8955947926605703,0.0001865201583751464,0.10154459053780514,0.002674096643250008,25,10,0
43,1657,0.8919000681715815,0.0001865200755096597,0.10523927119759159,0.002674140555317837,25,10,0
43,1658,0.8874775503824904,0.00018651316077433457,0.10966272141950847,0.002673215037227446,25,10,0
43,1659,0.8998858578913973,0.0001726818881116652,0.09726935304084211,0.0026721071796496194,25,10,0
43,1660,0.8619477750642326,0.00017527373346865372,0.13519838540166135,0.0026785658006371325,25,10,0
43,1661,0.8411037830127236,0.00017526255683189117,0.15604017530131453,0.002680779129129694,25,10,0
43,1662,0.8458286661832602,0.0001752591473954432,0.15131532893847088,0.0026807457308732187,25,10,0
43,1663,0.8717322656961727,2.917218725257217e-06,0.12638780083777804,0.0018770162473238353,25,10,0
43,1664,0.8719110208856526,2.9171159603371863e-06,0.12620909450235662,0.0018769674960302993,25,10,0
43,1665,0.882814746572158,2.9231467373358617e-06,0.11591618554867258,0.0012661447324320467,25,10,0
43,1666,0.8582107113938702,4.259100311129641e-05,0.14034141071575154,0.001405286887266591,25,10,0
43,1667,0.8581941323286927,4.2591010216742436e-05,0.14035797603345354,0.001405300627636359,25,10,0
43,1668,0.8584078136322111,4.2586311612952566e-05,0.1401443728262611,0.001405227229914524,25,10,0
43,1669,0.8673366945082784,4.369191984051614e-05,0.13121209416459637,0.001407519407283982,25,10,0
43,1670,0.9048734143509375,4.11014337550842e-05,0.09367608215921136,0.0014094020560959982,25,10,0
43,1671,0.9053326198168449,4.109636811505495e-05,0.09321690233951074,0.0014093814755294118,25,10,0
43,1672,0.9272173093381261,1.3301334377223167e-06,0.0715699393383329,0.001211421190103435,25,10,0
43,1673,0.9267586424922157,1.340006864312386e-06,0.07202854850173505,0.0012114689991852166,25,10,0
43,1674,0.9267264263297486,1.339725193356017e-06,0.07206077030913172,0.001211463635926686,25,10,0
43,1675,0.9424630600199834,1.3281443321975066e-06,0.05632417499356838,0.0012114368421157764,25,10,0
43,1676,0.9209079008574631,1.4443984510698568e-06,0.07609458387122672,0.0029960708728593954,25,10,0
43,1677,0.9328362357150712,1.4311188412415556e-06,0.06416126659471284,0.0030010665713749553,25,10,0
43,1678,0.9323416858364117,1.4489413326019044e-06,0.06465312765506379,0.0030037375671921303,25,10,0
43,1679,0.9322386388652106,1.4487680525311332e-06,0.06475622178022838,0.003003690586508916,25,10,0
43,1680,0.9320714881725993,1.4538115994176855e-06,0.06492331690839558,0.003003741107405842,25,10,0
43,1681,0.9220059770012512,1.4611119806109646e-06,0.07498878370266063,0.003003778184107858,25,10,0
43,1682,0.9160875824934527,1.4915334130411861e-06,0.08090715891096152,0.0030037670621727965,25,10,0
43,1683,0.9030763833193521,1.4998971120188816e-06,0.09387488734950367,0.003047229434032296,25,10,0
43,1684,0.9037137935225777,1.498480013006826e-06,0.09323766377373989,0.003047044223669242,25,10,0
43,1685,0.8992779009578282,1.4959563613265663e-06,0.09767358445467378,0.003047018631136561,25,10,0
43,1686,0.9018574343617245,1.494749589619102e-06,0.09616760122345241,0.001973469665234008,25,10,0
43,1687,0.8977690846528583,1.641105425792477e-06,0.10026069576113937,0.0019685784805768764,25,10,0
43,1688,0.8972045570821013,1.64142558208029e-06,0.10082522211298282,0.001968579379333959,25,10,0
43,1689,0.9139017666847447,1.6382787069185523e-06,0.08417149697919271,0.0019250980573565471,25,10,0
43,1690,0.9021733092148484,1.6479844187794359e-06,0.09589977103361448,0.0019252717671189002,25,10,0
43,1691,0.8743404654158509,1.929641520203135e-06,0.1191780628906809,0.006479542051948011,25,10,0
43,1692,0.8622603019328843,1.9299888493367653e-06,0.13125818545297688,0.006479582625289427,25,10,0
43,1693,0.8623304398248673,1.930004754891094e-06,0.1311880458371552,0.006479584333222425,25,10,0
43,1694,0.872261878429436,1.92935671765619e-06,0.12126040102823393,0.006475791185612314,25,10,0
43,1695,0.8725838264607101,2.1555196328892533e-06,0.12093723524329285,0.006476782776364081,25,10,0
43,1696,0.8719366318317722,2.158921048205287e-06,0.12158108443160456,0.006480124815575184,25,10,0
43,1697,0.8349123720763417,2.2365244774014558e-06,0.15860526555333215,0.006480125845848742,25,10,0
43,1698,0.845166664127472,2.2292397182237315e-06,0.14835101733891912,0.006480089293890919,25,10,0
43,1699,0.8509738734772313,2.198993049792684e-06,0.14254383901069853,0.006480088519020586,25,10,0
43,1700,0.8554942047220356,2.035775155561174e-06,0.13806798682865618,0.006435772674152767,25,10,0
43,1701,0.8555919461854196,2.0305673104233804e-06,0.13797027289486974,0.006435750352400582,25,10,0
43,1702,0.8277505239025182,2.095069831121493e-06,0.16586999665810548,0.006377384369544607,25,10,0
43,1703,0.8279428025008435,2.0966746503403627e-06,0.16567770634854032,0.006377394475964966,25,10,0
43,1704,0.8559515623155854,2.024071490282717e-06,0.13768693537833682,0.006359478234586998,25,10,0
43,1705,0.8559935362807685,2.0337857840463268e-06,0.13764488639811723,0.006359543535329887,25,10,0
43,1706,0.8557763261822889,2.0282277433835537e-06,0.13786209062191493,0.006359554968052306,25,10,0
43,1707,0.8560160456678945,2.028052111030951e-06,0.13762237189506735,0.006359554384926727,25,10,0
43,1708,0.8563732902031914,2.0266052701773103e-06,0.13727347252172017,0.006351210669817657,25,10,0
43,1709,0.8511673419009722,2.0351858513584686e-06,0.14247937082670148,0.006351252086474041,25,10,0
43,1710,0.8725734716894383,1.9161621715066024e-06,0.12285676795121281,0.0045678441971764815,25,10,0
43,1711,0.8730858826118228,1.911750325575402e-06,0.1223444711676269,0.004567734470223905,25,10,0
43,1712,0.8566554182647164,1.927374754306468e-06,0.1387753968065913,0.004567257553937281,25,10,0
43,1713,0.8619174557754219,1.9188272190462267e-06,0.13351333665891058,0.004567288738447667,25,10,0
43,1714,0.8623849122584091,1.9087506180442855e-06,0.13304596484073009,0.0045672141502421,25,10,0
43,1715,0.8564326631718114,1.908811168110413e-06,0.1389982407964073,0.004567187220613041,25,10,0
43,1716,0.8564351952291865,1.9088112154172022e-06,0.1389957091635128,0.004567186796085116,25,10,0
43,1717,0.8560664981805278,1.91848661651896e-06,0.13936308353206936,0.004568499800786186,25,10,0
43,1718,0.8730363904822712,1.9095872243433454e-06,0.12239609204579459,0.004565607884709538,25,10,0
43,1719,0.8772069239005489,1.7678997805472213e-06,0.11822580503150848,0.004565503168161523,25,10,0
43,1720,0.8751168002400926,1.773681869162701e-06,0.12031672614750506,0.0045646999305324586,25,10,0
43,1721,0.8749779606263804,1.7886870416726077e-06,0.1204555464812761,0.004564704205301311,25,10,0
43,1722,0.8788605965847303,1.7906094144507184e-06,0.11657079526657668,0.004566817539277892,25,10,0
43,1723,0.8922829562591714,6.765476412948527e-07,0.10315402507874998,0.004562342114436899,25,10,0
43,1724,0.8856760392238036,9.069833902875484e-07,0.10975962604899557,0.0045634277438102696,25,10,0
43,1725,0.885410984701153,9.152936298952991e-07,0.11002462068933261,0.004563479315884054,25,10,0
43,1726,0.8868830600575476,9.251995254650306e-07,0.10854267388295588,0.0045733408599706,25,10,0
43,1727,0.8595192781693685,3.165181457052876e-06,0.13590429918894617,0.004573257460228332,25,10,0
43,1728,0.8606951396937303,3.149190650452798e-06,0.13473875621405898,0.004562954901559987,25,10,0
43,1729,0.8501162498749464,3.2453787806944658e-06,0.14529296640830103,0.004587538337971791,25,10,0
43,1730,0.8772722059574498,1.0055596610126522e-06,0.11813934445324271,0.0045874440296468895,25,10,0
43,1731,0.877024428455951,1.0055793491408024e-06,0.11838712048224105,0.004587445482459315,25,10,0
43,1732,0.8771605825201959,9.907731183889364e-07,0.11825093491489097,0.004587491791795288,25,10,0
43,1733,0.8771734557003843,9.907679850268153e-07,0.11823803983948858,0.0045875136921424906,25,10,0
43,1734,0.8707232593130121,1.2238711939608607e-06,0.12468926018121641,0.004586256634577722,25,10,0
43,1735,0.871040976316848,1.2137760167402278e-06,0.12437161262934432,0.004586197277791295,25,10,0
43,1736,0.860727546936999,1.2250593029633942e-06,0.13468501502075705,0.004586212982941041,25,10,0
43,1737,0.8670438555524312,9.82638448356365e-07,0.1283690027468176,0.004586159062302851,25,10,0
43,1738,0.8675669488665811,9.826193676312062e-07,0.12784591121838015,0.004586157295671304,25,10,0
43,1739,0.8605024728260766,1.2365621446099057e-06,0.13491016156539484,0.004586129046384106,25,10,0
43,1740,0.8602684568205844,1.2335391262424612e-06,0.13514417583425425,0.004586133806035192,25,10,0
43,1741,0.8601533240430335,1.2335297968658223e-06,0.13525930830560876,0.0045861341215607575,25,10,0
43,1742,0.872115975406375,1.2331841048536725e-06,0.12329669825817144,0.004586093151348563,25,10,0
43,1743,0.8694221560350782,1.4069076638195505e-06,0.1259903344599348,0.004586102597322795,25,10,0
43,1744,0.8688816191959486,1.6654491375521753e-06,0.1265305874703335,0.0045861278845802985,25,10,0
43,1745,0.8677307379668235,2.1833050690993646e-06,0.127680873531684,0.004586205196423456,25,10,0
43,1746,0.8745340536439629,1.9527194128531177e-06,0.12087891130419667,0.00458508233242766,25,10,0
43,1747,0.8644125599987273,1.765440405426244e-06,0.13555753262913933,2.8141931727858014e-05,25,10,0
43,1748,0.890296529979441,1.6877403517941538e-06,0.10967364435726015,2.813792294717903e-05,25,10,0
43,1749,0.8901482007716419,1.690998181673788e-06,0.10982109526918095,2.901296099580739e-05,25,10,0
43,1750,0.8680565216125277,1.7066384117431537e-06,0.13190861272536702,3.3159023693744475e-05,25,10,0
43,1751,0.868684465506409,1.7024055128378808e-06,0.13128147633354229,3.235575453602875e-05,25,10,0
43,1752,0.8688039640735989,1.7023170785972998e-06,0.1311620014673118,3.2332142010835466e-05,25,10,0
43,1753,0.8801378773795585,1.6882591981676295e-06,0.11982795987469838,3.247448654504157e-05,25,10,0
43,1754,0.8802552241019985,1.6882606803286226e-06,0.11971061313908643,3.247449823497566e-05,25,10,0
43,1755,0.8765084744118896,1.6884208277756902e-06,0.12345733840750422,3.249875977835101e-05,25,10,0
43,1756,0.8753500723168095,1.689444175382345e-06,0.12461049524335831,3.7742995657035746e-05,25,10,0
43,1757,0.8785290875994548,1.814668012512828e-06,0.12145391421281446,1.5183519718267325e-05,25,10,0
43,1758,0.8856033199912694,1.5605265678156214e-06,0.11437995830113476,1.5161181027939959e-05,25,10,0
43,1759,0.8856119091705381,1.5605316553864362e-06,0.1143713690589413,1.5161238865088217e-05,25,10,0
43,1760,0.8892149126612611,1.5698400114451041e-06,0.11076827672486994,1.5240773857549144e-05,25,10,0
43,1761,0.8787251253828705,1.5737535334051271e-06,0.12125805824836437,1.5242615231092487e-05,25,10,0
43,1762,0.8815477510062109,1.3987699085466121e-06,0.11843532576618891,1.5524457691529386e-05,25,10,0
43,1763,0.8816793631541929,1.3959658394524044e-06,0.11830458808533702,1.465279463037035e-05,25,10,0
43,1764,0.8459275242421992,2.1242063450245296e-06,0.14278664827076754,0.01128370328068836,25,10,0
43,1765,0.8531912010615224,1.9054049282237722e-06,0.1355252623676368,0.01128163116591261,25,10,0
43,1766,0.8481783109714945,1.9053422544972464e-06,0.1405381861664493,0.011281597519801432,25,10,0
43,1767,0.8490211058041431,1.9046709923863645e-06,0.1397006334024633,0.011276356122400681,25,10,0
43,1768,0.8594039266660337,1.9008598000266014e-06,0.12931780084749706,0.01127637162666871,25,10,0
43,1769,0.8592299198686884,1.9057488862649808e-06,0.12949313731080492,0.011275037071619887,25,10,0
43,1770,0.8603068510806966,1.3916416992637408e-06,0.12841509009767382,0.01127666717992984,25,10,0
43,1771,0.8603847511624585,1.3813943170997954e-06,0.12833720320124148,0.011276664241982839,25,10,0
43,1772,0.8533558327894462,1.3808954530872144e-06,0.1353662398412353,0.011276546473865336,25,10,0
43,1773,0.8533384076548409,1.3812502251369182e-06,0.13538366375323685,0.01127654734169689,25,10,0
43,1774,0.8524096672392473,1.3814570772297777e-06,0.1363123081798981,0.011276643123777123,25,10,0
43,1775,0.8569155773365644,1.3815449770312653e-06,0.1317246830031012,0.011358358115357275,25,10,0
43,1776,0.8453300127285499,1.5886298261500368e-06,0.14331002163866802,0.011358377002955625,25,10,0
43,1777,0.8454911093455305,1.5884861643670648e-06,0.1431488771391225,0.01135842502918228,25,10,0
43,1778,0.845632349407736,1.5857731669922034e-06,0.1430076642696647,0.011358400549432192,25,10,0
43,1779,0.8571212687371731,1.3887555347853001e-06,0.13151895990426263,0.011358382603029443,25,10,0
43,1780,0.8564786799285937,1.3923556563205913e-06,0.13216033029536167,0.01135959742038817,25,10,0
43,1781,0.8783371033066034,1.3771296459364087e-06,0.11030607031996163,0.011355449243788875,25,10,0
43,1782,0.8782649214615885,1.3775320456824598e-06,0.1103781517221193,0.011355549284246251,25,10,0
43,1783,0.8757258679274379,1.4643500651872378e-06,0.11299879397829564,0.011273873744201047,25,10,0
43,1784,0.8759383423644721,1.4781609034383534e-06,0.11278220927956567,0.011277970195058485,25,10,0
43,1785,0.8759495299421951,1.4781822983159552e-06,0.11277101803142468,0.011277973844081458,25,10,0
43,1786,0.86546152623686,1.7045281308898205e-06,0.12325776908142297,0.011279000153585805,25,10,0
43,1787,0.8659936786997409,1.7004803676011718e-06,0.12272683598406393,0.011277784835827314,25,10,0
43,1788,0.8481213370888143,1.7110111100070722e-06,0.14044936723645518,0.01142758466362026,25,10,0
43,1789,0.8863491761165676,1.5988389989353356e-06,0.10221626693122855,0.011432958113204732,25,10,0
43,1790,0.8865135738651818,1.5984155733793088e-06,0.10205186754690765,0.011432960172336954,25,10,0
43,1791,0.8856325836460615,1.6204566962397211e-06,0.10293287816263641,0.01143291773460567,25,10,0
43,1792,0.8840997813116421,1.6710082869508347e-06,0.10446716461080148,0.011431383069268561,25,10,0
43,1793,0.8840783569696035,1.670281635571686e-06,0.10448884611992769,0.011431126628832616,25,10,0
43,1794,0.889823308633972,1.4529827157832713e-06,0.09867846637544134,0.011496772007870385,25,10,0
43,1795,0.9011223792615912,1.4574854661153013e-06,0.08738348206526707,0.011492681187675127,25,10,0
43,1796,0.8959019652061744,1.4572070464441874e-06,0.09260399364586076,0.011492583940917742,25,10,0
43,1797,0.8958986054327243,1.435680575267817e-06,0.09260737589055906,0.011492582996140645,25,10,0
43,1798,0.8958089828944094,1.435856545341243e-06,0.09269697372720984,0.01149260752183482,25,10,0
43,1799,0.8957996230511133,1.4358863601229212e-06,0.09270632886922456,0.011492612193301409,25,10,0
43,1800,0.8956299801197914,1.4362296176383171e-06,0.0928759719202354,0.011492611730354797,25,10,0
43,1801,0.8952363540476219,1.4365757898212678e-06,0.0932669502788205,0.011495259097766995,25,10,0
43,1802,0.8951783604955408,1.4424627900011182e-06,0.09329361617877137,0.011526580862897063,25,10,0
43,1803,0.8954103977564657,1.4288575769675313e-06,0.09306152727631772,0.011526646109638952,25,10,0
43,1804,0.8910951952060134,1.5541069191471265e-06,0.0973751833205651,0.011528067366501873,25,10,0
43,1805,0.8916083039818723,1.5534000619731946e-06,0.09686207935183548,0.011528063266229625,25,10,0
43,1806,0.8919146814483477,1.5533838997698095e-06,0.09655570288472061,0.011528062283031229,25,10,0
43,1807,0.8978061556849417,1.2955585493273433e-06,0.09058859244134179,0.011603956315166666,25,10,0
43,1808,0.8978726252599446,1.2953917579869943e-06,0.09052214615622808,0.011603933192068937,25,10,0
43,1809,0.8978002743608416,1.2863672855795813e-06,0.09059458776689035,0.011603851504982266,25,10,0
43,1810,0.9024165730302213,1.2774233818936632e-06,0.08604496795993365,0.011537181586462952,25,10,0
43,1811,0.9026196762841608,1.0503287334035088e-06,0.08584317360192649,0.011536099785179207,25,10,0
43,1812,0.9071848762995617,1.0519167926361478e-06,0.08120159604819317,0.011612475735452488,25,10,0
43,1813,0.9065557083065896,1.0653175603729138e-06,0.0818361254568783,0.011607100918971776,25,10,0
43,1814,0.9099963116680425,1.0717600578409581e-06,0.0783759585192156,0.011626658052684384,25,10,0
43,1815,0.9104514121620808,1.0714178181002837e-06,0.07792085741189729,0.011626659008204138,25,10,0
43,1816,0.9282963295755444,1.0609341754205964e-06,0.06022574941326117,0.01147686007701921,25,10,0
43,1817,0.9284186185203355,1.061027624399111e-06,0.06010346230785932,0.011476858144181108,25,10,0
43,1818,0.9245207084816869,1.0610931088827926e-06,0.06400135082161995,0.011476879603584445,25,10,0
43,1819,0.9428790562607958,5.767571687310502e-07,0.05507370990924319,0.0020466570727924334,25,10,0
43,1820,0.9443042855408654,3.3287620276559485e-07,0.055484383719485136,0.00021099786344691484,25,10,0
43,1821,0.9436747344609526,3.6242735599001977e-07,0.05618573495061693,0.00013916816107481533,25,10,0
43,1822,0.9369632081499162,3.717184490171225e-07,0.06289724817360226,0.00013917195803278337,25,10,0
43,1823,0.934472220956267,3.6595567859183163e-07,0.06540781878751016,0.00011959430054449945,25,10,0
43,1824,0.92778274660367,3.673731844732756e-07,0.07209675970412224,0.00012012631902341715,25,10,0
43,1825,0.925999627261341,4.814418469344486e-07,0.07388203175645351,0.0001178595403585438,25,10,0
43,1826,0.9396805768333291,4.983317640902406e-07,0.06019975992041343,0.00011916491449370608,25,10,0
43,1827,0.9425931145571081,4.1177150805296243e-07,0.05728727795057379,0.00011919572081002758,25,10,0
43,1828,0.9241942303014791,4.316423424646598e-07,0.07569052820157443,0.00011480985460384992,25,10,0
43,1829,0.9304423144578642,4.2546830190841916e-07,0.06947377133892163,8.34887349122766e-05,25,10,0
43,1830,0.9339009145208084,4.894194981531697e-07,0.06599795689938742,0.00010063916030601831,25,10,0
43,1831,0.927373845445869,7.385444173016817e-07,0.07252360348645039,0.00010181252326288236,25,10,0
43,1832,0.9264996769246541,4.205050577312042e-06,0.07339338725812258,0.00010273076664566588,25,10,0
43,1833,0.9328180228523932,4.204440168711578e-06,0.06707504515115295,0.0001027275562848035,25,10,0
43,1834,0.9373581225691195,3.954985755633565e-06,0.06253572880071095,0.0001021936444135986,25,10,0
43,1835,0.936388734774617,3.955087837502167e-06,0.06350509258736135,0.00010221755018399068,25,10,0
43,1836,0.9357095660143182,3.956040636839592e-06,0.06418421453493861,0.00010226341010612276,25,10,0
43,1837,0.9361628926862157,3.955966193896163e-06,0.06373083312991232,0.00010231821767795966,25,10,0
43,1838,0.9374910991514167,3.925551366601276e-06,0.06240674313907477,9.82321581418036e-05,25,10,0
43,1839,0.9382914241582285,4.849256245774584e-07,0.061610588803489505,9.750211265718527e-05,25,10,0
43,1840,0.9097181669585394,4.628445594842579e-07,0.06389334309332134,0.026388027103579837,25,10,0
43,1841,0.907630679661237,7.577566489573463e-07,0.06593802138577973,0.026430541196334537,25,10,0
43,1842,0.9092824604308489,6.6384248072635e-07,0.06428662188478963,0.02643025384188066,25,10,0
43,1843,0.9096852822714466,6.63138765841934e-07,0.06388229378623722,0.026431760803550457,25,10,0
43,1844,0.9101414277351423,6.629701579105404e-07,0.06342614622616767,0.02643176306853228,25,10,0
43,1845,0.884688781593237,2.1130877070399166e-06,0.08887061440594163,0.026438490913114513,25,10,0
43,1846,0.8844246859847629,2.1181459052812523e-06,0.08913325063237705,0.02643994523695514,25,10,0
43,1847,0.8838375230907581,2.126638928810594e-06,0.08971663145667508,0.026443718813638065,25,10,0
43,1848,0.8523440984411752,1.3610478868641682e-05,0.12119777177936998,0.026444519300586368,25,10,0
43,1849,0.8436534467256246,1.3802127502692203e-05,0.1298888033422846,0.026443947804588336,25,10,0
43,1850,0.8438249590686189,1.3792068270654346e-05,0.1297173011568844,0.026443947706226458,25,10,0
43,1851,0.8434488401090556,1.3792064964023421e-05,0.1300934209602504,0.026443946865730608,25,10,0
43,1852,0.8689294876416619,1.2341894113388928e-05,0.1046209531632417,0.026437217300983664,25,10,0
43,1853,0.8689560515420856,1.23415777809547e-05,0.10459450516618621,0.026437101713947954,25,10,0
43,1854,0.8731418135027122,1.222150953205337e-05,0.10041019163040207,0.02643577335735425,25,10,0
43,1855,0.8731497457859199,1.2221493210641438e-05,0.10040226077936287,0.026435771941507317,25,10,0
43,1856,0.864030541609584,1.2188940563363879e-05,0.09628768806628116,0.03966958138357217,25,10,0
43,1857,0.8672056848667712,1.220279540229505e-05,0.09304186824345594,0.039740244094371276,25,10,0
43,1858,0.8616941576255245,1.2898341017061809e-05,0.09855533124008552,0.03973761279337401,25,10,0
43,1859,0.8618385254490627,1.2898253523965646e-05,0.0984109652425377,0.03973761105487662,25,10,0
43,1860,0.8615610630020967,1.2898420828291496e-05,0.09868840728283955,0.03973763129423639,25,10,0
43,1861,0.8445631096212952,1.3523683537138938e-05,0.1156827400896998,0.03974062660546827,25,10,0
43,1862,0.8512986617593239,1.3513948529588137e-05,0.10894722273769679,0.03974060155445045,25,10,0
43,1863,0.849603939814662,1.3506131603915038e-05,0.11064134316757918,0.03974121088615571,25,10,0
43,1864,0.8602598786637203,1.3314626338385292e-05,0.09998568025123042,0.03974112645871193,25,10,0
43,1865,0.8634709812058426,1.324430640718836e-05,0.09679235173512513,0.039723422752625866,25,10,0
43,1866,0.8636912872049561,1.3536111389271215e-05,0.09657175555907935,0.03972342112457611,25,10,0
43,1867,0.863798094474167,1.3244290219212502e-05,0.09646524186487357,0.03972341937074106,25,10,0
43,1868,0.8626190777732847,1.3253681900562676e-05,0.09763913777883866,0.03972853076597665,25,10,0
43,1869,0.862494620181855,1.3248961902508885e-05,0.09776499559122667,0.039727135265016277,25,10,0
43,1870,0.846407671314452,1.3248831382512582e-05,0.1138520028938152,0.03972707696035039,25,10,0
43,1871,0.8438936554346183,1.3268035652287807e-05,0.11636606983401963,0.039727006695709555,25,10,0
43,1872,0.8447307428031279,1.3254036487835789e-05,0.11559967953307343,0.03965632362731056,25,10,0
43,1873,0.8506787888601205,1.2550835394048991e-05,0.10965341138076946,0.03965524892371612,25,10,0
43,1874,0.8504314667217835,1.255092371820243e-05,0.10990070902154155,0.039655273332956896,25,10,0
43,1875,0.8816617150333699,1.0281274831423848e-06,0.07868288227432448,0.039654374564822924,25,10,0
43,1876,0.8812411343000696,1.0322215202696703e-06,0.0791021983626614,0.03965563511574917,25,10,0
43,1877,0.8800769557226191,1.0381194140301588e-06,0.07945819354428653,0.04046381261368074,25,10,0
43,1878,0.8797195555654572,1.0381245549361599e-06,0.07974045883048198,0.040538947479506204,25,10,0
43,1879,0.8825813444327615,1.0731114574628407e-06,0.11586123743822437,0.0015563450175566668,25,10,0
43,1880,0.8727863520728388,1.0755922294180681e-06,0.12565634866126468,0.001556223673666573,25,10,0
43,1881,0.8721587852294804,1.6724064538504728e-06,0.12628311850486124,0.0015564238592038907,25,10,0
43,1882,0.8739441890496629,1.670041232385476e-06,0.12449837843845436,0.0015557624706496042,25,10,0
43,1883,0.868997416758679,1.6725321249101633e-06,0.12944550641199004,0.0015554042972053506,25,10,0
43,1884,0.8923770465368157,2.0200182519625555e-06,0.10658111591324822,0.0010398175316834108,25,10,0
43,1885,0.8774639337732016,2.644415996908962e-06,0.1214906140411489,0.0010428077696520788,25,10,0
43,1886,0.8773936498167015,2.6484016474851894e-06,0.1215598290827623,0.001043872698888549,25,10,0
43,1887,0.8784597462608106,2.6392367089780683e-06,0.12049879589698884,0.0010388186054914425,25,10,0
43,1888,0.8790028906028355,2.639325833370583e-06,0.12003200420211418,0.0009624658692166199,25,10,0
43,1889,0.8783418677956218,2.803245054621815e-06,0.1206914566583198,0.0009638723010035233,25,10,0
43,1890,0.895030757741919,2.17854918802366e-06,0.1040061863040815,0.0009608774048113341,25,10,0
43,1891,0.8921082004033276,3.464485622759825e-05,0.10691972633487612,0.0009374284055685092,25,10,0
43,1892,0.8874787045053787,3.465174156555291e-05,0.11162431800756624,0.0008623257454893612,25,10,0
43,1893,0.8971908311745929,3.465331410372826e-05,0.10191218351455872,0.0008623319967445947,25,10,0
43,1894,0.8795753757471174,3.496743216968197e-05,0.11952584398152126,0.0008638128391921557,25,10,0
43,1895,0.8738445856746371,3.497170769835438e-05,0.12525656603726554,0.0008638765803992873,25,10,0
43,1896,0.8763679289357776,3.496760879737895e-05,0.12273254147699958,0.000864561978425538,25,10,0
43,1897,0.8910977646779326,3.434304102869211e-05,0.10800634615668842,0.0008615461243502798,25,10,0
43,1898,0.9044701158080016,3.4306898991322296e-05,0.09463404199715403,0.00086153529585332,25,10,0
43,1899,0.9052704285889758,3.46038295959005e-05,0.09464153162499128,5.3435956437517136e-05,25,10,0
43,1900,0.8866670435185513,1.7810825081064806e-06,0.11289849861229145,0.000432676786649887,25,10,0
43,1901,0.8870302053536004,1.4808586891082824e-06,0.11253564538974892,0.0004326683979622521,25,10,0
43,1902,0.859111559975632,0.00013630580671203238,0.13967041537237632,0.00108171884528048,25,10,0
43,1903,0.8563369811679329,0.00013637573541827767,0.14244472896541338,0.001081914131236496,25,10,0
43,1904,0.863046660740175,0.0001363953307012114,0.13573510451981372,0.0010818394093109996,25,10,0
43,1905,0.8629513978945247,0.00013624918843581116,0.1358318934077139,0.0010804595093266355,25,10,0
43,1906,0.8661140124525903,0.00013624504242430556,0.13264535951355463,0.0011043829914316882,25,10,0
43,1907,0.8711520884024992,0.00013623915806795333,0.12760685505038838,0.001104817389045473,25,10,0
43,1908,0.8880457550662101,0.0001356421306858924,0.11071398654884729,0.0011046162542581062,25,10,0
43,1909,0.8875845391266178,0.00013565929482988189,0.11117513333821089,0.0011046682403428704,25,10,0
43,1910,0.9073524269224476,0.00013527561247457816,0.09140911846509586,0.0011031789999822468,25,10,0
43,1911,0.9078229900450174,0.00013527560593543756,0.0909385545378556,0.0011031798111916355,25,10,0
43,1912,0.9285657506433354,6.949366574376086e-07,0.07091527842794645,0.0005182759920608602,25,10,0
43,1913,0.9289679284558352,6.95014982468973e-07,0.07051310788290138,0.0005182686462811832,25,10,0
43,1914,0.9025887253406656,1.243051846303168e-06,0.09681373437576982,0.0005962972317187998,25,10,0
43,1915,0.9024181707360109,1.255438025661871e-06,0.09698466039856513,0.0005959134273988107,25,10,0
43,1916,0.890698143689021,1.6524541409812965e-06,0.10870252286198052,0.0005976809948591221,25,10,0
43,1917,0.8898806356161603,1.6534432454959731e-06,0.10951984636167462,0.00059786457892114,25,10,0
43,1918,0.8903762539568332,1.6731507977442724e-06,0.10902439299849825,0.0005976798938721622,25,10,0
43,1919,0.8900556909343103,1.673228096745355e-06,0.10934366747890208,0.0005989683586924435,25,10,0
43,1920,0.8914743359693584,1.6729821515058896e-06,0.10792511267540615,0.0005988783730850253,25,10,0
43,1921,0.8913726055949932,1.6751234101942931e-06,0.10802672391289306,0.0005989953687045599,25,10,0
43,1922,0.8878110468657945,3.602634740885481e-06,0.11158164815584037,0.0006037023436253272,25,10,0
43,1923,0.8873658318869851,3.612670740045101e-06,0.11202545320421162,0.0006051022380643499,25,10,0
43,1924,0.8876697565186855,3.594667033054553e-06,0.11172159854575452,0.0006050502685280742,25,10,0
43,1925,0.8538377063499155,0.0004969567574833918,0.1450185366582828,0.0006468002343191202,25,10,0
43,1926,0.853589374697557,0.0004969633633552181,0.14526596227014557,0.0006476996689429434,25,10,0
43,1927,0.8529543101486619,0.0004969641152635968,0.1458280052201345,0.0007207205159406742,25,10,0
43,1928,0.8532926129531397,0.0004969635311111342,0.14548970321448587,0.0007207203012639121,25,10,0
43,1929,0.8534220359802702,0.0004969608342892541,0.14536035333854302,0.000720649846898041,25,10,0
43,1930,0.8380640713937636,0.0004970027726873112,0.16071830357302694,0.0007206222605225952,25,10,0
43,1931,0.8386434872911296,0.0004970027770067551,0.16013892033374394,0.0007205895981202471,25,10,0
43,1932,0.8550306795641621,0.0004969602079243649,0.1437518792902762,0.0007204809376379753,25,10,0
43,1933,0.8388922410048917,0.0004969816845985596,0.1597202817892534,0.0008904955212569736,25,10,0
43,1934,0.8387877065979356,0.0004969820393337297,0.1598248162414653,0.0008904951212660807,25,10,0
43,1935,0.8384048606931316,0.0004971078103111945,0.1602078567955908,0.0008901747009669803,25,10,0
43,1936,0.8379190140657488,0.0004971083524348859,0.1606936811811894,0.0008901964006274834,25,10,0
43,1937,0.8384189116279325,0.0004971078148221371,0.16019380800583427,0.0008901725514117855,25,10,0
43,1938,0.8110338989801729,0.0004967107921351188,0.187574477091365,0.0008949131363254086,25,10,0
43,1939,0.8135915471281505,0.0004966918293362205,0.18501685597873774,0.0008949050637735123,25,10,0
43,1940,0.8134932722758118,0.0004967120237764054,0.18510981235505006,0.0009002033453596964,25,10,0
43,1941,0.812971593645218,0.0004967119391864133,0.1856288114545643,0.0009028829610292622,25,10,0
43,1942,0.8129799322465164,0.0004967066237641587,0.1856204776675833,0.000902883462134177,25,10,0
43,1943,0.8032523812299621,0.000496706148188805,0.19542102134540063,0.0008298912764465681,25,10,0
43,1944,0.8005104780424434,0.000496864431706781,0.19816008709864183,0.0008325704272063121,25,10,0
43,1945,0.8001579641057844,0.0004967430354480076,0.19851173876527686,0.0008335540934887621,25,10,0
43,1946,0.8160174797442247,0.0004967217524811827,0.1828222130155044,0.0006635854877879233,25,10,0
43,1947,0.8156131274051575,0.0004967281503401672,0.18322652324095148,0.0006636212035490603,25,10,0
43,1948,0.8148687037745082,0.0004967085817593289,0.18397613115130734,0.0006584564924234451,25,10,0
43,1949,0.8155743125153792,0.0004966913344383442,0.18327061599692318,0.0006583801532572476,25,10,0
43,1950,0.8168960227705854,0.000496690438540605,0.18194904066204667,0.0006582461288252482,25,10,0
43,1951,0.8163655694175614,0.0004966904433427847,0.18240262681393932,0.0007351133251543094,25,10,0
43,1952,0.8166980577652805,0.0004966902811441725,0.18207016654223845,0.0007350854113349295,25,10,0
43,1953,0.8171776005664269,0.0004966680789982621,0.18159076426723547,0.0007349670873374857,25,10,0
43,1954,0.817578293692061,0.0004966579385316855,0.1811914844434188,0.0007335639259862122,25,10,0
43,1955,0.8176088068655762,0.000496659984686512,0.18116086996234576,0.0007336631873891533,25,10,0
43,1956,0.817591703106663,0.0004966600029358831,0.1811779692723768,0.0007336676180221453,25,10,0
43,1957,0.8006693644773724,0.0004966602728067405,0.19787681948845903,0.000957155761359452,25,10,0
43,1958,0.7887521039129908,0.0005065850703617174,0.209736418817425,0.0010048921992206405,25,10,0
43,1959,0.7873300593430475,0.0005065854241797276,0.21115846091135143,0.0010048943214193673,25,10,0
43,1960,0.7900139078975529,0.0005064270486452693,0.2084774741230952,0.0010021909307042713,25,10,0
43,1961,0.7847955521069726,0.000506815405875783,0.2136953922965458,0.0010022401906035704,25,10,0
43,1962,0.8116874194831081,0.0005062468533331301,0.1868822185320723,0.0009241151314840858,25,10,0
43,1963,0.8127570334798158,0.0005062542984820472,0.1858105905002546,0.0009261217214453067,25,10,0
43,1964,0.819686719381439,0.0005060099346022827,0.17894524633134096,0.0008620243526154948,25,10,0
43,1965,0.8195465184541232,0.0005060153123629625,0.17908540111624116,0.0008620651172703507,25,10,0
43,1966,0.8190911807048837,0.0005060091276967137,0.1795414427617077,0.0008613674057094287,25,10,0
43,1967,0.8180596092746998,0.0005060019963991038,0.1805699728952881,0.0008644158336105342,25,10,0
43,1968,0.8061337794114105,0.0005064003374652865,0.19249136234848677,0.0008684579026348722,25,10,0
43,1969,0.7988594428719767,0.000506405099959415,0.19976575675782726,0.0008683952702342894,25,10,0
43,1970,0.7992308476766403,0.0005064047629194901,0.19939367369485772,0.000869073865580034,25,10,0
43,1971,0.7994272409930683,0.0005064046466840278,0.19922128529334973,0.0008450690668957845,25,10,0
43,1972,0.7795619283519248,0.0005069686579852787,0.21893334555368593,0.0009977574364022834,25,10,0
43,1973,0.7454239295567205,0.0009455696350731665,0.2505370400840153,0.003093460724188555,25,10,0
43,1974,0.7464063427303145,0.000945561278111609,0.2495563617773588,0.0030917342142125492,25,10,0
43,1975,0.7832729800194939,0.0009455951380580478,0.21268783925588847,0.003093585586557212,25,10,0
43,1976,0.785949397053366,0.0009455950239920998,0.21001144603602062,0.003093561886618493,25,10,0
43,1977,0.7860784632071329,0.0009455952764365176,0.20988240036021782,0.003093541156209792,25,10,0
43,1978,0.7969918968781339,0.0009453031926337796,0.19887130880936182,0.0031914911198684015,25,10,0
43,1979,0.7714281466161789,0.0009453060560360518,0.22442657366514787,0.0031999736626350315,25,10,0
43,1980,0.7716786695405753,0.0009453060402507869,0.2241761000758826,0.003199924343289314,25,10,0
43,1981,0.8005824013102933,0.0009452799752279996,0.19565448684039707,0.0028178318740798435,25,10,0
43,1982,0.7958469576242699,0.00045192964529560694,0.20055662795811874,0.0031444847723142134,25,10,0
43,1983,0.781404615107264,0.0004519279067576721,0.21499948032524896,0.0031439766607289695,25,10,0
43,1984,0.7739771553250259,0.00045193174099289647,0.22237503304953585,0.0031958798844448507,25,10,0
43,1985,0.7743959370861979,0.0004519315714532492,0.2219589376958173,0.003193193646530765,25,10,0
43,1986,0.7921126920222725,0.0004519205097543663,0.2042421426658837,0.003193244802088299,25,10,0
43,1987,0.8092998275347835,0.0004519172529896715,0.18706263081561875,0.0031856243966073335,25,10,0
43,1988,0.8150167095777658,0.0004519363299577607,0.18134574676063384,0.0031856073316415216,25,10,0
43,1989,0.815392810715429,0.00045193108081285975,0.18096967615731008,0.0031855820464478024,25,10,0
43,1990,0.8191055174419191,0.0004513935841232734,0.17741006963379535,0.0030330193401621073,25,10,0
43,1991,0.8189510082019577,0.00045139340763949905,0.17756655896910836,0.003031039421294459,25,10,0
43,1992,0.8201323677825401,0.00045138824574535196,0.17639089080468787,0.0030253531670263543,25,10,0
43,1993,0.8305542021086186,0.0004510100748533517,0.16596330273580462,0.0030314850807228984,25,10,0
43,1994,0.8692988515974973,0.0004509906230217298,0.1275869503536729,0.0026632074258070544,25,10,0
43,1995,0.8646002354801099,0.00045099044437427275,0.1322856006951007,0.0026631733804141572,25,10,0
43,1996,0.8654790566246763,0.0004509658262791109,0.13140910374937242,0.00266087379967139,25,10,0
43,1997,0.8771601667011641,0.0004410447174485175,0.11978602802013888,0.0026127605612474947,25,10,0
43,1998,0.8744017730419884,0.00044105017027151023,0.12250327683396264,0.002653899953776412,25,10,0
43,1999,0.8746443071798683,0.00044105100245169784,0.12226055477661646,0.0026540870410626007,25,10,0
43,2000,0.8747356026390136,0.00044104691506333967,0.12216963689660185,0.0026537135493201964,25,10,0
43,2001,0.8821800699808767,0.0004410430773884958,0.11477707828008471,0.002601808661649227,25,10,0
43,2002,0.8824930390713103,0.00044103937739842865,0.11446503919215567,0.0026008823591348114,25,10,0
43,2003,0.8988781193747283,0.0004410722471578914,0.09830329684174263,0.002377511536370491,25,10,0
43,2004,0.8943687727620603,0.00044106726687671475,0.10267306599998655,0.002517093971076059,25,10,0
43,2005,0.8948285121021633,0.000441048184489774,0.10221332313583717,0.0025171165775095122,25,10,0
43,2006,0.894294477408048,0.00044122983915196955,0.10274626036682197,0.002518032385977866,25,10,0
43,2007,0.8903295408310388,0.0004413776860515977,0.10667114476722517,0.0025579367156844685,25,10,0
43,2008,0.8881644964480572,0.00044146483217885905,0.10888963226842244,0.0025044064513418613,25,10,0
43,2009,0.8869052891100746,0.0004412821026792245,0.10744099286423646,0.005212435923010018,25,10,0
43,2010,0.8547280881070967,0.00045009368572503946,0.13974912492483926,0.005072693282339466,25,10,0
43,2011,0.8541955997547772,0.0004501137866032681,0.14028139970093215,0.005072886757687764,25,10,0
43,2012,0.8544706653136163,0.0004501088158365808,0.14000763720381024,0.0050715886667373165,25,10,0
43,2013,0.8545616436056659,0.0004501089924626,0.13991665763121167,0.00507158977066032,25,10,0
43,2014,0.8868684943842475,0.0004413401986619516,0.10760407277593612,0.005086092641154695,25,10,0
43,2015,0.8823956534137386,0.0004415159535753263,0.112031130893179,0.005131699739506893,25,10,0
43,2016,0.8860304526404758,0.00044151727161233304,0.10839534797986751,0.005132682108044243,25,10,0
43,2017,0.8904056832810443,0.0004415219070020251,0.10415836690419948,0.004994427907754021,25,10,0
43,2018,0.9036639261766871,0.00044151962636676404,0.090901317708083,0.0049932364888634825,25,10,0
43,2019,0.9037043759304854,0.0004415196203541171,0.0908608959594959,0.004993208489665069,25,10,0
43,2020,0.8947599648961111,0.00045250091217654344,0.09978126750111455,0.005006266690597736,25,10,0
43,2021,0.9107819193433783,0.00045247465634280456,0.08375941687768589,0.005006189122593279,25,10,0
43,2022,0.9108007964356498,0.00045247439135338754,0.08374058816300525,0.005006141009991618,25,10,0
43,2023,0.8788922391199867,0.00045359844004665454,0.11835448387388413,0.0022996785660831464,25,10,0
43,2024,0.873195616110782,0.0004536128816709067,0.12404902478683275,0.002301746220714823,25,10,0
43,2025,0.8846619418468922,0.0004426263960850629,0.11264788670048306,0.0022475450565401676,25,10,0
43,2026,0.8953544301408747,0.0004426119458896182,0.10195748277293307,0.0022454751403030446,25,10,0
43,2027,0.8955248850559763,0.000442608271171819,0.10178820782494227,0.00224429884790995,25,10,0
43,2028,0.8955283118937504,0.00044260818062426944,0.10178478236722958,0.002244297558395954,25,10,0
43,2029,0.8952881404406287,0.00044260817737232423,0.1020249538179191,0.0022442975640801655,25,10,0
43,2030,0.889265622538526,0.00044260825305142556,0.10804747072271066,0.002244298485712069,25,10,0
43,2031,0.8888705646865731,0.00044270296917612564,0.10844156272547224,0.002245169618778884,25,10,0
43,2032,0.8893773286380631,0.0004425220503811703,0.10793588750532346,0.0022442618062325317,25,10,0
43,2033,0.8892520395482628,0.0004425269228369199,0.10806115144693784,0.0022442820819626222,25,10,0
43,2034,0.8889183460541328,0.00044252757374083074,0.10839348126587374,0.0022456451062529024,25,10,0
43,2035,0.8537553507673361,0.0008439302109597549,0.14116714796522528,0.004233571056479856,25,10,0
43,2036,0.8475905008997987,0.0008535528456742677,0.14733635322596808,0.004219593028559701,25,10,0
43,2037,0.8116019054112057,0.000855570690360041,0.1827833286299033,0.004759195268532076,25,10,0
43,2038,0.8102182758118359,0.000855571531157463,0.18416695136128408,0.00475920129572331,25,10,0
43,2039,0.7838394995120715,0.0008566205627883184,0.21024673717172995,0.00505714275340993,25,10,0
43,2040,0.8099320903438874,0.00041607184868658933,0.18669504056984118,0.0029567972375839696,25,10,0
43,2041,0.8347429571769726,0.0004140482243011987,0.1624258519551634,0.0024171426435626517,25,10,0
43,2042,0.8627846238020511,0.00041291171876414924,0.13466676227474686,0.0021357022044383427,25,10,0
43,2043,0.8377335181396514,0.0004129302212237651,0.15972272341117677,0.0021308282279484374,25,10,0
43,2044,0.8414823797191597,0.00041307284670966815,0.15601369804106813,0.0020908493930628293,25,10,0
43,2045,0.8270342967457873,0.0004130835406252718,0.17046177348404343,0.0020908462295446554,25,10,0
43,2046,0.8276629335864402,0.00041308900568553364,0.16987291675323057,0.0020510606546439896,25,10,0
43,2047,0.8281885653152815,0.00041306909337909744,0.16934749827546777,0.002050867315872122,25,10,0
43,2048,0.8355329826997233,0.0004033898523026935,0.1620139963848856,0.0020496310630885393,25,10,0
43,2049,0.8472331325379676,0.00040336285252521274,0.15031391107915001,0.002049593530357649,25,10,0
43,2050,0.8473487756351209,0.0004033628573855562,0.15019826877409204,0.0020495927334018603,25,10,0
43,2051,0.8471849359104633,0.00040336273330552177,0.1503620955426614,0.0020496058135701244,25,10,0
43,2052,0.8562705151406287,0.0004033627303114319,0.1412775796068681,0.002048542522191647,25,10,0
43,2053,0.8612653557681916,0.00040338218648217045,0.13628262430757196,0.002048637737754076,25,10,0
43,2054,0.8256604712043124,0.00040410919676126347,0.17168925178032665,0.0022461678185991,25,10,0
43,2055,0.824982177975329,0.0004044008476727005,0.17236723298420678,0.0022461881927908207,25,10,0
43,2056,0.8191436530240702,0.0004044087492879582,0.17820705192169406,0.0022448863049472343,25,10,0
43,2057,0.8191685578763293,0.0004044088481045367,0.1781820876188581,0.002244945656707532,25,10,0
43,2058,0.8187513901958102,0.0004044189809194552,0.1785992182336735,0.002244972589596498,25,10,0
43,2059,0.8284874898636141,0.0004044213000193625,0.16869819345251633,0.0024098953838501765,25,10,0
43,2060,0.8248046435857891,0.00040412886603355196,0.17238012172570652,0.0024111058224706335,25,10,0
43,2061,0.824562494518287,0.0004044000556175705,0.1726207322946337,0.002412373131461519,25,10,0
43,2062,0.8254706864484151,0.0004043805241137196,0.1717125815412926,0.0024123514861783234,25,10,0
43,2063,0.838684873061858,0.00040366174393264355,0.15869661654262784,0.0022148486515821057,25,10,0
43,2064,0.8380779019694713,0.00040233207033845135,0.15929350995985828,0.002226256000332735,25,10,0
43,2065,0.8499046995857884,0.00040234006257959634,0.14746569022705974,0.0022272701245727843,25,10,0
43,2066,0.8130141615243902,0.00040354067137390713,0.1843557354156976,0.0022265623885377043,25,10,0
43,2067,0.8154513644866299,0.0008010935289335689,0.18142448925849144,0.002323052725944209,25,10,0
43,2068,0.8215593633042357,0.0008017542600478117,0.1753158066320293,0.0023230758036863223,25,10,0
43,2069,0.8213723220166048,0.0008017536302594971,0.17550214641152287,0.0023237779416124898,25,10,0
43,2070,0.8259270624884317,0.0008015777795010448,0.17099322514629517,0.0022781345857709363,25,10,0
43,2071,0.8245188745016546,0.0008016367468129134,0.1724012501985462,0.002278238552984939,25,10,0
43,2072,0.8226377032833784,0.000862654167688268,0.17422126545716787,0.002278377091764175,25,10,0
43,2073,0.8215285292723477,0.0008626528194630233,0.17533063033901883,0.0022781875691697505,25,10,0
43,2074,0.7962640966108833,0.0008626795965623615,0.1782135123006813,0.024659711491872075,25,10,0
43,2075,0.7864649542759033,0.0008626816787764506,0.18801203111023004,0.024660332935089645,25,10,0
43,2076,0.7877088354131909,0.0008626233297217316,0.1867682375395054,0.024660303717581433,25,10,0
43,2077,0.7875838683681312,0.0008626233362454558,0.18689320453339087,0.024660303762232005,25,10,0
43,2078,0.7970171084350364,0.0008626208255138601,0.17746052087399758,0.024659749865451372,25,10,0
43,2079,0.8126953571971722,0.0008619520731833587,0.16178298903586177,0.02465970169378178,25,10,0
43,2080,0.8051993937501186,0.000862178608061954,0.1692746090436367,0.024663818598181744,25,10,0
43,2081,0.8046419131827416,0.0008621786567909503,0.16983185995146588,0.024664048209000648,25,10,0
43,2082,0.805530293210837,0.0008621985553831494,0.1689433675501456,0.024664140683633304,25,10,0
43,2083,0.8186132165714795,0.0004646341695246032,0.15635450006831816,0.024567649190677606,25,10,0
43,2084,0.8184863964855049,0.00046465379877705794,0.15648200628870026,0.024566943427017467,25,10,0
43,2085,0.8146315447116984,0.00047227204357465103,0.16032865089220735,0.024567532352519565,25,10,0
43,2086,0.8149038649447229,0.00047226201693324526,0.16005636707935328,0.02456750595899051,25,10,0
43,2087,0.8189620131630609,0.00046464384597435203,0.15600652124685171,0.024566821744112784,25,10,0
43,2088,0.8194809089758327,0.00046462368047353294,0.15549763249088866,0.02455683485280494,25,10,0
43,2089,0.820106219963876,0.00046462369345677746,0.1548725049740721,0.024556651368594962,25,10,0
43,2090,0.8248703144807388,0.00046459800158356936,0.1724829539712982,0.002182133546378338,25,10,0
43,2091,0.795886663958334,0.00046430603811648056,0.20146676445635062,0.0021822655471984056,25,10,0
43,2092,0.7952440065562983,0.00046428641225848083,0.2021094440356444,0.002182262995798156,25,10,0
43,2093,0.7932173655759992,0.0004643219417462338,0.20413596205613943,0.002182350426114937,25,10,0
43,2094,0.8027922461061818,0.0004657237996214369,0.17335394689626288,0.02338808319793325,25,10,0
43,2095,0.8311866239592621,0.0004657409331366213,0.14495965084002888,0.023387984267572427,25,10,0
43,2096,0.8315025751002736,0.0004657409346602713,0.14464370012896557,0.023387983836100787,25,10,0
43,2097,0.826011289589714,0.0004658438020481612,0.1501349338628143,0.02338793274542355,25,10,0
43,2098,0.8321662875766003,0.00046583551762079486,0.1439800036225037,0.023387873283275084,25,10,0
43,2099,0.8262816095793429,0.0004658481825403926,0.14986468030215655,0.023387861935959892,25,10,0
43,2100,0.8615335746973471,6.444308764953985e-05,0.11700206963672549,0.02139991257827766,25,10,0
43,2101,0.8511930992971537,6.304214047808696e-05,0.1485556603180779,0.00018819824428987196,25,10,0
43,2102,0.8512635718377892,6.304112786015998e-05,0.14848540196185092,0.00018798507249906046,25,10,0
43,2103,0.8415302066105932,6.324141882461769e-05,0.15816419152649316,0.0002423604440888576,25,10,0
43,2104,0.8407231450085607,2.2424674661580128e-06,0.15876428122944863,0.0005103312945245288,25,10,0
43,2105,0.8469031920698743,2.126635115428522e-06,0.15258424851535862,0.00051043277965166,25,10,0
43,2106,0.8472676203748274,2.1186629829796083e-06,0.15221941614329706,0.0005108448188925262,25,10,0
43,2107,0.8493016095369015,2.0830446486850273e-06,0.15018554918429414,0.0005107582341559796,25,10,0
43,2108,0.8494903603860167,2.084045044365454e-06,0.14999694225277915,0.0005106133161600232,25,10,0
43,2109,0.8888400868928572,2.089367263865521e-06,0.11065262533429385,0.0005051984055852843,25,10,0
43,2110,0.8888704251900691,2.0893443306627628e-06,0.11062226651336697,0.0005052189522335174,25,10,0
43,2111,0.8887741938165422,2.0880162692630188e-06,0.11071860178500965,0.000505116382179132,25,10,0
43,2112,0.8878152709726195,2.088055705706617e-06,0.11167752022120077,0.0005051207504744486,25,10,0
43,2113,0.8877102705435166,2.087790738091821e-06,0.11178252134815563,0.0005051203175899249,25,10,0
43,2114,0.8505568366109096,2.1145124361058377e-06,0.14893580264873985,0.0005052462279143352,25,10,0
43,2115,0.8556300765776105,2.101952834716216e-06,0.1438626351752325,0.0005051862943222068,25,10,0
43,2116,0.8513192116041794,2.2636109477081524e-06,0.14816008137391304,0.0005184434109598271,25,10,0
43,2117,0.8727841253992169,2.229019846280139e-06,0.1266953679947315,0.0005182775862054693,25,10,0
43,2118,0.8683604931400072,2.233232273872557e-06,0.1311172561364201,0.0005200174912986775,25,10,0
43,2119,0.8692737103739945,2.2457600456468998e-06,0.1302003667817025,0.0005236770842572914,25,10,0
43,2120,0.8583244350047378,2.2495652792568047e-06,0.1411160129369224,0.0005573024930604114,25,10,0
43,2121,0.8518954137008434,1.5764855246315483e-05,0.14752905353059964,0.000559767913310189,25,10,0
43,2122,0.8542558626410949,1.5746476762135987e-05,0.14543673564053897,0.0002916552416040077,25,10,0
43,2123,0.853819816547375,1.5747537641739197e-05,0.14586627425861032,0.0002981616563729421,25,10,0
43,2124,0.86132637332046,1.5520994529689834e-05,0.13836406101535947,0.0002940446696510248,25,10,0
43,2125,0.8615828471683012,1.552024406469365e-05,0.13810767063269813,0.00029396195493594437,25,10,0
43,2126,0.8636998978485813,2.0046382006681797e-06,0.1360066645931431,0.0002914329200751031,25,10,0
43,2127,0.8637287658251384,2.00030849788663e-06,0.13597924217132587,0.00028999169503765706,25,10,0
43,2128,0.8636686512684222,2.005485549151785e-06,0.1360392353360644,0.00029010790996420724,25,10,0
43,2129,0.8802266179992233,1.9841294658469942e-06,0.11964634573802674,0.0001250521332839658,25,10,0
43,2130,0.8807462320896708,1.984330389662736e-06,0.11912681048151867,0.0001249730984206893,25,10,0
43,2131,0.8729327052720575,1.7955057205354246e-06,0.12699400560785812,7.149361436329505e-05,25,10,0
43,2132,0.8730515307784564,1.7953833978786787e-06,0.12687523156012415,7.144227802098664e-05,25,10,0
43,2133,0.8657730580228369,7.820651257938736e-06,0.13414749003119483,7.163129470949722e-05,25,10,0
43,2134,0.8345912632760097,1.3825278707115359e-05,0.16532399713549123,7.09143097923079e-05,25,10,0
43,2135,0.8346636833754454,1.382404834724595e-05,0.16525812840798157,6.436416822615888e-05,25,10,0
43,2136,0.853650905579054,1.3843471334787976e-05,0.14627778004030603,5.7470909305412356e-05,25,10,0
43,2137,0.8532261239180001,1.3847680072203453e-05,0.14670243857186166,5.758983006625071e-05,25,10,0
43,2138,0.8484156828432619,1.3870388927426595e-05,0.15146775388872016,0.00010269287909096104,25,10,0
43,2139,0.8306258779916637,1.3860941471668459e-05,0.16925846161458977,0.00010179945227491972,25,10,0
43,2140,0.8272720945556982,1.3848066154627053e-05,0.1726158376476077,9.82197305394139e-05,25,10,0
43,2141,0.8320041387617004,1.3844279509873883e-05,0.16788386455492396,9.815240386548419e-05,25,10,0
43,2142,0.8328085697056835,1.3823777724147967e-05,0.16707951416914932,9.809234744306105e-05,25,10,0
43,2143,0.8698435291037306,1.2535484178058289e-05,0.130045965377913,9.797003417862869e-05,25,10,0
43,2144,0.8703506595667833,1.2258908103136772e-05,0.12954035576349265,9.672576162108009e-05,25,10,0
43,2145,0.8704664795124701,1.2258917243829502e-05,0.1294245345701988,9.672700008732445e-05,25,10,0
43,2146,0.8704675981276757,1.2259204597005366e-05,0.12942338287408922,9.675979363812016e-05,25,10,0
43,2147,0.8705986635220668,1.2260672432274042e-05,0.1292921086494249,9.696715607589385e-05,25,10,0
43,2148,0.8704120697647896,1.226372721508007e-05,0.1294773483215507,9.831818644445546e-05,25,10,0
43,2149,0.8710719648802006,1.2253734800492374e-05,0.12881885342851335,9.692795648557134e-05,25,10,0
43,2150,0.8742931994318143,1.2255591643648956e-05,0.10219478937748598,0.023499755599055976,25,10,0
43,2151,0.8618120480726371,1.2256373114086291e-05,0.11467594210997838,0.02349975344427108,25,10,0
43,2152,0.8591083162874411,1.2259103907480992e-05,0.11733629725613089,0.02354312735252107,25,10,0
43,2153,0.859475435721877,1.2255248053369151e-05,0.11696918430371639,0.02354312472635384,25,10,0
43,2154,0.8602502174240505,1.2254312173928209e-05,0.11619447044677043,0.023543057817005515,25,10,0
43,2155,0.8626753351568077,1.2248475519726824e-05,0.1137710941257032,0.02354132224196985,25,10,0
43,2156,0.8523167089937413,1.2245902816142728e-05,0.12417059544924715,0.02350044965419572,25,10,0
43,2157,0.8527254193015057,1.2245692849329386e-05,0.12376188420229205,0.023500450803352963,25,10,0
43,2158,0.8530566518980787,1.2264650771526751e-05,0.12343047565090341,0.023500607800246858,25,10,0
43,2159,0.8499282983045201,1.4726879830567242e-05,0.1265563993271106,0.02350057548853928,25,10,0
43,2160,0.8848971231242736,8.722552058986655e-06,0.0915940798399823,0.02350007448368584,25,10,0
43,2161,0.8851593726814859,8.722532368540189e-06,0.09133190402156076,0.023500000764585586,25,10,0
43,2162,0.8850320935642871,8.722726552885394e-06,0.09145911302432566,0.02350007068483492,25,10,0
43,2163,0.8921110123687191,2.6966877272351097e-06,0.08438641230243707,0.023499878641116842,25,10,0
43,2164,0.9035838434521313,2.8314874885831803e-06,0.07291589206036184,0.023497433000018608,25,10,0
43,2165,0.9037289416658432,2.8311967794238747e-06,0.07277082695950433,0.023497400177873357,25,10,0
43,2166,0.9056243689754118,1.4097942040237199e-06,0.07087540975825934,0.023498811472125083,25,10,0
43,2167,0.9058717294158853,1.4099112586405458e-06,0.07062802396695086,0.023498836705905336,25,10,0
43,2168,0.9059329882996613,1.4146969646930324e-06,0.07056675156531969,0.023498845438054503,25,10,0
43,2169,0.9055414790742593,1.279471243533527e-06,0.07095768060015133,0.023499560854345937,25,10,0
43,2170,0.9116468569221874,1.2751983779435916e-06,0.06488593546682839,0.023465932412606368,25,10,0
43,2171,0.9117697291721182,1.2751731764377498e-06,0.06476307748441303,0.02346591817029241,25,10,0
43,2172,0.9110791463503779,1.5043512727894455e-06,0.06545137966983133,0.023467969628517927,25,10,0
43,2173,0.9062297671279258,1.4992198238005446e-06,0.07029888795529218,0.023469845696958272,25,10,0
43,2174,0.9060983462686032,1.5046032275769604e-06,0.07043028986173082,0.023469859266438377,25,10,0
43,2175,0.9190600581707937,1.5037980710402116e-06,0.05746858023269581,0.023469857798439263,25,10,0
43,2176,0.919069207469433,1.503701578520502e-06,0.057459430664573354,0.02346985816441491,25,10,0
43,2177,0.9223837833691577,1.5035520161365704e-06,0.05414489962347082,0.02346981345535519,25,10,0
43,2178,0.914923415448103,1.5004680024330738e-06,0.05311934092905864,0.03195574315483592,25,10,0
43,2179,0.9058061759686802,2.2241528192250027e-06,0.06204143296545035,0.032150166913049914,25,10,0
43,2180,0.9037299128719846,2.2261693390764064e-06,0.06411780125694787,0.0321500597017281,25,10,0
43,2181,0.9037290855095297,2.2211800474467414e-06,0.06411863360330934,0.03215005970711325,25,10,0
43,2182,0.8965872301882258,7.97831996628463e-06,0.07122787985439229,0.03217691163741529,25,10,0
43,2183,0.8967629132976973,7.978299111136864e-06,0.0710521995402057,0.03217690886298552,25,10,0
43,2184,0.8967453303570965,7.978331735834089e-06,0.07106447159070935,0.032182219720457934,25,10,0
43,2185,0.8956774485034774,7.978476997103442e-06,0.07213220213891994,0.03218237088060524,25,10,0
43,2186,0.8952239309260481,7.978469096096527e-06,0.07258574255831379,0.03218234804654164,25,10,0
43,2187,0.8951732052868201,7.749492039015446e-06,0.072638746035004,0.032180299186136706,25,10,0
43,2188,0.8950521503777291,7.749543976345224e-06,0.07275847983249338,0.03218162024580093,25,10,0
43,2189,0.8997847493269252,7.726887349579754e-06,0.06807048595754706,0.032137037828178026,25,10,0
43,2190,0.900019036825319,2.3983596761102465e-06,0.06786744274300276,0.03211112207200191,25,10,0
43,2191,0.902711654098497,2.4004624753902802e-06,0.065174802786653,0.03211114265237453,25,10,0
43,2192,0.903264386373379,2.384115329681944e-06,0.06462224233313908,0.032110987178152174,25,10,0
43,2193,0.9058725728866561,2.3840701943675194e-06,0.06201492191796962,0.03211012112518012,25,10,0
43,2194,0.9053365224448041,2.384011964841665e-06,0.06254958926845773,0.03211150427477352,25,10,0
43,2195,0.9057125373268584,2.3840094090583933e-06,0.06217338606325158,0.03211169260048104,25,10,0
43,2196,0.8854279385457626,2.3850295929626604e-06,0.080249438267468,0.03432023815717631,25,10,0
43,2197,0.8992180128701083,1.665562083398912e-06,0.06665443978731851,0.03412588178049005,25,10,0
43,2198,0.8981158335788569,1.7053454563761645e-06,0.06771845861839026,0.03416400245729647,25,10,0
43,2199,0.8828126972043968,1.7161314841134953e-06,0.08301575330210426,0.03416983336201516,25,10,0
43,2200,0.8887286929220563,1.843473550461495e-06,0.07709900755132536,0.034170456053068184,25,10,0
43,2201,0.880231328789324,1.8468747887299345e-06,0.0855976593382329,0.03416916499765446,25,10,0
43,2202,0.8696207886364864,1.8554031205474115e-06,0.09621006449429732,0.034167291466096185,25,10,0
43,2203,0.8690026548852097,1.8681494651870835e-06,0.09682549744998223,0.03416997951534304,25,10,0
43,2204,0.8685199180616019,1.8714560222269472e-06,0.09730873589330855,0.034169474589067474,25,10,0
43,2205,0.8684311583438528,1.8711883616953497e-06,0.09739756572230548,0.034169404745480324,25,10,0
43,2206,0.8888495532776968,1.866313460097848e-06,0.07918773568115642,0.031960844727686906,25,10,0
43,2207,0.8825111152238844,6.900377994305691e-06,0.08552067149897562,0.031961312899145826,25,10,0
43,2208,0.8812395928493926,6.924114728979104e-06,0.08678454822756664,0.03196893480831164,25,10,0
43,2209,0.8732549227110266,6.739070385803067e-06,0.08453362349993909,0.042204714718648194,25,10,0
43,2210,0.8732466087926158,6.7400876514701595e-06,0.0845472263885721,0.0421994247311604,25,10,0
43,2211,0.8738688463287165,6.739694081486646e-06,0.08392518232197571,0.04219923165522587,25,10,0
43,2212,0.8751584475396423,5.698514829642357e-06,0.08263811755185792,0.04219773639366976,25,10,0
43,2213,0.8751340928986417,5.698520688473587e-06,0.08266242237984622,0.04219778620082311,25,10,0
43,2214,0.8727126769539092,6.300177969104246e-06,0.09536881134774858,0.0319122115203728,25,10,0
43,2215,0.8727240459254242,6.3000807796120684e-06,0.09535744468208682,0.031912209311709024,25,10,0
43,2216,0.8769539562668476,6.3010251840973726e-06,0.09112743421453925,0.03191230849342845,25,10,0
43,2217,0.8774859573468927,6.2979758559446356e-06,0.09059547350180124,0.0319122711754495,25,10,0
43,2218,0.8773648765583348,6.303516622383923e-06,0.09071654476413321,0.03191227516090907,25,10,0
43,2219,0.8780534161527366,6.288112384527519e-06,0.09003071578241993,0.03190957995245841,25,10,0
43,2220,0.8887610212394531,6.275582775263124e-06,0.07932330917769,0.03190939400008111,25,10,0
43,2221,0.88856714498475,6.302681625693481e-06,0.08678588646931512,0.02464066586430856,25,10,0
43,2222,0.8902989975824329,6.301722010374417e-06,0.08505403846537062,0.024640662230185777,25,10,0
43,2223,0.8895887049408165,6.280527097857171e-06,0.08577163039512266,0.024633384136962606,25,10,0
43,2224,0.8584302927917047,6.280909831142921e-06,0.11693004229912242,0.024633383999341688,25,10,0
43,2225,0.8550816515985247,6.845262309886446e-06,0.12013032004839733,0.0247811830907677,25,10,0
43,2226,0.8634270465650331,6.8429056144115085e-06,0.11178020132741537,0.024785909201936622,25,10,0
43,2227,0.8628895746402576,6.862560539305056e-06,0.11231689435402605,0.024786668445176477,25,10,0
43,2228,0.8786836600992519,6.244526427234783e-06,0.09652633842793708,0.024783756946383687,25,10,0
43,2229,0.8786853384121379,6.244536811774323e-06,0.09652465767100096,0.024783759380049338,25,10,0
43,2230,0.8787086408615502,6.244540969702338e-06,0.09650135405127667,0.024783760546203144,25,10,0
43,2231,0.8917874384500929,6.360048846896929e-06,0.1072426441784792,0.0009635573225809548,25,10,0
43,2232,0.8916319003008994,6.3628497515804175e-06,0.10739748789806818,0.0009642489512806066,25,10,0
43,2233,0.8859910204424943,6.3690112548845835e-06,0.11300781789978888,0.0009947926464619738,25,10,0
43,2234,0.8708053560874959,6.372210764910378e-06,0.12818575436234622,0.001002517339392576,25,10,0
43,2235,0.8711177399067744,6.382123846903045e-06,0.12787336279506362,0.0010025151743149232,25,10,0
43,2236,0.872444302089728,6.4376445660360625e-06,0.1265274169122568,0.0010218433534491755,25,10,0
43,2237,0.8715588164764523,6.4714089499513634e-06,0.12741292011076807,0.001021792003829909,25,10,0
43,2238,0.871563311794863,6.471385942059401e-06,0.12740842895556573,0.0010217878636294819,25,10,0
43,2239,0.8535322451482281,6.479016815375086e-06,0.1454374763488046,0.0010237994861526198,25,10,0
43,2240,0.8535003353773005,6.479238050515272e-06,0.14546952611688127,0.0010236592677682617,25,10,0
43,2241,0.8631521066426747,6.343286883933039e-06,0.1358185376668095,0.001023012403632668,25,10,0
43,2242,0.8646173659997575,6.3452394314183405e-06,0.13435301081429835,0.0010232779465132776,25,10,0
43,2243,0.8613106810454143,6.339760829110292e-06,0.13768928666431843,0.0009936925294387448,25,10,0
43,2244,0.8540012819204494,1.0310064054307183e-05,0.14497660052103784,0.0010118074944589347,25,10,0
43,2245,0.8468393648274993,1.0305035445914359e-05,0.15213691557961273,0.0010134145574421658,25,10,0
43,2246,0.8621654655354558,1.0165143544610434e-05,0.13760985600301173,0.0002145133179878995,25,10,0
43,2247,0.892917715681647,1.0172390156044472e-05,0.10685752517066581,0.00021458675753115725,25,10,0
43,2248,0.8806528469761976,1.018647375886161e-05,0.11912240345907182,0.00021456309097179612,25,10,0
43,2249,0.8806163994748344,1.0193987069402951e-05,0.11915779662177206,0.0002156099163241923,25,10,0
43,2250,0.8805478639673148,1.0190922166741938e-05,0.11922629583816144,0.00021564927235711667,25,10,0
43,2251,0.864950101784806,1.0152030976952686e-05,0.134824098157796,0.00021564802642167358,25,10,0
43,2252,0.8647925434343976,1.0151498619383228e-05,0.13498067706257103,0.00021662800441264767,25,10,0
43,2253,0.8614601961797089,1.0149738431019631e-05,0.1383137401769875,0.00021591390487283042,25,10,0
43,2254,0.8516755283495716,1.0446167013828006e-05,0.1480986425720499,0.00021538291136550346,25,10,0
43,2255,0.8364816894920475,1.047027832046975e-05,0.16329236971593708,0.00021547051369602798,25,10,0
43,2256,0.8205490638599526,1.091117520933291e-05,0.17922544025256368,0.00021458471227582874,25,10,0
43,2257,0.7938582272343758,0.010438338759857996,0.19549103026673773,0.00021240373903031067,25,10,0
43,2258,0.7721739220819372,0.010438703848307931,0.2171679200124893,0.000219454057266584,25,10,0
43,2259,0.772176653515108,0.010438703857939418,0.21716518724591607,0.00021945538103777332,25,10,0
43,2260,0.7603469422162934,0.010439086102617574,0.228999239196018,0.00021473248507254686,25,10,0
43,2261,0.7778304515307013,0.010438455335129954,0.21168931973139699,4.177340277295159e-05,25,10,0
43,2262,0.8048065834827558,0.010438151889537076,0.18470860958603083,4.665504167820031e-05,25,10,0
43,2263,0.8052462696826871,0.010438148452728991,0.18426895764568613,4.662421889959438e-05,25,10,0
43,2264,0.817329429379319,0.010437765094131031,0.17218620040194904,4.660512460199063e-05,25,10,0
43,2265,0.7878369229613286,0.010439950278657588,0.20167144316933794,5.168359067707748e-05,25,10,0
43,2266,0.8120442652115638,1.2529893171233176e-05,0.18789030989263847,5.289500262792395e-05,25,10,0
43,2267,0.8119361500016292,1.2530749561052003e-05,0.18799840441594892,5.291483286214822e-05,25,10,0
43,2268,0.8117409747104841,1.2530746467731342e-05,0.18819357846265308,5.2916080396519045e-05,25,10,0
43,2269,0.8356715478397586,1.2105161337355824e-05,0.16426333703046084,5.300996844331404e-05,25,10,0
43,2270,0.8647717376467324,9.920430089757154e-06,0.13516910907952107,4.923284365704911e-05,25,10,0
43,2271,0.864844067050287,9.920432821366467e-06,0.13509678187370341,4.9230643188406826e-05,25,10,0
43,2272,0.864799258087653,9.942293985678592e-06,0.13514225664391802,4.8542974443608036e-05,25,10,0
43,2273,0.8541229895919851,1.0145411739141365e-05,0.14581839059498605,4.847440128990589e-05,25,10,0
43,2274,0.8541226257144647,1.0145486553921927e-05,0.14581873813878227,4.849066019921291e-05,25,10,0
43,2275,0.8793877333019072,9.762653734069252e-06,0.1205606478121031,4.185623225602118e-05,25,10,0
43,2276,0.8798629433350611,9.762479901152069e-06,0.12008544062339062,4.1853561647829834e-05,25,10,0
43,2277,0.8798433854966308,9.762687160334468e-06,0.12010496968614788,4.188213006160289e-05,25,10,0
43,2278,0.883600398515727,1.2884575530137552e-05,0.11633112662521317,5.5590283530538316e-05,25,10,0
43,2279,0.8830391444008626,1.2900758630995556e-05,0.11689232037292817,5.563446757918816e-05,25,10,0
43,2280,0.8982962599738147,1.2875752044640535e-05,0.10163531685607408,5.554741806710469e-05,25,10,0
43,2281,0.8996723784300528,1.281239393228924e-05,0.10025918241161726,5.562676439822461e-05,25,10,0
43,2282,0.8991884921927755,1.2813466889914247e-05,0.1007429198099394,5.5774530395736566e-05,25,10,0
43,2283,0.8991751232766569,1.2817444143118294e-05,0.10075674379056432,5.5315488636182956e-05,25,10,0
43,2284,0.876109261031995,1.4031946497004454e-05,0.10344218713501938,0.020434519886489,25,10,0
43,2285,0.8767669054754715,1.4027590587150087e-05,0.1027856443570506,0.020433422576891163,25,10,0
43,2286,0.873344139623716,1.402766096391462e-05,0.1062084120698353,0.020433420645485194,25,10,0
43,2287,0.8728587304538868,1.4028578295065765e-05,0.10669372405362379,0.020433516914194764,25,10,0
43,2288,0.8666544805520762,1.4041093598139144e-05,0.11289680106965429,0.020434677284671885,25,10,0
43,2289,0.8727918649843127,9.006970052460147e-06,0.1067649127275298,0.020434215318105457,25,10,0
43,2290,0.8623250101556685,8.989009328319118e-06,0.11723172769135436,0.02043427314364932,25,10,0
43,2291,0.8596978134603271,6.491283800576402e-06,0.11987502604552881,0.020420669210344085,25,10,0
43,2292,0.86038771267456,6.47432201334947e-06,0.11918522192958855,0.020420591073838597,25,10,0
43,2293,0.8757007861261669,5.849742270237712e-06,0.10387287805968758,0.02042048607187565,25,10,0
43,2294,0.8863287486754586,5.843079163575705e-06,0.09323970877110713,0.020425699474271076,25,10,0
43,2295,0.8842506548017092,5.8625070607545784e-06,0.09531772140753945,0.02042576128369114,25,10,0
43,2296,0.8842462298326275,5.862685078907114e-06,0.09532209854699275,0.020425808935301246,25,10,0
43,2297,0.8846743709138254,5.970799463101736e-06,0.09489974108767124,0.020419917199040672,25,10,0
43,2298,0.88479784546845,5.970702957419416e-06,0.09477626884004353,0.020419914988549556,25,10,0
43,2299,0.8455270086909599,5.9697248876963966e-06,0.13404697258502904,0.02042004899912386,25,10,0
43,2300,0.8459152517717256,5.861153291954595e-06,0.13365929444503333,0.020419592629949634,25,10,0
43,2301,0.8460223279946228,5.8570273067980725e-06,0.13355222262836103,0.02041959234970958,25,10,0
43,2302,0.8461403601033026,5.85925535594832e-06,0.133435384051426,0.02041839658991567,25,10,0
43,2303,0.8198852880055233,7.990026903606297e-06,0.15967808572952683,0.020428636238046787,25,10,0
43,2304,0.8198044733226436,7.990199002538855e-06,0.15975887791822332,0.020428658560131128,25,10,0
43,2305,0.8136509620328947,7.989973202785032e-06,0.1659124630442419,0.020428584949661203,25,10,0
43,2306,0.8211118987202859,7.98874439307658e-06,0.1584506254878646,0.02042948704745722,25,10,0
43,2307,0.7870407206663645,8.011773554261148e-06,0.19214519421551945,0.020806073344561395,25,10,0
43,2308,0.7908592436667987,8.014808984068651e-06,0.188328470400733,0.020804271123484347,25,10,0
43,2309,0.7911392881638336,8.012124490552384e-06,0.18804853463220547,0.020804165079470468,25,10,0
43,2310,0.7912525016336608,8.012124489343339e-06,0.18793532034438165,0.02080416589746855,25,10,0
43,2311,0.8071062020241382,8.008592251503159e-06,0.1720895376827965,0.02079625170081394,25,10,0
43,2312,0.8093730487154296,7.989076662710305e-06,0.16982279945543,0.020796162752477726,25,10,0
43,2313,0.8168391035378932,4.0192734605264814e-06,0.16237943639646552,0.020777440792180732,25,10,0
43,2314,0.816074774912919,4.30648693948966e-06,0.16306683979220993,0.020854078807931806,25,10,0
43,2315,0.7775243745032405,4.335334831311939e-06,0.20161721802328927,0.020854072138638467,25,10,0
43,2316,0.7966754214943321,4.316020301216176e-06,0.18246491072179472,0.020855351763571832,25,10,0
43,2317,0.7966684498990273,4.321110349622742e-06,0.18247187635728776,0.020855352633335458,25,10,0
43,2318,0.7798449641541316,4.341329712752878e-06,0.19928979165886473,0.020860902857290982,25,10,0
43,2319,0.7794176786285912,4.341606241044694e-06,0.19972226489990194,0.02085571486526592,25,10,0
43,2320,0.7416948954357753,5.7928141468192275e-06,0.23744004026781368,0.020859271482264203,25,10,0
43,2321,0.7397828766411415,5.795863356716016e-06,0.2390684449926779,0.02114288250282373,25,10,0
43,2322,0.7395558720769774,5.795557796019907e-06,0.2392955353118156,0.02114279705341087,25,10,0
43,2323,0.7236234315538391,5.796418889513303e-06,0.2552216499123656,0.021149122114904655,25,10,0
43,2324,0.7608303485506666,4.3452111976722005e-06,0.21801974072155011,0.02114556551658596,25,10,0
43,2325,0.7610643933259503,4.357927891713269e-06,0.21778564237596432,0.021145606370193873,25,10,0
43,2326,0.7786221238279083,4.3364810183175445e-06,0.20023365266369883,0.02113988702737464,25,10,0
43,2327,0.7556304855743157,4.3360800661308185e-06,0.22322413302265698,0.021141045322961495,25,10,0
43,2328,0.7362778814385806,7.93301480609511e-06,0.24285658241722302,0.020857603129389314,25,10,0
43,2329,0.7250517773322984,8.128102327198416e-06,0.2540815530418191,0.020858541523554153,25,10,0
43,2330,0.7249498326346968,8.128089269009798e-06,0.25418349763929005,0.020858541636743135,25,10,0
43,2331,0.727973279836739,8.128463048573146e-06,0.25115871776663967,0.02085987393357217,25,10,0
43,2332,0.7393868065118054,7.923332506836188e-06,0.23974633747235402,0.020858932683333466,25,10,0
43,2333,0.7398703808979519,7.923302258964465e-06,0.23926193257666648,0.020859763223122555,25,10,0
43,2334,0.7412462238933153,7.919318315044386e-06,0.23788803947082396,0.020857817317545147,25,10,0
43,2335,0.7719411385121064,6.576232623599716e-06,0.2272863320160133,0.0007659532392557977,25,10,0
43,2336,0.7785488995479228,6.589070577522855e-06,0.2206698472382344,0.0007746641432643016,25,10,0
43,2337,0.797426823937352,6.598830938137762e-06,0.20179310758168384,0.0007734696500260069,25,10,0
43,2338,0.7970530457442234,6.598938969887428e-06,0.20216680613705534,0.0007735491797511619,25,10,0
43,2339,0.7965820282861514,6.599001205394268e-06,0.20263778216078535,0.0007735905518575433,25,10,0
43,2340,0.7966131769763013,6.598568683058938e-06,0.2026087971763522,0.000771427278663119,25,10,0
43,2341,0.7966352276133827,6.599193074992866e-06,0.202586583748984,0.000771589444558059,25,10,0
43,2342,0.7966168467408654,6.599565379892151e-06,0.20260493616193948,0.0007716175318149615,25,10,0
43,2343,0.7968835848594253,6.599386632525847e-06,0.20233822143533822,0.0007715943186036678,25,10,0
43,2344,0.7978720554788762,6.598911578406831e-06,0.20135710143900742,0.0007642441705377484,25,10,0
43,2345,0.7996409311860507,6.579965359874143e-06,0.19987666769200133,0.00047582115658809223,25,10,0
43,2346,0.7996302793723767,6.58029155440673e-06,0.19988731140278557,0.00047582893328334007,25,10,0
43,2347,0.7981455153407181,6.580481109815793e-06,0.20137207235485458,0.00047583182331697256,25,10,0
43,2348,0.7812709262655795,6.598182985147071e-06,0.2143731412084193,0.004349334343014605,25,10,0
43,2349,0.8146018820734375,6.621309253763307e-06,0.18141874109738226,0.003972755519925165,25,10,0
43,2350,0.8155949092842115,6.5748674049472245e-06,0.18042571043585431,0.003972805412527785,25,10,0
43,2351,0.8544265731652775,6.575216226726855e-06,0.14159427540153727,0.003972576216957811,25,10,0
43,2352,0.8457728835896731,0.0007028930715592322,0.1495505461164378,0.003973677222329077,25,10,0
43,2353,0.8314602428980222,0.0007026262182739979,0.16350971546841328,0.004327415415289957,25,10,0
43,2354,0.8316639429787708,0.0007026209118592956,0.1633060444072983,0.004327391702071059,25,10,0
43,2355,0.8321211670434743,0.0007028445360553703,0.16284968593506616,0.004326302485402806,25,10,0
43,2356,0.832380922071388,0.000702844453777424,0.16258859865125364,0.004327634823579943,25,10,0
43,2357,0.8324188944293887,0.0007028250898225892,0.16255074115044987,0.004327539330338022,25,10,0
43,2358,0.8329221101021135,0.000702825100993221,0.16204752500606628,0.004327539790826806,25,10,0
43,2359,0.8706414186301017,0.0007028263155549235,0.12432824372910915,0.004327511325234447,25,10,0
43,2360,0.8693577793372858,0.0007006812119004563,0.12562403716030757,0.004317502290506547,25,10,0
43,2361,0.8708640304991563,0.0007006808361080584,0.12411778760446598,0.004317501060269981,25,10,0
43,2362,0.8928621128176246,0.000697070039720239,0.10212365124814392,0.004317165894511585,25,10,0
43,2363,0.8955569017738055,0.0006984178219418735,0.09942132660036657,0.004323353803886138,25,10,0
43,2364,0.8937800034150578,0.0006984495467207033,0.10118557569804601,0.004335971340175714,25,10,0
43,2365,0.9105438837827886,0.0006984359723176063,0.08823440135476852,0.0005232788901254982,25,10,0
43,2366,0.9164085859580193,0.000698199834699221,0.08237000592967549,0.0005232082776060919,25,10,0
43,2367,0.9157304052741998,0.0006984694998308278,0.0830472534028484,0.0005238718231209519,25,10,0
43,2368,0.9103893351532377,0.0006981995702015031,0.08838805339372881,0.0005244118828319655,25,10,0
43,2369,0.8737922332645592,0.0006981999997770455,0.12498493452508225,0.0005246322105809156,25,10,0
43,2370,0.8525436708186375,0.0006982137860381622,0.14623339433008156,0.000524721065242657,25,10,0
43,2371,0.8525247838747899,0.0006982146758752396,0.14625225549220539,0.0005247459571292045,25,10,0
43,2372,0.8464218368757314,0.00069821887482655,0.15235406139233315,0.0005258828571089386,25,10,0
43,2373,0.8602880373500167,0.0006982053302012055,0.13848796131605995,0.0005257960037220087,25,10,0
43,2374,0.8557444243692375,2.3181969309362884e-06,0.14372800860404625,0.0005252488297853893,25,10,0
43,2375,0.8556389806441744,2.3181009944392123e-06,0.14383360486641297,0.0005250963884179722,25,10,0
43,2376,0.8688140693138248,1.8869793994473632e-06,0.13065942581607845,0.0005246178906969848,25,10,0
43,2377,0.8684465246566684,1.8863488649168035e-06,0.13102713361228047,0.0005244553821857977,25,10,0
43,2378,0.8745552253278701,1.8821560725991185e-06,0.12491957356647988,0.0005233189495769473,25,10,0
43,2379,0.8765015343799043,1.8692159792642062e-06,0.12298206042252711,0.000514535981588857,25,10,0
43,2380,0.8761075914181441,2.1282489497052216e-06,0.12337698642851422,0.0005132939043914077,25,10,0
43,2381,0.8760056851137153,2.798445553180623e-06,0.12347835009469625,0.0005131663460348087,25,10,0
43,2382,0.8671659028623003,2.9730611468103037e-06,0.1323161462448973,0.0005149778316549512,25,10,0
43,2383,0.855129217645299,8.232813005847245e-06,0.14289539723150252,0.001967152310191855,25,10,0
43,2384,0.8546119386433663,8.24235647062216e-06,0.14340633302061537,0.00197348597954722,25,10,0
43,2385,0.8634359486978032,8.067824928458373e-06,0.13458428729380817,0.0019716961834595798,25,10,0
43,2386,0.8569257285235274,8.29814459397162e-06,0.14109425830072828,0.0019717150311497457,25,10,0
43,2387,0.8565647002256799,9.321659241965096e-06,0.14151497997879292,0.0019109981362846076,25,10,0
43,2388,0.8559590587833946,9.342194443880964e-06,0.14212059910105002,0.0019109999211108866,25,10,0
43,2389,0.8618759951055094,9.329347535190376e-06,0.13620371668774253,0.0019109588592124182,25,10,0
43,2390,0.867262724598897,8.919526148468427e-06,0.13081838008670546,0.0019099757882486855,25,10,0
43,2391,0.8676429457239938,8.916110826393389e-06,0.1304381790247107,0.0019099591404684302,25,10,0
43,2392,0.8545265617699666,8.890500211001027e-06,0.14175943551055156,0.0037051122192706346,25,10,0
43,2393,0.8851682997156207,7.547154472792969e-06,0.11112430973499172,0.003699843394914437,25,10,0
43,2394,0.8851780092572823,7.547075078373185e-06,0.11111462358082891,0.0036998200868102776,25,10,0
43,2395,0.885398692978995,7.5423895476005255e-06,0.11089400309227582,0.0036997615391814193,25,10,0
43,2396,0.8811931260355839,7.531631773884923e-06,0.11509849307642055,0.003700849256222517,25,10,0
43,2397,0.8762764863382757,7.526735521910212e-06,0.120015268944484,0.003700717981719133,25,10,0
43,2398,0.8767464115385046,6.499061201981599e-06,0.11954637126153016,0.003700718138764075,25,10,0
43,2399,0.877076807413792,6.498346053696477e-06,0.11921597782423966,0.003700716415915162,25,10,0
43,2400,0.8827126350532113,6.4953152645046925e-06,0.113581210681087,0.0036996589504376376,25,10,0
43,2401,0.8831903271467444,6.486734745086773e-06,0.11310935337354118,0.003693832744969755,25,10,0
43,2402,0.8761033811788351,6.487006377576643e-06,0.12019633546452009,0.003693796350267423,25,10,0
43,2403,0.8660531408191161,6.487482856973422e-06,0.13024490964915475,0.003695462048872609,25,10,0
43,2404,0.866912780741864,6.48703352606376e-06,0.12938518793886972,0.0036955442857405526,25,10,0
43,2405,0.8600930976596921,6.633428245995934e-06,0.1362172499802866,0.0036830189317756403,25,10,0
43,2406,0.860099825785647,6.633423344453804e-06,0.1362105407767234,0.0036830000142853386,25,10,0
43,2407,0.8691792032287127,6.633323986635052e-06,0.12713282903343445,0.0036813344138667387,25,10,0
43,2408,0.8762011705107152,6.627900626554012e-06,0.12011086707998596,0.0036813345086725586,25,10,0
43,2409,0.8736962383919898,6.644695197685852e-06,0.12261543471905888,0.003681682193753683,25,10,0
43,2410,0.8756705109929416,6.62825416366569e-06,0.12063628399750226,0.0036865767553924257,25,10,0
43,2411,0.8754288941407086,6.628268790450839e-06,0.1208779911764878,0.003686486414013319,25,10,0
43,2412,0.8506650184615668,6.661139305773621e-06,0.14606529562805673,0.0032630247710706316,25,10,0
43,2413,0.8497432251438003,6.6611520537570665e-06,0.14698708885654083,0.003263024847604804,25,10,0
43,2414,0.8196226827299194,8.845260533711939e-06,0.1771001338417303,0.0032683381678171156,25,10,0
43,2415,0.8191924207606225,8.84569659386339e-06,0.17752924640481152,0.0032694871379726504,25,10,0
43,2416,0.838435198157052,8.76996616799201e-06,0.1581302232481699,0.003425808628610805,25,10,0
43,2417,0.837759317025254,8.7779639223687e-06,0.1588065809425057,0.0034253240683188696,25,10,0
43,2418,0.8361504213095486,8.78457507139338e-06,0.16037542512853709,0.0034653689868444277,25,10,0
43,2419,0.8225138352425546,8.781601664693354e-06,0.17401189278903895,0.0034654903667435217,25,10,0
43,2420,0.8195835618134919,9.351232307682696e-06,0.17695771303102215,0.003449373923180254,25,10,0
43,2421,0.8049334552452581,9.1971780988253e-06,0.19160557332259162,0.0034517742540529387,25,10,0
43,2422,0.7693425947767032,9.197570086581024e-06,0.22669597022454455,0.003952237428665496,25,10,0
43,2423,0.7700464679072163,9.18808428441278e-06,0.22599213482806774,0.003952209180431557,25,10,0
43,2424,0.8078341856695975,9.152703258648991e-06,0.1882064342551908,0.003950227371954332,25,10,0
43,2425,0.8076886934277234,9.166462280408354e-06,0.1883483565129572,0.003953783597040331,25,10,0
43,2426,0.7908780781359326,9.199800178076993e-06,0.20515600714493953,0.003956714918950974,25,10,0
43,2427,0.7908752605242259,9.199798647243561e-06,0.2051588251871277,0.003956714490000359,25,10,0
43,2428,0.7918471918717794,9.199418058026112e-06,0.20418689640707993,0.003956712303083872,25,10,0
43,2429,0.7997511304685904,9.195971734345965e-06,0.19625947488756548,0.003980198672110517,25,10,0
43,2430,0.817762749831592,8.60573072342362e-06,0.17840223599799113,0.003826408439694965,25,10,0
43,2431,0.8072787531151101,8.818908739123492e-06,0.1888280894616613,0.0038843385144902635,25,10,0
43,2432,0.8240895576692945,8.78557082564602e-06,0.17202025129722792,0.0038814054626533727,25,10,0
43,2433,0.8197868183931968,1.8096276810467036e-05,0.17633741296128896,0.003857672368705533,25,10,0
43,2434,0.8267027869960151,1.284478806002979e-05,0.17087888601350584,0.0024054822024202047,25,10,0
43,2435,0.8338491911426021,1.2844439675110877e-05,0.16372711168267892,0.0024108527350453356,25,10,0
43,2436,0.8304178626046058,1.2865903759925444e-05,0.16716093597466497,0.002408335516970628,25,10,0
43,2437,0.8249366020766346,1.2682135793405491e-05,0.17269038618729965,0.00236032960027339,25,10,0
43,2438,0.8238075914626113,1.2682175545671784e-05,0.17381922233598524,0.00236050402585883,25,10,0
43,2439,0.8235291518849686,1.268215762053209e-05,0.17409763460928573,0.002360531348126236,25,10,0
43,2440,0.8236458963195069,1.2681808244318261e-05,0.17398090875105063,0.0023605131211991343,25,10,0
43,2441,0.8540770792131817,1.0502762135489794e-05,0.14355719172277787,0.0023552263019062628,25,10,0
43,2442,0.8592188043850619,1.0514205746318885e-05,0.13841454413337712,0.0023561372758157976,25,10,0
43,2443,0.8720102580984321,1.1113600784688703e-05,0.12562261257263166,0.002356015728152502,25,10,0
43,2444,0.8855217697887062,1.0875532581543183e-05,0.11390653383930532,0.0005608208394079466,25,10,0
43,2445,0.888006709351868,1.0849373250605878e-05,0.11139915381685267,0.0005832874580297956,25,10,0
43,2446,0.8797397875472815,1.8022480258026728e-05,0.1196254470488451,0.0006167429236160811,25,10,0
43,2447,0.8803155404070866,1.802385968102227e-05,0.11904474739124198,0.0006216883419911027,25,10,0
43,2448,0.8937305118947365,1.8013648473672067e-05,0.10563461542471414,0.0006168590320768072,25,10,0
43,2449,0.8926320327061994,1.805071359870212e-05,0.10673310134939616,0.0006168152308068522,25,10,0
43,2450,0.8922782775570837,1.9010509049646185e-05,0.10708491096111246,0.0006178009727554223,25,10,0
43,2451,0.8916992010943231,1.9009628309138618e-05,0.10766408234612031,0.0006177069312483539,25,10,0
43,2452,0.8929165398707559,1.8972370133286058e-05,0.10644678750898824,0.000617700250123429,25,10,0
43,2453,0.8986489724807428,1.8964015163552898e-05,0.10071439314202317,0.0006176703620712847,25,10,0
43,2454,0.8986922527053092,1.8963770772458372e-05,0.10067632948047069,0.0006124540434483217,25,10,0
43,2455,0.8910454639013848,1.8980710028913853e-05,0.10832012763703151,0.0006154277515555543,25,10,0
43,2456,0.8985025879291995,1.916852561673164e-05,0.10081123098041916,0.0006670125647655023,25,10,0
43,2457,0.8980335164869618,1.8552293860314566e-05,0.1012704963878831,0.000677434831295646,25,10,0
43,2458,0.9026802098061312,1.7981365712058414e-05,0.09664823755983815,0.00065357126831926,25,10,0
43,2459,0.9036902223650312,1.7980667482529644e-05,0.09564857229586984,0.0006432246716171119,25,10,0
43,2460,0.9096752579247545,1.7750522740753764e-05,0.08966376282542159,0.000643228727083656,25,10,0
43,2461,0.9087471021435469,1.7750720009329164e-05,0.09059191187540544,0.000643235261039035,25,10,0
43,2462,0.9082528977756222,1.775088390230663e-05,0.09108611695290836,0.0006432343875676602,25,10,0
43,2463,0.9013958103158031,1.773810601354409e-05,0.09648655844038126,0.002099893137802604,25,10,0
43,2464,0.9010880227150875,1.7738118620803472e-05,0.09679434505695145,0.002099894109340542,25,10,0
43,2465,0.9020234285748694,1.773799748546211e-05,0.09585289737553572,0.0021059360521097246,25,10,0
43,2466,0.8986936902486201,1.787125504709082e-05,0.09914756979995479,0.0021408686963782504,25,10,0
43,2467,0.8991206792580513,1.7870807563456675e-05,0.09872170743187078,0.002139742502514386,25,10,0
43,2468,0.8844029699238977,1.7655707692226113e-05,0.11349050189744964,0.002088872470960422,25,10,0
43,2469,0.8845432768585485,1.7655702632809194e-05,0.11335021834781733,0.0020888490910013855,25,10,0
43,2470,0.8691942180058152,1.767817231198078e-05,0.1286957730018046,0.0020923308200683547,25,10,0
43,2471,0.9044474173440479,1.768134870560089e-05,0.09394302327800765,0.0015918780292391835,25,10,0
43,2472,0.9041234195932156,1.7687400883171973e-05,0.0942669207936612,0.0015919722122402788,25,10,0
43,2473,0.8858463213453454,2.6110688945285684e-05,0.11253903219733587,0.0015885357683732074,25,10,0
43,2474,0.8862669377707746,2.611398236852528e-05,0.11212348568148801,0.0015834625653684603,25,10,0
43,2475,0.8878906753005589,2.60949724265511e-05,0.11050485748430514,0.0015783722427094127,25,10,0
43,2476,0.8727427115754434,2.6095044375408055e-05,0.12565272546327488,0.0015784679169067956,25,10,0
43,2477,0.8729256019419673,2.6094879154358875e-05,0.12546981197315435,0.00157849120572432,25,10,0
43,2478,0.8728063939320707,2.610433659962902e-05,0.12558898790738787,0.0015785138239421555,25,10,0
43,2479,0.8726302413244954,2.610433007676281e-05,0.12576516510691707,0.0015784892385111834,25,10,0
43,2480,0.8725535627742305,2.6104415912290542e-05,0.12584187277941264,0.0015784600304450764,25,10,0
43,2481,0.8954703704933239,2.609130927845505e-05,0.10292737750523419,0.0015761606921637678,25,10,0
43,2482,0.8918170332887095,2.610567969428185e-05,0.10656498158681582,0.0015918794447806026,25,10,0
43,2483,0.8748157001347215,2.611392084328232e-05,0.124924142609396,0.00023404333503936775,25,10,0
43,2484,0.8745658044464086,2.611396970647516e-05,0.1251740348477165,0.00023404673616847954,25,10,0
43,2485,0.875889178123543,2.6113640186607104e-05,0.12387180069972539,0.00021290753654485572,25,10,0
43,2486,0.8763203251852738,2.5139462979458378e-05,0.12344525173760719,0.00020928361413965807,25,10,0
43,2487,0.8798258697415257,0.0007500095979101145,0.11925796289106369,0.0001661577695009044,25,10,0
43,2488,0.8795388314397456,0.0007500098826184664,0.1195436903317275,0.00016746834590867436,25,10,0
43,2489,0.8863625419909514,0.00074069923413976,0.11273009006601566,0.0001666687088933497,25,10,0
43,2490,0.8863520710564687,0.0007406996715802064,0.11274048982295909,0.00016673944899225655,25,10,0
43,2491,0.8864285117509274,0.0007406993325599215,0.11266411969825739,0.00016666921825553158,25,10,0
43,2492,0.8826510606369967,0.0007407563695991387,0.11551829416626902,0.00108988882713532,25,10,0
43,2493,0.862347854708673,0.0007473232516357234,0.13670714421662894,0.00019767782306271523,25,10,0
43,2494,0.8792679658337018,0.0007395268766933903,0.11979487292067337,0.00019763436893287232,25,10,0
43,2495,0.8636646600209503,1.6171280534570066e-05,0.13618217419309608,0.00013699450541923642,25,10,0
43,2496,0.8642983663309923,1.6165963305616893e-05,0.1355485144348246,0.00013695327087763653,25,10,0
43,2497,0.8643879924561614,1.6166409196015323e-05,0.13545567978247244,0.000140161352170481,25,10,0
43,2498,0.8642375873339639,1.616640920609676e-05,0.13560747545684448,0.00013877079998591223,25,10,0
43,2499,0.9017407883359086,1.4642768162525459e-05,0.09810577976754796,0.0001387891283817488,25,10,0
43,2500,0.9022751749811297,1.4643084348186562e-05,0.09757139274920304,0.00013878918531971295,25,10,0
43,2501,0.9024843579885704,1.4643110853706735e-05,0.09736217993773519,0.0001388189628409518,25,10,0
43,2502,0.8918192381788032,1.5223702231864737e-05,0.10804837979640179,0.00011715832256333405,25,10,0
43,2503,0.8921177139591964,1.522331286411634e-05,0.10774990986080187,0.0001171528671377738,25,10,0
43,2504,0.9063960863355627,1.4632947765117447e-05,0.09347086548768328,0.00011841522898901564,25,10,0
43,2505,0.9066085238783999,1.4633593967098213e-05,0.09326344981251085,0.0001133927151227534,25,10,0
43,2506,0.9070304480786763,1.4633410331257759e-05,0.09284152897391042,0.00011338953708244766,25,10,0
43,2507,0.9061535559661443,1.4643218940335502e-05,0.09364111522664845,0.00019068558826733042,25,10,0
43,2508,0.9064332747073733,1.4639036367077103e-05,0.09336135237531168,0.00019073388094843088,25,10,0
43,2509,0.914658347455419,7.460866990240465e-06,0.0851769394346079,0.00015725224298350124,25,10,0
43,2510,0.8917845240310114,7.527207229069676e-06,0.10770722849926313,0.0005007202624970019,25,10,0
43,2511,0.8923677267847736,7.526815810209479e-06,0.1071273115086281,0.0004974348907885643,25,10,0
43,2512,0.8632187488839859,1.061324394509579e-05,0.1362730606922197,0.0004975771798499999,25,10,0
43,2513,0.8506607175412967,1.0745944392559458e-05,0.14683019764583846,0.0024983388684728294,25,10,0
43,2514,0.8152560779155502,1.0736565919236276e-05,0.1822348221679909,0.0024983633505405857,25,10,0
43,2515,0.8500985850321018,1.0753769241736754e-05,0.14739242060900432,0.0024982405896527057,25,10,0
43,2516,0.8495647211080576,1.0768165318170202e-05,0.14792622314151574,0.002498287585108922,25,10,0
43,2517,0.8588133118949882,1.080202379137363e-05,0.1386797543246833,0.002496131756537421,25,10,0
43,2518,0.8587365802341099,1.0805038997527237e-05,0.1387559522372678,0.002496662489625049,25,10,0
43,2519,0.8526042758674286,1.0818111298563202e-05,0.1448871000584511,0.002497805962821795,25,10,0
43,2520,0.8369480203569627,1.0800402810060492e-05,0.1605439507332331,0.0024972285069941426,25,10,0
43,2521,0.83590963002876,1.0846305526353165e-05,0.1616517984573652,0.0024277252083486425,25,10,0
43,2522,0.8423280794900908,1.3131534376877585e-05,0.1552307571628782,0.0024280318126546703,25,10,0
43,2523,0.8436981790736876,1.3112751091618257e-05,0.15386077021170805,0.0024279379635132985,25,10,0
43,2524,0.8436781800604191,1.3109360983480872e-05,0.1538807403131747,0.0024279702654234647,25,10,0
43,2525,0.8439850344206082,1.3104543961109983e-05,0.15357521625693854,0.002426644778492496,25,10,0
43,2526,0.8380818314857714,1.3099704127684854e-05,0.15947612419505627,0.0024289446150448325,25,10,0
43,2527,0.821486862705979,1.3099715688228842e-05,0.17607106496848585,0.0024289726098485655,25,10,0
43,2528,0.8218747779671266,1.3086712847012604e-05,0.17568241186332248,0.0024297234567054226,25,10,0
43,2529,0.7918498391901833,1.4625819212637355e-05,0.181864579545509,0.02627095544509652,25,10,0
43,2530,0.8030758148814331,1.4512769929544488e-05,0.17263938330707748,0.024270289041560714,25,10,0
43,2531,0.8027012792734781,1.4512623621960517e-05,0.17301389677658346,0.024270311326317254,25,10,0
43,2532,0.8256564709359676,9.141165520658734e-06,0.15006319044742994,0.02427119745108169,25,10,0
43,2533,0.8076188686551374,1.628166663580777e-05,0.1680932839981135,0.02427156568011392,25,10,0
43,2534,0.7966721396350595,1.6938598889671114e-05,0.17903522071811773,0.024275701047933498,25,10,0
43,2535,0.8024431990142474,1.694234593653299e-05,0.17326612249605014,0.024273736143766357,25,10,0
43,2536,0.8034966067974963,1.0313113383725434e-05,0.1722482420796079,0.02424483800951209,25,10,0
43,2537,0.8206080124467285,9.65653069693581e-06,0.15514383691241362,0.024238494110160578,25,10,0
43,2538,0.8145207039813264,1.1207775758488095e-05,0.16122933516566712,0.024238753077248164,25,10,0
43,2539,0.8161131494363911,1.1156672563212865e-05,0.15957580734857926,0.024299886542466433,25,10,0
43,2540,0.8114536938212126,1.1995385715664157e-05,0.16394658021133007,0.024587730581741855,25,10,0
43,2541,0.811275833383371,1.1995491167387432e-05,0.16412298227525926,0.024589188850203007,25,10,0
43,2542,0.8501812068118766,1.192925275987157e-05,0.12556124171865396,0.024245622216710002,25,10,0
43,2543,0.8466506283849293,1.192870707625726e-05,0.1290749822213399,0.02426246068665538,25,10,0
43,2544,0.8683880391585289,4.654828214985871e-06,0.10738017261880894,0.024227133394447164,25,10,0
43,2545,0.8640731595355454,4.819093230018231e-06,0.11169330984814434,0.024228711523080565,25,10,0
43,2546,0.8273765707898348,4.819629866824499e-06,0.14778534841270233,0.02483326116759697,25,10,0
43,2547,0.8450019839807194,4.170411136464376e-06,0.13016053380453538,0.024833311803609787,25,10,0
43,2548,0.8749602373550343,2.634340609122493e-06,0.12404304023242592,0.0009940880719314239,25,10,0
43,2549,0.8753841306394838,2.6293429199590792e-06,0.12362050919349009,0.0009927308241068763,25,10,0
43,2550,0.8756068838965603,2.6254366869919266e-06,0.12339776007554178,0.0009927305912115737,25,10,0
43,2551,0.8799413759473729,1.7921970478345877e-06,0.11935193956488258,0.0007048922906973831,25,10,0
43,2552,0.8968903008276697,1.7924811340840595e-06,0.10240303766093872,0.0007048690302578896,25,10,0
43,2553,0.8907265182628764,1.7923925705468291e-06,0.10856683119464546,0.000704858149908039,25,10,0
43,2554,0.8920512498941784,1.8088951646397108e-06,0.10725493363171777,0.0006920075789395672,25,10,0
43,2555,0.89101291101883,1.8097812433211246e-06,0.10829313243615488,0.000692146763772065,25,10,0
43,2556,0.8933138062830502,1.793168752431476e-06,0.10599662990140628,0.0006877706467912198,25,10,0
43,2557,0.8992949302658463,1.7932291668122766e-06,0.1000155217894924,0.0006877547154948865,25,10,0
43,2558,0.8991347984769671,1.7948768413581748e-06,0.10017563999448949,0.0006877666517024088,25,10,0
43,2559,0.8980258914644217,1.7948544595855797e-06,0.10128436288139592,0.0006879507997230577,25,10,0
43,2560,0.8982378957581595,1.7947727892448487e-06,0.10107235735749046,0.0006879521115609566,25,10,0
43,2561,0.8593871910518334,1.8224369703310363e-06,0.13992289780833356,0.0006880887028626086,25,10,0
43,2562,0.8586371508096868,1.8294367458195035e-06,0.1406748496837842,0.000686170069783163,25,10,0
43,2563,0.8531813618495733,1.8839556958202891e-06,0.12266272592398904,0.024154028270742,25,10,0
43,2564,0.8537607102758799,1.8792067612070026e-06,0.12215231231832277,0.02408509819903618,25,10,0
43,2565,0.8432960998354497,2.0828223032171376e-06,0.13261679145426128,0.024085025887985622,25,10,0
43,2566,0.8735655349966268,2.0582443002443523e-06,0.10234664111818265,0.024085765640890173,25,10,0
43,2567,0.8736320106751582,2.0485871473453898e-06,0.10227487831452134,0.02409106242317316,25,10,0
43,2568,0.8735315939320807,2.0495139335414837e-06,0.10237645458878525,0.024089901965200545,25,10,0
43,2569,0.8958389744257308,5.007647991473821e-07,0.08007087015667425,0.024089654652795844,25,10,0
43,2570,0.8789992913477238,1.16617504438558e-06,0.09690980612987422,0.024089736347357317,25,10,0
43,2571,0.8780303285888796,1.1668539893291827e-06,0.09787876898893806,0.02408973556819261,25,10,0
43,2572,0.8407882967666435,1.190008976099539e-06,0.1351207756363694,0.02408973758801016,25,10,0
43,2573,0.8408072225436942,1.1899825535534572e-06,0.13510203760219983,0.02408954987155153,25,10,0
43,2574,0.8774283830483806,1.2856554237501737e-06,0.09908629985895324,0.02348403143724155,25,10,0
43,2575,0.8765950987814864,1.284112034517855e-06,0.09991475476355363,0.02348886234292458,25,10,0
43,2576,0.8534928578820127,1.2841959808362572e-06,0.12301484264283138,0.02349101527917408,25,10,0
43,2577,0.8620899395120553,1.2812004450894623e-06,0.11441859270363869,0.023490186583859752,25,10,0
43,2578,0.8571003609802326,1.2899535271600494e-06,0.1193633635510706,0.023534985515168638,25,10,0
43,2579,0.8942635484639467,1.2662224809083711e-06,0.08220019927172598,0.02353498604184605,25,10,0
43,2580,0.8868276850446777,1.2742753699749012e-06,0.08957338051246555,0.023597660167486254,25,10,0
43,2581,0.8844928785194461,1.3107140949858558e-06,0.09189846492843466,0.0236073458380235,25,10,0
43,2582,0.8904843060836741,1.3060137981969683e-06,0.08596968819289025,0.02354469970963712,25,10,0
43,2583,0.8904773609702822,1.2097986404711032e-06,0.08597716875420927,0.023544260476867765,25,10,0
43,2584,0.8882988409726582,1.2274690646865322e-06,0.08815550341069443,0.023544428147582393,25,10,0
43,2585,0.8866113888626472,1.243496220544264e-06,0.08983827538877791,0.023549092252354003,25,10,0
43,2586,0.8872167818708304,1.2350082921417965e-06,0.08927605596320598,0.02350592715767101,25,10,0
43,2587,0.9082541844483534,1.4115648160767808e-06,0.06821762569905428,0.02352677828777638,25,10,0
43,2588,0.9081332965676161,1.4119111779330483e-06,0.06833854009897394,0.02352675142223231,25,10,0
43,2589,0.8932466943705853,1.4469372720843202e-06,0.08322979706889712,0.02352206162324552,25,10,0
43,2590,0.9082488087491565,7.954461793548084e-07,0.06821856200255182,0.02353183380211259,25,10,0
43,2591,0.9085285993570211,1.800233905421364e-06,0.06794762211098332,0.023521978298090395,25,10,0
43,2592,0.9112112998780911,1.7630320773807365e-06,0.06527482061949871,0.023512116470332845,25,10,0
43,2593,0.9114001122042775,1.7630826929303446e-06,0.06508603262194505,0.023512092091084878,25,10,0
43,2594,0.8737595825121836,1.7656068630740075e-06,0.10238529181183523,0.023853360069116997,25,10,0
43,2595,0.873750913677999,1.7656085955256661e-06,0.10239396019435569,0.023853360519049197,25,10,0
43,2596,0.8738640706943797,1.7708077729634776e-06,0.10228077658594334,0.023853381911903525,25,10,0
43,2597,0.8735066965056764,1.789559048062782e-06,0.1026363913244495,0.023855122610825494,25,10,0
43,2598,0.8738952993321689,1.7707937684711486e-06,0.10224954968864529,0.023853380185416672,25,10,0
43,2599,0.889681960285883,1.7347961074159631e-06,0.0864630798771016,0.023853225040908227,25,10,0
43,2600,0.8907217784463832,7.118404252700952e-07,0.08542441293618358,0.023853096777008195,25,10,0
43,2601,0.8902150652996927,8.498435527129456e-07,0.08593036497694789,0.02385371987980672,25,10,0
43,2602,0.8679846740126674,8.497716419162466e-07,0.10816075761099823,0.023853718604692077,25,10,0
43,2603,0.8291580237933346,9.093047025543952e-07,0.1469873364533319,0.023853730448630844,25,10,0
43,2604,0.8403431030551826,7.053218473092533e-07,0.13580246211378733,0.023853729509182915,25,10,0
43,2605,0.8407387180814334,6.997924794792267e-07,0.13540685721193613,0.02385372491415121,25,10,0
43,2606,0.8402763060219165,7.123202374064276e-07,0.13586702579932816,0.02385595585851804,25,10,0
43,2607,0.8395232349569295,7.127941706714092e-07,0.13662000466801472,0.023856047580885154,25,10,0
43,2608,0.8393970996636981,7.125298401206209e-07,0.13674611361361363,0.023856074192848176,25,10,0
43,2609,0.839268875043415,7.12711644097836e-07,0.1368743143164842,0.023856097928457057,25,10,0
43,2610,0.8453410479481289,7.241235861887166e-07,0.1308021276680379,0.023856100260247346,25,10,0
43,2611,0.8516338625212364,7.213291473273698e-07,0.12447323752194679,0.02389217862766984,25,10,0
43,2612,0.8190861510945983,7.662177212721967e-07,0.15701067576413671,0.023902406923543982,25,10,0
43,2613,0.8194821828255969,7.660688737936787e-07,0.15661568126483186,0.023901369840697514,25,10,0
43,2614,0.8137840307507531,7.699733886975556e-07,0.1622562269226902,0.023958972353168698,25,10,0
43,2615,0.8145245794112113,9.171929782082544e-07,0.1614754443564186,0.023999059039392482,25,10,0
43,2616,0.814057895622013,9.170670017297465e-07,0.16193729011485114,0.024003897196134653,25,10,0
43,2617,0.8141828828904079,9.168823358522066e-07,0.16181230277464867,0.024003897452608246,25,10,0
43,2618,0.8110238918722336,9.027579114573458e-07,0.16497600296404932,0.02399920240580638,25,10,0
43,2619,0.8107027190214633,9.145873269650678e-07,0.16529510679796186,0.02400125959324861,25,10,0
43,2620,0.7999869266870782,1.0491904358116411e-06,0.1760101027935445,0.024001921328942754,25,10,0
43,2621,0.8103147509451886,9.252720710265353e-07,0.16568301275940098,0.024001311023340455,25,10,0
43,2622,0.8494660703878312,9.03096636167689e-07,0.12687307834673928,0.023659948168794274,25,10,0
43,2623,0.8325007250601444,1.508294001415132e-06,0.14383488650735898,0.023662880138496035,25,10,0
43,2624,0.8337919691899149,1.3505049387992469e-06,0.1425666283095527,0.023640051995594557,25,10,0
43,2625,0.85424166209484,1.3175723184345496e-06,0.12212546878280461,0.023631551550037905,25,10,0
43,2626,0.8589438736506898,1.319867322137648e-06,0.11742246356904916,0.023632342912939818,25,10,0
43,2627,0.8589689071263112,1.3097435907628939e-06,0.11739746317173852,0.023632319958360237,25,10,0
43,2628,0.8596141263199406,1.1592109814533017e-06,0.11679255743761274,0.023592157031465767,25,10,0
43,2629,0.8590738032646125,1.1603960967470455e-06,0.11733286778924518,0.02359216855004625,25,10,0
43,2630,0.8424111181764116,1.1590895133651934e-06,0.133997725603589,0.023589997130487147,25,10,0
43,2631,0.842375860066777,1.1591767388842337e-06,0.13403269285795286,0.023590287898532174,25,10,0
43,2632,0.8811204963675168,1.0992742015359907e-06,0.09528812847731599,0.023590275880966002,25,10,0
43,2633,0.8812288352885967,1.0997399560672154e-06,0.0951797617140009,0.023590303257446557,25,10,0
43,2634,0.883393986252031,1.0820707355184375e-06,0.09301479444186114,0.02359013723537252,25,10,0
43,2635,0.8829124232204174,1.0819698499553852e-06,0.09349635928971825,0.023590135520014554,25,10,0
43,2636,0.8785031679706483,1.158166112879885e-06,0.09788451789245906,0.023611155970779472,25,10,0
43,2637,0.8830162325641868,1.3458398297736624e-06,0.09339304761428076,0.023589373981702546,25,10,0
43,2638,0.9000027340545711,7.456583732987998e-07,0.07636822937752381,0.023628290909531943,25,10,0
43,2639,0.8999996261041145,7.456713101608509e-07,0.07637133579528929,0.023628292429285956,25,10,0
43,2640,0.8980615997352283,4.701162282040522e-07,0.07831029356238838,0.023627636586155215,25,10,0
43,2641,0.8814370630201753,1.4888742866965177e-06,0.09493399305507365,0.023627455050463837,25,10,0
43,2642,0.8985807273061494,1.477836790288115e-06,0.07779039642825114,0.023627398428809315,25,10,0
43,2643,0.8991536594660099,1.471975897686761e-06,0.07721827921206141,0.023626589346031235,25,10,0
43,2644,0.9001475708839253,1.471156699801537e-06,0.07622450868825614,0.023626449271118944,25,10,0
43,2645,0.9003848433080636,1.4704374940006626e-06,0.07598724750726066,0.023626438747181847,25,10,0
43,2646,0.9008144117452401,1.3327099182221127e-06,0.07555843939429153,0.023625816150550438,25,10,0
43,2647,0.8943847888469848,1.3367636005973689e-06,0.08198689679246249,0.023626977596952415,25,10,0
43,2648,0.8799350151665221,1.9217694025148606e-06,0.09643593233766412,0.023627130726411222,25,10,0
43,2649,0.8843681884549212,1.7574932721508825e-06,0.09200452867849411,0.023625525373312486,25,10,0
43,2650,0.8903237384605635,1.7224412319360567e-06,0.08605259476962956,0.023621944328575197,25,10,0
43,2651,0.8873504404699081,1.7253139665994711e-06,0.0890664970736763,0.023581337142449962,25,10,0
43,2652,0.88114512965527,1.7195329646421263e-06,0.09530782908318763,0.023545321728578622,25,10,0
43,2653,0.8811603689993696,1.7260623503339505e-06,0.09529254637631716,0.023545358561963797,25,10,0
43,2654,0.8967051204386476,1.7340559492570783e-06,0.0797450916760306,0.023548053829372903,25,10,0
43,2655,0.8950042714763974,1.7742727533868449e-06,0.08144806712862705,0.02354588712222254,25,10,0
43,2656,0.8791074959020512,1.7742810065887976e-06,0.09734484469591315,0.023545885121029713,25,10,0
43,2657,0.8789493579804999,1.7748615183827283e-06,0.09750032792435186,0.023548539233630525,25,10,0
43,2658,0.8631847637091558,1.7751938388296318e-06,0.11326501191017249,0.02354844918683339,25,10,0
43,2659,0.8697694622705547,1.7761429493075645e-06,0.10674323289590655,0.02348552869058956,25,10,0
43,2660,0.8864558246119795,7.574521191732215e-07,0.09005794791984126,0.023485470016060658,25,10,0
43,2661,0.8807396677560974,7.683608467890862e-07,0.09573096385997784,0.02352860002307834,25,10,0
43,2662,0.880375237705711,7.751201787541856e-07,0.09609456838999235,0.023529418784118294,25,10,0
43,2663,0.8490245417673132,3.0635071987280634e-06,0.12714294797901585,0.0238294467464722,25,10,0
43,2664,0.8434203647628348,3.0637266686468335e-06,0.1327460004935762,0.02383057101692033,25,10,0
43,2665,0.8436186937662119,3.0635591119562547e-06,0.13254766806211507,0.02383057461256109,25,10,0
43,2666,0.8455267844633454,3.06364432238389e-06,0.13063938144008858,0.02383077045224358,25,10,0
43,2667,0.845330374281533,3.058447611239203e-06,0.13083584484310193,0.023830722427753494,25,10,0
43,2668,0.8516159579561805,3.054124461924007e-06,0.12455140432124413,0.023829583598113126,25,10,0
43,2669,0.852607837182932,3.0451082256223697e-06,0.12348238793454244,0.023906729774299952,25,10,0
43,2670,0.8317182105311758,3.161705507077178e-06,0.1425649088875579,0.025713718875759052,25,10,0
43,2671,0.8471099872544289,3.1651857442847006e-06,0.12717262599724555,0.02571422156258079,25,10,0
43,2672,0.8477077752575163,3.1602308631205485e-06,0.12665214051856102,0.02563692399305911,25,10,0
43,2673,0.8478595503125649,3.155474038335113e-06,0.1264990032610426,0.025638290952353624,25,10,0
43,2674,0.8417645421989998,3.159724633452784e-06,0.1297420050123601,0.028490293064006193,25,10,0
43,2675,0.8575496210091909,8.632661349246635e-07,0.11410518728882264,0.028344328435851062,25,10,0
43,2676,0.8575744246916099,8.580245309322202e-07,0.11408050562742866,0.028344211656430116,25,10,0
43,2677,0.8580161794270067,8.583687202522913e-07,0.11363361385889333,0.02834934834537983,25,10,0
43,2678,0.8581352849462194,8.583685342033921e-07,0.11351450833394044,0.028349348351306123,25,10,0
43,2679,0.8580852163400771,8.590837434553754e-07,0.11356394785389719,0.02834997672228253,25,10,0
43,2680,0.8414930512628861,8.709201209076987e-07,0.1299821893958373,0.02852388842115615,25,10,0
43,2681,0.8379880243047141,8.756226585022847e-07,0.13348595038000982,0.028525149692618178,25,10,0
43,2682,0.8383876873583747,8.67818881365219e-07,0.13308698921028758,0.02852445561245699,25,10,0
43,2683,0.8383969113760097,8.677209048064659e-07,0.1330777652413867,0.02852445566169911,25,10,0
43,2684,0.8382083418000889,8.744460211900308e-07,0.13326626728968424,0.028524516464205788,25,10,0
43,2685,0.8435200002354831,8.591711735504115e-07,0.13084866979386192,0.025630470799481504,25,10,0
43,2686,0.8436309438498067,8.551646981163107e-07,0.13073896498309737,0.02562923600239795,25,10,0
43,2687,0.8431988223328415,8.5561464511639e-07,0.13117108139566994,0.025629240656843605,25,10,0
43,2688,0.8596238178014685,8.434387430728511e-07,0.11474945305439242,0.02562588570539618,25,10,0
43,2689,0.8591079720664223,8.440487440003068e-07,0.11526529773616512,0.025625886148668627,25,10,0
43,2690,0.852252016572543,8.45222223795045e-07,0.1221211784143756,0.025625959790858088,25,10,0
43,2691,0.8521334355413172,8.452255855185845e-07,0.12223975853616313,0.02562596069693474,25,10,0
43,2692,0.8594760868370435,8.435323569200668e-07,0.11489718700304456,0.025625882627555278,25,10,0
43,2693,0.8502698068630784,7.974646951063251e-07,0.1474311572805365,0.002298238391690023,25,10,0
43,2694,0.860331705101394,1.1623630915328072e-06,0.13736881632282139,0.002298316212693115,25,10,0
43,2695,0.8602415242296216,1.1625201132665728e-06,0.13745899520221938,0.0022983180480455655,25,10,0
43,2696,0.86532299957586,1.1988031724492685e-06,0.13231138728126893,0.0023644143396985514,25,10,0
43,2697,0.8653097274671241,1.19905172964161e-06,0.1323246631151215,0.0023644103660246645,25,10,0
43,2698,0.8811932953978574,1.1869226876000752e-06,0.11662014990177112,0.0021853677776837686,25,10,0
43,2699,0.8810603955740045,1.1920203117212228e-06,0.11675299736302419,0.002185415042659454,25,10,0
43,2700,0.8833304462020537,1.140672952809128e-06,0.11448359335744933,0.0021848197675438724,25,10,0
43,2701,0.8844470760877584,1.1404262079997693e-06,0.1133718923319621,0.0021798911540713843,25,10,0
43,2702,0.8881804667805789,1.1396279701592112e-06,0.10963855248079916,0.002179841110651412,25,10,0
43,2703,0.872175348133616,1.1395752618036945e-06,0.12564356235784013,0.0021799499332817544,25,10,0
43,2704,0.871054644313707,1.147831480651116e-06,0.1267610599135757,0.0021831479412363023,25,10,0
43,2705,0.8690177346658768,1.1653219387052924e-06,0.12852948538542294,0.002451614626761148,25,10,0
43,2706,0.8652857956077605,1.1700538414708252e-06,0.13226135387542423,0.0024516804629735865,25,10,0
43,2707,0.8643792816795703,1.1694933633361975e-06,0.13317054574209058,0.002449003084975723,25,10,0
43,2708,0.8535160567788644,7.943725178640472e-06,0.1442948039784923,0.002181195517465259,25,10,0
43,2709,0.8471089406677922,7.952408163122015e-06,0.15070191159963148,0.0021811953244137428,25,10,0
43,2710,0.8488035611833428,8.250210793676296e-06,0.14892893392159073,0.002259254684273466,25,10,0
43,2711,0.84872949393392,8.250262634087235e-06,0.1490030009161443,0.002259254887302255,25,10,0
43,2712,0.8486754134670893,8.250288876183717e-06,0.14905706936257038,0.0022592668814650826,25,10,0
43,2713,0.8576224866284642,8.147744807300375e-06,0.141707619705589,0.0006617459211403933,25,10,0
43,2714,0.8948971270940373,8.139505994325796e-06,0.10457540238930141,0.0005193310106676056,25,10,0
43,2715,0.8947446404863146,8.152740557582917e-06,0.10472789024312058,0.0005193165300076281,25,10,0
43,2716,0.9004201764050727,8.14333684459375e-06,0.09926063956518773,0.000311040692895484,25,10,0
43,2717,0.9005929679646488,8.143342444906838e-06,0.09908784767891349,0.0003110410139934587,25,10,0
43,2718,0.9006189889689814,8.14315205501612e-06,0.09906187737525599,0.0003109905037083787,25,10,0
43,2719,0.9008279854263159,8.142989852251844e-06,0.09885288342683721,0.00031098815699537823,25,10,0
43,2720,0.9129058160617651,2.454256992212825e-06,0.08678119148671345,0.0003105381945295877,25,10,0
43,2721,0.9192810176765428,2.4455838487604295e-06,0.08040597315102234,0.00031056358858651327,25,10,0
43,2722,0.9190315109935809,2.448684511667359e-06,0.08065548683833747,0.00031055348357030173,25,10,0
43,2723,0.9196719310695287,2.4121912306854425e-06,0.0800823470537123,0.0002433096855286401,25,10,0
43,2724,0.9197793397240397,2.4360001680770963e-06,0.07997480396355355,0.0002434203122388458,25,10,0
43,2725,0.9134704376270286,2.448720670950419e-06,0.08628257813337409,0.0002445355189265902,25,10,0
43,2726,0.9143950560284843,2.4449312270075547e-06,0.08535839207285352,0.0002441069674350138,25,10,0
43,2727,0.8808935309235879,2.4618872733068635e-06,0.11885436734084998,0.0002496398482898786,25,10,0
43,2728,0.8766883562946058,2.9088912025942536e-06,0.12305964136862275,0.0002490934455692143,25,10,0
43,2729,0.8767679040660947,2.908839501918992e-06,0.12298009387960952,0.0002490932147942767,25,10,0
43,2730,0.8801435477760375,0.00022374452543863396,0.11938963738670928,0.00024307031181512373,25,10,0
43,2731,0.8800036215600332,0.00022374481246696152,0.1195295344090006,0.00024309921849994905,25,10,0
43,2732,0.8795779882143973,0.0002237587040915326,0.1199543852643466,0.00024386781716531392,25,10,0
43,2733,0.8946348220876927,0.0002234609179487756,0.10497602346189447,0.00016569353246425697,25,10,0
43,2734,0.8938983391432355,0.000223469102989511,0.1057125356534592,0.00016565610031607194,25,10,0
43,2735,0.8921690756255767,0.00022353759692157404,0.10744111143856971,0.00016627533893229287,25,10,0
43,2736,0.8820804839373966,0.00022369891040312416,0.11748461106835353,0.00021120608384731703,25,10,0
43,2737,0.8885188149406094,0.00022369884225691944,0.11104736570427648,0.0002101205128573753,25,10,0
43,2738,0.891683264165218,2.8579011525804926e-06,0.10810239244742836,0.00021148548620105598,25,10,0
43,2739,0.8914137910993419,2.864437182747055e-06,0.10837184420617123,0.00021150025730415307,25,10,0
43,2740,0.8951482535101993,2.8597166132973805e-06,0.10463745018946481,0.0002114365837227642,25,10,0
43,2741,0.8916402091213226,2.84686295632452e-06,0.10814467973754711,0.00021226427817414402,25,10,0
43,2742,0.8916695609398295,2.8403219749463764e-06,0.10811535010300181,0.00021224863519385886,25,10,0
43,2743,0.8916646770234251,2.8403225620269624e-06,0.10812023211450372,0.0002122505395091571,25,10,0
43,2744,0.8911620067420323,2.8403269555849324e-06,0.10862271922985212,0.0002124337011601521,25,10,0
43,2745,0.891381332824542,2.8396199477909343e-06,0.10840339547820564,0.0002124320773045266,25,10,0
43,2746,0.8914959776554052,2.8397108881543538e-06,0.10828875093633845,0.00021243169736813173,25,10,0
43,2747,0.8867046469490912,3.0837725459465367e-06,0.1130730461399894,0.0002192231383734915,25,10,0
43,2748,0.8780592596537311,3.0760817412975506e-06,0.12171844627066612,0.00021921799386143853,25,10,0
43,2749,0.8756571769788342,3.0761060100618284e-06,0.12411969737862114,0.00022004953653470153,25,10,0
43,2750,0.8891614543731903,2.4909457788402618e-06,0.11061607734347194,0.0002199773375589678,25,10,0
43,2751,0.887000454094351,2.667213433222824e-06,0.11277637691502161,0.00022050177719409213,25,10,0
43,2752,0.8865430925713538,2.667459774210075e-06,0.11323229505759674,0.00022194491127540186,25,10,0
43,2753,0.8864948565023012,2.7071849321837736e-06,0.11328057982143955,0.00022185649132734603,25,10,0
43,2754,0.8896277477747038,2.5306245361388317e-06,0.11014847061656359,0.00022125098419682404,25,10,0
43,2755,0.8936126459447178,2.5203120114473396e-06,0.10616449252447539,0.00022034121879566378,25,10,0
43,2756,0.8927241498572858,2.513376420233961e-06,0.10705379541680714,0.00021954134948661596,25,10,0
43,2757,0.8890275926418915,2.066127306761964e-06,0.11075152247368657,0.00021881875711495462,25,10,0
43,2758,0.8554196016483143,5.843653898705931e-05,0.144296725959571,0.00022523585312699722,25,10,0
43,2759,0.8814732266942271,5.8418294782423876e-05,0.11824480711217433,0.00022354789881500858,25,10,0
43,2760,0.8800568115499146,5.8446340055522745e-05,0.1196573345201895,0.00022740758983925315,25,10,0
43,2761,0.8748781635802132,5.862906326023122e-05,0.12478782055954525,0.00027538679697993395,25,10,0
43,2762,0.8664706849261746,0.00035905515190489713,0.13286979152345013,0.000300468398469014,25,10,0
43,2763,0.875803888737884,0.00035915779490247894,0.12368861654464065,0.00014833692257257871,25,10,0
43,2764,0.8756347293709211,0.00035915789161672373,0.12385777310657195,0.00014833963088992298,25,10,0
43,2765,0.8748564841800868,0.0003591592106187625,0.12463099411915202,0.00015336249014158545,25,10,0
43,2766,0.8697211488556743,0.0003591756168875476,0.12976563905517913,0.00015403647225824824,25,10,0
43,2767,0.8697207738820307,0.0003591451470990111,0.12976363068780658,0.00015645028306272507,25,10,0
43,2768,0.8699504675087111,0.00035940801724054555,0.12953368141297064,0.00015644306107655197,25,10,0
43,2769,0.8778122354103681,5.915167136137319e-05,0.12199469182255232,0.00013392109571682155,25,10,0
43,2770,0.883542021681696,5.878658600698805e-05,0.11626534690684139,0.00013384482545454783,25,10,0
43,2771,0.8981283174354536,5.860344022075424e-05,0.1017272487992272,8.58303250975557e-05,25,10,0
43,2772,0.9090796039586075,5.8441172529299324e-05,0.09082105560187376,4.089926698857878e-05,25,10,0
43,2773,0.9023803403408917,5.860458366266702e-05,0.09747367556543063,8.737951001451724e-05,25,10,0
43,2774,0.9023805486192091,5.8604487363482053e-05,0.09747346472142762,8.738217199918604e-05,25,10,0
43,2775,0.8961048061956002,5.882400163105035e-05,0.10368929036445623,0.00014707943831149747,25,10,0
43,2776,0.8852685713256008,5.923096386325201e-05,0.11452411462477642,0.00014808308575815004,25,10,0
43,2777,0.8861049564444365,5.918986348218132e-05,0.11369242523942102,0.00014342845265885172,25,10,0
43,2778,0.8862438356431283,5.918975759364633e-05,0.11355354957730462,0.00014342502197274654,25,10,0
43,2779,0.8862518074807331,5.918958781338048e-05,0.11354557924878429,0.00014342368266837173,25,10,0
43,2780,0.886215552782604,5.919698716805378e-05,0.11358180609728916,0.0001434441329378461,25,10,0
43,2781,0.8928904559983037,5.897330062809023e-05,0.10696928420474487,8.128649632241278e-05,25,10,0
43,2782,0.8930150605790801,5.897431975836769e-05,0.10684467614642534,8.128895473529786e-05,25,10,0
43,2783,0.8929844190198104,5.8975325894016875e-05,0.10687522561956786,8.138003472686988e-05,25,10,0
43,2784,0.8926579080525572,5.898523346942402e-05,0.1072016832800979,8.142343387455648e-05,25,10,0
43,2785,0.8922516253348092,5.8995574395196215e-05,0.10760790829445846,8.147079633626753e-05,25,10,0
43,2786,0.9266070895864186,2.617108949625241e-06,0.07331838537592614,7.190792870581607e-05,25,10,0
43,2787,0.9203533672729952,2.6191293094328876e-06,0.0795576149689109,8.639862878483508e-05,25,10,0
43,2788,0.9213996895911981,2.6177994663189207e-06,0.07851631724380588,8.137536552996013e-05,25,10,0
43,2789,0.9143077411400309,2.4008241790515285e-06,0.08561158484221255,7.827319357783009e-05,25,10,0
43,2790,0.906991023378243,2.400688978066622e-06,0.09292754508039115,7.903085238764371e-05,25,10,0
43,2791,0.9179185344140326,1.993711598171774e-06,0.08200144691512602,7.80249592433604e-05,25,10,0
43,2792,0.9183527554533053,2.0068367774533425e-06,0.08156450682955155,8.073088036600643e-05,25,10,0
43,2793,0.9325960527250355,1.8270781291939504e-06,0.06736935045787507,3.276973896032617e-05,25,10,0
43,2794,0.9337320799882385,1.825974967040845e-06,0.0662333210767459,3.277296004858666e-05,25,10,0
43,2795,0.9182529169478086,1.5732752740136577e-06,0.08170949359328147,3.601618363571023e-05,25,10,0
43,2796,0.9121065818914015,1.8080224352317855e-06,0.08785662417684603,3.4985909317125955e-05,25,10,0
43,2797,0.9122717129503555,1.800609205711529e-06,0.08769152464543843,3.4961795000174896e-05,25,10,0
43,2798,0.9172469413491835,1.7750290792178466e-06,0.08271848517582323,3.279844591397139e-05,25,10,0
43,2799,0.927485285454023,2.3440820096638515e-06,0.07248303042504456,2.9340038922710595e-05,25,10,0
43,2800,0.9348499321243072,2.349044981705605e-06,0.06511916284940351,2.8555981307559564e-05,25,10,0
43,2801,0.9348442820297244,2.3490496444734223e-06,0.0651248108300223,2.8558090608874157e-05,25,10,0
43,2802,0.9176172289355649,2.866229624528776e-06,0.08235182535265456,2.8079482156055614e-05,25,10,0
43,2803,0.9299614256123447,2.6205633296534396e-06,0.07000768855667201,2.826526765355808e-05,25,10,0
43,2804,0.9291243545915998,2.6343799199309987e-06,0.07084461884369546,2.83921847849409e-05,25,10,0
43,2805,0.9354501466030533,2.6316965331112677e-06,0.06453338773808472,1.383396232922533e-05,25,10,0
43,2806,0.9357872115947395,2.62196516740556e-06,0.06419633086952446,1.3835570568866419e-05,25,10,0
43,2807,0.9360755849183598,2.611885860990243e-06,0.06390801487948497,1.37883162945549e-05,25,10,0
43,2808,0.9045369315581405,5.468641795913604e-06,0.09544458863375402,1.3011166309247936e-05,25,10,0
43,2809,0.9042523929889268,5.469822610285637e-06,0.09572919754408032,1.2939644382363121e-05,25,10,0
43,2810,0.9041036269693188,5.471370623757527e-06,0.09587406631276756,1.683534728973088e-05,25,10,0
43,2811,0.904177084252363,5.4700310579976655e-06,0.09580087806343107,1.6567653147670276e-05,25,10,0
43,2812,0.904268433596718,5.4700022944057705e-06,0.09570954626522112,1.6550135766295622e-05,25,10,0
43,2813,0.9043769417273725,5.469817885926634e-06,0.09560103970552816,1.6548749213396694e-05,25,10,0
43,2814,0.9059640430546557,5.468642009835947e-06,0.09401395907098403,1.652923235041437e-05,25,10,0
43,2815,0.9058918033264615,4.365406894533454e-06,0.09408750628306475,1.6324983578771766e-05,25,10,0
43,2816,0.9059524369752395,4.365319293466941e-06,0.0940262462536643,1.695145180219598e-05,25,10,0
43,2817,0.9046859812927355,4.292181521664798e-05,0.08398601181646981,0.011285085075578292,25,10,0
43,2818,0.8916810377934703,8.694777044900773e-05,0.09674622977186348,0.011485784664216743,25,10,0
43,2819,0.886925555722336,8.694578628705485e-05,0.10150072849415855,0.011486769997217827,25,10,0
43,2820,0.8752340187273859,0.0005563609255824828,0.1127254066342907,0.011484213712740061,25,10,0
43,2821,0.8752566612699613,0.000556360468524062,0.11270276710980323,0.011484211151710557,25,10,0
43,2822,0.8731374020355881,0.0005148712811004754,0.12610594315495863,0.00024178352835173357,25,10,0
43,2823,0.8730678806552242,0.0005148714136346229,0.1261754985631743,0.00024174936796566763,25,10,0
43,2824,0.877822230749268,0.0005148791231096116,0.12142210085788262,0.00024078926973867686,25,10,0
43,2825,0.8379685086133444,0.0005148791427392874,0.16127581779109043,0.0002407944528249505,25,10,0
43,2826,0.8381144641525162,0.0005148686046651641,0.16112985017185494,0.00024081707096262013,25,10,0
43,2827,0.812424617928939,0.0005148651022115714,0.18681434980859538,0.0002461671602546915,25,10,0
43,2828,0.8117308791955583,0.0005148626624943369,0.18750808628594307,0.00024617185600480073,25,10,0
43,2829,0.8112648369590386,0.0005148632532709979,0.18796929955475786,0.0002510002329330708,25,10,0
43,2830,0.8201260160055466,0.00047082382927559843,0.17935556894591134,4.7591219266821834e-05,25,10,0
43,2831,0.7959962714480846,0.0004716528167878973,0.203482470554267,4.960518086077011e-05,25,10,0
43,2832,0.7893399818410604,0.0004715786443774332,0.21012646846132893,6.197105323354986e-05,25,10,0
43,2833,0.7895492199443785,0.0004773904610814308,0.2099256705350422,4.7719059498284787e-05,25,10,0
43,2834,0.7732831543032797,0.0006708192627468473,0.22502504365227385,0.0010209827816996177,25,10,0
43,2835,0.7729356810913012,0.0006708338954866584,0.22537243250082814,0.0010210525123838636,25,10,0
43,2836,0.7727462858204319,0.0006708192393873514,0.2255658644992684,0.0010170304409120633,25,10,0
43,2837,0.7728724042363715,0.0006708064889137749,0.22543981853561917,0.0010169707390953716,25,10,0
43,2838,0.772748263790358,0.0006708066654545951,0.2255639608991489,0.001016968645037605,25,10,0
43,2839,0.7727074084391674,0.0006708066844290021,0.2256048189370331,0.001016965939369846,25,10,0
43,2840,0.7355834679594457,0.0006708078970402388,0.26272528514972904,0.001020438993784785,25,10,0
43,2841,0.7431639978936889,0.0006708156092049961,0.2551448128459203,0.0010203736511858778,25,10,0
43,2842,0.7440673133419867,0.0006708153419919277,0.2542414667997209,0.0010204045163003542,25,10,0
43,2843,0.7451153310977747,0.0006708194738330864,0.2531934445807688,0.0010204048476230663,25,10,0
43,2844,0.7799745770950122,0.0004768245733976161,0.21950152426431863,4.70740672710045e-05,25,10,0
43,2845,0.7787099233593991,0.0004768913594661018,0.220770781811794,4.240346934027724e-05,25,10,0
43,2846,0.7794145066535143,0.00047684406889136806,0.22006640736217395,4.224191542000811e-05,25,10,0
43,2847,0.8034197905421192,0.0004760159259097988,0.1960637669145216,4.042661744937801e-05,25,10,0
43,2848,0.8389132300976402,0.0004813260311455852,0.16059096284227803,1.448102893568073e-05,25,10,0
43,2849,0.8371715574644599,0.0004813260733277416,0.16233273236308396,1.4384099128110554e-05,25,10,0
43,2850,0.8313271218241599,0.0004814465750010064,0.16637595689447982,0.0018154747063591076,25,10,0
43,2851,0.83224653234877,0.00048144725367494355,0.16545645558447236,0.0018155648130830056,25,10,0
43,2852,0.8315259068557631,0.0004814670139184714,0.1661751993891323,0.0018174267411864137,25,10,0
43,2853,0.8319877213041093,0.00048145909377182597,0.1657134507234526,0.0018173688786664599,25,10,0
43,2854,0.8308286061303596,0.00048145444329234085,0.16687250190932246,0.0018174375170254495,25,10,0
43,2855,0.7918279086952186,0.0004827084956859737,0.20586586243851696,0.0018235203705778092,25,10,0
43,2856,0.7728704769504319,0.00048296313295372923,0.22475379187468472,0.0018927680419293055,25,10,0
43,2857,0.7730867583646099,0.0004829626854655959,0.2245392752497123,0.0018910037002117979,25,10,0
43,2858,0.7767174970066236,0.000482984056794239,0.22057220451384332,0.002227314422738477,25,10,0
43,2859,0.776458415471046,0.0004829841951262409,0.22083124816809233,0.0022273521657351393,25,10,0
43,2860,0.7761652758622491,0.00048296566035587916,0.22112450176700668,0.002227256710387821,25,10,0
43,2861,0.8033443719424264,1.3539771477659739e-05,0.19441554291383895,0.002226545372256888,25,10,0
43,2862,0.7944628685666837,1.3537250262405128e-05,0.20329695868558198,0.0022266354974715538,25,10,0
43,2863,0.7918173602126819,1.3900631873447993e-05,0.20594195202405507,0.002226787131389244,25,10,0
43,2864,0.7914926662112642,1.3900629468037414e-05,0.206266631272183,0.0022268018870841098,25,10,0
43,2865,0.8120659860331579,1.3645959022854832e-05,0.18576267500508142,0.002157693002737279,25,10,0
43,2866,0.8085834168887359,1.3646035307244429e-05,0.18924525935495443,0.002157677721001724,25,10,0
43,2867,0.7975726526217838,1.4038766936086527e-05,0.200254499942865,0.002158808668414791,25,10,0
43,2868,0.797157366919063,1.4038097915867497e-05,0.20066709296489502,0.0021615020181257787,25,10,0
43,2869,0.8003125516854365,1.365540998608819e-05,0.19751253883521094,0.0021612540693661734,25,10,0
43,2870,0.800872060304456,1.363527268318124e-05,0.196953054115336,0.0021612503075242795,25,10,0
43,2871,0.8010336385373543,1.3631435015146494e-05,0.19679280131326152,0.002159928714368693,25,10,0
43,2872,0.8081619702296604,7.705684387407104e-06,0.18967112889230678,0.0021591951936452097,25,10,0
43,2873,0.8131008569300718,7.705677372091645e-06,0.18473224559855278,0.002159191794002963,25,10,0
43,2874,0.8488431457177188,7.68468143141947e-06,0.1493262906503972,0.0018228789504526346,25,10,0
43,2875,0.852250620816697,2.3747775885772196e-06,0.14592402535603125,0.0018229790496832915,25,10,0
43,2876,0.8560794416621504,2.374695790288958e-06,0.14209520534526834,0.001822978296791018,25,10,0
43,2877,0.8556773183183424,2.3798190527568597e-06,0.14249729785952134,0.0018230040030838169,25,10,0
43,2878,0.866600098710698,1.9868111324213793e-06,0.13157618058052145,0.0018217338976481228,25,10,0
43,2879,0.8670430327713461,2.485885151790025e-06,0.1311329736442134,0.0018215076992888879,25,10,0
43,2880,0.8761329569823573,2.485601707594207e-06,0.12204313022348419,0.0018214271924512021,25,10,0
43,2881,0.8769315539451813,2.4844503120141847e-06,0.1212445385902511,0.001821423014256118,25,10,0
43,2882,0.8743231466698831,2.565810455134398e-06,0.1238475723815527,0.0018267151381093387,25,10,0
43,2883,0.8774478389608552,2.48416205242037e-06,0.12072970289147808,0.0018199739856145768,25,10,0
43,2884,0.8775984937996025,2.4842458238819097e-06,0.12057904840288977,0.0018199735516841373,25,10,0
43,2885,0.8773368690541952,2.489361189966969e-06,0.1208406416239547,0.0018199999606606774,25,10,0
43,2886,0.9103481362069337,2.488103372800636e-06,0.08783592035232171,0.0018134553373723521,25,10,0
43,2887,0.9287232713900454,1.8746026812047686e-06,0.06940774149178147,0.0018671125154921012,25,10,0
43,2888,0.9217077747131771,6.61423190052756e-06,0.07641866604629814,0.0018669450086243077,25,10,0
43,2889,0.9587814090992969,6.612838800830029e-06,0.03934850594897311,0.0018634721129292908,25,10,0
43,2890,0.9587551862490737,6.61283877915216e-06,0.03937472925013325,0.0018634716620140354,25,10,0
43,2891,0.9582415400164401,6.612865866902364e-06,0.03988837489918065,0.0018634722185123967,25,10,0
43,2892,0.956250415160543,6.985610371083831e-06,0.04178061309569753,0.001961986133388499,25,10,0
43,2893,0.9694055900097299,0.0005076322465184701,0.028183572184039073,0.001903205559712827,25,10,0
43,2894,0.9694134722778422,0.0005076324180896989,0.02817569219961493,0.001903203104453019,25,10,0
43,2895,0.9695066127887031,0.0005076320684255287,0.02808264392330594,0.0019031112195653191,25,10,0
43,2896,0.9542391785093016,0.0005076323061211671,0.043347077831713265,0.0019061113528636453,25,10,0
43,2897,0.9493416316068122,0.0005067780045625444,0.04824542259822207,0.00190616779040324,25,10,0
43,2898,0.9350259709375134,0.000506416906682282,0.0626599037345971,0.001807708421207429,25,10,0
43,2899,0.9353671260132065,0.0005064168405528208,0.06231870401117469,0.0018077531350662213,25,10,0
43,2900,0.9513190014433935,0.0005064261169616766,0.04636986676768787,0.0018047056719569779,25,10,0
43,2901,0.951718669204357,0.0005064210048643357,0.04597020299054114,0.001804706800237457,25,10,0
43,2902,0.9516526157745011,0.0005064210127839321,0.046036255156842155,0.0018047080558727083,25,10,0
43,2903,0.9517543507469958,0.0005064210323387116,0.04593441770601867,0.0018048105146469193,25,10,0
43,2904,0.9592187005993607,5.133807718673239e-06,0.03897230919541659,0.0018038563975039002,25,10,0
43,2905,0.9589185430590839,5.133944809562711e-06,0.03927241740910578,0.001803905587000677,25,10,0
43,2906,0.9644962682270983,4.892815915784743e-06,0.033694990690765654,0.001803848266220249,25,10,0
43,2907,0.9640378397548472,4.89896424505767e-06,0.03415329995134307,0.0018039613295645052,25,10,0
43,2908,0.9557734684494781,5.198975794157556e-06,0.042415915231697764,0.0018054173430298846,25,10,0
43,2909,0.9440704772659183,5.206391930772112e-06,0.05400809749793889,0.0019162188442122606,25,10,0
43,2910,0.9509650512417646,4.6667137295027254e-07,0.04711830377486177,0.0019161783120007472,25,10,0
43,2911,0.9496672386425292,5.372599554473503e-07,0.04841526304717325,0.0019169610503424377,25,10,0
43,2912,0.9495165051712049,5.369242743178239e-07,0.04856736940309085,0.0019155885014306986,25,10,0
43,2913,0.9553326691699574,4.160040682363209e-07,0.04455245398181616,0.00011446084415869082,25,10,0
43,2914,0.95141956236154,5.773938968181068e-07,0.048465312329109105,0.00011454791545471174,25,10,0
43,2915,0.9513269858843962,5.778088288190127e-07,0.04855763936877483,0.00011479693800064241,25,10,0
43,2916,0.9517248740043813,5.719709174942344e-07,0.048159846679815835,0.00011470734488570962,25,10,0
43,2917,0.9679907734163361,5.623096506890233e-07,0.031893944463452256,0.0001147198105607754,25,10,0
43,2918,0.9661373991745809,5.64771780068712e-07,0.033747257392681015,0.00011477866095758527,25,10,0
43,2919,0.9668076611998652,5.679515459340925e-07,0.033075744328475876,0.000116026520112266,25,10,0
43,2920,0.9663419732297936,5.721482571899357e-07,0.03347889301475864,0.00017856160718987397,25,10,0
43,2921,0.9647903718972465,5.770097497238073e-07,0.035030446065340906,0.0001786050276621572,25,10,0
43,2922,0.9546554679748799,5.733297331870291e-07,0.045227925675241594,0.00011603302014541864,25,10,0
43,2923,0.9227877626871174,5.740237501059555e-07,0.07708464086736086,0.00012702242177168173,25,10,0
43,2924,0.9228635250761015,5.739331015564504e-07,0.07700952902654384,0.00012637196425310058,25,10,0
43,2925,0.9191398207044172,7.142851375513762e-07,0.08072014075979973,0.0001393242506451829,25,10,0
43,2926,0.9191332052678542,7.149086580687944e-07,0.08072682068832929,0.0001392591351581071,25,10,0
43,2927,0.9191470060854783,7.145799860381688e-07,0.08071306793110702,0.00013921140342838814,25,10,0
43,2928,0.9232928440681397,5.530902970483311e-07,0.07656747849422059,0.00013912434734262582,25,10,0
43,2929,0.923441757307248,5.480336399116332e-07,0.07641991990274137,0.00013777475637056924,25,10,0
43,2930,0.9238003449320042,5.47989830126009e-07,0.07606135856312067,0.00013774851504462366,25,10,0
43,2931,0.9137873794946333,5.486575811501265e-07,0.08607245071842132,0.00013962112936365158,25,10,0
43,2932,0.9246507596348031,5.47988217502821e-07,0.07520907302549502,0.0001396193514840144,25,10,0
43,2933,0.9285154887620424,4.072248043466399e-07,0.07135763097955208,0.0001264730336009681,25,10,0
43,2934,0.9260169450875595,4.0908386693526165e-07,0.07383013334683808,0.00015251248173513593,25,10,0
43,2935,0.9254000073928249,4.118055684439715e-07,0.07444706261383767,0.0001525181877686599,25,10,0
43,2936,0.9251695338912779,4.096616148050261e-07,0.07467227580034973,0.0001577806467572586,25,10,0
43,2937,0.928145750333862,1.0430683999426335e-07,0.07169784613694426,0.00015629922235329784,25,10,0
43,2938,0.9283110413485671,1.0430432719980282e-07,0.0715325557563362,0.00015629859076910917,25,10,0
43,2939,0.9291327356096949,3.37210051582901e-08,0.07071161606593462,0.00015561460336551845,25,10,0
43,2940,0.9112765316638723,5.4703042103556604e-08,0.08840880890714738,0.00031460472593815395,25,10,0
43,2941,0.911373278536898,5.481454964575869e-08,0.08831201476719577,0.0003146518813567591,25,10,0
43,2942,0.9075124179393107,3.10537596524577e-07,0.09217263831582953,0.0003146332072631829,25,10,0
43,2943,0.907033844007034,3.217655703390443e-07,0.09265114521367883,0.0003146890137167214,25,10,0
43,2944,0.908298091660981,4.834521003655806e-07,0.09138603969732363,0.0003153851895950115,25,10,0
43,2945,0.9083546154240988,4.834760217021883e-07,0.09132935358939288,0.00031554751048629224,25,10,0
43,2946,0.9109701651291308,4.816176799270723e-07,0.08873984228310348,0.0002895109700854957,25,10,0
43,2947,0.9111127937560555,4.762324901130098e-07,0.08859592787445507,0.0002908021369989811,25,10,0
43,2948,0.9149253985322904,4.999774649188475e-07,0.08477945068207356,0.0002946508081709553,25,10,0
43,2949,0.9150530144472893,5.079398230521523e-07,0.08465180626819574,0.00029467134469168685,25,10,0
43,2950,0.9150927993527769,5.079101214925919e-07,0.08461204416445907,0.00029464857264236886,25,10,0
43,2951,0.9020450296062523,2.642163108002876e-07,0.09765687771108711,0.00029782846634942244,25,10,0
43,2952,0.8987515825330589,2.645119187385278e-07,0.10094904245248315,0.00029911050253896205,25,10,0
43,2953,0.8919294466509693,1.6102344822630775e-05,0.10775527125245425,0.0002991797517534136,25,10,0
43,2954,0.8920394178292095,1.6102054239061016e-05,0.10764532899736398,0.00029915111918719803,25,10,0
43,2955,0.8923410726859577,1.610160154217841e-05,0.10734893884261158,0.0002938868698881466,25,10,0
43,2956,0.8929571265927584,1.6098891781158885e-05,0.10673294688160859,0.00029382763385161874,25,10,0
43,2957,0.8928956947939044,1.610941451786505e-05,0.1067924101512662,0.0002957856403114626,25,10,0
43,2958,0.8929167990531122,1.610931045657668e-05,0.10677137999368892,0.0002957116427423912,25,10,0
43,2959,0.8868270438319412,1.6109281708416662e-05,0.11286006745501105,0.0002967794313390568,25,10,0
43,2960,0.8854991501870881,1.6145057227566285e-05,0.11418367164752677,0.0003010331081571224,25,10,0
43,2961,0.885321685609427,1.6145262712821843e-05,0.11436110001785908,0.0003010691100006357,25,10,0
43,2962,0.8853245941576751,1.6145169369177922e-05,0.1143581928273638,0.000301067845591646,25,10,0
43,2963,0.8849250406317646,1.6153452345346567e-05,0.1147577067117946,0.00030109920409519467,25,10,0
43,2964,0.8834326478624712,1.615739927366389e-05,0.11623538093431021,0.0003158138039445583,25,10,0
43,2965,0.8662870059505191,5.302449240426027e-05,0.13334415730427052,0.0003158122528050362,25,10,0
43,2966,0.8622130824412211,5.298690790781265e-05,0.13742312860295378,0.0003108020479164007,25,10,0
43,2967,0.8466877095914407,5.963152445483911e-05,0.1511519692063362,0.0021006896777675645,25,10,0
43,2968,0.846106077502008,5.9647883928607975e-05,0.1517292760502245,0.0021049985638384467,25,10,0
43,2969,0.8403809653610301,5.965230489561918e-05,0.15745568165104382,0.002103700683029595,25,10,0
43,2970,0.8388879893400809,5.9651991431749755e-05,0.15894879971454734,0.002103558953939131,25,10,0
43,2971,0.8219395193412664,6.065586393749272e-05,0.175896204636447,0.0021036201583494152,25,10,0
43,2972,0.8239437603203027,6.06510546464087e-05,0.17389201414689762,0.002103574478153982,25,10,0
43,2973,0.8019447268365902,0.00012271651809725995,0.1956438109750481,0.0022887456702651936,25,10,0
43,2974,0.8146959987365878,0.00012180025974401653,0.18288129766747968,0.00230090333618925,25,10,0
43,2975,0.8155183181583072,0.00012163631920899085,0.1820598170228897,0.002300228499594431,25,10,0
43,2976,0.8101604808377084,0.00012162868635383274,0.1874175415360396,0.0023003489398984844,25,10,0
43,2977,0.8101301305688771,0.00012163033528444986,0.18744788131606618,0.0023003577797729266,25,10,0
43,2978,0.8100728854175935,0.00012162866453568534,0.1875051213790448,0.0023003645388263894,25,10,0
43,2979,0.7919589951381824,0.0001533310204585885,0.2053532086230654,0.0025344652182941775,25,10,0
43,2980,0.797235884873603,0.00015334060210950453,0.2000763779787274,0.0025343965455605823,25,10,0
43,2981,0.7974212558704912,0.00015353126017447644,0.19989079069231888,0.002534422177015877,25,10,0
43,2982,0.7973559488201363,0.0001533357574403471,0.19988203624442782,0.002608679177996022,25,10,0
43,2983,0.813753299700426,0.00015332375711778638,0.18348785718222135,0.0026055193602347775,25,10,0
43,2984,0.8025353548256661,0.00015409944064682368,0.1946437459691055,0.0026667997645820002,25,10,0
43,2985,0.7968031062213601,0.0001647018301726614,0.2003633326059619,0.002668859342505649,25,10,0
43,2986,0.8284497383469588,0.0001647012336333096,0.1687277320376381,0.0026578283817695926,25,10,0
43,2987,0.8287659493979562,0.00016470015556423266,0.16841162419963257,0.0026577262468467067,25,10,0
43,2988,0.856159222555469,0.00010262758604260686,0.14130962695039462,0.0024285229080933442,25,10,0
43,2989,0.8576370828355375,0.00010262372276667424,0.13984644768326995,0.002413845758425665,25,10,0
43,2990,0.8571930955931824,0.00010262346230579434,0.14029053555868762,0.002413745385823814,25,10,0
43,2991,0.8560956284143033,0.0001146985340124278,0.14137590398975733,0.0024137690619266696,25,10,0
43,2992,0.8554625217077059,0.0001146938415638774,0.14201022205357314,0.0024125623971565915,25,10,0
43,2993,0.855046118996811,0.00011497464291135096,0.14242507942983457,0.0024138269304423724,25,10,0
43,2994,0.8549750800086308,0.00011497463912706521,0.142496119143427,0.002413826208814682,25,10,0
43,2995,0.858676819752854,0.00011498713412818568,0.1387919703111805,0.0024162228018365793,25,10,0
43,2996,0.8365275228897421,0.00011500396127257804,0.16093696888176587,0.0024205042672192072,25,10,0
43,2997,0.8224167180687472,0.00011501436981551844,0.17504771319687917,0.00242055436455749,25,10,0
43,2998,0.822568400064941,0.00011513179673748021,0.17489588642530993,0.0024205817130112535,25,10,0
43,2999,0.8235792085683697,0.00011514187912709916,0.17388364347579102,0.002422006076711815,25,10,0
43,3000,0.8238412687254875,0.00011515881181287213,0.173621412729225,0.0024221597334744315,25,10,0
43,3001,0.8265045605627422,0.00011514233459954396,0.1709605095335841,0.0024197875690736862,25,10,0
43,3002,0.8322866588624364,0.00011514271534070804,0.16524497056288953,0.0023532278593328547,25,10,0
43,3003,0.8291946054190489,0.00011533685444527829,0.16828216038866287,0.002407897337842484,25,10,0
43,3004,0.8470524810612763,0.00011531587720028588,0.15058329497397938,0.002248908087543257,25,10,0
43,3005,0.8470590343229374,0.00011531586974326421,0.15057676084307517,0.0022488889642432977,25,10,0
43,3006,0.8473094400640103,0.00011519850058922275,0.15032652456162834,0.002248836873771304,25,10,0
43,3007,0.847585793538128,0.00011519389944544871,0.15012452678816163,0.0021744857742640165,25,10,0
43,3008,0.8701012257220323,0.00011518204410893,0.12761068301462003,0.002172909219238209,25,10,0
43,3009,0.8743378288266114,0.00011439433084117531,0.12000062370578536,0.005547153136761519,25,10,0
43,3010,0.8748130907880797,0.00011439433657316496,0.11952536055908367,0.005547154316263106,25,10,0
43,3011,0.8746257724822768,0.00011449349628636956,0.11968545031705886,0.005574283704377707,25,10,0
43,3012,0.876142079289166,0.00010241019523515475,0.1181812842154726,0.0055742263001259005,25,10,0
43,3013,0.8723026031428812,9.182392261867709e-05,0.12203229624564582,0.0055732766888540695,25,10,0
43,3014,0.8765104601727761,9.173639564185077e-05,0.11783672196331521,0.0055610814682664,25,10,0
43,3015,0.8987070140227356,4.419607090622088e-05,0.09592313859689103,0.005325651309466881,25,10,0
43,3016,0.8755495377894361,3.804922618138544e-05,0.12074150696832625,0.0036709060160553925,25,10,0
43,3017,0.9140972888767128,3.75516356273848e-05,0.08232939540127855,0.0035357640863808142,25,10,0
43,3018,0.8840233563031306,3.8783639166377395e-05,0.11206747326151571,0.0038703867961861786,25,10,0
43,3019,0.8838877326604718,3.87834780171209e-05,0.11220309537873296,0.003870388482777158,25,10,0
43,3020,0.8838694344402869,3.878348835337727e-05,0.11222132223186401,0.003870459839494575,25,10,0
43,3021,0.9199228759181811,3.75513439055841e-05,0.0765037573813445,0.003535815356568445,25,10,0
43,3022,0.919817039846907,3.755124484828671e-05,0.07660954352244241,0.00353586538580209,25,10,0
43,3023,0.9217078568562748,3.7553665965987886e-05,0.07617792995309386,0.00207665952466523,25,10,0
43,3024,0.9222025395435964,3.7543652409346344e-05,0.07568470499644199,0.00207521180755207,25,10,0
43,3025,0.9224928089343812,3.7262482467031424e-05,0.07539605755391908,0.002073871029232649,25,10,0
43,3026,0.9226851224921127,3.7262472954449425e-05,0.07520376961257591,0.0020738454223569055,25,10,0
43,3027,0.922635853993513,3.7262996269642884e-05,0.07525303392773347,0.002073849082483672,25,10,0
43,3028,0.922151855594585,3.7263173280827105e-05,0.07573620140541432,0.002074679826719817,25,10,0
43,3029,0.9219908235412676,3.7266870608973895e-05,0.07589629298057375,0.0020756166075494055,25,10,0
43,3030,0.9373568980870205,3.9123259174770284e-07,0.060566921484621034,0.0020757891957665993,25,10,0
43,3031,0.9306842199428761,5.426819188420961e-07,0.06452968687816578,0.00478555049703931,25,10,0
43,3032,0.930663537890618,5.434908030122305e-07,0.06455042558095725,0.00478549303762207,25,10,0
43,3033,0.9307585748242369,5.387092860880264e-07,0.0644580276130451,0.004782858853432118,25,10,0
43,3034,0.920454201871147,7.172059556309398e-07,0.07473779244585879,0.004807288477038694,25,10,0
43,3035,0.9223234592896048,7.145322243608095e-07,0.07286876283695352,0.004807063341217671,25,10,0
43,3036,0.9194869510346644,2.826622860872252e-06,0.075702977186835,0.0048072451556398985,25,10,0
43,3037,0.8940196650867963,3.7025578696222705e-06,0.10359102137494473,0.0023856109803895025,25,10,0
43,3038,0.9040603138117592,3.5243787239727035e-06,0.09357489993838129,0.002361261871135453,25,10,0
43,3039,0.9032932819296349,3.5242284961070663e-06,0.0943419458500756,0.002361247991793167,25,10,0
43,3040,0.9368299200046266,3.0294382355973726e-06,0.061097747953453976,0.002069302603684068,25,10,0
43,3041,0.9071855636532217,3.03005455148316e-06,0.09074192657286913,0.0020694797193574607,25,10,0
43,3042,0.9075715714014052,3.0300489478608794e-06,0.09035592008863506,0.0020694784610116035,25,10,0
43,3043,0.9078026360441177,3.0297641497381457e-06,0.0901249306283911,0.002069403563341516,25,10,0
43,3044,0.8733060071194458,1.1354588057973476e-05,0.12235154094682779,0.004331097345667805,25,10,0
43,3045,0.8724648505392574,1.1570693304560112e-05,0.12313374926891095,0.004389829498526854,25,10,0
43,3046,0.8744512851400361,9.458354337410236e-06,0.12114952144199874,0.00438973506362735,25,10,0
43,3047,0.907593985633197,1.1488462244416357e-06,0.09027762486462326,0.002127240655955196,25,10,0
43,3048,0.894240046541259,8.256949662287043e-06,0.10358999007806931,0.002161706431009181,25,10,0
43,3049,0.8941114980736506,8.257080020777592e-06,0.10371853824015441,0.0021617066061737065,25,10,0
43,3050,0.8960523643852716,8.161546065084149e-06,0.10180416044198118,0.0021353136266819336,25,10,0
43,3051,0.9098510617778053,8.151262977383895e-06,0.0880054958110913,0.0021352911481255458,25,10,0
43,3052,0.8984409166660893,8.56150935325326e-06,0.09941422615389772,0.002136295670658977,25,10,0
43,3053,0.8986381701898987,8.564231833041782e-06,0.09921783586609405,0.0021354297121736147,25,10,0
43,3054,0.869411973531314,5.9243536602811314e-05,0.12838902078296122,0.0021397621491222292,25,10,0
43,3055,0.8689435485550214,5.924371248121183e-05,0.1288574039513841,0.0021398037811135055,25,10,0
43,3056,0.861596413812213,5.9252037743247114e-05,0.1362038476350794,0.002140486514964377,25,10,0
43,3057,0.8627028269439612,5.9251353479612855e-05,0.1350975260684404,0.0021403956341189997,25,10,0
43,3058,0.8628264722479395,5.925145883585407e-05,0.13497392820311485,0.0021403480901099146,25,10,0
43,3059,0.8756470990362826,5.214810531305974e-05,0.12219368393297905,0.0021070689254250965,25,10,0
43,3060,0.8792501963206152,5.195330012151167e-05,0.11864563287699725,0.0020522175022655944,25,10,0
43,3061,0.8756859828570424,5.1963556289721004e-05,0.12210451517494636,0.0021575384117211677,25,10,0
43,3062,0.8797762701465561,5.1956850473286057e-05,0.11801497276412799,0.0021568002388421465,25,10,0
43,3063,0.8694575541586289,5.195089470958563e-05,0.12827567480276225,0.002214820143898716,25,10,0
43,3064,0.8640420955543016,5.2013270796268335e-05,0.1336740531923752,0.0022318379825267158,25,10,0
43,3065,0.8484215815244164,5.2013950491929275e-05,0.14929153071174847,0.002234873813343239,25,10,0
43,3066,0.8344179965739366,5.679203652268528e-05,0.16326707360134968,0.002258137788191464,25,10,0
43,3067,0.8396964419469626,5.679045848399403e-05,0.15996922920164253,0.0002775383929111749,25,10,0
43,3068,0.8397037278104205,5.679033426397501e-05,0.15996194342213443,0.00027753843318132314,25,10,0
43,3069,0.8528483044890917,5.6793713945328756e-05,0.14680604817132142,0.00028885362564160644,25,10,0
43,3070,0.858112000165759,5.6729995485862205e-05,0.14155933906092202,0.0002719307778334828,25,10,0
43,3071,0.8739613691780486,5.673592749279939e-05,0.12286890553076654,0.0031129893636926117,25,10,0
43,3072,0.8605318340084761,5.67377615773856e-05,0.1362985147442587,0.0031129134856877406,25,10,0
43,3073,0.8216860921523487,5.673869352300254e-05,0.1749270963880308,0.0033300727660975147,25,10,0
43,3074,0.8304085397295456,5.6475056289599084e-05,0.16616612310214493,0.0033688621120195584,25,10,0
43,3075,0.8307616891904019,5.6475080825661983e-05,0.1658129722899869,0.003368863438785046,25,10,0
43,3076,0.8307438217113692,5.647480091398502e-05,0.16583082443235614,0.0033688790553601583,25,10,0
43,3077,0.8307252046952398,5.64849637150418e-05,0.16584688901102385,0.003371421330020729,25,10,0
43,3078,0.817234246418456,5.628842866756642e-05,0.17939398655242628,0.0033154786004505887,25,10,0
43,3079,0.8457834296014773,5.629121677902886e-05,0.151061941652581,0.003098337529162167,25,10,0
43,3080,0.8458597438763404,5.629628077876647e-05,0.15098562373852936,0.0030983361043506637,25,10,0
43,3081,0.8458389540671947,5.629666969411851e-05,0.15100640217011324,0.0030983470929973034,25,10,0
43,3082,0.850001876328506,5.629231787157512e-05,0.14690104421056005,0.003040787143061906,25,10,0
43,3083,0.8656062613205502,5.6291648236641855e-05,0.13129969599640093,0.003037751034811832,25,10,0
43,3084,0.8657881323441462,5.629155649454539e-05,0.1311178245095649,0.003037751589793926,25,10,0
43,3085,0.8657954285073949,5.629163301045439e-05,0.13111055382561004,0.0030377260339841056,25,10,0
43,3086,0.87865163900324,5.1511939135791013e-05,0.11828224106555345,0.00301460799207026,25,10,0
43,3087,0.8879840195547041,5.1495753536225565e-05,0.1089510027329049,0.003013481958854568,25,10,0
43,3088,0.8774871843908949,5.150907799025838e-05,0.1194460222121962,0.0030152843189184403,25,10,0
43,3089,0.8789773308819565,5.1506777508556505e-05,0.11767551301690701,0.003295649323627605,25,10,0
43,3090,0.8892178704700464,5.14936683419627e-05,0.10743671966345705,0.0032939161981538814,25,10,0
43,3091,0.8955028373157461,5.1489669626928323e-05,0.10115233351538583,0.0032933394992405362,25,10,0
43,3092,0.895463543093524,5.1489252452607235e-05,0.1011916405931223,0.003293327060900446,25,10,0
43,3093,0.8749761952717282,7.039488645587507e-05,0.12165977638904531,0.003293633452770332,25,10,0
43,3094,0.9044708215182604,1.9717384062397734e-05,0.09222021899480454,0.0032892421028720377,25,10,0
43,3095,0.9182143472628863,1.971118692464846e-05,0.08131787546611567,0.0004480660840725551,25,10,0
43,3096,0.9182751380776801,1.9582920999099305e-05,0.08102768425104241,0.0006775947502775287,25,10,0
43,3097,0.9122931034776098,1.977800196562746e-05,0.08695826567986377,0.000728852840560162,25,10,0
43,3098,0.9105842256663998,1.9821627990814317e-05,0.08866827168740286,0.0007276810182057365,25,10,0
43,3099,0.911305149101629,1.9839030778948632e-05,0.08821187812373806,0.00046313374385334666,25,10,0
43,3100,0.911478432149006,1.9838878924157822e-05,0.08803866362863497,0.00046306534343422455,25,10,0
43,3101,0.9115540937728792,1.984372004617476e-05,0.08796299847610538,0.00046306403096858713,25,10,0
43,3102,0.9116885973653663,1.9843277299295383e-05,0.08782855549179654,0.0004630038655372262,25,10,0
43,3103,0.9116488685522052,1.9843281054938545e-05,0.08786818761786871,0.00046310054887068586,25,10,0
43,3104,0.9112065483867221,1.9843298545081654e-05,0.088310507661404,0.00046310065332825313,25,10,0
43,3105,0.9115167355915083,1.9833004041432365e-05,0.08800290068833239,0.00046053071611708464,25,10,0
43,3106,0.925942762366441,1.9812402908569592e-05,0.0735769003762896,0.000460524854360004,25,10,0
43,3107,0.9259927814240376,1.9812392264196215e-05,0.07352697806292756,0.0004604281207696796,25,10,0
43,3108,0.9300267555295892,1.965608926669294e-05,0.06953923353216825,0.0004143548489750135,25,10,0
43,3109,0.9299409963991669,1.9655991659884316e-05,0.06962453414870212,0.00041481346046993474,25,10,0
43,3110,0.9299462834372964,1.9655979549388892e-05,0.06961924680047318,0.000414813782680095,25,10,0
43,3111,0.9300919658687533,1.9656438052285038e-05,0.06947365889256349,0.0004147188006298996,25,10,0
43,3112,0.9139666302366735,1.9668494945645523e-05,0.08559566489018412,0.00041803637819636316,25,10,0
43,3113,0.9139472819717918,1.9663555551358214e-05,0.085615064943794,0.00041798952886226026,25,10,0
43,3114,0.9136762619130551,1.966356762041819e-05,0.08588608412064279,0.00041799039868127357,25,10,0
43,3115,0.9137572472492983,1.966360893797064e-05,0.0858050740323844,0.00041801510937875994,25,10,0
43,3116,0.9146242550657826,1.910306190023376e-05,0.08493867442540383,0.00041796744691294295,25,10,0
43,3117,0.9140523818603272,1.9245940295042173e-05,0.08550971288296379,0.0004186593164135747,25,10,0
43,3118,0.8764306942634493,1.9254720461309053e-05,0.1231276302054346,0.0004224208106539668,25,10,0
43,3119,0.8720608444225906,1.9206175543785327e-05,0.1274953390155428,0.00042461038632185934,25,10,0
43,3120,0.8785505293279467,1.920637419710941e-05,0.12100681233883917,0.00042345195901618844,25,10,0
43,3121,0.8770746720061473,1.9205519981028257e-05,0.12248252362875038,0.0004235988451206046,25,10,0
43,3122,0.8768835772904494,1.920582802631852e-05,0.12267353552358554,0.0004236813579379081,25,10,0
43,3123,0.876745147902093,1.9210925025571814e-05,0.12281195797366865,0.0004236831992118349,25,10,0
43,3124,0.876840229123637,1.9210925980350954e-05,0.12271733707577698,0.00042322287460478276,25,10,0
43,3125,0.8773891202399917,1.9068135009756485e-05,0.1221692804799194,0.0004225311450781761,25,10,0
43,3126,0.8683189255036754,2.6714084366112602e-05,0.13119611874163695,0.00045824167032059733,25,10,0
43,3127,0.8615343624205365,2.6713635993984494e-05,0.1379794899169955,0.0004594340264732986,25,10,0
43,3128,0.8626250259012975,2.6674973776312473e-05,0.1368938832840344,0.0004544158408909546,25,10,0
43,3129,0.8236346374680437,0.000892256463903478,0.17501862279753105,0.0004544832705217497,25,10,0
43,3130,0.823761078053304,0.000892256254408712,0.17489322877962568,0.000453436912661643,25,10,0
43,3131,0.8307754217447103,0.0008926591332114568,0.16798409993693986,0.000347819185138248,25,10,0
43,3132,0.8295507612670283,0.0008926726113668896,0.16920863165563166,0.00034793446597298404,25,10,0
43,3133,0.8296258194449595,0.0008926680967009482,0.16913357751553157,0.0003479349428081708,25,10,0
43,3134,0.8392834642447388,0.0008926842780779701,0.15947178823295916,0.000352063244223217,25,10,0
43,3135,0.8434801944005765,0.0008926729709684223,0.15527838601072239,0.00034874661773202746,25,10,0
43,3136,0.8492380386347523,0.000892961967722653,0.1494455747840218,0.0004234246135027234,25,10,0
43,3137,0.8488015479832466,0.000892966925914156,0.1498820145773342,0.00042347051350452206,25,10,0
43,3138,0.8489208100198143,0.000892962089327723,0.14976275751511667,0.00042347037574062775,25,10,0
43,3139,0.8494493589537038,0.0008929606985901705,0.14923420492845024,0.0004234754192551783,25,10,0
43,3140,0.8681780034916803,0.0008740724222898381,0.13024617337576186,0.0007017507102673329,25,10,0
43,3141,0.8401856585886815,0.0016920806312663106,0.15763085114095968,0.0004914096390920125,25,10,0
43,3142,0.8482630883225076,0.0008745116571614466,0.15037874468492654,0.0004836553354039129,25,10,0
43,3143,0.8860467840520042,0.0008744983385306821,0.1125974443058544,0.0004812733036102895,25,10,0
43,3144,0.908551978693275,8.916853107979461e-06,0.09095789852065979,0.00048120593295713566,25,10,0
43,3145,0.9078306237596192,8.933628324240962e-06,0.09167785600080468,0.0004825866112518814,25,10,0
43,3146,0.9001430043837648,9.055969445191208e-06,0.09936477129739212,0.00048316834939754645,25,10,0
43,3147,0.9007047589757481,9.036497666854366e-06,0.09880717812211717,0.00047902640446753327,25,10,0
43,3148,0.8960220463160669,9.066483526065903e-06,0.10348980626487472,0.0004790809355319739,25,10,0
43,3149,0.8970525290583019,9.06611717673681e-06,0.10245951049713042,0.00047889432739037745,25,10,0
43,3150,0.8972035804364874,9.080632983161267e-06,0.10230828055921046,0.0004790583713183852,25,10,0
43,3151,0.9101019622700012,9.062124456627705e-06,0.08941252702136915,0.00047644858417268183,25,10,0
43,3152,0.91167435230713,9.060355116603383e-06,0.08784032419578798,0.0004762631419649716,25,10,0
43,3153,0.907625394070958,9.062291048372768e-06,0.09188804219053708,0.0004775014474564375,25,10,0
43,3154,0.9077538411959817,9.061842383853556e-06,0.09175960015694988,0.0004774968046844776,25,10,0
43,3155,0.9108748856696327,9.059212033693415e-06,0.08863979830559396,0.0004762568127393231,25,10,0
43,3156,0.9093618652816301,9.059497678584583e-06,0.09015281706209789,0.0004762581585933548,25,10,0
43,3157,0.8882708960511253,9.829349407949341e-06,0.11123934709439096,0.00047992750507517315,25,10,0
43,3158,0.8882672187169391,9.829694615558632e-06,0.11123812536418962,0.00048482622425494626,25,10,0
43,3159,0.8810025227478938,9.831956284888752e-06,0.11846042419857739,0.0005272210972430761,25,10,0
43,3160,0.882437585877189,9.796205338150118e-06,0.11703017294844237,0.0005224449690298613,25,10,0
43,3161,0.8784941645226523,9.793770256698331e-06,0.12097273201861064,0.0005233096884799637,25,10,0
43,3162,0.8772177204327691,9.573868628599636e-06,0.12224978601159656,0.0005229196870054464,25,10,0
43,3163,0.861969926150892,9.557302864515515e-06,0.13749571607906882,0.0005248004671742829,25,10,0
43,3164,0.862407634080519,9.556999084649467e-06,0.13705803745192824,0.0005247714684677707,25,10,0
43,3165,0.8581631026803099,9.564917708726535e-06,0.14130172881050648,0.0005256035914747667,25,10,0
43,3166,0.8523175245424238,9.564632180981854e-06,0.14714379965142504,0.0005291111739700488,25,10,0
43,3167,0.8559739774087157,9.562503020975987e-06,0.1435273858867226,0.0004890742015405652,25,10,0
43,3168,0.8559546197248352,9.56286826699087e-06,0.14354139543237632,0.0004944219745211663,25,10,0
43,3169,0.8558048893492276,9.563223188406162e-06,0.14369109943222125,0.0004944479953623386,25,10,0
43,3170,0.8214714649674923,9.577702745968227e-06,0.1663983807477204,0.012120576582040738,25,10,0
43,3171,0.8276921368909146,9.572717985044103e-06,0.16018126460708576,0.012117025784014327,25,10,0
43,3172,0.8276892745438693,9.591586828204118e-06,0.16018394516866333,0.012117188700638994,25,10,0
43,3173,0.8238937911941108,9.591475027742678e-06,0.16397941171725333,0.012117205613607828,25,10,0
43,3174,0.8396182774511912,9.591207099210352e-06,0.14825818568430382,0.012113945657405431,25,10,0
43,3175,0.8336391786261256,9.572316602963074e-06,0.15423743236788504,0.012113816689386159,25,10,0
43,3176,0.8342868037467006,9.289901738465695e-06,0.1536641586777989,0.012039747673761512,25,10,0
43,3177,0.8348210240371969,9.29001791307618e-06,0.1531352359212363,0.012034450023653215,25,10,0
43,3178,0.8570715849951818,8.832138202154176e-06,0.13094571191654666,0.011973870950069094,25,10,0
43,3179,0.8591603668804679,8.834976074623735e-06,0.12885880590526733,0.011971992238189805,25,10,0
43,3180,0.820847611886687,8.92452541162433e-06,0.16717108697273267,0.011972376615168099,25,10,0
43,3181,0.8201562210531086,8.924540896888061e-06,0.1678623841232665,0.01197247028272744,25,10,0
43,3182,0.820205369550553,9.211300928447324e-06,0.16781158105615573,0.011973838092362458,25,10,0
43,3183,0.8214365673568761,9.20781239036907e-06,0.1665432261120251,0.012010998718708081,25,10,0
43,3184,0.8210483052260933,9.207864367745065e-06,0.1669363103768531,0.012006176532685668,25,10,0
43,3185,0.8241375917501768,9.196810470216028e-06,0.16384772026745967,0.012005491171893362,25,10,0
43,3186,0.8293167029797011,8.9951645455929e-06,0.15866883028880963,0.012005471566943647,25,10,0
43,3187,0.8291866115907416,8.995368948214947e-06,0.1587989005924786,0.012005492447831403,25,10,0
43,3188,0.8285815126644609,8.995392837779204e-06,0.15940375990268676,0.012005732040014894,25,10,0
43,3189,0.8249531283170267,9.000209077097888e-06,0.16303084783025157,0.012007023643644787,25,10,0
43,3190,0.8586293657278739,9.000872783625254e-06,0.140979335043731,0.0003822983556119778,25,10,0
43,3191,0.8591316231316334,9.000963010234709e-06,0.14047708678163026,0.0003822891237267078,25,10,0
43,3192,0.8595651015071133,8.714219064676638e-06,0.14004526118954497,0.00038092308427774426,25,10,0
43,3193,0.8761707582320925,8.71913141879861e-06,0.12343947883515277,0.0003810438013366974,25,10,0
43,3194,0.8754410365305926,1.4074700410971984e-05,0.12413680775893864,0.0004080810100586604,25,10,0
43,3195,0.8754629642036029,1.406811584245643e-05,0.12411668898315735,0.00040627869739801904,25,10,0
43,3196,0.8755719846967435,1.4067585432206874e-05,0.12400902525674383,0.0004049224610810985,25,10,0
43,3197,0.8794415515719705,1.4202394201585119e-05,0.12013939201180839,0.0004048540220200967,25,10,0
43,3198,0.8775346594364004,1.343278065753482e-05,0.1220469080228346,0.00040499976010791353,25,10,0
43,3199,0.8676786975628552,1.329775208664665e-05,0.13179006883895494,0.0005179358461037579,25,10,0
43,3200,0.8677718577667435,1.3297366857988246e-05,0.1316969465442333,0.0005178983221658059,25,10,0
43,3201,0.8680952384392583,1.3297012042538079e-05,0.1313737021063557,0.0005177624423438901,25,10,0
43,3202,0.8775217694428864,5.651178487082229e-06,0.12199049888355352,0.00048208049507327314,25,10,0
43,3203,0.8774723215896059,5.872239510955415e-06,0.12203867434246111,0.0004831318284223505,25,10,0
43,3204,0.8774726097461505,5.872137423737153e-06,0.12203843701317625,0.00048308110324976497,25,10,0
43,3205,0.8774720429547981,5.87212781434756e-06,0.12203900471570131,0.00048308020168651524,25,10,0
43,3206,0.8771102841415808,5.890928482169649e-06,0.12239596729352074,0.0004878576364163433,25,10,0
43,3207,0.8771080512457786,5.891035357805184e-06,0.12239817444976213,0.0004878832691014581,25,10,0
43,3208,0.8772557416354217,5.890999350273571e-06,0.12225056227679554,0.0004878050884324777,25,10,0
43,3209,0.8728806862821993,5.89907569784e-06,0.1266255959637416,0.00048781867836130387,25,10,0
43,3210,0.8728581477128691,5.8989036714668226e-06,0.12664813957880236,0.00048781380465735477,25,10,0
43,3211,0.8738717155077257,5.8989009008640234e-06,0.12563461967664577,0.0004877659147276484,25,10,0
43,3212,0.8791881312251832,7.196005879900881e-06,0.12031667077773146,0.0004880019912055059,25,10,0
43,3213,0.8829250483502342,7.188654598095941e-06,0.11657959598123689,0.0004881670139308405,25,10,0
43,3214,0.8829527380111493,7.193054621759156e-06,0.11655185457089123,0.00048821436333766816,25,10,0
43,3215,0.8773585044098011,0.00020916712691213796,0.1219423761741636,0.0004899522891230752,25,10,0
43,3216,0.8774142557021334,0.0002091771012917673,0.12188661474723794,0.0004899524493365589,25,10,0
43,3217,0.8772567527683508,0.00020918118061001538,0.12204408270051795,0.0004899833505210095,25,10,0
43,3218,0.8794830847535273,0.0002091809407014927,0.11982151728596588,0.0004862170198051789,25,10,0
43,3219,0.8781197405106452,0.00020918326355270531,0.12117972023196545,0.0004913559938364484,25,10,0
43,3220,0.8477161090171511,0.0002092297544838891,0.15158821589674681,0.00048644533161860704,25,10,0
43,3221,0.8485003201176485,0.0002092144124931165,0.15080542602882302,0.0004850394410356114,25,10,0
43,3222,0.848991564831004,0.0002092137359855099,0.15031438408751385,0.0004848373454968829,25,10,0
43,3223,0.8802805772969851,0.0002092137300956874,0.1190244330621051,0.00048577591081421824,25,10,0
43,3224,0.8792009396358711,0.0002092267107109568,0.11990793302110324,0.0006819006323147113,25,10,0
43,3225,0.8804573459948988,0.00020922696063439865,0.1186524440823088,0.000680982962158091,25,10,0
43,3226,0.8618013797777866,0.00020920202269183996,0.13730578551599829,0.0006836326835233179,25,10,0
43,3227,0.8604929597948318,0.00020936739897568183,0.13857061645221974,0.0007270563539725985,25,10,0
43,3228,0.8565367124569397,0.0002093675224886297,0.14252690239814686,0.0007270176224245885,25,10,0
43,3229,0.8578746351427666,0.00020935439447732207,0.14138511920988184,0.0005308912528740682,25,10,0
43,3230,0.8577211510642425,0.0002093548346471179,0.14153857572930964,0.0005309183718005858,25,10,0
43,3231,0.8557845736704505,0.00021029529416431006,0.14350725212965057,0.0004978789057344283,25,10,0
43,3232,0.8589549459775248,0.00021030519380894376,0.14033556139205847,0.0004991874366075262,25,10,0
43,3233,0.844648981743889,0.00021030684975902386,0.14950370792963374,0.005637003476718223,25,10,0
43,3234,0.8448298364346793,0.00021030731342246405,0.14932268376923508,0.0056371724826632975,25,10,0
43,3235,0.8447177207266802,0.00021030774300733607,0.14943475637704665,0.005637215153266198,25,10,0
43,3236,0.8486728778615117,0.00021030328163033262,0.1454796054010305,0.005637213455827224,25,10,0
43,3237,0.848209717220772,0.00021030352419527492,0.1459427638905266,0.005637215364505818,25,10,0
43,3238,0.8348889538594871,0.00021044295063445115,0.15713592944840984,0.007764673741469058,25,10,0
43,3239,0.8328252855568674,0.0002104527647292632,0.15949420031875583,0.007470061359648046,25,10,0
43,3240,0.8327948268725845,0.00021045268917276229,0.1595246798453421,0.007470040592901227,25,10,0
43,3241,0.8412256800535545,0.00020497477212830985,0.15112692366549585,0.007442421508821891,25,10,0
43,3242,0.8333944869299947,0.00020496579053112427,0.15895812542048404,0.007442421858990466,25,10,0
43,3243,0.8372829006889038,0.00020496077277419068,0.15507101059400966,0.00744112794431296,25,10,0
43,3244,0.8420572734640774,0.000204799212316273,0.15034018760228585,0.007397739721321126,25,10,0
43,3245,0.8441450005202522,0.00020479912157065377,0.148252780777515,0.007397419580662751,25,10,0
43,3246,0.8283845720858533,0.00020350929977615555,0.16248164881489455,0.008930269799476531,25,10,0
43,3247,0.8282609090545868,0.00020350930259251994,0.16260531273019235,0.008930268912628834,25,10,0
43,3248,0.7962317751032344,0.0002047291738176015,0.19463758236053605,0.008925913362412776,25,10,0
43,3249,0.7956792441051,0.00020474054160415326,0.1951886803418279,0.008927335011468595,25,10,0
43,3250,0.7959844186210487,0.0002047371252070279,0.19488217040328062,0.008928673850464303,25,10,0
43,3251,0.7968987684499189,0.0002047184901299963,0.1939728565135299,0.008923656546421773,25,10,0
43,3252,0.7975474450394122,0.00020471846254527397,0.19332427054019075,0.00892356595785197,25,10,0
43,3253,0.7975116040958278,0.00020470384543486554,0.19336026733224695,0.008923424726490811,25,10,0
43,3254,0.7886719300342953,0.00020471109061765693,0.20022137368665213,0.010901985188435437,25,10,0
43,3255,0.7938645625663782,0.00020457377875184949,0.19715634312406402,0.008774520530806303,25,10,0
43,3256,0.7885001713199,0.00020899612899580482,0.20251549718725298,0.008775335363851604,25,10,0
43,3257,0.7837512208452597,0.000204580840205368,0.206183698177725,0.009860500136810136,25,10,0
43,3258,0.7840438992479196,0.00020458019463144477,0.20589243761458348,0.009859082942865612,25,10,0
43,3259,0.8004391436632897,0.0002045729791316522,0.1910292731465981,0.008327010210980874,25,10,0
43,3260,0.7639780520021676,0.00020459613447455273,0.22747797148544024,0.008339380377917408,25,10,0
43,3261,0.8004320954943747,0.00020453858489189757,0.19102427703786767,0.008339088882865539,25,10,0
43,3262,0.7832526128605134,0.00020536589082874944,0.19529920089185016,0.0212428203568071,25,10,0
43,3263,0.7950831445998613,0.00020535644696811903,0.1883476190607,0.016363879892470113,25,10,0
43,3264,0.7915760837046935,0.00020535687544818063,0.1918534929267484,0.016365066493109565,25,10,0
43,3265,0.7925946948303725,0.0002053612239713451,0.1908350115045263,0.016364932441129475,25,10,0
43,3266,0.8267909103719312,0.0002053577658425505,0.15664178741704401,0.016361944445182665,25,10,0
43,3267,0.8383555416321063,0.00020536484699416825,0.14616307948405172,0.015276014036848107,25,10,0
43,3268,0.832565082212551,0.00020536438010237463,0.15195361024883255,0.0152759431585142,25,10,0
43,3269,0.8346615515889272,0.00020536339318144275,0.1501172063214566,0.015015878696434965,25,10,0
43,3270,0.8190789574903257,0.0002059903526256374,0.16569906330479772,0.015015988852251014,25,10,0
43,3271,0.8182209390598263,0.0002062609430588067,0.16666980424954908,0.014902995747565928,25,10,0
43,3272,0.826492698628102,0.00020625839031950563,0.1583980397958364,0.014903003185742303,25,10,0
43,3273,0.8264705087646936,0.0002062584113207768,0.15842126073386328,0.014901972090122364,25,10,0
43,3274,0.8539830397965682,0.00020410653344013333,0.13084460591997546,0.014968247750016784,25,10,0
43,3275,0.8542672223351059,0.000204106081112683,0.1305605901876764,0.014968081396105441,25,10,0
43,3276,0.854670313938521,0.00020416747996257196,0.13015755148984665,0.014967967091670024,25,10,0
43,3277,0.8650934232365395,0.0002040960074687762,0.1197350823266642,0.014967398429327726,25,10,0
43,3278,0.8656924655454205,0.0002040946305983978,0.11913618413014176,0.014967255693839682,25,10,0
43,3279,0.8710396729888555,0.00020408963878283461,0.11576747228308125,0.012988765089280978,25,10,0
43,3280,0.8713377964659764,0.00020408339856732758,0.11547075182941173,0.012987368306045143,25,10,0
43,3281,0.8708442977979192,0.000204083753324679,0.1159642497517977,0.012987368696959174,25,10,0
43,3282,0.8706738346379246,0.0002040837794771916,0.1161347099290678,0.012987371653531206,25,10,0
43,3283,0.8699829070581262,0.00020411310078829664,0.11682528100463076,0.01298769883645534,25,10,0
43,3284,0.8552311468841034,0.0002040930054598076,0.13157715315409513,0.012987606956342162,25,10,0
43,3285,0.857499262692437,0.00020407330945775498,0.1293184388516261,0.012978225146479347,25,10,0
43,3286,0.8735829802382292,0.00020406150512942663,0.11323478676093822,0.012978171495703562,25,10,0
43,3287,0.8870083038356862,0.00020348825890155367,0.09981005417564592,0.012978153729766786,25,10,0
43,3288,0.887459081737338,0.00020348851896905595,0.09935926663024558,0.012978163113447858,25,10,0
43,3289,0.8914989373782305,0.0002038771864217144,0.08459862903228245,0.02369855640306564,25,10,0
43,3290,0.8683705163589645,0.00020388556120675563,0.10772692704909632,0.023698671030733042,25,10,0
43,3291,0.867137841974025,0.000203889473800694,0.10895790998123962,0.023700358570935113,25,10,0
43,3292,0.8597290912005704,0.0002101509408783572,0.1163298894614248,0.023730868397126553,25,10,0
43,3293,0.859467903341274,0.00021014090522286275,0.11659109684451487,0.023730858908988527,25,10,0
43,3294,0.8605118816949314,0.00021014797411369514,0.11554879214409512,0.023729178186860055,25,10,0
43,3295,0.8679723909482928,0.00020388597838000608,0.10812504036177092,0.023698682711556857,25,10,0
43,3296,0.8677645153463494,0.00020389099763325623,0.10833036682957604,0.02370122682644193,25,10,0
43,3297,0.8678870252577632,0.00020390035560231243,0.10820781345806435,0.023701260928570663,25,10,0
43,3298,0.8958000598598059,0.0002038516244471273,0.08029501154218403,0.023701076973563114,25,10,0
43,3299,0.8958912040868857,0.00020384598170356157,0.0802039202287447,0.023701029702665966,25,10,0
43,3300,0.8989724320365844,0.00020382556760085085,0.0771227315298087,0.023701010866006084,25,10,0
43,3301,0.9048090494884451,1.6306951995003036e-06,0.07149109946739492,0.023698220348960346,25,10,0
43,3302,0.9115528802149516,1.622214789986566e-06,0.06481380113769766,0.023631696432560485,25,10,0
43,3303,0.9124602251873389,1.5929773699969146e-06,0.06390681074043711,0.023631371094853793,25,10,0
43,3304,0.9125349639000617,1.5930535330045153e-06,0.06383207284637259,0.02363137020003224,25,10,0
43,3305,0.9120348963104544,1.5936271471351496e-06,0.06427118122490348,0.02369232883749453,25,10,0
43,3306,0.876810901297287,2.852523953950347e-06,0.09948791744060725,0.023698328738150937,25,10,0
43,3307,0.8739285208931011,6.027862183632076e-06,0.10236657664202027,0.0236988746026946,25,10,0
43,3308,0.8725968490958813,6.115885106019475e-06,0.10367326920714692,0.023723765811866405,25,10,0
43,3309,0.8726741128170277,6.1154987110068e-06,0.10359605574293315,0.02372371594132886,25,10,0
43,3310,0.8786113164201317,6.1157788741840715e-06,0.09765885094018609,0.02372371686080884,25,10,0
43,3311,0.8750294612625218,8.623496012440063e-06,0.10123802149018479,0.0237238937512816,25,10,0
43,3312,0.8725489628265218,8.67557586676371e-06,0.10371377335031935,0.02372858824729263,25,10,0
43,3313,0.8664849385009163,8.794232367427924e-06,0.10980258817531306,0.023703679091403636,25,10,0
43,3314,0.862038550586218,8.794083628434619e-06,0.1142480513628474,0.02370460396730667,25,10,0
43,3315,0.8431735492609298,8.80409631009508e-06,0.13317399952741066,0.023643647115350656,25,10,0
43,3316,0.8460496207766517,8.75178939810318e-06,0.13030265302713434,0.023638974406817153,25,10,0
43,3317,0.8505799024965423,8.7516795765861e-06,0.1257732734177334,0.023638072406148247,25,10,0
43,3318,0.8610106969285816,8.543583250913157e-06,0.11534273629893882,0.023638023189229092,25,10,0
43,3319,0.8614769287494045,8.543557698438523e-06,0.11487650332059655,0.02363802437230092,25,10,0
43,3320,0.8935723032889523,7.316870088272771e-06,0.10640926865234678,1.1111188613118434e-05,25,10,0
43,3321,0.9106209775946116,7.324456974279557e-06,0.08909310324208324,0.0002785947063303405,25,10,0
43,3322,0.9106273026272069,7.324384146566737e-06,0.0890867755784445,0.00027859741020157795,25,10,0
43,3323,0.9106321806495379,7.3244719488581225e-06,0.08908192061721787,0.0002785742612948157,25,10,0
43,3324,0.9102096401826709,7.345036122923016e-06,0.08950447543973293,0.00027853934147267746,25,10,0
43,3325,0.910176061172885,7.345496853956632e-06,0.08953795685275673,0.0002786364775038161,25,10,0
43,3326,0.9098221132724069,7.345581251738182e-06,0.08989177008574423,0.0002787710605966138,25,10,0
43,3327,0.9135608358523819,4.843822158396806e-06,0.08615575596376564,0.0002785643616937342,25,10,0
43,3328,0.9017633256170128,4.578515770374144e-06,0.09795354121271412,0.00027855465450325794,25,10,0
43,3329,0.9011646452867602,4.5854082361161765e-06,0.09855216404336219,0.00027860526164158537,25,10,0
43,3330,0.9233376180877564,4.5963082489344415e-06,0.07637914668834901,0.0002786389156453326,25,10,0
43,3331,0.914687225685915,4.59179148495607e-06,0.08502898284383793,0.00027919967876161825,25,10,0
43,3332,0.9151378368205275,4.5911614687752695e-06,0.08457836611969421,0.0002792058983090713,25,10,0
43,3333,0.9136870521434177,5.593424837630142e-06,0.0860232766637256,0.00028407776801856366,25,10,0
43,3334,0.9126277654875805,5.59390879344301e-06,0.0870825650778825,0.00028407552574321037,25,10,0
43,3335,0.9318908999894624,4.3691700167544405e-06,0.06782352708846484,0.00028120375205579817,25,10,0
43,3336,0.9352471383037462,1.1935811291317466e-06,0.06447101305188369,0.0002806550632407194,25,10,0
43,3337,0.9251868541733309,1.1888579343782227e-06,0.07452870602576009,0.00028325094297460766,25,10,0
43,3338,0.9200152977180487,1.2917762374394648e-06,0.07966391351911968,0.00031949698659386195,25,10,0
43,3339,0.9201482915017404,1.29178064887682e-06,0.07953091802337614,0.00031949869423433244,25,10,0
43,3340,0.9239995210647072,1.2916952212208875e-06,0.07567973287663396,0.0003194543634373422,25,10,0
43,3341,0.9192588954726252,1.4856591085276428e-06,0.08042014782501196,0.0003194710432543227,25,10,0
43,3342,0.9347701668232274,1.4519459932789782e-06,0.06491199192474043,0.00031638930603872717,25,10,0
43,3343,0.9445494912942712,1.4634667923000407e-06,0.05513419257742794,0.0003148526615080684,25,10,0
43,3344,0.9461184839117807,7.573589393758237e-07,0.05357070780082887,0.0003100509284506208,25,10,0
43,3345,0.9465953366677305,7.368944662994936e-07,0.05309338404061989,0.0003105423971827299,25,10,0
43,3346,0.9356378868870927,7.468949029318586e-07,0.06404986164890461,0.00031150456909941407,25,10,0
43,3347,0.9358627819441598,7.349729172985485e-07,0.06382606259892286,0.00031042048399965725,25,10,0
43,3348,0.9358804440848725,7.481211644556366e-07,0.06380842880888901,0.00031037898507367404,25,10,0
43,3349,0.9473096000528076,7.50562950600278e-07,0.05237914423485481,0.00031050514938635646,25,10,0
43,3350,0.930109600960538,7.368933297069316e-07,0.0695790991758386,0.00031056297029333283,25,10,0
43,3351,0.9317630869018403,6.832166109950986e-07,0.0679257556614353,0.0003104742201132025,25,10,0
43,3352,0.9316194393267303,1.1613727861444602e-06,0.06810421004956052,0.0002751892509229115,25,10,0
43,3353,0.9316076083997443,1.1614814603232465e-06,0.06811601100940214,0.00027521910939321567,25,10,0
43,3354,0.9397213680314368,1.1600030377424712e-06,0.060002303582908284,0.0002751683826170889,25,10,0
43,3355,0.9397138815263779,1.170039296508373e-06,0.060009913120210215,0.0002750353141154301,25,10,0
43,3356,0.9398615610630874,1.169926886107755e-06,0.05986272775557801,0.0002745412544485601,25,10,0
43,3357,0.937301104300383,1.1609136279046752e-06,0.062421537248397566,0.0002761975375914938,25,10,0
43,3358,0.9246469824700669,0.0001481253086817953,0.07491587724137619,0.00028901497987513945,25,10,0
43,3359,0.9337411558802227,0.00014812310639062066,0.06582231861426187,0.00028840239912509175,25,10,0
43,3360,0.9162731952573587,0.00014812294310088348,0.08329027096935997,0.00028841083018043434,25,10,0
43,3361,0.9009830923896694,0.0001481050186460204,0.0988434789777672,2.5323613916975068e-05,25,10,0
43,3362,0.9012420902568011,0.00014810559183976325,0.0985843400175129,2.54641338456907e-05,25,10,0
43,3363,0.9179103037916516,0.0001481279913570563,0.08192044345308996,2.1124763901755328e-05,25,10,0
43,3364,0.9167889991778447,0.00014814778188871496,0.08304168345465261,2.1169585614209523e-05,25,10,0
43,3365,0.912683630316272,0.00016170651708727208,0.08713506725544554,1.9595911194684492e-05,25,10,0
43,3366,0.8831121098863239,0.00016371733006035052,0.11669754524348258,2.662754013257556e-05,25,10,0
43,3367,0.9007485278430543,0.00016372735123209564,0.09906113277144209,2.6612034270914173e-05,25,10,0
43,3368,0.9000839339313409,0.0001637269798488296,0.09972573585865825,2.660323015201136e-05,25,10,0
43,3369,0.9012889992853066,0.0001637122626136718,0.09851938131569529,2.7907136384386263e-05,25,10,0
43,3370,0.901421230100999,0.0001637120883763738,0.09838705782195172,2.7999988672763203e-05,25,10,0
43,3371,0.9022047954020475,0.00016371140083360725,0.09760361076896988,2.7882428148866792e-05,25,10,0
43,3372,0.9128839204272823,0.00016370347076087894,0.086925410342626,2.6965759330876297e-05,25,10,0
43,3373,0.9021904282717188,0.0004470179040399869,0.09731185121665684,5.070260758493573e-05,25,10,0
43,3374,0.9059269011853658,0.00044701331964046016,0.09357660760277119,4.947789222318543e-05,25,10,0
43,3375,0.9059322348837682,0.00044701332154379827,0.09357127384972486,4.9477944964007916e-05,25,10,0
43,3376,0.9063268385083575,0.0004468224673381728,0.09317610012770056,5.023889660475431e-05,25,10,0
43,3377,0.9049661361209419,0.000446241382652896,0.09453832983360973,4.929266279641565e-05,25,10,0
43,3378,0.9118862243543759,0.00044624138077324605,0.08761828229031901,4.925197453276881e-05,25,10,0
43,3379,0.9032656383897018,0.00044625071188076764,0.09619713379382155,9.097710459683344e-05,25,10,0
43,3380,0.9207718056920191,0.00044424494660586964,0.07859636755637665,0.00018758180499806035,25,10,0
43,3381,0.9106136629610332,0.00044424513929668786,0.08875445062158976,0.0001876412780807668,25,10,0
43,3382,0.923081389121377,0.0004442350774698109,0.0763929371288671,8.14386722856069e-05,25,10,0
43,3383,0.9206940737105339,0.00044422509280825015,0.07878029987751638,8.140131914118074e-05,25,10,0
43,3384,0.9207975157832,0.00044422543637807893,0.0786768345289574,8.142425146407436e-05,25,10,0
43,3385,0.92079695623793,0.00044422506651599613,0.07867741925751733,8.139943803629467e-05,25,10,0
43,3386,0.9294014027982378,0.00044422103239183576,0.07011467782778966,3.969834158033601e-05,25,10,0
43,3387,0.9238210680133578,0.00044392475861850726,0.07569538242687487,3.9624801148696224e-05,25,10,0
43,3388,0.9204626820580024,0.00044405641544266705,0.0790537307383994,3.9530788155241886e-05,25,10,0
43,3389,0.9063108238501023,0.00044405446807306093,0.09315504113127578,9.00805505490904e-05,25,10,0
43,3390,0.9026222697743843,0.00044407268710587496,0.09684353129908019,9.012623942948908e-05,25,10,0
43,3391,0.9023326885547227,0.00044407249492609983,0.09713311670886524,9.012224148589874e-05,25,10,0
43,3392,0.9023368705600082,0.0004440724882604754,0.09712893640130663,9.012055042461211e-05,25,10,0
43,3393,0.9116800269232868,0.00044407254857288455,0.08778570903476911,9.019149337134498e-05,25,10,0
43,3394,0.914079270496962,0.00044407260688031434,0.08538647360869774,9.018328745988713e-05,25,10,0
43,3395,0.9154375534095535,0.000430507507688945,0.08404184431862555,9.009476413221874e-05,25,10,0
43,3396,0.9170530014711293,0.00043050731744883225,0.08242644542852778,9.004578289388261e-05,25,10,0
43,3397,0.9278465258796713,0.00014718212599939068,0.07193998754410877,6.630445022002495e-05,25,10,0
43,3398,0.9276070084109029,0.00014718202681501043,0.072179505344071,6.630421821056712e-05,25,10,0
43,3399,0.9279696973869648,0.00014718158952144105,0.07181695176599955,6.616925751391854e-05,25,10,0
43,3400,0.9284902735141659,0.00014729024675336238,0.07129584505613784,6.659118294258126e-05,25,10,0
43,3401,0.9280619777513118,0.0001473597843279913,0.07172372056176501,6.694190259491939e-05,25,10,0
43,3402,0.9092284244389055,0.0001638600716686205,0.09038621326689192,0.00022150222253413388,25,10,0
43,3403,0.9091900632785043,0.00016386664288671658,0.09042453477832815,0.00022153530028091358,25,10,0
43,3404,0.9089336095623498,0.00016386717921918655,0.0906809375892534,0.0002215856691775345,25,10,0
43,3405,0.9229461352323024,0.0001648446146097714,0.07666724302906033,0.00022177712402766584,25,10,0
43,3406,0.9232671695511921,0.00016484443629527777,0.07634625504491818,0.00022173096759454665,25,10,0
43,3407,0.9318632922532498,0.00016506428243035236,0.06780035381559422,0.00017128964872574652,25,10,0
43,3408,0.9320818730428942,0.00016506290550081932,0.06758172630364465,0.0001713377479607526,25,10,0
43,3409,0.9280688227927344,0.00017072071848516865,0.07158941206848439,0.00017104442029643212,25,10,0
43,3410,0.9276025579916071,0.0001707307833106033,0.07205298448451106,0.0001737267405716659,25,10,0
43,3411,0.9276101928359307,0.0001707307884333635,0.0720453479950685,0.00017372838056784864,25,10,0
43,3412,0.9217966301375428,0.00017103426306150867,0.077856090732166,0.00017624486723025434,25,10,0
43,3413,0.9167461726362669,0.00017119060990587257,0.0829043537309962,0.0001782830228313414,25,10,0
43,3414,0.8833795893860712,0.00017255276944619662,0.11626299786068552,0.00018485998379752345,25,10,0
43,3415,0.8672394503104041,0.0001725534549094301,0.13239919074959375,0.00018880548509337642,25,10,0
43,3416,0.8461109374985921,0.00017262401819705803,0.15352959031020622,0.00018684817300495426,25,10,0
43,3417,0.8459061004163584,0.00017262351592788492,0.1537344952052143,0.00018678086249959393,25,10,0
43,3418,0.8458064131054099,0.00017262379344163404,0.15383410839847098,0.00018685470267765402,25,10,0
43,3419,0.8453805799367836,0.00017420168729439644,0.15425328493149268,0.00019193344442976486,25,10,0
43,3420,0.8455998274637043,0.00017387909766022,0.15403699382173838,0.00018929961689768003,25,10,0
43,3421,0.860798612051957,0.00017389217182459018,0.13884210696930754,0.00018538880691124624,25,10,0
43,3422,0.861936649326112,0.00017231425011437275,0.1377107278144526,0.0001803086093215158,25,10,0
43,3423,0.8613256215914101,0.0001723076897444333,0.138321793484865,0.00018027723398086727,25,10,0
43,3424,0.8623104407668458,0.00017209369833832739,0.1373372488272028,0.00018021670761361,25,10,0
43,3425,0.8620668993208246,0.00017209409591660983,0.1375807852517318,0.00018022133152759232,25,10,0
43,3426,0.8619780075644772,0.0001720951212010639,0.13766952321292444,0.00018037410139783036,25,10,0
43,3427,0.8624575720909742,0.00017208842414016422,0.13718936976645443,0.00018096971843174423,25,10,0
43,3428,0.8669329080446012,0.00017208266413665352,0.13271408682175426,0.00018092246950851323,25,10,0
43,3429,0.8673637213052455,0.00017206973349246298,0.13228322559717995,0.00018098336408289178,25,10,0
43,3430,0.8672834304199596,0.0001723522606349867,0.13236332760981606,0.00018088970959012854,25,10,0
43,3431,0.9005478168205994,0.00017101060463327235,0.09910686131109939,0.0001743112636684096,25,10,0
43,3432,0.9015802744301723,0.00017100965906467508,0.09807455820449239,0.00017415770627081208,25,10,0
43,3433,0.9060979595240879,0.00017085412262157518,0.09355906286245454,0.00017212349083630172,25,10,0
43,3434,0.8970361999251452,0.00017086881291502733,0.10254901231283849,0.000243918949101711,25,10,0
43,3435,0.8972378626094287,0.00017086876268419292,0.10234733582827228,0.00024393279961502473,25,10,0
43,3436,0.8979495367608408,0.00017069050845677233,0.10163674075925704,0.00024303197144575638,25,10,0
43,3437,0.9046469030544803,0.0001542028671656689,0.09510916967240474,8.972440594934511e-05,25,10,0
43,3438,0.8927838344942066,0.00015461345270522878,0.10696958483557095,9.196721751801225e-05,25,10,0
43,3439,0.9005842628107699,0.00014908858535227218,0.09917388680691351,9.276179696508995e-05,25,10,0
43,3440,0.901110156379325,0.00014908776992471752,0.0986479996565025,9.275619424849304e-05,25,10,0
43,3441,0.9007211089048467,0.00014908784989513992,0.0990369539102714,9.284933498754757e-05,25,10,0
43,3442,0.9025827284130139,0.00014811023887073728,0.09717655816901277,9.260317910285812e-05,25,10,0
43,3443,0.8684677596439876,0.00014784362642140277,0.13129157026348215,9.282646610961672e-05,25,10,0
43,3444,0.8682067725254751,0.00014785382393596628,0.13155258472765705,9.278892293271328e-05,25,10,0
43,3445,0.8740737911950136,0.000147853825992171,0.12568551445470683,9.284052428847613e-05,25,10,0
43,3446,0.8680844275446452,0.00014743290361380755,0.13167749899613132,9.064055561082311e-05,25,10,0
43,3447,0.8678760071500095,0.00014743401066791273,0.13188539763654017,9.116120278363352e-05,25,10,0
43,3448,0.8672255030377742,0.00014761283793881613,0.13253312059791753,9.376352637055439e-05,25,10,0
43,3449,0.8695532334285072,0.0001478036116451087,0.13015350059429895,0.0001454623655501465,25,10,0
43,3450,0.8870159915481005,0.00014772817433464478,0.1126915198308311,0.0001447604467349489,25,10,0
43,3451,0.8636190347887943,0.00014820749443637062,0.13608570866971753,0.00014704904705265648,25,10,0
43,3452,0.8702830628757363,0.00014820748214797215,0.12942160395137262,0.00014712569074379299,25,10,0
43,3453,0.8708368299505654,0.0001482087864047705,0.1288690856594288,0.0001458756036019268,25,10,0
43,3454,0.9052246493524692,0.00014818792812008964,0.09448106888955106,0.00014609382985952254,25,10,0
43,3455,0.9058672107614028,0.0001479991686861748,0.09383996634576666,0.00014482372414427507,25,10,0
43,3456,0.9063664567480827,0.00014799888757428728,0.09334081482069692,0.00014472954364603963,25,10,0
43,3457,0.9025195034371463,0.0001478732975669657,0.097150106091888,0.00018251717339878796,25,10,0
43,3458,0.9025232942829544,0.00014787313569639566,0.09714633026814484,0.0001825023132044022,25,10,0
43,3459,0.9253909811447718,0.00014739891496756198,0.07428133495308786,0.00018028498717273137,25,10,0
43,3460,0.9252376298366818,0.0001473791200686352,0.0744347060011918,0.0001802850420577609,25,10,0
43,3461,0.9342071041557483,0.0001473657913875515,0.06553698532251116,0.00010854473035291963,25,10,0
43,3462,0.9346401807458864,0.00014735874926269705,0.06510454391920692,0.00010791658564395843,25,10,0
43,3463,0.9293884541126239,0.0001473700753473771,0.07035623941673967,0.0001079363952886162,25,10,0
43,3464,0.9326687853942444,0.0001473636775667583,0.06704844411768239,0.00013540681050644893,25,10,0
43,3465,0.9325952999320744,0.00014737324431145617,0.06712182008869186,0.00013550673492231867,25,10,0
43,3466,0.9370005379610653,0.0001473627734797366,0.06275568452836383,9.64147370911981e-05,25,10,0
43,3467,0.9357605105404494,0.00014736369194043346,0.0639954430429519,9.668272465839614e-05,25,10,0
43,3468,0.9357149820628908,0.00014736368150304057,0.06404102387572609,9.663037988035246e-05,25,10,0
43,3469,0.9484584062640316,3.9918630446778305e-07,0.05145741183991336,8.378270975075515e-05,25,10,0
43,3470,0.9487254725782226,4.021859064470522e-07,0.05119122815691571,8.289707895524504e-05,25,10,0
43,3471,0.9523880144121051,3.8397372774284057e-07,0.04752874695067565,8.285466349157412e-05,25,10,0
43,3472,0.9404479414690698,4.0485439563980187e-07,0.05941335562481204,0.00013829805172269416,25,10,0
43,3473,0.9298200192162498,4.0680369125464273e-07,0.07000506060420668,0.00017451337585204065,25,10,0
43,3474,0.8968312483962321,4.152488213482603e-07,0.10299377959137741,0.00017455676356956267,25,10,0
43,3475,0.8701402651651812,7.621560246574811e-07,0.1295929838675775,0.00026598881121647484,25,10,0
43,3476,0.872240546998714,9.432064864653256e-07,0.12746889473766118,0.0002896150571381493,25,10,0
43,3477,0.8603111030008462,9.433599012200516e-07,0.13939833743939453,0.00028961619985808253,25,10,0
43,3478,0.8668598847985786,9.433102300799822e-07,0.13284958904570285,0.0002895828454887842,25,10,0
43,3479,0.8656482630271763,9.607870770475632e-07,0.13406162730595286,0.00028914887979414973,25,10,0
43,3480,0.8717093226510968,7.723796681710567e-07,0.12805185623822712,0.00023804873100814348,25,10,0
43,3481,0.8717165736375765,7.723651889394506e-07,0.1280446066057339,0.00023804739150118062,25,10,0
43,3482,0.87706763240004,7.72595371626644e-07,0.12269365625245104,0.0002379387521377928,25,10,0
43,3483,0.8761258368736775,7.767086007550816e-07,0.12346061178291964,0.00041277463480262613,25,10,0
43,3484,0.8701824266542789,7.812372601827801e-07,0.12940273933366592,0.00041405277479531844,25,10,0
43,3485,0.8683133971962529,8.944314041352795e-07,0.13127106839808822,0.0004146399742549964,25,10,0
43,3486,0.8678159649293579,1.1568680301224466e-06,0.13176826214654228,0.00041461605606980063,25,10,0
43,3487,0.8780744836432173,1.1549918003829642e-06,0.12146354213158278,0.0004608192333997083,25,10,0
43,3488,0.8662220827198791,1.321048423770183e-06,0.13331498614147047,0.00046161009022670766,25,10,0
43,3489,0.8667285122944306,1.320332358614201e-06,0.13280855869248298,0.00046160868072767,25,10,0
43,3490,0.8722264934900085,1.5535496077055233e-06,0.12731050225138507,0.000461450708998665,25,10,0
43,3491,0.8731139913175877,1.5522669657675023e-06,0.12642309155732423,0.0004613648581222662,25,10,0
43,3492,0.8731082641734738,1.5522798711618958e-06,0.12642881649237342,0.0004613670542817202,25,10,0
43,3493,0.8728274418881757,1.8277120783143842e-06,0.12670681164890163,0.00046391875084434776,25,10,0
43,3494,0.8954790226683201,1.7547419549266742e-06,0.10414478269559588,0.00037443989412928045,25,10,0
43,3495,0.8954697411026387,1.7547454419982475e-06,0.10415405223262343,0.00037445191929608233,25,10,0
43,3496,0.8889002199263468,1.986105733027254e-06,0.11074850132204876,0.00034929264587158485,25,10,0
43,3497,0.8829795640359679,1.9861842241247655e-06,0.11666916769302901,0.00034928208677902556,25,10,0
43,3498,0.89101739735166,1.8254903047512798e-06,0.10863203308625564,0.00034874407178002475,25,10,0
43,3499,0.8767970021397709,1.8986164854275478e-06,0.12177639379466455,0.0014247054490795674,25,10,0
43,3500,0.8592183753510269,1.9231130441323965e-06,0.1183531854048396,0.02242651613108961,25,10,0
43,3501,0.859165602854318,1.9047989187886388e-06,0.11840604872952533,0.022426443617238338,25,10,0
43,3502,0.8586581317040146,1.9048039704004123e-06,0.11891351775963621,0.02242644573237902,25,10,0
43,3503,0.8560110614104863,1.9048243594453461e-06,0.12153661464313194,0.02245041912202293,25,10,0
43,3504,0.8501411005178504,1.9048617046617588e-06,0.12751697343075682,0.02234002118968843,25,10,0
43,3505,0.8536878196974892,2.185860774544371e-06,0.12397017741524723,0.022339817026489284,25,10,0
43,3506,0.8536048719743828,2.186055225681429e-06,0.12405309752501963,0.022339844445371616,25,10,0
43,3507,0.8549717490396549,2.18585444420723e-06,0.12268623712272556,0.0223398279831755,25,10,0
43,3508,0.8615325620208968,2.1868934777842726e-06,0.11618986163240207,0.02227538945322359,25,10,0
43,3509,0.8615345877134429,2.186796514865777e-06,0.11618783684511876,0.022275388644923608,25,10,0
43,3510,0.8450952345031021,2.1622195896015747e-06,0.11368440749396914,0.041218195783339386,25,10,0
43,3511,0.8450893661198038,2.162220423938828e-06,0.11398863169633913,0.0409198399634335,25,10,0
43,3512,0.8450529114625702,1.883158286655431e-06,0.11402474878102567,0.04092045659811763,25,10,0
43,3513,0.8444096434924017,1.9093135465675806e-06,0.11466792723056919,0.04092051996348274,25,10,0
43,3514,0.8329870965591568,1.3295397993105136e-05,0.12602667199571968,0.04097293604712994,25,10,0
43,3515,0.833363671686106,1.329558140562559e-05,0.15764077537465945,0.00898225735782885,25,10,0
43,3516,0.8338443063866596,1.3295416858263036e-05,0.16481555145999444,0.00132684673648778,25,10,0
43,3517,0.8390993812208727,1.328408354774997e-05,0.15956050977054315,0.001326824925036291,25,10,0
43,3518,0.8397510958979325,1.3258033052109795e-05,0.15890885986279757,0.0013267862062179112,25,10,0
43,3519,0.8397308035458115,1.3258115505555628e-05,0.15892915173660138,0.0013267866020813721,25,10,0
43,3520,0.8545277174770198,1.3184971744286195e-05,0.1452084565060462,0.00025064104518919165,25,10,0
43,3521,0.8550019358180505,1.2904818127457069e-05,0.14473709051931788,0.00024806884450376927,25,10,0
43,3522,0.8572838056173592,1.6154707859606083e-05,0.14247611335474322,0.00022392632003770692,25,10,0
43,3523,0.8585514267586616,1.6019703260157926e-05,0.14120986841768846,0.00022268512038923656,25,10,0
43,3524,0.8581820160666854,1.6019821408851097e-05,0.141579246780332,0.00022271733157335567,25,10,0
43,3525,0.8461838935757907,1.576731238206506e-05,0.1533817995612647,0.0004185395505620661,25,10,0
43,3526,0.849862444489098,1.5576719775288265e-05,0.14975513595706824,0.0003668428340580798,25,10,0
43,3527,0.8458404164499751,2.1350919313716776e-05,0.152157118074139,0.001981114556571969,25,10,0
43,3528,0.8457617055232322,2.1350823993008923e-05,0.15223582465926433,0.0019811189935103487,25,10,0
43,3529,0.8179427919838334,2.133077133654161e-05,0.18009715118841396,0.0019387260564164043,25,10,0
43,3530,0.8547139366364642,2.1541841921797994e-05,0.14333768301744343,0.0019268385041706039,25,10,0
43,3531,0.8547349963733346,2.1541826002615796e-05,0.14331662587340585,0.0019268359272570398,25,10,0
43,3532,0.8547383172581298,2.1541827770525775e-05,0.14331330497545466,0.0019268359386451909,25,10,0
43,3533,0.8549538308426006,2.1541451461250368e-05,0.14309784255159122,0.0019267851543469127,25,10,0
43,3534,0.8663287445475603,9.917840168869677e-06,0.1317880849990138,0.00187325261325684,25,10,0
43,3535,0.866040703726395,1.769178950859553e-05,0.1320676671048858,0.0018739373792103914,25,10,0
43,3536,0.8647350672165927,1.7480060522856792e-05,0.13337307010508836,0.0018743826177958596,25,10,0
43,3537,0.9034830362035957,1.7480384957616137e-05,0.09462521923517492,0.001874264176270945,25,10,0
43,3538,0.9034289165592349,1.74804248816192e-05,0.09467933085065926,0.001874272165223562,25,10,0
43,3539,0.9018701415785939,1.81733306270686e-05,0.09623572566165263,0.0018759594291256005,25,10,0
43,3540,0.9085423381441136,1.796028965014378e-05,0.08962085671115126,0.0018188448550842315,25,10,0
43,3541,0.9083263303783093,1.821628862079247e-05,0.08976709221377224,0.0018883611192971718,25,10,0
43,3542,0.8941120803427124,1.8712205195560775e-05,0.10398078846104877,0.001888418991042933,25,10,0
43,3543,0.8914534068105411,1.8721050734566206e-05,0.1066384662613218,0.0018894058774022266,25,10,0
43,3544,0.8826321969375295,1.872603128438382e-05,0.11542698884930172,0.0019220881818840254,25,10,0
43,3545,0.8770057608460706,1.873443189519016e-05,0.12105340581709693,0.001922098904936483,25,10,0
43,3546,0.8529467967281912,1.873937831239899e-05,0.14503459617364822,0.00199986771984722,25,10,0
43,3547,0.8615024296134114,1.8750083897012196e-05,0.13651158503073504,0.0019672352719559798,25,10,0
43,3548,0.8508211987256437,1.8749174909317806e-05,0.14726370723897625,0.0018963448604699367,25,10,0
43,3549,0.8506971828325801,1.874917503768339e-05,0.14738772264750938,0.0018963453448720242,25,10,0
43,3550,0.8595806629375735,1.8253610042436173e-05,0.13845647149134738,0.0019446119610360463,25,10,0
43,3551,0.8613571375778767,1.8140408825064272e-05,0.13668070012815128,0.0019440218851462226,25,10,0
43,3552,0.8998371271713853,1.8127064876872515e-05,0.0982086008238125,0.0019361449399248787,25,10,0
43,3553,0.9004912394558192,1.8125763953715013e-05,0.09755449533882934,0.001936139441397157,25,10,0
43,3554,0.90003269307333,1.812569435981208e-05,0.098013042997446,0.0019361382348635971,25,10,0
43,3555,0.8895722705704522,1.815224811271139e-05,0.10847322119153226,0.0019363559899021091,25,10,0
43,3556,0.8892908406971499,1.4899206665368889e-05,0.10875813138859541,0.0019361287075884035,25,10,0
43,3557,0.8547950980663482,1.4900923689907817e-05,0.1433022194654221,0.001887781544539481,25,10,0
43,3558,0.855046541703882,1.4900922117783364e-05,0.1430507742378739,0.001887783136126034,25,10,0
43,3559,0.855317605477255,1.4885156850770704e-05,0.14277977440885514,0.0018877349570387222,25,10,0
43,3560,0.8921509237413887,1.5171799718825503e-05,0.10594623176264932,0.0018876726962423862,25,10,0
43,3561,0.8928591774755635,1.5171829370432931e-05,0.10523768583429835,0.0018879648607670412,25,10,0
43,3562,0.8909400137893995,1.5736820206000852e-05,0.10700288262302121,0.002041366767372625,25,10,0
43,3563,0.8908714942542258,7.96316131435876e-06,0.10707976838053272,0.002040774203926361,25,10,0
43,3564,0.8855437955245313,8.193077575310936e-06,0.11240612154320694,0.002041889854685806,25,10,0
43,3565,0.8960675598122546,8.166546554180423e-06,0.10188255956743054,0.0020417140737599947,25,10,0
43,3566,0.8950772131117495,8.166542965285998e-06,0.10287290848772399,0.0020417118575605676,25,10,0
43,3567,0.8951472893711085,8.166358163019878e-06,0.10280285971390572,0.0020416845568219473,25,10,0
43,3568,0.8948655466814833,8.167725969352396e-06,0.10308436374061251,0.0020419218519341113,25,10,0
43,3569,0.9005511321636307,7.937693386974594e-06,0.09740012400633863,0.0020408061366426846,25,10,0
43,3570,0.9006744834036192,7.93767729050395e-06,0.09727677496267566,0.002040803956413512,25,10,0
43,3571,0.8945176736022081,7.954747349739837e-06,0.10343348796447031,0.002040883685971391,25,10,0
43,3572,0.9070973353774902,7.94137393043954e-06,0.09104966213417563,0.0018450611144030923,25,10,0
43,3573,0.8845368416660253,8.090443235085704e-06,0.11360998700916129,0.0018450808815785604,25,10,0
43,3574,0.8852120935303293,8.089261961981384e-06,0.11293504799722333,0.0018447692104855903,25,10,0
43,3575,0.8850596731653804,8.089839618149968e-06,0.11308736389514346,0.0018448730998580631,25,10,0
43,3576,0.8863281727378446,7.40659518448819e-06,0.11182119758814038,0.0018432230788305297,25,10,0
43,3577,0.8752841607837041,7.418596649086396e-06,0.1226709547472778,0.0020374658723692624,25,10,0
43,3578,0.8753004777453351,7.1184118845385705e-06,0.122653652456059,0.002038751386721325,25,10,0
43,3579,0.9082934172420479,6.9691259507695254e-06,0.08966087823133831,0.002038735400662081,25,10,0
43,3580,0.908509795507693,6.9643384971040035e-06,0.08944497302164713,0.002038267132162025,25,10,0
43,3581,0.9168294963401274,9.066234892473219e-07,0.08274768033296324,0.00042191670341940073,25,10,0
43,3582,0.8811408721137564,1.9930350529769482e-06,0.11843506178308313,0.0004220730681079371,25,10,0
43,3583,0.888101073807953,1.9894747998143645e-06,0.11166913720506606,0.0002277995121814004,25,10,0
43,3584,0.8877430458624498,1.989647904827168e-06,0.11202714957007082,0.0002278149195749869,25,10,0
43,3585,0.888391477052365,1.9918418600356376e-06,0.11138029016386464,0.0002262409419107907,25,10,0
43,3586,0.8883151083347866,1.9946814807858787e-06,0.1114565979905837,0.00022629899314925684,25,10,0
43,3587,0.8888388595363556,1.9757491453847205e-06,0.11093306160835915,0.0002261031061400709,25,10,0
43,3588,0.8854334978653692,1.979977097359651e-06,0.11433838867778463,0.00022613347974898769,25,10,0
43,3589,0.8854459127035426,1.9798752875399743e-06,0.11432602194157977,0.0002260854795900882,25,10,0
43,3590,0.8763771857539902,5.326861826001297e-06,0.12252705991305175,0.0010904274711322232,25,10,0
43,3591,0.8531184585325087,5.775398993137538e-06,0.14578441164828618,0.0010913544202106385,25,10,0
43,3592,0.8556464587813305,5.780414881864955e-06,0.1432564064454243,0.0010913543583618702,25,10,0
43,3593,0.8556266199860653,5.780426260080057e-06,0.14327621671650373,0.0010913828711694165,25,10,0
43,3594,0.8554581453326509,5.780637892387768e-06,0.14344461926001886,0.0010914547694366294,25,10,0
43,3595,0.8555377303049049,5.772355993731484e-06,0.14336147251863102,0.0010950248204690768,25,10,0
43,3596,0.8547975004856544,5.7767867846452585e-06,0.14404378831177322,0.0011529344157870617,25,10,0
43,3597,0.8555456863763093,5.7726430945245585e-06,0.14335351234675003,0.001095028633845329,25,10,0
43,3598,0.8566438694733141,5.763420694947504e-06,0.14225535943660042,0.0010950076693897492,25,10,0
43,3599,0.8507512742897819,5.763722555060614e-06,0.1481479328060449,0.0010950291816174181,25,10,0
43,3600,0.8506781567661202,5.7689261804622535e-06,0.1482213118068447,0.001094762500853797,25,10,0
43,3601,0.8542047952038289,5.7665733124489695e-06,0.144694665132848,0.001094773090010065,25,10,0
43,3602,0.8546586849795612,5.763145607010995e-06,0.14424084761023012,0.0010947042646009607,25,10,0
43,3603,0.8603598909782533,5.8636796246339365e-06,0.13853953033885505,0.0010947150032662519,25,10,0
43,3604,0.8663401060329443,5.863452364260343e-06,0.1325593356821912,0.001094694832499504,25,10,0
43,3605,0.8661860717380034,5.8582391859077765e-06,0.13271202781808408,0.001096042204725798,25,10,0
43,3606,0.8651573965937945,5.8766915067781364e-06,0.1337405587503402,0.0010961679643581958,25,10,0
43,3607,0.8634831617482794,5.914506315367976e-06,0.13540900103776563,0.0011019227076393137,25,10,0
43,3608,0.8240696740527091,5.915327385525638e-06,0.13671662509783153,0.0392077855220735,25,10,0
43,3609,0.8186293424756385,5.652094479274182e-06,0.14222740324271732,0.039137602187164694,25,10,0
43,3610,0.8128227354775563,5.890795279943266e-06,0.14692205918541665,0.04024931454174683,25,10,0
43,3611,0.8133550259569416,5.899492908535018e-06,0.17532986079991736,0.011309213750231317,25,10,0
43,3612,0.7793188451591664,7.3571401152592185e-06,0.20936446506686934,0.011309332633849504,25,10,0
43,3613,0.754139747502178,8.200777008731875e-06,0.23454261400605983,0.01130943771475436,25,10,0
43,3614,0.7458511641781891,8.200955421752067e-06,0.24283119397199612,0.011309440894394023,25,10,0
43,3615,0.7164302371529332,8.245397710204288e-06,0.27224015990117495,0.01132135754818249,25,10,0
43,3616,0.7178200748176434,8.234969352211765e-06,0.28001612308407325,0.002155567128932562,25,10,0
43,3617,0.7231884801136651,8.242440670828458e-06,0.2746513024997394,0.0021519749459261942,25,10,0
43,3618,0.7606060173350574,8.197825839917845e-06,0.2372457297613896,0.00214005507771405,25,10,0
43,3619,0.7595650851668883,8.199140288911216e-06,0.23828643278368453,0.002140282909139116,25,10,0
43,3620,0.7596488839069134,8.201717505974695e-06,0.2382026196270141,0.0021402947485668886,25,10,0
43,3621,0.7597402711593345,8.201982675497675e-06,0.23811123022446534,0.0021402966335248726,25,10,0
43,3622,0.7531540898829984,8.210227691618546e-06,0.24469875527379795,0.002138944615512006,25,10,0
43,3623,0.7731510798125966,7.13030541514185e-06,0.22470302419401944,0.00213876568796974,25,10,0
43,3624,0.7671799098576129,7.1277410410623735e-06,0.2306730392205312,0.002139923180815779,25,10,0
43,3625,0.760678100727702,7.131662465162264e-06,0.2371737988269472,0.002140968782886699,25,10,0
43,3626,0.7547971657766663,7.337880878610248e-06,0.2430102650748229,0.0021852312676332174,25,10,0
43,3627,0.7945432307098038,7.335893411577645e-06,0.20326420419416877,0.0021852292026167124,25,10,0
43,3628,0.8208009394557467,5.8849586649004345e-06,0.17697389200872413,0.0022192835768645087,25,10,0
43,3629,0.826757390581395,5.884970072262785e-06,0.17101860650936881,0.002218117939164238,25,10,0
43,3630,0.8333052052076992,5.86790136462944e-06,0.16447088993372533,0.002218036957210924,25,10,0
43,3631,0.8225214987504147,7.086076039872886e-06,0.17525328961540823,0.0022181255581375393,25,10,0
43,3632,0.8601716405125053,7.086281879398859e-06,0.13760325592888137,0.002218017276734069,25,10,0
43,3633,0.8544821727597374,7.090588570245447e-06,0.14329267810327648,0.0022180585484161118,25,10,0
43,3634,0.8550498257831962,7.082867305799345e-06,0.1427250537405316,0.002218037608966457,25,10,0
43,3635,0.8487849025658023,1.3730140147677586e-05,0.14898274455776597,0.002218622736284133,25,10,0
43,3636,0.8490761168636668,1.3730140909917653e-05,0.1486915293850158,0.002218623610407474,25,10,0
43,3637,0.8404189378422664,1.3735667548675078e-05,0.15730636089260344,0.002260965597581205,25,10,0
43,3638,0.8395988927543375,1.3736056452273349e-05,0.15812631012984457,0.0022610610593652033,25,10,0
43,3639,0.8387936277398401,1.3779525166937028e-05,0.15893157103550415,0.0022610216994884656,25,10,0
43,3640,0.8451713550662886,1.3780515596366099e-05,0.15255493275134113,0.0022599316667735354,25,10,0
43,3641,0.8611228483986855,1.3768726254344196e-05,0.13660345380048822,0.0022599290745717432,25,10,0
43,3642,0.8509773770193053,1.3775866671934195e-05,0.14669326598275872,0.002315581131263792,25,10,0
43,3643,0.8666121108795234,1.3339219940195378e-05,0.1310597295976926,0.0023148203028431013,25,10,0
43,3644,0.8842442879959905,1.2112804369580968e-05,0.11342888316445969,0.002314716035179731,25,10,0
43,3645,0.881214877393916,1.2220721064724305e-05,0.11640363743772789,0.002369264447290976,25,10,0
43,3646,0.8613589084122749,1.3352656913461873e-05,0.13625588270335356,0.002371856227457953,25,10,0
43,3647,0.8608520004531733,1.335276843285195e-05,0.1367626418691552,0.002372004909238656,25,10,0
43,3648,0.8613893197668312,1.3352763984987637e-05,0.13622548645956323,0.002371841009620617,25,10,0
43,3649,0.8621227072621018,1.331571836122644e-05,0.13549783942108765,0.002366137598449331,25,10,0
43,3650,0.8608328315945252,1.3311963417284101e-05,0.1367875232206814,0.002366333221376088,25,10,0
43,3651,0.868231218445338,1.331848426313567e-05,0.12939057759759617,0.002364885472802365,25,10,0
43,3652,0.8739178447866327,1.3325240340717778e-05,0.1237038442132354,0.0023649857597912312,25,10,0
43,3653,0.8705210756245135,1.3325636372796493e-05,0.12703132813499007,0.0024342706041239766,25,10,0
43,3654,0.8364373960006252,1.3087801560332677e-05,0.16222672441294478,0.0013227917848714153,25,10,0
43,3655,0.838395609039349,6.441074415635941e-06,0.16027446568845605,0.0013234841977806052,25,10,0
43,3656,0.839943750235983,6.439829223538094e-06,0.1587265007815543,0.0013233091532402882,25,10,0
43,3657,0.8255057840960105,6.475256405585801e-06,0.17316447709192942,0.0013232635556557515,25,10,0
43,3658,0.8254936828338235,6.475269604621987e-06,0.17317657491561875,0.0013232669809542259,25,10,0
43,3659,0.8337517678472421,6.469817473062029e-06,0.16494788360718463,0.0012938787281009828,25,10,0
43,3660,0.8337642634560958,6.469817211540954e-06,0.1649353905499955,0.0012938761766981219,25,10,0
43,3661,0.8339350705293418,6.451995362026883e-06,0.16476451504632528,0.0012939624289716992,25,10,0
43,3662,0.8332535457333076,6.7275762347848715e-06,0.16544302666552993,0.0012967000249285464,25,10,0
43,3663,0.8338607556263337,6.727174136610262e-06,0.1648358305691711,0.0012966866303595166,25,10,0
43,3664,0.8588970450197384,5.883707644190707e-06,0.13980043965397876,0.0012966316186388738,25,10,0
43,3665,0.8592110836609937,5.88368450597971e-06,0.13948654945059252,0.0012964832039078784,25,10,0
43,3666,0.8521674024378169,6.169949157480698e-06,0.14653116827218557,0.00129525934084056,25,10,0
43,3667,0.8525091461401623,6.160247766940903e-06,0.1461894791258774,0.0012952144861934566,25,10,0
43,3668,0.8403324398266995,6.17477207254108e-06,0.15815641353324358,0.0015049718679843085,25,10,0
43,3669,0.8504693469225245,5.781475091038914e-06,0.14807323750409546,0.0014516340982891158,25,10,0
43,3670,0.8525381953377693,5.816415009743645e-06,0.14606431446153068,0.0013916737856902134,25,10,0
43,3671,0.8406751976212945,5.839132070642502e-06,0.15792851314446274,0.0013904501021719427,25,10,0
43,3672,0.8409168867838731,5.838811359861482e-06,0.1576868253063769,0.0013904490983900999,25,10,0
43,3673,0.8355035956629544,5.850764055864987e-06,0.1630990013930236,0.001391552179966269,25,10,0
43,3674,0.8559117950828982,4.718820406930121e-06,0.1426946152989041,0.0013888707977908136,25,10,0
43,3675,0.8322426137381943,4.715372344922332e-06,0.14934569291725633,0.01840697797220448,25,10,0
43,3676,0.8182642254360394,4.319614641482332e-06,0.1608590747848901,0.020872380164429008,25,10,0
43,3677,0.8089266779127083,4.2794332549525315e-06,0.18721480379074362,0.0038542388632933737,25,10,0
43,3678,0.7921216252587568,4.284166871369251e-06,0.20401541109343868,0.0038586794809334656,25,10,0
43,3679,0.7924220211196418,4.18333249113753e-06,0.20371514954833717,0.0038586459995301726,25,10,0
43,3680,0.8067717748631913,4.1412069141456724e-06,0.1893644289781596,0.0038596549517356804,25,10,0
43,3681,0.8090621237427891,4.1841541750610465e-06,0.18706261480379516,0.003871077299241654,25,10,0
43,3682,0.8047416190346636,4.1235393437692835e-06,0.1914267338720884,0.0038275235539057127,25,10,0
43,3683,0.7799740401150796,4.131327819607158e-06,0.21619432332930694,0.003827505227794692,25,10,0
43,3684,0.7802095205109552,4.130974932751536e-06,0.2159588439639815,0.0038275045501314137,25,10,0
43,3685,0.7805981967184042,4.130759949235468e-06,0.21557123234788522,0.0038264401737621895,25,10,0
43,3686,0.778838226340197,4.4138396521786785e-06,0.21732664799579648,0.0038307118243554998,25,10,0
43,3687,0.7799346022337882,4.394385777769263e-06,0.21623042556490712,0.003830577815527627,25,10,0
43,3688,0.7701175458974813,4.65099093704898e-06,0.22601687380312646,0.0038609293084568767,25,10,0
43,3689,0.7697220463905581,7.020655324656516e-06,0.22640137312666675,0.0038695598274522593,25,10,0
43,3690,0.7855628169214007,7.135568291467189e-06,0.21317924281291134,0.0012508046973970883,25,10,0
43,3691,0.7740776709319792,1.764342501949397e-05,0.2246012814787193,0.00130340416428261,25,10,0
43,3692,0.7825679133493754,1.7637736377150375e-05,0.21615336132646043,0.0012610875877876885,25,10,0
43,3693,0.7781671030207353,6.862659850374311e-06,0.22061451822103464,0.0012115160983805658,25,10,0
43,3694,0.7835086734904428,6.856065428904704e-06,0.2152726524980897,0.0012118179460388347,25,10,0
43,3695,0.8020230506728845,7.470974532364373e-06,0.1967575998768288,0.0012118784757541873,25,10,0
43,3696,0.8023839391660728,7.195613012387502e-06,0.1963996990831636,0.0012091661377509459,25,10,0
43,3697,0.8124934155302108,7.188484646202379e-06,0.18634587893898022,0.0011535170461628881,25,10,0
43,3698,0.7756926762001021,7.1894837083619864e-06,0.22286507574819694,0.0014350585679935818,25,10,0
43,3699,0.7946059876626012,7.442040356931385e-06,0.20395037388617993,0.0014361964108626241,25,10,0
43,3700,0.7763296825573396,2.228597261257518e-05,0.2221744554589134,0.001473576011135837,25,10,0
43,3701,0.7866525775296799,2.213660336092388e-05,0.2118863169017801,0.0014389689651803069,25,10,0
43,3702,0.7858649097428778,2.213816869144883e-05,0.21267383995769162,0.0014391121307407511,25,10,0
43,3703,0.7858150676428086,2.213829218234212e-05,0.21272365278669736,0.0014391412783130767,25,10,0
43,3704,0.7833608881521239,3.0623348813569494e-05,0.2151282007180092,0.0014802877810545156,25,10,0
43,3705,0.7927981131421623,3.001283947926274e-05,0.20569046002959138,0.001481413988768428,25,10,0
43,3706,0.7986003633987248,2.97522406388782e-05,0.19988965598151992,0.0014802283791174287,25,10,0
43,3707,0.7987086788829103,2.9752147779905225e-05,0.19978136302324617,0.0014802059460647281,25,10,0
43,3708,0.8047334226405569,2.9747714269604195e-05,0.19375780963524222,0.0014790200099320079,25,10,0
43,3709,0.7998581980754013,2.9847732636740172e-05,0.19716389435838694,0.002948059833575542,25,10,0
43,3710,0.8374435394971617,2.980391586867552e-05,0.15959025399223722,0.0029364025947322962,25,10,0
43,3711,0.8525704736848233,2.6448149236521163e-05,0.1453310345661584,0.0020720435997816974,25,10,0
43,3712,0.8679591661699932,2.6612035432048993e-05,0.12994358082990418,0.002070640964671078,25,10,0
43,3713,0.8682309500390223,2.660661033467391e-05,0.12967320720545591,0.0020692361451874917,25,10,0
43,3714,0.8681851141742305,2.6606635622992668e-05,0.12971903989328612,0.0020692392968608368,25,10,0
43,3715,0.8623773959938019,3.1867791472713715e-05,0.13552109145493696,0.002069644759788409,25,10,0
43,3716,0.8624598758273285,3.186763634954581e-05,0.13543864691694718,0.0020696096193746375,25,10,0
43,3717,0.8621723414645258,3.186792411312824e-05,0.13572615588830242,0.002069634723058507,25,10,0
43,3718,0.8620123376735349,3.1873243377377846e-05,0.13588608307809819,0.0020697060049896148,25,10,0
43,3719,0.8782222311524918,3.1849958088831096e-05,0.11967627088779963,0.002069648001619902,25,10,0
43,3720,0.8781865028052512,3.1844717306424655e-05,0.11963680993625189,0.002144842541190574,25,10,0
43,3721,0.8781447306996237,3.184472603080031e-05,0.11967858239602125,0.002144842178324297,25,10,0
43,3722,0.8793262158037857,3.18091580719503e-05,0.11850648076587994,0.002135494272262451,25,10,0
43,3723,0.8790960115409295,3.1808882870598885e-05,0.11873682329002935,0.002135356286171066,25,10,0
43,3724,0.8734626058610024,2.6554890650305423e-05,0.12432104106257308,0.0021897981857747022,25,10,0
43,3725,0.8734022165431082,2.6555597883588174e-05,0.12438142676242013,0.0021898010965886016,25,10,0
43,3726,0.8534672689659563,2.7672896277240412e-05,0.14431249557908724,0.002192562558679592,25,10,0
43,3727,0.8723599578108715,2.6556345937949755e-05,0.12542367569428162,0.002189810148909481,25,10,0
43,3728,0.8718530003438674,2.6556847476736558e-05,0.12593063420043088,0.0021898086082254653,25,10,0
43,3729,0.8664236129100922,2.5585560203151598e-05,0.13140250014655921,0.00214830138314585,25,10,0
43,3730,0.8654644885727896,2.570308709276555e-05,0.13235642008619,0.0021533882539279824,25,10,0
43,3731,0.8652864296937482,2.5707501313526627e-05,0.13253310461720072,0.002154758187737573,25,10,0
43,3732,0.8652684476147929,2.5708015522693945e-05,0.1325510148676262,0.0021548295020581924,25,10,0
43,3733,0.858896225550492,2.5786593250483417e-05,0.13892367696306718,0.002154310893190614,25,10,0
43,3734,0.8658689897710583,2.57859586082054e-05,0.13222748821729213,0.0018777360530418904,25,10,0
43,3735,0.8727484008822214,2.559963903318914e-05,0.125348205788587,0.0018777936901589196,25,10,0
43,3736,0.8998198799736091,2.575577056926999e-05,0.09827943807427962,0.0018749261815418487,25,10,0
43,3737,0.9005745612332892,2.5774388590842868e-05,0.09752464949632657,0.0018750148817933366,25,10,0
43,3738,0.8685905893269908,2.789432996651208e-05,0.1294861516231256,0.0018953647199176685,25,10,0
43,3739,0.8707462048729185,2.5241427801908374e-05,0.12734611169506255,0.0018824420042176685,25,10,0
43,3740,0.8650877962496766,3.304303390295381e-05,0.13296006733615717,0.0019190933802640045,25,10,0
43,3741,0.8651002225439369,3.3043232121986226e-05,0.13294766393075985,0.0019190702931820701,25,10,0
43,3742,0.8633178094406305,3.3133150499241334e-05,0.13470560079124622,0.0019434566176249177,25,10,0
43,3743,0.8640852519910425,3.3131614329392293e-05,0.13393829985427572,0.0019433165403533353,25,10,0
43,3744,0.8483237509630022,2.7750602155747303e-05,0.1497053409138501,0.0019431575209922828,25,10,0
43,3745,0.849323919280376,2.7750191892222476e-05,0.1487051731829205,0.0019431573448111452,25,10,0
43,3746,0.8830434777007459,2.5471563904009344e-05,0.11498808704873548,0.0019429636866153933,25,10,0
43,3747,0.8823446791094726,2.5472897701752292e-05,0.11568697252970005,0.001942875463126388,25,10,0
43,3748,0.8839274529267769,2.5383266885864517e-05,0.11412863038408931,0.0019185334222485567,25,10,0
43,3749,0.8843040939563255,2.538326193825533e-05,0.11382713786605503,0.0018433849156816512,25,10,0
43,3750,0.8818921458544169,2.5401027158790783e-05,0.11623431048086809,0.0018481426375566126,25,10,0
43,3751,0.8750889530127156,2.5638443850926774e-05,0.12303613389992096,0.0018492746435125299,25,10,0
43,3752,0.8744532714163133,2.594363727747988e-05,0.12367017468947678,0.0018506102569324527,25,10,0
43,3753,0.8567633298978332,2.6476576494470124e-05,0.1412172663405008,0.001992927185171624,25,10,0
43,3754,0.8556985113517435,2.6477153908756475e-05,0.1422819670241444,0.001993044470203289,25,10,0
43,3755,0.8558851845019759,2.647685287815978e-05,0.14209533794812254,0.001993000697023225,25,10,0
43,3756,0.8526587968837782,2.660036077844104e-05,0.1453202954974399,0.0019943072580032254,25,10,0
43,3757,0.8499344812218896,2.6295254401833317e-05,0.14804623158945573,0.001992991934252495,25,10,0
43,3758,0.8491955928760316,2.6528329026124445e-05,0.14878385952752501,0.0019940192674172004,25,10,0
43,3759,0.8481159178422419,2.6528358531516363e-05,0.1498605385635176,0.001997015235709158,25,10,0
43,3760,0.8483139437801434,2.652840093123096e-05,0.1496625358035965,0.0019969920153291225,25,10,0
43,3761,0.8470415911842234,2.635444893017092e-05,0.15093600271636398,0.0019960516504823837,25,10,0
43,3762,0.8696549600168675,2.6345409041633284e-05,0.12832712392537696,0.0019915706487134985,25,10,0
43,3763,0.8699361193673915,2.6340618260040947e-05,0.12804737563082416,0.0019901643835238533,25,10,0
43,3764,0.8726935222986626,2.618412219845915e-05,0.12529222794923822,0.0019880656299001444,25,10,0
43,3765,0.8670936378930808,2.6383453833479028e-05,0.1308326860139405,0.002047292639144815,25,10,0
43,3766,0.867333978122374,2.638346804404216e-05,0.13059234532423414,0.002047293085347497,25,10,0
43,3767,0.8861207651280156,1.1538220987789912e-05,0.11185787607933607,0.0020098205716604757,25,10,0
43,3768,0.8762981401340216,1.1550289053177325e-05,0.1216773650911342,0.0020129444857908455,25,10,0
43,3769,0.8825463628848886,1.1327267515576028e-05,0.11542891902644344,0.002013390821152008,25,10,0
43,3770,0.8783853489295919,1.1327312098534347e-05,0.11958914473250822,0.002014179025801131,25,10,0
43,3771,0.8835170302233876,1.112863459487526e-05,0.11451689161434331,0.0019549495276739524,25,10,0
43,3772,0.8984963062831945,1.0816741485605049e-05,0.09968386654404689,0.0018090104312729277,25,10,0
43,3773,0.8982961352200681,1.081616303425376e-05,0.09988410987666783,0.001808938740229785,25,10,0
43,3774,0.9076724038420017,1.0804422325983679e-05,0.0905094925750612,0.0018072991606109786,25,10,0
43,3775,0.907758984215082,1.0575042970895428e-05,0.09037378953927049,0.0018566512026764416,25,10,0
43,3776,0.9029156354080851,1.0829495959227015e-05,0.09521688182722382,0.0018566532687317372,25,10,0
43,3777,0.9342587530593444,8.926685269600568e-06,0.06389362016280672,0.00183870009257893,25,10,0
43,3778,0.9094085224970193,8.67207461804457e-06,0.0887440976325661,0.0018387077957962622,25,10,0
43,3779,0.9090295330149496,8.67207443861843e-06,0.08912301576570941,0.0018387791449022345,25,10,0
43,3780,0.9385805155289146,8.676789442214346e-06,0.05957157977423194,0.0018392279074108395,25,10,0
43,3781,0.9400207918293839,8.670312317683912e-06,0.058131867649744595,0.0018386702085535652,25,10,0
43,3782,0.9408903198926158,8.55303581374789e-06,0.057267543378873215,0.0018335836926973504,25,10,0
43,3783,0.9519664592922377,8.549406875656277e-06,0.046246270781623806,0.0017787205192631805,25,10,0
43,3784,0.9520572781759219,8.549204170069476e-06,0.04615543053400848,0.0017787420858996889,25,10,0
43,3785,0.9557507664831866,8.222012591892301e-07,0.04250631363985135,0.0017420976757030954,25,10,0
43,3786,0.9514855213125101,8.221367566195653e-07,0.04306167258866398,0.005451983962069518,25,10,0
43,3787,0.9517713709715294,8.227631687164682e-07,0.042775772105417505,0.005452034159884696,25,10,0
43,3788,0.9521488907336517,8.19065737623919e-07,0.04239828365891353,0.005452006541697487,25,10,0
43,3789,0.9526430349731201,8.18387480044391e-07,0.04190414026526429,0.005452006374135731,25,10,0
43,3790,0.9501429988284474,7.292278600827248e-07,0.045826300625806955,0.004029971317885855,25,10,0
43,3791,0.9610968247743402,7.191218189593917e-07,0.0341186489915392,0.0047838071123019865,25,10,0
43,3792,0.9580980194717675,7.358553474147407e-07,0.03711440251803558,0.004786842154849867,25,10,0
43,3793,0.9622257965919697,7.359282678503214e-07,0.03298741603178677,0.004786051447975851,25,10,0
43,3794,0.9561943255401495,7.358154761244283e-07,0.03901769782418469,0.004787240820189867,25,10,0
43,3795,0.9552994596358291,7.4645099641311e-07,0.039955357776638015,0.00474443613653676,25,10,0
43,3796,0.9238454425952294,7.428475814486186e-07,0.0723666611180831,0.0037871534391065026,25,10,0
43,3797,0.9251905626333387,1.5372198795657076e-06,0.07102191167667267,0.003785988470109168,25,10,0
43,3798,0.8874996018092388,1.5390163657088177e-06,0.10802621509312214,0.004472644081272406,25,10,0
43,3799,0.8858532654502327,2.4981848919912886e-06,0.10966745537257465,0.004476780992299915,25,10,0
43,3800,0.8858344189916612,2.498067096979465e-06,0.10968630120583836,0.004476781735402651,25,10,0
43,3801,0.8865594929073695,2.4778319303667515e-06,0.10896124983473773,0.0044767794259616715,25,10,0
43,3802,0.8865021143240395,2.4958109108689998e-06,0.10901872824289949,0.004476661622149423,25,10,0
43,3803,0.8882505463141412,1.852658625029942e-06,0.10727108273312196,0.0044765182941111335,25,10,0
43,3804,0.9207872604891619,1.8520388143062532e-06,0.07474060822850859,0.004470279243515753,25,10,0
43,3805,0.921294633048709,1.8531961746247734e-06,0.07423339707949857,0.004470116675618363,25,10,0
43,3806,0.9284884674927499,1.8417270178856608e-06,0.06708656339752342,0.004423127382709204,25,10,0
43,3807,0.9258555690623581,1.8583158061963924e-06,0.06971673551807302,0.004425837103762936,25,10,0
43,3808,0.9260689292307486,1.8582417226643697e-06,0.06950337848139437,0.004425834046134753,25,10,0
43,3809,0.9315806063172031,1.8582483516814755e-06,0.06399285219018659,0.004424683244258869,25,10,0
43,3810,0.9330058872793222,1.8440674981343186e-06,0.0625750853291746,0.004417183324005285,25,10,0
43,3811,0.9339639637719889,1.8443908042010805e-06,0.06162011538859673,0.004414076448610408,25,10,0
43,3812,0.934452981388331,1.6272872847628147e-06,0.06113369549033479,0.0044116958340495544,25,10,0
43,3813,0.9326275849067457,7.960223697232082e-07,0.06296386882079986,0.0044077502500848124,25,10,0
43,3814,0.9324992426721728,7.995941647964184e-07,0.06309130801827566,0.004408649715386751,25,10,0
43,3815,0.9335953544808135,7.272415098291159e-07,0.061995245059670426,0.00440867321800637,25,10,0
43,3816,0.9338293828306535,4.5218308888277493e-07,0.06176151130867388,0.004408653677583817,25,10,0
43,3817,0.9011981106108129,5.240375443020292e-07,0.0637762685709644,0.03502509678067844,25,10,0
43,3818,0.9015744639746722,5.096452388712714e-07,0.06340150795338656,0.035023518426702385,25,10,0
43,3819,0.8939432266784074,8.092656344845241e-07,0.07103301582036506,0.03502294823559312,25,10,0
43,3820,0.8983768425042338,8.091114788577579e-07,0.07030929328858729,0.03131305509570043,25,10,0
43,3821,0.8991235431023444,8.095070555631956e-07,0.06956262345801553,0.031313023932584734,25,10,0
43,3822,0.899066888253581,8.096882008193816e-07,0.06961927779269747,0.03131302426552092,25,10,0
43,3823,0.8990559480250433,8.146995170091669e-07,0.06963023459719275,0.03131300267824727,25,10,0
43,3824,0.8994862005343114,8.143604535642965e-07,0.06920146519889414,0.03131151990634128,25,10,0
43,3825,0.9005496991463082,8.132780449960173e-07,0.06813813053922244,0.03131135703642468,25,10,0
43,3826,0.8972623890926321,9.262766995762103e-07,0.0713971323658075,0.031339552264861126,25,10,0
43,3827,0.8972922646925586,9.264664076250577e-07,0.07136725954290504,0.031339549298128884,25,10,0
43,3828,0.9007756591286465,9.264733385791224e-07,0.06788388591222257,0.03133952848579232,25,10,0
43,3829,0.8982924538965139,8.134317462495228e-07,0.07039538719849982,0.03131134547324002,25,10,0
43,3830,0.9337030620374115,8.217547201107708e-07,0.03567137581144269,0.030624740396425505,25,10,0
43,3831,0.9341432031692402,8.214225586838998e-07,0.035231277396205615,0.030624698011995494,25,10,0
43,3832,0.9303336643729062,8.258962192613155e-07,0.0390407869862442,0.030624722744630222,25,10,0
43,3833,0.8958609982234842,8.225365714370301e-07,0.07351441453072255,0.030623764709221825,25,10,0
43,3834,0.8957613561304152,8.237172236489285e-07,0.07361338495793737,0.030624435194423927,25,10,0
43,3835,0.8958273811095419,8.235186909073841e-07,0.07354736192594546,0.030624433445821907,25,10,0
43,3836,0.8959656196380721,8.223347705990793e-07,0.07340981991023807,0.030623738116919347,25,10,0
43,3837,0.8958304202354277,8.225078068998002e-07,0.07354492615089919,0.030623831105866396,25,10,0
43,3838,0.8959014505312236,8.225033858093284e-07,0.07347389546794787,0.03062383149744289,25,10,0
43,3839,0.8694537200977804,8.940564242479517e-07,0.0999215473318878,0.030623838513908326,25,10,0
43,3840,0.8753303576873971,8.950179884939111e-07,0.0940449149635743,0.03062383233104033,25,10,0
43,3841,0.8692337573441659,9.005073286267147e-07,0.10014148281891597,0.03062385932959013,25,10,0
43,3842,0.869238938675838,9.007168755500104e-07,0.10013625132860036,0.03062390927868655,25,10,0
43,3843,0.8689989489474276,8.975836843599735e-07,0.10037455753808125,0.030625595930807402,25,10,0
43,3844,0.8649061863471921,8.998632372474891e-07,0.10443383893192294,0.030659074857648756,25,10,0
43,3845,0.8993783111104883,8.994095945209413e-07,0.06996173083254828,0.03065905864736929,25,10,0
43,3846,0.8872623458639246,6.313328153129625e-06,0.08059796693010625,0.03213337387781603,25,10,0
43,3847,0.8906345407856852,6.317026101099722e-06,0.07725380044365109,0.03210534174456296,25,10,0
43,3848,0.8897016419732061,1.3434865833878893e-05,0.07817874672261581,0.032106176438344215,25,10,0
43,3849,0.853074746085472,1.3435328241029212e-05,0.11407112923233767,0.03284068935395023,25,10,0
43,3850,0.852450909548568,1.3433719958232053e-05,0.1146852540129856,0.032850402718489116,25,10,0
43,3851,0.8526914054644492,1.343352637300226e-05,0.11444476047211503,0.03285040053706367,25,10,0
43,3852,0.8578219301865125,8.120021128570712e-06,0.11079333045832415,0.03137661933403565,25,10,0
43,3853,0.8266899115773815,8.105393657760704e-06,0.14192786147179898,0.03137412155716247,25,10,0
43,3854,0.8224771960624209,8.210081514819301e-06,0.1461399480818754,0.03137464577418981,25,10,0
43,3855,0.8220965876585693,8.215247561966632e-06,0.14652059649611715,0.03137460059775254,25,10,0
43,3856,0.8515616908174154,8.217681183461e-06,0.11705568907970233,0.031374402421699754,25,10,0
43,3857,0.8512941432560832,8.21625104206171e-06,0.11732322548142914,0.03137441501144687,25,10,0
43,3858,0.8412887330218417,8.219903158398274e-06,0.1272725551971664,0.03143049187783452,25,10,0
43,3859,0.8412644847179779,8.220702159006339e-06,0.1272968455078776,0.03143044907198679,25,10,0
43,3860,0.8413986250279676,8.215747587101484e-06,0.1271627106767873,0.03143044854765909,25,10,0
43,3861,0.8429279878127552,8.205732242692491e-06,0.125633382055716,0.031430424399286894,25,10,0
43,3862,0.8796124199629811,8.20527008861692e-06,0.08968346321607766,0.030695911550853175,25,10,0
43,3863,0.8439612770236645,8.20651958969465e-06,0.12532781407445598,0.03070270238229097,25,10,0
43,3864,0.8436862769067065,7.97836978965608e-06,0.1255502901387996,0.030755454584704786,25,10,0
43,3865,0.837564302005267,8.237742216729372e-06,0.1316708541459894,0.03075660610652755,25,10,0
43,3866,0.839944938899769,7.978269662701132e-06,0.1292916515308778,0.03075543129969085,25,10,0
43,3867,0.8400120088430435,7.978999179134343e-06,0.12922452227090456,0.030755489886872756,25,10,0
43,3868,0.8339541281002357,7.982551893794887e-06,0.1352180027896217,0.03081988655824941,25,10,0
43,3869,0.8338505214362669,7.982324724391727e-06,0.13532161344525606,0.030819882793753046,25,10,0
43,3870,0.8325376028777077,7.989955088068858e-06,0.13663252452532929,0.030821882641874954,25,10,0
43,3871,0.8325929072196883,7.990107013491882e-06,0.13657728869034608,0.030821813982952216,25,10,0
43,3872,0.8406317369844752,7.886256553443947e-06,0.12853910779938846,0.030821268959582877,25,10,0
43,3873,0.8399695806727487,7.88526132512321e-06,0.12920127174693807,0.03082126231898822,25,10,0
43,3874,0.8435499427482226,7.935874020199203e-06,0.12487785266404218,0.03156426871371526,25,10,0
43,3875,0.8436419077545958,7.93634507022484e-06,0.12478588740307728,0.0315642684972569,25,10,0
43,3876,0.8436717955388451,7.936057031956872e-06,0.12475600272020858,0.031564265683914516,25,10,0
43,3877,0.843414436141859,7.93584133729136e-06,0.12501300476435223,0.03156462325245185,25,10,0
43,3878,0.845892078812027,7.88134851298428e-06,0.12334057605749757,0.030759463781963304,25,10,0
43,3879,0.8421094922062798,2.080185196562986e-05,0.12711213671246788,0.030757569229287154,25,10,0
43,3880,0.8417990811511487,2.080208515194892e-05,0.1274225454325777,0.03075757133112199,25,10,0
43,3881,0.851986212186468,2.0733117883862722e-05,0.1478518896956597,0.00014116499998837953,25,10,0
43,3882,0.8568529811484017,2.074306770972942e-05,0.1430389987072131,8.72770766752092e-05,25,10,0
43,3883,0.878417522401076,2.0740442041583314e-05,0.12146446999818811,9.726715869451669e-05,25,10,0
43,3884,0.88347319467458,2.0732641600368002e-05,0.11641080647001013,9.526621381006323e-05,25,10,0
43,3885,0.883401240143622,2.0732648422394392e-05,0.116482735617579,9.52915903770374e-05,25,10,0
43,3886,0.8504939509774833,1.3615976578974962e-05,0.14938468146417264,0.00010775158176453926,25,10,0
43,3887,0.8502129711224259,1.3616996655061426e-05,0.14966556665925146,0.00010784522166703184,25,10,0
43,3888,0.8502797287169295,1.3596373633708428e-05,0.149598807299396,0.00010786761004022187,25,10,0
43,3889,0.8506213035176323,1.3601768963908813e-05,0.14925722645814016,0.0001078682552629469,25,10,0
43,3890,0.8499676190701166,1.3899443371701146e-05,0.14991051664076746,0.00010796484574347346,25,10,0
43,3891,0.8498385614186293,1.4189846972520404e-05,0.1500416110209221,0.00010563771347542673,25,10,0
43,3892,0.8601411345997525,1.4186158346182643e-05,0.13979675829634847,4.792094555205593e-05,25,10,0
43,3893,0.8628365874030777,1.3683524257284372e-05,0.13710178597084033,4.7943101823227826e-05,25,10,0
43,3894,0.867129997017718,1.3684304364433078e-05,0.13280836258895118,4.7956088965258506e-05,25,10,0
43,3895,0.8669998339438443,1.3699086448353042e-05,0.13293848408985895,4.7982879847224756e-05,25,10,0
43,3896,0.8668246598029548,1.3712963299806374e-05,0.13311366225481133,4.7964978932868026e-05,25,10,0
43,3897,0.8729229247650396,1.37074755523159e-05,0.12701542980318897,4.793795621785221e-05,25,10,0
43,3898,0.8725561782592025,1.3694359799106102e-05,0.127381382176087,4.87452049099765e-05,25,10,0
43,3899,0.869499706876239,9.148619879107376e-05,0.13037509569108383,3.3711233884753845e-05,25,10,0
43,3900,0.8592996094992162,9.846882595516469e-05,0.14053263917861958,6.928249620762297e-05,25,10,0
43,3901,0.8604540749773665,9.84685717310401e-05,0.13938816301679238,5.929343410873626e-05,25,10,0
43,3902,0.8442340592790498,9.846832156220227e-05,0.1556081771896805,5.929520970636408e-05,25,10,0
43,3903,0.8443269848041257,9.846835820922363e-05,0.15551525101365493,5.929582400860772e-05,25,10,0
43,3904,0.8449765357152981,9.81706839429529e-05,0.15486609436801568,5.9199232741676226e-05,25,10,0
43,3905,0.8419508257607924,9.837879996732034e-05,0.1578886152557926,6.218018344574173e-05,25,10,0
43,3906,0.8416085455991643,9.838862423673951e-05,0.1582284315251281,6.463425146909149e-05,25,10,0
43,3907,0.8473368487702754,9.173597905393131e-05,0.15254202925182456,2.938599884427558e-05,25,10,0
43,3908,0.874802783247926,9.203623749039716e-05,0.12508255805338972,2.2622461192376546e-05,25,10,0
43,3909,0.8719378377165998,9.203245057113105e-05,0.12794752650557328,2.2603327254439514e-05,25,10,0
43,3910,0.837234650874056,9.205730178620242e-05,0.16265069375531652,2.259806883974201e-05,25,10,0
43,3911,0.8374432214238263,9.204603678600914e-05,0.16244122900521482,2.350353417131919e-05,25,10,0
43,3912,0.8534879825252262,9.204603578960382e-05,0.1463964133252476,2.355811373503726e-05,25,10,0
43,3913,0.8566266153867604,9.183779174611062e-05,0.1432596075294746,2.193929201740911e-05,25,10,0
43,3914,0.8905550195171957,9.18128806055368e-05,0.10933111224034843,2.2055361848978093e-05,25,10,0
43,3915,0.8896065443270047,9.152265975488158e-05,0.10999512834515976,0.00030680466807954377,25,10,0
43,3916,0.8905862866066727,9.152845204571668e-05,0.1092993507920395,2.2834149241043977e-05,25,10,0
43,3917,0.8986558296131594,9.122690030936936e-05,0.10123013157051043,2.2811916019665155e-05,25,10,0
43,3918,0.886477331053872,9.124171188583999e-05,0.1134084815193944,2.294571484670958e-05,25,10,0
43,3919,0.8758309341478026,9.126480860034612e-05,0.12405603418562074,2.176685797534821e-05,25,10,0
43,3920,0.8829715431469488,9.114577563663712e-05,0.1169160841304832,2.1226946930606928e-05,25,10,0
43,3921,0.8896792902753622,7.820853052273908e-05,0.11022241608452527,2.0085109589054792e-05,25,10,0
43,3922,0.9247909013966026,7.820726559104195e-05,0.07511091623317187,1.997510463443529e-05,25,10,0
43,3923,0.9348592755486398,7.821275555879724e-05,0.06503889182273105,2.3619873070576246e-05,25,10,0
43,3924,0.9231122180785963,7.82127897653093e-05,0.0767860032540413,2.3565877597182522e-05,25,10,0
43,3925,0.9176844258613862,7.821612662836521e-05,0.08221384014811127,2.3517863873822654e-05,25,10,0
43,3926,0.9220780019937207,4.1993153668724726e-07,0.07789818544900572,2.3392625736924318e-05,25,10,0
43,3927,0.9057940297754178,4.199419093698919e-07,0.09417889804952052,2.6652233151781832e-05,25,10,0
43,3928,0.9056406326069808,4.2504743640061284e-07,0.09433215293004799,2.6789415534419676e-05,25,10,0
43,3929,0.9057111189764171,4.2504730631375994e-07,0.0942616669456254,2.6789030650614127e-05,25,10,0
43,3930,0.9045346032170697,4.6665981643395805e-07,0.0954306530574465,3.427706566675717e-05,25,10,0
43,3931,0.9162390941744651,4.705497062299151e-07,0.08372626595107305,3.4169324755060664e-05,25,10,0
43,3932,0.8992913787596372,4.7067528471832033e-07,0.10048991259869026,0.00021823796638726348,25,10,0
43,3933,0.8932964869229005,4.708331565374182e-07,0.10648421519320042,0.0002188270507419682,25,10,0
43,3934,0.892976805913767,4.681910258201915e-07,0.1068045144466679,0.00021821144853874461,25,10,0
43,3935,0.8818896179904709,4.397483413085497e-07,0.11789555653416248,0.00021438572702445598,25,10,0
43,3936,0.8816642194800319,4.3994335811802733e-07,0.11812091791974558,0.0002144226568638442,25,10,0
43,3937,0.8810277937254419,4.4990215092047657e-07,0.11875733514375794,0.00021442122864860736,25,10,0
43,3938,0.880698670716243,4.5056418470629023e-07,0.11908635142396026,0.00021452729561148386,25,10,0
43,3939,0.8688959703632386,4.5835456163574095e-07,0.130888057843278,0.00021551343892108637,25,10,0
43,3940,0.8637114266311435,4.617724183322743e-07,0.13607103122643321,0.00021708037000443196,25,10,0
43,3941,0.8621764003157094,4.7539179465416785e-07,0.13760603569452903,0.00021708859796649283,25,10,0
43,3942,0.8581738399147647,7.279165534712507e-07,0.14160595301823137,0.00021947915044997224,25,10,0
43,3943,0.8601920579117155,6.862097159506429e-07,0.13959535422773867,0.00021190165082954335,25,10,0
43,3944,0.8599656028139344,6.864690293244029e-07,0.1398218319591797,0.00021187875785637272,25,10,0
43,3945,0.8475664556966536,1.4433725171102697e-06,0.15222030162834563,0.00021179930248340932,25,10,0
43,3946,0.8559711463556087,1.4378095411690957e-06,0.1437844715175283,0.00024294431732137397,25,10,0
43,3947,0.8721078930696449,1.4383669775587587e-06,0.12765088488194587,0.00023978368143135357,25,10,0
43,3948,0.871297524418006,1.43810933879504e-06,0.12845473390492265,0.000246303567732622,25,10,0
43,3949,0.8689374609975572,1.189038573063742e-06,0.13081740432735,0.0002439456365198726,25,10,0
43,3950,0.8685612831568481,1.1941775325164076e-06,0.13119355285867282,0.00024396980694663464,25,10,0
43,3951,0.8518043569180833,1.3205087951182949e-05,0.147936497189896,0.000245940804069737,25,10,0
43,3952,0.8512444793266196,1.3186361054101859e-05,0.14849641563448424,0.0002459186778422887,25,10,0
43,3953,0.8555900855525848,1.3037281021025593e-05,0.1441503826830302,0.0002464944833643457,25,10,0
43,3954,0.8613347082823125,1.3028862399459809e-05,0.13840568376813747,0.00024657908715082917,25,10,0
43,3955,0.8616620699119204,1.3023881729505158e-05,0.1380782819518727,0.0002466242544777208,25,10,0
43,3956,0.8542156213483777,1.357142065734973e-05,0.14552451553789855,0.00024629169306698395,25,10,0
43,3957,0.8640474534284422,1.5652733195603655e-05,0.13569042606396542,0.00024646777439742606,25,10,0
43,3958,0.8648578942039165,3.6415635747410575e-06,0.13489391256253097,0.00024455166997843495,25,10,0
43,3959,0.8511748859137493,4.119495911634163e-06,0.1485750270781071,0.0002459675122324298,25,10,0
43,3960,0.8572939586337156,3.571566891826532e-06,0.1423045485680558,0.0003979212313375785,25,10,0
43,3961,0.8233498594892568,3.5722388670600296e-06,0.17588578708902666,0.00076078118285005,25,10,0
43,3962,0.8288839611786214,3.563706361630562e-06,0.17035328342774358,0.000759191687273801,25,10,0
43,3963,0.8281906434576923,3.575697241571106e-06,0.1710427589057196,0.000763021939347009,25,10,0
43,3964,0.8310614725981107,3.578225584439384e-06,0.16817181970163933,0.0007631294746660187,25,10,0
43,3965,0.8473109687886385,3.578218763019641e-06,0.15192235680797617,0.0007630961846230869,25,10,0
43,3966,0.8596802317043408,2.8161870559613515e-06,0.1395539195176723,0.0007630325909316606,25,10,0
43,3967,0.8608749036225509,2.7889240442706762e-06,0.13836310269299928,0.0007592047604062073,25,10,0
43,3968,0.8722592319321959,3.264727933180249e-06,0.12734115132661084,0.00039635201326070177,25,10,0
43,3969,0.8687261499381826,3.392170578834419e-06,0.13083887094454927,0.00043158694669003894,25,10,0
43,3970,0.8682782800590804,3.389359246603008e-06,0.1312874863849141,0.00043084419675966113,25,10,0
43,3971,0.868795944935971,3.385768399942376e-06,0.13076996786495523,0.0004307014306746541,25,10,0
43,3972,0.8454509345321773,2.754779882159517e-05,0.15397549206787695,0.0005460256011247339,25,10,0
43,3973,0.8239767171995809,2.7958946810820148e-05,0.1756332507871392,0.0003620730664684306,25,10,0
43,3974,0.8577674783444184,2.795759648329607e-05,0.14185578693355275,0.0003487771255452858,25,10,0
43,3975,0.8613098885742742,2.7829771699490582e-05,0.1383488138631995,0.0003134677908264991,25,10,0
43,3976,0.8629421060907363,2.7829032834365297e-05,0.13686860804091117,0.00016145683551784318,25,10,0
43,3977,0.8630072166363918,2.78287930420147e-05,0.1368035568334135,0.00016139773715252947,25,10,0
43,3978,0.8429036434094912,2.7833524184442264e-05,0.15693920842105158,0.00012931464527291315,25,10,0
43,3979,0.8426731308569004,2.7833930121158817e-05,0.157169633788284,0.00012940142469449034,25,10,0
43,3980,0.8428730958986631,2.7833933519278558e-05,0.15696966743961852,0.0001294027281992202,25,10,0
43,3981,0.844945945738866,2.7819456925163893e-05,0.15489698330205395,0.00012925150215516973,25,10,0
43,3982,0.8067284018949299,2.786621844268717e-05,0.1931142887595593,0.00012944312706780607,25,10,0
43,3983,0.8060007382434715,2.786601982119791e-05,0.19384198182166568,0.00012941391504133908,25,10,0
43,3984,0.7962784151672193,2.7889898124188393e-05,0.20347829673877807,0.00021539819587822578,25,10,0
43,3985,0.7963084536693649,2.7889513571124924e-05,0.20344826138920524,0.00021539542785877327,25,10,0
43,3986,0.7964097893466774,2.788959462049974e-05,0.2033469488429011,0.00021537221580098583,25,10,0
43,3987,0.7969404708851221,2.7889950589667003e-05,0.20281617590112183,0.00021546326316625815,25,10,0
43,3988,0.7975382806115776,2.7709052809166465e-05,0.202219473578614,0.00021453675699943545,25,10,0
43,3989,0.7978130203386345,2.7709046822801064e-05,0.201944732223089,0.00021453839145386136,25,10,0
43,3990,0.797451414451689,2.770972889180322e-05,0.2023062844501674,0.00021459136925200444,25,10,0
43,3991,0.8182872946290854,4.515820463042614e-05,0.18136689767016467,0.0003006494961191503,25,10,0
43,3992,0.8403944655705302,4.468271883060147e-05,0.1592602726039604,0.0003005791066787043,25,10,0
43,3993,0.8406211434965237,4.468286486114789e-05,0.1589572753134601,0.000376898325154943,25,10,0
43,3994,0.8449088270236436,4.468068919707935e-05,0.1546689559874491,0.00037753629971032653,25,10,0
43,3995,0.8453975095543415,4.467953793997416e-05,0.15418028241671838,0.0003775284910002863,25,10,0
43,3996,0.8457656219376818,4.467906873583765e-05,0.1538121871155098,0.00037751187807257404,25,10,0
43,3997,0.8459773637627827,4.467882219028216e-05,0.15360046766355423,0.00037748975147298156,25,10,0
43,3998,0.8459776235421386,4.467880865334314e-05,0.15360020768354657,0.0003774899656616595,25,10,0
43,3999,0.8201676763858646,4.5989916519170395e-05,0.1794088428015675,0.00037749089604984974,25,10,0
43,4000,0.8191914751985014,4.598992267297453e-05,0.18038485420549338,0.000377680673333145,25,10,0
43,4001,0.8100186304994851,5.068059206065453e-05,0.18953006611193982,0.00040062279651428633,25,10,0
43,4002,0.8181234041030035,4.601005579473246e-05,0.18144810023049454,0.00038248561070811684,25,10,0
43,4003,0.8186090563542119,4.601520824142144e-05,0.1809624161410503,0.00038251229649730067,25,10,0
43,4004,0.8184342524973366,4.601533475956466e-05,0.18113724056110808,0.00038249160679631946,25,10,0
43,4005,0.8184281073972788,4.601527030558313e-05,0.18114335496673303,0.0003825223656829857,25,10,0
43,4006,0.8180539538937575,4.6015539481603025e-05,0.18151996203317775,0.00038006853358372664,25,10,0
43,4007,0.8178529112101154,4.601554739517687e-05,0.18172097877775656,0.0003800944647332709,25,10,0
43,4008,0.8006009188556672,7.788709677238016e-05,0.19878987593872274,0.0005313181088380389,25,10,0
43,4009,0.8237469491435206,7.788013497268007e-05,0.17564387723028088,0.0005312934912259479,25,10,0
43,4010,0.817930564985966,7.78805081658449e-05,0.1814602254338772,0.000531329071991067,25,10,0
43,4011,0.8139229729645612,7.787101573707516e-05,0.18547255623558684,0.0005265997841150098,25,10,0
43,4012,0.7976977292300473,7.787103052016593e-05,0.20169780006187654,0.0005265996775555694,25,10,0
43,4013,0.8010201074839886,7.787723763308358e-05,0.19837595612290587,0.0005260591554726283,25,10,0
43,4014,0.803017556803601,7.787596104947243e-05,0.1963791521597787,0.000525415075570832,25,10,0
43,4015,0.8064471957882394,7.788724611820987e-05,0.19287819524482533,0.0005967217208170981,25,10,0
43,4016,0.8197920962203394,4.602515076030717e-05,0.1797151090900735,0.00044676953882708063,25,10,0
43,4017,0.8574404864837379,4.471396066150634e-05,0.14206764834990412,0.0004471512056965107,25,10,0
43,4018,0.8582814895710108,4.470386814962177e-05,0.1412267336350816,0.0004470729257580169,25,10,0
43,4019,0.859257727528951,4.470387504918272e-05,0.14025068259389964,0.0004468860021002232,25,10,0
43,4020,0.8628283371872904,4.4694907667420224e-05,0.13668131065060385,0.0004456572544383713,25,10,0
43,4021,0.8620726164338377,4.470193554097074e-05,0.13743699103694038,0.00044569059368090977,25,10,0
43,4022,0.8626601673178562,4.47012319180631e-05,0.13684962866304157,0.00044550278718422836,25,10,0
43,4023,0.8577587785363151,4.786128042084198e-05,0.14174742638374024,0.00044593379952401695,25,10,0
43,4024,0.8585237519296091,4.83942755203145e-05,0.1409884863809596,0.00043936741391139596,25,10,0
43,4025,0.8580081139278621,4.839425674420139e-05,0.1415041263436542,0.00043936547173979956,25,10,0
43,4026,0.8668647386794729,4.83904603528604e-05,0.13273349248923055,0.00035337837094393193,25,10,0
43,4027,0.8569424905555819,4.8396244948796674e-05,0.1426112365238657,0.0003978766756039789,25,10,0
43,4028,0.856537571154519,4.839611752324404e-05,0.14301615976992096,0.0003978729580373114,25,10,0
43,4029,0.8219339198051805,4.8463367986346364e-05,0.177619661350132,0.00039795547670161034,25,10,0
43,4030,0.835527464733547,4.79845017924393e-05,0.1640288466050643,0.0003957041595965715,25,10,0
43,4031,0.835668312589422,4.7984232587113564e-05,0.16388811997290736,0.00039558320508378467,25,10,0
43,4032,0.8217387448876654,4.5903096607168395e-05,0.17781989190003233,0.0003954601156948357,25,10,0
43,4033,0.8218389618557981,4.59034724469063e-05,0.17771962360522509,0.0003955110665297202,25,10,0
43,4034,0.8362603826346721,2.1807220040244922e-05,0.16341782011769573,0.0002999900275913851,25,10,0
43,4035,0.8359907251105096,2.1817599382910304e-05,0.1636848777447762,0.00030257954533078496,25,10,0
43,4036,0.8202298325462501,2.1822528083491312e-05,0.1794457991109557,0.0003025458147100301,25,10,0
43,4037,0.8358530351348155,2.182224782925836e-05,0.16382261784043312,0.00030252477692163817,25,10,0
43,4038,0.8366491095299239,2.1807274435939177e-05,0.16302653428700953,0.0003025489086301192,25,10,0
43,4039,0.8531693793545522,2.180726907358748e-05,0.14650626512907297,0.00030254824730119317,25,10,0
43,4040,0.8620507577600586,2.181121443637637e-05,0.13766664004480242,0.0002607909807022309,25,10,0
43,4041,0.8622490988519879,2.1810716230796198e-05,0.13754471232595658,0.0001843781058240393,25,10,0
43,4042,0.8606731441630138,2.1763783422983056e-05,0.13912093019573596,0.00018416185782660512,25,10,0
43,4043,0.865594701718498,1.860368656271187e-05,0.13420333172961704,0.0001833628653214837,25,10,0
43,4044,0.8558575782647999,1.8605887196675618e-05,0.1439404386091345,0.00018337723886813792,25,10,0
43,4045,0.8609438612204816,1.859523757297096e-05,0.13885424233308613,0.00018330120885837252,25,10,0
43,4046,0.8518533768761678,1.8584532204669078e-05,0.14801603782829156,0.00011200076333551639,25,10,0
43,4047,0.8514927937880085,1.858952157828767e-05,0.14837659216327448,0.00011202452713864481,25,10,0
43,4048,0.8518587731634618,1.858455390882609e-05,0.14801059241773717,0.00011204986489177362,25,10,0
43,4049,0.8518549502457233,1.8584325299574834e-05,0.1480144521420976,0.00011201328687923907,25,10,0
43,4050,0.8518868712346219,1.8583853557627398e-05,0.14798258314903612,0.00011196176278413153,25,10,0
43,4051,0.843983717916658,1.8055726715089177e-05,0.1558862356626992,0.00011199069392757927,25,10,0
43,4052,0.8199358036130734,4.3334598778320724e-05,0.17990675480559287,0.00011410698255575988,25,10,0
43,4053,0.819462350653982,4.33348783296144e-05,0.1803799842626379,0.00011433020505153077,25,10,0
43,4054,0.8412132839989713,7.303010879451329e-05,0.15859666001747624,0.00011702587475821631,25,10,0
43,4055,0.8222287353268933,7.307237083552123e-05,0.17725742971767272,0.0004407625845990786,25,10,0
43,4056,0.8222153621487273,7.306739227559086e-05,0.17727078739099833,0.00044078306799961596,25,10,0
43,4057,0.8310869515621606,7.299741384232916e-05,0.16841918715742196,0.00042086386657591747,25,10,0
43,4058,0.8582127388328452,7.302629748285626e-05,0.14129324068684107,0.00042099418283140177,25,10,0
43,4059,0.8428391128350883,7.301638481862447e-05,0.15666946649366056,0.00041840428643317675,25,10,0
43,4060,0.8474729478130386,7.594571796838467e-05,0.1519750964817932,0.0004760099872003628,25,10,0
43,4061,0.8328019432460416,7.594612064110523e-05,0.16664181616635726,0.0004802944669600556,25,10,0
43,4062,0.8412357692415173,7.594555698814124e-05,0.1581691319755775,0.0005191532259173745,25,10,0
43,4063,0.8417383037649948,7.594050428498734e-05,0.15770551206246847,0.0004802436682520955,25,10,0
43,4064,0.8440497108956617,7.632323316770763e-05,0.15539368318324212,0.0004802826879283318,25,10,0
43,4065,0.8441325412956975,7.6323120362193e-05,0.15531086747313885,0.00048026811080150144,25,10,0
43,4066,0.8446213402459154,7.632284418640324e-05,0.15482229115193036,0.0004800457579679184,25,10,0
43,4067,0.8558233711600838,7.632274779868786e-05,0.14362032348087037,0.00047998261124735335,25,10,0
43,4068,0.855793957926319,7.632233870260286e-05,0.14364957289541685,0.0004801468395616602,25,10,0
43,4069,0.8325878635908828,9.971198542236019e-05,0.16683234722932092,0.000480077194373699,25,10,0
43,4070,0.8329397789248659,9.97120029571303e-05,0.16648045300228845,0.0004800560698881464,25,10,0
43,4071,0.8358167366987775,4.473789665233683e-05,0.16366328135963218,0.0004752440449377325,25,10,0
43,4072,0.8354682948790022,4.474052818641637e-05,0.16401034056338176,0.00047662402942966767,25,10,0
43,4073,0.7982582237125196,4.475436443761109e-05,0.20101336738143963,0.0006836545416027454,25,10,0
43,4074,0.7857708305050665,4.476776510525738e-05,0.21350068320872237,0.0006837185211056578,25,10,0
43,4075,0.7493750313102788,4.6192124125255444e-05,0.2498882720082705,0.0006905045573261563,25,10,0
43,4076,0.7504162103927787,4.6285317957943274e-05,0.2473576847152466,0.0021798195740170595,25,10,0
43,4077,0.7506691940079128,4.7346558201742184e-05,0.24711042157934845,0.0021730378545373164,25,10,0
43,4078,0.7447659875876537,4.735110604284217e-05,0.25301250156298005,0.0021741597433241073,25,10,0
43,4079,0.7568506464591951,4.733203787369488e-05,0.2409278978909659,0.0021741236119659168,25,10,0
43,4080,0.7427051978776292,4.733542983126361e-05,0.25497375087981733,0.002273715812722531,25,10,0
43,4081,0.7596639592703194,2.947931145365945e-05,0.23811899946402054,0.002187561954206907,25,10,0
43,4082,0.7598122908505194,2.947677796284825e-05,0.23797089810043193,0.002187334271086647,25,10,0
43,4083,0.7669299594021065,2.9481906391045435e-05,0.23085676100715896,0.002183797684344335,25,10,0
43,4084,0.7654138703469273,2.9469552218169184e-05,0.23256852472330058,0.0019881353775547954,25,10,0
43,4085,0.765056464260021,2.9469719980088588e-05,0.23292457335054997,0.001989492669449846,25,10,0
43,4086,0.7561927238453207,2.9792738712160586e-05,0.24327530509165965,0.0005021783243084306,25,10,0
43,4087,0.7615595027127706,2.685536582218001e-05,0.2379690618410436,0.00044458008036427776,25,10,0
43,4088,0.7645697097505506,2.7443675646669524e-05,0.23528189722345355,0.00012094935035014829,25,10,0
43,4089,0.7622282227871348,2.7442400565267742e-05,0.23762285358846966,0.00012148122383102278,25,10,0
43,4090,0.7757858545165476,2.745385297670319e-05,0.22416453562547997,2.2156004996591637e-05,25,10,0
43,4091,0.7823262713476976,2.74498574971974e-05,0.21762413072152778,2.2148073277837932e-05,25,10,0
43,4092,0.7817276381157895,2.745098963202391e-05,0.21822229659774692,2.261429683179801e-05,25,10,0
43,4093,0.7717434464942536,2.7467325588974028e-05,0.22820779732883306,2.128885132489447e-05,25,10,0
43,4094,0.7716923095129343,2.7468034445559806e-05,0.2282588320281173,2.139042450361521e-05,25,10,0
43,4095,0.7707351096136297,2.7823855499414468e-05,0.22921550518837708,2.1561342494693887e-05,25,10,0
43,4096,0.7716603661447827,2.7822597058368002e-05,0.2282907503505196,2.1060907640089692e-05,25,10,0
43,4097,0.8075621050581755,2.5336994749711045e-05,0.19239150052661394,2.105742046095272e-05,25,10,0
43,4098,0.7953818231702111,2.5642258152724857e-05,0.20456999812089763,2.2536450739702573e-05,25,10,0
43,4099,0.8028526253665236,2.5252671465640334e-05,0.19702169807781147,0.00010042388419945134,25,10,0
43,4100,0.8188257668337511,2.526772861654646e-05,0.18104853777672592,0.00010042766090674142,25,10,0
43,4101,0.8395795736549004,2.5194378349193578e-05,0.16029493450298118,0.00010029746376898485,25,10,0
43,4102,0.8380707896251216,2.521226666367915e-05,0.16179038423907538,0.00011361386913952944,25,10,0
43,4103,0.8384381984603769,2.521204178576318e-05,0.1614228442845854,0.00011374521325229312,25,10,0
43,4104,0.8616378793630592,1.8222946072516644e-06,0.13824665192292898,0.00011364641940459995,25,10,0
43,4105,0.8617957042250776,1.821917962310894e-06,0.13816674527836265,3.572857859772684e-05,25,10,0
43,4106,0.8710439318933288,2.0479458081211283e-06,0.12885575268607,9.826747479354815e-05,25,10,0
43,4107,0.87080837081203,2.0481440142743715e-06,0.1290912886997277,9.829234422838453e-05,25,10,0
43,4108,0.8659319875985041,2.061789020711924e-06,0.1339676813683368,9.826924413845453e-05,25,10,0
43,4109,0.8698690407512754,1.7036262456780445e-06,0.13003165907919217,9.759654328718716e-05,25,10,0
43,4110,0.8696039383955828,1.7038310237442915e-06,0.13029678352776675,9.757424562734001e-05,25,10,0
43,4111,0.8703439282437627,1.7064556190129093e-06,0.12955788089448306,9.648440613557853e-05,25,10,0
43,4112,0.8702547653553147,1.7057611659609098e-06,0.1296471187122475,9.641017127211023e-05,25,10,0
43,4113,0.8703872103975578,1.7056586030734199e-06,0.12951467468274397,9.640926109516675e-05,25,10,0
43,4114,0.8634423902212702,1.7099817260325296e-06,0.13645949090045806,9.64088965458254e-05,25,10,0
43,4115,0.8483334461923557,2.0156162614245065e-06,0.15148529310178516,0.0001792450895973372,25,10,0
43,4116,0.8554107787156832,2.012769120274771e-06,0.14437036546024815,0.00021684305494775241,25,10,0
43,4117,0.8557429296281022,1.9979609238891855e-06,0.1440384921632768,0.00021658024769647026,25,10,0
43,4118,0.8651671979332884,1.7053187607038326e-06,0.13458033812628156,0.0002507586216686801,25,10,0
43,4119,0.869419348890982,1.692895427780583e-06,0.13032816821766557,0.00025078999592402745,25,10,0
43,4120,0.8604161041114946,1.7864573596213401e-06,0.13779136946107445,0.0017907399700706464,25,10,0
43,4121,0.8601240038211307,1.7882291557116024e-06,0.1380834978245724,0.0017907101251404443,25,10,0
43,4122,0.8803110909690556,1.3587156011935737e-06,0.11789890309360844,0.0017886472217345537,25,10,0
43,4123,0.8802151099596235,1.3621983650752474e-06,0.11799351486850504,0.0017900129735061662,25,10,0
43,4124,0.8670920530156303,1.3681091195714883e-06,0.1311159827899834,0.0017905960852663521,25,10,0
43,4125,0.8494027799201033,1.3684933976348092e-06,0.14880527706891292,0.0017905745175857038,25,10,0
43,4126,0.8642795456635237,1.0545304361384188e-06,0.13401378518002688,0.0017056146260128597,25,10,0
43,4127,0.8816253882065623,1.0569576465339443e-06,0.11666718418326011,0.0017063706525307424,25,10,0
43,4128,0.8770909479786312,1.057199878964309e-06,0.12118039079100963,0.0017276040304796234,25,10,0
43,4129,0.8704259890168072,1.2446468989088437e-06,0.1278440877693793,0.0017286785669140903,25,10,0
43,4130,0.869233795854377,1.2449610089807885e-06,0.12903628566423037,0.0017286735203829978,25,10,0
43,4131,0.8785282349077198,1.1377195166573327e-06,0.12128188522499522,0.00018874214776778728,25,10,0
43,4132,0.8799873902151951,1.1424412724402516e-06,0.11982267358560722,0.00018879375792478143,25,10,0
43,4133,0.8928273695504306,1.4924108810151317e-06,0.10688731323500927,0.00028382480367871875,25,10,0
43,4134,0.8966953886925834,1.496109151904547e-06,0.10302296350072765,0.00028015169753680953,25,10,0
43,4135,0.8866176978911011,1.4962339460923874e-06,0.11310063311199575,0.00028017276295698776,25,10,0
43,4136,0.8886091609343137,1.491101962809868e-06,0.11112737264965929,0.00026197531406404594,25,10,0
43,4137,0.8887083928989449,1.4986583915713958e-06,0.11106647206425453,0.00022363637840883366,25,10,0
43,4138,0.8569133662858687,1.4992725902306512e-06,0.14284936601693476,0.00023576842460601064,25,10,0
43,4139,0.8559857526222335,1.5178331948188776e-06,0.14377683641940447,0.00023589312516697166,25,10,0
43,4140,0.862032952166441,1.5285233913003559e-06,0.1377282426372618,0.00023727667290585836,25,10,0
43,4141,0.8459511485964668,1.5281674525414911e-06,0.15381004721803807,0.00023727601804254334,25,10,0
43,4142,0.8461247436801316,1.5190494746764967e-06,0.15363656470324377,0.0002371725671499466,25,10,0
43,4143,0.8397859491204787,1.5165543011478716e-06,0.15997441436628168,0.00023811995893855683,25,10,0
43,4144,0.8375702453847638,1.5190675240688737e-06,0.16218943565798793,0.0002387998897245087,25,10,0
43,4145,0.837919930801258,1.163261764178278e-06,0.16193689776841805,0.00014200816855996847,25,10,0
43,4146,0.840766984603416,1.1848922269134128e-06,0.1588741910181939,0.0003576394861623759,25,10,0
43,4147,0.830688745386405,1.7788467505867266e-06,0.16889503850536547,0.0004144372614785465,25,10,0
43,4148,0.8301902061471769,1.7793980586779838e-06,0.1693921566808746,0.00041585777388949773,25,10,0
43,4149,0.8363952509802595,2.060052084759371e-06,0.16318780306905933,0.0004148858985959364,25,10,0
43,4150,0.8371313422001532,2.042378588336422e-06,0.1624648571041679,0.0004017583170900518,25,10,0
43,4151,0.8316389090962264,1.2000176237617844e-05,0.16794822801161843,0.0004008627159173159,25,10,0
43,4152,0.8389190951225178,1.1773886308974611e-05,0.16073080800900608,0.0003383229821667337,25,10,0
43,4153,0.8408072646469367,1.1759303876624329e-05,0.1590566830723414,0.00012429297684455945,25,10,0
43,4154,0.8349447150985148,1.2365009490186327e-05,0.16491818277714432,0.00012473711485017823,25,10,0
43,4155,0.8298363438796982,1.2429714202388223e-05,0.17008330018513249,6.792622096633868e-05,25,10,0
43,4156,0.8300777592670872,1.2429721917746847e-05,0.16984188645783632,6.792455315816636e-05,25,10,0
43,4157,0.8463015999513068,1.2429933264824823e-05,0.15361801091453559,6.795920089199394e-05,25,10,0
43,4158,0.8847135750852972,1.243885522677337e-05,0.11521736711909002,5.661894038542077e-05,25,10,0
43,4159,0.8677446729165993,1.2449717269171323e-05,0.13022242578022897,0.0020204515859017073,25,10,0
43,4160,0.8677416833514429,1.2488411895123796e-05,0.13022528778762738,0.002020540449033771,25,10,0
43,4161,0.8679249270131796,1.2484196532127113e-05,0.1300419160878391,0.002020672702448377,25,10,0
43,4162,0.8635437835864462,1.2813265847650222e-05,0.13442209476283964,0.002021308384865744,25,10,0
43,4163,0.8640409922480987,1.2813971976010881e-05,0.13588876867468558,5.742510523899162e-05,25,10,0
43,4164,0.8639375698216315,1.281376190973929e-05,0.13599219755789446,5.7418858563793124e-05,25,10,0
43,4165,0.8951810333455239,1.2831069804193919e-05,0.10475595250785796,5.018307681393316e-05,25,10,0
43,4166,0.8951794786108114,1.2831076203862215e-05,0.10475750600474468,5.018430824001664e-05,25,10,0
43,4167,0.8970051514069179,1.7378732477054415e-05,0.10287927070930314,9.819915130182235e-05,25,10,0
43,4168,0.8970529096848611,1.7364503412879574e-05,0.10283312958606194,9.659622566398039e-05,25,10,0
43,4169,0.9126385244257371,1.6743630349078614e-05,0.0872482390093317,9.649293458210459e-05,25,10,0
43,4170,0.9128631257288817,1.673760494130461e-05,0.08702378460668214,9.635205949463658e-05,25,10,0
43,4171,0.9146180142822289,1.673568751695516e-05,0.08526949266848574,9.575736176814306e-05,25,10,0
43,4172,0.9072609710701894,1.6735683124904796e-05,0.09262583543744735,9.64578092378993e-05,25,10,0
43,4173,0.9074226629103673,1.6740860054582442e-05,0.09246550740083888,9.508882873904106e-05,25,10,0
43,4174,0.9059706634824565,1.6702197240774214e-05,0.09391756103374707,9.507328655512909e-05,25,10,0
43,4175,0.9062404998377596,1.6692605668555018e-05,0.09364773476886677,9.507278770459009e-05,25,10,0
43,4176,0.914224405453319,1.6826002170428494e-05,0.08566293121264418,9.583733186602805e-05,25,10,0
43,4177,0.9193911194405391,1.6496889161550272e-05,0.08049736863286362,9.501503743584578e-05,25,10,0
43,4178,0.9134350611581097,1.6501253130768635e-05,0.08645108997537405,9.734761338521545e-05,25,10,0
43,4179,0.9157144284521539,1.6311000765393693e-05,0.08417373067437652,9.55298727039201e-05,25,10,0
43,4180,0.899380540841635,4.918533459253297e-05,0.10047473529713874,9.553852663366317e-05,25,10,0
43,4181,0.915304318246508,1.685324630716346e-05,0.08444743895042552,0.00023138955675896684,25,10,0
43,4182,0.9121708283891513,1.7130971224707158e-05,0.08754867294145173,0.00026336769817195225,25,10,0
43,4183,0.9240206155110685,6.56268622903148e-06,0.07571033407523527,0.00026248772746716674,25,10,0
43,4184,0.9239365186956006,6.567300628455868e-06,0.07579313591825083,0.00026377808552014223,25,10,0
43,4185,0.9149980242270165,6.514554676711745e-06,0.08400395891970978,0.0009915022985966912,25,10,0
43,4186,0.915463950122601,6.007649011862087e-06,0.08366941668851807,0.0008606255398688249,25,10,0
43,4187,0.9154686244700252,6.0076477882675404e-06,0.08366474145025694,0.0008606264319293363,25,10,0
43,4188,0.9203169030220121,6.007629458023384e-06,0.07881646962778084,0.0008606197207491171,25,10,0
43,4189,0.9200604301765882,6.007626242180158e-06,0.0790729209361409,0.0008606412610287766,25,10,0
43,4190,0.9200486019603211,6.0865935944466385e-06,0.07908396059835092,0.0008613508477336223,25,10,0
43,4191,0.9196538797474504,6.068463072261132e-06,0.07948362072101213,0.0008564310684653399,25,10,0
43,4192,0.9194637282818101,6.072062796177172e-06,0.07967344384894623,0.0008567558064475825,25,10,0
43,4193,0.9200066461353599,6.193666201759129e-06,0.0791304071503845,0.0008567530480537347,25,10,0
43,4194,0.9198383375837502,6.191815788500935e-06,0.07929874117419593,0.0008567294262653796,25,10,0
43,4195,0.9138017388326283,6.687314617067627e-06,0.08533475788188408,0.0008568159708703167,25,10,0
43,4196,0.9142543163141512,6.676924318864853e-06,0.08488221708030358,0.0008567896812260117,25,10,0
43,4197,0.9282947922318104,6.020530303635081e-06,0.07062379055536226,0.0010753966825238848,25,10,0
43,4198,0.9218910290219396,6.020599476579747e-06,0.07702755348356825,0.0010753968950155796,25,10,0
43,4199,0.9368418353539762,5.906357759424944e-06,0.062071543888891946,0.001080714399372408,25,10,0
43,4200,0.9371709665467296,5.905107775828255e-06,0.06174244879460084,0.0010806795508935365,25,10,0
43,4201,0.9383005634210597,5.886015201516761e-06,0.060618167177000755,0.0010753833867376023,25,10,0
43,4202,0.937889380444213,6.174163807046772e-06,0.061029064991307024,0.0010753804006726874,25,10,0
43,4203,0.9395155864167571,6.174007334422953e-06,0.0594384504664915,0.00103978910941672,25,10,0
43,4204,0.9395961598007798,6.174000165925705e-06,0.05935785374281275,0.0010398124562417752,25,10,0
43,4205,0.9268842193334612,1.2990376719143267e-05,0.07112050400387247,0.001982286285947289,25,10,0
43,4206,0.9231569128313363,1.2912835006498005e-05,0.07484792790549051,0.00198224642816658,25,10,0
43,4207,0.9249443285141616,1.2877675416764205e-05,0.07305819348850769,0.0019846003219138116,25,10,0
43,4208,0.9323402863429918,8.341612906303288e-06,0.06567205904941424,0.00197931299468765,25,10,0
43,4209,0.9320754866094343,8.341512572954188e-06,0.06593688443559592,0.00197928744239669,25,10,0
43,4210,0.9381182019838324,7.846011802361276e-06,0.059894751129465636,0.0019792008748995113,25,10,0
43,4211,0.9384718005440953,7.846114813631768e-06,0.05954118187256957,0.001979171468521251,25,10,0
43,4212,0.9458657290538568,7.84609653766956e-06,0.052147928849599394,0.001978496000005946,25,10,0
43,4213,0.9469720622159818,7.833715976243085e-06,0.05104165133535628,0.001978452732685606,25,10,0
43,4214,0.9488326677244775,7.833854818423953e-06,0.04918336067979992,0.001976137740903807,25,10,0
43,4215,0.946794724729276,7.84837042982039e-06,0.05122103732030167,0.001976389579992161,25,10,0
43,4216,0.9469859802732504,7.848185751707208e-06,0.05102984093653174,0.0019763306044656742,25,10,0
43,4217,0.9243330836734888,8.275076136461945e-06,0.07356857021863142,0.0020900710317430706,25,10,0
43,4218,0.92433572227073,8.274892138515797e-06,0.07356593455498499,0.0020900682821462855,25,10,0
43,4219,0.9241171568817467,8.087945101205805e-06,0.07381690986201728,0.002057845311134556,25,10,0
43,4220,0.9214694272833848,8.53688158159897e-06,0.07634642239017743,0.0021756134448559666,25,10,0
43,4221,0.9278745534824864,8.540784951223901e-06,0.06994025249964236,0.00217665323291976,25,10,0
43,4222,0.9415900584971147,1.7243820868320392e-06,0.05717404188829453,0.0012341752325036588,25,10,0
43,4223,0.9456697428280119,1.7197778760690703e-06,0.053094429481409466,0.0012341079127022804,25,10,0
43,4224,0.938109876215336,1.7191571813120128e-06,0.06066167276543454,0.0012267318620481616,25,10,0
43,4225,0.9000942242074723,1.7691880136073798e-06,0.0986770563039577,0.0012269503005557334,25,10,0
43,4226,0.9378368022569054,1.719169646864129e-06,0.060934745487458516,0.0012267330859890245,25,10,0
43,4227,0.9600346102386632,1.2870999685168703e-06,0.038852483575446926,0.0011116190859209736,25,10,0
43,4228,0.960369139806767,1.272922550727297e-06,0.038510903734784496,0.0011186835358975664,25,10,0
43,4229,0.9603816721874519,1.2728100221692305e-06,0.038498374817967564,0.0011186801845581352,25,10,0
43,4230,0.9612881119745615,1.2610079034068787e-06,0.0376346967123967,0.0010759303051381638,25,10,0
43,4231,0.9705388339669051,1.030852745650073e-06,0.0291104300069091,0.0003497051734400201,25,10,0
43,4232,0.9372577393807588,1.7354903828343918e-06,0.062390678555764224,0.00034984657309438424,25,10,0
43,4233,0.9251742554275786,2.5065641910713347e-06,0.07447338534275787,0.0003498526654723483,25,10,0
43,4234,0.9251375850785126,2.506766829332611e-06,0.07451003140641829,0.0003498767482394259,25,10,0
43,4235,0.9574870084523713,1.5138071304792661e-06,0.04216169798273607,0.0003497797577619575,25,10,0
43,4236,0.9573623280774025,1.5287411338117997e-06,0.042287734625776785,0.00034840855568673917,25,10,0
43,4237,0.9570721490459232,1.5601025351384872e-06,0.042577877921867936,0.00034841292967372514,25,10,0
43,4238,0.9573600073274793,1.5287446232833355e-06,0.04229005530408602,0.00034840862381150124,25,10,0
43,4239,0.9689940871221562,7.576675324984742e-07,0.03065665668390254,0.00034849852640861796,25,10,0
43,4240,0.9699706426845001,7.576437008255348e-07,0.029680102200948667,0.0003484974708502796,25,10,0
43,4241,0.9738971632276104,6.52559658932547e-07,0.025754770271524507,0.00034741394120584154,25,10,0
43,4242,0.9624808165634917,6.595108135081907e-07,0.03716926170455741,0.0003492622211374513,25,10,0
43,4243,0.9627105648162771,6.596278035263509e-07,0.036939532121258424,0.0003492434346609816,25,10,0
43,4244,0.9665237789737077,6.576406157861254e-07,0.03312636692862286,0.00034919645705362983,25,10,0
43,4245,0.9576914356579546,6.571084224332305e-07,0.041966081831901626,0.000341825401721201,25,10,0
43,4246,0.9566896636318593,1.6272289238807373e-06,0.04296226739185423,0.00034644174736272006,25,10,0
43,4247,0.9564007787585314,2.029869294252773e-06,0.0432507347634091,0.00034645660876549475,25,10,0
43,4248,0.9578843999020341,1.598634899663399e-06,0.04188521783724095,0.00022878362582530334,25,10,0
43,4249,0.9585143147935539,1.3457419330717052e-06,0.041256768431118564,0.0002275710333945987,25,10,0
43,4250,0.9549621435784269,1.3479137840970313e-06,0.044808841520004375,0.0002276669877850414,25,10,0
43,4251,0.9406280773773876,8.438728026017274e-06,0.059102200612859306,0.0002612832817270695,25,10,0
43,4252,0.9401695596747334,8.439750321306283e-06,0.05956045547006078,0.00026154510488462585,25,10,0
43,4253,0.9511420660987596,1.367108506396802e-06,0.04838362417185805,0.0004729426208764095,25,10,0
43,4254,0.9513140951618871,1.3718011664216593e-06,0.04821184794929571,0.00047268508765132286,25,10,0
43,4255,0.951081612025981,1.3847936572885825e-06,0.048444990596942655,0.00047201258341949263,25,10,0
43,4256,0.9587138177099266,1.3845516079391937e-06,0.040812743978801046,0.0004720537596649144,25,10,0
43,4257,0.9270544804993243,2.4862612832905624e-06,0.07247088172414747,0.0004721515152455453,25,10,0
43,4258,0.9279166289930463,2.4685725326743986e-06,0.07160884428759567,0.0004720581468260246,25,10,0
43,4259,0.922033491435608,2.468643911056803e-06,0.07749196277732903,0.0004720771431522922,25,10,0
43,4260,0.8835490089963217,2.821196157504437e-06,0.11329676782990683,0.0031514019776146943,25,10,0
43,4261,0.8832593607099442,2.841100699756007e-06,0.11358639775968783,0.003151400429669227,25,10,0
43,4262,0.8593545571272218,2.842897040632531e-06,0.13749112828301643,0.0031514716927218992,25,10,0
43,4263,0.8587134497486746,1.1134653371316354e-05,0.13812278247065535,0.003152633127299279,25,10,0
43,4264,0.8451349033189346,1.1124962680372644e-05,0.15174839869828838,0.003105573020097013,25,10,0
43,4265,0.8452194696008247,1.1124119874163971e-05,0.1516642206457804,0.003105185633520845,25,10,0
43,4266,0.8347978374039878,1.1109407079788633e-05,0.16232995644290774,0.0028610967460249476,25,10,0
43,4267,0.8504016976457008,1.1097912471712622e-05,0.14689783804203935,0.002689366399788324,25,10,0
43,4268,0.850863387492197,1.1098234950290347e-05,0.14643608087313245,0.0026894333997203824,25,10,0
43,4269,0.8544244213423202,1.109349323886464e-05,0.142875023632453,0.002689461531988012,25,10,0
43,4270,0.8542779396376364,1.1093622503146205e-05,0.1430202161470072,0.002690750592853351,25,10,0
43,4271,0.8542277327074588,1.1093617497788368e-05,0.14307042020017818,0.002690753474865266,25,10,0
43,4272,0.8773065749684698,1.1121956837594577e-05,0.11999152849037632,0.002690774584316684,25,10,0
43,4273,0.8830343007739678,1.112186672663701e-05,0.11426382385391852,0.0026907535053870813,25,10,0
43,4274,0.8807214167232961,1.2110767988698866e-05,0.116571032393156,0.0026954401155592405,25,10,0
43,4275,0.8829596039663379,1.1960949829096122e-05,0.11433365210965826,0.0026947829741749583,25,10,0
43,4276,0.8836839394432958,3.6693624483832393e-06,0.11361739418258278,0.00269499701167309,25,10,0
43,4277,0.8716516019090146,4.049672612419707e-06,0.12559752007239838,0.0027468283459747556,25,10,0
43,4278,0.8695873244935138,4.060350660875218e-06,0.12762932813845404,0.002779287017371238,25,10,0
43,4279,0.8698054627083391,4.060349278723509e-06,0.12741118995400819,0.002779286988374154,25,10,0
43,4280,0.8580991030671125,0.0006361548096865443,0.13848467760618408,0.002780064517017334,25,10,0
43,4281,0.8580992690771155,0.0006361594494816431,0.13848583989610774,0.002778731577295404,25,10,0
43,4282,0.8582876368001238,0.0006361594606228963,0.1382974716795456,0.002778732059708253,25,10,0
43,4283,0.8595527447451726,0.0006361289221667978,0.1370324894632966,0.002778636869364382,25,10,0
43,4284,0.8894484568636716,0.0006350273285825376,0.10713740328932506,0.0027791125184213287,25,10,0
43,4285,0.9016710476241027,2.5233483537125195e-06,0.09554754062607751,0.002778888401466805,25,10,0
43,4286,0.8850704019887773,2.6954026291824536e-06,0.11214729971398292,0.002779602894610726,25,10,0
43,4287,0.8661964869217218,3.74703473371254e-06,0.13101760173724564,0.002782164306299092,25,10,0
43,4288,0.8660709715207402,3.742255669633116e-06,0.13114049211111634,0.0027847941124741465,25,10,0
43,4289,0.865838884187684,4.020278078490534e-06,0.13137199728343568,0.002785098250801825,25,10,0
43,4290,0.865819034718312,4.020635263277462e-06,0.13139177503679358,0.0027851696096312557,25,10,0
43,4291,0.8656336832698267,4.020274793579701e-06,0.1315784999809103,0.0027837964744695572,25,10,0
43,4292,0.8657652634125571,4.03868298255726e-06,0.13144675758393712,0.002783940320523243,25,10,0
43,4293,0.8646952261278078,4.040274152869945e-06,0.1325117153950225,0.0027890182030169772,25,10,0
43,4294,0.8591475032209729,4.046912153043154e-06,0.1380098646380023,0.002838585228871965,25,10,0
43,4295,0.858945586162953,4.05075966718803e-06,0.1382117420202025,0.002838621057177468,25,10,0
43,4296,0.8609943520106185,4.0401750458143916e-06,0.13619404614599884,0.002807561668336989,25,10,0
43,4297,0.8680548070202501,4.041260092879626e-06,0.12902835258312986,0.002912799136527525,25,10,0
43,4298,0.8631378700483573,4.03980627955218e-06,0.13395034887373133,0.002907741271631743,25,10,0
43,4299,0.8727188012797227,4.041086876089019e-06,0.12436944643003674,0.0029077112033646796,25,10,0
43,4300,0.83820644143107,6.928234980901147e-05,0.1589181562526684,0.002806119966453125,25,10,0
43,4301,0.8483972611095951,6.91228676895186e-05,0.14872488402395348,0.0028087319987622483,25,10,0
43,4302,0.8488665506301888,6.910472476587684e-05,0.1482556142618923,0.002808730383153474,25,10,0
43,4303,0.8096150310230409,0.00010797370906519564,0.18727881244324687,0.0029981828246475805,25,10,0
43,4304,0.8138772967923296,0.00010812913403351724,0.17809400901569056,0.007920565057946619,25,10,0
43,4305,0.8054758882417099,0.00011518493815203609,0.18641945757672615,0.00798946924341234,25,10,0
43,4306,0.8324631002162317,0.00011847872941814822,0.1660156600057254,0.0014027610486251855,25,10,0
43,4307,0.8457087977576019,0.00011847616457936635,0.15276591538619555,0.0014068106916231774,25,10,0
43,4308,0.8454638111877828,0.00011847373908874985,0.15301076846361122,0.0014069466095171556,25,10,0
43,4309,0.8458548969333903,0.00011859767894910255,0.1526186401346144,0.0014078652530462859,25,10,0
43,4310,0.8852741551672472,7.972507080439475e-05,0.11342774556156529,0.0012183742003827758,25,10,0
43,4311,0.8906767441967014,7.97185087646691e-05,0.10807340560800446,0.001170131686528987,25,10,0
43,4312,0.9091867447395399,7.894713104811199e-05,0.08956269739678584,0.0011716107326256353,25,10,0
43,4313,0.9103596686370865,7.824522601160816e-05,0.08839119863018892,0.0011708875067123552,25,10,0
43,4314,0.8987091147239884,0.00010362460493695434,0.10008246658173237,0.001104794089342334,25,10,0
43,4315,0.8983302813702438,0.00010391039565975794,0.1004609178031277,0.0011048904309687087,25,10,0
43,4316,0.9054979837450589,0.00010011013061541984,0.09431191564927013,8.999047505504138e-05,25,10,0
43,4317,0.9060644527271577,0.00010009441451299445,0.09374823848540294,8.721437292575807e-05,25,10,0
43,4318,0.9061617093617278,0.0001000860342709336,0.0936516887023413,8.65159016594438e-05,25,10,0
43,4319,0.9062394491197557,0.00010006629417692121,0.09357396701543713,8.651757062973467e-05,25,10,0
43,4320,0.9058915862220132,0.00010004821296823256,0.09392198719399988,8.637837101828813e-05,25,10,0
43,4321,0.9062343194167571,0.00010004799609238193,0.09357923553726778,8.639704988225387e-05,25,10,0
43,4322,0.9080757490068424,9.905927712685033e-05,0.0917435730918748,8.161862415582566e-05,25,10,0
43,4323,0.908082834836577,9.905976054272018e-05,0.09173648449853583,8.162090434434229e-05,25,10,0
43,4324,0.9059958302587654,9.917730230440654e-05,0.0938228007791229,8.219165980746488e-05,25,10,0
43,4325,0.9060598365688709,9.917580884526606e-05,0.09375886587720433,8.212174507967291e-05,25,10,0
43,4326,0.9062710045084397,9.917514342930187e-05,0.09354770429687428,8.211605125687517e-05,25,10,0
43,4327,0.9123808834868733,9.91805845349103e-05,0.08743770424105596,8.22316875356004e-05,25,10,0
43,4328,0.9128980211523177,9.918099707195631e-05,0.08692056166656878,8.22361840412285e-05,25,10,0
43,4329,0.91299361531327,9.918047870890574e-05,0.08682884891101274,7.835529700815226e-05,25,10,0
43,4330,0.9052442170340427,9.906647847914827e-05,0.09141706179707289,0.0032396546904050745,25,10,0
43,4331,0.8998684540774181,9.894120395062768e-05,0.09679273255162675,0.0032398721670046254,25,10,0
43,4332,0.882152779105565,0.00010235927895849415,0.11448810590652736,0.0032567557089492947,25,10,0
43,4333,0.8815694430282887,0.00010237551262559553,0.11507050589315422,0.0032576755659316945,25,10,0
43,4334,0.8434301739162707,0.00010381387854499902,0.15320948871148918,0.003256523493695387,25,10,0
43,4335,0.833049201810518,0.00010379776357637145,0.16359171434560105,0.0032552860803045764,25,10,0
43,4336,0.8331909269458267,0.00010379276843126323,0.16345001613079174,0.0032552641549497587,25,10,0
43,4337,0.8336332552447895,0.00010379240090921643,0.16300878106117067,0.0032541712931303283,25,10,0
43,4338,0.833622975760983,0.00010350761229850271,0.1630192735630266,0.00325424306369147,25,10,0
43,4339,0.845789711020035,0.00010312719568492027,0.15090489338599464,0.003202268398284998,25,10,0
43,4340,0.8464423028846424,0.00010284789823370729,0.15025403681372437,0.003200812403398964,25,10,0
43,4341,0.8460151061692158,0.00010284824384210774,0.1506811397440529,0.0032009058428886404,25,10,0
43,4342,0.845362125525903,0.00010284805628615452,0.15133674730541505,0.003198279112395499,25,10,0
43,4343,0.8440032864208511,0.00010284931231829426,0.1526954743031227,0.003198389963707699,25,10,0
43,4344,0.8533947530979766,0.00010284546382123548,0.14646587633635882,3.6525101843237165e-05,25,10,0
43,4345,0.8532265680415305,0.00010284612157350994,0.14663406096529064,3.652487160522574e-05,25,10,0
43,4346,0.8526785206019004,0.00010284713252540814,0.14718201791300142,3.6614352572683104e-05,25,10,0
43,4347,0.852671041722678,0.00010284699827814722,0.14718954445979557,3.656681924811918e-05,25,10,0
43,4348,0.890941930023463,3.759699166209747e-05,0.10898945315903735,3.101982583754538e-05,25,10,0
43,4349,0.8905595957117312,3.759708799768102e-05,0.10936895775539394,3.38494448771658e-05,25,10,0
43,4350,0.8906272230321148,3.760963477630504e-05,0.10930123895953994,3.392837356878684e-05,25,10,0
43,4351,0.9014946136286044,3.760971079639194e-05,0.09843485187371696,3.2924786882214944e-05,25,10,0
43,4352,0.895027231366925,3.760420566046374e-05,0.10191642268299084,0.003018741744423845,25,10,0
43,4353,0.9144890974851012,5.189232514787965e-06,0.08247922518649836,0.003026488095885307,25,10,0
43,4354,0.8992336317901571,0.0005493817883723896,0.0971450409559897,0.0030719454654801444,25,10,0
43,4355,0.8992256975748987,0.000549387463005268,0.09715299054862231,0.0030719244134731704,25,10,0
43,4356,0.8837437493525576,0.0005500727034858807,0.1126342543859338,0.0030719235580224124,25,10,0
43,4357,0.8833346680037163,0.000550072893141876,0.11304333110653865,0.0030719279966030426,25,10,0
43,4358,0.8675039458308921,0.0005500840600252815,0.12887106384659022,0.0030749062624921353,25,10,0
43,4359,0.8675773271104184,0.0005500844150017038,0.12879766298802067,0.0030749254865590405,25,10,0
43,4360,0.8633846923685506,0.0005500899800333888,0.13298874509655892,0.0030764725548570702,25,10,0
43,4361,0.8644348888161117,0.0005500890748472364,0.13193309774211412,0.003081924366926879,25,10,0
43,4362,0.8643163803373822,0.000550089204836366,0.1320516078295446,0.0030819226282368327,25,10,0
43,4363,0.8622136469747436,0.0005500860529347442,0.13411794762737667,0.0031183193449450127,25,10,0
43,4364,0.8776010728242939,0.0005494008106037227,0.11873120652395676,0.0031183198411454784,25,10,0
43,4365,0.8875420302225017,0.0005493979035525095,0.10879179593400233,0.0031167759399434473,25,10,0
43,4366,0.8766221294207337,0.0005497891575443265,0.11971001396640527,0.0031180674553163007,25,10,0
43,4367,0.8777893729410893,1.337874007941394e-05,0.11908689579076775,0.0031103525280631946,25,10,0
43,4368,0.8999395619621093,1.1940297769884724e-05,0.0969383902794363,0.0031101074606842993,25,10,0
43,4369,0.9000001758045905,1.1950610369780325e-05,0.09688328179566302,0.0031045917893765414,25,10,0
43,4370,0.9014808958427859,1.19492542181327e-05,0.0954026566604217,0.003104498242573988,25,10,0
43,4371,0.9004324802814943,1.1949768847818068e-05,0.0964510726288243,0.0031044973208337726,25,10,0
43,4372,0.9006302552094076,1.1949367048859685e-05,0.09625334883407273,0.003104446589470825,25,10,0
43,4373,0.8915210802717211,1.1949754588081714e-05,0.10525098609781992,0.0032159838758709764,25,10,0
43,4374,0.8915783008296474,1.1941726456406865e-05,0.105194436605639,0.003215320838257342,25,10,0
43,4375,0.8871453541691439,1.2072094868180676e-05,0.10959495445493836,0.003247619281049711,25,10,0
43,4376,0.8875216174127205,1.2072503325501653e-05,0.1092186343740147,0.0032476757099395796,25,10,0
43,4377,0.8875717315326501,1.207187801919618e-05,0.10916856491110993,0.003247631678221157,25,10,0
43,4378,0.8591451584572131,1.1820607151755477e-05,0.11528548255091517,0.025557538384719893,25,10,0
43,4379,0.859411466444608,1.1809931826306849e-05,0.11501926002624834,0.025557463597317507,25,10,0
43,4380,0.8525165513751228,1.2198151400263079e-05,0.1219101107922943,0.02556113968118284,25,10,0
43,4381,0.863156936179782,1.1807456887832793e-05,0.1112713561306454,0.025559900232685027,25,10,0
43,4382,0.8629439245530095,1.1807083322247115e-05,0.11148442964658747,0.025559838717080775,25,10,0
43,4383,0.86199999173703,1.1807725257612891e-05,0.11242351701335526,0.02556468352435726,25,10,0
43,4384,0.8659965114762163,1.1811899752511055e-05,0.10839632580320475,0.025595350820826663,25,10,0
43,4385,0.8651986794393046,1.1812177998849597e-05,0.1091890968526084,0.02560041153008831,25,10,0
43,4386,0.8780909060848235,1.1804927821418667e-05,0.09928609341802867,0.02261119556932661,25,10,0
43,4387,0.8779011615842898,1.18049769531413e-05,0.09947449903126732,0.022612534407489945,25,10,0
43,4388,0.8689557402024433,1.24478225246897e-05,0.10842433453348009,0.022607477441552604,25,10,0
43,4389,0.8616116181994887,1.207101879966391e-05,0.11577190749000545,0.02260440329170673,25,10,0
43,4390,0.87014442133196,1.2477883259166711e-05,0.10734830561080938,0.022494795173971845,25,10,0
43,4391,0.875571235561239,1.249784658553313e-05,0.10192251501585234,0.022493751576323683,25,10,0
43,4392,0.8767437046668489,1.2497278441221046e-05,0.10074902005262686,0.02249477800208342,25,10,0
43,4393,0.8767876966512564,1.2478037398342268e-05,0.10070514195597999,0.022494683355365686,25,10,0
43,4394,0.8829210129009722,1.2485115848882452e-05,0.09451610614868121,0.022550395834498155,25,10,0
43,4395,0.8833620116216692,1.248502263438486e-05,0.09407510877180637,0.022550394583890583,25,10,0
43,4396,0.8855657986573015,1.2482637325615495e-05,0.09190785800984334,0.022513860695530064,25,10,0
43,4397,0.8892659818458525,1.235710279144238e-05,0.0881798119703324,0.02254184908102431,25,10,0
43,4398,0.8799941507346261,2.16221972158266e-05,0.11723212911113197,0.002752097957027236,25,10,0
43,4399,0.8800031036663323,2.162395364581325e-05,0.11722182772271861,0.002753444657304302,25,10,0
43,4400,0.8804784817514151,2.164295599111148e-05,0.11675117211818764,0.0027487031744069133,25,10,0
43,4401,0.8758947525828913,2.1652087962718407e-05,0.12133429537949952,0.0027492999496466436,25,10,0
43,4402,0.8724744527105114,2.1655537016204503e-05,0.1247533088152922,0.0027505829371802498,25,10,0
43,4403,0.8878945964217461,1.2361891794961707e-05,0.11186448137918102,0.00022856030727850287,25,10,0
43,4404,0.9016439365996723,1.2351311032951018e-05,0.0981156674166634,0.0002280446726317322,25,10,0
43,4405,0.9061923906298905,1.2359500618225913e-05,0.09355970932730365,0.0002355405421878577,25,10,0
43,4406,0.9071782107629889,1.233939577248164e-05,0.09257410762246158,0.00023534221877738928,25,10,0
43,4407,0.8960179981029672,3.3686758616408924e-05,0.1037139543026505,0.00023436083576653456,25,10,0
43,4408,0.9003413036297596,3.36910963269837e-05,0.09939221312085601,0.0002327921530579183,25,10,0
43,4409,0.902119193538847,3.3673669493277e-05,0.09762300489469977,0.00022412789696009495,25,10,0
43,4410,0.9042168561857519,3.3669452383707676e-05,0.09555678056050526,0.0001926938013591919,25,10,0
43,4411,0.89851370856525,3.366940792620863e-05,0.1012609549903992,0.00019166703642480408,25,10,0
43,4412,0.8664925278436367,3.3695594253614756e-05,0.12169773006105812,0.011776046501051298,25,10,0
43,4413,0.869234707242107,3.3788170043574235e-05,0.11893281540872253,0.011798689179126694,25,10,0
43,4414,0.8601628981218984,3.4349204377703495e-05,0.12800214196462287,0.011800610709100982,25,10,0
43,4415,0.8567549730626232,3.43393275973511e-05,0.13141954673426234,0.01179114087551723,25,10,0
43,4416,0.8508920806689981,3.433943294861371e-05,0.13728377717652732,0.011789802721525931,25,10,0
43,4417,0.8507490003286817,3.434520825274068e-05,0.13742685057717027,0.011789803885895204,25,10,0
43,4418,0.8505297061796607,3.4354895949345235e-05,0.13764442666206234,0.011791512262327355,25,10,0
43,4419,0.85919617826637,3.3794417972419745e-05,0.1289803980662237,0.011789629249433912,25,10,0
43,4420,0.8432255939616974,4.107530150467277e-05,0.14494276649288626,0.011790564243911329,25,10,0
43,4421,0.8432499566287782,4.107491303475019e-05,0.14491843358609127,0.011790534872095571,25,10,0
43,4422,0.849420951479648,4.107475215575345e-05,0.13874744046360127,0.011790533304594831,25,10,0
43,4423,0.8595783495190039,4.043097754447347e-05,0.12859069256081013,0.01179052694264183,25,10,0
43,4424,0.8605645770812643,4.0043450862438485e-05,0.12760650973004067,0.011788869737832539,25,10,0
43,4425,0.8608172816162967,4.004328805495708e-05,0.1273538267645055,0.011788848331142883,25,10,0
43,4426,0.8771188534269843,3.275761856575756e-05,0.11106213255745384,0.011786256396996627,25,10,0
43,4427,0.8768989839234771,3.275788953017485e-05,0.11128195388510727,0.011786304301885814,25,10,0
43,4428,0.8742128934262692,3.2755845977586615e-05,0.11396778574412796,0.011786564983625356,25,10,0
43,4429,0.8999967960808322,3.297533668773808e-05,0.09976810925913453,0.0002021193233456637,25,10,0
43,4430,0.8999964720439422,3.297534353482106e-05,0.09976843232121178,0.00020212029131128038,25,10,0
43,4431,0.9160657261789451,2.959530990776149e-05,0.08371943831778365,0.00018524019336316671,25,10,0
43,4432,0.9098312264561866,2.9600129989351942e-05,0.08995389216665711,0.0001852812471667141,25,10,0
43,4433,0.9204383833697761,8.27107760408134e-06,0.07936982530593768,0.00018352024668200282,25,10,0
43,4434,0.9193746661362361,8.268022754478292e-06,0.08031525938207366,0.0003018064589356447,25,10,0
43,4435,0.9158208014353701,8.269972344749618e-06,0.08383295263923676,0.0003379759530480163,25,10,0
43,4436,0.925967129669551,8.182333978515552e-06,0.0737101047527582,0.0003145832437121636,25,10,0
43,4437,0.9263422392179789,8.182984121929699e-06,0.07339525446677433,0.0002543233311248147,25,10,0
43,4438,0.9259838304825719,8.173132847912332e-06,0.07375370080832035,0.0002542955762598715,25,10,0
43,4439,0.91700938184053,8.277469525355177e-06,0.08126842356957877,0.0017139171203659574,25,10,0
43,4440,0.9137914099969774,8.969429124830954e-06,0.08448470954421601,0.001714911029681725,25,10,0
43,4441,0.9235251604672108,8.973792527001577e-06,0.07475233030048449,0.0017135354397776472,25,10,0
43,4442,0.9297591181698834,8.968978709924398e-06,0.06851841847733128,0.0017134943740752093,25,10,0
43,4443,0.9232084416493336,9.101474691540673e-06,0.07499893446264787,0.0017835224133270768,25,10,0
43,4444,0.9139326085078966,8.867499191929868e-06,0.08427184894569907,0.0017866750472125218,25,10,0
43,4445,0.9103208257167368,8.870968851573524e-06,0.08788357204762721,0.0017867312667844066,25,10,0
43,4446,0.9116009253286248,8.766731603744151e-06,0.08806317089492527,0.0003271370448462512,25,10,0
43,4447,0.9114684869623519,8.778451340055214e-06,0.08819331357853287,0.0003294210077750424,25,10,0
43,4448,0.9112801208826528,8.778566819840895e-06,0.08838167413988314,0.00032942641064414733,25,10,0
43,4449,0.9112493349248483,8.778502128293693e-06,0.08841246050889028,0.0003294260641329186,25,10,0
43,4450,0.911114718619044,8.77297265989073e-06,0.08854706629267758,0.00032944211561840666,25,10,0
43,4451,0.9253900783395779,9.781221278705901e-07,0.07431732414277609,0.0002916193955184452,25,10,0
43,4452,0.9322381945098682,2.759230680248274e-07,0.06747201083267475,0.0002895187343890283,25,10,0
43,4453,0.9323616285296232,2.756536430678255e-07,0.06734862671575771,0.0002894691009762798,25,10,0
43,4454,0.9383397210798694,2.7556409864735054e-07,0.06137053610031285,0.0002894672557194245,25,10,0
43,4455,0.945959920266916,2.700198330252449e-07,0.05380588509543605,0.00023392461781522267,25,10,0
43,4456,0.9461164771678413,2.7517011438280874e-07,0.0536493212557347,0.00023392640630974908,25,10,0
43,4457,0.9463196118625341,2.754216940703464e-07,0.05344609380176009,0.00023401891401200823,25,10,0
43,4458,0.9319731949386995,5.891327979200154e-07,0.0678268411115226,0.00019937481698036822,25,10,0
43,4459,0.9325038397386127,5.7685075893928e-07,0.06729853102913765,0.00019705238149103906,25,10,0
43,4460,0.9328897610601057,5.764216775476228e-07,0.06691265867146032,0.00019700384675674313,25,10,0
43,4461,0.8962638656109075,6.003596706044332e-07,0.10353178389718919,0.00020375013223212284,25,10,0
43,4462,0.8960649422700585,6.06512513603734e-07,0.10373096496544951,0.00020348625197813753,25,10,0
43,4463,0.8957906898851309,6.115404076581528e-07,0.10400521186609525,0.00020348670836601936,25,10,0
43,4464,0.899645260662188,6.159133013363954e-07,0.10015060212898243,0.00020352129552819338,25,10,0
43,4465,0.899465064114532,6.289452084491649e-07,0.10033076132689744,0.00020354561336198516,25,10,0
43,4466,0.8998637616891147,6.239173153196217e-07,0.09993206880647355,0.0002035455870963039,25,10,0
43,4467,0.8998596391261389,6.238959164155508e-07,0.09993619471082006,0.0002035422671246058,25,10,0
43,4468,0.8895165120029415,6.240181100348893e-07,0.11027928762686467,0.0002035763520836778,25,10,0
43,4469,0.8896684783624685,6.046175772400726e-07,0.11012228424588764,0.00020863277406651593,25,10,0
43,4470,0.9067349407423475,5.484821821323992e-07,0.0930573656734193,0.00020714510205103626,25,10,0
43,4471,0.9102080445467117,5.441513837770381e-07,0.08958430929691598,0.00020710200498859528,25,10,0
43,4472,0.9091546386132255,5.447069955665151e-07,0.09063759417969493,0.00020722250008392633,25,10,0
43,4473,0.9064409861829954,6.49642485357162e-07,0.09334998345811274,0.00020838071640665298,25,10,0
43,4474,0.903656442643965,6.645343018555401e-07,0.09613442684691952,0.00020846597481336438,25,10,0
43,4475,0.8987864629186006,6.604547391876954e-07,0.10112183070247875,9.104592418132914e-05,25,10,0
43,4476,0.8989521629024253,6.47587113132011e-07,0.10095616784138693,9.102166907452425e-05,25,10,0
43,4477,0.8989644834019446,6.473825831759778e-07,0.10094384955265225,9.101966281992082e-05,25,10,0
43,4478,0.8988529071681264,6.473069675787997e-07,0.10105539888876262,9.104663614339345e-05,25,10,0
43,4479,0.89785025840106,6.482787617358483e-07,0.10205743179247596,9.166152770279688e-05,25,10,0
43,4480,0.8868778511137339,6.550529393025548e-07,0.11302979868802543,9.169514530166302e-05,25,10,0
43,4481,0.8870075517308674,6.549548117220246e-07,0.1129001247724582,9.166854186285777e-05,25,10,0
43,4482,0.8898253737596526,6.513192101158979e-07,0.11008257040198441,9.140451915277433e-05,25,10,0
43,4483,0.869103192148418,1.5317808152223674e-06,0.13080884819178434,8.642787898262077e-05,25,10,0
43,4484,0.8686861612856284,1.5347002088724687e-06,0.13122587591711077,8.6428097052061e-05,25,10,0
43,4485,0.9074214800916747,1.5100927961439082e-06,0.09249747174885532,7.95380666739016e-05,25,10,0
43,4486,0.9076602012028988,1.5072641461267211e-06,0.09225834931319271,7.994221976218397e-05,25,10,0
43,4487,0.9167226920480289,1.5045268254990315e-06,0.08196179831309455,0.0013140051120504783,25,10,0
43,4488,0.916767255406274,1.5041333705369868e-06,0.08191733381187419,0.0013139066484805935,25,10,0
43,4489,0.9169115280526944,1.4944904288015528e-06,0.0817730967812667,0.001313880675609894,25,10,0
43,4490,0.9138159985528646,1.5124724227842386e-06,0.08482179249630648,0.0013606964784060795,25,10,0
43,4491,0.9135762491467961,6.132208194659732e-06,0.08505610147400673,0.0013615171710021285,25,10,0
43,4492,0.9099587870689401,6.131416900904569e-06,0.08867359015991068,0.0013614913542482514,25,10,0
43,4493,0.9102210492909883,1.512278421521425e-06,0.08841576220012345,0.0013616762304665836,25,10,0
43,4494,0.9111905816838921,1.2475772968573447e-06,0.08744658624246099,0.0013615844963497025,25,10,0
43,4495,0.907814217180581,1.4918428912099357e-06,0.09086827043692108,0.0013160205396063917,25,10,0
43,4496,0.8975577081802328,1.4867689003768718e-06,0.10112625224207983,0.001314552808787045,25,10,0
43,4497,0.9083462375999819,1.479307052398362e-06,0.09033776345468991,0.0013145196382754458,25,10,0
43,4498,0.9082691086954887,1.4793057059317481e-06,0.09041487082336148,0.0013145411754435798,25,10,0
43,4499,0.9082626705991039,1.479313623752957e-06,0.09042130804883351,0.0013145420384383995,25,10,0
43,4500,0.910673931109882,1.3690808731904692e-06,0.08801131292247544,0.001313386886768944,25,10,0
43,4501,0.8814697823444986,1.4083611392047926e-06,0.11720995367183228,0.0013188556225300796,25,10,0
43,4502,0.8876003110464957,1.4208179288308316e-06,0.11107933351281594,0.001318934622759467,25,10,0
43,4503,0.8931482852438829,1.4089065715411274e-06,0.10553232980376,0.0013179760457856138,25,10,0
43,4504,0.8991388017299721,1.1657367443263228e-06,0.09954330714709218,0.0013167253861913345,25,10,0
43,4505,0.8989741088205473,1.2012276219044156e-06,0.09970813983207119,0.001316550119759497,25,10,0
43,4506,0.8967518488205909,1.2206850984227503e-06,0.10163034031775744,0.0016165901765532484,25,10,0
43,4507,0.9033469331400762,1.2114638931923889e-06,0.09627243677442095,0.0003794186216097391,25,10,0
43,4508,0.910139142812189,1.1794387931377865e-06,0.08948406004296455,0.0003756177060529676,25,10,0
43,4509,0.8997909198777292,1.1852291155930196e-06,0.09983175772118084,0.000376137171974182,25,10,0
43,4510,0.8707709125598379,1.5838873536045825e-05,0.1287672576104651,0.0004459909561610745,25,10,0
43,4511,0.8670548875638399,1.585715968587259e-05,0.1324832142121233,0.0004460410643511548,25,10,0
43,4512,0.8308183131301067,1.5872615144469454e-05,0.16871240617689287,0.000453408077857083,25,10,0
43,4513,0.8344686619081929,1.5853972434146423e-05,0.1650621870385929,0.00045329708078090884,25,10,0
43,4514,0.8377228772289886,2.3131939917105233e-05,0.16180074421537033,0.0004532466157247437,25,10,0
43,4515,0.8555200846666328,2.4290896552825666e-05,0.1440097425127355,0.000445881924079676,25,10,0
43,4516,0.838588456727375,0.000757451005290045,0.1601458544981741,0.0005082377691620121,25,10,0
43,4517,0.8127365194807868,0.0007573694149362449,0.18606937141637772,0.00043673968789774686,25,10,0
43,4518,0.8126396785290295,0.0007573697068038906,0.1861659571250915,0.0004369946390738392,25,10,0
43,4519,0.81651681901226,0.0007573696150203666,0.18228881915399509,0.00043699221872379903,25,10,0
43,4520,0.820919621033038,0.0007573571832936633,0.17788610376477848,0.00043691801888873254,25,10,0
43,4521,0.8105093627981294,0.0007641872824136179,0.1867310376028786,0.001995412316577581,25,10,0
43,4522,0.8327951351586189,0.0007641797446954258,0.16444496505011133,0.0019957200465735713,25,10,0
43,4523,0.8251946098089307,0.0007650852584961164,0.17204390709095876,0.0019963978416131347,25,10,0
43,4524,0.8549946096226525,0.000771408508560167,0.14223653130604205,0.0019974505627447896,25,10,0
43,4525,0.850434093869443,0.0007714143297667857,0.14679701364003198,0.0019974781607574664,25,10,0
43,4526,0.8499288799904505,0.0007714194523891216,0.14730212454898375,0.001997576008175848,25,10,0
43,4527,0.8495067424812703,0.0007714190774377357,0.14772453923993548,0.001997299201355833,25,10,0
43,4528,0.8497579828620111,0.0007714193977066525,0.14747325739854145,0.001997340341740029,25,10,0
43,4529,0.8625062592556891,0.0007645699310290102,0.13659036530470658,0.00013880550857544162,25,10,0
43,4530,0.8723801265125855,0.0007645641964913121,0.12671701355122633,0.00013829573969700631,25,10,0
43,4531,0.8651982704694899,0.0007710425549107384,0.13386095955286997,0.00016972742272905832,25,10,0
43,4532,0.869762059295508,0.0007710367227826123,0.12929720590502808,0.00016969807668077666,25,10,0
43,4533,0.8722936639592447,0.0007710220110228684,0.1267656781365989,0.00016963589313326037,25,10,0
43,4534,0.8724911415905554,0.0007710271984789561,0.12656821331714765,0.00016961789381803394,25,10,0
43,4535,0.8826904627513007,0.0007710271443596365,0.11636889703719822,0.0001696130671410731,25,10,0
43,4536,0.883140703192592,0.0007710271073198746,0.11591863742442386,0.00016963227566373125,25,10,0
43,4537,0.8841938550114308,0.0007709920473029408,0.11486530979497067,0.00016984314629500194,25,10,0
43,4538,0.9129653763614236,0.0007563356160293073,0.08617829451015424,9.99935123924005e-05,25,10,0
43,4539,0.9138889157373355,0.0007563514707413601,0.08525065113881641,0.00010408165310636753,25,10,0
43,4540,0.9137008425234753,0.0007563518164273381,0.08543870120026936,0.00010410445982781282,25,10,0
43,4541,0.9142115375534102,0.0007563466933839832,0.08492810917952681,0.00010400657367869382,25,10,0
43,4542,0.9082313542096666,0.0007563466974636829,0.09090829166586825,0.00010400742700128311,25,10,0
43,4543,0.9045936872630365,0.0007563506216263203,0.09454577680047305,0.00010418531486391853,25,10,0
43,4544,0.903981738335642,0.0007563510101837144,0.09515774993084918,0.00010416072332494559,25,10,0
43,4545,0.9044518304665317,0.0007563511258794537,0.09468754223585803,0.00010427617173077523,25,10,0
43,4546,0.893464314067051,0.0007563557912147102,0.10432076034030317,0.0014585698014311756,25,10,0
43,4547,0.8883867708952483,0.0007563553528244975,0.10933626458804735,0.0015206091638794862,25,10,0
43,4548,0.8942139694675996,0.0007563556084573555,0.10350777369914088,0.0015219012248020136,25,10,0
43,4549,0.9175411803344956,2.2318657445164856e-05,0.08097698435806329,0.0014595166499964435,25,10,0
43,4550,0.9121349009504592,2.2318673564028262e-05,0.08638326896860639,0.0014595114073703986,25,10,0
43,4551,0.9181372501128198,2.2318619537728108e-05,0.08038091854001672,0.0014595127276260567,25,10,0
43,4552,0.9178492251266508,1.4136337574241274e-05,0.08058290277044168,0.0015537357653341763,25,10,0
43,4553,0.9044443761281936,1.4139572990949831e-05,0.09398776316889372,0.0015537211299221376,25,10,0
43,4554,0.9044206505073409,1.4139574139178611e-05,0.0940115108581098,0.0015536990604105986,25,10,0
43,4555,0.9044164186843602,1.4139573949191811e-05,0.0940157427106819,0.001553699031009209,25,10,0
43,4556,0.9081494655344831,1.4135055635494639e-05,0.09028388342540528,0.0015525159844769032,25,10,0
43,4557,0.9079764061701299,1.4134877754868972e-05,0.09045696648583089,0.0015524924662849678,25,10,0
43,4558,0.9073842535380193,1.4129799402142866e-05,0.09104907671573409,0.001552539946844966,25,10,0
43,4559,0.9077385938569981,1.4129909820980797e-05,0.09069475668289204,0.0015525195502893061,25,10,0
43,4560,0.9072948364173951,1.4150050443043028e-05,0.09113860939777776,0.0015524041343843362,25,10,0
43,4561,0.9071917077846475,1.415084235630502e-05,0.09124153434092473,0.0015526070320716167,25,10,0
43,4562,0.9072237744573072,1.415074160367274e-05,0.09121072895529352,0.0015513458457960883,25,10,0
43,4563,0.9041503824198796,1.4156695565491922e-05,0.09428423721169954,0.0015512236728558336,25,10,0
43,4564,0.9034523903862435,1.4157216872861226e-05,0.09498210907542157,0.0015513433214625258,25,10,0
43,4565,0.9192966003272476,1.4134943030178139e-05,0.07913797772899014,0.001551287000732787,25,10,0
43,4566,0.9193236646431454,1.4134557975609636e-05,0.07911091861330982,0.0015512821855697809,25,10,0
43,4567,0.9309426435900572,1.4129491329395947e-05,0.06884624110281276,0.00019698581580108714,25,10,0
43,4568,0.9392713002852437,1.4128594858739233e-05,0.06061251742560447,0.00010205369429344523,25,10,0
43,4569,0.947679381812748,1.2947022616588257e-05,0.05220556167427211,0.00010210949036362418,25,10,0
43,4570,0.9581949826411909,1.2935101307547269e-05,0.04169003255629107,0.00010204970121078357,25,10,0
43,4571,0.9584785297759665,1.2937832471780632e-05,0.04140647235144525,0.00010206004011669704,25,10,0
43,4572,0.9579485724195024,1.2954414036707968e-05,0.04193414196672311,0.00010433119973803196,25,10,0
43,4573,0.9552382615777388,1.8263406399369565e-05,0.04463876839132154,0.00010470662454053502,25,10,0
43,4574,0.9558590457006282,1.8262830752912634e-05,0.044018134804342746,0.0001045566642763185,25,10,0
43,4575,0.9420746157148041,2.4944202588740665e-05,0.057762983229102935,0.0001374568535043536,25,10,0
43,4576,0.9559043537258006,1.8263050926169102e-05,0.04397280569383399,0.00010457752943947604,25,10,0
43,4577,0.9558673966551929,1.8263738705710386e-05,0.04400976026823085,0.00010457933787069277,25,10,0
43,4578,0.9511021287058284,1.8401268222286614e-05,0.048738579219675865,0.00014089080627381222,25,10,0
43,4579,0.9402392615351247,2.4133841873026042e-05,0.059572493212994085,0.00016411141000816461,25,10,0
43,4580,0.9382316547118181,2.4134483550756327e-05,0.06129559436134309,0.00044861644328819667,25,10,0
43,4581,0.9382228375402694,2.4134658993140706e-05,0.0613030587130913,0.0004499690876464674,25,10,0
43,4582,0.9166328010934437,2.4133627026971917e-05,0.08289092323632907,0.00045214204320064076,25,10,0
43,4583,0.9166259120214885,2.4133652740309992e-05,0.08289781193646441,0.00045214238930699614,25,10,0
43,4584,0.9165530902927607,2.4133714483027708e-05,0.08297061786193627,0.0004521581308204142,25,10,0
43,4585,0.9166938488332128,2.4117200535135084e-05,0.08283210603437612,0.00044992793187627464,25,10,0
43,4586,0.9301248408286628,2.4113886984990157e-05,0.06940113411278231,0.00044991117157067054,25,10,0
43,4587,0.9300865572648347,2.4113907707657896e-05,0.06943941724066277,0.0004499115867957428,25,10,0
43,4588,0.9361954533186497,2.4113790911772884e-05,0.06339513275891409,0.00038530013152503635,25,10,0
43,4589,0.9243122521848052,2.4115580643893293e-05,0.07527071016076015,0.0003929220737914536,25,10,0
43,4590,0.9352048202205352,1.8497827081976467e-05,0.06440992463293958,0.0003667573194439332,25,10,0
43,4591,0.9368831021244837,1.8503006944905485e-05,0.06301611730306009,8.227756551206122e-05,25,10,0
43,4592,0.9324229708806768,2.7710621757442038e-05,0.0674663022032568,8.301629430957163e-05,25,10,0
43,4593,0.9323585687362869,2.7710771838087357e-05,0.06753067246953526,8.304802234056319e-05,25,10,0
43,4594,0.9373568884487661,1.8496941467010356e-05,0.06254237369156286,8.224091820472377e-05,25,10,0
43,4595,0.9332867227887482,1.8537684521463938e-05,0.06659193437764543,0.00010280514908561883,25,10,0
43,4596,0.9270680165342122,1.853792132820493e-05,0.0727449989108842,0.0001684466335760005,25,10,0
43,4597,0.8929110713373589,1.857848063537759e-05,0.10690170732714824,0.0001686428548580283,25,10,0
43,4598,0.893579960841903,1.857811469946413e-05,0.10623286701980093,0.00016859402359689312,25,10,0
43,4599,0.8937038287829294,1.8575157461133e-05,0.10610901520247923,0.0001685808571306025,25,10,0
43,4600,0.8933683650923793,1.8581081326528574e-05,0.10644412061147226,0.00016893321482258698,25,10,0
43,4601,0.8740113214570645,3.673262912644085e-05,0.12576208313747325,0.00018986277633631802,25,10,0
43,4602,0.867835814812468,3.697845359087185e-05,0.13193612972624247,0.00019107700769914872,25,10,0
43,4603,0.8382627381448485,4.399886459504686e-05,0.16146983130634826,0.00022343168420909887,25,10,0
43,4604,0.8453835048172625,4.639841325299914e-05,0.1543538517991874,0.00021624497029796707,25,10,0
43,4605,0.8453703357422436,4.639823800424941e-05,0.15436837495307273,0.00021489106668012967,25,10,0
43,4606,0.8452661844836659,4.640322495608089e-05,0.15447251796231956,0.00021489432905917607,25,10,0
43,4607,0.8446710018298371,4.638654593214378e-05,0.15506771280230727,0.0002148988219243044,25,10,0
43,4608,0.8377369873210744,4.6603445501764223e-05,0.1619643403879868,0.0002520688454380959,25,10,0
43,4609,0.8371989253490849,4.662338666194727e-05,0.16250228523362611,0.00025216603062803885,25,10,0
43,4610,0.8152815112421586,4.707770374063195e-05,0.1842957821766624,0.00037562887743793175,25,10,0
43,4611,0.8076810371623736,5.9133776899943085e-05,0.1918841216242602,0.00037570743646542795,25,10,0
43,4612,0.8145690910151433,5.265839081237863e-05,0.18503321169675113,0.00034503889729258007,25,10,0
43,4613,0.8397337561048368,3.453073017712642e-05,0.15997305999047712,0.0002586531745092224,25,10,0
43,4614,0.860335491932007,3.5503700827176994e-05,0.13936785340921712,0.0002611509579490133,25,10,0
43,4615,0.8605742176924305,3.549890359202126e-05,0.1391276737833064,0.00026260962067139364,25,10,0
43,4616,0.8637424263073374,3.549216627350942e-05,0.13595955132937645,0.0002625301970127609,25,10,0
43,4617,0.8710063194622586,2.3439772637426773e-05,0.12870774102642726,0.00026249973867726006,25,10,0
43,4618,0.8757742966901629,2.1038448056360423e-05,0.12394259985934156,0.0002620650024397162,25,10,0
43,4619,0.8965622693652411,2.0584742890051797e-05,0.10327853515806745,0.0001386107338019627,25,10,0
43,4620,0.8965743769110476,2.0565175086482436e-05,0.1032664430943029,0.0001386148195636024,25,10,0
43,4621,0.8969694023623884,2.043380601049375e-05,0.1028728335650322,0.00013733026656942134,25,10,0
43,4622,0.8727770438149217,4.6160210021888524e-05,0.12703753305131849,0.00013926292373835986,25,10,0
43,4623,0.8679943167872053,4.754775792879412e-05,0.12957013932271014,0.002387996132156003,25,10,0
43,4624,0.8682461320260505,4.754471027529443e-05,0.1293177539652057,0.002388569298468788,25,10,0
43,4625,0.8994231166975301,4.791442396883162e-05,0.09811800631103532,0.0024109625674660646,25,10,0
43,4626,0.8999509589855761,4.7914053602072714e-05,0.09759026568053045,0.002410861280291543,25,10,0
43,4627,0.8995950561310305,0.0002019062811025364,0.09781621507150878,0.0023868225163586245,25,10,0
43,4628,0.8996256003959472,0.000201906591771435,0.09778562906267864,0.0023868639496031695,25,10,0
43,4629,0.9058119451686675,0.00019552856712747754,0.0916066944597644,0.0023858318044412243,25,10,0
43,4630,0.9058467213886106,0.0001955340494296152,0.09157317203037404,0.002384572531586186,25,10,0
43,4631,0.895526594106498,0.00019553954441823844,0.10189259589383547,0.002385270455248133,25,10,0
43,4632,0.8946664087573971,0.0001955750185602727,0.10275258576419008,0.002385430459852486,25,10,0
43,4633,0.8946054738583176,0.00019557486392051535,0.1028148944146605,0.002384056863101492,25,10,0
43,4634,0.8973355233808751,0.00019516476033030428,0.10007105290564289,0.002398258953151978,25,10,0
43,4635,0.896966224649584,0.00019516474951402775,0.10044034980108547,0.0023982607998165135,25,10,0
43,4636,0.9148494115320396,0.00018742547084799808,0.08484593044608477,0.0001172325510275572,25,10,0
43,4637,0.888964972482289,0.0001928445653172551,0.10929624255823804,0.0015459403941560166,25,10,0
43,4638,0.8691304764610256,0.0008654170040191104,0.1284009267119117,0.0016031798230441946,25,10,0
43,4639,0.8622971408658553,0.0008654184390369316,0.13523267535062103,0.0016047653444869448,25,10,0
43,4640,0.8681254589230964,0.0008651728464751116,0.12940581799590714,0.0016035502345214483,25,10,0
43,4641,0.8743744498867385,0.0007109809228657765,0.12332406072803247,0.0015905084623634496,25,10,0
43,4642,0.8435305884748611,0.0026481609078674428,0.15222975105585845,0.0015914995614125813,25,10,0
43,4643,0.8481235098330022,0.002648025641989518,0.1476726843992706,0.001555780125737216,25,10,0
43,4644,0.8476968433242505,0.002648025595640424,0.1480994402507316,0.0015556908293770694,25,10,0
43,4645,0.8578898880152012,0.002648020470091326,0.1379070534203351,0.0015550380943718154,25,10,0
43,4646,0.8579081111624557,0.002648019788737089,0.13788883346056244,0.0015550355882447764,25,10,0
43,4647,0.8589230156905345,0.0026480162453149892,0.13687393244945315,0.001555035614697009,25,10,0
43,4648,0.8586730259343129,0.0026480164263736057,0.13712392036776225,0.0015550372715509657,25,10,0
43,4649,0.8263147132697448,0.002648046272927557,0.14378138836722631,0.027255852090101097,25,10,0
43,4650,0.8257873701319512,0.0026480462807423745,0.14430863945145986,0.02725594413584627,25,10,0
43,4651,0.8281635016255605,0.002642771883452869,0.14193807561225566,0.027255650878730768,25,10,0
43,4652,0.8285432612743958,0.002642771879767985,0.14155831677095404,0.027255650074881944,25,10,0
43,4653,0.8283281065867485,0.0026427771813952667,0.1417734560552572,0.02725566017659859,25,10,0
43,4654,0.81131829168452,0.0026433870077700343,0.15877905905353093,0.027259262254178677,25,10,0
43,4655,0.8115249592883751,0.0026433816631406637,0.15857242045878123,0.027259238589702705,25,10,0
43,4656,0.8102783969155674,0.0026433813296549823,0.15981949761300857,0.027258724141768803,25,10,0
43,4657,0.8463445414247923,0.0007061946792474634,0.12568819021481706,0.02726107368114278,25,10,0
43,4658,0.8620546661391439,0.0007055315643599755,0.10997878603330495,0.027261016263191173,25,10,0
43,4659,0.862017257382302,0.0007055312928698241,0.11001619829559689,0.0272610130292313,25,10,0
43,4660,0.8750484017730266,0.0007055146834419282,0.11693068971643422,0.007315393827096735,25,10,0
43,4661,0.8781757474398976,0.000679787579968627,0.11382865261677211,0.007315812363361571,25,10,0
43,4662,0.8774779688148427,0.0006798060233729784,0.11452623815642045,0.007315987005363633,25,10,0
43,4663,0.8985748782537173,0.0006743628866187709,0.09486362674976362,0.005887132109899927,25,10,0
43,4664,0.8786716463422107,0.0006743519404672696,0.08265411986695334,0.037999881850369156,25,10,0
43,4665,0.8721580789970477,0.0006791662360789443,0.08916212160234509,0.03800063316452823,25,10,0
43,4666,0.8721681056818538,0.0006791662192748288,0.08915209684672391,0.03800063125214735,25,10,0
43,4667,0.8560385839454854,0.0006791585670685764,0.1052814588927829,0.038000798594662585,25,10,0
43,4668,0.8602462776229904,0.0006791176389415335,0.10109441685729076,0.037980187880776534,25,10,0
43,4669,0.8597563575660827,0.0006791298458811778,0.10158431623000672,0.03798019635802867,25,10,0
43,4670,0.8609581544839162,0.0006802170136033563,0.10038134109677346,0.03798028740570624,25,10,0
43,4671,0.8611241354606767,0.0006802169228016654,0.10021540120920445,0.037980246407316565,25,10,0
43,4672,0.8610486071552279,0.0006802169190262222,0.10029090557490146,0.037980270350843844,25,10,0
43,4673,0.8535729139348424,0.0006805281237310229,0.10776626040643521,0.03798029753499118,25,10,0
43,4674,0.8744334359771702,7.972468171829191e-06,0.08763436040430374,0.0379242311503539,25,10,0
43,4675,0.8748567872817087,7.972561771418884e-06,0.08721107436563345,0.03792416579088625,25,10,0
43,4676,0.8823972194960128,7.661346362371249e-06,0.07967098223881947,0.03792413691880539,25,10,0
43,4677,0.88216176436249,7.661716158076723e-06,0.07990634073453676,0.03792423318681516,25,10,0
43,4678,0.8823259761024365,7.650032505003315e-06,0.07974207299648257,0.037924300868576025,25,10,0
43,4679,0.8837473454184348,7.650439713389294e-06,0.07832069736185997,0.037924306779992006,25,10,0
43,4680,0.8835508738539243,7.650541000326651e-06,0.0785158245281579,0.03792565107691754,25,10,0
43,4681,0.8758561546223581,7.656323189374269e-06,0.08621045473201748,0.03792573432243493,25,10,0
43,4682,0.8761085352916218,7.656247140870292e-06,0.08599486521416269,0.03788894324707436,25,10,0
43,4683,0.8836407081243468,2.825036234051924e-06,0.07846832436099721,0.03788814247842167,25,10,0
43,4684,0.8835750659990661,1.8724047472421759e-06,0.07853945278287329,0.03788360881331317,25,10,0
43,4685,0.8979174661680619,1.3157323428992624e-06,0.06420104337731727,0.03788017472227753,25,10,0
43,4686,0.9050704680461973,1.3185695356080855e-06,0.05704798975450179,0.037880223629764884,25,10,0
43,4687,0.8882964199206128,0.00040098692958303347,0.07342173579728774,0.03788085735251565,25,10,0
43,4688,0.8884718721585111,0.0004009784074119241,0.07324639929074181,0.03788075014333459,25,10,0
43,4689,0.8886047237152725,0.0004009831580369159,0.07311353925117661,0.03788075387551334,25,10,0
43,4690,0.8881341138105057,0.0004009854220103161,0.07355129037761651,0.03791361038986695,25,10,0
43,4691,0.8868493716783223,0.00040101749098777223,0.07483588879701546,0.03791372203367393,25,10,0
43,4692,0.8866290932397556,0.00040101601491156837,0.07329930152010272,0.039670589225229584,25,10,0
43,4693,0.8689205040566744,0.00040103575924674306,0.09100258602027093,0.039675874163807384,25,10,0
43,4694,0.8685936217657164,0.00040134393365866744,0.09128311071919828,0.039721923581426226,25,10,0
43,4695,0.8688800997802062,0.00040134360384308434,0.09099674829516907,0.03972180832078121,25,10,0
43,4696,0.8686817058969203,0.0004013437799753099,0.09119512943339,0.03972182088971398,25,10,0
43,4697,0.868677728322933,0.00040134299312862297,0.09088409878306976,0.04003682990086808,25,10,0
43,4698,0.868439105610816,0.0004013430610993421,0.09112276102743828,0.04003679030064597,25,10,0
43,4699,0.8683381176792122,0.00040134301956519074,0.09122375365847463,0.0400367856427477,25,10,0
43,4700,0.8699388984384985,0.00040129054841621446,0.08962318939175257,0.04003662162133255,25,10,0
43,4701,0.869697169051902,0.0004012882903361504,0.08986411289503284,0.04003742976272888,25,10,0
43,4702,0.8696919596978989,0.0004012977077918183,0.08986927549656527,0.040037467097744,25,10,0
43,4703,0.8633325813320164,0.0004012974686442805,0.0961651258649644,0.04010099533437517,25,10,0
43,4704,0.8798830173491149,0.0004013064772474906,0.07961492849943108,0.040100747674206454,25,10,0
43,4705,0.8800202076291452,0.00040130325740714816,0.0794786472137331,0.04009984189971412,25,10,0
43,4706,0.8964055768518796,0.0004003441686349795,0.06309623121220022,0.040097847767285186,25,10,0
43,4707,0.9005926293736835,9.336157379585288e-07,0.05930798873041093,0.04009844828016801,25,10,0
43,4708,0.9007309083184006,9.283006763072039e-07,0.059169800725211524,0.040098362655711615,25,10,0
43,4709,0.9021183797778081,9.267313451803936e-07,0.057782405825059696,0.04009828766578707,25,10,0
43,4710,0.902239522917906,9.267376690326908e-07,0.057661261634835065,0.040098288709589924,25,10,0
43,4711,0.8993644112970707,9.308002894396215e-07,0.0605363926801138,0.04009826522252626,25,10,0
43,4712,0.895178597208615,9.342612865977433e-07,0.06472199948126532,0.04009846904883305,25,10,0
43,4713,0.8952329819240673,9.442613457566424e-07,0.06466887459138258,0.040097199223204455,25,10,0
43,4714,0.9058083556779398,7.063531324460498e-07,0.05379615888732648,0.04039477908160128,25,10,0
43,4715,0.9070498206449648,6.863705424726881e-07,0.05285352449017549,0.0400959684943172,25,10,0
43,4716,0.873413066889548,6.86731521594085e-07,0.08648997386286625,0.04009627251606431,25,10,0
43,4717,0.867049364938064,9.369734656366277e-07,0.09285332684363767,0.040096371244833194,25,10,0
43,4718,0.867318812258349,9.268705882815665e-07,0.09258395455872595,0.040096306312337404,25,10,0
43,4719,0.8732278123184593,9.277644534286645e-07,0.08673851696193723,0.04003274295515096,25,10,0
43,4720,0.8739586159178621,9.284530997808723e-07,0.08600771411477227,0.04003274151426703,25,10,0
43,4721,0.8666721570310795,6.785947912775956e-06,0.09330609141200508,0.04001496560900347,25,10,0
43,4722,0.8847763999408546,6.766600359411401e-06,0.07520705658895119,0.04000977686983534,25,10,0
43,4723,0.8847720910432709,6.767606182130917e-06,0.08919333830105025,0.026027803049497523,25,10,0
43,4724,0.8858819756761791,6.71505503707146e-06,0.0880836043351373,0.026027704933647318,25,10,0
43,4725,0.885638754357434,6.715217424046343e-06,0.08832682764433082,0.026027702780811904,25,10,0
43,4726,0.8901457651932421,6.711456112101162e-06,0.0838200656655161,0.026027457685130345,25,10,0
43,4727,0.8933298644770999,6.583122977540667e-06,0.08063664241533193,0.026026909984590924,25,10,0
43,4728,0.8928217569716587,6.583421584078084e-06,0.0811447011233167,0.026026958483441033,25,10,0
43,4729,0.8938644900693962,6.546151173986568e-06,0.08010207070235557,0.026026893077074575,25,10,0
43,4730,0.8601006662591055,6.565527026237615e-06,0.11386061389081015,0.02603215432305839,25,10,0
43,4731,0.8619489710670757,6.561105957566935e-06,0.11201231615044083,0.026032151676526127,25,10,0
43,4732,0.8612622288942308,6.560760488514918e-06,0.11269901267628597,0.026032197668995116,25,10,0
43,4733,0.8624442299125079,6.521608278301471e-06,0.1115172598100834,0.026031988669130833,25,10,0
43,4734,0.868367678552854,7.531547211093712e-06,0.1161839969661502,0.015440792933785055,25,10,0
43,4735,0.8668865855871134,7.586634250264452e-06,0.11766490646063993,0.01544092131799666,25,10,0
43,4736,0.8672417230535359,7.591431389131993e-06,0.11730976143634812,0.015440924078727034,25,10,0
43,4737,0.8668345792330541,7.590716313837885e-06,0.11771691613730666,0.015440913913325726,25,10,0
43,4738,0.850440999250672,7.864885856610038e-06,0.13395874160506285,0.015592394258409225,25,10,0
43,4739,0.8505956995144558,7.870192929973678e-06,0.13380401118280116,0.01559241910981382,25,10,0
43,4740,0.8416652159333244,7.886109311433588e-06,0.1427339797340403,0.015592918223324693,25,10,0
43,4741,0.8497524481184022,7.878535993668188e-06,0.13464607738059758,0.015593595965007088,25,10,0
43,4742,0.8510125180511693,1.8692282704190493e-06,0.13342149518787083,0.015564117532690366,25,10,0
43,4743,0.8513342466805525,1.8694897021448e-06,0.1330998818116226,0.015564002018123668,25,10,0
43,4744,0.8510519243566401,1.8847588961192626e-06,0.13338205568849928,0.015564135195965412,25,10,0
43,4745,0.8556763379214175,1.8948604852682767e-06,0.12875764796122954,0.015564119256868725,25,10,0
43,4746,0.8558803206855246,1.8748951622361905e-06,0.1285537802580567,0.015564024161257482,25,10,0
43,4747,0.8566917135614817,1.93985848284831e-06,0.12774229961760974,0.015564046962426512,25,10,0
43,4748,0.8526848067633176,1.935090699468554e-06,0.13174942099656806,0.015563837149415673,25,10,0
43,4749,0.8527775801672162,1.9347511360141987e-06,0.13165659833986415,0.015563886741784596,25,10,0
43,4750,0.8594531734898888,1.6844019841954254e-06,0.1249813795269963,0.015563762581131478,25,10,0
43,4751,0.8598166621139189,1.6876927995746051e-06,0.12465072132001032,0.01553092887327189,25,10,0
43,4752,0.8598567179296898,1.687301711871013e-06,0.12461065713251386,0.015530937636085288,25,10,0
43,4753,0.8608518996153645,1.6869319063803367e-06,0.12361552464179307,0.015530888810936632,25,10,0
43,4754,0.8270657853899006,1.7584314877041713e-06,0.15740143791356367,0.0155310182650491,25,10,0
43,4755,0.8284420774139892,1.6551147990519731e-06,0.15602465350563716,0.015531613965575819,25,10,0
43,4756,0.8583718828662988,1.6358182028888347e-06,0.1261001294473875,0.015526351868111934,25,10,0
43,4757,0.8588629432352641,1.6348417582270854e-06,0.12560907639938096,0.01552634552359741,25,10,0
43,4758,0.8634684680028946,1.4994686449693752e-06,0.12100425025485764,0.015525782273603543,25,10,0
43,4759,0.8634891094443392,1.4988754128649203e-06,0.12098358717393788,0.015525804506310612,25,10,0
43,4760,0.8609891749857299,2.533794293593043e-06,0.1234774868483054,0.015530804371671893,25,10,0
43,4761,0.8610204602654938,2.5185267709793615e-06,0.12344634957578828,0.015530671631947697,25,10,0
43,4762,0.8609163163588408,2.5192556396242966e-06,0.12355045226893,0.015530712116590392,25,10,0
43,4763,0.8598451741616074,2.514535777122838e-06,0.12462164906079527,0.015530662241821059,25,10,0
43,4764,0.8534236018990946,2.5262051619097147e-06,0.13098146247300826,0.015592409422735884,25,10,0
43,4765,0.8534070743012654,2.5263851029196627e-06,0.13099806190474308,0.015592337408889262,25,10,0
43,4766,0.8286390970148787,2.5263375686744743e-06,0.15567550945583014,0.0156828671917231,25,10,0
43,4767,0.8589971054316266,2.4516395372350535e-06,0.12531775790553054,0.015682685023306487,25,10,0
43,4768,0.8589201969631435,2.4515899147285724e-06,0.1253946797464763,0.01568267170046629,25,10,0
43,4769,0.8585357577132767,2.7081574296141177e-06,0.1257776367753534,0.015683897353941066,25,10,0
43,4770,0.8595516757451159,2.7080758288683214e-06,0.12476062602109271,0.01568499015796327,25,10,0
43,4771,0.8889760362479707,1.7065425923429412e-06,0.11063663737831654,0.0003856198311210178,25,10,0
43,4772,0.9234988238181665,1.7159516826132205e-06,0.0761140753960166,0.00038538483413483174,25,10,0
43,4773,0.9270934528634456,1.71904702517288e-06,0.07251944142633544,0.00038538666319442287,25,10,0
43,4774,0.9123074399993242,1.7323590150492315e-06,0.08718624193000009,0.0005045857116612974,25,10,0
43,4775,0.9032206716252861,1.8984782942422279e-06,0.09622693949259055,0.0005504904038294576,25,10,0
43,4776,0.8668482072829181,8.920939779224529e-07,0.13260530084687056,0.0005455997762327905,25,10,0
43,4777,0.8711719976238825,8.828283656021327e-07,0.1283487541465936,0.00047836540115781895,25,10,0
43,4778,0.8644997206527671,1.1194029688212582e-06,0.13501962711549298,0.00047953282877086207,25,10,0
43,4779,0.8635036088268845,1.119825909710315e-06,0.13601570424799023,0.00047956709921577565,25,10,0
43,4780,0.8639586956860144,1.1201757084410772e-06,0.13555424607579739,0.00048593806247992504,25,10,0
43,4781,0.8678749070000265,1.12014864623809e-06,0.1316375051231676,0.00048646772816000146,25,10,0
43,4782,0.8612321593495983,1.0802209149334577e-06,0.13827907496424097,0.0004876854652461822,25,10,0
43,4783,0.8493230123988071,1.094345921434867e-06,0.15018811445840805,0.0004877787968638579,25,10,0
43,4784,0.8493973692079173,1.094330916693136e-06,0.15011482580309782,0.00048671065806901644,25,10,0
43,4785,0.8491870013400272,1.103085059557583e-06,0.15032287944588812,0.0004890161290257995,25,10,0
43,4786,0.8506401371708745,1.1023978786387956e-06,0.14887502155168775,0.00048373887955918807,25,10,0
43,4787,0.8570503072794345,1.1051938497270972e-06,0.14252662809630257,0.00042195943041303363,25,10,0
43,4788,0.8884496631442812,1.378081656716586e-06,0.11112708058400309,0.0004218781900589207,25,10,0
43,4789,0.8820762319602723,1.3811190267407932e-06,0.1174983403181459,0.0004240466025550127,25,10,0
43,4790,0.892673408545752,1.3853060478472148e-06,0.10671036042338086,0.000614845724819615,25,10,0
43,4791,0.8926676564366914,1.3956242454916291e-06,0.10671607085818481,0.0006148770808784177,25,10,0
43,4792,0.8822644628262214,8.893166309989393e-06,0.11708311393930187,0.0006435300681669573,25,10,0
43,4793,0.8779097593619241,8.893705457831745e-06,0.12143620091456325,0.00064514601805511,25,10,0
43,4794,0.8781255392668715,8.894029822984172e-06,0.1212194574744501,0.0006461092288556938,25,10,0
43,4795,0.8792003852204843,8.890643341799929e-06,0.1201455317865983,0.0006451923495756853,25,10,0
43,4796,0.8726037539365932,8.88023928856221e-06,0.12674223467824944,0.0006451311458686153,25,10,0
43,4797,0.8746700661471372,8.883229649117247e-06,0.12467806810813652,0.0006429825150770438,25,10,0
43,4798,0.8721438587215262,8.908337514494311e-06,0.12720028246586224,0.0006469504750966599,25,10,0
43,4799,0.8720838850423172,8.908482950975432e-06,0.1272607663355531,0.0006464401391784091,25,10,0
43,4800,0.8567467137881115,1.015462815783333e-05,0.14259737105307688,0.0006457605306537568,25,10,0
43,4801,0.8740960077810661,9.852421583976757e-06,0.1253999710793109,0.0004941687180390463,25,10,0
43,4802,0.8813629754811978,9.855629635679423e-06,0.11812958323600775,0.0004975856531581773,25,10,0
43,4803,0.8801979150455856,9.850758729159633e-06,0.11929276392739854,0.0004994702682860181,25,10,0
43,4804,0.8802633037938848,9.851294728399776e-06,0.11922729925925653,0.0004995456521296615,25,10,0
43,4805,0.87431039049338,9.836519840080438e-06,0.12518022522056693,0.0004995477662127526,25,10,0
43,4806,0.8742875820387558,9.826219507547808e-06,0.12520309996322207,0.0004994917785147018,25,10,0
43,4807,0.8830884278810257,9.660244511700596e-06,0.11644832381471665,0.00045358805974590223,25,10,0
43,4808,0.8832584452142414,9.650509271037046e-06,0.11627833730312367,0.00045356697336362855,25,10,0
43,4809,0.8814372750424568,9.65120192555853e-06,0.11809949797139163,0.0004535757842255679,25,10,0
43,4810,0.8827221399984192,2.1548719611555815e-06,0.11685724587668618,0.0004184592529330644,25,10,0
43,4811,0.8828770097693124,2.152941021187319e-06,0.11670292959808756,0.0004179076915786908,25,10,0
43,4812,0.8859657937762158,2.168206940701374e-06,0.11361414204006476,0.0004178959767782041,25,10,0
43,4813,0.8859964582540643,2.213652261262605e-06,0.11357518712069829,0.00042614097297560024,25,10,0
43,4814,0.8873703262758629,2.1946522734952546e-06,0.11239225383226367,0.00023522523959947306,25,10,0
43,4815,0.8878311937791433,2.1857486336092634e-06,0.111933744447175,0.00023287602504761486,25,10,0
43,4816,0.8874808836725269,2.2101302152792276e-06,0.11228390249068987,0.00023300370656744948,25,10,0
43,4817,0.8873555420820609,2.2102231751197704e-06,0.11240919327423012,0.0002330544205333691,25,10,0
43,4818,0.886805850546668,2.2314356493490042e-06,0.11295867447144105,0.00023324354624100396,25,10,0
43,4819,0.8865713348375328,2.2317787653134923e-06,0.1131892677398152,0.00023716564388593736,25,10,0
43,4820,0.89169367760638,2.2253091590308697e-06,0.10806886136527333,0.00023523571918705082,25,10,0
43,4821,0.8912470048044955,2.2260211158002344e-06,0.10851550888378503,0.00023526029060304724,25,10,0
43,4822,0.8921663773294561,2.209941964537716e-06,0.10760041068538462,0.00023100204319425222,25,10,0
43,4823,0.8912636129218281,2.2092856931008933e-06,0.10850290891257199,0.0002312688799062597,25,10,0
43,4824,0.8917521419546827,2.1634982804813373e-06,0.10802250314470378,0.00022319140233246874,25,10,0
43,4825,0.8911702156772995,2.163860449961068e-06,0.10860442908785169,0.00022319137439822434,25,10,0
43,4826,0.8911210850213451,2.1636730181618306e-06,0.10865353723551188,0.0002232140701245931,25,10,0
43,4827,0.8915264311517567,2.1635272643595192e-06,0.10824819177897897,0.000223213541999582,25,10,0
43,4828,0.8921579595151198,1.9069647496324804e-06,0.10761814234317497,0.0002219911769554149,25,10,0
43,4829,0.9143364304158177,4.2423040036003845e-07,0.08544169199902245,0.000221453354759188,25,10,0
43,4830,0.9215596812455946,1.2296085857340348e-07,0.07821877106934999,0.00022142472419703672,25,10,0
43,4831,0.9217782958608585,1.3881609336614522e-07,0.07820975316530382,1.1812157744548043e-05,25,10,0
43,4832,0.9219640390173222,1.1420715694975321e-07,0.07802009290268995,1.5753872831364147e-05,25,10,0
43,4833,0.921621879599778,1.142114304114415e-07,0.07836222748913528,1.5778699656675634e-05,25,10,0
43,4834,0.9316659103992231,1.1377724864475822e-07,0.06831821058908066,1.5765234447773894e-05,25,10,0
43,4835,0.9314147074284986,1.105027724808854e-07,0.0684514987877638,0.00013368328096538608,25,10,0
43,4836,0.929826086759445,1.0985181403603389e-07,0.07004013801283872,0.00013366537590249846,25,10,0
43,4837,0.9298872521601066,1.0977016650987175e-07,0.06997765552351982,0.00013498254620731854,25,10,0
43,4838,0.9364220802853305,1.1493322790402509e-07,0.06344280799913712,0.00013499678230457607,25,10,0
43,4839,0.9401932479661006,1.1511863075155502e-07,0.059673251922901155,0.00013338499236745748,25,10,0
43,4840,0.9407846718944234,1.1485028229057223e-07,0.05908180394814374,0.00013340930715092763,25,10,0
43,4841,0.9406126869685504,1.1490793303898855e-07,0.059252727951613966,0.00013447017190295637,25,10,0
43,4842,0.9256772384739292,1.4584448259555542e-07,0.07412444487802478,0.00019817080356376255,25,10,0
43,4843,0.9253260921285659,1.553499634723183e-07,0.07447555824336585,0.00019819427810526132,25,10,0
43,4844,0.9257820438601013,1.55034256013144e-07,0.07401958143759517,0.00019821966804789982,25,10,0
43,4845,0.9251028101675512,1.5764321563393493e-07,0.07466295778485486,0.00023407440437844048,25,10,0
43,4846,0.9250272697209934,1.5778261031484457e-07,0.0747384725717081,0.0002340999246882354,25,10,0
43,4847,0.918846594487412,1.5373681618282033e-07,0.08091898147691264,0.00023427029885894285,25,10,0
43,4848,0.918996912731376,1.5363954527610808e-07,0.08076868551052778,0.00023424811855085666,25,10,0
43,4849,0.9186428142036399,1.7206470916749153e-07,0.0811203583432512,0.00023665538839945578,25,10,0
43,4850,0.9192032594401536,1.7750919417385912e-07,0.08052353188595955,0.00027303116469276314,25,10,0
43,4851,0.8822109960829259,2.677824444781916e-06,0.11751320809540873,0.0002731179972206535,25,10,0
43,4852,0.8876022343032096,2.6733233681188357e-06,0.11212216279282257,0.0002729295805996499,25,10,0
43,4853,0.8870469224538055,2.6905592780188838e-06,0.11267741466517948,0.00027297232173707444,25,10,0
43,4854,0.8497208081464285,0.021112799333428377,0.12889291454801333,0.00027347797212983827,25,10,0
43,4855,0.8493004942885597,0.02111296873456846,0.1293122149235744,0.00027432205329756023,25,10,0
43,4856,0.8399329508794051,0.02111293796198334,0.1387447529868204,0.00020935817179136958,25,10,0
43,4857,0.8787940218380386,0.021112919035306724,0.09988379310843801,0.00020926601821714025,25,10,0
43,4858,0.873811887754896,0.02111291584316084,0.10490685794903808,0.00016833845290553122,25,10,0
43,4859,0.8741136781602795,0.021112905621290704,0.10460507975713412,0.00016833646129597987,25,10,0
43,4860,0.8749733804670021,0.02111289663068922,0.1038673817634386,4.634113887042877e-05,25,10,0
43,4861,0.87497554248224,0.02111289552544793,0.10386506139933842,4.650059297397313e-05,25,10,0
43,4862,0.8742623466305139,4.268370034274547e-06,0.12568744046380118,4.5944535650601795e-05,25,10,0
43,4863,0.854406727685919,4.273182585741526e-06,0.1455417453257135,4.725380578254966e-05,25,10,0
43,4864,0.8540875236773288,4.273866558531144e-06,0.14586097414052812,4.722831558534048e-05,25,10,0
43,4865,0.8785074780892628,4.273952575996381e-06,0.12144109805941808,4.714989874329035e-05,25,10,0
43,4866,0.8786551982168188,4.278870604968236e-06,0.12129447988829757,4.604302427882068e-05,25,10,0
43,4867,0.8788659316517922,4.284122211768791e-06,0.12108373953969981,4.604468629638652e-05,25,10,0
43,4868,0.878257694926399,4.280492146708769e-06,0.12169199751516428,4.6027066290099805e-05,25,10,0
43,4869,0.8789709518638172,4.278996966785526e-06,0.12097871004890762,4.605909030860733e-05,25,10,0
43,4870,0.8791349673642875,4.273925036667194e-06,0.12081470438581496,4.605432486089207e-05,25,10,0
43,4871,0.8789682770644053,4.273900442407232e-06,0.12098141598013257,4.60330550200671e-05,25,10,0
43,4872,0.880982948303781,4.244613398979698e-06,0.11897071202517585,4.2095057644783955e-05,25,10,0
43,4873,0.8809804586272191,4.244239199406034e-06,0.11897320346122287,4.20936723594219e-05,25,10,0
43,4874,0.8810981209112272,4.2415830278469615e-06,0.11885555529194804,4.208221379769432e-05,25,10,0
43,4875,0.8810219226274972,4.244069671215516e-06,0.1189317361914274,4.2097111404891755e-05,25,10,0
43,4876,0.8731231255020995,4.2563782390131595e-06,0.12682896200004945,4.365611961280555e-05,25,10,0
43,4877,0.8748520950925297,4.237604792121241e-06,0.12510259304574434,4.107425693463915e-05,25,10,0
43,4878,0.8746945968259757,4.376283515522123e-06,0.12525925885435282,4.1768036156408526e-05,25,10,0
43,4879,0.87281707010989,4.376263450353642e-06,0.1268377576359424,0.000340795990717737,25,10,0
43,4880,0.8341967285546454,4.377994504630381e-06,0.1649269693514841,0.0008719240993664188,25,10,0
43,4881,0.8341950737099836,4.3779846631220695e-06,0.16492862391191374,0.0008719243934399958,25,10,0
43,4882,0.8345501296166512,4.377400882490479e-06,0.1645735728744347,0.0008719201080320178,25,10,0
43,4883,0.872513993533722,4.609694544535249e-06,0.12713997876308775,0.0003414180086460661,25,10,0
43,4884,0.9114449161914677,3.109588826407923e-06,0.08821055335775695,0.0003414208619497973,25,10,0
43,4885,0.9171851537899325,3.114648967862841e-06,0.0824702849879616,0.000341446573138655,25,10,0
43,4886,0.9153308583097776,3.1149368341578904e-06,0.08432430788208502,0.00034171887130340196,25,10,0
43,4887,0.9156871919313333,3.271936144495221e-06,0.0839671077646049,0.0003424283679175223,25,10,0
43,4888,0.9526836947453454,7.886848522646046e-07,0.04697310619168921,0.0003424103781135727,25,10,0
43,4889,0.9611693995700584,7.750785565519576e-07,0.038489028336552426,0.0003407970148328914,25,10,0
43,4890,0.9571253658645711,7.793881617186438e-07,0.04253328830897451,0.0003405664382931047,25,10,0
43,4891,0.9551388753369291,8.16760731239575e-07,0.044519558910015265,0.0003407489923245076,25,10,0
43,4892,0.9550427883533799,8.172389012549248e-07,0.044615645154961886,0.0003407492527570743,25,10,0
43,4893,0.9521952592632256,8.76755563002566e-07,0.04744859054384423,0.00035527343736709195,25,10,0
43,4894,0.952221008708558,8.766251954657624e-07,0.04742288253550699,0.0003552321307394088,25,10,0
43,4895,0.951044883994661,8.967549649334722e-07,0.04859888649172164,0.0003553327586520307,25,10,0
43,4896,0.9531851378842773,8.574868899682628e-07,0.046458841146565025,0.0003551634822676026,25,10,0
43,4897,0.9531784543728228,8.550039902970101e-07,0.04646553988293973,0.0003551507402470432,25,10,0
43,4898,0.966346144134971,8.524370478364259e-07,0.03319532681184381,0.00045767661613705686,25,10,0
43,4899,0.966439228463139,7.138862514217398e-07,0.03310306051984379,0.00045699713076532083,25,10,0
43,4900,0.9594275033238016,7.231731716347166e-07,0.04011371677035431,0.00045805673267225303,25,10,0
43,4901,0.9592711454238784,7.228247417527848e-07,0.040270076663653044,0.00045805508772673415,25,10,0
43,4902,0.9595363622588643,5.572595446187595e-07,0.040005775240756984,0.0004573052408338275,25,10,0
43,4903,0.9537315929300153,5.6415603971681e-07,0.04580960057048042,0.0004582423434643713,25,10,0
43,4904,0.9544067074550339,5.559901932353631e-07,0.04513442422079167,0.00045831233398109424,25,10,0
43,4905,0.9495454646059471,6.138233428960231e-07,0.04998039893312194,0.00047352263758768787,25,10,0
43,4906,0.9497651611446397,6.119207765209136e-07,0.04976071393595581,0.0004735129986277699,25,10,0
43,4907,0.9425565313929534,8.071004112285434e-07,0.057072995408185785,0.00036966609844906064,25,10,0
43,4908,0.924108754515905,8.26258012223708e-07,0.07551561407280345,0.0003748051532788306,25,10,0
43,4909,0.9246314368856878,7.876162027914087e-07,0.07499323167292361,0.000374543825185243,25,10,0
43,4910,0.9250188781649112,5.640907487986755e-07,0.07460654388122227,0.0003740138631171117,25,10,0
43,4911,0.9440969774815586,5.449699517258053e-07,0.05553360175396058,0.00036887579452859044,25,10,0
43,4912,0.9437712120810524,5.508839412390348e-07,0.0557781250233455,0.0004501120116604459,25,10,0
43,4913,0.9439741237370609,5.67223559794143e-07,0.055611039344977284,0.0004142696944016323,25,10,0
43,4914,0.9220650352436754,0.00032045490089916453,0.0772002057699839,0.0004143040854406977,25,10,0
43,4915,0.9208010250807948,0.00032045006323201105,0.07846419623843684,0.0004143286175357852,25,10,0
43,4916,0.9224130694041621,0.0003204501844568899,0.07685216977856428,0.0004143106328160079,25,10,0
43,4917,0.9082153012892697,0.00032062295965050366,0.09104807564163857,0.0004160001094412677,25,10,0
43,4918,0.908134046459608,0.00032062294216389216,0.09112933550200127,0.00041599509622705937,25,10,0
43,4919,0.8730331002783254,0.0003220284737012315,0.12622219687556827,0.0004226743724051234,25,10,0
43,4920,0.894874159384119,2.1458172642852305e-06,0.10470107193748163,0.00042262286113529897,25,10,0
43,4921,0.8923714463245593,2.1905719261649557e-06,0.10718588755038376,0.00044047555313101686,25,10,0
43,4922,0.8909643745711723,2.190603958538238e-06,0.10859291416141074,0.0004405206634586166,25,10,0
43,4923,0.8903609489624418,2.1921712964045514e-06,0.10919090112377669,0.00044595774248500813,25,10,0
43,4924,0.8639780392040494,3.449599417364025e-06,0.13557361564242737,0.0004448955541055763,25,10,0
43,4925,0.8582607762455515,3.4537698277237276e-06,0.14122731909452868,0.0005084508900919312,25,10,0
43,4926,0.8530289273007244,3.6646736447093443e-06,0.14645794372824553,0.0005094642973851292,25,10,0
43,4927,0.8364864895035854,3.664693096318703e-06,0.16300041960015615,0.0005094262031621814,25,10,0
43,4928,0.8367084707063275,3.6646573314896076e-06,0.16277841271098079,0.0005094519253597413,25,10,0
43,4929,0.8375825793562194,3.684882063120943e-06,0.1619040721376029,0.0005096636241139137,25,10,0
43,4930,0.8378384256013329,3.6888126224020493e-06,0.16172941038201266,0.0004284752040316126,25,10,0
43,4931,0.836821966608954,3.6358229213275362e-06,0.16275985997282233,0.00041453759530203367,25,10,0
43,4932,0.8372249703860446,3.466616781731816e-06,0.16235782310228392,0.0004137398948891829,25,10,0
43,4933,0.829192120066765,3.6013481624135483e-06,0.170370006912508,0.00043427167256432993,25,10,0
43,4934,0.8370558595240355,3.7381354262894348e-06,0.16252664308119022,0.0004137592593475101,25,10,0
43,4935,0.8427963424130539,3.742958896161867e-06,0.15670663921264585,0.000493275415403501,25,10,0
43,4936,0.8556126180603748,3.623551178480941e-06,0.1438919835957948,0.0004917747926511263,25,10,0
43,4937,0.8551767536697823,3.6407295369584048e-06,0.14432786728822802,0.0004917383124520911,25,10,0
43,4938,0.8608023963443314,3.6411835305090653e-06,0.13870089611851244,0.0004930663536251708,25,10,0
43,4939,0.8658922307024294,3.434234089389768e-06,0.13361222334526782,0.0004921117182128047,25,10,0
43,4940,0.8721997247603299,3.4297084137258343e-06,0.12736829025366725,0.0004285552775884939,25,10,0
43,4941,0.8525403793952516,3.935909369395211e-06,0.14703250348809838,0.000423181207280554,25,10,0
43,4942,0.8526842479901161,3.920631234940146e-06,0.14688883516096835,0.0004229962176804777,25,10,0
43,4943,0.8525721970159619,3.920620113253814e-06,0.14700088974032238,0.000422992623602496,25,10,0
43,4944,0.8526782193908402,3.915931033955365e-06,0.1469742877559521,0.0003435769221736989,25,10,0
43,4945,0.8411250263273482,3.911229468282097e-06,0.15852876072783162,0.00034230171535223544,25,10,0
43,4946,0.8395711345196957,3.941268045701065e-06,0.1600825112558314,0.0003424129564278514,25,10,0
43,4947,0.8312966676715725,3.927269832468085e-06,0.16835612718846682,0.00034327787012917034,25,10,0
43,4948,0.812185793280739,3.44631476327078e-06,0.18746741943528092,0.0003433409692162142,25,10,0
43,4949,0.8173789833324575,3.4515744918633553e-06,0.18227480706725088,0.00034275802579953246,25,10,0
43,4950,0.8177860455617253,3.4462383306922255e-06,0.1818690755426031,0.00034143265734081385,25,10,0
43,4951,0.8178216274611784,3.4138959789752895e-06,0.18183232394614934,0.0003426346966933047,25,10,0
43,4952,0.8073516684847263,3.4070963327306534e-06,0.1923031992568319,0.00034172516211003495,25,10,0
43,4953,0.8313659558797535,2.2053314047536834e-06,0.16824102775902794,0.00039081102981432746,25,10,0
43,4954,0.8244604650453276,0.0002770105015241411,0.1748484163369025,0.00041410811624587984,25,10,0
43,4955,0.8362685771200812,0.0002770101562427728,0.16304039891503844,0.00041401380863803335,25,10,0
43,4956,0.8358001780384354,0.00027701026652538456,0.16350874879043745,0.00041406290460211997,25,10,0
43,4957,0.8393487851074647,0.0002769451205336474,0.15997674340562593,0.0003975263663761824,25,10,0
43,4958,0.8409728554891908,0.0002769081784230452,0.1583671402495491,0.000383096082837661,25,10,0
43,4959,0.8413460220014722,0.00027691079547582643,0.15799395476486564,0.00038311243818682305,25,10,0
43,4960,0.8417345617115332,0.00027693584729723294,0.15760661496370118,0.00038188747746900604,25,10,0
43,4961,0.841632678534965,0.000276935859357779,0.15770849687927976,0.00038188872639784795,25,10,0
43,4962,0.8376608447335084,0.0002771119547486641,0.16167942002024027,0.00038262329150330203,25,10,0
43,4963,0.8514792619398943,0.0002769151380023957,0.1478611154238387,0.0003827074982647636,25,10,0
43,4964,0.8621460877355683,0.00027691933486726595,0.13719220815376307,0.0003847847758014995,25,10,0
43,4965,0.8292098291864943,0.000276943766037209,0.17042111063775614,9.211640971207874e-05,25,10,0
43,4966,0.8295324345566975,0.0002770035131474144,0.1700981930220593,9.236890809540801e-05,25,10,0
43,4967,0.8337277643566798,0.0002768328342128329,0.1659037229378396,9.167987126719075e-05,25,10,0
43,4968,0.8664748702290352,0.0002755764066463209,0.13315793059493208,9.162276938665412e-05,25,10,0
43,4969,0.8746768444735008,7.179260043534056e-07,0.12525427608273282,6.816151776239413e-05,25,10,0
43,4970,0.8847174303867271,8.780317614270578e-07,0.11281829463936976,0.0024633969421424167,25,10,0
43,4971,0.8846506102073073,8.78085507874476e-07,0.11288505511874435,0.002463456588441186,25,10,0
43,4972,0.8842576405330314,8.773767450245193e-07,0.11320894452739966,0.0025325375628245683,25,10,0
43,4973,0.8816816920304852,8.558089562560815e-07,0.11523439426718182,0.003083057893377506,25,10,0
43,4974,0.8818832871207798,8.458442510966929e-07,0.11503283161073047,0.003083035424239351,25,10,0
43,4975,0.8819938658313162,8.413748879324497e-07,0.1149222580554285,0.003083034738368014,25,10,0
43,4976,0.9039365444040282,1.0172475983235031e-06,0.09298477626139809,0.0030776620869760575,25,10,0
43,4977,0.90408415169734,1.0173400943035742e-06,0.09283858392210817,0.0030762470404580994,25,10,0
43,4978,0.8822299193796463,1.0324705582781893e-06,0.11469059056017183,0.0030784575896243486,25,10,0
43,4979,0.8909234764939191,1.0289352810718362e-06,0.10599791327810403,0.0030775812926962993,25,10,0
43,4980,0.9038367682075532,8.281883616187583e-07,0.09308598266863145,0.0030764209354537885,25,10,0
43,4981,0.9150845030727153,6.243481473118387e-07,0.08189284521907492,0.003022027360062974,25,10,0
43,4982,0.9149536400241317,3.413380764390543e-07,0.0820234123353799,0.003022606302412419,25,10,0
43,4983,0.9101941129474683,5.296545672019044e-07,0.08678184473791604,0.0030235126600490847,25,10,0
43,4984,0.9096522530217854,5.520709029324746e-07,0.0873219158479799,0.0030252790593323685,25,10,0
43,4985,0.901989176801542,5.549654727000026e-07,0.09498504123932718,0.003025226993658977,25,10,0
43,4986,0.9019991798489134,4.849747306587349e-07,0.0949754083877929,0.0030249267885637905,25,10,0
43,4987,0.9021854740564799,4.84605514501282e-07,0.09478916631823794,0.0030248750197684293,25,10,0
43,4988,0.9022408492523288,4.851595832827956e-07,0.09473378878320839,0.003024876804879983,25,10,0
43,4989,0.9095951290866023,3.2690860994409164e-07,0.08977477374284047,0.0006297702619478427,25,10,0
43,4990,0.9101785491032663,3.071235288654571e-07,0.089192486225428,0.0006286575477773485,25,10,0
43,4991,0.9068862882856883,3.0931354731466333e-07,0.09248473288590416,0.0006286695148607749,25,10,0
43,4992,0.910572889761101,3.0799523742900444e-07,0.08934875002592392,7.805221773799184e-05,25,10,0
43,4993,0.9105291401357668,3.1151780778806014e-07,0.08939248828378689,7.806006263887459e-05,25,10,0
43,4994,0.9105534880659302,3.115145863311803e-07,0.0893681403945792,7.806002490480534e-05,25,10,0
43,4995,0.8843324906421275,5.979768052801744e-07,0.1155861020938092,8.080928725807951e-05,25,10,0
43,4996,0.8840013237184793,5.982875268132674e-07,0.11591725263228407,8.082536170981869e-05,25,10,0
43,4997,0.8839004914475608,6.016731592432822e-07,0.11601719412941522,8.171274986503978e-05,25,10,0
43,4998,0.8841660196738785,6.016718967653449e-07,0.11575168195783865,8.169669638644506e-05,25,10,0
43,4999,0.893632468470597,5.866024689136099e-07,0.10628738909728172,7.955582965268497e-05,25,10,0
43,5000,0.8574726781954957,1.265231048608401e-05,0.14243408499656704,8.058449745228978e-05,25,10,0
43,5001,0.8521599988534012,1.265233268337507e-05,0.14774674898936035,8.059982455552128e-05,25,10,0
43,5002,0.8523045940373863,1.264746247876086e-05,0.1476022302434204,8.052825671495032e-05,25,10,0
43,5003,0.8575463015788081,1.2647251019804156e-05,0.14236054086179423,8.051030837879692e-05,25,10,0
43,5004,0.8615250178896049,1.2459561403882182e-05,0.13838291238370737,7.961016528439167e-05,25,10,0
43,5005,0.8615073053552114,1.2459723743132034e-05,0.1384006003705461,7.963455049991036e-05,25,10,0
43,5006,0.8611443453304422,1.2462316294664387e-05,0.13876292078775335,8.027156551030437e-05,25,10,0
43,5007,0.853323906668981,2.2638075381783036e-05,0.14657318364671576,8.027160892177722e-05,25,10,0
43,5008,0.8545996650143216,2.2607662228891287e-05,0.14529661920431228,8.110811913723776e-05,25,10,0
43,5009,0.8600523955152068,2.2339904005303524e-05,0.1398468142531982,7.845032758991351e-05,25,10,0
43,5010,0.8605227028888462,2.2335166631551685e-05,0.1394456185436592,9.343400862963849e-06,25,10,0
43,5011,0.8607729828547711,2.2335056892794687e-05,0.139195339296462,9.342791874086561e-06,25,10,0
43,5012,0.8611712635057909,2.233487278039192e-05,0.13879701311958959,9.388501839123843e-06,25,10,0
43,5013,0.8612561060281054,2.2334618084566462e-05,0.13871354390439916,8.015449410974564e-06,25,10,0
43,5014,0.8449108213067912,2.2335251607165928e-05,0.15505568552055884,1.1157921042815189e-05,25,10,0
43,5015,0.8449279686326799,2.234297974610329e-05,0.1550392620165376,1.0426371036815121e-05,25,10,0
43,5016,0.8527104496335117,1.2167190044942317e-05,0.14726562813352095,1.1755042922826084e-05,25,10,0
43,5017,0.8719687441179199,1.214968614462134e-05,0.12800743894451072,1.1667251425035351e-05,25,10,0
43,5018,0.8796683109362131,1.2145438357616346e-05,0.1203079179784983,1.1625646931667165e-05,25,10,0
43,5019,0.8802389378539233,1.2154852032976815e-05,0.11974038953815436,8.51775588983005e-06,25,10,0
43,5020,0.8801892812943889,1.2154681028651088e-05,0.11979005715823719,8.506866345628833e-06,25,10,0
43,5021,0.8801142680132271,1.215492199854261e-05,0.11986506544815372,8.511616621046104e-06,25,10,0
43,5022,0.8403699549440621,1.2179050182126654e-05,0.15960911926422455,8.74674153140247e-06,25,10,0
43,5023,0.8417576151463497,1.219572587011825e-05,0.1582174630470406,1.2726080739536117e-05,25,10,0
43,5024,0.8300825933042649,2.6717570285026923e-05,0.1698428587208829,4.783040456802317e-05,25,10,0
43,5025,0.8301587475652038,2.671733578314056e-05,0.16976670854908338,4.7826549930581046e-05,25,10,0
43,5026,0.7973840222203968,2.780560642454886e-05,0.2022486653448487,0.00033950682833064344,25,10,0
43,5027,0.7942527437750677,3.062720186914378e-05,0.20536395676520766,0.000352672257856288,25,10,0
43,5028,0.7765876973680803,3.179370645900014e-05,0.2228706443817124,0.0005098645437476467,25,10,0
43,5029,0.7769738121995933,3.1789834205626984e-05,0.22248551623472818,0.0005088817314719313,25,10,0
43,5030,0.8099798597271338,3.069749971496545e-05,0.18977224018512703,0.0002172025880246759,25,10,0
43,5031,0.8280327647734173,2.953140409431608e-05,0.1718776041564877,6.009966600135454e-05,25,10,0
43,5032,0.8336292695091301,2.9527226949876342e-05,0.16628318088768818,5.802237623227379e-05,25,10,0
43,5033,0.834203436734715,2.95572923268547e-05,0.16571213961078088,5.486636217770363e-05,25,10,0
43,5034,0.8341319106414091,2.956589786270099e-05,0.1657835851807307,5.493827999795766e-05,25,10,0
43,5035,0.8340664932668842,2.9565802482018572e-05,0.16584901634901503,5.492458161930672e-05,25,10,0
43,5036,0.833953591761668,2.9555299580716324e-05,0.16596055823546618,5.629470328558114e-05,25,10,0
43,5037,0.8277042193237297,2.955519101943022e-05,0.1722099317484206,5.6293736830553316e-05,25,10,0
43,5038,0.8159004689556768,2.9566855673133258e-05,0.18380951742347532,0.000260446765175235,25,10,0
43,5039,0.8157807374850222,2.9571839454789523e-05,0.1839292228937249,0.0002604677817975878,25,10,0
43,5040,0.7813059515666302,8.254604563089557e-05,0.21810091784142327,0.0005105845463141532,25,10,0
43,5041,0.8085506240202127,2.95796605892454e-05,0.19112415161522217,0.0002956447039757853,25,10,0
43,5042,0.8080695340391792,2.6880350169371957e-05,0.19162005898491022,0.00028352662574086573,25,10,0
43,5043,0.7888098211326571,0.0002605776911467776,0.21062607316781243,0.0003035280083828247,25,10,0
43,5044,0.7888845888010912,0.0002605772466565789,0.21055137894161002,0.0003034550106410558,25,10,0
43,5045,0.7891275592417197,0.0002605772518234322,0.2103097803025246,0.0003020832039314423,25,10,0
43,5046,0.7842425422075074,0.00026053264415063957,0.21519508866774753,0.0003018364805932076,25,10,0
43,5047,0.7840578943770201,0.00026052423063581366,0.2153798159248466,0.0003017654674963605,25,10,0
43,5048,0.78444109974775,0.00026052402580392685,0.21499661338621134,0.00030176284023344593,25,10,0
43,5049,0.7913904776208149,0.00026052701208962805,0.20808237952499373,0.00026661584210077154,25,10,0
43,5050,0.7910597781757986,0.0002605242770052042,0.20841309464357305,0.00026660290362210055,25,10,0
43,5051,0.7537008935313427,0.0004685159194252466,0.24556362222949804,0.0002669683197324826,25,10,0
43,5052,0.7544841484311475,0.000468397721591219,0.24478146570303838,0.00026598814422166585,25,10,0
43,5053,0.7547208213417137,0.0004690012403423125,0.24454137014401414,0.0002688072739279367,25,10,0
43,5054,0.7212024911725795,0.0004690123738777237,0.27805963366999886,0.00026886278354156597,25,10,0
43,5055,0.7216523841859832,0.0004690120233410641,0.2776096913466992,0.0002689124439740778,25,10,0
43,5056,0.7521054024547563,0.00027439869152775723,0.24735054170786552,0.00026965714584879124,25,10,0
43,5057,0.7542819733401042,0.00027440001479825616,0.2451739640546589,0.0002696625904369658,25,10,0
43,5058,0.7545657420563749,0.0002743996772846254,0.24489151123867114,0.00026834702766758887,25,10,0
43,5059,0.7547662387052371,0.00027439958463271094,0.24469102714070767,0.00026833456942063316,25,10,0
43,5060,0.7555154009951256,0.00027439828797877773,0.24394190979962577,0.00026829091726787344,25,10,0
43,5061,0.7512788251056957,0.0002746317791144556,0.2481759144887143,0.00027062862647329536,25,10,0
43,5062,0.7610237135434521,0.0002740286210172328,0.2384335754340743,0.0002686824014539988,25,10,0
43,5063,0.7581912517456199,0.0002703816160167924,0.241270005744335,0.00026836089402597,25,10,0
43,5064,0.7767786122354038,0.0002589877347559285,0.22269190301017577,0.0002704970196623029,25,10,0
43,5065,0.782516343687874,0.0002444699813568556,0.21694150711821475,0.0002976792125529327,25,10,0
43,5066,0.7881044723986674,0.0002444783872971198,0.21122865149436418,0.0004223977196696634,25,10,0
43,5067,0.7878218412754986,0.00024381807569558755,0.21151510669460105,0.0004192339542034304,25,10,0
43,5068,0.787401285736607,0.0002438185818958614,0.211935735186087,0.00041916049540868615,25,10,0
43,5069,0.7672420825273143,0.02127877605174229,0.21107940113226722,0.0003997402886748226,25,10,0
43,5070,0.7731194598910401,0.021278541361935216,0.20520460066042642,0.0003973980865969784,25,10,0
43,5071,0.8013507931290336,0.0212785154307917,0.17697342160743457,0.00039726983274141766,25,10,0
43,5072,0.8409105623948716,0.021278489484412272,0.1374048771951828,0.0004060709255347177,25,10,0
43,5073,0.8286647543841977,0.021287126584655276,0.147103717383367,0.0029444016477808924,25,10,0
43,5074,0.8277531683473472,0.021287406080658492,0.14801240611640457,0.00294701945559089,25,10,0
43,5075,0.8334540930665318,0.021287406927511347,0.1423724627240799,0.0028860372818781286,25,10,0
43,5076,0.8331518721792213,0.02128740224825129,0.1426747359287051,0.002885989643823468,25,10,0
43,5077,0.820805949623394,0.021287561475535517,0.15501975162924966,0.002886737271821589,25,10,0
43,5078,0.8529309217698033,3.200720228365978e-05,0.1441508936680259,0.0028861773598883285,25,10,0
43,5079,0.8520724619874249,3.2006435871565374e-05,0.14500934031313675,0.0028861912635676714,25,10,0
43,5080,0.8519819411530127,3.200557671440736e-05,0.1451000000774038,0.0028860531928698433,25,10,0
43,5081,0.8516531948817229,3.200568365041468e-05,0.14542874529950792,0.0028860541351196606,25,10,0
43,5082,0.8517250098352573,3.201307898073377e-05,0.14535471472388561,0.002888262361877023,25,10,0
43,5083,0.8514254968037992,3.2012386850438217e-05,0.1456631247540681,0.0028793660552830984,25,10,0
43,5084,0.8523196497273485,3.2004158329552276e-05,0.14477121349937508,0.0028771326149477448,25,10,0
43,5085,0.8524944292334814,3.199921280764324e-05,0.1445978285111673,0.0028757430425445972,25,10,0
43,5086,0.8577271711297638,3.201912982403482e-05,0.13935380112501194,0.002887008615401243,25,10,0
43,5087,0.8438766457110302,3.201920643707455e-05,0.15319909200191772,0.0028922430806158743,25,10,0
43,5088,0.8557362468189013,3.201014023817643e-05,0.14154419978515143,0.002687543255709986,25,10,0
43,5089,0.8533315537393901,3.2045165970315036e-05,0.1439439281236742,0.002692472970965942,25,10,0
43,5090,0.853327801415272,3.2045159483418546e-05,0.14394768132887625,0.002692472096368406,25,10,0
43,5091,0.8668996875040713,3.2045089788267535e-05,0.1303810060947106,0.0026872613114303123,25,10,0
43,5092,0.8726488169399994,3.2038102301405066e-05,0.12463277538439194,0.0026863695733074728,25,10,0
43,5093,0.8732584288191609,3.2037942821418714e-05,0.12402319129925715,0.0026863419387609423,25,10,0
43,5094,0.8735596433186523,3.194963140856021e-05,0.12372458747862067,0.002683819571318729,25,10,0
43,5095,0.8738230168685197,3.196652358166281e-05,0.12345986016901757,0.0026851564388813377,25,10,0
43,5096,0.8741400953967832,3.1971071013075394e-05,0.12314279133807945,0.0026851421941244814,25,10,0
43,5097,0.8738134680950203,3.196305189696667e-05,0.12359414326516788,0.0025604255879150477,25,10,0
43,5098,0.8793210606269838,2.5907888582215344e-05,0.11807498155238169,0.0025780499320524476,25,10,0
43,5099,0.8861987810285089,1.2810827735774068e-05,0.111210347748073,0.002578060395682883,25,10,0
43,5100,0.8521400177095834,1.2811529542262499e-05,0.14526891556767585,0.00257825519319872,25,10,0
43,5101,0.8521855561015391,1.2811442332062986e-05,0.1452234017153015,0.0025782307408271808,25,10,0
43,5102,0.838201361858506,1.2868305058227324e-05,0.15917720847427305,0.0026085613621625995,25,10,0
43,5103,0.838536524538538,1.2857718393582587e-05,0.15883479271920398,0.002615825023863259,25,10,0
43,5104,0.8409695253845841,1.2822973662970011e-05,0.15640669435647522,0.002610957285276734,25,10,0
43,5105,0.8307965599778687,1.282148791273186e-05,0.16657964553555027,0.002610972998666881,25,10,0
43,5106,0.8392946494273186,4.188824365317871e-06,0.16062852053614587,7.264121216883789e-05,25,10,0
43,5107,0.8389392921715476,4.168864979038395e-06,0.16099515997065733,6.13789928147323e-05,25,10,0
43,5108,0.8388677826627473,4.168965517295241e-06,0.1610666675123101,6.138085942402001e-05,25,10,0
43,5109,0.8506564449133307,4.187980818763355e-06,0.1492779570769216,6.141002892818512e-05,25,10,0
43,5110,0.8395430670632714,2.820080088644005e-05,0.16036803357915594,6.069855668623404e-05,25,10,0
43,5111,0.8061611896883957,2.8240744915193684e-05,0.19374989518547692,6.067438121200371e-05,25,10,0
43,5112,0.8162023945615285,4.0692192734127285e-06,0.18373282043691808,6.0715782280124234e-05,25,10,0
43,5113,0.8107608429939444,4.3469495166257146e-06,0.1891392186719196,9.559138461935637e-05,25,10,0
43,5114,0.8448171824972678,4.346226259344873e-06,0.15508307965680518,9.539161966701418e-05,25,10,0
43,5115,0.8447164544856156,4.34486635989001e-06,0.15518248694331477,9.671370470925356e-05,25,10,0
43,5116,0.8548890373923607,4.341111612228078e-06,0.14500990027602195,9.672122000443414e-05,25,10,0
43,5117,0.8437210081949942,4.0632923383730906e-06,0.15621309411774065,6.18343949262615e-05,25,10,0
43,5118,0.8436009340437238,4.063306709599487e-06,0.1563331656840999,6.183696546621383e-05,25,10,0
43,5119,0.847862508619539,3.8703775964058786e-07,0.1520937093456589,4.339499704189725e-05,25,10,0
43,5120,0.8475775994160554,3.67557951376324e-07,0.15237873559688087,4.3297429111790144e-05,25,10,0
43,5121,0.8655412553962134,3.673603451536175e-07,0.13441518075053557,4.319649290558406e-05,25,10,0
43,5122,0.8651404355219671,3.6739753703798893e-07,0.13481593070285647,4.326637763903529e-05,25,10,0
43,5123,0.8655981425966758,3.678830083435029e-07,0.13435807447482756,4.3415045487982674e-05,25,10,0
43,5124,0.865912198141111,3.6252978397618907e-07,0.13404413884894772,4.3300480156738475e-05,25,10,0
43,5125,0.8725190175296683,3.580040405360995e-07,0.1274385166080457,4.2107858245019874e-05,25,10,0
43,5126,0.8722963332227482,3.5595316644183785e-07,0.12766256324457145,4.074757951357191e-05,25,10,0
43,5127,0.8720165702955563,3.562138164160836e-07,0.12794231442212506,4.075906850186591e-05,25,10,0
43,5128,0.8712305765891909,1.7201746645399195e-07,0.1287284962735623,4.075511977971088e-05,25,10,0
43,5129,0.8712360250879653,1.7202369087811958e-07,0.1287230469593097,4.075592903380021e-05,25,10,0
43,5130,0.9101551613204176,1.5793749265061276e-07,0.08981142500180407,3.3255740285200876e-05,25,10,0
43,5131,0.9102746940753397,1.579345471340238e-07,0.08969189349066038,3.325449945259206e-05,25,10,0
43,5132,0.9102811099665482,1.5802756492928215e-07,0.08968547789376899,3.325411211763878e-05,25,10,0
43,5133,0.9101761686325073,1.4809761559115182e-07,0.08979036945150691,3.3313818370059515e-05,25,10,0
43,5134,0.9098403649235844,1.483206853170004e-07,0.09012613249342058,3.335426230960134e-05,25,10,0
43,5135,0.8979450770097209,5.183016636978604e-07,0.1019262982255425,0.00012810646307272614,25,10,0
43,5136,0.9112727130456217,5.185933638328835e-07,0.08859856707779208,0.00012820128322231787,25,10,0
43,5137,0.9052010459190446,5.18573867669668e-07,0.09466897453916369,0.00012946096792395434,25,10,0
43,5138,0.9047001993800247,5.18846431748364e-07,0.09516981779661815,0.0001294639769251878,25,10,0
43,5139,0.9050376736720419,5.187109580657366e-07,0.09483236001460722,0.00012944760239261993,25,10,0
43,5140,0.8961744872649113,5.185300930652087e-07,0.10369247499605065,0.00013251920894428922,25,10,0
43,5141,0.8953360090758512,5.413519060695799e-07,0.10453082402549324,0.00013262554674872514,25,10,0
43,5142,0.8946881239922432,5.18095189514121e-07,0.10517892901484849,0.00013242889771804308,25,10,0
43,5143,0.894622393302231,5.180960101694433e-07,0.10524465929914495,0.00013242930261306808,25,10,0
43,5144,0.9063956180828303,1.4907199268248427e-07,0.09356173618375932,4.2496661417022336e-05,25,10,0
43,5145,0.9177051398296517,3.7157078593656446e-07,0.08228272782022295,1.1760779339379856e-05,25,10,0
43,5146,0.917547434035435,3.7718895240754706e-07,0.08244037273847404,1.1816037138473327e-05,25,10,0
43,5147,0.9178057145655074,3.771882520788773e-07,0.082182093449508,1.1814796732420927e-05,25,10,0
43,5148,0.9239042688079568,3.7803376817677055e-07,0.07608378788162481,1.1565276650367393e-05,25,10,0
43,5149,0.9237682731965231,6.510699346437829e-07,0.0762191820476847,1.1893685857841077e-05,25,10,0
43,5150,0.92376563723563,6.510719018023463e-07,0.07622181754620298,1.1894146265367138e-05,25,10,0
43,5151,0.9573535320975657,9.048601318204888e-07,0.04263367464645933,1.1888395843122299e-05,25,10,0
43,5152,0.9588729906682993,9.048487101410707e-07,0.041114218207370004,1.1886275620378867e-05,25,10,0
43,5153,0.9537564037808528,1.2868144715375303e-06,0.04617804047932229,6.426892535327376e-05,25,10,0
43,5154,0.9565801279310611,1.0041686515329861e-06,0.043355079676088565,6.378822419871228e-05,25,10,0
43,5155,0.9532557336267291,1.0437320066262713e-06,0.04665852673981977,8.469590144430543e-05,25,10,0
43,5156,0.9532598507316571,1.0437366139808796e-06,0.046654406374958185,8.469915677058979e-05,25,10,0
43,5157,0.9530630024423401,1.0437457441748996e-06,0.046851253332629544,8.47004792862358e-05,25,10,0
43,5158,0.9582061809615106,6.600464599798505e-07,0.04175983963215415,3.3319359875322736e-05,25,10,0
43,5159,0.9582717513155034,6.599497520309645e-07,0.041694294582604347,3.329415214009093e-05,25,10,0
43,5160,0.9583782746949872,6.600301861090524e-07,0.041587747440692074,3.331783413449479e-05,25,10,0
43,5161,0.9581704166622351,6.651599863721353e-07,0.04175934069946884,6.957747830935142e-05,25,10,0
43,5162,0.9554651505281828,6.662985780668643e-07,0.04445985420085643,7.432897238283042e-05,25,10,0
43,5163,0.9561269851807641,6.664855559321754e-07,0.04379590229513372,7.644603854596131e-05,25,10,0
43,5164,0.9372458862769609,6.668547942562378e-07,0.06248372246188195,0.00026972440636261483,25,10,0
43,5165,0.9404473364265316,6.273833476840995e-07,0.059303218972828614,0.00024881721729185793,25,10,0
43,5166,0.9411935727230016,6.266301274054434e-07,0.058557022660916454,0.0002487779859540779,25,10,0
43,5167,0.9353217471783292,3.3826000549627817e-07,0.06442911591779245,0.0002487986438727116,25,10,0
43,5168,0.9195420838745627,6.317054558709771e-07,0.08013210845346512,0.0003251759665161518,25,10,0
43,5169,0.9195432018596786,6.316113574618005e-07,0.08013094342032787,0.00032522310863575087,25,10,0
43,5170,0.9190263668015524,6.319757167743403e-07,0.08064777553883876,0.0003252256838919712,25,10,0
43,5171,0.9193841316414276,6.521645767821477e-07,0.08028994069584075,0.0003252754981546834,25,10,0
43,5172,0.9198287996816512,6.522041671953498e-07,0.07984527016299509,0.0003252779511865626,25,10,0
43,5173,0.9054405604762689,7.52520165109135e-07,0.092725559895944,0.0018331271076217914,25,10,0
43,5174,0.921829640214207,4.58632406325983e-07,0.07641799344667205,0.0017519077067146835,25,10,0
43,5175,0.9178710042665641,5.408615478096844e-07,0.08037749545485823,0.0017509594170296485,25,10,0
43,5176,0.9181715320493893,7.118147082160724e-07,0.08007903755478459,0.0017487185811174632,25,10,0
43,5177,0.9167392380345543,7.125653475872156e-07,0.08151123873861212,0.001748810661485565,25,10,0
43,5178,0.9140686908397772,6.978786067258101e-07,0.0841828562138524,0.00174775506776336,25,10,0
43,5179,0.9140714194611125,6.979826789235779e-07,0.08418017589788315,0.0017477066583251705,25,10,0
43,5180,0.9140771989497212,6.981750625009146e-07,0.0841743456120036,0.0017477572632125255,25,10,0
43,5181,0.9202323860508856,6.893364735396275e-07,0.07801918977676242,0.00174773483587826,25,10,0
43,5182,0.9202172016286824,6.893443067588326e-07,0.07803437227252014,0.0017477367544906708,25,10,0
43,5183,0.9198423005916798,6.929592113197255e-07,0.0784455878870019,0.0017114185621068237,25,10,0
43,5184,0.9384908238447508,6.925855971566108e-07,0.05999034315600002,0.0015181404136516356,25,10,0
43,5185,0.9434828649392897,5.959656223756832e-07,0.0565064088254936,1.0130269593941117e-05,25,10,0
43,5186,0.9605838333549308,5.938188230899956e-07,0.03940301804101174,1.2554785234066728e-05,25,10,0
43,5187,0.9597647854884156,6.81601917437167e-07,0.0402216164458639,1.2916463802666125e-05,25,10,0
43,5188,0.9442456593561073,1.3570382695838201e-06,0.05573991355765723,1.307004796560646e-05,25,10,0
43,5189,0.948158057016263,1.2743864503969097e-06,0.0518287216761354,1.1946921150802034e-05,25,10,0
43,5190,0.9481044514667333,1.2738495992171771e-06,0.051882302862386806,1.1971821280360969e-05,25,10,0
43,5191,0.9482699161437793,1.2739685953120907e-06,0.05171674250294724,1.2067384677828194e-05,25,10,0
43,5192,0.9478435784561837,1.2742151153162335e-06,0.052071068017376015,8.40793113246741e-05,25,10,0
43,5193,0.9505895859847813,1.2726273450103839e-06,0.049329876404118636,7.92649837547632e-05,25,10,0
43,5194,0.9505949745390851,1.272520757770375e-06,0.04932449056777627,7.92623723808753e-05,25,10,0
43,5195,0.9392124334528534,1.3321506307442857e-06,0.060706879897010076,7.935449950557349e-05,25,10,0
43,5196,0.93877668170482,1.3321957281860835e-06,0.06114262606209535,7.936003735643953e-05,25,10,0
43,5197,0.9386456510685335,1.3321987384374675e-06,0.06127365666867836,7.936006404960896e-05,25,10,0
43,5198,0.9385282648114494,1.3321954812979292e-06,0.06139104340006022,7.935959300907565e-05,25,10,0
43,5199,0.9385968269366763,1.3320195279269208e-06,0.06132259834664029,7.92426971553652e-05,25,10,0
43,5200,0.9386608417921627,1.3320044492405985e-06,0.06125727095187936,8.05552515085731e-05,25,10,0
43,5201,0.9414697792501484,1.329806205805879e-06,0.05844861514005603,8.027580358978572e-05,25,10,0
43,5202,0.9279397906349809,1.252177924850367e-06,0.07197617436873771,8.278281835646162e-05,25,10,0
43,5203,0.9161982836613628,1.1397346905845441e-05,0.0837087522315797,8.15667601516697e-05,25,10,0
43,5204,0.9161826978827324,1.1393754760233868e-05,0.08372399579897567,8.191256353148494e-05,25,10,0
43,5205,0.9159240368527231,1.1384153946107899e-05,0.08398267315792662,8.190583540382132e-05,25,10,0
43,5206,0.9309259954786748,1.0708729368086318e-05,0.06898132433385551,8.197145810152775e-05,25,10,0
43,5207,0.9307642678496826,1.100134138148079e-05,0.06914195264347345,8.27781654623833e-05,25,10,0
43,5208,0.9307677114334462,1.1001345674590301e-05,0.06913849724182235,8.27899790569233e-05,25,10,0
43,5209,0.9462717079422306,1.0990132917912038e-05,0.05363747798578509,7.982393906619607e-05,25,10,0
43,5210,0.9283160871517019,1.0878429579977383e-05,0.07068925780722998,0.0009837766114884606,25,10,0
43,5211,0.92436463453362,7.334938774710014e-07,0.07465094966897198,0.0009836823035308207,25,10,0
43,5212,0.9234818724108926,7.508747555958227e-07,0.07553339234203878,0.000983984372313396,25,10,0
43,5213,0.9328020611982167,7.522022575053628e-07,0.06621311382609378,0.0009840727734320514,25,10,0
43,5214,0.9322125344110362,7.524330308466874e-07,0.06680396427878274,0.0009827488771502351,25,10,0
43,5215,0.9402464705710245,7.711970543078864e-07,0.05876832224994314,0.000984435981977873,25,10,0
43,5216,0.9672428972655398,7.117633454593581e-07,0.03267674174771778,7.96492233968214e-05,25,10,0
43,5217,0.9668415468116685,7.22206050705979e-07,0.03308041181644475,7.731916583599202e-05,25,10,0
43,5218,0.9663734023013678,7.22165521841615e-07,0.03354856144753002,7.731408558008696e-05,25,10,0
43,5219,0.9652043782905027,7.223209622181506e-07,0.03471756815013028,7.733123840496163e-05,25,10,0
43,5220,0.947184503755595,1.0711342312286711e-06,0.05257368978900357,0.0002407353211702201,25,10,0
43,5221,0.9480943759018671,1.0711355699108257e-06,0.05166381763818545,0.00024073532437750113,25,10,0
43,5222,0.9483235049908543,1.0709470253944694e-06,0.051426058043239326,0.00024936601888120953,25,10,0
43,5223,0.9483347606945004,1.0710150891566371e-06,0.05141480444653644,0.0002493638438740095,25,10,0
43,5224,0.9484514023233611,1.0515577149241135e-06,0.05129827339334876,0.0002492727255752134,25,10,0
43,5225,0.9482090885225806,1.0514638350370685e-06,0.051540587669463005,0.00024927234412150124,25,10,0
43,5226,0.9451774473454116,2.099146200034245e-05,0.054548978907670416,0.0002525822849178645,25,10,0
43,5227,0.9447650896189416,2.0991609996619662e-05,0.05496133579131742,0.00025258297974435395,25,10,0
43,5228,0.9447469023388755,2.0991710169529414e-05,0.05497948968231982,0.0002526162686354089,25,10,0
43,5229,0.9455241923848305,2.099397734406347e-05,0.05420150363544535,0.00025331000238014813,25,10,0
43,5230,0.9434506133263195,2.0996921150355517e-05,0.0562750556981417,0.00025333405438849693,25,10,0
43,5231,0.9271912884487747,2.0997231663643573e-05,0.07253440502802058,0.00025330929154099833,25,10,0
43,5232,0.9220732899890932,2.0984087994352308e-05,0.07759935965181035,0.0003063662711021252,25,10,0
43,5233,0.9102028982056579,2.1450170311313256e-05,0.08942646069372227,0.00034919093030801057,25,10,0
43,5234,0.9105115873143464,2.1176477470530045e-05,0.08911935937629989,0.000347876831882577,25,10,0
43,5235,0.9086023775423214,2.117606543986284e-05,0.09102846364763349,0.0003479827446044519,25,10,0
43,5236,0.9078354464717623,6.817744640992726e-05,0.09174834433544139,0.0003480317463859203,25,10,0
43,5237,0.9061088123705485,6.818242333431578e-05,0.09347369856946731,0.0003493066366494727,25,10,0
43,5238,0.9062540298306675,6.818228108189016e-05,0.09332848021168237,0.0003493076765679687,25,10,0
43,5239,0.9063787099405357,6.818200970745087e-05,0.09320382492580061,0.0003492831239557389,25,10,0
43,5240,0.9059483753978719,6.818191841237812e-05,0.09363420375964245,0.0003492389240728812,25,10,0
43,5241,0.9241239209675388,6.818191887247921e-05,0.07545876597564956,0.00034913113793879393,25,10,0
43,5242,0.9359294927367523,6.771584297908935e-05,0.06369648425509998,0.00030630716516839396,25,10,0
43,5243,0.92481960212985,4.839369976739435e-05,0.0748235342353949,0.0003084699349874894,25,10,0
43,5244,0.9249768813555056,4.839386432775702e-05,0.07466622224552101,0.0003085025346453279,25,10,0
43,5245,0.9241096745850794,4.8614000633513626e-05,0.0755320944909958,0.0003096169232912737,25,10,0
43,5246,0.9213252965351867,4.869956448875719e-05,0.07831636410887743,0.0003096397914471486,25,10,0
43,5247,0.9101744031928908,4.8703908980036644e-05,0.08952030656215124,0.00025658633597743045,25,10,0
43,5248,0.9271721423815612,4.808223768273862e-05,0.07252868206674529,0.00025109331401067475,25,10,0
43,5249,0.9282797465554694,1.0978384132925495e-06,0.07146343672002747,0.00025571888608968285,25,10,0
43,5250,0.8966822787003901,3.1628918233921516e-06,0.10277825783843912,0.0005363005693471576,25,10,0
43,5251,0.8970902486397847,3.167662845850924e-06,0.10244233835879754,0.00046424533857169944,25,10,0
43,5252,0.8990509176208704,3.2597805042385297e-06,0.10048073583789112,0.00046508676073429866,25,10,0
43,5253,0.9008452931890713,2.6187727749600046e-06,0.09885121058347154,0.0003008774546824734,25,10,0
43,5254,0.890400522893707,2.7183757909959686e-06,0.10929681421322346,0.00029994451727877695,25,10,0
43,5255,0.8912261845361965,2.704054214532536e-06,0.10847591813078687,0.00029519327880198087,25,10,0
43,5256,0.8991284177868633,6.557205168362176e-07,0.10085174818007803,1.9178312541450977e-05,25,10,0
43,5257,0.9000119023513002,6.57562369868126e-07,0.09997198045689375,1.545962943583811e-05,25,10,0
43,5258,0.8999376644017257,6.590525192785893e-07,0.1000457317034982,1.5944842256678825e-05,25,10,0
43,5259,0.884557032134559,3.925854974010806e-06,0.11540802876126012,3.101324920689468e-05,25,10,0
43,5260,0.8671026362399686,3.938223750717734e-06,0.13286475567447353,2.866986180779122e-05,25,10,0
43,5261,0.8675884408892724,4.06965662980412e-06,0.13238005606444347,2.74333896550113e-05,25,10,0
43,5262,0.867824294743863,4.05884023117398e-06,0.13214411401228066,2.7532403625809367e-05,25,10,0
43,5263,0.8674447944859088,4.073347431094822e-06,0.13252210742000498,2.9024746655644714e-05,25,10,0
43,5264,0.8678808433117402,4.0734497475106024e-06,0.1320860564671478,2.902677136470179e-05,25,10,0
43,5265,0.8692719401571634,4.066451651295872e-06,0.13069506067443246,2.893271675322424e-05,25,10,0
43,5266,0.8618720982665096,4.070903071239251e-06,0.13809507956506104,2.87512653588243e-05,25,10,0
43,5267,0.8516447595911184,7.876629559920245e-06,0.1473021107267497,0.0010452530525721078,25,10,0
43,5268,0.851603667475142,7.877186218164293e-06,0.1473417520825525,0.0010467032560872952,25,10,0
43,5269,0.8520209028689502,7.877013144158758e-06,0.14692443005949885,0.0010467900584068838,25,10,0
43,5270,0.8598724312255267,7.872618423792878e-06,0.1390729220430075,0.0010467741130423792,25,10,0
43,5271,0.8424391677070837,7.880722075586998e-06,0.15650318229315535,0.0010497692776851649,25,10,0
43,5272,0.842358649308672,7.881154058699342e-06,0.15658367635114911,0.001049793186119902,25,10,0
43,5273,0.8578039157998084,7.885846576319609e-06,0.1411384113900472,0.0010497869635679108,25,10,0
43,5274,0.8678824719862499,4.082798250197744e-06,0.13207948026319863,3.396495230107768e-05,25,10,0
43,5275,0.8678534989777786,4.082651671206332e-06,0.13210846223781497,3.3956132735043434e-05,25,10,0
43,5276,0.862235798125961,4.091506235978576e-06,0.13061795022485403,0.007142160142948676,25,10,0
43,5277,0.8541384850103593,4.247317003205687e-06,0.13651513052790532,0.009342137144732051,25,10,0
43,5278,0.8545299736715246,4.2422063795916264e-06,0.13612369444515932,0.00934208967693629,25,10,0
43,5279,0.8543920814179355,4.2421367165780985e-06,0.13626161185464217,0.009342064590705534,25,10,0
43,5280,0.853609307364997,4.253490176009758e-06,0.13696781366309163,0.009418625481735254,25,10,0
43,5281,0.876438886572507,4.256127050716239e-06,0.11414261920135148,0.009414238099091015,25,10,0
43,5282,0.8762415005917678,4.242642528593135e-06,0.1143415738377858,0.009412682927917984,25,10,0
43,5283,0.8764321223174382,4.223918850622455e-06,0.1141511472071273,0.009412506556583981,25,10,0
43,5284,0.894855102493811,4.1924945972217345e-06,0.09573109302971862,0.009409611981873268,25,10,0
43,5285,0.895151353972689,4.1921217587831036e-06,0.09543484535779094,0.009409608547761373,25,10,0
43,5286,0.8889750922769809,4.196824968647617e-06,0.10161107947252493,0.009409631425525526,25,10,0
43,5287,0.9045141641484183,9.342001837995722e-07,0.08609033645778111,0.00939456519361688,25,10,0
43,5288,0.9215967367676273,9.330249402155734e-07,0.07611490461298903,0.0022874255944430933,25,10,0
43,5289,0.9215028512249523,9.274598238479967e-07,0.07620884668810006,0.0022873746271232873,25,10,0
43,5290,0.9233757105937686,9.24657110839344e-07,0.07433597827728747,0.002287386471832589,25,10,0
43,5291,0.9226517081056695,9.244967704466129e-07,0.07505990537921776,0.002287462018341692,25,10,0
43,5292,0.9227008271127412,9.277504247948864e-07,0.07500990819975117,0.002288336937082316,25,10,0
43,5293,0.9235805893395168,9.274723442807227e-07,0.07413024699584465,0.0022882361922937976,25,10,0
43,5294,0.9367642250676198,9.301110085583868e-07,0.060946298534383804,0.0022885462869873512,25,10,0
43,5295,0.9372210295625151,9.299364040716849e-07,0.060489446967590794,0.0022885935334895973,25,10,0
43,5296,0.9420500586160127,2.975055609263847e-06,0.05565353059067466,0.002293435737702858,25,10,0
43,5297,0.9419588236358913,2.9727307489835963e-06,0.05574551961072996,0.002292684022629116,25,10,0
43,5298,0.9202114638582463,2.7951789692696743e-06,0.06568296249686721,0.014102778465917051,25,10,0
43,5299,0.9196897471856584,2.8149963477449783e-06,0.06620457091622951,0.014102866901763716,25,10,0
43,5300,0.9186537933219744,2.812145956854144e-06,0.06724135755664866,0.014102036975419431,25,10,0
43,5301,0.916753379098688,2.829296565503637e-06,0.06914175053497876,0.014102041069767302,25,10,0
43,5302,0.9170791351525165,2.6516147438807995e-06,0.06881703567724201,0.014101177555497073,25,10,0
43,5303,0.91683623563913,2.6516194367330057e-06,0.06905993511165248,0.014101177629780155,25,10,0
43,5304,0.9173278574007483,2.651716961176069e-06,0.06856829179975998,0.014101199082529998,25,10,0
43,5305,0.9169717962874961,2.661797468357347e-06,0.06892346161977256,0.014102080295262467,25,10,0
43,5306,0.9062608948513212,2.6661880388825787e-06,0.07963515817505781,0.014101280785581665,25,10,0
43,5307,0.9055227875500108,2.7037241390910015e-06,0.08037322247517549,0.014101286250674396,25,10,0
43,5308,0.9400592268822665,2.704117919675176e-06,0.05749894783232757,0.002439121167485942,25,10,0
43,5309,0.9394896000401206,2.5149660064997585e-06,0.058069726902024436,0.002438158091848282,25,10,0
43,5310,0.9390409087517092,2.514798223236449e-06,0.05851846471377632,0.002438111736291165,25,10,0
43,5311,0.9390378476741781,2.515168051308909e-06,0.05852152327705482,0.0024381138807157304,25,10,0
43,5312,0.9389317323939251,2.510164509256825e-06,0.05862615346767968,0.0024396039738861304,25,10,0
43,5313,0.9405074955064502,2.482857344487048e-06,0.05704967232021672,0.0024403493159886975,25,10,0
43,5314,0.9408418850786773,2.4734871907515863e-06,0.056716171227011995,0.002439470207120205,25,10,0
43,5315,0.9408287573294486,2.472837189233532e-06,0.05672927589180541,0.0024394939415569895,25,10,0
43,5316,0.9410089065667381,2.8079535861545535e-06,0.0565487855544489,0.002439499925227104,25,10,0
43,5317,0.937207829792654,2.94718928856853e-06,0.06034970753572228,0.002439515482335251,25,10,0
43,5318,0.9395069825385893,2.9699420635563253e-06,0.05805058547994234,0.0024394620394049466,25,10,0
43,5319,0.9303999402851117,2.9814777450186765e-06,0.06730332393366037,0.0022937543034829964,25,10,0
43,5320,0.9304675793367011,2.9822504080607334e-06,0.06723548223376795,0.0022939561791230304,25,10,0
43,5321,0.9245517781377454,2.9867712178403757e-06,0.0731512571070438,0.0022939779839930485,25,10,0
43,5322,0.9088322326292593,3.011594693581797e-06,0.0888647622889251,0.0022999934871219397,25,10,0
43,5323,0.9240713474457908,3.0025781196060163e-06,0.07363164210532386,0.002294007870765775,25,10,0
43,5324,0.9242999532348987,2.9989800029707943e-06,0.07340393362274751,0.002293114162350973,25,10,0
43,5325,0.922076477060129,3.0004716408834155e-06,0.0756274340990965,0.0022930883691338723,25,10,0
43,5326,0.9155694993383662,3.1763144679692374e-06,0.08213412861641776,0.002293195730747977,25,10,0
43,5327,0.9159202166141214,2.840161698019667e-06,0.08178378748849077,0.002293155735690031,25,10,0
43,5328,0.933065047059079,2.8637787918245534e-06,0.06464194432683086,0.0022901448352986155,25,10,0
43,5329,0.9326659472852619,2.8725115979666014e-06,0.06504099439660717,0.0022901858065332973,25,10,0
43,5330,0.9320645170035106,2.872515222728147e-06,0.06564232540742596,0.0022902850738410144,25,10,0
43,5331,0.9135574494517548,1.2453521702482117e-05,0.08546054214024747,0.0009695548862955757,25,10,0
43,5332,0.9136216578029673,1.2454542710516699e-05,0.08539746796481613,0.0009684196895062291,25,10,0
43,5333,0.9191888793558334,1.2472449919821268e-05,0.07983024610415299,0.00096840209009365,25,10,0
43,5334,0.9188290680968069,1.2486577039951397e-05,0.08019005847754038,0.0009683868486126169,25,10,0
43,5335,0.9069078763821342,1.246723975806256e-05,0.09211124539546436,0.0009684109826433857,25,10,0
43,5336,0.9078231674026824,1.245330004361026e-05,0.09119604568943895,0.0009683336078352828,25,10,0
43,5337,0.8943844001484572,1.3189264993479686e-05,0.10463405568560413,0.0009683549009455037,25,10,0
43,5338,0.892897792119156,1.3191526278244089e-05,0.10612013027995511,0.0009688860746114411,25,10,0
43,5339,0.8959003645913641,1.3188235558323188e-05,0.1031180247237652,0.000968422449313049,25,10,0
43,5340,0.877382778717068,1.3186446737708967e-05,0.12162894127443469,0.0009750935617604044,25,10,0
43,5341,0.8610083868597607,1.3186427181904163e-05,0.13800473090830198,0.0009736958047563896,25,10,0
43,5342,0.8612565048776268,1.3170519122462835e-05,0.13775668019941295,0.0009736444038386472,25,10,0
43,5343,0.8626314898024076,1.3037672872800617e-05,0.13638085474740122,0.000974617777319289,25,10,0
43,5344,0.8633346379736422,1.3026507770079854e-05,0.13575427638970372,0.00089805912888461,25,10,0
43,5345,0.8635148307826108,1.3026501724622479e-05,0.13557398796532,0.0008981547503447916,25,10,0
43,5346,0.8644802213895919,1.0986796039394108e-05,0.13461545012187545,0.000893341692493555,25,10,0
43,5347,0.8719305922254155,1.0773537950636109e-05,0.1271653544370446,0.000893279799589617,25,10,0
43,5348,0.871877840189445,1.076214694337226e-05,0.12721733875250946,0.0008940589111026713,25,10,0
43,5349,0.8499367320531347,2.505288912053961e-05,0.1491434880205309,0.0008947270372144497,25,10,0
43,5350,0.8599503228997851,2.5077714223628872e-05,0.1391332887690301,0.0008913106169619468,25,10,0
43,5351,0.8259614268090353,2.5077684064878382e-05,0.17312207460933865,0.0008914208975608544,25,10,0
43,5352,0.8273688807559736,2.5038352781189928e-05,0.17171234312928213,0.0008937377619626318,25,10,0
43,5353,0.8326124077626597,2.5030426904787744e-05,0.16646988911862023,0.0008926726918152272,25,10,0
43,5354,0.8534534295199765,2.5029951413699265e-05,0.14563571343865842,0.0008858270899516832,25,10,0
43,5355,0.8537651089809204,2.5029578010414014e-05,0.14532413301146627,0.0008857284296034,25,10,0
43,5356,0.8536519743195989,2.50292892293069e-05,0.14543727019832275,0.0008857261928493372,25,10,0
43,5357,0.8803198334201683,1.5292120321315884e-05,0.1196584875893444,6.386870166016548e-06,25,10,0
43,5358,0.8768469485245036,1.554268677537711e-05,0.12313361972175951,3.88906696145751e-06,25,10,0
43,5359,0.8770594217913787,1.553902030386554e-05,0.12292216259114974,2.876597167616909e-06,25,10,0
43,5360,0.8767442478817336,1.554707887148273e-05,0.12323558355608177,4.621483313139593e-06,25,10,0
43,5361,0.8875035854279489,1.5542227667459234e-05,0.11247690156469287,3.970779690660158e-06,25,10,0
43,5362,0.8719161722418359,1.5542544523589197e-05,0.1280642062698961,4.078943744328552e-06,25,10,0
43,5363,0.8849381256932983,1.479775331730998e-05,0.1150430342937237,4.042259660527417e-06,25,10,0
43,5364,0.8855526232516003,1.4798056634111134e-05,0.11442851527432954,4.063417435961746e-06,25,10,0
43,5365,0.8858773822387284,1.4797757950174699e-05,0.11410380363804952,4.01636527178088e-06,25,10,0
43,5366,0.8851013922082406,1.4980491622209433e-05,0.11482983103298147,5.37962671555656e-05,25,10,0
43,5367,0.8856871967900478,1.4969645763806483e-05,0.11424481822101258,5.3015343175568833e-05,25,10,0
43,5368,0.8896228259098831,1.4718926089478526e-05,0.11030948608474624,5.296907928120302e-05,25,10,0
43,5369,0.8894810790681247,1.4724068393346232e-05,0.11045111239226817,5.308447121375962e-05,25,10,0
43,5370,0.8702433078596463,1.4723734941562226e-05,0.12968897886290293,5.298954250909436e-05,25,10,0
43,5371,0.8683778277303095,1.472356537450529e-05,0.13155428479066464,5.3163913651236406e-05,25,10,0
43,5372,0.8677699704140808,1.4731060501424073e-05,0.13213868548360255,7.661304181512106e-05,25,10,0
43,5373,0.879825709069218,1.4690565984033e-05,0.12008305411786889,7.654624692894114e-05,25,10,0
43,5374,0.8797210827090148,1.4810576243999495e-05,0.1201875172862604,7.658942848019145e-05,25,10,0
43,5375,0.8808954070168437,1.4809924029604541e-05,0.11901327825934578,7.650479978040877e-05,25,10,0
43,5376,0.8692722549770865,1.52476968689506e-05,0.13068285139692903,2.964592911530351e-05,25,10,0
43,5377,0.8632067977597947,1.5215392676962602e-05,0.13674831505769275,2.967178983524271e-05,25,10,0
43,5378,0.872622739737545,1.175355279105462e-06,0.12540611476364005,0.0019699701435353266,25,10,0
43,5379,0.8745229296913908,1.1753505898842723e-06,0.12350610478225058,0.0019697901757682046,25,10,0
43,5380,0.8749260067511337,1.16533087700118e-06,0.12310306627794759,0.0019697616400411854,25,10,0
43,5381,0.8738609935512537,1.1669132086177374e-06,0.12416552739048753,0.0019723121450496975,25,10,0
43,5382,0.8682122939898611,1.1673177599528616e-06,0.12981410651403472,0.001972432178343794,25,10,0
43,5383,0.8687711884665765,1.1655872444373115e-06,0.12925776232543565,0.0019698836207429505,25,10,0
43,5384,0.8686796207793787,1.1655867337658232e-06,0.12934933007678537,0.0019698835571017796,25,10,0
43,5385,0.868196295002056,1.16558255082326e-06,0.1298326560005085,0.0019698834148842415,25,10,0
43,5386,0.8680015488488221,1.165875637373705e-06,0.13002738580263087,0.0019698994729091253,25,10,0
43,5387,0.8682457492230498,1.1531576967971053e-06,0.1297849557653579,0.0019681418538948572,25,10,0
43,5388,0.8544741604994521,1.8190419300308624e-06,0.14548845087851486,3.556958010196267e-05,25,10,0
43,5389,0.8504790363036072,2.0234601162625653e-06,0.14948104844380922,3.789179246629616e-05,25,10,0
43,5390,0.8502798431402497,2.0234652389339217e-06,0.1496802413267695,3.789206774083221e-05,25,10,0
43,5391,0.8503939584406932,2.0233833128741804e-06,0.14956612890003412,3.788927595873637e-05,25,10,0
43,5392,0.8512725991824148,2.0233860864319878e-06,0.14868753201219664,3.7845419301340266e-05,25,10,0
43,5393,0.851361030902902,2.023214219126934e-06,0.1485991262370751,3.781964580302134e-05,25,10,0
43,5394,0.8509967870337175,2.023625457493751e-06,0.14896331003327534,3.787930754901473e-05,25,10,0
43,5395,0.857808885761429,2.025997917984051e-06,0.14215118852411857,3.789971653364623e-05,25,10,0
43,5396,0.8578638435025744,2.040859580609738e-06,0.1420961255530505,3.7990084793749605e-05,25,10,0
43,5397,0.8576256327746696,2.041102606058931e-06,0.142334359971092,3.796615163155416e-05,25,10,0
43,5398,0.8701138724158756,3.039980287251053e-06,0.1295692884657614,0.0003137991380749615,25,10,0
43,5399,0.8696235276016676,3.0403105349944826e-06,0.130059541780978,0.000313890306818423,25,10,0
43,5400,0.895807644257016,2.123781685603373e-06,0.10388476020398196,0.0003054717573157123,25,10,0
43,5401,0.8962575700497414,2.1294980551021953e-06,0.10343468558033997,0.00030561487186280407,25,10,0
43,5402,0.8890851164897174,1.9323975991828556e-06,0.10927942113579878,0.0016335299768840512,25,10,0
43,5403,0.8890504907486921,1.9331754043079656e-06,0.10931335522108192,0.0016342208548211898,25,10,0
43,5404,0.8787672129617745,8.521627482874727e-06,0.11952757890021994,0.0016966865105223006,25,10,0
43,5405,0.9178152464547058,8.521151147484674e-06,0.08047968455990809,0.0016965478342387832,25,10,0
43,5406,0.9149340760148053,8.559645926385679e-06,0.08308521320451934,0.001972151134749098,25,10,0
43,5407,0.9049256714000145,8.964017856417709e-06,0.09309129430725654,0.001974070274872327,25,10,0
43,5408,0.8943206317280127,3.06463606893126e-05,0.10367461133809776,0.00197411057319996,25,10,0
43,5409,0.894056043364161,3.065145138282595e-05,0.10393912780813314,0.0019741773763225453,25,10,0
43,5410,0.8931555368021264,3.083562236102075e-05,0.1048368594020471,0.001976768173465108,25,10,0
43,5411,0.8938067467277986,3.0828428165150894e-05,0.10420903269268016,0.001953392151355819,25,10,0
43,5412,0.8936960252043575,3.082910324453812e-05,0.1043197733364436,0.0019533723559541673,25,10,0
43,5413,0.8937918983049391,3.08292712742473e-05,0.10422385473808804,0.0019534176856981873,25,10,0
43,5414,0.8911592184051136,3.104437901502506e-05,0.1067652435427996,0.0020444936730716155,25,10,0
43,5415,0.9012309027085295,3.0691226550869544e-05,0.09669681351283155,0.0020415925520879063,25,10,0
43,5416,0.9013698998889578,3.069122337486472e-05,0.0965578179653003,0.00204159092236658,25,10,0
43,5417,0.901396166872967,3.068632265425189e-05,0.09653165003090328,0.002041496773475005,25,10,0
43,5418,0.9117524128772645,3.0680245912810525e-05,0.08750567426393373,0.0007112326128885531,25,10,0
43,5419,0.8814454676320105,3.072172366525675e-05,0.11781207897044035,0.0007117316738829493,25,10,0
43,5420,0.8810196987224499,3.072576643135442e-05,0.11823787486610987,0.0007117006450078884,25,10,0
43,5421,0.881972691596086,3.054169107048395e-05,0.1172876381366879,0.0007091285761546106,25,10,0
43,5422,0.8809592301568268,3.053319568338768e-05,0.1183011940540373,0.0007090425934516068,25,10,0
43,5423,0.8460298975357234,2.953432328115626e-05,0.15350728301271016,0.0004332851282847018,25,10,0
43,5424,0.8461292905489848,2.9533550061871882e-05,0.15340858087988596,0.0004325950210670263,25,10,0
43,5425,0.8458645702959832,2.9533713702247776e-05,0.15367330208835558,0.0004325939019586443,25,10,0
43,5426,0.859489519369291,3.009641991187254e-05,0.14004823711584824,0.0004321470949484655,25,10,0
43,5427,0.8617979665936265,2.982940776485193e-05,0.13774007546706882,0.00043212853153930204,25,10,0
43,5428,0.8614196400092685,2.9830171638238416e-05,0.13811829100145143,0.0004322388176414758,25,10,0
43,5429,0.8639866081278885,2.9802995660825092e-05,0.13582497362867976,0.0001586152477706474,25,10,0
43,5430,0.9021929888741544,2.9802978877211737e-05,0.09761872347835542,0.00015848466861234905,25,10,0
43,5431,0.9008438466708634,2.979446822083538e-05,0.09871049609431568,0.0004158627665995826,25,10,0
43,5432,0.9005588737218116,2.9805323646165843e-05,0.09899522866721018,0.00041609228733133414,25,10,0
43,5433,0.9007386255089662,2.980465008996124e-05,0.09881556380639918,0.0004160060345438775,25,10,0
43,5434,0.8923570580858324,3.0464636834514398e-05,0.1071963533263861,0.00041612395094631617,25,10,0
43,5435,0.8897544214989774,3.0468281006069712e-05,0.10979898072418026,0.0004161294958354694,25,10,0
43,5436,0.8899563573895987,3.0463763985563346e-05,0.10959396664799775,0.00041921219841722495,25,10,0
43,5437,0.889985220879548,3.0463414255038607e-05,0.1095651064729299,0.0004192092332661937,25,10,0
43,5438,0.8885352415607854,3.046281337033988e-05,0.11101508469965804,0.0004192109261853129,25,10,0
43,5439,0.8967685257372832,3.047519937729456e-05,0.10278177034411928,0.00041922871921930163,25,10,0
43,5440,0.8932505289981968,3.0486024353498702e-05,0.10629977603043182,0.0004192089470173353,25,10,0
43,5441,0.8931752774500449,3.0486026363863877e-05,0.10637502756759011,0.00041920895600065024,25,10,0
43,5442,0.8995380749491134,3.012852811779206e-05,0.10010238337830384,0.00032941314446449947,25,10,0
43,5443,0.8917586102374352,2.9467538052113373e-05,0.10787963265860383,0.0003322895659084242,25,10,0
43,5444,0.8836741545135492,2.9591344642160796e-05,0.11593146254634416,0.0003647915954636027,25,10,0
43,5445,0.8836850635037107,2.9586669976401964e-05,0.11592060406650172,0.0003647457598105743,25,10,0
43,5446,0.8837186587400622,2.9586480837423007e-05,0.1158870365500021,0.00036471822909785374,25,10,0
43,5447,0.8840232754979902,2.9569665819531844e-05,0.11583715901927469,0.00010999581691507914,25,10,0
43,5448,0.8836036825969634,2.958176496448665e-05,0.11625559415862098,0.00011114147945093174,25,10,0
43,5449,0.8934797816901263,2.917949228169675e-05,0.10638180278233657,0.00010923603525510348,25,10,0
43,5450,0.8790631146583902,3.598203946339107e-05,0.12073239723883221,0.00016850606331386748,25,10,0
43,5451,0.8792556330641293,3.597212433906394e-05,0.1205400302651891,0.0001683645463420545,25,10,0
43,5452,0.8726712173631513,3.597240511646165e-05,0.1271244118286894,0.0001683984030429195,25,10,0
43,5453,0.8724262592311886,3.5977326940391546e-05,0.1273686935155552,0.00016906992631657945,25,10,0
43,5454,0.8825551124040248,3.5373128585734794e-05,0.11724049489088677,0.000169019576503244,25,10,0
43,5455,0.8914776827924582,3.524904695681789e-05,0.10835062135465162,0.00013644680593354522,25,10,0
43,5456,0.9074808992717258,3.526838918081971e-05,0.09235036071024048,0.00013347162885323503,25,10,0
43,5457,0.9064237131901465,3.527226770775508e-05,0.09338804313745543,0.00015297140469050163,25,10,0
43,5458,0.9129734126740894,3.527216218353939e-05,0.08683830650413091,0.0001530086595966126,25,10,0
43,5459,0.9147801796481567,3.527231028888206e-05,0.08503007672690092,0.00015447131465385277,25,10,0
43,5460,0.9154865569007461,3.525985310621324e-05,0.08432485990084772,0.00015332334530044646,25,10,0
43,5461,0.9147539082387302,3.5260288400136236e-05,0.0850526429296032,0.00015818854326686568,25,10,0
43,5462,0.9183977324721196,3.5255093616910516e-05,0.08140877667038265,0.00015823576388109036,25,10,0
43,5463,0.91314515765465,3.541658586049827e-05,0.08666077423764178,0.00015865152184799287,25,10,0
43,5464,0.9131655436249514,3.54157163740009e-05,0.0866404763435682,0.00015856431510662784,25,10,0
43,5465,0.8873069691367107,3.542164906849821e-05,0.11249737435670408,0.00016023485751632193,25,10,0
43,5466,0.8870284499373708,3.542214900840103e-05,0.11277234531028796,0.0001637826033324211,25,10,0
43,5467,0.9136185576201781,3.540978489035599e-05,0.08618227996758675,0.00016375262734459473,25,10,0
43,5468,0.9128869460354746,3.541013563224951e-05,0.08683702416970424,0.00024061965918894187,25,10,0
43,5469,0.926760445407973,2.8610581083251428e-05,0.07303178671646923,0.00017915729447442213,25,10,0
43,5470,0.9288027625131603,2.8606356659127067e-05,0.07100906569432205,0.00015956543585837638,25,10,0
43,5471,0.9218127783148283,2.860962420467518e-05,0.07799901078610845,0.00015960127485895975,25,10,0
43,5472,0.9044758537631858,2.9062471034410343e-05,0.09533323087585657,0.00016185288992352033,25,10,0
43,5473,0.9093419138470916,2.8905742723826172e-05,0.09046767602905748,0.00016150438112747596,25,10,0
43,5474,0.9093380564334467,2.8905782571566965e-05,0.09047086345174646,0.0001621743322357536,25,10,0
43,5475,0.9096117116119632,2.890532911678041e-05,0.09019721265175086,0.00016217040716976668,25,10,0
43,5476,0.9096929066155076,2.8905648138088513e-05,0.0901160722553066,0.0001621154810480647,25,10,0
43,5477,0.9203391758576893,7.22257635422034e-06,0.07949152859072547,0.00016207297523149222,25,10,0
43,5478,0.9203372198976632,7.222474975724997e-06,0.07949348479875643,0.0001620728286052583,25,10,0
43,5479,0.930648194575203,6.340206634696386e-07,0.06925151598813703,9.965541599696301e-05,25,10,0
43,5480,0.9311330538285294,6.407363022458679e-07,0.06877147285985169,9.48325753172528e-05,25,10,0
43,5481,0.9313962511973027,6.361460199429196e-07,0.06850832137808546,9.47912785924739e-05,25,10,0
43,5482,0.9315178416158719,6.365152709204736e-07,0.06838798152985116,9.354033900674482e-05,25,10,0
43,5483,0.9310131761443151,6.366951478962244e-07,0.06889132436502686,9.486279551095942e-05,25,10,0
43,5484,0.9306998431938447,6.366793298024765e-07,0.0692083145259436,9.120560088246693e-05,25,10,0
43,5485,0.9280466531689737,9.221911107287917e-07,0.07182208902668372,0.0001303356132324153,25,10,0
43,5486,0.9285094912314537,9.223013291626238e-07,0.07143608931439803,5.349715281959283e-05,25,10,0
43,5487,0.9283576995099927,9.262048799635906e-07,0.07158787845754325,5.349582758424033e-05,25,10,0
43,5488,0.9217416949470649,9.312475024413484e-07,0.07814074434134845,0.0001166294640844778,25,10,0
43,5489,0.9218172085209381,9.312408457380786e-07,0.07806528022886175,0.00011658000935469445,25,10,0
43,5490,0.9218123006806914,9.312443528541239e-07,0.0780701628449553,0.00011660523000063911,25,10,0
43,5491,0.9214883163393205,9.303660842863896e-07,0.07839532311013475,0.00011543018446073973,25,10,0
43,5492,0.891203220759397,4.0836001479677444e-05,0.10870364815070001,5.229508842447416e-05,25,10,0
43,5493,0.8853163576393922,4.107951084106549e-05,0.11458913229397187,5.343055579516272e-05,25,10,0
43,5494,0.9085351956453956,4.062759043920448e-05,0.09123012975898183,0.0001940470051839956,25,10,0
43,5495,0.9086102622192448,4.062360775456421e-05,0.09115417023568409,0.000194943937317179,25,10,0
43,5496,0.912072115268544,4.049972853119991e-05,0.08769236533578142,0.0001950196671438002,25,10,0
43,5497,0.9117490528186925,4.050002296073739e-05,0.0880154235704492,0.00019502358789779518,25,10,0
43,5498,0.8985066760888636,6.899002383933008e-05,0.10109511829558328,0.00032921559171395165,25,10,0
43,5499,0.8765127846977332,6.899017487849901e-05,0.12308893269079867,0.00032929243658964754,25,10,0
43,5500,0.8781751413631217,6.897052876105156e-05,0.12142664572961995,0.0003292423784968825,25,10,0
43,5501,0.8837159611009163,6.873036617695443e-05,0.11588725069751232,0.00032805783539411216,25,10,0
43,5502,0.8836990401982833,6.873037247805192e-05,0.11590417250819207,0.0003280569210464441,25,10,0
43,5503,0.8908343177563292,6.872501327783227e-05,0.10876894883498714,0.0003280083954058301,25,10,0
43,5504,0.8915972937851764,6.872500620088393e-05,0.10800614300088697,0.00032783820773589137,25,10,0
43,5505,0.8915696103101725,6.872526892971781e-05,0.10803379232669777,0.0003278720941999857,25,10,0
43,5506,0.8843149498412938,6.846992770496527e-05,0.11532591402114872,0.00029066620985256016,25,10,0
43,5507,0.8693002039599714,6.846906352256821e-05,0.13033920857033318,0.0002921184061726993,25,10,0
43,5508,0.8681885723975047,6.84878960641717e-05,0.13145187710850573,0.0002910625979256706,25,10,0
43,5509,0.8676824970964401,6.848847237269856e-05,0.13195480701945977,0.0002942074117275433,25,10,0
43,5510,0.9029252093513255,3.999516468900844e-05,0.09687643536799546,0.00015836011599004016,25,10,0
43,5511,0.902813640739833,3.9995057556847125e-05,0.09698807523461857,0.00015828896799164417,25,10,0
43,5512,0.8959015760454055,4.0012920911850916e-05,0.10389946307640051,0.00015894795728202987,25,10,0
43,5513,0.8960945464330429,4.001038348039927e-05,0.10370785091989072,0.00015759226358536858,25,10,0
43,5514,0.9128633555000006,4.000998687183659e-05,0.08694527893595684,0.00015135557716991304,25,10,0
43,5515,0.9127835349472612,4.000764055076131e-05,0.08702443781326764,0.0001520195989198496,25,10,0
43,5516,0.9124950145782911,4.001262834841101e-05,0.08730899714952862,0.000155975643831173,25,10,0
43,5517,0.9129339809436111,4.000744735650147e-05,0.08687466889871535,0.00015134271031625902,25,10,0
43,5518,0.9129810543944059,4.000744145087865e-05,0.0868274081525997,0.00015153001154302577,25,10,0
43,5519,0.9169934641790125,4.001585988977159e-05,0.08281423334962752,0.00015228661146933687,25,10,0
43,5520,0.9158905120879255,4.004496912433639e-05,0.08391703766448318,0.00015240527846634524,25,10,0
43,5521,0.9141448713101554,4.004089881584611e-05,0.08566269099196046,0.00015239679906761067,25,10,0
43,5522,0.9209041396800184,4.0023333073892495e-05,0.07890270149083561,0.00015313549607145607,25,10,0
43,5523,0.9201967415910495,4.0024219888740606e-05,0.07961324584843486,0.00014998834062636272,25,10,0
43,5524,0.9045548292130551,4.0035614213193787e-05,0.09525604754950522,0.0001490876232261527,25,10,0
43,5525,0.9041848532120506,4.0041140899146664e-05,0.09562342530716852,0.00015168033988141865,25,10,0
43,5526,0.9049037722445431,4.004015294913866e-05,0.0950472797701197,8.907832387887048e-06,25,10,0
43,5527,0.9049868596458004,4.004011166448809e-05,0.09496502967043918,8.070572095851448e-06,25,10,0
43,5528,0.9051079570650752,4.003993673889198e-05,0.0948439577042814,8.045293904198054e-06,25,10,0
43,5529,0.8997656099505378,4.0143933420727266e-05,0.10015574570172628,3.8500414314893436e-05,25,10,0
43,5530,0.8997792830319671,4.014415680797204e-05,0.10014195653849056,3.8616272734000603e-05,25,10,0
43,5531,0.8958573233243066,4.049426296077067e-05,0.10406353391728025,3.864849545226279e-05,25,10,0
43,5532,0.8953547971031933,4.049427323950519e-05,0.10456605935332021,3.864927024672891e-05,25,10,0
43,5533,0.8957564504661478,4.048732614603239e-05,0.10416451208639385,3.85501213118931e-05,25,10,0
43,5534,0.8657331944068436,0.00013603005080905505,0.13409187152583496,3.8904016512926916e-05,25,10,0
43,5535,0.8655090697688681,0.00013603015851721176,0.13431603139085058,3.886868176411527e-05,25,10,0
43,5536,0.8621252792071772,0.0001360213800865306,0.13769994373505842,3.8755677677932905e-05,25,10,0
43,5537,0.8583239481624966,0.0001360307817070202,0.14146720533890647,7.281571688964065e-05,25,10,0
43,5538,0.8583323385709511,0.00013603068931968435,0.14145883876215445,7.279197757444598e-05,25,10,0
43,5539,0.8614863221468503,0.00013602886764802602,0.13830542651870376,7.222246679811358e-05,25,10,0
43,5540,0.8576969838729189,0.00013629773962559773,0.14209456145449031,7.215693296498846e-05,25,10,0
43,5541,0.8494296417705921,0.00013660544512509164,0.15036084168994254,7.291109433993084e-05,25,10,0
43,5542,0.8495424746127049,0.00013660545167349858,0.15024803260113015,7.288733449114028e-05,25,10,0
43,5543,0.8142082284036554,0.00013772152730206084,0.18528318719188733,0.00037086287715421706,25,10,0
43,5544,0.8135280967018885,0.00013794909582840262,0.18596339534891151,0.0003705588533706085,25,10,0
43,5545,0.8172920023111115,0.0001376892153452048,0.1821424003920785,0.0004279080814637768,25,10,0
43,5546,0.8174555339137081,0.00013766010761938794,0.18197901577498687,0.00042779020368465643,25,10,0
43,5547,0.8180077132602948,0.00013771999360785817,0.18142782076332234,0.0004267459827740862,25,10,0
43,5548,0.8017178919525412,0.0001377204131988696,0.19771758416249713,0.00042680347176151295,25,10,0
43,5549,0.8019497785774554,0.00013772034268428977,0.19748569815552713,0.00042680292433197614,25,10,0
43,5550,0.8011566472833195,0.00013772038801597086,0.19827895878219692,0.0004266735464664893,25,10,0
43,5551,0.8063020178212283,0.00013736881198223085,0.1931339949519679,0.0004266184148202597,25,10,0
43,5552,0.8109405272112707,0.0001372656026182638,0.18852353853438214,0.00039866865172787335,25,10,0
43,5553,0.8038743920564342,0.00013736571902290366,0.1955399777023647,0.00044826452217764886,25,10,0
43,5554,0.7906260247923393,0.00013736571611114605,0.2088447958856817,0.00039181360586715785,25,10,0
43,5555,0.7903217348445944,0.00013736570578727609,0.20914908465147047,0.00039181479814725433,25,10,0
43,5556,0.8011185185413633,0.00013748530682925064,0.1983339213957665,0.0004100747560401317,25,10,0
43,5557,0.7665072051117591,0.0001392353515861604,0.23294340150753534,0.00041015802911827895,25,10,0
43,5558,0.7763068213272077,0.00013920494331153604,0.22314574730969006,0.00040822641978909864,25,10,0
43,5559,0.7843424125553712,0.00013890089166222644,0.21511029191445613,0.0004083946385100566,25,10,0
43,5560,0.8212250649005982,9.898330898024253e-05,0.17826761681776623,0.00040833497265481763,25,10,0
43,5561,0.8128561033320846,9.889394851031531e-05,0.18652567347743304,0.0005193292419710352,25,10,0
43,5562,0.7990336602098911,9.977655189462135e-05,0.20034442826792082,0.0005221349702923527,25,10,0
43,5563,0.8000026693001437,9.977657152533688e-05,0.1993754193120081,0.0005221348163215811,25,10,0
43,5564,0.809337817856488,0.00010000734953404519,0.19020048622903057,0.00036168856494638214,25,10,0
43,5565,0.8231445964692164,9.912476015976777e-05,0.17639739329076531,0.00035888547985807177,25,10,0
43,5566,0.8109458827383138,0.00010154445569673167,0.18796953106972766,0.000983041736260769,25,10,0
43,5567,0.8118111697843865,0.0001015444626750043,0.18710421970902463,0.0009830660439129268,25,10,0
43,5568,0.8463265027372613,9.979473963204586e-05,0.1525906467468893,0.0009830557762168317,25,10,0
43,5569,0.8783417814170329,4.257246453640189e-06,0.12067122176241092,0.0009827395741019184,25,10,0
43,5570,0.8999229286559007,4.257235705249198e-06,0.09908908139387976,0.0009837327145136164,25,10,0
43,5571,0.9126663081490858,4.24772206950894e-06,0.08634654033647701,0.0009829037923668698,25,10,0
43,5572,0.9130392103913408,4.247286415224351e-06,0.08597357088620555,0.0009829714360381624,25,10,0
43,5573,0.9122709787181599,4.24760098573444e-06,0.08673689086178868,0.0009878828190656003,25,10,0
43,5574,0.915288369803809,4.2480637318031455e-06,0.08375227140206584,0.0009551107303931082,25,10,0
43,5575,0.9157905525174183,4.248081676406951e-06,0.0832500847888554,0.0009551146120496957,25,10,0
43,5576,0.8833883872417333,1.280234123881745e-05,0.11560146659756863,0.0009973438194590283,25,10,0
43,5577,0.909775198515379,1.1937390881380785e-05,0.08944804987075564,0.0007648142229838537,25,10,0
43,5578,0.9094586847380198,1.1931813497288795e-05,0.08976716574952094,0.0007622176989619515,25,10,0
43,5579,0.9110524782279851,1.1912821481079182e-05,0.08817365552619565,0.0007619534243383106,25,10,0
43,5580,0.9062542551852047,1.1922001671023353e-05,0.0929705175140382,0.0007633052990861495,25,10,0
43,5581,0.8947809722586391,1.1935962122791295e-05,0.10444856521633719,0.0007585265629012156,25,10,0
43,5582,0.892910104174467,1.3634514211611729e-05,0.10631716985400992,0.0007590914573117659,25,10,0
43,5583,0.9089791585764685,1.3634115526575013e-05,0.09024817101310174,0.0007590362949034025,25,10,0
43,5584,0.917558021743228,1.3383260705647185e-05,0.0817326338891569,0.0006959611069099685,25,10,0
43,5585,0.9165348067664677,1.338322846016162e-05,0.0827558471114793,0.0006959628935932237,25,10,0
43,5586,0.9165906373782705,1.3383642761448711e-05,0.08270000193876678,0.0006959770402017973,25,10,0
43,5587,0.9191483300051193,1.1685176128092651e-05,0.0801445244907421,0.0006954603280105745,25,10,0
43,5588,0.9191492554811415,1.1686077209871785e-05,0.08014357120177275,0.0006954872398758909,25,10,0
43,5589,0.9282137924770687,9.262439831925274e-06,0.07170533267404454,7.161240905524855e-05,25,10,0
43,5590,0.9314377223475124,9.166428681703994e-06,0.06849981184276556,5.329938104064258e-05,25,10,0
43,5591,0.93155904550127,9.172027701430696e-06,0.06838099957550671,5.0782895522359944e-05,25,10,0
43,5592,0.9537519555793967,6.212801304540466e-07,0.046237793659801546,9.629480671699457e-06,25,10,0
43,5593,0.9653664922125781,6.072880128519776e-07,0.034623363786160405,9.536713249360396e-06,25,10,0
43,5594,0.9635668344440823,6.073545659977453e-07,0.03642269088148512,9.867319867105148e-06,25,10,0
43,5595,0.9637602187242165,6.099437529474254e-07,0.0362285885049989,1.0582827032206243e-05,25,10,0
43,5596,0.9593349613377548,6.134194105234083e-07,0.040607614925286785,5.681031754846362e-05,25,10,0
43,5597,0.9599891337803199,6.035144190858109e-07,0.039954821175707214,5.5441529554359524e-05,25,10,0
43,5598,0.9481950791268922,6.034810087415547e-07,0.05174874387638453,5.557351571477283e-05,25,10,0
43,5599,0.9226029871007895,6.277881081354175e-06,0.07732166308372433,6.9071934405323e-05,25,10,0
43,5600,0.922710577939274,6.272303580998287e-06,0.07716295788741218,0.00012019186973312307,25,10,0
43,5601,0.9227302116637013,6.272192674274084e-06,0.07714331409644971,0.00012020204717509449,25,10,0
43,5602,0.9222182114314346,6.29337142703123e-06,0.07765527726717075,0.00012021792996798129,25,10,0
43,5603,0.9226856177717688,6.2870484971377345e-06,0.07723487995776054,7.321522197359201e-05,25,10,0
43,5604,0.8943890786694556,6.315767267918596e-06,0.10510992746907467,0.000494678094201724,25,10,0
43,5605,0.88274363674232,6.600169784003461e-06,0.11458568762033729,0.0026640754675587,25,10,0
43,5606,0.9016940260348401,6.583456380412615e-06,0.09605434739414616,0.0022450431146337655,25,10,0
43,5607,0.9165820674152889,9.088859678346946e-07,0.08112969746506848,0.002287326233674843,25,10,0
43,5608,0.916630299350438,9.084057886958628e-07,0.08108147175410985,0.0022873204896636874,25,10,0
43,5609,0.9282033854507266,6.24138670945776e-07,0.07167805496840204,0.0001179354422008273,25,10,0
43,5610,0.9281958629584658,6.242369156427359e-07,0.07168550636153187,0.0001180064430872445,25,10,0
43,5611,0.9282571340786957,6.192568300843541e-07,0.07162426571031177,0.00011798095416271397,25,10,0
43,5612,0.9310911687692464,6.075516994631442e-07,0.06879265057738108,0.0001155731016736568,25,10,0
43,5613,0.9312803170836905,3.25523166320881e-07,0.06860380695542799,0.00011555043771527947,25,10,0
43,5614,0.9377842846093539,3.252326165238022e-07,0.06209986148687508,0.00011552867115460842,25,10,0
43,5615,0.9372795314961319,3.639038308613042e-07,0.06260457929942591,0.00011552530061144775,25,10,0
43,5616,0.9387057469865537,3.2488727851230974e-07,0.061178403169478424,0.00011552495668948423,25,10,0
43,5617,0.942258927299264,3.2490175863328887e-07,0.05762638216211779,0.00011436563685940372,25,10,0
43,5618,0.9311836742874086,3.451114754745749e-07,0.0687015648352216,0.00011441576589427345,25,10,0
43,5619,0.9352631197456076,3.4523160740359096e-07,0.06462213242236392,0.00011440260042091204,25,10,0
43,5620,0.935817090168038,3.451760363575549e-07,0.06412396451465109,5.860014127450901e-05,25,10,0
43,5621,0.9005547587023227,3.7012161781611013e-07,0.09937899955544094,6.587162061840527e-05,25,10,0
43,5622,0.9003355252630669,3.7052900197238186e-07,0.09964939356419006,1.4710643741111068e-05,25,10,0
43,5623,0.9004025049951869,3.7048469338210413e-07,0.09958241367646314,1.4710843656680005e-05,25,10,0
43,5624,0.8910866225495445,3.829551848994757e-07,0.10882040265266449,9.25918426063937e-05,25,10,0
43,5625,0.8909070516774904,3.7758176338606815e-07,0.1089985799489843,9.399079176200874e-05,25,10,0
43,5626,0.8793442613747061,8.280731538943814e-07,0.12056097640430812,9.393414783230017e-05,25,10,0
43,5627,0.913783207520273,8.222595985753901e-07,0.08612925493669162,8.671528343671821e-05,25,10,0
43,5628,0.9137172201719648,8.013558514913323e-07,0.08619536275469374,8.661571749021366e-05,25,10,0
43,5629,0.8978482612472901,8.124114707872078e-07,0.10206685374608014,8.40725951590716e-05,25,10,0
43,5630,0.9010588874789097,6.732895847553843e-07,0.09880322675669871,0.00013721247480709672,25,10,0
43,5631,0.8753465054342103,1.0571585930219117e-06,0.11876463245023511,0.005887804956961817,25,10,0
43,5632,0.8756667991205951,1.03761121588262e-06,0.11844445116434697,0.005887712103842305,25,10,0
43,5633,0.8783505258374779,9.353537615180297e-07,0.1158141078077176,0.005834431001043309,25,10,0
43,5634,0.8782320096470062,9.368654392255429e-07,0.11593245644619378,0.005834597041361099,25,10,0
43,5635,0.8785012815045815,9.366750574003048e-07,0.11566317689014244,0.00583460493021901,25,10,0
43,5636,0.8941392210794941,9.24807969692396e-07,0.10002530577969489,0.005834548332841762,25,10,0
43,5637,0.8943467893283078,9.246516253109803e-07,0.09981773953850909,0.0058345464815582485,25,10,0
43,5638,0.8941602705151754,9.315584702919141e-07,0.10000418426099598,0.005834613665358515,25,10,0
43,5639,0.8947668302035752,9.119102083668735e-07,0.09939747710880907,0.005834780777407584,25,10,0
43,5640,0.9021276495758958,9.31102928064443e-07,0.09174463025353685,0.0061267890676394475,25,10,0
43,5641,0.9011593631476168,9.303126923424043e-07,0.0927128987155315,0.006126807824159692,25,10,0
43,5642,0.9211566368222555,6.22402145753737e-07,0.07271517504582894,0.006127565729769731,25,10,0
43,5643,0.9212204300050688,1.7448306244160337e-06,0.0726501010279315,0.0061277241363753366,25,10,0
43,5644,0.9211172291150176,6.236580755040747e-07,0.07275467465948246,0.006127472567424353,25,10,0
43,5645,0.9210471807024195,6.244034695168566e-07,0.0728245278862036,0.00612766700790738,25,10,0
43,5646,0.921701244511806,6.247694428839806e-07,0.07217044078709395,0.006127689931657157,25,10,0
43,5647,0.9227439265084056,6.249091512988162e-07,0.07112794342609095,0.006127505156351987,25,10,0
43,5648,0.9136008556003076,9.086208830686478e-07,0.08056130372392081,0.005836932054888434,25,10,0
43,5649,0.9111517394218284,1.2142922089754494e-06,0.08301012740707253,0.005836918878890152,25,10,0
43,5650,0.9110036161437962,1.2170730414051017e-06,0.08315754024383981,0.0058376265393226155,25,10,0
43,5651,0.9108392893704139,1.22260109198043e-06,0.08332136527186412,0.005838122756630342,25,10,0
43,5652,0.9112118342553204,1.2224977662894257e-06,0.0829488695815115,0.005838073665401914,25,10,0
43,5653,0.9206715157428492,1.2098131294276927e-06,0.07356697342856157,0.005760301015460042,25,10,0
43,5654,0.9271293299992932,1.301764401190028e-06,0.06706272914443637,0.005806639091869771,25,10,0
43,5655,0.9269098671403811,1.3028565232684453e-06,0.06728243634891772,0.005806393654178158,25,10,0
43,5656,0.9273448575998019,1.2990944899561102e-06,0.06684783845839129,0.005806004847317175,25,10,0
43,5657,0.9271148095744998,1.2992831333399238e-06,0.06707795795534452,0.00580593318702264,25,10,0
43,5658,0.9472776333037355,9.194854100626797e-07,0.05266481478893683,5.663242191747961e-05,25,10,0
43,5659,0.9433497013444285,9.236134917928938e-07,0.05659201420552355,5.7360836556089666e-05,25,10,0
43,5660,0.9345922709480413,1.293719559994927e-06,0.06534673162334223,5.970370905634145e-05,25,10,0
43,5661,0.903277548464055,5.776318093504472e-06,0.09663706060728798,7.961461056234725e-05,25,10,0
43,5662,0.90374861805296,5.7695606085918025e-06,0.09616665332730126,7.895905912883517e-05,25,10,0
43,5663,0.9064852219782168,5.456951585809332e-06,0.09343007121346439,7.924985673207318e-05,25,10,0
43,5664,0.9069701106722325,5.460674418302614e-06,0.09294380854606446,8.062010728419442e-05,25,10,0
43,5665,0.9037818133907354,5.460478798175567e-06,0.09613343005133201,7.929607913350774e-05,25,10,0
43,5666,0.9092358860105807,5.368749658228587e-06,0.09072590372195523,3.284151780594161e-05,25,10,0
43,5667,0.9076235990301447,5.3930263352521806e-06,0.09233826523937237,3.2742704147922356e-05,25,10,0
43,5668,0.9035513989566556,5.762096292221099e-06,0.09641035491206416,3.248403498731199e-05,25,10,0
43,5669,0.9013369473254241,5.828244372005948e-06,0.09862268634646053,3.453808374222225e-05,25,10,0
43,5670,0.8992188504961066,9.885447348763047e-06,0.10071942587860659,5.1838177936826075e-05,25,10,0
43,5671,0.899798508697144,9.885473311323082e-06,0.10013976675937386,5.1839070169935004e-05,25,10,0
43,5672,0.9000770728182491,9.885329662452787e-06,0.09986257142853218,5.0470423555589103e-05,25,10,0
43,5673,0.9007757976138331,9.878163308251792e-06,0.0991640127318187,5.0311491039426365e-05,25,10,0
43,5674,0.9024612486213259,9.877617520163094e-06,0.09747892005829016,4.995370286308365e-05,25,10,0
43,5675,0.9114349510292833,9.507380377682566e-06,0.08850899869287045,4.654289746860457e-05,25,10,0
43,5676,0.9078181869767731,9.512134352274274e-06,0.09212573661759695,4.656427127729876e-05,25,10,0
43,5677,0.9142919481421454,5.020961077938736e-06,0.08567782550378601,2.5205392990792293e-05,25,10,0
43,5678,0.9128086267725659,4.862619809247404e-06,0.08713858481965682,4.79257879680632e-05,25,10,0
43,5679,0.9130648892457929,4.8626128678042595e-06,0.08688230025587923,4.794788546038532e-05,25,10,0
43,5680,0.9168764469180924,4.85784928275751e-06,0.08307077081964459,4.792441298041901e-05,25,10,0
43,5681,0.9168370335172547,4.853622752300512e-06,0.08304603998873616,0.00011207287125739986,25,10,0
43,5682,0.9115446867841588,4.846328253983185e-06,0.0883384040806978,0.00011206280688977613,25,10,0
43,5683,0.9118183209737303,4.841210464132582e-06,0.08806477764343187,0.00011206017237417317,25,10,0
43,5684,0.9116891764513845,4.841227643846025e-06,0.08819387131549909,0.00011211100547283586,25,10,0
43,5685,0.9179972807889272,4.84049033817525e-06,0.08188683374235771,0.00011104497837694888,25,10,0
43,5686,0.9205552820155927,5.052254010071009e-06,0.0761629732083363,0.0032766925220611017,25,10,0
43,5687,0.8944920999887416,2.764678876045711e-05,0.1022034576365535,0.0032767955859437725,25,10,0
43,5688,0.8911990303930005,2.7650689977901387e-05,0.1054551726689807,0.003318146248040073,25,10,0
43,5689,0.9179505247786218,2.7439013826378298e-05,0.08186943269842248,0.00015260350912894808,25,10,0
43,5690,0.9177100743644163,2.743891092895457e-05,0.08210995461221088,0.00015253211244349775,25,10,0
43,5691,0.9178278641217232,2.7438916155862342e-05,0.08199218853734137,0.00015250842477920707,25,10,0
43,5692,0.9172107026735875,2.7448720295099382e-05,0.08260931572290793,0.00015253288320932917,25,10,0
43,5693,0.9047844534168147,2.7462840244976535e-05,0.09503548233747695,0.00015260140546306672,25,10,0
43,5694,0.9013566439422734,2.7593824588069668e-05,0.09846251849500576,0.00015324373813207392,25,10,0
43,5695,0.9056395212156406,2.3470865309616756e-05,0.09420300093275039,0.00013400698629910659,25,10,0
43,5696,0.9315049661402267,8.760574654781316e-07,0.06836015234072322,0.00013400546158502758,25,10,0
43,5697,0.8984490279435255,1.5141564420557744e-06,0.10109973327787931,0.0004497246221528335,25,10,0
43,5698,0.8861751217675927,1.314481546214886e-06,0.11337314386333075,0.0004504198875292126,25,10,0
43,5699,0.8978640128657023,1.3018583130723619e-06,0.1016843312589022,0.0004503540170815425,25,10,0
43,5700,0.8979378143252121,1.3017172136465098e-06,0.10161054248619211,0.00045034147138147296,25,10,0
43,5701,0.8595328215749347,1.3101724514017531e-06,0.13988330200122814,0.0005825662513851366,25,10,0
43,5702,0.8629970862448789,1.5954015936786032e-06,0.13641738026838654,0.0005839380851401677,25,10,0
43,5703,0.8589333307989429,1.7623958968735965e-06,0.1404809156744014,0.0005839911307584825,25,10,0
43,5704,0.8594268693246789,1.752592130596161e-06,0.13998741138077334,0.0005839667024168252,25,10,0
43,5705,0.8594862636333097,1.752429561662648e-06,0.139927996735582,0.0005839872015465458,25,10,0
43,5706,0.8595377863709078,1.7530305623051164e-06,0.1398764726147948,0.0005839879837350769,25,10,0
43,5707,0.8589295778784227,1.7539179192508197e-06,0.1404844510683359,0.0005842171353220446,25,10,0
43,5708,0.8340523869773177,4.4761415206115816e-06,0.16464452009634464,0.0012986167848168795,25,10,0
43,5709,0.8402494316269907,4.47583247735542e-06,0.15851291897728484,0.001233173563247054,25,10,0
43,5710,0.8436155019708231,4.552414965549058e-06,0.15394348245385564,0.002436463160355848,25,10,0
43,5711,0.8467055797250622,4.552798844357885e-06,0.15085347911055674,0.002436388365536627,25,10,0
43,5712,0.8508732643785788,4.385334903809286e-06,0.14668601548335666,0.0024363348031606696,25,10,0
43,5713,0.8564287167732245,4.386021691167625e-06,0.14112926620443708,0.002437631000647107,25,10,0
43,5714,0.8931203761474797,4.377215255630458e-06,0.10456995306630837,0.0023052935709560853,25,10,0
43,5715,0.8931433241757085,4.377203230607066e-06,0.10454699162551755,0.0023053069955431176,25,10,0
43,5716,0.893677248498631,4.376350972620162e-06,0.10401436308150105,0.0023040120688951997,25,10,0
43,5717,0.8934383879955072,4.375386888773532e-06,0.10425338502847678,0.0023038515891270466,25,10,0
43,5718,0.9039690669730004,4.1198520828155925e-06,0.09369955266580839,0.0023272605091077857,25,10,0
43,5719,0.9043561094620759,3.850823260559006e-06,0.0933140712085294,0.0023259685061335533,25,10,0
43,5720,0.9053156214344678,3.851163874747768e-06,0.09235464981212421,0.0023258775895326806,25,10,0
43,5721,0.9284616547358379,1.40505642849662e-06,0.06985304397641363,0.0016838962313198164,25,10,0
43,5722,0.9285948523626673,1.4046138722890557e-06,0.0697198489242961,0.0016838940991643775,25,10,0
43,5723,0.9066200323724962,1.4327024368270222e-06,0.08462317091947956,0.008755364005586847,25,10,0
43,5724,0.894679669452439,1.4359701182957645e-06,0.09656262279395783,0.008756271783484607,25,10,0
43,5725,0.8944826562831172,1.4359702827775878e-06,0.09675963553321192,0.00875627221338788,25,10,0
43,5726,0.8903550128021138,1.4394429241345982e-06,0.10088727122768766,0.008756276527273916,25,10,0
43,5727,0.8723665848593852,0.00019724093650825354,0.11866281152984699,0.008773362674258609,25,10,0
43,5728,0.8741153228466645,0.00019696481344564889,0.11698678827774125,0.008700924062147808,25,10,0
43,5729,0.88820188807722,1.2514990824200924e-06,0.1030865275045666,0.008710332919130264,25,10,0
43,5730,0.8891674761486832,1.2500099581670116e-06,0.10212094231824295,0.008710331523115164,25,10,0
43,5731,0.8874438399145359,1.2495027795318229e-06,0.1038452575469681,0.008709653035716072,25,10,0
43,5732,0.8786992206486507,9.76001289499904e-06,0.11254910620748822,0.00874191313096537,25,10,0
43,5733,0.8777198480118339,9.760726298790217e-06,0.11352838115519859,0.008742010106668075,25,10,0
43,5734,0.8730225688861638,9.77092997902752e-06,0.11822570299970545,0.008741957184151246,25,10,0
43,5735,0.8737051575359422,9.77104127590055e-06,0.1175430957050961,0.008741975717685396,25,10,0
43,5736,0.8873974917452854,9.767842142947951e-06,0.10385167419345065,0.00874106621912066,25,10,0
43,5737,0.8919204415549377,9.766259763671027e-06,0.09932866910985348,0.00874112307544506,25,10,0
43,5738,0.8918364118942419,9.771504491937158e-06,0.09941269395260481,0.008741122648661006,25,10,0
43,5739,0.8921157254089392,9.770880034901598e-06,0.09913348825025688,0.008741015460768593,25,10,0
43,5740,0.8921360331703992,9.770510215844366e-06,0.09911318524400159,0.008741011075382908,25,10,0
43,5741,0.8920061501223059,9.77061966735961e-06,0.09924306435486933,0.008741014903157074,25,10,0
43,5742,0.9001764102849592,9.881166113817457e-06,0.09814096904620837,0.001672739502718548,25,10,0
43,5743,0.9044638161052498,9.773773207946044e-06,0.0938802334845038,0.0016461766370386363,25,10,0
43,5744,0.9006319873843032,9.773986222019907e-06,0.09771086484846116,0.0016473737810138625,25,10,0
43,5745,0.8998999303646845,9.804238422886702e-06,0.09844276266631598,0.0016475027305768693,25,10,0
43,5746,0.899775080008407,9.80441443061409e-06,0.09856629331176084,0.001648822265401695,25,10,0
43,5747,0.9036151704965725,9.80410192787285e-06,0.0947274032825635,0.00164762211893649,25,10,0
43,5748,0.9037218262552885,9.803881089348018e-06,0.09462076734629735,0.0016476025173249164,25,10,0
43,5749,0.8939392129376174,9.807720372877052e-06,0.10125444320246547,0.004796536139544308,25,10,0
43,5750,0.9033248392984637,9.559340402047647e-06,0.09208089003171661,0.0045847113294173805,25,10,0
43,5751,0.8997475985166224,9.559324422472528e-06,0.09565811297467454,0.004584729184280518,25,10,0
43,5752,0.8936813121463217,9.559295310947292e-06,0.10172449910965567,0.004584629448711054,25,10,0
43,5753,0.9032174513632658,9.7415050807691e-06,0.09533620877595025,0.0014365983557030188,25,10,0
43,5754,0.9195861717847242,9.572036859808267e-06,0.07896844059385116,0.001435815584564267,25,10,0
43,5755,0.9209279586455625,9.529614557408289e-06,0.07765155822817849,0.0014109535117010888,25,10,0
43,5756,0.9214331869684627,9.49914815102529e-06,0.07714652622118051,0.001410787662205129,25,10,0
43,5757,0.9216791717501733,9.489925848680625e-06,0.07690065814381311,0.0014106801801641313,25,10,0
43,5758,0.9172429696875487,9.490100203922399e-06,0.08129077365565317,0.001456766556593817,25,10,0
43,5759,0.9035766296912474,0.00019573263220265576,0.09481558757523134,0.0014120501013178482,25,10,0
43,5760,0.9074219334466914,0.00019566009703314796,0.09223843850529198,0.00014396795098276514,25,10,0
43,5761,0.9119185589661478,0.00019565609545313536,0.08774183510553395,0.00014394983286401009,25,10,0
43,5762,0.9128121115418065,0.00018714821500491328,0.08688903750172652,0.00011170274146105048,25,10,0
43,5763,0.9066394291845282,0.00018716031794354542,0.0930617065057365,0.00011170399179123662,25,10,0
43,5764,0.928793125951262,0.0001867706104053016,0.07101211079980349,7.992638528594695e-06,25,10,0
43,5765,0.9221002371444986,0.0001870000425509618,0.07770416081181036,8.602001139024064e-06,25,10,0
43,5766,0.9222391148178439,0.0001869999414203575,0.07756392709467456,9.958146060116977e-06,25,10,0
43,5767,0.9250818233227455,0.00018721166264222324,0.07471929422350895,1.1670791102422801e-05,25,10,0
43,5768,0.9251880080624992,0.00018720758947171626,0.074613041816953,1.1742531075432119e-05,25,10,0
43,5769,0.8924678004761565,0.000187077116036079,0.10733387979281328,1.1242614994978774e-05,25,10,0
43,5770,0.8924817747660185,0.00018707709840217393,0.10732126303439013,9.885101189918896e-06,25,10,0
43,5771,0.892598095191184,0.0001870771088522452,0.10720494075554578,9.886944418478426e-06,25,10,0
43,5772,0.8920871067060362,0.00018707764019804587,0.10771589341361806,9.9222401481006e-06,25,10,0
43,5773,0.8925159920347986,0.00018689174289108956,0.10728807008805356,9.04613425698006e-06,25,10,0
43,5774,0.9104603244284171,6.594216438082276e-07,0.089531312063464,7.704086474978326e-06,25,10,0
43,5775,0.916746979329733,6.477252241377767e-07,0.08324466833441219,7.704610630166927e-06,25,10,0
43,5776,0.9201544935625893,6.478433202555905e-07,0.07983719571242745,7.662881662369191e-06,25,10,0
43,5777,0.9198794397022279,6.481050935111745e-07,0.08011225026363633,7.66192904161679e-06,25,10,0
43,5778,0.9201471124569267,6.47575137015828e-07,0.07984460235609976,7.637611835964703e-06,25,10,0
43,5779,0.9232260403545577,6.442186905254969e-07,0.07676565369673849,7.661730012641415e-06,25,10,0
43,5780,0.9231535682483009,6.442415473757559e-07,0.07683812248963609,7.665020514918938e-06,25,10,0
43,5781,0.8833781347421865,6.441612357327776e-07,0.07820364529077173,0.03841757580580521,25,10,0
43,5782,0.8836113735354342,6.441552628619952e-07,0.0779704300873869,0.03841755222191522,25,10,0
43,5783,0.8613493893152173,6.523851880788332e-07,0.1002301690939596,0.038419789205635324,25,10,0
43,5784,0.8616291350015599,6.521181446742577e-07,0.09995042364028678,0.038419789240008884,25,10,0
43,5785,0.8776969860525913,6.650403261014227e-07,0.11693039569929908,0.005371953207782428,25,10,0
43,5786,0.8776553498389643,6.533387829817294e-07,0.11697206966552166,0.005371927156729792,25,10,0
43,5787,0.8683615498959415,8.994177856382289e-07,0.1262652216480795,0.00537232903819247,25,10,0
43,5788,0.875055182610939,6.699903229688725e-07,0.1195724268400981,0.0053717205586395035,25,10,0
43,5789,0.8750536488056493,6.699851995917447e-07,0.11957396156796221,0.005371719641188396,25,10,0
43,5790,0.866779322317083,0.00025263091354984655,0.12759636671909905,0.005371680050267574,25,10,0
43,5791,0.870175115217691,0.00025241980879331654,0.12420360530189697,0.005368859671618474,25,10,0
43,5792,0.8732982524060597,2.1608989237338983e-07,0.1213330021257874,0.005368529378260225,25,10,0
43,5793,0.8660602867401619,2.1624848260591998e-07,0.1285687629825889,0.005370734028766335,25,10,0
43,5794,0.8663823055300293,2.1604473710694341e-07,0.12824674712885717,0.00537073129637603,25,10,0
43,5795,0.8656290329529763,2.1603436691884818e-07,0.1290000218088632,0.005370729203793278,25,10,0
43,5796,0.8667252982096056,2.1532702630331498e-07,0.12790385338700017,0.0053706330763674814,25,10,0
43,5797,0.8817089018773555,2.055854769663156e-07,0.11828066104593062,1.023149123639745e-05,25,10,0
43,5798,0.8820067013222118,2.4102350421422567e-07,0.11798229999194222,1.075766234122078e-05,25,10,0
43,5799,0.882002689991355,2.4102798283342284e-07,0.1179863108543324,1.0758126329358266e-05,25,10,0
43,5800,0.8894467302796266,4.969522296972552e-07,0.11054079726849313,1.1975499650284127e-05,25,10,0
43,5801,0.8888391967761904,4.988152236072469e-07,0.11114829302165069,1.201138693520842e-05,25,10,0
43,5802,0.8887132260157375,5.134620664110844e-07,0.11127409736352584,1.216315867005216e-05,25,10,0
43,5803,0.8885228169069813,5.184819572356499e-07,0.11146457554513584,1.2089065925344057e-05,25,10,0
43,5804,0.8875081148893768,5.197689839530954e-07,0.11247918668578086,1.217865585833386e-05,25,10,0
43,5805,0.8876915285237468,4.879628575159473e-07,0.11229632790901756,1.1655604378047704e-05,25,10,0
43,5806,0.8871987114577649,4.877619355918716e-07,0.11278906804749321,1.1732732806118913e-05,25,10,0
43,5807,0.8888299236448902,4.634671025174285e-07,0.1111579285425334,1.168434547340582e-05,25,10,0
43,5808,0.8887523849764959,4.6399249150497447e-07,0.11123546498552475,1.1686045487458777e-05,25,10,0
43,5809,0.9032259051068994,4.5048095906623367e-07,0.09676200344535536,1.1640966785941326e-05,25,10,0
43,5810,0.9040862043142057,4.332784351064935e-07,0.09590195978375983,1.1402623599428838e-05,25,10,0
43,5811,0.9054131425704384,4.332646333176683e-07,0.09457520622841022,1.1217936517955362e-05,25,10,0
43,5812,0.905494013976981,4.3457147513442795e-07,0.0944936265432406,1.1924908303014904e-05,25,10,0
43,5813,0.9053663894705718,4.396324513633987e-07,0.09462124509785534,1.19257991214767e-05,25,10,0
43,5814,0.9051642243578283,4.3450324205380114e-07,0.09482206488581067,1.3276253118997682e-05,25,10,0
43,5815,0.9080428407487644,5.023591709149961e-07,0.09194526883747509,1.138805458897795e-05,25,10,0
43,5816,0.8913941759424031,5.026942901408493e-07,0.10859382084778746,1.1500515519140817e-05,25,10,0
43,5817,0.8939939360019145,5.1993256213211e-07,0.10595629931841738,4.9244747105904273e-05,25,10,0
43,5818,0.8989761528604333,5.192613062671769e-07,0.10097575886379916,4.7569014461051644e-05,25,10,0
43,5819,0.8992529037442248,5.192804528155816e-07,0.10070023964821041,4.633732711163658e-05,25,10,0
43,5820,0.9104838224628626,3.6308592351067906e-07,0.08951047537658866,5.33907462498168e-06,25,10,0
43,5821,0.9088775845530869,2.953067931929172e-07,0.09111703488866812,5.08525145165806e-06,25,10,0
43,5822,0.9070310263811223,3.020547443159376e-07,0.09159409087954386,0.0013745806845892488,25,10,0
43,5823,0.9231829504030035,3.224079152600198e-07,0.0754422481782004,0.0013744790108803134,25,10,0
43,5824,0.922974379726135,3.17181987059059e-07,0.07565065593415195,0.0013746471577254958,25,10,0
43,5825,0.9511855250013775,3.2644605385986093e-07,0.047439551811711604,0.0013745967408566298,25,10,0
43,5826,0.9522031816980607,3.2516390063871366e-07,0.046421983890670156,0.0013745092473679006,25,10,0
43,5827,0.9519143653051395,4.94263222976012e-07,0.04671052202107145,0.0013746184105656734,25,10,0
43,5828,0.9497657631245956,5.11553146236419e-07,0.048849570890480185,0.0013841544317774843,25,10,0
43,5829,0.9414017845757628,3.430652897925482e-06,0.05640430104412156,0.0021904837272171875,25,10,0
43,5830,0.9376655456504741,3.425729281764645e-06,0.060141253335687976,0.002189775284555667,25,10,0
43,5831,0.9377802390688352,3.420674985509212e-06,0.060026564543033824,0.0021897757131448935,25,10,0
43,5832,0.9377928567670207,3.4205607376019716e-06,0.0600140661423092,0.00218965652993186,25,10,0
43,5833,0.9378985849748428,3.4205398835152968e-06,0.059908507384651546,0.0021894871006216078,25,10,0
43,5834,0.9116407612738668,3.2508359172422603e-06,0.08616659034153573,0.002189397548680105,25,10,0
43,5835,0.9041976161953077,3.009084808042548e-06,0.09360902225499793,0.0021903524648859383,25,10,0
43,5836,0.8955072523599259,3.223266387789622e-06,0.10229859748537264,0.002190926888312916,25,10,0
43,5837,0.8957396556342745,3.2026053926671885e-06,0.1020662208782382,0.002190920882093882,25,10,0
43,5838,0.8971831984753987,3.1962074264670184e-06,0.10199213334344727,0.0008214719737268171,25,10,0
43,5839,0.8971814412212025,3.1962075227415756e-06,0.10199389029849304,0.0008214722727810788,25,10,0
43,5840,0.9047179523696065,3.1795899751469515e-06,0.0944581330388698,0.0008207350015483245,25,10,0
43,5841,0.9009494893481481,3.1747551679464295e-06,0.09822645251658615,0.0008208833800973241,25,10,0
43,5842,0.898169069765435,3.406673409051928e-06,0.10091241336751595,0.0009151101936396704,25,10,0
43,5843,0.897058742749166,3.538900814155367e-06,0.10202259985817347,0.0009151184918458563,25,10,0
43,5844,0.8865621247692368,3.544340593620482e-06,0.11247544902560684,0.0009588818645617481,25,10,0
43,5845,0.883690974699971,3.4251688858896353e-06,0.11534107518183101,0.0009645249493114568,25,10,0
43,5846,0.8924959999393505,3.2109846490691246e-06,0.1065368392081839,0.0009639498678159161,25,10,0
43,5847,0.8921217557224626,8.530780549092581e-06,0.10690527828039582,0.0009644352165919695,25,10,0
43,5848,0.8911771907450461,8.530777276018773e-06,0.10784984023958537,0.0009644382380919032,25,10,0
43,5849,0.8898310451355756,9.603942565012412e-06,0.1091995609545129,0.0009597899673457691,25,10,0
43,5850,0.893295763976765,9.595637228938363e-06,0.10573801274546407,0.0009566276405413268,25,10,0
43,5851,0.9162049323926433,9.595875916309535e-06,0.08282884286743243,0.0009566288640075048,25,10,0
43,5852,0.9100175089285059,9.599751658017377e-06,0.08901522586090221,0.0009576654589334794,25,10,0
43,5853,0.9100946843733422,9.59931833105772e-06,0.08893805262769192,0.000957663680634194,25,10,0
43,5854,0.9097269520046218,9.609058998795213e-06,0.08927172511141658,0.000991713824961813,25,10,0
43,5855,0.9095498904711774,9.60922450719994e-06,0.0894487368651736,0.0009917634391404225,25,10,0
43,5856,0.9085220006542752,9.62680714250282e-06,0.09047181534829399,0.0009965571902868324,25,10,0
43,5857,0.906111571169657,9.617486657108698e-06,0.09288684555334743,0.000991965790337141,25,10,0
43,5858,0.9185033891112943,9.611661613729587e-06,0.0805388898744832,0.0009481093526079985,25,10,0
43,5859,0.9239792775668687,9.611426734393019e-06,0.07506306509606041,0.0009480459103360209,25,10,0
43,5860,0.9247817719643784,6.6952697067225234e-06,0.07506980317211204,0.0001417295938019404,25,10,0
43,5861,0.9241912089805764,6.703116988660617e-06,0.07566033744410908,0.00014175045832504112,25,10,0
43,5862,0.9260738524281108,6.490370248432667e-06,0.07387203773282988,4.761946881023194e-05,25,10,0
43,5863,0.9204203322210787,6.4973252547431934e-06,0.07952511613290063,4.805432076496002e-05,25,10,0
43,5864,0.9129143776039786,6.7397243914062456e-06,0.08703082804180359,4.805462982515427e-05,25,10,0
43,5865,0.9014856257326297,2.4754434834643194e-05,0.09847475478795255,1.4865044582240605e-05,25,10,0
43,5866,0.885666705657758,2.4784986451221423e-05,0.11429358204836523,1.492730742524404e-05,25,10,0
43,5867,0.8888266866777995,2.5006520789416075e-05,0.11113356035729309,1.4746444117438911e-05,25,10,0
43,5868,0.8986877680556116,2.50028965732725e-05,0.10127352092325666,1.3708124557550312e-05,25,10,0
43,5869,0.8984172087477686,2.500290466508868e-05,0.10154401583835909,1.3772509206024061e-05,25,10,0
43,5870,0.9054258719619971,2.4761361437335918e-05,0.0945355653601232,1.3801316441250145e-05,25,10,0
43,5871,0.9210467566794237,2.4730647938851043e-05,0.0789148110372415,1.3701635395173535e-05,25,10,0
43,5872,0.9122337352360781,4.3408443044339566e-05,0.08770872145624038,1.4134864636455204e-05,25,10,0
43,5873,0.9240860313190192,2.5384699178183967e-05,0.0758752674748971,1.3316506904952073e-05,25,10,0
43,5874,0.9240206353663443,2.53852045120683e-05,0.07593270725972229,2.1272169420672735e-05,25,10,0
43,5875,0.9237098759841309,2.007660599455065e-05,0.07624781067181251,2.223673806153684e-05,25,10,0
43,5876,0.9237078225432792,2.007658766709545e-05,0.07624986500892858,2.2235860124164922e-05,25,10,0
43,5877,0.9125780690577993,2.0572105080451734e-05,0.08737898442227902,2.2374414840436067e-05,25,10,0
43,5878,0.9125855401301577,2.0578078683838828e-05,0.08737150353344397,2.2378257713678053e-05,25,10,0
43,5879,0.9124895582449305,2.0578327340347365e-05,0.08746744328690659,2.242014082154597e-05,25,10,0
43,5880,0.9129819098936174,2.0578507751676843e-05,0.0869775928621972,1.9918736432478758e-05,25,10,0
43,5881,0.9134171842529252,2.0578871173106793e-05,0.08654232100964887,1.9915866251752626e-05,25,10,0
43,5882,0.9124226344617306,2.0583322083026207e-05,0.08753668808121849,2.0094134966638344e-05,25,10,0
43,5883,0.9125760653250568,2.0580246551684792e-05,0.08738325834233866,2.0096086051599537e-05,25,10,0
43,5884,0.9129231189911793,2.0585070801626155e-05,0.08703623306067793,2.0062877340185035e-05,25,10,0
43,5885,0.9130896326440804,2.0579931178147886e-05,0.08686977408575951,2.0013338981090617e-05,25,10,0
43,5886,0.9132019742245417,2.058022509298056e-05,0.08675742753918848,2.0018011175902015e-05,25,10,0
43,5887,0.9028053412082763,2.059148713827036e-05,0.09715398710424954,2.008020033501823e-05,25,10,0
43,5888,0.9013443839663047,2.0593201582741833e-05,0.09861450891423086,2.0513917881425507e-05,25,10,0
43,5889,0.8922414012974896,2.0737993163824376e-05,0.10771733495142416,2.052575792212649e-05,25,10,0
43,5890,0.8934915073372005,2.1020045209450257e-05,0.10635602324396888,0.0001314493736207902,25,10,0
43,5891,0.9027853397692254,2.0875229276532458e-05,0.0970623492477925,0.00013143575370543113,25,10,0
43,5892,0.905994443172117,2.089502420361617e-05,0.09385332080281045,0.00013134100086888687,25,10,0
43,5893,0.9074250445772796,2.088985850807081e-05,0.09242294504117902,0.00013112052303308205,25,10,0
43,5894,0.9187266978758011,2.0394302566262438e-05,0.08112191429513226,0.00013099352650018924,25,10,0
43,5895,0.9219505891249199,2.0655749607311033e-05,0.07789648984995605,0.00013226527551664843,25,10,0
43,5896,0.9217979891735096,2.0655386326470893e-05,0.07804908943755906,0.00013226600260476476,25,10,0
43,5897,0.9442372949623034,2.0647149754702316e-05,0.05561203072752286,0.00013002716041898393,25,10,0
43,5898,0.9441215691864728,2.0916908023673874e-05,0.055726218991329686,0.00013129491417369793,25,10,0
43,5899,0.9448617295412248,2.091689326735662e-05,0.05498612303942628,0.00013123052608147816,25,10,0
43,5900,0.9366837877688795,2.1081409704530166e-05,0.06316451065317763,0.0001306201682385015,25,10,0
43,5901,0.9365634895035765,2.108141939890098e-05,0.06328480800741795,0.00013062106960666088,25,10,0
43,5902,0.9336634812779434,2.1063905784591495e-05,0.06618384627741924,0.00013160853885290616,25,10,0
43,5903,0.9439570194220692,2.1053595318795247e-05,0.05589020633011608,0.00013172065249583193,25,10,0
43,5904,0.9454334570629362,2.1051923311356888e-05,0.0544141943106962,0.0001312967030563339,25,10,0
43,5905,0.9449621424040408,2.1051658797502823e-05,0.054881459150962354,0.00013534678619948204,25,10,0
43,5906,0.9512622750848654,1.5381233106144587e-06,0.0486062637800596,0.0001299230117644921,25,10,0
43,5907,0.9510518169769319,1.814866660020454e-06,0.048816446890790274,0.0001299212656180314,25,10,0
43,5908,0.9525854683794133,1.8498156360366566e-06,0.04728269576919541,0.000129986035755698,25,10,0
43,5909,0.953436562542896,1.830623570855596e-06,0.04643171951671076,0.0001298873168227497,25,10,0
43,5910,0.9538658011757637,1.8260443354680655e-06,0.04600250603102932,0.00012986674887192028,25,10,0
43,5911,0.9539139111368939,1.8262301007567362e-06,0.04595439388679054,0.00012986874621517073,25,10,0
43,5912,0.9544552794433784,1.8251557549299764e-06,0.04542095945866153,0.0001219359422053066,25,10,0
43,5913,0.9546520911158034,1.8415809312475533e-06,0.04533458190358131,1.1485399684505655e-05,25,10,0
43,5914,0.9392128952880386,1.842577486581905e-06,0.06076769188583093,1.7570248644042434e-05,25,10,0
43,5915,0.9480384813460322,1.6668660821536146e-06,0.051943120982015374,1.6730805870587984e-05,25,10,0
43,5916,0.9527830634478041,1.4349192515506553e-06,0.047193568364875246,2.1933268069507955e-05,25,10,0
43,5917,0.9524504545131265,1.4403064638349795e-06,0.047526119838917455,2.198534149239019e-05,25,10,0
43,5918,0.93215102719333,1.1668489310989577e-06,0.06769663155648568,0.00015117440125370367,25,10,0
43,5919,0.9390749947684148,1.1580589606028344e-06,0.06077275292194118,0.00015109425068420058,25,10,0
43,5920,0.9232087583589572,1.1683130912643014e-06,0.07663605055419208,0.00015402277376015894,25,10,0
43,5921,0.943699248806501,1.1643587506006077e-06,0.0562747293842793,2.485745046961905e-05,25,10,0
43,5922,0.9437526978584384,1.1644090283301683e-06,0.05622124002278277,2.489770975081723e-05,25,10,0
43,5923,0.9439399726494839,9.005750359804887e-07,0.0560340878930039,2.5038882476553214e-05,25,10,0
43,5924,0.9441036683715687,6.72108491394629e-07,0.05587045964577144,2.5199874169031677e-05,25,10,0
43,5925,0.9449799468616239,6.566680148408749e-07,0.05499941173155001,1.9984738811783877e-05,25,10,0
43,5926,0.9450119999373408,6.513611703498879e-07,0.05496738980504068,1.9958896448833894e-05,25,10,0
43,5927,0.9505495453464116,6.443501318502946e-07,0.04943171662673295,1.8093676724211693e-05,25,10,0
43,5928,0.9412387284520011,7.462388336068495e-07,0.05868622959428081,7.429571488525602e-05,25,10,0
43,5929,0.9248637209876859,7.41554762862389e-07,0.07506118719534997,7.435026220145513e-05,25,10,0
43,5930,0.9211349352360177,7.413451752865729e-07,0.07878998387932208,7.43395394849622e-05,25,10,0
43,5931,0.9361381451234473,7.311220199596282e-07,0.06378988647693808,7.123727759508834e-05,25,10,0
43,5932,0.936197696881799,7.313469285449308e-07,0.063730226599951,7.134517132186128e-05,25,10,0
43,5933,0.9335040149675337,7.588064365068013e-07,0.06642487745216986,7.034877386028995e-05,25,10,0
43,5934,0.9336632662153742,4.89187133448081e-07,0.06626711238014565,6.913221734688513e-05,25,10,0
43,5935,0.9374117166273915,4.890544758937064e-07,0.06251869627942731,6.909803870562792e-05,25,10,0
43,5936,0.9367051292895645,4.947570245960961e-07,0.06315120359636857,0.00014317235704268638,25,10,0
43,5937,0.9353077967595128,1.2882086138965613e-05,0.06453557580595336,0.0001437453483953488,25,10,0
43,5938,0.9350466281569316,1.3030980905336515e-05,0.06479587273974625,0.00014446812241719108,25,10,0
43,5939,0.9354048017958668,1.2876847141222963e-05,0.06443861382088598,0.00014370753610649093,25,10,0
43,5940,0.9234721241611709,1.3639277178128881e-05,0.07637449616398954,0.00013974039766204252,25,10,0
43,5941,0.9130272159286582,1.4328027733945868e-05,0.08681369939818495,0.00014475664542279234,25,10,0
43,5942,0.9119231621033443,1.4329169116616042e-05,0.08791762661130509,0.00014488211623365311,25,10,0
43,5943,0.9172789524973092,1.4432719298888344e-05,0.08256049840069676,0.00014611638269521315,25,10,0
43,5944,0.924799940989757,1.743958919675617e-06,0.0750532606999921,0.0001450543513317962,25,10,0
43,5945,0.9195905869794114,1.8267119830349477e-06,0.08023929950409231,0.0001682868045137475,25,10,0
43,5946,0.9150483045566908,1.1808125617609833e-05,0.08472418759139273,0.00021569972629869295,25,10,0
43,5947,0.9149655369162134,1.180800097912009e-05,0.08480623292592426,0.00021642215688335277,25,10,0
43,5948,0.9238260159925522,1.1917444067813343e-05,0.0759456621851497,0.00021640437823093242,25,10,0
43,5949,0.9293698194671882,1.183464746333575e-05,0.07042509278692885,0.0001932530984204038,25,10,0
43,5950,0.9241633682591034,1.1615425812812307e-05,0.07568565533994359,0.0001393609751409501,25,10,0
43,5951,0.9242868811502641,1.161525630101982e-05,0.07556219170228634,0.0001393118911490552,25,10,0
43,5952,0.9348272131315639,1.092517928548758e-05,0.0650277459663706,0.0001341157227807341,25,10,0
43,5953,0.9345445991867262,1.0928960026179802e-05,0.06530934113240251,0.00013513072084575124,25,10,0
43,5954,0.9348194008034365,1.0928692983250793e-05,0.06503453932268827,0.00013513118089256295,25,10,0
43,5955,0.8971502363335746,4.7739945294775445e-05,0.10232218941417628,0.00047983430695385806,25,10,0
43,5956,0.8972937373345324,4.7745524529304585e-05,0.10217539648526891,0.00048312065566935027,25,10,0
43,5957,0.9136884719895191,4.7745331563343205e-05,0.08578062084640801,0.00048316183250913635,25,10,0
43,5958,0.9140803607550599,4.774504604659067e-05,0.08538880423525341,0.00048308996363971416,25,10,0
43,5959,0.9140152631762382,4.773948386292671e-05,0.08545857955678933,0.00047841778310916754,25,10,0
43,5960,0.9196841946790094,3.7756554738946215e-05,0.07984722042358217,0.00043082834266931357,25,10,0
43,5961,0.924712404226053,3.6994720287873236e-05,0.07481989973010468,0.00043070132355430175,25,10,0
43,5962,0.9247750804393741,3.6994502559149134e-05,0.07475732243323169,0.0004306026248350789,25,10,0
43,5963,0.9228556348027795,3.701329077045474e-05,0.0766670778061433,0.00044027410030642006,25,10,0
43,5964,0.920369590715319,3.70165102098392e-05,0.0791520611141944,0.00044133166027649087,25,10,0
43,5965,0.9162444709401667,3.72109496432259e-05,0.08327691115715878,0.00044140695303086086,25,10,0
43,5966,0.9160522584405445,3.771991038838801e-05,0.0834746208977916,0.00043540075127516237,25,10,0
43,5967,0.9146385146455824,3.772047706609384e-05,0.0848884620781806,0.0004353027991701274,25,10,0
43,5968,0.9154464782914499,3.758709877955997e-05,0.08408189237694148,0.00043404223282830513,25,10,0
43,5969,0.9085744383724106,3.802546689301581e-05,0.09095139860807473,0.0004361375526209345,25,10,0
43,5970,0.9014463625230641,3.820385138061957e-05,0.0980597916066122,0.00045564201894223664,25,10,0
43,5971,0.9027098708601337,3.82033647629151e-05,0.09679628590732695,0.0004556398677756357,25,10,0
43,5972,0.903424632521435,3.819765888764443e-05,0.09615560430728509,0.0003815655123914337,25,10,0
43,5973,0.9091713317751339,3.819735674032781e-05,0.09041122114131031,0.00037924972681467454,25,10,0
43,5974,0.9081279786392144,3.81982509179888e-05,0.09145436846564099,0.00037945464422609596,25,10,0
43,5975,0.8729469951844248,3.818067314378829e-05,0.12664503808255156,0.0003697860598797957,25,10,0
43,5976,0.8804140051928069,3.800222590658008e-05,0.11919767545889919,0.0003503171223871493,25,10,0
43,5977,0.8798114479892386,3.828176173614751e-05,0.1197999283066101,0.0003503419424149857,25,10,0
43,5978,0.8795071401325818,3.828182557113668e-05,0.12010418123770313,0.0003503968041438661,25,10,0
43,5979,0.8793360024152231,3.82819091387579e-05,0.12027534499827705,0.00035037067736101604,25,10,0
43,5980,0.9165614267636597,3.8280707260017255e-05,0.08304992566618856,0.0003503668628910999,25,10,0
43,5981,0.8940220318658386,3.829562192777709e-05,0.10558730846110274,0.00035236405113080286,25,10,0
43,5982,0.8937283874063344,3.8300887968480805e-05,0.10588092292033657,0.00035238878536021493,25,10,0
43,5983,0.9164158421847592,3.8285183992729076e-05,0.0831956810094398,0.0003501916218075486,25,10,0
43,5984,0.916434394214657,3.828518050614752e-05,0.08317713154225316,0.00035018906258344596,25,10,0
43,5985,0.9325159467053976,3.777522487049738e-05,0.06709616721698254,0.0003501108527496219,25,10,0
43,5986,0.8988007870468497,4.0247416252006614e-05,0.10080873744036521,0.0003502280965329296,25,10,0
43,5987,0.8987815474913201,4.024742758941555e-05,0.10082797522192012,0.00035022985917027114,25,10,0
43,5988,0.8988553505394994,4.024803259324508e-05,0.10075408181197848,0.0003503196159289205,25,10,0
43,5989,0.8988300511204763,4.024814681568218e-05,0.10077930962501189,0.00035039110769638434,25,10,0
43,5990,0.9048051089965745,3.980983624688302e-05,0.09480682349285095,0.00034825767432784967,25,10,0
43,5991,0.9405575709213845,2.999338291191363e-06,0.059435989494207024,3.440246117860239e-06,25,10,0
43,5992,0.9249587619394,3.0116212575773224e-06,0.07503185418624138,6.372253101055861e-06,25,10,0
43,5993,0.9248624289146057,3.011508966742363e-06,0.07512825876912477,6.300807302753148e-06,25,10,0
43,5994,0.9058360312187493,2.995002687821916e-06,0.09415467244980265,6.301328759718638e-06,25,10,0
43,5995,0.9050837215718822,2.9950012068489384e-06,0.0949069841730161,6.299253894554456e-06,25,10,0
43,5996,0.9059262804543157,2.9990400490166153e-06,0.09406440711063874,6.3133949963146385e-06,25,10,0
43,5997,0.9058452607002611,2.999179565502115e-06,0.09414541119664604,6.328923527356173e-06,25,10,0
43,5998,0.9030663024208464,2.999293681077683e-06,0.09687279928664744,5.7898998825000215e-05,25,10,0
43,5999,0.9028866178930357,2.999372869135486e-06,0.09705244891540386,5.7933818691258737e-05,25,10,0
43,6000,0.9363603365105636,5.352670844696744e-07,0.06357905554665828,6.007267569375928e-05,25,10,0
43,6001,0.9363757386999487,5.352558327861796e-07,0.0635636551114025,6.007093281621343e-05,25,10,0
43,6002,0.9371421369400023,5.352558203817406e-07,0.06279725684124338,6.007096293428295e-05,25,10,0
43,6003,0.9122016636739513,1.2391872134925971e-05,0.08772608714174834,5.985731216536285e-05,25,10,0
43,6004,0.911803833619544,1.2391893850204731e-05,0.08812391341274596,5.986107385981703e-05,25,10,0
43,6005,0.9365943544804152,5.353130008838549e-07,0.06334575922958458,5.9350976999509566e-05,25,10,0
43,6006,0.9374973434325916,5.346242774278297e-07,0.062442772786959685,5.934915617133358e-05,25,10,0
43,6007,0.958234595926447,5.159589511882511e-07,0.041705623811349984,5.926430325210026e-05,25,10,0
43,6008,0.9633010049365316,3.208256961538176e-07,0.0366394463904644,5.922784730814446e-05,25,10,0
43,6009,0.9634302188640657,3.210324041540043e-07,0.03651018193732234,5.927816620796591e-05,25,10,0
43,6010,0.940228959914168,3.222600964253334e-07,0.05971116837203893,5.954945369640298e-05,25,10,0
43,6011,0.9405599125888494,3.2254171211178304e-07,0.05938018266709638,5.958220234185555e-05,25,10,0
43,6012,0.9396797506383195,3.2328618625668853e-07,0.06026020326842338,5.972280707062418e-05,25,10,0
43,6013,0.940333771205323,3.269487087931418e-07,0.059606142565601775,5.975928036620495e-05,25,10,0
43,6014,0.93957121066399,1.6705835825512016e-05,0.060350944592635465,6.113890754899323e-05,25,10,0
43,6015,0.9129015270123739,1.6706777137509458e-05,0.08653420698078097,0.0005475592297074772,25,10,0
43,6016,0.9132971673646446,3.2375451790865496e-07,0.08615634702263293,0.0005461618582042777,25,10,0
43,6017,0.9129300131250576,5.047518291429863e-07,0.08652231637769285,0.0005471657454201209,25,10,0
43,6018,0.9091403549641539,3.2684522344041964e-06,0.09030893514603973,0.0005474414375718759,25,10,0
43,6019,0.9124120200538285,3.266378199338162e-06,0.087089327048494,0.0004953865194778483,25,10,0
43,6020,0.9124982881269527,3.2663841506052983e-06,0.08700301163103968,0.000495433857856756,25,10,0
43,6021,0.8767722582655191,4.663766446245573e-06,0.12235456997998645,0.0008685079880483796,25,10,0
43,6022,0.8769900818703293,4.659832635506892e-06,0.12213678769864694,0.0008684705983882737,25,10,0
43,6023,0.8623747674407661,4.658613441247875e-06,0.13675234029137207,0.0008682336544206391,25,10,0
43,6024,0.862472282451606,4.658457657926122e-06,0.1366548424043789,0.0008682166863574524,25,10,0
43,6025,0.849724213769894,4.472381455763547e-06,0.1494041228876005,0.0008671909610501112,25,10,0
43,6026,0.876563295467932,4.476474614607276e-06,0.12305150768475398,0.0003807203726998078,25,10,0
43,6027,0.8637026609650864,4.718601004573568e-06,0.13591072975684593,0.00038189067706346537,25,10,0
43,6028,0.8682780223380452,1.9546370931760038e-06,0.13133842002253515,0.0003816030023271095,25,10,0
43,6029,0.8684011152722255,1.9546259100527554e-06,0.13121532706517838,0.0003816030366867462,25,10,0
43,6030,0.8675260304730533,1.955599244627437e-06,0.1320904053231531,0.000381608604549655,25,10,0
43,6031,0.8675052920439428,1.975862934950096e-06,0.13211112295595429,0.000381609137168619,25,10,0
43,6032,0.8747762693095664,1.9752656341232874e-06,0.12484014848773199,0.000381606937068086,25,10,0
43,6033,0.874756169025287,1.9756188339066025e-06,0.12486015294271663,0.0003817024131630545,25,10,0
43,6034,0.8745429722344531,1.9716523211780305e-06,0.12507437078060596,0.0003806853326203154,25,10,0
43,6035,0.8745613605100211,1.971670725737366e-06,0.1250559816322658,0.0003806861869879939,25,10,0
43,6036,0.8486386062425447,1.9780815084178363e-06,0.15097545765708362,0.00038395801886376374,25,10,0
43,6037,0.8491164487954151,1.6988317884303171e-06,0.15049791692601924,0.00038393544677778856,25,10,0
43,6038,0.8497149040224666,1.6982542535244966e-06,0.14989925025383652,0.0003841474694438068,25,10,0
43,6039,0.8365967515298522,1.716866276512257e-06,0.16264616922005307,0.0007553623838181738,25,10,0
43,6040,0.8496888576411454,1.7167040283569795e-06,0.1495487017780746,0.0007607238767522913,25,10,0
43,6041,0.8501921092022278,1.716340970187364e-06,0.1490455465553474,0.0007606279014553667,25,10,0
43,6042,0.8366629151506131,1.9647052389997083e-06,0.16255027845959438,0.0007848416845536916,25,10,0
43,6043,0.8491939089337498,1.7177070023987489e-06,0.1500186395122759,0.0007857338469724086,25,10,0
43,6044,0.8779662914148401,2.047793649110106e-06,0.1211802819416703,0.000851378849841032,25,10,0
43,6045,0.8914187076244834,1.799576282607512e-06,0.10774971443550355,0.0008297783637309319,25,10,0
43,6046,0.8616076200138713,1.8002276996726584e-06,0.13756079822497658,0.0008297815334529963,25,10,0
43,6047,0.8766971345603988,1.7879495592909844e-06,0.12247422602489104,0.0008268514651513733,25,10,0
43,6048,0.8769461028614443,1.7797613964630732e-06,0.1222275679238005,0.0008245494533587733,25,10,0
43,6049,0.8661539733669434,2.5585496675759155e-06,0.1330170397929,0.0008264282904892066,25,10,0
43,6050,0.8660585644925145,2.6016370834835077e-06,0.13310629508571314,0.0008325387846891567,25,10,0
43,6051,0.8582091545908698,1.0462850708017516e-05,0.14094714555474638,0.0008332370036760229,25,10,0
43,6052,0.8552590927531948,1.0639490582425102e-05,0.14389525447404722,0.0008350132821758834,25,10,0
43,6053,0.8577987525087036,1.063801558045898e-05,0.14135481106486408,0.0008357984108519931,25,10,0
43,6054,0.8531821085486568,1.0644373035897287e-05,0.1459225609139767,0.0008846861643302391,25,10,0
43,6055,0.861327551253399,2.8438626047538667e-05,0.1381307299797245,0.0005132801408290334,25,10,0
43,6056,0.8613090412269933,2.843862591581369e-05,0.13814924001219409,0.0005132801348969687,25,10,0
43,6057,0.8617957334148493,2.841835820937226e-05,0.13766256689435796,0.0005132813325835059,25,10,0
43,6058,0.8616336584110219,2.8418459230992668e-05,0.13782461445349775,0.0005133086762494354,25,10,0
43,6059,0.8657480051914253,2.8422531191645662e-05,0.13375912619058705,0.0004644460867960935,25,10,0
43,6060,0.8655873460788795,2.8423739575149652e-05,0.13392500447127445,0.0004592257102709679,25,10,0
43,6061,0.8995743849236741,2.716265217731192e-05,0.09993908967654748,0.0004593627476009238,25,10,0
43,6062,0.9180571417283433,8.275551076083473e-06,0.08139822108052032,0.0005363616400601496,25,10,0
43,6063,0.9050111927556515,8.278886612114329e-06,0.0914554509642765,0.0035250773934597823,25,10,0
43,6064,0.9055636130656033,8.278289548597151e-06,0.090905857966941,0.003522250677906906,25,10,0
43,6065,0.9147116063704481,7.954163165253033e-06,0.08182352460967976,0.0034569148567065947,25,10,0
43,6066,0.9148341981542623,7.954010295920604e-06,0.08169605145321877,0.003461796382222741,25,10,0
43,6067,0.8996253487672271,7.95403956022048e-06,0.09690487324661343,0.0034618239465984703,25,10,0
43,6068,0.8981600162148736,8.023591555889096e-06,0.09836993242035792,0.0034620277732119982,25,10,0
43,6069,0.8987832380966972,8.013172694502744e-06,0.09774669751787583,0.003462051212731741,25,10,0
43,6070,0.9009219458078844,7.717357776541899e-06,0.09568580877547751,0.003384528058861141,25,10,0
43,6071,0.8623967315231114,8.915295316312531e-05,0.1341227596867809,0.0033913558369443623,25,10,0
43,6072,0.8620951960805405,8.915510773862737e-05,0.13442380515683663,0.003391843654883947,25,10,0
43,6073,0.8550693868652725,8.916023760407737e-05,0.1414476350425381,0.0033938178545853503,25,10,0
43,6074,0.8551064618556965,8.915963270833892e-05,0.14141060406698316,0.003393774444612012,25,10,0
43,6075,0.8579679541529432,8.898641912813978e-05,0.13850804788445023,0.003435011543478693,25,10,0
43,6076,0.8581131463156011,8.898606553681418e-05,0.13836487062579436,0.0034329969930676826,25,10,0
43,6077,0.8710895110615192,8.898800850875159e-05,0.12837722740184268,0.0004442735281287214,25,10,0
43,6078,0.8641483662780111,8.945220377161048e-05,0.13531689482257078,0.00044528669564660887,25,10,0
43,6079,0.8648132076790687,9.087029155075485e-05,0.13502511915241228,7.080287696890176e-05,25,10,0
43,6080,0.8356103201645017,9.088836627987602e-05,0.16382396932254742,0.0004748221466710223,25,10,0
43,6081,0.8077698268808605,9.090070577717024e-05,0.19166432008466447,0.0004749523286973501,25,10,0
43,6082,0.8113112752422164,8.430020398639982e-05,0.18813030858543103,0.00047411596836569785,25,10,0
43,6083,0.8112862591250114,8.430015243537295e-05,0.18815530919174323,0.0004741315308101246,25,10,0
43,6084,0.8048978953752859,8.432850274440063e-05,0.194492074568252,0.000525701553718155,25,10,0
43,6085,0.7965027595046031,8.456705227398511e-05,0.2028862166036838,0.0005264568394392705,25,10,0
43,6086,0.7963470180478218,8.921061078097016e-05,0.20171330458389602,0.0018504667575013332,25,10,0
43,6087,0.7964942535654974,8.920880438650283e-05,0.201566555879318,0.001849981750798305,25,10,0
43,6088,0.7964049758987553,8.922903770586555e-05,0.20164577108697299,0.0018600239765660142,25,10,0
43,6089,0.8347673676944665,8.778592723515831e-05,0.16328482529864527,0.0018600210796537496,25,10,0
43,6090,0.8415143943247745,8.775757226103548e-05,0.15658939826829402,0.0018084498346711364,25,10,0
43,6091,0.840111943200436,8.775758204313258e-05,0.1579918000582764,0.001808499159245278,25,10,0
43,6092,0.8435538688127793,8.729337120015401e-05,0.1545514000432593,0.0018074377727621239,25,10,0
43,6093,0.8427768505469782,8.729038283249571e-05,0.15537123899923924,0.0017646200709508669,25,10,0
43,6094,0.8758627071322731,5.854768503727424e-06,0.12237364670392596,0.0017577913952976155,25,10,0
43,6095,0.875635325612115,5.785272292035116e-06,0.12259330963049181,0.0017655794851012619,25,10,0
43,6096,0.8910092625857104,5.785759976404741e-06,0.10721935344319604,0.0017655982111173458,25,10,0
43,6097,0.8883760280003267,5.919043435311865e-06,0.10981743507268321,0.0018006178835549358,25,10,0
43,6098,0.8897776790293735,5.919056772845038e-06,0.10841583250462372,0.001800569409230206,25,10,0
43,6099,0.8830182797884363,6.044116781743279e-06,0.11332261424373381,0.0036530618510481213,25,10,0
43,6100,0.8832477137516648,6.038407611529693e-06,0.11309215619824745,0.0036540916424764756,25,10,0
43,6101,0.8833883302760079,6.038580436018716e-06,0.11295158569479213,0.0036540454487643294,25,10,0
43,6102,0.8848110257020426,6.055966521871293e-06,0.1115369169922608,0.003646001339175661,25,10,0
43,6103,0.8837028583603456,6.3389752837798505e-06,0.11264470640769143,0.0036460962566798112,25,10,0
43,6104,0.8836875478774633,6.3389771296027784e-06,0.11266006151920907,0.0036460516261983874,25,10,0
43,6105,0.8611864530090049,9.995205108096431e-06,0.1351566635243819,0.003646888261505987,25,10,0
43,6106,0.8532560964062236,9.869202788893874e-06,0.13998565416581804,0.006748380225170468,25,10,0
43,6107,0.8598210825830183,9.58620224207757e-06,0.13342104016997122,0.006748291044769637,25,10,0
43,6108,0.8598216009001589,9.586202650759174e-06,0.13342052350228845,0.006748289394902899,25,10,0
43,6109,0.8665005828559651,9.461043041636771e-06,0.12859275831784822,0.004897197783145722,25,10,0
43,6110,0.8938458210419494,9.43459628920941e-06,0.10165267719163133,0.004492067170130931,25,10,0
43,6111,0.9029198679400662,4.5517898000503735e-06,0.09390964635207476,0.003165933918059963,25,10,0
43,6112,0.9031125599405389,4.55178481006915e-06,0.09371693485054354,0.003165953424108525,25,10,0
43,6113,0.9009705827245165,4.689835353879699e-06,0.0958219560736759,0.0032027713664547026,25,10,0
43,6114,0.9095604958724494,4.5522937128599854e-06,0.08704811908879082,0.0033868327450470984,25,10,0
43,6115,0.9095142347951062,4.5705378321691835e-06,0.08709424434848487,0.0033869503185767823,25,10,0
43,6116,0.919441045708219,4.582936567608933e-06,0.0803039788836496,0.0002503924715637064,25,10,0
43,6117,0.9200401026955436,4.563693353454049e-06,0.07970493940441262,0.00025039420669043216,25,10,0
43,6118,0.927059131049881,4.558900671905904e-06,0.07268789058668262,0.0002484194627641619,25,10,0
43,6119,0.9106732801368367,4.567139583086083e-06,0.089030948123686,0.00029120459989446395,25,10,0
43,6120,0.9098185948465328,4.567892360094633e-06,0.0898867840454885,0.000290053215618896,25,10,0
43,6121,0.9374867240944096,4.8405411001716666e-06,0.062217181135168546,0.00029125422932187915,25,10,0
43,6122,0.937666624192718,4.550164013581913e-06,0.062038929713880864,0.00028989592938781316,25,10,0
43,6123,0.9477885860661607,4.784757615458345e-06,0.051895038962162826,0.00031159021406060376,25,10,0
43,6124,0.9472323877794818,4.977463936587602e-06,0.05245093232489216,0.00031170243168872217,25,10,0
43,6125,0.94723813411479,4.977459808176873e-06,0.05244518608481049,0.00031170234059065097,25,10,0
43,6126,0.9308389625748913,4.993615682476735e-06,0.0687180287137068,0.000438015095719325,25,10,0
43,6127,0.9313520940393323,4.820173712924202e-06,0.06820492791558073,0.0004381578713738389,25,10,0
43,6128,0.9315567211025081,4.8202796415460775e-06,0.06800031366452096,0.00043814495332929545,25,10,0
43,6129,0.9317301438374312,4.800735433221776e-06,0.06782716843195717,0.0004378869951782203,25,10,0
43,6130,0.9313978820157519,4.807584377911156e-06,0.0681577705191682,0.0004395398807018184,25,10,0
43,6131,0.9004473404703417,6.90931022181548e-05,0.09905012009909225,0.00043344632834784797,25,10,0
43,6132,0.9009995666010251,6.907320598403887e-05,0.0985079587495385,0.00042340144345248687,25,10,0
43,6133,0.8894635152641517,6.93010715971967e-05,0.1099815481940428,0.00048563547020849946,25,10,0
43,6134,0.8891716668961449,6.928387236460264e-05,0.11027331085691534,0.00048573837457533504,25,10,0
43,6135,0.888846720929496,6.930349189198043e-05,0.11059823621795001,0.00048573936066202944,25,10,0
43,6136,0.88866227566912,6.930320437888385e-05,0.11078268294624394,0.00048573818025725746,25,10,0
43,6137,0.8673658709947624,6.931048719339659e-05,0.12487659602706642,0.007688222490977123,25,10,0
43,6138,0.8669170255217399,6.952976424165693e-05,0.12532466759011648,0.00768877712390133,25,10,0
43,6139,0.8669196655420357,6.954086880650761e-05,0.12532325911308134,0.007687534476075876,25,10,0
43,6140,0.8534966466663438,6.95479610428587e-05,0.1386087905116459,0.007825014860967087,25,10,0
43,6141,0.8850974744243301,5.218521379106961e-06,0.10707248631822815,0.007824820736062882,25,10,0
43,6142,0.8965235364803159,4.99577623152556e-06,0.09570887544511099,0.007762592298341999,25,10,0
43,6143,0.8973230982330496,4.978586936039766e-06,0.09490921967204041,0.00776270350797443,25,10,0
43,6144,0.8928869279188525,4.982329565919659e-06,0.09934533137508238,0.007762758376499456,25,10,0
43,6145,0.8923772692347324,4.992619209171582e-06,0.09985492931907894,0.00776280882698028,25,10,0
43,6146,0.8923874643464906,4.993009475961163e-06,0.09984460105287855,0.0077629415911553154,25,10,0
43,6147,0.8864967090277845,4.992897331159336e-06,0.10573535939969649,0.007762938675188142,25,10,0
43,6148,0.8868500269083565,4.773707308997575e-06,0.10538279486925138,0.0077624045150835545,25,10,0
43,6149,0.8869617177076655,4.773518800150553e-06,0.10527110603402347,0.007762402739511544,25,10,0
43,6150,0.8774459915012666,4.772990833309197e-06,0.11500760824900785,0.007541627258892445,25,10,0
43,6151,0.8988649787080389,1.6644282899516243e-06,0.09359128056712224,0.0075420762965490076,25,10,0
43,6152,0.8988788725998628,1.6644281746157083e-06,0.09357738667603785,0.007542076295924902,25,10,0
43,6153,0.8953485899880043,1.8459752586211666e-06,0.09710747096999574,0.007542093066741431,25,10,0
43,6154,0.8603196947385338,6.034399072733065e-05,0.1318003609102861,0.0078196003604534,25,10,0
43,6155,0.8608223982609822,6.03342964072601e-05,0.13129771666180218,0.00781955078080885,25,10,0
43,6156,0.8956883021456709,1.8358314922255653e-06,0.09676792729788825,0.007541934724948653,25,10,0
43,6157,0.9072322633225773,1.8456679877329725e-06,0.08522405763069443,0.007541833378740704,25,10,0
43,6158,0.9011256817904654,1.0721638659513681e-06,0.09133183954704703,0.007541406498621437,25,10,0
43,6159,0.9010704452570848,1.0810332302997833e-06,0.091387091484024,0.007541382225660618,25,10,0
43,6160,0.901507654209122,1.0810412232885096e-06,0.090949907346269,0.007541357403385215,25,10,0
43,6161,0.8746111445028119,8.994982851805204e-07,0.1178466135099144,0.007541342488988851,25,10,0
43,6162,0.8872270742570975,8.924210119488573e-07,0.10536817108773464,0.007403862234155941,25,10,0
43,6163,0.8872553445778881,8.923671268168655e-07,0.1053398075188783,0.007403955536107026,25,10,0
43,6164,0.8872550499049983,8.924658657067627e-07,0.10534019762699087,0.007403860002145349,25,10,0
43,6165,0.8877886894064271,8.738074781880187e-07,0.1048070606131789,0.007403376172915787,25,10,0
43,6166,0.8490210365824926,8.696232758203936e-07,0.1435747167774173,0.007403377016814531,25,10,0
43,6167,0.8277169607210466,1.31438693778796e-06,0.16487830798253597,0.0074034169094810975,25,10,0
43,6168,0.8476159176854076,1.2982525045248216e-06,0.1451056322600798,0.007277151802009004,25,10,0
43,6169,0.8476237854940725,1.2984990309098985e-06,0.14509771484668638,0.007277201160211146,25,10,0
43,6170,0.8225514114405154,1.313212144750351e-06,0.17016794787541165,0.007279327471928994,25,10,0
43,6171,0.8192638959675382,1.6488640172715859e-06,0.17345420987964602,0.007280245288799363,25,10,0
43,6172,0.8234981418790206,1.6722537081651247e-06,0.1764225668490829,7.761901818951122e-05,25,10,0
43,6173,0.841381976359538,1.6404919899139001e-06,0.1585388121525493,7.757099592332043e-05,25,10,0
43,6174,0.8413815239340958,1.6400747403210266e-06,0.15853931475068472,7.752124047982123e-05,25,10,0
43,6175,0.8416613079016152,1.6400730513415742e-06,0.1582595556061068,7.749641922744787e-05,25,10,0
43,6176,0.8387332990364846,1.6394370469395608e-06,0.16108883434769045,0.00017622717877853914,25,10,0
43,6177,0.8444594772463215,1.4043370905526908e-06,0.15542628737116404,0.00011283104542462579,25,10,0
43,6178,0.8477980538235276,1.0690205982543759e-06,0.15208893951196545,0.00011193764390930802,25,10,0
43,6179,0.8435728673008789,1.0865689653147035e-06,0.15631548043265012,0.00011056569750607092,25,10,0
43,6180,0.8791293127952504,1.0865610652830848e-06,0.12075903710880372,0.0001105635348810087,25,10,0
43,6181,0.8451679606928623,1.1362458957367852e-06,0.15472033509666905,0.00011056796457369922,25,10,0
43,6182,0.8791224191672553,1.0867540953187192e-06,0.12076592908275291,0.00011056499589701058,25,10,0
43,6183,0.9042022301405522,1.0714223635351344e-06,0.09568825977440718,0.00010843866267699593,25,10,0
43,6184,0.9042015118834802,1.0714358303505338e-06,0.09568897709714885,0.00010843958354074818,25,10,0
43,6185,0.9048092586255847,1.0636039430679514e-06,0.09508234879909727,0.00010732897137520731,25,10,0
43,6186,0.9049320537009236,1.0636212313455008e-06,0.09495955114542921,0.00010733153241604714,25,10,0
43,6187,0.870928108576969,1.0781148902355994e-06,0.12895707191794012,0.00011374139020136661,25,10,0
43,6188,0.8709282818610363,1.0781314418887715e-06,0.12895689774392394,0.00011374226359856237,25,10,0
43,6189,0.870987747294988,1.0782331552643204e-06,0.12889740695554738,0.00011376751630978923,25,10,0
43,6190,0.8981026630822275,1.2626833076307612e-05,0.10176993608532832,0.00011477399936853777,25,10,0
43,6191,0.8988433437743915,1.2626845963732282e-05,0.1010292554060776,0.00011477397356790164,25,10,0
43,6192,0.8766556892999471,1.2610678637527297e-05,0.12321678027707722,0.00011491974433923854,25,10,0
43,6193,0.84267539739209,1.2773079988538894e-05,0.1571523582059372,0.0001594713219848384,25,10,0
43,6194,0.8358152628887335,2.5281337339319395e-05,0.16399992789241274,0.00015952788151474566,25,10,0
43,6195,0.8422887713341477,1.2773070841095349e-05,0.15753892021701932,0.00015953537799273416,25,10,0
43,6196,0.842292862490941,1.2773067505462128e-05,0.15753482991300793,0.00015953452854639013,25,10,0
43,6197,0.841102891409029,1.3045431589764513e-05,0.1587241886686972,0.00015987449068491464,25,10,0
43,6198,0.8410524269194254,1.3045375605444352e-05,0.158774666621298,0.0001598610836721691,25,10,0
43,6199,0.8750002778106871,1.2882615458437818e-05,0.12487157848912171,0.00011526108473363109,25,10,0
43,6200,0.8750663591685082,1.2882559906508056e-05,0.12480550991926895,0.00011524835231730297,25,10,0
43,6201,0.8588812846113357,1.3523225951222011e-05,0.14098682007429406,0.00011837208841987109,25,10,0
43,6202,0.8589819590936795,1.3523339403402434e-05,0.1408861649850315,0.00011835258188655123,25,10,0
43,6203,0.8703847086004645,1.984026599752971e-06,0.12949589085598767,0.00011741651694882809,25,10,0
43,6204,0.8677476426118663,1.9647040901104834e-06,0.13213038034350327,0.0001200123405408516,25,10,0
43,6205,0.856053246299454,1.0613143684677735e-05,0.14377435596641794,0.00016178459044406842,25,10,0
43,6206,0.8559901722489713,1.0613967357558128e-05,0.14383733533739612,0.00016187844627515334,25,10,0
43,6207,0.856918808144684,1.0351926009090416e-05,0.14290924858892892,0.0001615913403782045,25,10,0
43,6208,0.878103300619281,9.912112951319763e-06,0.12172506737741375,0.0001617198903545181,25,10,0
43,6209,0.8781007000917258,9.912192808817773e-06,0.12172764303881985,0.0001617446766462794,25,10,0
43,6210,0.8723781008544271,9.92641507920773e-06,0.12745022591229502,0.0001617468181992785,25,10,0
43,6211,0.8723142516477128,9.926482507532782e-06,0.12751898068507495,0.00015684118470566202,25,10,0
43,6212,0.8654386292010046,9.93857987668558e-06,0.13439347372045904,0.0001579584986605818,25,10,0
43,6213,0.8424513259979892,9.94539497371515e-06,0.1573789448613348,0.0001597837457034924,25,10,0
43,6214,0.8424480746899298,9.945424056664316e-06,0.15738219525939723,0.000159784626617478,25,10,0
43,6215,0.842008203113157,1.021632962923572e-05,0.1578212649904276,0.0001603155667871441,25,10,0
43,6216,0.8415417221566179,1.021673437679571e-05,0.15828761369401012,0.00016044741499640186,25,10,0
43,6217,0.8340111394395242,1.286582011207742e-05,0.16580572716636166,0.00017026757400278195,25,10,0
43,6218,0.8450793583502088,1.2611730997198345e-05,0.15473903945093548,0.00016899046785940646,25,10,0
43,6219,0.8427006932655661,1.840590349696137e-05,0.1570842586088562,0.00019664222208129763,25,10,0
43,6220,0.8659107420831725,1.839733271147397e-05,0.13387643362258095,0.00019442696153556424,25,10,0
43,6221,0.8506795372611955,1.8409811367419736e-05,0.14700956047644703,0.0022924924509905463,25,10,0
43,6222,0.8653083552370958,1.839724454603006e-05,0.13447884665498872,0.00019440086337002525,25,10,0
43,6223,0.8656528213725619,1.839743037702045e-05,0.134134378251922,0.00019440294513957377,25,10,0
43,6224,0.8493226522139051,1.842033122245614e-05,0.15046446911826172,0.0001944583366114038,25,10,0
43,6225,0.8543080159103499,1.803379416731334e-05,0.1454813076828877,0.0001926426125957645,25,10,0
43,6226,0.8569157756378505,1.2245434816541488e-05,0.14290721076305762,0.00016476816427605414,25,10,0
43,6227,0.8567706834407045,1.2245447574177436e-05,0.1430523024345105,0.00016476867721147538,25,10,0
43,6228,0.8739019325392365,1.2222633803508741e-05,0.12592110571570994,0.00016473911125072883,25,10,0
43,6229,0.8584336960797262,1.2849615985676412e-05,0.14138859012898156,0.00016486417530699285,25,10,0
43,6230,0.8686817502838418,4.714710090040755e-06,0.13118564372490651,0.00012789128116178443,25,10,0
43,6231,0.8686892726786297,4.714680919453752e-06,0.1311781222624297,0.00012789037802115883,25,10,0
43,6232,0.8708145551395978,4.725303461095387e-06,0.12915149580603674,2.9223750904371348e-05,25,10,0
43,6233,0.8686993329578638,4.724666602578684e-06,0.13097602770352576,0.00031991467200795343,25,10,0
43,6234,0.8611557593689528,4.76393612890106e-06,0.1385197054460638,0.00031977124885507034,25,10,0
43,6235,0.8615641773963858,4.487947963130934e-06,0.13811223617419116,0.0003190984814599181,25,10,0
43,6236,0.8616958613368007,4.487912701574688e-06,0.13798058229780735,0.0003190684526907214,25,10,0
43,6237,0.8615614572815633,4.5098574631212885e-06,0.13811468294850182,0.0003193499124726245,25,10,0
43,6238,0.8956082631099679,4.485959880250429e-06,0.10407431001523879,0.00031294091491350444,25,10,0
43,6239,0.8956520164911521,4.48616467234685e-06,0.10403052639508573,0.0003129709490902376,25,10,0
43,6240,0.8674844160851367,6.318614511107888e-05,0.1321345072273385,0.00031789054241481725,25,10,0
43,6241,0.8665486415623337,6.318647784729286e-05,0.13307029666969716,0.0003178752901228972,25,10,0
43,6242,0.8664802575984019,6.319061950587704e-05,0.133138688916201,0.000317862865892371,25,10,0
43,6243,0.8767487000287875,6.054116011164897e-05,0.12288530050677117,0.00030545830433075514,25,10,0
43,6244,0.8811225234968734,6.054254647430171e-05,0.11851152737825377,0.000305406578399809,25,10,0
43,6245,0.8810947952418711,6.054738509411894e-05,0.11853927994128427,0.0003053774317517359,25,10,0
43,6246,0.8822394368968043,6.054706877478222e-05,0.1173946450045297,0.00030537102989241767,25,10,0
43,6247,0.8823948698509215,6.054190085826657e-05,0.11723923130264108,0.0003053569455798084,25,10,0
43,6248,0.8781558147991403,6.0738932963153165e-05,0.12142240371448647,0.0003610425534105121,25,10,0
43,6249,0.8787196703867565,6.0231885576583615e-05,0.12086382564724746,0.0003562720804197998,25,10,0
43,6250,0.878713036197999,6.023710227791144e-05,0.1208703721083079,0.0003563545914154864,25,10,0
43,6251,0.8778718395081863,6.0407697661115456e-05,0.121709105726836,0.0003586470673164293,25,10,0
43,6252,0.8776101342345227,6.0408062265433554e-05,0.12197077585774413,0.0003586818454677675,25,10,0
43,6253,0.8770258661014743,6.0408111606812234e-05,0.12255506761533913,0.00035865817157980373,25,10,0
43,6254,0.8780391990318525,6.040123976795717e-05,0.12154170064472726,0.00035869908365217376,25,10,0
43,6255,0.8751102255134421,6.0394476817456055e-05,0.12446883302092666,0.0003605469888135724,25,10,0
43,6256,0.8738888539229225,6.0403236727469195e-05,0.12569161939225845,0.0003591234480907738,25,10,0
43,6257,0.8669593681904116,6.040362399705201e-05,0.13262293067501574,0.0003572975105746276,25,10,0
43,6258,0.8669449316346214,6.040369374738888e-05,0.13263733484473825,0.0003573298268918963,25,10,0
43,6259,0.8441791909456319,6.041141535534538e-05,0.1552855501325044,0.0004748475065080941,25,10,0
43,6260,0.8433009553131215,6.040728810262412e-05,0.15616380942238478,0.0004748279763907203,25,10,0
43,6261,0.8631563698788639,0.0003217202554188465,0.13604705094835162,0.0004748589173653341,25,10,0
43,6262,0.8528296369017775,0.0003217180687356821,0.14637372658229927,0.0004749184471872371,25,10,0
43,6263,0.8629373329456453,0.00032173242907724707,0.13626599336673162,0.0004749412585455909,25,10,0
43,6264,0.8541860390851409,0.0003217367317632524,0.1450161962516779,0.00047602793141769185,25,10,0
43,6265,0.8189323108061725,0.0003471401289557178,0.18012340718421607,0.0005971418806560465,25,10,0
43,6266,0.8269468160385928,0.0003471366222013805,0.17203363607542635,0.00067241126377982,25,10,0
43,6267,0.8125949644892329,0.0003576835115669133,0.18637490948031993,0.0006724425188807512,25,10,0
43,6268,0.8160210507688247,0.00035861280510402193,0.1829432818526,0.0006770545734713412,25,10,0
43,6269,0.8161527193022438,0.00035859089660106883,0.18281182105615637,0.0006768687449986518,25,10,0
43,6270,0.8006843481761831,0.0003586024831601832,0.1982771517699582,0.0006798975706986483,25,10,0
43,6271,0.8146266986007837,0.0003590747128066405,0.1843289827534706,0.0006852439329393234,25,10,0
43,6272,0.8423814106329439,0.00030038139320515394,0.15663741672116738,0.0006807912526839193,25,10,0
43,6273,0.8425679576664321,0.00030038102833095977,0.15645090486112145,0.0006807564441156358,25,10,0
43,6274,0.8485702430283255,0.000300699694423149,0.15044671118935485,0.0006823460878965127,25,10,0
43,6275,0.8489903251901787,0.00030069901098662174,0.15010298313574624,0.000605992663088679,25,10,0
43,6276,0.8666174868576744,0.0003113879266577397,0.13253358621947608,0.000537538996191741,25,10,0
43,6277,0.8666347112003746,0.0003113879159173292,0.1325163658048465,0.0005375350788616647,25,10,0
43,6278,0.8777679903596922,0.00031117890806905204,0.12144008472419053,0.0004807460080481196,25,10,0
43,6279,0.877792261092615,0.00031117896654992723,0.12141593668965642,0.0004806232511785031,25,10,0
43,6280,0.878031274031359,0.00031101243236182,0.12117830680383532,0.00047940673244375163,25,10,0
43,6281,0.8566037677047292,0.00031850933691309884,0.1425631998309699,0.0005145231273875192,25,10,0
43,6282,0.8567397906249536,0.00031849905575373835,0.14242725876001872,0.000514451559274035,25,10,0
43,6283,0.8556863013955038,0.00031849909459762306,0.14348062687663402,0.0005145726332646843,25,10,0
43,6284,0.8557991271815694,0.00031849920241234944,0.1433678272791611,0.0005145463368572172,25,10,0
43,6285,0.856356884748442,0.0003184995115946579,0.14281019012423712,0.0005144256157261076,25,10,0
43,6286,0.8619371475993838,0.00030780301966620084,0.13728566955024035,0.0004693798307096458,25,10,0
43,6287,0.8618923690108925,0.0003078030341064715,0.13733042628910988,0.00046940166589119173,25,10,0
43,6288,0.8415491049959826,0.0003090123530576447,0.15766659771484792,0.0004752849361116703,25,10,0
43,6289,0.8417297658936945,0.00033492201557911686,0.15745784488005807,0.00047746721066830705,25,10,0
43,6290,0.8588982640129285,0.0003089983092740255,0.14031748031942562,0.0004752573583716017,25,10,0
43,6291,0.8555411384533749,0.0003092335710129798,0.143673817554009,0.0004758104216032296,25,10,0
43,6292,0.8554089185295644,0.00030923860125298895,0.1438060443554235,0.00047579851375921224,25,10,0
43,6293,0.8555867531112206,0.0003092334043536473,0.14362682976551175,0.00047718371891405356,25,10,0
43,6294,0.8816279771621777,0.00046998325505911114,0.11752990746081529,0.00037213212194828996,25,10,0
43,6295,0.8430319828954778,0.0005495267393756745,0.15604644966423448,0.00037204070091198505,25,10,0
43,6296,0.8432454893554409,0.0005495266411580386,0.15583433153201992,0.0003706524713812035,25,10,0
43,6297,0.8453691377210356,0.0005484211972633129,0.15371465283573169,0.00036778824596927893,25,10,0
43,6298,0.8548132860802764,0.0005480909471968216,0.14427537459310041,0.0003632483794262536,25,10,0
43,6299,0.8650471316969167,0.0005480871234596125,0.134041555438078,0.00036322574154560515,25,10,0
43,6300,0.8650295738419908,0.000548087243808776,0.13405908474538197,0.0003632541688182497,25,10,0
43,6301,0.8474370669984382,0.0005487379043198408,0.15165088298373863,0.00036331211350271343,25,10,0
43,6302,0.8457105676572411,0.0005487561888692133,0.15337714791691492,0.0003635282369745189,25,10,0
43,6303,0.8547878493341119,0.00036258357964931437,0.1445021133083814,0.0003474537778573069,25,10,0
43,6304,0.8578227436281847,0.00036243372451113317,0.14143963053176434,0.00037519211553966816,25,10,0
43,6305,0.8578627273177514,0.0003624336297030273,0.1413996482349999,0.00037519081754563136,25,10,0
43,6306,0.8827636426639668,0.00028290896451946886,0.11643378010776016,0.0005196682637538264,25,10,0
43,6307,0.882965684489801,0.00028290946460151245,0.11623174485861747,0.0005196611869804564,25,10,0
43,6308,0.8825926776225884,0.0002830307231459619,0.1166034765093145,0.0005208151449515112,25,10,0
43,6309,0.8827018013244603,0.0002830305259930864,0.1164943646673348,0.0005208034822120431,25,10,0
43,6310,0.8832467885486598,0.000282928009069362,0.11597785457540644,0.0004924288668649678,25,10,0
43,6311,0.8801010031632929,0.00028292364704994387,0.11912349564911638,0.0004925775405407487,25,10,0
43,6312,0.8823885794268744,0.0002831355753249292,0.11697632015836965,0.00035196483943103653,25,10,0
43,6313,0.8765603251211469,0.0002831354154108683,0.12273865390924468,0.00041788555419737186,25,10,0
43,6314,0.8764361265805103,0.00028313531537041815,0.12286284830667123,0.0004178897974478422,25,10,0
43,6315,0.8980307683268833,0.00027564260616745324,0.10130950775693524,0.00038408131001367715,25,10,0
43,6316,0.8946166217445812,0.0002758988292212379,0.10472276689851812,0.00038471252767919456,25,10,0
43,6317,0.8954023987937673,0.000275898504748684,0.10393707534688996,0.00038462735459383,25,10,0
43,6318,0.8952830306486725,0.000275903200923542,0.10405761493268376,0.0003834512177198736,25,10,0
43,6319,0.8971718516209228,0.0002749739648287575,0.10217430868992977,0.0003788657243185605,25,10,0
43,6320,0.8982297739454101,0.00027442667208942245,0.10111809011082913,0.00037770927167114386,25,10,0
43,6321,0.8980714706324825,0.000274427119433687,0.10127510020320107,0.0003790020448828151,25,10,0
43,6322,0.8982316692368946,0.0002744230592445306,0.10111598183435021,0.0003779258695107216,25,10,0
43,6323,0.8981014928923662,0.00027457872735797874,0.1012447379292518,0.0003791904510239845,25,10,0
43,6324,0.8940495106047297,0.00028541643211767425,0.10528452459940608,0.0003805483637467613,25,10,0
43,6325,0.8945099425461132,0.000285436703205862,0.10482260491789704,0.0003820158327838872,25,10,0
43,6326,0.8944583183943883,0.00028542636293540685,0.10487425150984198,0.00038200373283438227,25,10,0
43,6327,0.8938168152560105,0.00028543125968902777,0.10551572677500104,0.0003820267092993927,25,10,0
43,6328,0.8897708248838775,0.00028543354039831586,0.1095630654753046,0.0003806761004199412,25,10,0
43,6329,0.890852240572134,0.0002854295951243883,0.1084818153956248,0.0003805144371172213,25,10,0
43,6330,0.8912835440971659,0.00028542901962616654,0.10804993459284408,0.0003810922903641584,25,10,0
43,6331,0.8748827731096231,0.000285764364943269,0.1243610807937729,0.00047038173166089227,25,10,0
43,6332,0.8908606599663044,0.0002851331411648561,0.1080946925913986,0.0007595143011325925,25,10,0
43,6333,0.8902546369262272,0.0002852835565778029,0.10870097007262239,0.0007591094445729374,25,10,0
43,6334,0.8862323342588193,0.0002850202121092337,0.11272603480070853,0.0007566107283629542,25,10,0
43,6335,0.8881892366292053,0.00028501998759416505,0.11105985110586448,0.000465892277335939,25,10,0
43,6336,0.8924765157818406,0.0002838306573686766,0.10677686424882225,0.00046278931196876816,25,10,0
43,6337,0.8922720440765939,0.00028383019053954285,0.10698150188595498,0.0004626238469120061,25,10,0
43,6338,0.8687273001487601,0.0002838594381695509,0.1305296789860667,0.00045916142700385743,25,10,0
43,6339,0.8923523468680856,0.0002838302672858972,0.10690517015171302,0.0004586527129155605,25,10,0
43,6340,0.8922634369092619,0.0002838309371845255,0.1069939926652307,0.00045873948832291943,25,10,0
43,6341,0.897011472681578,0.00028381692212565323,0.10224602540618313,0.0004586849901130666,25,10,0
43,6342,0.8965667334278207,0.00028381188509419615,0.10269222817453942,0.00045722651254579685,25,10,0
43,6343,0.8887321035197177,0.00029688728364658774,0.11045158593495548,0.0005194232616802801,25,10,0
43,6344,0.9032294634663295,0.0002863452594484452,0.09596478501054805,0.0005194062636737447,25,10,0
43,6345,0.9034715453949193,0.0002863450791469703,0.0957227039041604,0.000519405621773181,25,10,0
43,6346,0.9106303190921117,0.00027326949547333394,0.08863924974064805,0.0004571616717670656,25,10,0
43,6347,0.9096086822052533,0.00027379005746569295,0.08965783923778747,0.00045968849949379234,25,10,0
43,6348,0.9137175319908032,0.0002736373340562847,0.08554935338437619,0.00045947729076446076,25,10,0
43,6349,0.9143541080492116,0.00027362290670641617,0.08491289502202594,0.00045937402205627214,25,10,0
43,6350,0.8939852492016105,1.3696950310543753e-05,0.10554147783489641,0.00045957601318326156,25,10,0
43,6351,0.9099020985510772,1.3357212775424608e-05,0.08971552550542132,0.000369018730726307,25,10,0
43,6352,0.9425111624605483,1.1990872998305241e-05,0.05710803955057149,0.0003688071158818346,25,10,0
43,6353,0.9425150680264496,1.1970579233157512e-05,0.05710553245412387,0.00036742894019331957,25,10,0
43,6354,0.9427906564680333,1.1969919799572736e-05,0.05682993992322723,0.0003674336889398036,25,10,0
43,6355,0.9432737741826885,1.1969904672295708e-05,0.05634691630205224,0.0003673396105867873,25,10,0
43,6356,0.9312416836697369,1.2267291348246677e-05,0.06837769119594474,0.0003683578429699488,25,10,0
43,6357,0.9317983751140326,1.2269701267162553e-05,0.06782027211961215,0.00036908306508788547,25,10,0
43,6358,0.9319056583569059,1.2275279927313354e-05,0.06771295856752521,0.00036910779564109595,25,10,0
43,6359,0.9432604373572293,1.2326124232980443e-05,0.05636192677731558,0.0003653097412215307,25,10,0
43,6360,0.9432788625731979,1.2326007228064164e-05,0.05634352922542265,0.0003652821941508063,25,10,0
43,6361,0.9322942572676374,1.2321811153208282e-05,0.06732365808755493,0.00036976283365425575,25,10,0
43,6362,0.9342929195706108,1.2260230501284815e-05,0.06532508251699198,0.0003697376818957456,25,10,0
43,6363,0.9504071690079564,1.2240250196517673e-05,0.049213632039940586,0.0003669587019060571,25,10,0
43,6364,0.9503446119473123,1.2248190829333811e-05,0.04927399964101374,0.00036914022084413406,25,10,0
43,6365,0.9565406215381949,1.2248002848258766e-05,0.04314390855543544,0.0003032219035213576,25,10,0
43,6366,0.956261683743289,1.252480736608146e-05,0.04342129189528758,0.0003044995540571645,25,10,0
43,6367,0.9586168507771089,1.2515485889370633e-05,0.041355323723809595,1.5310013191885763e-05,25,10,0
43,6368,0.9439275243423084,1.2751708460440284e-05,0.054236603009986964,0.0018231209392446496,25,10,0
43,6369,0.9427668921144542,1.2748365302010918e-05,0.055395918604419725,0.00182444091582454,25,10,0
43,6370,0.9423667839922614,1.275409123049412e-05,0.05579592496234361,0.0018245369541648971,25,10,0
43,6371,0.9527234249588966,1.2752714372090234e-05,0.04544378915558786,0.0018200331711433718,25,10,0
43,6372,0.9529502315035568,1.275269346975109e-05,0.045216987265295765,0.0018200285376776461,25,10,0
43,6373,0.9544452269653189,1.2752456923901004e-05,0.0437232335680957,0.0018187870096615416,25,10,0
43,6374,0.954171832444096,1.2744983930425475e-05,0.04399861273559322,0.0018168098363804668,25,10,0
43,6375,0.9542791072303329,1.2744908850409269e-05,0.043891338969518225,0.001816808891298509,25,10,0
43,6376,0.9543030200137116,1.2744922163277558e-05,0.0438674300447077,0.0018168050194173723,25,10,0
43,6377,0.954709120720848,1.2745152224637874e-05,0.04346130392611266,0.0018168302008147654,25,10,0
43,6378,0.9546971393857043,1.274569642451957e-05,0.043473280095237134,0.0018168348226338762,25,10,0
43,6379,0.9691407907749068,1.2514430019563678e-05,0.030837626692452567,9.068102620958133e-06,25,10,0
43,6380,0.9691322724838032,1.2514609434062881e-05,0.030846141605122855,9.071301639779831e-06,25,10,0
43,6381,0.97286311675708,1.251209553226994e-05,0.02711589486564454,8.476281743072736e-06,25,10,0
43,6382,0.9723433697686811,1.2512556386315163e-05,0.027635412784251315,8.704890681121825e-06,25,10,0
43,6383,0.976453389828649,1.6697088248719094e-06,0.02353761834977961,7.322112746425121e-06,25,10,0
43,6384,0.9764524787265008,1.669341556818002e-06,0.023538626931252166,7.225000690272817e-06,25,10,0
43,6385,0.9765651170038968,1.6693897779163632e-06,0.023425986589667002,7.22701665830618e-06,25,10,0
43,6386,0.976556722234013,1.6693963910196264e-06,0.02343438008081304,7.228288783016249e-06,25,10,0
43,6387,0.9748391506043405,1.3879839477792061e-06,0.025151631926617114,7.829485094439426e-06,25,10,0
43,6388,0.9638399664598335,1.3879564078847855e-06,0.036150813770173595,7.83181358491363e-06,25,10,0
43,6389,0.960235027846397,1.3923922654631576e-06,0.03975574619124696,7.833570090532706e-06,25,10,0
43,6390,0.925307983750152,1.1109283973457625e-06,0.0746784450857369,1.2460235713812077e-05,25,10,0
43,6391,0.8860593303798187,1.1109955080665946e-06,0.113927302576834,1.225604783807918e-05,25,10,0
43,6392,0.8833581637365668,1.1160621564022735e-06,0.11662570227394255,1.5017927333510339e-05,25,10,0
43,6393,0.886321753080454,1.1053035204467498e-06,0.11366481872098656,1.2322895038071168e-05,25,10,0
43,6394,0.9185100370451801,0.0002536671422043126,0.08122318343351549,1.3112379099961552e-05,25,10,0
43,6395,0.9179508347027123,0.000253681723339431,0.08178105138174008,1.4432192207840135e-05,25,10,0
43,6396,0.9181571116927243,0.0002536815680371732,0.08157484232633802,1.4364412899933272e-05,25,10,0
43,6397,0.9218419456574297,0.00025342533542333407,0.07789089589764492,1.3733109501697403e-05,25,10,0
43,6398,0.9138794115511293,0.0002535774970614205,0.08585316297584755,1.3847975961001312e-05,25,10,0
43,6399,0.9138626428476101,0.00025358818971348056,0.0858699187335509,1.385022912485994e-05,25,10,0
43,6400,0.9125885225489603,0.0002536063959078882,0.08714403124526074,1.3839809870422831e-05,25,10,0
43,6401,0.8849862967022264,0.0002547428414603104,0.09769185091446243,0.01706710954185007,25,10,0
43,6402,0.8849280786733128,0.00025473736481177546,0.0977500273693418,0.01706715659253292,25,10,0
43,6403,0.8862708317452811,0.0002547191489490482,0.09640737788822953,0.01706707121753947,25,10,0
43,6404,0.885867488139468,0.00025471951496892236,0.09680948000589903,0.017068312339663504,25,10,0
43,6405,0.8839752242094486,0.0002547203011424251,0.09869487764689733,0.017075177842510454,25,10,0
43,6406,0.8836991313866567,0.0002547202183578639,0.09897098999597802,0.017075158399006408,25,10,0
43,6407,0.8835343601137056,0.0002547152772644841,0.09913523171016525,0.017075692898863532,25,10,0
43,6408,0.8830906184192537,0.0002547156021087456,0.09957894907248065,0.0170757169061559,25,10,0
43,6409,0.8829229990173615,0.00025472036521904056,0.09974732198146807,0.017074958635950554,25,10,0
43,6410,0.8831194286664651,0.00025471974610583725,0.09954942855836514,0.017076423029062923,25,10,0
43,6411,0.8831207783169058,0.00025471991335518455,0.09954808040421043,0.017076421365527433,25,10,0
43,6412,0.8851390154680304,0.0002547201598583425,0.09753046233278774,0.01707580203932261,25,10,0
43,6413,0.8689045505343267,0.000254720575139644,0.1137649262467792,0.017075802643753562,25,10,0
43,6414,0.8851384859930856,0.0002547201608886275,0.09753099168047762,0.017075802165547143,25,10,0
43,6415,0.8862226359639276,0.0002543044963954826,0.09642261644359211,0.017100443096084203,25,10,0
43,6416,0.8861072267991623,0.0002541995380197321,0.09656520610927793,0.017073367553539266,25,10,0
43,6417,0.8613387222125239,0.0002602040016982666,0.12129959848051064,0.017101475305266872,25,10,0
43,6418,0.8609358495751609,0.0002602044992430492,0.12169998378695715,0.017103962138638473,25,10,0
43,6419,0.8609532495165862,0.0002602044981887906,0.12168258396528342,0.017103962019941056,25,10,0
43,6420,0.8964768905685614,0.00026022263247881336,0.0861716501711962,0.017091236627763233,25,10,0
43,6421,0.9115255708011244,0.00025422168577921787,0.07115609200158396,0.017064115511512008,25,10,0
43,6422,0.9189960271147336,1.6593092933007324e-06,0.0639389876732523,0.017063325902720278,25,10,0
43,6423,0.9194139329282127,1.669369239218166e-06,0.06352369378859321,0.017060703913954277,25,10,0
43,6424,0.918804688430502,1.673887357907392e-06,0.06413030739366216,0.017063330288477424,25,10,0
43,6425,0.9127537660496732,1.6820150227237441e-06,0.07017911045429756,0.017065441481006104,25,10,0
43,6426,0.9230354208539205,1.7061091751388782e-06,0.05989727248467763,0.017065600552226265,25,10,0
43,6427,0.923410966893354,1.7012999349634022e-06,0.05952297655250385,0.01706435525420688,25,10,0
43,6428,0.9234496854330869,1.700906511088387e-06,0.05948435079976348,0.017064262860638037,25,10,0
43,6429,0.9288480046698956,1.7073232629152954e-06,0.05408671017124185,0.017063577835599406,25,10,0
43,6430,0.9271604287956323,1.7199548130197076e-06,0.05577103932352806,0.0170668119260261,25,10,0
43,6431,0.8923364608143869,0.00028266688747320906,0.09031373580286353,0.01706713649527591,25,10,0
43,6432,0.8874362282093965,0.00028265473812722825,0.095216605651172,0.017064511401303623,25,10,0
43,6433,0.8953833136408486,0.00028250304374423813,0.08726969174632052,0.01706449156908613,25,10,0
43,6434,0.8970396599195017,0.000282478942570565,0.08561353060331461,0.01706433053461254,25,10,0
43,6435,0.8988872870160833,0.00028248362328421725,0.08376592039744994,0.017064308963182024,25,10,0
43,6436,0.8810644660429701,0.0002825003848650966,0.10158587053617646,0.017067163035987792,25,10,0
43,6437,0.8817074707404088,0.0002824954732974682,0.10094289637131788,0.017067137414975293,25,10,0
43,6438,0.8944921529550665,0.0002821979017701119,0.0881595312544619,0.017066117888701045,25,10,0
43,6439,0.8945093497417227,0.00028219779189224073,0.08814238280435015,0.017066069662034614,25,10,0
43,6440,0.8939788266809399,0.00028223072264147564,0.08867373524466565,0.01706520735175275,25,10,0
43,6441,0.8590887299100554,0.0002835247353403046,0.12322970259805029,0.017398042756553787,25,10,0
43,6442,0.8555000234091803,0.00028352482762912556,0.12681838691484512,0.017398064848345284,25,10,0
43,6443,0.866021136933808,0.0002834880508528765,0.11629740937151946,0.017397965643819305,25,10,0
43,6444,0.8665823434676156,0.00028347329524235526,0.1157375405886031,0.017396642648538574,25,10,0
43,6445,0.8701551189291731,0.00028347320266124056,0.11216478737645075,0.017396620491714757,25,10,0
43,6446,0.8696285757308649,0.0002834781214819374,0.11268999085394929,0.01739795529370385,25,10,0
43,6447,0.8693734697221254,0.0002834781130711787,0.11289520134094694,0.017447850823856293,25,10,0
43,6448,0.8686971897992821,0.0002839647940153341,0.11357097238726174,0.017447873019440778,25,10,0
43,6449,0.9038930225767728,0.00028267051252275037,0.07870984915280513,0.017114457757899302,25,10,0
43,6450,0.9038762143642103,0.0002826705142560304,0.07872665693544074,0.017114458186092706,25,10,0
43,6451,0.9037430407039894,0.00028267061955902653,0.07885978239383556,0.017114506282615738,25,10,0
43,6452,0.8830933475209011,0.0002823780091309109,0.09655684123794224,0.02006743323202553,25,10,0
43,6453,0.8762996212872863,0.00029515570767346574,0.10333803714963556,0.020067185855404426,25,10,0
43,6454,0.8763645233636157,0.0002951557885999062,0.10327312622261843,0.020067194625165655,25,10,0
43,6455,0.8603055902050617,0.0002951556422720976,0.11933206497491491,0.020067189177751632,25,10,0
43,6456,0.8528745942259186,0.00029517143095535354,0.12681385629955538,0.020016378043570763,25,10,0
43,6457,0.8530121534521222,0.00029516084613469864,0.12667633448551135,0.020016351216232024,25,10,0
43,6458,0.8534098367017853,0.000295146291594135,0.1262800663380004,0.02001495066862018,25,10,0
43,6459,0.8532185678552537,0.0002951515602513885,0.12647133492468304,0.020014945659811913,25,10,0
43,6460,0.8201951513873013,0.0002952904058339916,0.15945752763191837,0.020052030574945943,25,10,0
43,6461,0.8094261338872457,0.000295299858293385,0.17022600635910035,0.020052559895360457,25,10,0
43,6462,0.8037618538772123,0.00029529940134675537,0.1758903391802071,0.020052507541233132,25,10,0
43,6463,0.7981191468872669,0.00029529796918136263,0.18153304707939313,0.02005250806415791,25,10,0
43,6464,0.7967919614494714,0.00029529877185122003,0.18286004288044486,0.02005269689823183,25,10,0
43,6465,0.8209199152839791,0.000295105154511459,0.16168522794315895,0.017099751618350235,25,10,0
43,6466,0.8383929280222425,0.00029510674087549626,0.1442150191650578,0.017096946071824024,25,10,0
43,6467,0.8713060137611666,0.000294967898022362,0.11133920603988921,0.017059812300922465,25,10,0
43,6468,0.8715760762184108,0.00029496815992066666,0.11106908969966814,0.017059865922000938,25,10,0
43,6469,0.8604788904548051,0.00029424185574794174,0.13287583369390057,0.006351033995546556,25,10,0
43,6470,0.860506850301848,0.00029423174984595074,0.13284788568968994,0.006351032258616013,25,10,0
43,6471,0.8218841887885502,0.0002942315080810642,0.1714705989986797,0.0063509807046890545,25,10,0
43,6472,0.8177679832822509,0.0002942357562951574,0.17554173816637353,0.006396042795080328,25,10,0
43,6473,0.8189165536973309,0.00029422313383736,0.17439094095471494,0.006398282214117082,25,10,0
43,6474,0.8192952102599691,0.0002942282677643774,0.17401772818463104,0.006392833287635657,25,10,0
43,6475,0.8165934433907721,0.00029432101047942907,0.17671895516833644,0.006393280430412593,25,10,0
43,6476,0.8164961254679778,0.00029432551745209545,0.17681636318044625,0.006393185834124314,25,10,0
43,6477,0.8158643148112484,0.0002943452963780443,0.17744795764851307,0.006393382243860747,25,10,0
43,6478,0.8150022995003432,0.00029435544537824855,0.17830709920296686,0.006396245851311481,25,10,0
43,6479,0.7850823967899562,0.000303541800123765,0.20821780161104347,0.006396259798875963,25,10,0
43,6480,0.7854507590348411,0.0003035214264963328,0.20784952404561413,0.00639619549304803,25,10,0
43,6481,0.7751019653523992,0.00030353123192395655,0.21819830835268728,0.006396195062989298,25,10,0
43,6482,0.7763820519601619,0.00030347636008321276,0.21691853934726296,0.006395932332491667,25,10,0
43,6483,0.7757992596834485,0.00030347832068641946,0.2175011778317608,0.006396084164104266,25,10,0
43,6484,0.749169747820691,0.00030347507635958005,0.2441306937163414,0.006396083386607133,25,10,0
43,6485,0.7878197165888627,0.0003030681367311562,0.21182470660553068,5.2508668874647136e-05,25,10,0
43,6486,0.7835653128542174,0.0003031640444832585,0.21604424850536608,8.727459593284702e-05,25,10,0
43,6487,0.7882214578867389,0.00030318580769744097,0.2113787560392189,9.66002663443962e-05,25,10,0
43,6488,0.804630530534283,0.0003031858064014936,0.19496968368343862,9.659997587655766e-05,25,10,0
43,6489,0.8040613153192866,0.0003031952007167238,0.19553640314525958,9.90863347364782e-05,25,10,0
43,6490,0.8066898864599455,0.0003031575071185745,0.1929177884342984,8.916759863685147e-05,25,10,0
43,6491,0.8419886870930889,2.2201668043813406e-05,0.1578976253218512,9.148591701506994e-05,25,10,0
43,6492,0.8427303509549086,2.220151290184813e-05,0.15715612561437248,9.132191781621055e-05,25,10,0
43,6493,0.8437693821836342,9.431338574442484e-06,0.156129825532889,9.136094490138997e-05,25,10,0
43,6494,0.8455040503927971,9.421121148885327e-06,0.1543978470826591,8.868140339392335e-05,25,10,0
43,6495,0.8100298303575185,9.466240385000099e-06,0.18986503873130772,9.566467078840691e-05,25,10,0
43,6496,0.8307972012332955,2.80096960128135e-07,0.16910580454808405,9.671412166077654e-05,25,10,0
43,6497,0.8313744980434551,2.7068979148573155e-07,0.16853100561771284,9.422564904105477e-05,25,10,0
43,6498,0.8310636961177975,2.6772035834103065e-07,0.16884267434243885,9.336181940566537e-05,25,10,0
43,6499,0.8353080821519463,2.636521261009164e-07,0.1646433765100621,4.8277685865773144e-05,25,10,0
43,6500,0.8514173785540246,2.638246652368459e-07,0.14853398357256767,4.8374048741541986e-05,25,10,0
43,6501,0.842078161715115,9.977209785702032e-06,0.15777011011628933,0.00014175095880857635,25,10,0
43,6502,0.8420250999875951,9.977918318697186e-06,0.15782291476635202,0.0001420073277325008,25,10,0
43,6503,0.8417057458292807,9.977985032450414e-06,0.158142272075336,0.00014200411034942105,25,10,0
43,6504,0.8507368731837679,9.97778770432767e-06,0.1491122053850917,0.00014094364343482602,25,10,0
43,6505,0.8148226087754346,9.989862125668076e-06,0.1849257588449386,0.00024164251750071058,25,10,0
43,6506,0.8445232346937164,9.939592203800268e-06,0.15523217024238353,0.00023465547169519653,25,10,0
43,6507,0.8545770298000204,9.950657962667678e-06,0.1451783140582334,0.00023470548378235926,25,10,0
43,6508,0.8546976197624774,9.949050101271404e-06,0.14505753848653627,0.00023489270088398982,25,10,0
43,6509,0.8548059347659398,9.94910808443755e-06,0.14494920618669427,0.00023490993928043262,25,10,0
43,6510,0.8487842940332329,9.949568114389854e-06,0.15097082294297118,0.00023493345568088552,25,10,0
43,6511,0.8487994374259737,9.949491515717813e-06,0.1509556998406963,0.000234913241813606,25,10,0
43,6512,0.8485334456551183,9.954127493521748e-06,0.15122008162226724,0.0002365185951204753,25,10,0
43,6513,0.8485974638444551,9.954308167268191e-06,0.15115313394524843,0.0002394479021285903,25,10,0
43,6514,0.8592391838525755,9.945043450696119e-06,0.14051192644122934,0.0002389446627439094,25,10,0
43,6515,0.8566666532950138,9.93487245193697e-06,0.1430860304944099,0.0002373813381237681,25,10,0
43,6516,0.8566483016917529,9.934666493071525e-06,0.14310438466597786,0.00023737897577563334,25,10,0
43,6517,0.857066116482075,9.908814522899294e-06,0.14268664622324223,0.00023732848015936485,25,10,0
43,6518,0.8562979866846723,1.0089436305403588e-05,0.14340707108803963,0.0002848527909821785,25,10,0
43,6519,0.8561236927272532,1.0093269781266233e-05,0.14358087083882598,0.00028534316413930287,25,10,0
43,6520,0.8620533949499675,1.0092978231519324e-05,0.13765116943494307,0.00028534263685754365,25,10,0
43,6521,0.8667385133064588,9.959110551850093e-06,0.13300113151546722,0.00025039606752206705,25,10,0
43,6522,0.8649319239752425,1.027705955455223e-05,0.1347803300307756,0.00027746893442715827,25,10,0
43,6523,0.8704021267531702,1.028028499141088e-05,0.1293097520846929,0.00027784087714521053,25,10,0
43,6524,0.8916922327208813,1.0281115314862941e-05,0.10801955838835044,0.00027792777545309217,25,10,0
43,6525,0.925578760185197,1.0270184346341279e-05,0.07279527997223266,0.0016156896582241636,25,10,0
43,6526,0.931591055644958,1.0262918512317248e-05,0.06678412014159786,0.0016145612949319415,25,10,0
43,6527,0.9178244024742199,1.0272685076573665e-05,0.08043550087669622,0.0017298239640075783,25,10,0
43,6528,0.9173331064212905,1.027229855413057e-05,0.08092698439194151,0.0017296368882137902,25,10,0
43,6529,0.9178424687954131,1.0091676583163307e-05,0.08046532736629412,0.0016821121617098893,25,10,0
43,6530,0.9097180666064307,1.0306226234219522e-05,0.08852782396260549,0.0017438032047301939,25,10,0
43,6531,0.9186910228614863,1.0085086252053362e-05,0.079618491413936,0.0016804006383258656,25,10,0
43,6532,0.9153718052378437,1.0335399256306266e-05,0.08293778664929502,0.0016800727136052308,25,10,0
43,6533,0.9152796082760699,1.0335805414110136e-05,0.08302931442614234,0.0016807414923740785,25,10,0
43,6534,0.911328764771468,1.0340255832176169e-05,0.08698082073492086,0.0016800742377798181,25,10,0
43,6535,0.9440014385266281,1.0872643064588198e-05,0.05430510512755954,0.0016825837027477412,25,10,0
43,6536,0.9378607395114591,1.0872918335835516e-05,0.060445808125076335,0.0016825794451289747,25,10,0
43,6537,0.9378407695388654,1.0868101381691003e-05,0.06046435826931438,0.0016840040904389864,25,10,0
43,6538,0.943261705515682,1.1428376269395225e-05,0.055041530691147623,0.0016853354169012386,25,10,0
43,6539,0.9433987766369473,1.1428345217408609e-05,0.054904432833001324,0.0016853621848342,25,10,0
43,6540,0.9419271634444988,1.2497562893056062e-05,0.05637488670833407,0.0016854522842744155,25,10,0
43,6541,0.940021083227509,1.2499535731052473e-05,0.05828360817655387,0.0016828090602062985,25,10,0
43,6542,0.9421553527563745,1.2497296262886257e-05,0.056149485743970315,0.001682664203392487,25,10,0
43,6543,0.9356336609500585,1.2825888913355553e-05,0.06258832685177732,0.0017651863092510165,25,10,0
43,6544,0.9354874100424206,1.2830718324068993e-05,0.06273459869229023,0.0017651605469654835,25,10,0
43,6545,0.9242324714212455,1.283467124718984e-05,0.07398849501020542,0.0017661988973023072,25,10,0
43,6546,0.916065220970915,1.2491591052830888e-05,0.08212849206044769,0.0017937953775849045,25,10,0
43,6547,0.9196189726586901,2.777341916577892e-06,0.07867777094047748,0.0017004790589160018,25,10,0
43,6548,0.9206087438209677,2.7963603950822414e-06,0.07768816658034743,0.0017002932382899707,25,10,0
43,6549,0.9205108150510704,2.8026410126704966e-06,0.07778655444006402,0.0016998278678534103,25,10,0
43,6550,0.9226108668089489,2.8007867452760997e-06,0.0771252221576388,0.00026111024666746054,25,10,0
43,6551,0.9226083896150561,2.8007868326542262e-06,0.07712769932092431,0.00026111027718741397,25,10,0
43,6552,0.9115042239517364,3.0270241163630584e-06,0.08649607118434131,0.0019966778398066583,25,10,0
43,6553,0.9112577934143128,3.027519173522717e-06,0.08674254667675715,0.001996632389756698,25,10,0
43,6554,0.9026897169863132,1.1597436536158912e-05,0.09529938978909079,0.001999295788060193,25,10,0
43,6555,0.9026420731884435,1.1598056604141043e-05,0.09534702442739239,0.001999304327559975,25,10,0
43,6556,0.9029621297404619,1.1578332974724595e-05,0.09502696503527203,0.0019993268912912284,25,10,0
43,6557,0.9022823499734559,1.1578303121069359e-05,0.09570816702857714,0.0019979046948458102,25,10,0
43,6558,0.9019888667322956,1.1587700068835528e-05,0.09592148498389945,0.0020780605837360474,25,10,0
43,6559,0.9024350273959902,1.158722038835357e-05,0.09547532772319625,0.0020780576604250644,25,10,0
43,6560,0.9063354739221342,1.158257336083277e-05,0.09157339690210858,0.0020795466023962343,25,10,0
43,6561,0.9032659967941329,1.1725410076774741e-05,0.09464133888343947,0.0020809389123507007,25,10,0
43,6562,0.9033686499456702,1.3198734859253358e-05,0.09465234341456308,0.001965807904907489,25,10,0
43,6563,0.9049161920806114,1.2130761491607003e-05,0.09310586385146052,0.001965813306436291,25,10,0
43,6564,0.8886698554802526,1.2142083270429221e-05,0.10935216066360175,0.00196584177287556,25,10,0
43,6565,0.8878658766928679,1.2137266033653813e-05,0.11015616720644497,0.0019658188346539894,25,10,0
43,6566,0.8819892450373894,1.2465534975372487e-05,0.11611603847162094,0.0018822509560153594,25,10,0
43,6567,0.8816032127568466,1.2466094324874157e-05,0.11650206696241758,0.0018822541864119316,25,10,0
43,6568,0.8922718941719026,1.2241253467930579e-05,0.10723764684790432,0.0004782177267260723,25,10,0
43,6569,0.8563154006188111,1.2231073626164414e-05,0.1432743337145549,0.00039803459300829765,25,10,0
43,6570,0.8540573437553874,1.3293814657475606e-05,0.14553114695865854,0.0003982154712968916,25,10,0
43,6571,0.8599820713121948,1.329292430953749e-05,0.13960643595533753,0.0003981998081586736,25,10,0
43,6572,0.828813439411255,1.309020110295277e-05,0.17077509835307633,0.0003983720345658876,25,10,0
43,6573,0.8316146826676019,1.2036340627201287e-05,0.16797361907717634,0.0003996619145951256,25,10,0
43,6574,0.8073611721840376,1.206688378821566e-05,0.19221898748183439,0.000407773450339298,25,10,0
43,6575,0.8069901505999312,1.2076876496321543e-05,0.1925134396326838,0.00048433289088830667,25,10,0
43,6576,0.8223211284843697,1.1419774488558598e-05,0.17718319194103638,0.00048425980010525284,25,10,0
43,6577,0.824677423439135,1.1082061829920168e-05,0.17485450103760197,0.00045699346143334243,25,10,0
43,6578,0.7907309336215492,1.1117553454275067e-05,0.1778672450486776,0.031390703776319,25,10,0
43,6579,0.7875128614608283,1.1330396232207421e-05,0.18115965750748603,0.03131615063545358,25,10,0
43,6580,0.7879394278694708,1.1356166127068517e-05,0.1807307575715306,0.031318458392871215,25,10,0
43,6581,0.788344114449174,1.1330982305734248e-05,0.18032829176491394,0.0313162628036061,25,10,0
43,6582,0.8093145906967095,1.1298730124951864e-05,0.1873019156419269,0.00337219493123855,25,10,0
43,6583,0.8096584292144056,1.1298685831440031e-05,0.18695812740761586,0.0033721446921470472,25,10,0
43,6584,0.8096123453959335,1.1298707153348754e-05,0.18700419994429754,0.003372155952615682,25,10,0
43,6585,0.792580818868272,1.1327622997379273e-05,0.20388382115466935,0.00352403235406179,25,10,0
43,6586,0.8013270037120803,1.1115152004975153e-05,0.19516677443635952,0.003495106699555732,25,10,0
43,6587,0.81485695866129,9.632417167127347e-06,0.1816384084921292,0.003495000429413446,25,10,0
43,6588,0.8367790649414725,9.601979503325027e-06,0.1597202695966118,0.0034910634824121623,25,10,0
43,6589,0.8368541598919897,9.602141884514868e-06,0.15964517745129483,0.0034910605148307542,25,10,0
43,6590,0.8367106446688892,9.602102444878988e-06,0.1597887184425418,0.00349103478612384,25,10,0
43,6591,0.8399004156915805,9.379159854955102e-06,0.1566012705240851,0.0034889346244790513,25,10,0
43,6592,0.8459045365262337,9.502730588385057e-06,0.15056580645880518,0.0035201542843726796,25,10,0
43,6593,0.8494434019115492,8.970326025985842e-06,0.14702998137210213,0.0035176463903221545,25,10,0
43,6594,0.8628812936615272,8.958589122772651e-06,0.13359216117809372,0.003517586571255628,25,10,0
43,6595,0.8459955040467065,9.813314785034011e-06,0.15047843597839974,0.00351624666010906,25,10,0
43,6596,0.8579782576265876,9.829315683797029e-06,0.14148613556697426,0.0005257774907547608,25,10,0
43,6597,0.8578380142827037,9.829150808564294e-06,0.141626377266797,0.0005257792996911236,25,10,0
43,6598,0.8584711719846402,9.848672633153877e-06,0.14099329062809293,0.0005256887146342642,25,10,0
43,6599,0.8859892034937872,1.0126694807341433e-05,0.11340080305113459,0.0005998667602712367,25,10,0
43,6600,0.8867975746565654,1.0106162667215682e-05,0.11259248705394775,0.0005998321268203086,25,10,0
43,6601,0.8871349962428394,1.0106157296994883e-05,0.11225511252529799,0.0005997850745662523,25,10,0
43,6602,0.8858785182502125,1.1203665261622965e-05,0.11351040992216589,0.0005998681623606028,25,10,0
43,6603,0.8987011203465924,1.0349360550249152e-05,0.10068877135496844,0.0005997589378893693,25,10,0
43,6604,0.8978095536639737,1.0376118941877821e-05,0.10158023323200405,0.0005998369850808064,25,10,0
43,6605,0.897679189379511,1.0385571144834692e-05,0.10171058759108881,0.0005998374582559487,25,10,0
43,6606,0.8894166828508311,1.0508824536852913e-05,0.10997185935052167,0.0006009489741108442,25,10,0
43,6607,0.8892472307419395,1.0508840456892187e-05,0.11014133298418015,0.0006009274334237808,25,10,0
43,6608,0.8834334988377457,1.0503738010420472e-05,0.11595507302102145,0.0006009244032227614,25,10,0
43,6609,0.8837993414243239,1.047866157490404e-05,0.11558923446808649,0.0006009454460151812,25,10,0
43,6610,0.8884706214459208,1.0352041210563569e-05,0.11095020880526504,0.0005688177076036278,25,10,0
43,6611,0.8952200197679012,1.7732959301409068e-06,0.10393480942251192,0.0008433975136572129,25,10,0
43,6612,0.8956637733219153,1.7719060457601733e-06,0.10382258708235542,0.0005118676896835289,25,10,0
43,6613,0.8983193549090736,1.771641374156053e-06,0.10117120211636056,0.0005076713331917035,25,10,0
43,6614,0.8980542515055095,1.7723451081258385e-06,0.101435749589179,0.0005082265602032196,25,10,0
43,6615,0.8979485185905984,1.772246551570828e-06,0.10154012447184979,0.0005095846910002675,25,10,0
43,6616,0.8977354231826148,1.7923886609812374e-06,0.10175076913658877,0.0005120152921353724,25,10,0
43,6617,0.8960345060170725,1.5253636647585205e-06,0.10352606034355671,0.00043790827570589495,25,10,0
43,6618,0.8961896458963985,1.524851512931015e-06,0.10337145637087845,0.0004373728812101034,25,10,0
43,6619,0.869441683923151,1.5367257131434864e-06,0.12994685228715291,0.0006099270639822616,25,10,0
43,6620,0.862555918534106,1.5215110684858976e-06,0.1368351717519586,0.000607388202866604,25,10,0
43,6621,0.872832031057209,1.510707718464454e-06,0.12655909462417564,0.0006073636108963426,25,10,0
43,6622,0.8731059691712824,1.5011658724491307e-06,0.12628514329780752,0.0006073863650370992,25,10,0
43,6623,0.8613602017857693,1.5102094003349678e-06,0.13407096912919042,0.004567318875639577,25,10,0
43,6624,0.8613948778959143,1.5102131313991785e-06,0.13403629372815637,0.004567318162797368,25,10,0
43,6625,0.861789100619356,1.5096001509231844e-06,0.13364218768330127,0.004567202097191792,25,10,0
43,6626,0.8611775473601239,1.515264442843104e-06,0.134248957659177,0.00457197971625627,25,10,0
43,6627,0.8612532351169645,1.5156359024556872e-06,0.13417317154776762,0.004572077699365497,25,10,0
43,6628,0.8669187030796612,1.5158169018946152e-06,0.1285076761746169,0.004572104928819982,25,10,0
43,6629,0.8565797027873836,1.9751011269196148e-06,0.1390165036269948,0.004401818484494422,25,10,0
43,6630,0.8566110602425422,1.9747421676021054e-06,0.1389852436638673,0.004401721351422596,25,10,0
43,6631,0.857016015221287,1.974479612722749e-06,0.13858165039682177,0.004400359902278557,25,10,0
43,6632,0.8919527194826489,1.9237675417268657e-06,0.10364516245777217,0.004400194292037467,25,10,0
43,6633,0.883375327872661,2.0471507406948822e-06,0.1122224131044238,0.0044002118721753304,25,10,0
43,6634,0.8898634987312849,2.483697449211775e-06,0.10573172563065696,0.0044022919406092025,25,10,0
43,6635,0.8955008715284614,2.7707862534548726e-06,0.1000940412443974,0.004402316440888208,25,10,0
43,6636,0.8917278449365337,2.7798598408247783e-06,0.10313641066904417,0.005132964534582075,25,10,0
43,6637,0.8917007838787636,2.780040178025159e-06,0.10316345702351856,0.00513297905754033,25,10,0
43,6638,0.8915466894916895,2.7801385913235935e-06,0.10331748958209308,0.005133040787626581,25,10,0
43,6639,0.8914680203481705,2.7801472092848253e-06,0.10339618398674766,0.005133015517873071,25,10,0
43,6640,0.9286812752012474,2.3089901412807e-06,0.06618566680720132,0.0051307490014107,25,10,0
43,6641,0.9132672982988366,2.3151312745408206e-06,0.08155278688996155,0.005177599679927747,25,10,0
43,6642,0.9122265032662366,2.318604722942832e-06,0.08259161947509464,0.005179558653946118,25,10,0
43,6643,0.9129685794763904,1.2198644629515246e-06,0.08185081974362739,0.005179380915519537,25,10,0
43,6644,0.9126706531336534,1.2300838370196514e-06,0.08214871282084081,0.0051794039616690525,25,10,0
43,6645,0.8968695650231042,1.224852872267169e-06,0.09795458114556316,0.005174628978460775,25,10,0
43,6646,0.8975484212050717,1.2177940228929058e-06,0.09727773710174042,0.005172623899165313,25,10,0
43,6647,0.904949997236058,1.100066843372046e-06,0.08987286320882591,0.005176039488273085,25,10,0
43,6648,0.9051713257513305,1.1004419630805956e-06,0.08965141564446467,0.005176158162241936,25,10,0
43,6649,0.9092111740140001,9.700810098177378e-07,0.08561066962834171,0.005177186276648017,25,10,0
43,6650,0.913319542814882,9.608650199736994e-07,0.0814996142766399,0.005179882043457898,25,10,0
43,6651,0.9132723075918566,9.61189850679304e-07,0.08154690852315577,0.005179822695136779,25,10,0
43,6652,0.9130476107671265,9.612773652639621e-07,0.0817709737423329,0.005180454213175265,25,10,0
43,6653,0.9119607416515406,9.736576724019973e-07,0.08285652647292849,0.005181758217858535,25,10,0
43,6654,0.9116042077658499,9.545194969580942e-06,0.08320378395353034,0.005182463085650013,25,10,0
43,6655,0.8773848028640194,0.00020940731421185594,0.1172065096786057,0.005199280143162721,25,10,0
43,6656,0.8774574045267701,0.00020940730496378436,0.11713390680245067,0.005199281365815441,25,10,0
43,6657,0.8830543106072355,0.000209395280653469,0.11153871777962604,0.005197576332484837,25,10,0
43,6658,0.8990964356974086,0.0002093951321908686,0.09549659330395316,0.005197575866446603,25,10,0
43,6659,0.9006879074810906,0.00020925243864396064,0.09386501995122457,0.005237820129040263,25,10,0
43,6660,0.9238474842082043,9.85976519056678e-06,0.07092049564714555,0.005222160379459412,25,10,0
43,6661,0.9221997240082653,1.2948499868821613e-05,0.07256584599303215,0.0052214814988332916,25,10,0
43,6662,0.9224513965335187,1.312284274780989e-05,0.07369429644865948,0.0038411841750736965,25,10,0
43,6663,0.9226314502093785,1.3112634358783995e-05,0.07351427587183669,0.003841161284425595,25,10,0
43,6664,0.9040294847772924,4.6061187203823025e-05,0.09208053818085603,0.0038439158546471875,25,10,0
43,6665,0.9041020011234866,4.606108870087625e-05,0.09200804678641238,0.0038438910013998085,25,10,0
43,6666,0.9044851720579601,4.60608035409166e-05,0.09162487830182353,0.0038438888366751057,25,10,0
43,6667,0.9044836669758198,4.605948376766394e-05,0.0916206960951078,0.003849577445304316,25,10,0
43,6668,0.904757953900404,4.577249005844702e-05,0.09134671831923655,0.0038495552903005663,25,10,0
43,6669,0.8956563096675477,4.578098830610214e-05,0.10044832467666494,0.003849584667481082,25,10,0
43,6670,0.8956483883656872,4.578097622526287e-05,0.10045624938524128,0.003849581272846137,25,10,0
43,6671,0.9068987137212281,4.565598757636879e-05,0.08918374313352606,0.00387188715766918,25,10,0
43,6672,0.9140967376905351,4.566503655036452e-05,0.08197633023028655,0.003881267042627678,25,10,0
43,6673,0.9312241968179964,4.5635062016539344e-05,0.06500099339029687,0.003729174729689777,25,10,0
43,6674,0.9313033266035626,4.56309221457676e-05,0.06492632707838993,0.003724715395901361,25,10,0
43,6675,0.9312591089478327,4.5676581261754706e-05,0.06497049702065127,0.003724717450253767,25,10,0
43,6676,0.932097430596406,4.567850609786009e-05,0.06413636542876762,0.0037205254687279177,25,10,0
43,6677,0.9470631275973866,4.569037581550366e-05,0.04921750593096871,0.003673676095828848,25,10,0
43,6678,0.9469159122814353,4.569126936438318e-05,0.04936259621761527,0.003675800231584695,25,10,0
43,6679,0.9604207378077599,4.550669182135334e-05,0.03871485822310275,0.0008188972773157377,25,10,0
43,6680,0.960367891544044,4.5506603558176746e-05,0.038767704092907355,0.000818897759490297,25,10,0
43,6681,0.9547881862498092,4.569854675646991e-05,0.044347186500035655,0.0008189287033982667,25,10,0
43,6682,0.9478482030022246,4.570753512485508e-05,0.05128487521072371,0.0008212142519262107,25,10,0
43,6683,0.9479444601930211,4.570708973822657e-05,0.05118862223666537,0.0008212104805746969,25,10,0
43,6684,0.9488075784859693,4.569245458295848e-05,0.05033002732731926,0.0008167017321277593,25,10,0
43,6685,0.9428522932454315,4.569145946121063e-05,0.05628743789368537,0.0008145774014212953,25,10,0
43,6686,0.9430354016081038,4.569150716111004e-05,0.056107029115413674,0.0008118777693209899,25,10,0
43,6687,0.9486216295197023,4.569187293878589e-05,0.050520702491213376,0.0008119761161453323,25,10,0
43,6688,0.948542319833713,4.5691907914528545e-05,0.050600005976276875,0.0008119822820953837,25,10,0
43,6689,0.9490396303245118,4.569974546008756e-05,0.05010399084787643,0.0008106790821514615,25,10,0
43,6690,0.9547492318637822,4.550779224982601e-05,0.0443946139928244,0.0008106463511432198,25,10,0
43,6691,0.940181200473537,4.5481297097904526e-05,0.05896256224137789,0.0008107559879869044,25,10,0
43,6692,0.9364432141880935,4.548596969864704e-05,0.06270054259624894,0.0008107572459584938,25,10,0
43,6693,0.9370816319157815,4.5075370025317866e-05,0.062064461457695785,0.0008088312564973127,25,10,0
43,6694,0.9071838388866259,4.50799907238305e-05,0.09142815789389927,0.0013429232287508683,25,10,0
43,6695,0.9072703951842286,4.5079422818682606e-05,0.09134177155911,0.001342753833842971,25,10,0
43,6696,0.9078237767423891,4.507481784876773e-05,0.09075324227771747,0.001377906162044829,25,10,0
43,6697,0.9229638101541152,4.505563252370258e-05,0.07561334241467046,0.0013777917986905297,25,10,0
43,6698,0.9297578862628524,4.504673065854472e-05,0.06882156197509146,0.0013755050313977216,25,10,0
43,6699,0.9223556970404237,4.550934036310256e-05,0.0762233471532755,0.0013754464659377302,25,10,0
43,6700,0.9217047803733084,4.5509536041367585e-05,0.07687286908363401,0.0013768410070161172,25,10,0
43,6701,0.9133724524963001,4.558468508959986e-05,0.08413191597679641,0.002450046841813693,25,10,0
43,6702,0.9133709936640619,4.560410444089924e-05,0.08413201738372107,0.0024513848477755607,25,10,0
43,6703,0.913663027559945,4.558424039970349e-05,0.0838399077221581,0.0024514804774970807,25,10,0
43,6704,0.9327152968094498,1.2635700659134465e-05,0.06482333824588013,0.00244872924401077,25,10,0
43,6705,0.9270563834045609,1.278330998056453e-05,0.06825767688040742,0.004673156405051134,25,10,0
43,6706,0.9262721125497245,1.280195628937286e-05,0.06903689388873026,0.004678191605255799,25,10,0
43,6707,0.9341715749862516,1.2736610747043693e-05,0.062210627298969576,0.0036050611040315543,25,10,0
43,6708,0.9000933937272336,1.3681444618844373e-05,0.09632722750644172,0.00356569732170642,25,10,0
43,6709,0.9045554432295936,1.3545087024746587e-05,0.0940903710192625,0.0013406406641199603,25,10,0
43,6710,0.9064251274082292,1.0456192605834262e-05,0.09222379897479299,0.0013406174243724227,25,10,0
43,6711,0.9097272030922403,1.0456078821486104e-05,0.08895687189771469,0.0013054689312236014,25,10,0
43,6712,0.8967920451751908,1.0583202310664647e-05,0.09999691770196284,0.0032004539205357945,25,10,0
43,6713,0.8968091254883808,1.0862398985674432e-05,0.09997951251552546,0.0032004995971082932,25,10,0
43,6714,0.8969925209559011,1.0852339855651773e-05,0.09979617496702986,0.003200451737213497,25,10,0
43,6715,0.888022883507812,1.0735076975867252e-05,0.11066394372981575,0.0013024376853966741,25,10,0
43,6716,0.8956150236308227,1.0279399441261144e-05,0.10307162498276932,0.001303071986966773,25,10,0
43,6717,0.8941992578448719,1.0280215449559055e-05,0.1044848407476095,0.0013056211920692638,25,10,0
43,6718,0.8928805207096338,1.0322174834758947e-05,0.10579846332748558,0.001310693788046051,25,10,0
43,6719,0.8965885135165153,1.0318427907938961e-05,0.10282109483660191,0.0005800732189753664,25,10,0
43,6720,0.8966231244114207,1.0318408021252419e-05,0.1027864898400449,0.0005800673405134128,25,10,0
43,6721,0.8966749257937084,1.031308016581027e-05,0.10273474069164389,0.0005800204344821099,25,10,0
43,6722,0.8901277887586602,1.0435932386598224e-05,0.10926735018008316,0.0005944251288700869,25,10,0
43,6723,0.8882374722145928,1.0446227729865526e-05,0.11114996735034909,0.0006021142073282707,25,10,0
43,6724,0.8844861559672293,1.0455083284454097e-05,0.1148988902353062,0.0006044987141804307,25,10,0
43,6725,0.8844684135085018,1.0454907131954473e-05,0.11491665607305793,0.0006044755113085199,25,10,0
43,6726,0.8852857448417972,1.0453496383688156e-05,0.11409945579480472,0.0006043458670144622,25,10,0
43,6727,0.8842219644774957,1.015635054862438e-05,0.11516320765411814,0.0006046715178378753,25,10,0
43,6728,0.8841536623113216,1.0156156515686315e-05,0.1152315113521059,0.0006046701800570963,25,10,0
43,6729,0.8846849839430948,1.0156516350126228e-05,0.11470018683343797,0.0006046727071176964,25,10,0
43,6730,0.8473496152821227,1.0156994124366993e-05,0.15203554777472458,0.0006046799490290919,25,10,0
43,6731,0.8473578384404737,1.0162495816842507e-05,0.1520272925290769,0.0006047065346330656,25,10,0
43,6732,0.8684240369151561,1.020680293290633e-05,0.13096363433191396,0.0006021219499974207,25,10,0
43,6733,0.8677311414956571,1.0208435503829696e-05,0.1316564438416446,0.000602206227195064,25,10,0
43,6734,0.8534390236766799,1.0177417893712963e-05,0.1459478813747671,0.0006029175306596223,25,10,0
43,6735,0.854395655946532,1.0191679883652653e-05,0.14494065250922036,0.0006534998643642229,25,10,0
43,6736,0.8543188011546187,1.019114736383542e-05,0.14501687352351472,0.0006541341745031367,25,10,0
43,6737,0.835705080655409,1.0189903683853307e-05,0.16362901308894887,0.0006557163519578565,25,10,0
43,6738,0.8355499882430363,1.0189556038990202e-05,0.1637842012656735,0.0006556209352508322,25,10,0
43,6739,0.8421030066984045,1.0048833163425007e-05,0.15725054638167277,0.0006363980867593988,25,10,0
43,6740,0.8420415496272543,1.0043792368537606e-05,0.15731264417609234,0.0006357624042848578,25,10,0
43,6741,0.8783177923223258,9.098638110841138e-06,0.12103957537787137,0.0006335336616922082,25,10,0
43,6742,0.8704112226647013,9.377856649851138e-06,0.12890875994065668,0.000670639537991998,25,10,0
43,6743,0.8825347612899879,9.369484314665874e-06,0.11679035661776879,0.0006655126079288015,25,10,0
43,6744,0.9122387432184391,9.333142854569528e-06,0.08761991991176728,0.00013200372693927394,25,10,0
43,6745,0.9084929778140131,9.313896375949346e-06,0.09136580962223144,0.0001318986673794163,25,10,0
43,6746,0.8989369347539184,1.8803708395646595e-05,0.10091156422134714,0.00013269731633869103,25,10,0
43,6747,0.8994770100448818,1.8788043585999292e-05,0.10036959702574225,0.00013460488578977188,25,10,0
43,6748,0.9002471364589292,1.8739160743672823e-05,0.09959962279265287,0.00013450158767432823,25,10,0
43,6749,0.9002255796080582,1.8744161870480665e-05,0.0996211513824419,0.00013452484762933913,25,10,0
43,6750,0.9010006108865244,1.8743394592375925e-05,0.09884633676387942,0.0001343089550036727,25,10,0
43,6751,0.8835398073960812,1.8754025085080393e-05,0.11630692917184283,0.00013450940699111173,25,10,0
43,6752,0.8836970857347876,1.8754201066424378e-05,0.11615094949348378,0.00013321057066195205,25,10,0
43,6753,0.8838577741097597,1.875418562530009e-05,0.11599026242451542,0.00013320928009944078,25,10,0
43,6754,0.8815055448948539,7.301173954441558e-05,0.11828806356366116,0.0001333798019403838,25,10,0
43,6755,0.8692567642064262,7.301235156507462e-05,0.13053668144356234,0.00013354199844620976,25,10,0
43,6756,0.8802417530483797,7.310553600126377e-05,0.11955090411543325,0.00013423730018578099,25,10,0
43,6757,0.8646298972644098,7.394366443235943e-05,0.13518259092842885,0.00011356814272891845,25,10,0
43,6758,0.865391368647055,6.537187012052635e-05,0.13443044343541521,0.00011281604740873275,25,10,0
43,6759,0.8685965497919641,6.536412663041731e-05,0.13122757896541862,0.0001105071159865458,25,10,0
43,6760,0.8662514289219512,6.560281119793745e-05,0.13357251596200004,0.000110452304850561,25,10,0
43,6761,0.8650683027672382,6.564210346514032e-05,0.13475550492486493,0.00011055020443146324,25,10,0
43,6762,0.8748905846678546,5.6152387009206766e-05,0.12494353524836445,0.00010972769677166379,25,10,0
43,6763,0.8679425165094601,5.6151365835669096e-05,0.1318916744652466,0.00010965765945773343,25,10,0
43,6764,0.8667437593036759,5.615201426966806e-05,0.13309118832169317,0.0001089003603613878,25,10,0
43,6765,0.8702391286030634,5.614942813402775e-05,0.12959647892620224,0.00010824304260049983,25,10,0
43,6766,0.8700303043196773,5.659367222690738e-05,0.1298048049178265,0.00010829709026937902,25,10,0
43,6767,0.8880948602547339,5.6582221677306226e-05,0.11174303405426393,0.00010552346932479257,25,10,0
43,6768,0.8959162593835093,5.630301078813423e-05,0.10395868461436189,6.875299134032294e-05,25,10,0
43,6769,0.8994472930807841,5.630322429178115e-05,0.1004276290628364,6.877463208756786e-05,25,10,0
43,6770,0.8808049589532699,5.693684324681504e-05,0.11906674975180423,7.135445167879309e-05,25,10,0
43,6771,0.8691940283259824,5.775403555132068e-05,0.13067884850881964,6.936912964627171e-05,25,10,0
43,6772,0.8647169555740222,6.353195954082124e-05,0.13514974813605546,6.976433038104845e-05,25,10,0
43,6773,0.8799089937838498,6.355612331481002e-05,0.1199576122362323,6.983785660250874e-05,25,10,0
43,6774,0.8716332888599733,6.355501760146422e-05,0.1282305645190278,7.259160339684567e-05,25,10,0
43,6775,0.8722472602960214,6.354572134602046e-05,0.12766742317770202,2.177080493002029e-05,25,10,0
43,6776,0.8784395679826413,6.330692057147412e-05,0.12147653240158786,2.0592695198936797e-05,25,10,0
43,6777,0.8784039438858138,6.330694613291529e-05,0.12151215467960709,2.0594488445706583e-05,25,10,0
43,6778,0.8780978211971917,6.33068991668507e-05,0.1218182502390096,2.062166463113475e-05,25,10,0
43,6779,0.8999737866618854,6.328754533673564e-05,0.0999422871019047,2.0638690872700006e-05,25,10,0
43,6780,0.9124327303632787,6.246983557440428e-05,0.08748416511069118,2.0634690455302635e-05,25,10,0
43,6781,0.9156105160020693,6.24657323577585e-05,0.08430638247795214,2.0635787620242197e-05,25,10,0
43,6782,0.9172625887005266,6.237201303859702e-05,0.08265524686157916,1.979242485548357e-05,25,10,0
43,6783,0.9359946565153261,6.173854932037942e-05,0.06392673108556647,1.687384978739316e-05,25,10,0
43,6784,0.9359279679306219,6.174410320259695e-05,0.06399335091913384,1.6937047041967497e-05,25,10,0
43,6785,0.9228981769073308,7.487125091885158e-06,0.07700433450612659,9.000146145085765e-05,25,10,0
43,6786,0.91970317851471,7.4954276176037075e-06,0.08019875423802325,9.057181964904162e-05,25,10,0
43,6787,0.9164430393974017,7.624665202269683e-06,0.08345810219951862,9.12337378770103e-05,25,10,0
43,6788,0.9168731748880536,7.624494292886501e-06,0.08302799052340891,9.121009424423713e-05,25,10,0
43,6789,0.8810774580038908,0.002624263797500514,0.11620297929966233,9.529889894597626e-05,25,10,0
43,6790,0.8838750632390439,0.0026242655224345767,0.11340589456433932,9.477667418182703e-05,25,10,0
43,6791,0.8777785928742986,0.0026242868917944195,0.11950230483808005,9.481539582654009e-05,25,10,0
43,6792,0.8777748517912906,0.0026242867099109508,0.1195060478555401,9.481364325800596e-05,25,10,0
43,6793,0.8690724839351557,0.002632609362013689,0.1281994890216512,9.541768117876134e-05,25,10,0
43,6794,0.8642844406723356,0.002632614128299837,0.1289948608598517,0.004088084339512464,25,10,0
43,6795,0.8660448267608052,0.0026308397088026817,0.12723643207043592,0.004087901459955586,25,10,0
43,6796,0.8678983322258582,0.0026308295258016235,0.12539062493349537,0.00408021331484428,25,10,0
43,6797,0.8662942738209896,0.0026308879577601487,0.1269943352565608,0.004080502964689135,25,10,0
43,6798,0.8662275283475196,0.002630888138071381,0.12706107928393107,0.004080504230477488,25,10,0
43,6799,0.8704393430858627,0.0026308836381520166,0.12684180935770642,8.796391827840893e-05,25,10,0
43,6800,0.8619621474265392,0.002639197464030028,0.1353100093738732,8.86457355572745e-05,25,10,0
43,6801,0.8700387689817655,0.0026308879510549845,0.1272402108421852,9.013222499383102e-05,25,10,0
43,6802,0.8756861762926991,0.002625070816802847,0.12159909035863352,8.966253186405919e-05,25,10,0
43,6803,0.8756936943672742,0.0026250705996064805,0.12159156273904222,8.967229407692573e-05,25,10,0
43,6804,0.8757196870453547,0.0026250706017661874,0.12156556920284647,8.967315003265657e-05,25,10,0
43,6805,0.8421842720239061,0.0026274741368407482,0.15509277536314137,9.547847611160478e-05,25,10,0
43,6806,0.8482057165463176,0.0026209400496129626,0.1490784161738911,9.492723017840876e-05,25,10,0
43,6807,0.8382704798310532,0.0026209403725337916,0.15892503151369272,0.00018354828271996526,25,10,0
43,6808,0.8291938939650426,0.0026261566602065827,0.16797106798172504,0.00020888139302555338,25,10,0
43,6809,0.808808546306978,0.002626156328132325,0.18835807014522887,0.0002072272196607407,25,10,0
43,6810,0.8146062369892961,0.002626134683762778,0.1825604446230199,0.00020718370392122407,25,10,0
43,6811,0.8227717767229058,0.002626135933022788,0.17439772567858403,0.0002043616654875272,25,10,0
43,6812,0.8158396195557084,0.0026263578561270635,0.18132725267508498,0.00020676991307926965,25,10,0
43,6813,0.8092789058310376,0.0026263824179487776,0.18788786875181088,0.00020684299920297906,25,10,0
43,6814,0.7945340903551691,0.002626677874536652,0.1981742709244176,0.004664960845876707,25,10,0
43,6815,0.7949143760123826,0.002626668132978097,0.19779401693443596,0.00466493892020356,25,10,0
43,6816,0.8028362807746493,0.0026218764542212795,0.18990015775006858,0.004641685021061133,25,10,0
43,6817,0.8051758083898538,0.002621930228572631,0.18756123527224247,0.004641026109331224,25,10,0
43,6818,0.8047006094683907,0.0026218730202043406,0.1880367748472592,0.004640742664145736,25,10,0
43,6819,0.8223771746744434,0.002619469886831778,0.17036831165179986,0.0046350437869246705,25,10,0
43,6820,0.8166529408195512,0.0026197062950091142,0.17602913454882899,0.004698218336610599,25,10,0
43,6821,0.8187217840358817,0.002619705066242582,0.17396029969688842,0.004698211200987092,25,10,0
43,6822,0.8186857663001441,0.002619705090049606,0.1739963172406171,0.004698211369188974,25,10,0
43,6823,0.8540907632540287,3.075737098319215e-06,0.14121199022136857,0.0046941707875046285,25,10,0
43,6824,0.8471453667403379,1.0019276842409177e-05,0.14814995772288467,0.004694656259935051,25,10,0
43,6825,0.8358230473896516,1.0237346697018881e-05,0.15782745736175666,0.00633925790189451,25,10,0
43,6826,0.8358402210286389,1.0237338533905909e-05,0.15781025987392133,0.006339281758905998,25,10,0
43,6827,0.8351202262388756,1.024746412370411e-05,0.15852509875455204,0.006344427542448545,25,10,0
43,6828,0.8378377560000088,1.0222819260307389e-05,0.15580636421026095,0.006345656970469749,25,10,0
43,6829,0.8364137220094864,1.023261626127465e-05,0.15722781684367423,0.006348228530578197,25,10,0
43,6830,0.7997590599315361,1.0233894190161028e-05,0.19388213995925965,0.006348566215013718,25,10,0
43,6831,0.8064879636470372,9.993166532515626e-06,0.18715579762797652,0.006346245558453311,25,10,0
43,6832,0.8062440615226063,9.997702487171326e-06,0.18739969882905247,0.006346241945853704,25,10,0
43,6833,0.7984789503482983,1.0005715717354018e-05,0.19511182036652955,0.006399223569453974,25,10,0
43,6834,0.7935358532958849,8.83168065543627e-06,0.1999284410979126,0.006526873925546448,25,10,0
43,6835,0.8026308013645302,8.836575606532634e-06,0.19083218547489597,0.006528176584966946,25,10,0
43,6836,0.8029070076442406,8.831290534631271e-06,0.1905560814054925,0.006528079659731764,25,10,0
43,6837,0.8062576117631651,8.83909207096144e-06,0.18716931000110887,0.006564239143654918,25,10,0
43,6838,0.8062313602479159,8.839122457286003e-06,0.1871955862786914,0.006564214350935238,25,10,0
43,6839,0.8072392024176529,8.414452617503332e-06,0.18619024836015646,0.006562134769573183,25,10,0
43,6840,0.8168574204398176,8.414914955316231e-06,0.17665914151307457,0.006475023132153165,25,10,0
43,6841,0.7810596214323243,9.875863976793889e-06,0.21249284041923375,0.006437662284465984,25,10,0
43,6842,0.7659348997644706,9.887271660228728e-06,0.22745798651281507,0.006597226451055217,25,10,0
43,6843,0.7295850184083384,9.70467443279316e-06,0.2634070138755655,0.006998263041663635,25,10,0
43,6844,0.7187241662148947,9.71143540862964e-06,0.27426608303549677,0.0070000393142004205,25,10,0
43,6845,0.7188411045670811,9.706719095612849e-06,0.27414912655923174,0.007000062154592111,25,10,0
43,6846,0.6977164017948206,9.724171698104894e-06,0.29527391279606396,0.00699996123741819,25,10,0
43,6847,0.6882083560258588,1.0093122545325487e-05,0.3048438565187342,0.006937694332863008,25,10,0
43,6848,0.6944262890511914,1.0065988221534876e-05,0.2986283641715055,0.006935280789083056,25,10,0
43,6849,0.7102338562968601,9.456359656643164e-06,0.28282450850216695,0.006932178841317158,25,10,0
43,6850,0.7334546018858493,9.447781545236439e-06,0.25972998840621636,0.006805961926389509,25,10,0
43,6851,0.7326679490045562,9.452852406965195e-06,0.26037000212766387,0.006952596015373446,25,10,0
43,6852,0.7335954174948993,9.444196980816232e-06,0.2595729852042007,0.006822153103919966,25,10,0
43,6853,0.7207031224076624,9.444518171861284e-06,0.27246515285406986,0.006822280220097202,25,10,0
43,6854,0.6809816939876373,9.44847204743624e-06,0.3087521541085803,0.01025670343173673,25,10,0
43,6855,0.681746138738182,9.438417467914874e-06,0.3079928644704012,0.010251558373950443,25,10,0
43,6856,0.6810510810590528,9.438317662765131e-06,0.3086879198279362,0.010251560795349808,25,10,0
43,6857,0.681816018965029,7.995210029136365e-06,0.3079175860071211,0.01025839981782263,25,10,0
43,6858,0.6922524858106404,8.117357736301586e-06,0.2974802551301184,0.010259141701506592,25,10,0
43,6859,0.703532049511407,7.893660431095204e-06,0.28784559274646254,0.008614464081700779,25,10,0
43,6860,0.7054773340168294,7.892957873999301e-06,0.28590030957869217,0.008614463446606487,25,10,0
43,6861,0.7202766496076536,2.0757639945667724e-05,0.2710870475767395,0.008615545175662657,25,10,0
43,6862,0.7198277294714679,2.0760737534323837e-05,0.2715366103800314,0.008614899410968014,25,10,0
43,6863,0.7187795172536866,2.032945945859548e-05,0.27258064410160554,0.008619509185250403,25,10,0
43,6864,0.718687946507453,2.0344053387270327e-05,0.2726736566444665,0.008618052794694332,25,10,0
43,6865,0.7314332496363767,7.4797622548227795e-06,0.2599423117474724,0.008616958853897213,25,10,0
43,6866,0.7665802031313889,7.487454463954066e-06,0.22479544064174983,0.008616868772397255,25,10,0
43,6867,0.7737055720596032,7.490282178350966e-06,0.2176691857358489,0.008617751922369528,25,10,0
43,6868,0.7737590046444817,7.490289771325987e-06,0.21761579678957202,0.008617708276175,25,10,0
43,6869,0.7812283982858955,5.464062078011332e-07,0.21015388479589653,0.008617170511999981,25,10,0
43,6870,0.7809623641326877,5.531592999380867e-07,0.21041822493880066,0.008618857769211518,25,10,0
43,6871,0.7817699971509917,5.531601943089587e-07,0.20961056740888373,0.008618882279930051,25,10,0
43,6872,0.8181137635628679,5.526834363062258e-07,0.17366765082399882,0.008218032929697007,25,10,0
43,6873,0.8182106620704337,5.526455026654927e-07,0.17356567573358547,0.00822310955047826,25,10,0
43,6874,0.8112261376785753,4.450882449941437e-07,0.18048760074190273,0.008285816491277112,25,10,0
43,6875,0.811218413187801,4.4508058273306933e-07,0.18049532648080416,0.008285815250812236,25,10,0
43,6876,0.8174730074468692,4.449819601609181e-07,0.1742407890738227,0.008285758497348333,25,10,0
43,6877,0.8165863002907927,8.690389540673881e-07,0.175124982083948,0.008287848586305508,25,10,0
43,6878,0.8020306845040278,4.4533854370266656e-07,0.1896801195724856,0.008288750584943542,25,10,0
43,6879,0.8091292321260031,4.2432997956243556e-07,0.1826466250341601,0.008223718509857937,25,10,0
43,6880,0.8091037741319563,4.4289561372126417e-07,0.18267205855214988,0.00822372442028078,25,10,0
43,6881,0.773838686811478,4.4423896361270055e-07,0.21793720971516564,0.008223659234393516,25,10,0
43,6882,0.786189612200928,2.350380049859083e-07,0.2099997424877323,0.0038104102733357674,25,10,0
43,6883,0.7940288756094296,2.805660660057575e-07,0.17541624524001734,0.03055459858448796,25,10,0
43,6884,0.8059180197921451,2.8030399510857515e-07,0.16352705373578666,0.030554646168073588,25,10,0
43,6885,0.8064040452931854,2.8005823442187337e-07,0.16304112264844592,0.03055455200013463,25,10,0
43,6886,0.8059505845138658,2.8554807261576347e-07,0.16349306680754022,0.030556063130521952,25,10,0
43,6887,0.8062887071650862,2.752515135587753e-07,0.16315495872921432,0.030556058854186486,25,10,0
43,6888,0.8062607533926982,2.757721612009522e-07,0.16318294167501468,0.03055602916012642,25,10,0
43,6889,0.8068306867562478,2.703624392797797e-07,0.1626145260023676,0.03055451687894579,25,10,0
43,6890,0.8395110679188406,2.718505476773914e-07,0.13096782645959115,0.029520833771020633,25,10,0
43,6891,0.8547543710809541,2.5099893970689e-07,0.11588413008276742,0.029361247837338986,25,10,0
43,6892,0.8538373540313683,2.5117901596632804e-07,0.11680115126108234,0.029361243528533754,25,10,0
43,6893,0.8566078297922082,1.6477073455748522e-07,0.11407563029154273,0.02931637514551484,25,10,0
43,6894,0.8616196945374048,1.6063113050962923e-07,0.1114590340094976,0.026921110821967416,25,10,0
43,6895,0.8621184995870881,1.6026112714153036e-07,0.1109603246134982,0.02692101553828684,25,10,0
43,6896,0.8577767985263545,1.3460825654660014e-07,0.11530901597556738,0.026914050889822697,25,10,0
43,6897,0.8575965109482859,1.3657839422651254e-07,0.11548933394955163,0.026914018523768856,25,10,0
43,6898,0.8572845243137789,1.369232315889856e-07,0.11580128779427813,0.026914050968712154,25,10,0
43,6899,0.8484116277432301,4.6829810984020703e-07,0.12467365294095785,0.02691425101770297,25,10,0
43,6900,0.8486151749700465,4.6787449104272223e-07,0.12447011025051971,0.026914246904943505,25,10,0
43,6901,0.8846066472482036,4.665317275543044e-07,0.08847876524887216,0.026914120971197653,25,10,0
43,6902,0.8945900622054355,4.664091480569639e-07,0.0784953491816722,0.026914122203743795,25,10,0
43,6903,0.8905684522561286,4.7189257587645315e-07,0.08247568665453692,0.026955389196758498,25,10,0
43,6904,0.8799919573413308,4.2500454094713177e-07,0.08024169244680852,0.039765925207319114,25,10,0
43,6905,0.8803599021574108,4.33442757400374e-07,0.07987367508781065,0.03976598931202063,25,10,0
43,6906,0.8800103632114125,4.5262527319115025e-07,0.08022320066051541,0.03976598350279856,25,10,0
43,6907,0.8538029762968175,4.4673052863249855e-07,0.10643288599938235,0.03976369097327176,25,10,0
43,6908,0.8538019051918109,7.156183551478923e-07,0.10643372507857968,0.03976365411125459,25,10,0
43,6909,0.8185898922912999,7.17618518519755e-07,0.14164577532422407,0.03976361476595772,25,10,0
43,6910,0.8193751086024598,6.987994468515226e-07,0.14086575157217845,0.0397584410259151,25,10,0
43,6911,0.819685646413691,6.984375227103996e-07,0.14055524705674183,0.039758408092044686,25,10,0
43,6912,0.8145907331673253,1.0271761142758325e-06,0.14560323307186668,0.0398050065846938,25,10,0
43,6913,0.7770253026533176,1.029560804028746e-06,0.18315639366038844,0.039817274125489924,25,10,0
43,6914,0.7769711366990697,1.0302951021254144e-06,0.18313949532436147,0.03988833768146693,25,10,0
43,6915,0.7825183159205591,1.0313241214274682e-06,0.17655659004892818,0.04092406270639045,25,10,0
43,6916,0.7807911915654239,2.3827407238934005e-06,0.17828236188445643,0.0409240638093947,25,10,0
43,6917,0.7724639832528248,2.3814546919577745e-06,0.1866149941513808,0.04091864114110345,25,10,0
43,6918,0.7992751740902129,2.3792795879081832e-06,0.15980379076475568,0.04091865586544429,25,10,0
43,6919,0.7996522654042328,2.371198166388311e-06,0.1594267449165881,0.04091861848101348,25,10,0
43,6920,0.8000422196488978,2.3644340782504845e-06,0.15903855677734757,0.04091685913967703,25,10,0
43,6921,0.8046707853098354,2.036481175217912e-06,0.15445416451370703,0.04087301369528282,25,10,0
43,6922,0.7987099064412854,2.0474562267944387e-06,0.15838121440015748,0.04290683170233077,25,10,0
43,6923,0.7983161834071905,2.051702937320907e-06,0.1587748823773519,0.042906882512520755,25,10,0
43,6924,0.8081610424992978,2.0708582164525485e-06,0.14892507022081464,0.04291181642167089,25,10,0
43,6925,0.8081876382875932,2.070847437770317e-06,0.1488985039362701,0.04291178692869867,25,10,0
43,6926,0.8219924845959211,2.078082974520592e-06,0.1333054396362148,0.04469999768488992,25,10,0
43,6927,0.830434055835989,1.7537187746292468e-06,0.12486347971479037,0.04470071073044623,25,10,0
43,6928,0.8246201623569549,1.7286268807985148e-06,0.13067737408809196,0.044700734928072645,25,10,0
43,6929,0.8248171766104737,1.7144725972421846e-06,0.1304852776881393,0.0446958312287901,25,10,0
43,6930,0.8483091126374798,1.714679271323207e-06,0.10699328528013739,0.04469588740311174,25,10,0
43,6931,0.8490958352949072,1.7096933950714222e-06,0.10635320159170437,0.044549253419993454,25,10,0
43,6932,0.8492446038437335,1.7056347751010579e-06,0.10620448486146163,0.044549205660029886,25,10,0
43,6933,0.8439439248251016,1.711248145465509e-06,0.11069895796908032,0.045355405957673095,25,10,0
43,6934,0.8358877863053361,1.7117808859951482e-06,0.11875503393294581,0.045355467980832495,25,10,0
43,6935,0.8511607175085452,1.7183775909811966e-06,0.10348508840696576,0.04535247570689827,25,10,0
43,6936,0.8455542250423942,2.3052838721203927e-06,0.10908950994353979,0.045353959730193925,25,10,0
43,6937,0.8618212134377349,2.305191867025544e-06,0.09282255118459298,0.04535393018580522,25,10,0
43,6938,0.8669393304317939,1.8528252112279037e-06,0.08770568957611526,0.04535312716688005,25,10,0
43,6939,0.8610397654303144,2.1102493982329057e-06,0.09360468235051027,0.045353441969777315,25,10,0
43,6940,0.8608893963414672,2.116711618657575e-06,0.09375502871413051,0.045353458232783195,25,10,0
43,6941,0.8631260257833863,1.8703069189272146e-06,0.09151864876852332,0.04535345514117108,25,10,0
43,6942,0.8810041470245635,1.8642455224172034e-06,0.076476592362776,0.04251739636713776,25,10,0
43,6943,0.8874042107815454,1.4722021436156436e-06,0.07007791790895014,0.042516399107360596,25,10,0
43,6944,0.8959917990006345,1.4645590089922623e-06,0.06149131345250059,0.04251542298785572,25,10,0
43,6945,0.8963304728006152,1.495212155420702e-06,0.06115526554670697,0.04251276644052232,25,10,0
43,6946,0.8965827410417649,1.4950238406450803e-06,0.060903000582410355,0.042512763351983764,25,10,0
43,6947,0.8962620629571826,1.4983612742404507e-06,0.061222917698564146,0.04251352098297884,25,10,0
43,6948,0.8819496022645077,9.642186339248541e-06,0.07548839739969883,0.04255235814945401,25,10,0
43,6949,0.8814759866147951,9.775243756150556e-06,0.07592527938742923,0.0425889587540194,25,10,0
43,6950,0.8878401715242967,9.764514532956343e-06,0.07159485436880876,0.040555209592361405,25,10,0
43,6951,0.8948180911733811,1.6164345706219468e-06,0.06466389473212207,0.04051639765992619,25,10,0
43,6952,0.8948898315348015,1.6164347959052934e-06,0.06459215372725507,0.04051639830314769,25,10,0
43,6953,0.8773754091352589,1.5855110796735955e-06,0.08193250244046169,0.04069050291319993,25,10,0
43,6954,0.8847942140821065,1.5830509425960034e-06,0.07451372286175881,0.04069048000519232,25,10,0
43,6955,0.8848307029263526,1.5780315681844568e-06,0.07447732109278964,0.04069039794928988,25,10,0
43,6956,0.884679160501357,1.578855863464852e-06,0.07459916037555757,0.04072010026722223,25,10,0
43,6957,0.9063176129871259,2.2560829888119925e-07,0.05296202564340888,0.04072013576116652,25,10,0
43,6958,0.9014013349851377,2.2573099097062748e-07,0.05787826992573195,0.04072016935813948,25,10,0
43,6959,0.9015195397379985,2.256579694239818e-07,0.057760085454774214,0.0407201491492576,25,10,0
43,6960,0.9006557261641737,8.767695499380253e-08,0.0586606380799189,0.04068354807895223,25,10,0
43,6961,0.9006379749625125,8.784196478732331e-08,0.058678365976867604,0.04068357121865503,25,10,0
43,6962,0.9012194082813305,8.788006727545046e-08,0.05866707100822996,0.04011343283037227,25,10,0
43,6963,0.901225095515894,8.756376825738926e-08,0.05866147264177221,0.04011334427856548,25,10,0
43,6964,0.9009394893721394,8.80037861166835e-08,0.05894707871429367,0.04011334390978085,25,10,0
43,6965,0.9186312228706349,8.804094829713427e-08,0.04142950344848737,0.03993918563992928,25,10,0
43,6966,0.8789444186864855,8.807438745481541e-08,0.07816480753848866,0.04289068570063811,25,10,0
43,6967,0.8791731046201346,8.745478936768313e-08,0.07793616551087354,0.042890642414202235,25,10,0
43,6968,0.8791980417289093,8.742490754720552e-08,0.07791123347780515,0.042890637368377824,25,10,0
43,6969,0.8440232987819593,1.299820358862102e-07,0.1130859486809752,0.04289062255502852,25,10,0
43,6970,0.8115678266126656,5.276701629378137e-05,0.14548440330273643,0.04289500306830345,25,10,0
43,6971,0.8054210417069779,5.277154503787568e-05,0.15163110146029365,0.04289508528768971,25,10,0
43,6972,0.8005340404775293,5.294143347833807e-05,0.15651736392618582,0.04289565416280554,25,10,0
43,6973,0.7886962132591708,5.294191345304585e-05,0.16835512329387903,0.04289572153349713,25,10,0
43,6974,0.7884990161115008,5.3754389826139726e-05,0.16854735626300468,0.04289987323566855,25,10,0
43,6975,0.7927650379721264,5.3748916161134717e-05,0.16432258166290623,0.04285863144880641,25,10,0
43,6976,0.7922602526683691,5.3753915526478446e-05,0.1648273397905708,0.04285865362553385,25,10,0
43,6977,0.8043059907031815,5.294095288138503e-05,0.15278663634576067,0.04285443199817549,25,10,0
43,6978,0.7722326114667353,5.279342236042676e-05,0.18486073195641894,0.042853863154486686,25,10,0
43,6979,0.7724456679777052,5.279301068678249e-05,0.18464767740462612,0.04285386160698329,25,10,0
43,6980,0.7726314930081796,5.278878927704824e-05,0.1844619486190566,0.04285376958348776,25,10,0
43,6981,0.7714669025693622,5.278932074806418e-05,0.18562653324772385,0.0428537748621669,25,10,0
43,6982,0.7713399912750161,5.278896582910119e-05,0.18575215558550184,0.042855064173654055,25,10,0
43,6983,0.7718074541805515,5.276166077445809e-05,0.18528470589693355,0.04285507826174124,25,10,0
43,6984,0.7330196383656138,0.0007736265211822967,0.22338103018824626,0.04282570492495937,25,10,0
43,6985,0.7282007606785588,0.0007736272035838708,0.2281991216824477,0.04282649043541129,25,10,0
43,6986,0.7331195201081039,0.000773627077293985,0.22328039624453105,0.04282645657007318,25,10,0
43,6987,0.7697852669103602,0.0007735828872430444,0.186614695513031,0.04282645468936694,25,10,0
43,6988,0.7696213084654977,0.0007735881526811628,0.18677859936883393,0.042826504012988306,25,10,0
43,6989,0.7660637883342675,0.0007735883080178233,0.19033611994428554,0.04282650341343094,25,10,0
43,6990,0.7653929693963956,0.0007735978021656397,0.191005584089774,0.042827848711665915,25,10,0
43,6991,0.7676316834789744,5.2763956171656354e-05,0.18948878273467876,0.0428267698301764,25,10,0
43,6992,0.7709176407298775,5.304833588626158e-05,0.18620253706700773,0.04282677386722979,25,10,0
43,6993,0.7714361641202448,5.3043598473803826e-05,0.18568404262458224,0.04282674965670033,25,10,0
43,6994,0.755952634179551,5.363797415620079e-05,0.2010055929705166,0.042988134875777684,25,10,0
43,6995,0.7460404977088058,5.3650181631583834e-05,0.21091773903623776,0.04298811307332631,25,10,0
43,6996,0.7359632296270903,5.395885595749568e-05,0.2209714016038248,0.043011409913128865,25,10,0
43,6997,0.7214253311417355,5.438137498715093e-05,0.23538918695520486,0.04313110052807395,25,10,0
43,6998,0.7380723668484633,5.438099770165015e-05,0.21874218862360928,0.04313106353022697,25,10,0
43,6999,0.7377795072554774,5.4380863035530605e-05,0.2190350517728919,0.04313106010859631,25,10,0
43,7000,0.7531079258710303,5.379186745209558e-05,0.20386858195534452,0.04296970030617458,25,10,0
43,7001,0.7428342379194629,5.3799703584151984e-05,0.21414032450497802,0.042971637871976304,25,10,0
43,7002,0.7431450145709875,5.351968238317372e-05,0.21382985010275557,0.0429716156438752,25,10,0
43,7003,0.7431746341577802,5.351546194265584e-05,0.21373679122590988,0.043035059154368484,25,10,0
43,7004,0.7408537162731007,0.00039782188067469265,0.21571811984520445,0.04303034200102137,25,10,0
43,7005,0.737383587533978,0.0003978223570220643,0.2191895030601819,0.04302908704881911,25,10,0
43,7006,0.7362658497391759,0.00039829013850017475,0.22030524982529337,0.043030610297031646,25,10,0
43,7007,0.7331764931840642,0.00039828055623497164,0.2233959836806247,0.04302924257907719,25,10,0
43,7008,0.7594103689709766,0.00034563858670059224,0.1972191607617404,0.043024831680583304,25,10,0
43,7009,0.7587364019359135,0.00034563428127576753,0.19789229729743077,0.04302566648538085,25,10,0
43,7010,0.7953244980587708,0.0003456120302731137,0.1613041539608104,0.04302573595014603,25,10,0
43,7011,0.7915650376672564,0.00034606048211490765,0.16506204765042476,0.04302685420020543,25,10,0
43,7012,0.7909928676569454,0.0003460601378660482,0.17978677124354966,0.028874300961640797,25,10,0
43,7013,0.789133475064236,0.00034758680964622706,0.18163710085577847,0.028881837270340754,25,10,0
43,7014,0.7868452487114991,0.00034758671977113564,0.18392530845592192,0.028881856112809596,25,10,0
43,7015,0.7826251822923542,0.00034768076329211523,0.18814445018920758,0.028882686755147255,25,10,0
43,7016,0.7808129345978824,0.0003476811608266603,0.1899567659336023,0.028882618307689706,25,10,0
43,7017,0.7697159215514668,0.0003476949650108102,0.20105003646374747,0.028886347019776357,25,10,0
43,7018,0.7695406581751735,0.0003476978483790028,0.2012252578543262,0.028886386122122593,25,10,0
43,7019,0.776841773471043,0.00034931760468364173,0.19392053364997444,0.028888375274300274,25,10,0
43,7020,0.7843552922684733,0.00034886898860215354,0.18640858204009497,0.028887256702830898,25,10,0
43,7021,0.8227678246221671,0.00034886955627590926,0.17289405900159133,0.003989246819966843,25,10,0
43,7022,0.8191520851693943,0.0003488646254458555,0.1765062680280596,0.003992782177101324,25,10,0
43,7023,0.8161810238885409,0.00034887136470026386,0.17947726283513654,0.003992841911623485,25,10,0
43,7024,0.8176362777411142,0.0003488705095524125,0.17802744170905696,0.003987410040277373,25,10,0
43,7025,0.8224943867481295,0.00034886280531904487,0.1731701858129513,0.003986564633601167,25,10,0
43,7026,0.8260565685155037,0.00034886917122883436,0.1696115598303068,0.00398300248296123,25,10,0
43,7027,0.8186485803448831,0.0003558188313141159,0.17701124707526206,0.003984353748541812,25,10,0
43,7028,0.8199650552918354,0.00035429814011326145,0.1756941193078285,0.003986527260224019,25,10,0
43,7029,0.8246451553207668,0.0003545915874151857,0.1710110731089486,0.003989179982870534,25,10,0
43,7030,0.8213756305025831,0.00035459228227596826,0.1742802862415279,0.003989490973614034,25,10,0
43,7031,0.7939293667750085,0.00035634691552387026,0.1745645253298555,0.031149760979613,25,10,0
43,7032,0.799249980027573,0.0003563412059199696,0.17005011132310302,0.030343567443404846,25,10,0
43,7033,0.7994894603583483,0.00035634104885654835,0.16981060940807985,0.030343589184715913,25,10,0
43,7034,0.7998456141600292,0.0003560405578663671,0.1694574346712018,0.030340910610903275,25,10,0
43,7035,0.7631322381207372,0.0003560413630102623,0.2061644712973072,0.03034724921894559,25,10,0
43,7036,0.7622875966249721,0.0003560417107595654,0.20700901169140962,0.030347349972858813,25,10,0
43,7037,0.7821908097488968,0.0003566520564183875,0.1871051437632513,0.030347394431432514,25,10,0
43,7038,0.7820547076876265,0.00035665197945727346,0.18724124993018593,0.03034739040272921,25,10,0
43,7039,0.7923476835372412,0.0003576334731446539,0.1769508494482877,0.030343833541325763,25,10,0
43,7040,0.7887429700909949,0.0008096391948179001,0.18016705065653685,0.030280340057649426,25,10,0
43,7041,0.7881827468163023,0.0008099504096457927,0.18072678301680478,0.030280519757246275,25,10,0
43,7042,0.7920038340323353,0.000809856160391558,0.17690661134681293,0.030279698460459463,25,10,0
43,7043,0.8201464195744154,0.0008098619739970877,0.14921099750258046,0.029832720949006224,25,10,0
43,7044,0.8104467359848236,0.0008098621395879631,0.15891063321207896,0.02983276866350827,25,10,0
43,7045,0.8055322795780181,0.0008155057987006269,0.16381903704302603,0.029833177580255138,25,10,0
43,7046,0.8141951189147478,0.0008152330386647652,0.15517975945897095,0.02980988858761588,25,10,0
43,7047,0.8142878129014839,0.0008152262191693266,0.15508704913856078,0.029809911740785445,25,10,0
43,7048,0.8152652070569784,0.0008147584521516263,0.1541116446775734,0.0298083898132961,25,10,0
43,7049,0.8173034815975949,0.0008131362091336314,0.15207867016669402,0.02980471202657699,25,10,0
43,7050,0.8212377108793596,0.0008131425659997546,0.14814549138255734,0.029803655172082798,25,10,0
43,7051,0.8221545336236749,0.0008131422081975422,0.14689952661590075,0.030132797552226753,25,10,0
43,7052,0.7905610471106529,0.0008154239192084829,0.17849060853389379,0.03013292043624545,25,10,0
43,7053,0.790505612250668,0.0008154240992069589,0.1785460423640197,0.030132921286106208,25,10,0
43,7054,0.7888166747658389,0.0008154868717151225,0.18024300584867003,0.030124832513776477,25,10,0
43,7055,0.7956387291510224,0.0008150765667701194,0.16913746555566633,0.03440872872654162,25,10,0
43,7056,0.7977664868437198,0.0008150580793958111,0.16701133194364692,0.03440712313323794,25,10,0
43,7057,0.8087328720932773,0.0008150673571485133,0.1585480504064125,0.03190401014316138,25,10,0
43,7058,0.8071880985323544,0.0008150739566204163,0.1600919262395367,0.03190490127148846,25,10,0
43,7059,0.7899047860206189,0.0008150691094797824,0.17737549180485013,0.031904653065052385,25,10,0
43,7060,0.7942004588891866,0.0008150485229390949,0.17499904494072227,0.029985447647153017,25,10,0
43,7061,0.787775782238396,0.0008132945965777891,0.1689728792092568,0.04243804395577005,25,10,0
43,7062,0.7876837836439512,0.0008132601852186526,0.1690647773719393,0.042438178798891314,25,10,0
43,7063,0.7873998364856034,0.0008132752893088592,0.16934870664333587,0.04243818158175227,25,10,0
43,7064,0.787484520268201,0.0008132752330744662,0.16926404193573683,0.04243816256298823,25,10,0
43,7065,0.7776719590217492,0.000813267678185864,0.17907800115715536,0.04243677214291001,25,10,0
43,7066,0.7778277902260554,0.0008132171281092478,0.17892221564708577,0.04243677699874998,25,10,0
43,7067,0.7840563015952807,0.0008219233234901305,0.17516792837040296,0.03995384671082635,25,10,0
43,7068,0.7922088630530492,0.0008162842977815252,0.16702137471495912,0.039953477934210925,25,10,0
43,7069,0.7918275614015491,0.0008162944414023577,0.1674026363286722,0.039953507828376866,25,10,0
43,7070,0.808445282398236,0.0008156492942459447,0.1507856138219551,0.03995345448556248,25,10,0
43,7071,0.8082967723557446,0.0008156541781772267,0.15093412605243528,0.03995344741364265,25,10,0
43,7072,0.8093474057725735,0.0008156526769040413,0.14988362914684272,0.03995331240367939,25,10,0
43,7073,0.8134529366758915,0.00047132883006560585,0.14612243365002825,0.0399533008440143,25,10,0
43,7074,0.8491002346111982,0.0004713286589673145,0.11081061308584994,0.03961782364398385,25,10,0
43,7075,0.8490889946067014,0.0004713691217058255,0.11407135546068448,0.0363682808109077,25,10,0
43,7076,0.8590538057893302,0.0004713690066169189,0.10410658605716748,0.03636823914688473,25,10,0
43,7077,0.8583729513143403,0.0004713841708307189,0.10478329851106556,0.036372366003762785,25,10,0
43,7078,0.8582162875000869,0.00047138131287365276,0.1049400022516469,0.036372328935391586,25,10,0
43,7079,0.8636949308058408,0.00046269177797910675,0.09947128263344306,0.036371094782736244,25,10,0
43,7080,0.8246214231620577,0.00046269229189477274,0.12571781072176633,0.0491980738242807,25,10,0
43,7081,0.8336151147919449,1.0686809079878289e-05,0.11717606260581537,0.049198135793159334,25,10,0
43,7082,0.8635847150305398,1.0654310169080486e-05,0.11819578828872501,0.01820884237056559,25,10,0
43,7083,0.8639384435737486,1.0348105309513364e-05,0.11784255104471479,0.0182086572762264,25,10,0
43,7084,0.8714947088605506,3.393352735457695e-06,0.11029461782018,0.01820727996653347,25,10,0
43,7085,0.8713197392073156,2.4303927908829407e-06,0.11047046059613157,0.018207369803761208,25,10,0
43,7086,0.8712645042449323,2.438987725369017e-06,0.11052564471917582,0.01820741204816582,25,10,0
43,7087,0.8779916761143529,2.4440393842367753e-06,0.1037971821544353,0.018208697691826755,25,10,0
43,7088,0.8729787490024254,2.435087833191381e-06,0.10870773405652047,0.018311081853220182,25,10,0
43,7089,0.8732368059701408,2.4251297798785523e-06,0.10844973605422392,0.018311032845854724,25,10,0
43,7090,0.8732006187757942,2.440237439648572e-06,0.10842751470525645,0.018369426281508908,25,10,0
43,7091,0.8708064873277915,2.440925611788217e-06,0.11081631611333037,0.01837475563326566,25,10,0
43,7092,0.837116752767305,3.7827999206905247e-06,0.144504596313477,0.0183748681192969,25,10,0
43,7093,0.8179247590057183,4.112981586653139e-06,0.16369472080420486,0.018376407208490406,25,10,0
43,7094,0.7867114350017144,4.786203807533276e-06,0.19490744562275342,0.018376333171724452,25,10,0
43,7095,0.8205761614979475,3.448461546822526e-06,0.1610431028402307,0.018377287200274955,25,10,0
43,7096,0.8256034287451139,3.447791584527461e-06,0.15611827046134402,0.018274853001957164,25,10,0
43,7097,0.8260927440700339,3.447436994387529e-06,0.1556289526200069,0.018274855872964665,25,10,0
43,7098,0.845325994728146,2.7538949289193135e-06,0.1363963629409578,0.018274888435966564,25,10,0
43,7099,0.8509719713675846,4.775660263145905e-07,0.13066125677282092,0.01836629429356802,25,10,0
43,7100,0.846540587936602,6.477565059577631e-07,0.1350924561235906,0.018366308183301164,25,10,0
43,7101,0.8459035911279303,6.57679873627202e-07,0.1357294160412323,0.018366335150963625,25,10,0
43,7102,0.8460806593906003,6.586006648503672e-07,0.13554105664643223,0.018377625362302606,25,10,0
43,7103,0.8472801243906009,6.581943509616164e-07,0.13434693918750823,0.01837227822753985,25,10,0
43,7104,0.847362816162389,6.590416644855724e-07,0.13426532051598433,0.018371204279962184,25,10,0
43,7105,0.8480644185963859,6.439474078161963e-07,0.13356786094625187,0.018367076509953985,25,10,0
43,7106,0.8484480978893402,6.344138108691349e-07,0.1331841893921809,0.018367078304667914,25,10,0
43,7107,0.8461715347289901,7.436217573192168e-07,0.13546052480684462,0.018367196842408277,25,10,0
43,7108,0.8459765670384065,7.471811421803217e-07,0.1356554789635085,0.01836720681694306,25,10,0
43,7109,0.8464807103192042,7.457334486689495e-07,0.13516272049190098,0.018355823455446393,25,10,0
43,7110,0.8430830451391336,8.799161199274405e-07,0.13855939448505533,0.018356680459691136,25,10,0
43,7111,0.8371525118104667,7.166582861903511e-07,0.1444347093214563,0.018412062209790636,25,10,0
43,7112,0.8354894910891824,8.4672869410845e-07,0.14404968669874482,0.020459975483378745,25,10,0
43,7113,0.8358671869967615,8.418858103829986e-07,0.14367212088671266,0.02045985023071544,25,10,0
43,7114,0.8320797574637558,4.566328529175554e-06,0.14745600506955822,0.020459671138156832,25,10,0
43,7115,0.8353734370652641,4.432062158315648e-06,0.14416331791891343,0.02045881295366407,25,10,0
43,7116,0.7999091811850038,4.433337757871751e-06,0.17962735862596124,0.02045902685127773,25,10,0
43,7117,0.8027565267053233,4.420718701627342e-06,0.1767811324024969,0.020457920173478927,25,10,0
43,7118,0.7938836956740719,6.581749138728357e-06,0.18449391441150212,0.021615808165287867,25,10,0
43,7119,0.7939673669840777,6.582766518507403e-06,0.18441023834580825,0.02161581190359658,25,10,0
43,7120,0.8141492627559651,6.220227208744448e-06,0.16423050606627207,0.02161401095055484,25,10,0
43,7121,0.8246575874735815,6.213133582135701e-06,0.15377755815253724,0.021558641240299634,25,10,0
43,7122,0.8245756791467279,6.2073835851630286e-06,0.15385950203662027,0.021558611433067098,25,10,0
43,7123,0.8422536927008427,6.213854712840335e-06,0.1361814174632904,0.02155867598115453,25,10,0
43,7124,0.842375816074089,6.21367948085944e-06,0.1360592716593962,0.021558698587034398,25,10,0
43,7125,0.8422414659365843,6.218788909373706e-06,0.13619359201569378,0.021558723258812855,25,10,0
43,7126,0.8420989976925638,6.228941053222942e-06,0.13633604807670838,0.021558725289674893,25,10,0
43,7127,0.8422270718081275,6.223734324451245e-06,0.13620801296123478,0.021558691496313797,25,10,0
43,7128,0.8432300826182606,6.2082787510276125e-06,0.1352634883824968,0.02150022072049196,25,10,0
43,7129,0.8360212120243523,6.208313465588134e-06,0.14247236094369994,0.021500218718482227,25,10,0
43,7130,0.8294903102961894,1.0712014511073873e-05,0.1489777148236833,0.02152126286561624,25,10,0
43,7131,0.8374111509894486,1.0577743305432769e-05,0.14310496108211737,0.019473310185128587,25,10,0
43,7132,0.8338471822269792,1.0577888073643668e-05,0.14666892771503692,0.01947331216991011,25,10,0
43,7133,0.8412979552374924,1.0577752796820144e-05,0.13921814430740886,0.01947332270230176,25,10,0
43,7134,0.8403726407298006,1.0789406715132963e-05,0.14014222339063284,0.019474346472851366,25,10,0
43,7135,0.8406700909241743,1.0789719472816017e-05,0.15266506937178384,0.006654049984567769,25,10,0
43,7136,0.8406731664762789,1.077990546914342e-05,0.1526620303536075,0.00665402326464323,25,10,0
43,7137,0.8387322009159979,1.448160691621644e-05,0.15457940601959558,0.006673911457489018,25,10,0
43,7138,0.8418123730460643,1.4384894533117792e-05,0.15149937497926197,0.006673867080139519,25,10,0
43,7139,0.8297200104420726,1.4384885659214468e-05,0.16359173846714062,0.006673866205126544,25,10,0
43,7140,0.8392911027922569,1.4376683340861026e-05,0.15939456462941076,0.00129995589499038,25,10,0
43,7141,0.8246493054598208,1.4605284574387741e-05,0.17396247226743,0.0013736169881746025,25,10,0
43,7142,0.8215399367680908,1.472520177744252e-05,0.17707109796524725,0.001374240064884091,25,10,0
43,7143,0.8149220199324451,1.3084901989529244e-05,0.18484601481308569,0.0002188803524791574,25,10,0
43,7144,0.8148560287569773,1.3084649923520831e-05,0.18491131388935997,0.0002195727037385602,25,10,0
43,7145,0.8122783124517025,1.3083329433297509e-05,0.18458828283825818,0.0031203213806054726,25,10,0
43,7146,0.8113878431017821,1.7885142391884646e-05,0.1854731458950346,0.0031211258607911525,25,10,0
43,7147,0.7760413984948633,1.7881446762202175e-05,0.22081949846856566,0.0031212215898091546,25,10,0
43,7148,0.7959758101243838,1.392573375489781e-05,0.20096283450266836,0.0030474296391927343,25,10,0
43,7149,0.780704520974881,1.4540975808246775e-05,0.21623328176600104,0.003047656283309925,25,10,0
43,7150,0.7809749589672401,1.4540779956438649e-05,0.21596284491742568,0.003047655335377649,25,10,0
43,7151,0.7828294120256001,1.4548060690860873e-05,0.2141083491349036,0.0030476907788050617,25,10,0
43,7152,0.7790417295280518,1.455855464827717e-05,0.21789592012357364,0.003047791793725876,25,10,0
43,7153,0.7836829351223992,9.756496114390266e-06,0.21326032541397086,0.003046982967515371,25,10,0
43,7154,0.7619043422062464,2.1182081882827123e-05,0.23500082064231262,0.003073655069558146,25,10,0
43,7155,0.7621248492754392,2.058772971155855e-05,0.23477815776502542,0.0030764052298235655,25,10,0
43,7156,0.7766409595890253,2.1138858983706996e-05,0.2202644271276912,0.0030734744242994837,25,10,0
43,7157,0.7422860492463426,2.1139191414855414e-05,0.2546129527545383,0.0030798588077041874,25,10,0
43,7158,0.7422877524840789,2.1139377705867104e-05,0.2546112628447281,0.0030798452934870163,25,10,0
43,7159,0.7459416270560588,2.112952758847582e-05,0.250957447097809,0.003079796318543952,25,10,0
43,7160,0.7466205854154624,2.112940978066815e-05,0.25027871369406046,0.003079571480696668,25,10,0
43,7161,0.74716917428481,2.0585374980446745e-05,0.2497293648446588,0.0030808754955509456,25,10,0
43,7162,0.7305886660953418,2.180139118695244e-05,0.2663064255327854,0.0030831069806860094,25,10,0
43,7163,0.7303123980339414,2.1811894005080155e-05,0.2665818268185482,0.003083963253505206,25,10,0
43,7164,0.7300820430621673,2.1811706355934083e-05,0.26681218332421597,0.0030839619072608056,25,10,0
43,7165,0.7304290038825814,2.1800753203368197e-05,0.2664661154262701,0.003083079937945119,25,10,0
43,7166,0.7304363610533333,2.177711904655329e-05,0.2663839953745467,0.003157866453073286,25,10,0
43,7167,0.7026988378201131,2.1769845063759205e-05,0.2941215568876833,0.003157835447140915,25,10,0
43,7168,0.6986623530598501,2.1770440527870886e-05,0.2981580299685509,0.0031578465310716634,25,10,0
43,7169,0.6986469023516944,2.176553739693991e-05,0.29824953626543604,0.0030817958454733723,25,10,0
43,7170,0.7341074800783675,2.1764466279950937e-05,0.262788928222047,0.003081827233305476,25,10,0
43,7171,0.7003945461448575,5.0308703389320605e-05,0.29636262874422753,0.003192516407526691,25,10,0
43,7172,0.67316846360724,5.0403264931851093e-05,0.3235884474076732,0.0031926857201552655,25,10,0
43,7173,0.6727941605955088,5.0390680357968216e-05,0.32396276871929436,0.003192680004839747,25,10,0
43,7174,0.6943231310519047,3.896117217834843e-05,0.3024724792210553,0.003165428554862725,25,10,0
43,7175,0.691517793878912,3.896919446677724e-05,0.3052465851699349,0.0031966517566874614,25,10,0
43,7176,0.6916152568213824,3.89694213560297e-05,0.305149064078856,0.0031967096784070764,25,10,0
43,7177,0.6955370988470384,3.8973933552866204e-05,0.30122725302369713,0.0031966741957120733,25,10,0
43,7178,0.6956660272899673,3.897329314530424e-05,0.3010983768051831,0.003196622611704509,25,10,0
43,7179,0.6846406350538494,3.9185426659045264e-05,0.312065998261944,0.003254181257549052,25,10,0
43,7180,0.7216088408254538,1.0516247821597347e-05,0.2752377742875458,0.0031428686391787564,25,10,0
43,7181,0.7218477448047778,1.0516256124610748e-05,0.27499886689707326,0.003142872042024569,25,10,0
43,7182,0.7151477057110907,1.0516410855447055e-05,0.2816988686234632,0.0031429092545909166,25,10,0
43,7183,0.7150347573575867,1.051629377917913e-05,0.2818105535380642,0.0031441728105700713,25,10,0
43,7184,0.7301843873824215,9.98706161240725e-06,0.26666387839766253,0.003141747158303398,25,10,0
43,7185,0.7292617727788451,9.988783800535621e-06,0.2675811599399695,0.0031470784973846215,25,10,0
43,7186,0.720144180777123,1.0347101379354372e-05,0.27664960209438083,0.0031958700271168855,25,10,0
43,7187,0.7284968675227367,2.141705586169046e-06,0.2683447340827005,0.0031562566889768266,25,10,0
43,7188,0.7280561016366756,2.414712804008605e-06,0.2687839627831933,0.0031575208673275145,25,10,0
43,7189,0.7263219130909268,2.80002424671998e-06,0.2704499363260424,0.0032253505587842685,25,10,0
43,7190,0.7353574733712969,2.442289419806129e-06,0.26146340584893785,0.0031766784903455914,25,10,0
43,7191,0.7520258958185572,1.226334597767708e-06,0.24479912009415072,0.0031737577526942964,25,10,0
43,7192,0.7528871893440963,1.226104545358672e-06,0.24683056773189718,0.0002810168194619697,25,10,0
43,7193,0.7424668438227683,1.4622161520666495e-06,0.2572286760442224,0.0003030179168580232,25,10,0
43,7194,0.7431054149131593,1.4879228171970574e-06,0.2565899611202205,0.0003031360438046538,25,10,0
43,7195,0.7817032463606951,1.506401315317659e-06,0.21799878641587103,0.0002964608221200029,25,10,0
43,7196,0.7813868280275557,1.5059597378313322e-06,0.21831529437493655,0.00029637163777115617,25,10,0
43,7197,0.7759875666172863,1.2332049139201038e-06,0.2237138426019451,0.00029735757585604,25,10,0
43,7198,0.776481019629492,1.213887102903771e-06,0.2232204184429603,0.0002973480404460464,25,10,0
43,7199,0.7757011201294504,1.2238444804698723e-06,0.22399895737767014,0.0002986986484004045,25,10,0
43,7200,0.763332984386355,2.426397688431118e-06,0.2363659508999442,0.00029863831601348453,25,10,0
43,7201,0.7577048494762915,2.2309446163247894e-06,0.24204875020501418,0.0002441693740792213,25,10,0
43,7202,0.7575342615151568,2.2309279698077016e-06,0.24221933976664645,0.0002441677902283405,25,10,0
43,7203,0.7241802506754828,2.2464598757105127e-06,0.2755745027477097,0.00024300011693402773,25,10,0
43,7204,0.7184114576207583,2.247668141617746e-06,0.2813362201227301,0.0002500745883720686,25,10,0
43,7205,0.6970747997290755,2.232602467991847e-06,0.3026759813049147,0.00024698636354378913,25,10,0
43,7206,0.7089757959536708,2.2518338977255013e-06,0.29076996746541917,0.0002519847470151085,25,10,0
43,7207,0.7091896300865587,2.2522236848655166e-06,0.2905560894789397,0.00025202821081977815,25,10,0
43,7208,0.6928451840244473,2.238581411307498e-06,0.3069040987903481,0.00024847860379612736,25,10,0
43,7209,0.6674852752667826,5.294930418472195e-05,0.3322400585331717,0.00022171689586264714,25,10,0
43,7210,0.6662306502302918,5.2950529274899664e-05,0.33349461007120723,0.00022178916922767816,25,10,0
43,7211,0.659289241854597,5.3174760794335384e-05,0.34043355776482637,0.0002240256197839866,25,10,0
43,7212,0.6773293320849305,5.316899606560851e-05,0.32239510049897313,0.00022239842003370157,25,10,0
43,7213,0.7120091420727632,5.3168666683559104e-05,0.2877218136588244,0.0002158756017314808,25,10,0
43,7214,0.71271715876872,5.316659338289712e-05,0.28701913131092077,0.00021054332697877448,25,10,0
43,7215,0.7113875992136278,5.316755869274083e-05,0.28834857114170165,0.00021066208598045114,25,10,0
43,7216,0.7198233999171262,5.278207802671064e-05,0.2799810270576185,0.00014279094723142338,25,10,0
43,7217,0.7198246518863541,5.27820779998639e-05,0.2799797750882218,0.00014279094742709268,25,10,0
43,7218,0.719572189243991,5.278199745582588e-05,0.28023221802910536,0.0001428107294499063,25,10,0
43,7219,0.7230567618865313,5.459476016723309e-05,0.27626202674392836,0.0006266166093741901,25,10,0
43,7220,0.7602418958249466,5.456904459299132e-05,0.2390770393167705,0.0006264958136910559,25,10,0
43,7221,0.7879227653377279,5.45674597320857e-05,0.21139617178312414,0.0006264954194169265,25,10,0
43,7222,0.7881065391748733,5.4567531934709274e-05,0.2112124217940685,0.0006264714991246647,25,10,0
43,7223,0.7878112594190918,5.4708451817493363e-05,0.21150686285689116,0.000627169272200395,25,10,0
43,7224,0.7878952962453869,5.470790092684085e-05,0.21142282796040202,0.0006271678932850594,25,10,0
43,7225,0.7878946557605113,5.47079060768432e-05,0.21142344354653733,0.0006271927868754399,25,10,0
43,7226,0.8207356560604318,5.2896502146385646e-05,0.17907628441651255,0.00013516302090897737,25,10,0
43,7227,0.8163637302928496,5.289964476304654e-05,0.18344819083275454,0.00013517922963239212,25,10,0
43,7228,0.8152922616354107,5.2940334178132863e-05,0.18451950142934798,0.00013529660106282012,25,10,0
43,7229,0.8138847880651714,5.2941350102366965e-05,0.18592227170994174,0.000139998874783881,25,10,0
43,7230,0.8136207448489281,5.2946193860680775e-05,0.18618628663293277,0.0001400223242779323,25,10,0
43,7231,0.8078203919868042,5.294610395592356e-05,0.19191459201507924,0.00021206989416138865,25,10,0
43,7232,0.8066871804005901,5.3078948105797724e-05,0.19239329257157275,0.0008664480797321167,25,10,0
43,7233,0.8352793932321555,2.3606049719842534e-06,0.16385633791557713,0.000861908247294521,25,10,0
43,7234,0.8379288854215643,2.361581322677382e-06,0.1612789161366737,0.0007898368604384244,25,10,0
43,7235,0.8755135529115075,1.0704373246508947e-06,0.12369498850655818,0.000790388144608803,25,10,0
43,7236,0.8765849810960613,1.0343046164852853e-06,0.12262371474004218,0.0007902698592790454,25,10,0
43,7237,0.8765915448873769,1.034131134152888e-06,0.12261715306644688,0.0007902679150410953,25,10,0
43,7238,0.859375322082466,1.0567061310220727e-06,0.1398334250915304,0.000790196119872038,25,10,0
43,7239,0.8595644603178735,1.0518700715313505e-06,0.13964429059289743,0.0007901972191569971,25,10,0
43,7240,0.8465587719653646,1.5046248213176404e-06,0.15264948827063546,0.0007902351391776711,25,10,0
43,7241,0.8470156448494858,1.5046431391294862e-06,0.15219261285713268,0.0007902376502412915,25,10,0
43,7242,0.8459648743799572,1.504682201178906e-06,0.15324336779900014,0.0007902531388404241,25,10,0
43,7243,0.8446711217892792,1.5063320059909534e-06,0.15453714537864102,0.0007902265000728273,25,10,0
43,7244,0.8738834132733708,1.4942777884689754e-06,0.12533015913824047,0.000784933310599053,25,10,0
43,7245,0.8758328509710678,1.4883950936764673e-06,0.12338138689746221,0.000784273736375534,25,10,0
43,7246,0.8772928815774138,1.2697850097055088e-06,0.12192266302192455,0.0007831856156514176,25,10,0
43,7247,0.8807758918198891,1.2687356667399443e-06,0.1184394702077182,0.0007833692367251678,25,10,0
43,7248,0.8781572245141744,1.252103959420071e-06,0.12105883003589922,0.0007826933459662819,25,10,0
43,7249,0.8780957187303424,1.2520862470091476e-06,0.12112033678993721,0.0007826923934726887,25,10,0
43,7250,0.8655079618398408,1.266776907404621e-06,0.13370092633224887,0.0007898450510022177,25,10,0
43,7251,0.8759573889269057,1.025709054905671e-06,0.12327372542718802,0.0007678599368506341,25,10,0
43,7252,0.8781844754753914,9.610650106417182e-06,0.12103693861478051,0.0007689752597205811,25,10,0
43,7253,0.9014725383142903,9.157869537951422e-06,0.09774936774361491,0.0007689360725563237,25,10,0
43,7254,0.8699087720782924,0.00048716304963915887,0.1288344001453838,0.0007696647266836203,25,10,0
43,7255,0.8819872206823116,0.00048720666541097676,0.11676306734593017,0.0007625053063459699,25,10,0
43,7256,0.8819357496044641,0.00048720667048099956,0.11681453756326446,0.0007625061617892694,25,10,0
43,7257,0.8820577208708873,0.00048720666884815016,0.11669256666991223,0.0007625057903510911,25,10,0
43,7258,0.8866703055907934,9.522708954432108e-06,0.11255685188180202,0.00076331981844905,25,10,0
43,7259,0.8847023945724832,9.556666553784369e-06,0.11452598246278516,0.0007620662981764332,25,10,0
43,7260,0.8855442504181945,9.556410242924814e-06,0.11368412399890693,0.0007620691726543344,25,10,0
43,7261,0.885580036881032,9.556257898016907e-06,0.11364835185950517,0.000762055001563554,25,10,0
43,7262,0.8883485119331905,9.432064156897358e-06,0.11088002125358024,0.0007620347490713275,25,10,0
43,7263,0.9170734954357994,9.109849113957476e-06,0.08215689695820118,0.0007604977568852737,25,10,0
43,7264,0.9160034399768747,9.115107576177706e-06,0.08322691753178971,0.0007605273837590299,25,10,0
43,7265,0.9133042673415698,9.291101869750873e-06,0.08588044991893079,0.0008059916376294129,25,10,0
43,7266,0.9130752393015777,6.945259962610424e-07,0.08611603396663149,0.0008080322057941353,25,10,0
43,7267,0.9237742799064318,6.798691641156383e-07,0.07541896923453334,0.0008060709898704434,25,10,0
43,7268,0.9281408470974389,6.767229674229192e-07,0.07105244627621089,0.0008060299033825165,25,10,0
43,7269,0.9281179705792217,6.870991129541925e-07,0.07107528699463897,0.0008060553270260773,25,10,0
43,7270,0.9275150225910268,6.965118240851336e-07,0.0716781928230873,0.0008060880740615176,25,10,0
43,7271,0.8948504363807162,7.102875212296356e-07,0.10434272023651722,0.0008061330952444675,25,10,0
43,7272,0.8793936724440915,1.2313598058245846e-06,0.1197988346138875,0.0008062615822139107,25,10,0
43,7273,0.8724607152410832,1.2458102668142409e-06,0.12673171851889234,0.0008063204297571339,25,10,0
43,7274,0.8978818347729122,1.2516167517080917e-06,0.10140199131448689,0.0007149222958491073,25,10,0
43,7275,0.8979276800647042,1.2514373986134095e-06,0.10135614685990511,0.0007149216379918389,25,10,0
43,7276,0.9052651032581659,1.0168739289391713e-06,0.09402128347123855,0.0007125963966665008,25,10,0
43,7277,0.9018303598245785,1.02834896309348e-06,0.0974549707914589,0.0007136410349992816,25,10,0
43,7278,0.9073520309788785,1.0399153073179024e-06,0.09193451274525605,0.0007124163605580748,25,10,0
43,7279,0.9072541544456773,1.0403428284909781e-06,0.0920325788877633,0.0007122263237311281,25,10,0
43,7280,0.9009241758683053,1.1802842850188204e-06,0.0983606458164114,0.0007139980309986159,25,10,0
43,7281,0.8973903040401272,1.1889927848078355e-06,0.10182754644575524,0.0007809605213331042,25,10,0
43,7282,0.8919965631731452,1.419823512188379e-06,0.10722108537836396,0.0007809316249790623,25,10,0
43,7283,0.8917480310317066,1.423031467408425e-06,0.10725493921377001,0.0009956067230563013,25,10,0
43,7284,0.9039194895008726,1.4127828993490773e-06,0.09507070329428137,0.0010083944219466388,25,10,0
43,7285,0.8886296271836092,1.4970882242448396e-06,0.10908035905230014,0.0022885166758666907,25,10,0
43,7286,0.888184225043255,1.4860677213554146e-06,0.10952685391335494,0.0022874349756690214,25,10,0
43,7287,0.8880949923918858,1.4860662378593254e-06,0.10961603155418077,0.002287489987695744,25,10,0
43,7288,0.8861811745954149,1.4768437465363805e-06,0.11153007499813851,0.0022872735627001385,25,10,0
43,7289,0.8855811645048307,1.4952278730920673e-06,0.1121298849967999,0.0022874552704961544,25,10,0
43,7290,0.8886408823165975,1.3190376748497613e-06,0.10911581074673064,0.0022419878989967737,25,10,0
43,7291,0.8903707333088324,1.2380291407531422e-06,0.10866613215959715,0.0009618965024295109,25,10,0
43,7292,0.8899701392326559,1.2393020549758838e-06,0.10906681483711482,0.0009618066281742507,25,10,0
43,7293,0.9026557023964666,1.391432133523038e-06,0.09633936345563392,0.001003542715765847,25,10,0
43,7294,0.9036417857568071,1.3717673092695446e-06,0.0953533911748976,0.0010034513009858647,25,10,0
43,7295,0.9074157136076506,1.4184581425707099e-06,0.0915788917642104,0.0010039761699962807,25,10,0
43,7296,0.9074041392433421,1.4185479742350745e-06,0.09159046601839674,0.001003976190286971,25,10,0
43,7297,0.9036701153442818,1.4190362879380417e-06,0.09532440132158118,0.0010040642978490885,25,10,0
43,7298,0.9038244244175847,1.426145796586377e-06,0.09516992315254263,0.0010042262840759203,25,10,0
43,7299,0.936630120888159,1.4281266108351956e-06,0.062364107763487234,0.0010043432217426958,25,10,0
43,7300,0.9367198946410589,1.43358625323161e-06,0.06227383548839377,0.0010048362842937611,25,10,0
43,7301,0.9384258756101381,1.4163733982369136e-06,0.060568122699730755,0.0010045853167325461,25,10,0
43,7302,0.9388181805202557,1.3605390848604735e-06,0.06017546072850933,0.0010049982121498908,25,10,0
43,7303,0.9301532177749188,1.3726251817861562e-06,0.06879420919595035,0.0010512004039485926,25,10,0
43,7304,0.894445239641516,1.3718147464145155e-06,0.1044919297678454,0.00106145877589158,25,10,0
43,7305,0.8833277280397102,1.371616327018809e-06,0.11560245704394488,0.0010684433000177468,25,10,0
43,7306,0.8844969558826784,1.3702617165876118e-06,0.11443228301996297,0.0010693908356416342,25,10,0
43,7307,0.8850738569655613,1.360889026904841e-06,0.11385532890476671,0.0010694532406446385,25,10,0
43,7308,0.8847088412812539,1.3630251650244304e-06,0.11422009415304245,0.00106970154053816,25,10,0
43,7309,0.8787761610950023,1.4760755519978201e-06,0.12015263443355885,0.0010697283958862529,25,10,0
43,7310,0.8777838399559778,2.2159249019512047e-06,0.12115094903223834,0.0010629950868820167,25,10,0
43,7311,0.8781710014926886,2.2009267480341346e-06,0.12076377796198487,0.0010630196185791975,25,10,0
43,7312,0.8388828259765065,2.214523294412673e-06,0.15984226070373375,0.0012726987964657066,25,10,0
43,7313,0.8403282697199067,2.209751690243824e-06,0.15780523837486318,0.00186428215354011,25,10,0
43,7314,0.8399850737072555,2.219242948383587e-06,0.1581468854474272,0.0018658216023692603,25,10,0
43,7315,0.8386456310136873,2.230865021902843e-06,0.15948168751279262,0.001870450608498774,25,10,0
43,7316,0.8403023017301617,2.2121169254411126e-06,0.1578298544283563,0.0018656317245567388,25,10,0
43,7317,0.8427377849912415,2.2031374636058443e-06,0.1553943390094755,0.001865672861819812,25,10,0
43,7318,0.840401361783229,2.5624477277266063e-06,0.15774543393710563,0.001850641831938648,25,10,0
43,7319,0.8406480681666977,2.5622576912554062e-06,0.15749877533145662,0.0018505942441553258,25,10,0
43,7320,0.8403504720395745,2.5624513798401393e-06,0.1577963706183102,0.0018505948907357826,25,10,0
43,7321,0.8327843467375416,2.6063725047120798e-06,0.16525078146798955,0.001962265421963679,25,10,0
43,7322,0.828488859358404,8.861974357709476e-06,0.16948408774559728,0.0020181909216406167,25,10,0
43,7323,0.8149037117773312,8.728116545464446e-06,0.18372844819939352,0.0013591119067294175,25,10,0
43,7324,0.8300556984627964,8.207044668509696e-06,0.16857698197108262,0.0013591125214522692,25,10,0
43,7325,0.8264834762672062,8.20710558616902e-06,0.17214918020988676,0.0013591364173210722,25,10,0
43,7326,0.8260662750522648,8.20774161085283e-06,0.17256476015002742,0.0013607570560971104,25,10,0
43,7327,0.8272097998320311,7.84767260870413e-06,0.17136949214973513,0.001412860345625233,25,10,0
43,7328,0.8306152763368237,1.5823108141909262e-06,0.16802718274999306,0.0013559586023691032,25,10,0
43,7329,0.8421902939839851,1.5816047937960604e-06,0.15645915030257884,0.001348974108642915,25,10,0
43,7330,0.8578160852768196,1.5816258685194316e-06,0.14083335908886555,0.0013489740084470041,25,10,0
43,7331,0.8564809665979338,1.5824862640767512e-06,0.14216593233026215,0.0013515185855406122,25,10,0
43,7332,0.856168910118714,1.580301605601266e-06,0.14247858686271608,0.0013509227169647162,25,10,0
43,7333,0.8563189459605361,1.5802886324429567e-06,0.14232860783107945,0.001350865919752467,25,10,0
43,7334,0.8621657379693715,1.4672182210086747e-06,0.1364820040398632,0.0013507907725446766,25,10,0
43,7335,0.8671644682071377,1.466853449372373e-06,0.1315362901665912,0.0012977747728219202,25,10,0
43,7336,0.8710294482961042,1.4663583123319658e-06,0.12767139961822727,0.0012976857273565023,25,10,0
43,7337,0.8794674057757936,1.4594861552614651e-06,0.11927964869564521,0.001251486042406053,25,10,0
43,7338,0.8730703163103826,1.6867477565278734e-06,0.1256753934902606,0.0012526034516005197,25,10,0
43,7339,0.8586248468427926,1.6857207124360354e-06,0.14012341653637805,0.0012500509001167135,25,10,0
43,7340,0.8608361862888182,1.6516429437943105e-06,0.13791227367383255,0.0012498883944047348,25,10,0
43,7341,0.8608559057981228,1.651454935958874e-06,0.13789255764505604,0.0012498851018845067,25,10,0
43,7342,0.861332073372758,1.6512740275499508e-06,0.1374163911172746,0.0012498842359392334,25,10,0
43,7343,0.8613246458678979,1.6514581701941398e-06,0.1374238182757291,0.0012498843982022157,25,10,0
43,7344,0.8647596468204479,1.6420267261095975e-06,0.13420454643765634,0.0010341647151689529,25,10,0
43,7345,0.903621852134325,1.6487926250239744e-06,0.09555307011713574,0.0008234289559135468,25,10,0
43,7346,0.9036200390554577,1.6486140457585476e-06,0.09555488297319072,0.0008234293573049524,25,10,0
43,7347,0.9055842806155305,1.647142374643223e-06,0.09421200820834401,0.00020206403375036202,25,10,0
43,7348,0.9088506811162267,1.8883262946811247e-06,0.09094446478691526,0.00020296577056310127,25,10,0
43,7349,0.908596382747734,1.8908849301037248e-06,0.09119833115193784,0.0002033952153977496,25,10,0
43,7350,0.907690326960878,1.8911091549119376e-06,0.09210432395228572,0.00020345797768105725,25,10,0
43,7351,0.9357758680084816,9.30755159360712e-06,0.06397534140350598,0.00023948303641882802,25,10,0
43,7352,0.9319479509796547,9.312202153437681e-06,0.06780084199171404,0.00024189482647768768,25,10,0
43,7353,0.9316462026493262,9.325821991512533e-06,0.0681016707198225,0.00024280080885978286,25,10,0
43,7354,0.9312677124397828,9.340507965417163e-06,0.06840214205528168,0.00032080499697014967,25,10,0
43,7355,0.9320196829075936,9.185095129110297e-06,0.06769204491427135,0.00027908708300599126,25,10,0
43,7356,0.9320196355347709,9.171910059568256e-06,0.06769305721965575,0.00027813533551388154,25,10,0
43,7357,0.9313903006071214,9.172611959516362e-06,0.06832252031355888,0.0002780064673605256,25,10,0
43,7358,0.931640758774066,9.167412065683532e-06,0.0680719510437083,0.00027812277016003276,25,10,0
43,7359,0.9315876445498243,9.146823221050134e-06,0.06812509155863791,0.00027811706831676406,25,10,0
43,7360,0.9316845506562145,9.149313264069607e-06,0.06802858629663702,0.00027771373388471403,25,10,0
43,7361,0.9331434275426369,9.149146026770034e-06,0.06657142561552477,0.0002759976958117565,25,10,0
43,7362,0.9368983470239204,9.144879176641886e-06,0.0628188312590142,0.0002736768378890639,25,10,0
43,7363,0.9365210397906248,9.149423207379135e-06,0.06319608588933084,0.00027372489683716387,25,10,0
43,7364,0.9368291844276723,8.908146019216224e-06,0.0628890840653072,0.00027282336100137945,25,10,0
43,7365,0.9305764070825674,8.90740890256e-06,0.06770073355272394,0.0017139519558061762,25,10,0
43,7366,0.9309798167036475,8.907985988067117e-06,0.06729728797647552,0.0017139873338889533,25,10,0
43,7367,0.9310277000827447,8.907972319475766e-06,0.06724945118494025,0.0017139407599956974,25,10,0
43,7368,0.9309054058508457,8.911452347250836e-06,0.06737142458910317,0.0017142581077037042,25,10,0
43,7369,0.9312025827985206,8.917630449710369e-06,0.06707237515810392,0.0017161244129256911,25,10,0
43,7370,0.9415988071827641,8.832719713451582e-06,0.05678799292545028,0.0016043671720719303,25,10,0
43,7371,0.9417933555124369,8.832061307019412e-06,0.05659513877515433,0.0016026736511018205,25,10,0
43,7372,0.9417914282785061,8.831960318094241e-06,0.05659718498584482,0.001602554775331129,25,10,0
43,7373,0.9417791897835321,8.832277668104104e-06,0.05660942310387505,0.0016025548349246333,25,10,0
43,7374,0.945438067860293,8.843933760898652e-06,0.05294942881984752,0.0016036593860983403,25,10,0
43,7375,0.9449857894242604,8.84357264126388e-06,0.053401765905724714,0.001603601097373457,25,10,0
43,7376,0.9557417952500105,8.83255481029425e-06,0.04263850196191579,0.0016108702332632,25,10,0
43,7377,0.9619349994769459,8.70213938752997e-06,0.03644587077067108,0.0016104276129953012,25,10,0
43,7378,0.9624955179440952,8.695397789388806e-06,0.0358872244682738,0.0016085621898412955,25,10,0
43,7379,0.9624278436727289,8.700757222795415e-06,0.0359548467140439,0.0016086088560040932,25,10,0
43,7380,0.9625284558795215,8.700801104058034e-06,0.03585421103654582,0.0016086322828283246,25,10,0
43,7381,0.9621911947180348,8.986028935610964e-06,0.03619116277978855,0.0016086564732406131,25,10,0
43,7382,0.9626675283334548,8.985962717226181e-06,0.03571482710842252,0.001608658595405113,25,10,0
43,7383,0.9439032064581457,1.0182716265602026e-05,0.05447512927833843,0.0016114815472498417,25,10,0
43,7384,0.9439212718292496,1.0177457377084915e-05,0.054457117039965974,0.0016114336734070157,25,10,0
43,7385,0.9484500003914706,9.955724935643611e-06,0.04992971596724526,0.0016103279163479885,25,10,0
43,7386,0.948027252861658,9.955917899791882e-06,0.05028101906333199,0.0016817721571100014,25,10,0
43,7387,0.9485953273197306,9.951709318418717e-06,0.051153996768587735,0.0002407242023628197,25,10,0
43,7388,0.9444923352802451,9.957470235247572e-06,0.05525596205370979,0.00024174519580948294,25,10,0
43,7389,0.944197961971321,9.95942162755152e-06,0.055550650216422505,0.0002414283906284124,25,10,0
43,7390,0.9500116792813909,9.959271063120608e-06,0.049737015014478275,0.00024134643306731893,25,10,0
43,7391,0.9520652655712099,9.958946916335558e-06,0.04768341529496405,0.00024136018690921947,25,10,0
43,7392,0.9250599304682232,9.968867471906068e-06,0.07037143949830639,0.0045586611659982216,25,10,0
43,7393,0.9200740755726057,1.0054363888707616e-05,0.0753568100082265,0.004559060055279009,25,10,0
43,7394,0.9201319979695363,9.769136586745428e-06,0.07529919367217022,0.004559039221706589,25,10,0
43,7395,0.9238973132018558,9.76324199906455e-06,0.07153221256210857,0.00456071099403646,25,10,0
43,7396,0.9188390720401255,1.957632588084044e-05,0.07657979451812337,0.004561557115870182,25,10,0
43,7397,0.9375753699918447,1.837958407559621e-05,0.057847511747903486,0.004558738676175924,25,10,0
43,7398,0.9376868039924815,1.8389494527312803e-05,0.05773605314097497,0.004558753372015912,25,10,0
43,7399,0.9371126021154818,1.8402452846928634e-05,0.05831021788807826,0.004558777543592825,25,10,0
43,7400,0.9371195218580217,1.8402284941011806e-05,0.05830332302374017,0.004558752833296772,25,10,0
43,7401,0.9364906199471312,1.831172182515762e-05,0.0589327379934306,0.004558330337612906,25,10,0
43,7402,0.9364077715775513,1.8306273877976796e-05,0.0590155980228779,0.004558324125692851,25,10,0
43,7403,0.9345109865357878,2.294944667846666e-05,0.06097847766316611,0.00448758635436759,25,10,0
43,7404,0.9345744190527239,2.2954699977011145e-05,0.06091496744615414,0.0044876588011449605,25,10,0
43,7405,0.9349211753214647,2.2954516434573437e-05,0.06057090416416377,0.004484965997936913,25,10,0
43,7406,0.9352777538754795,2.2954372625379077e-05,0.06021434923005056,0.004484942521844347,25,10,0
43,7407,0.9278866827602024,2.2966092693786725e-05,0.06760541196446031,0.004484939182643478,25,10,0
43,7408,0.9352231724542867,2.2954017074873095e-05,0.06026765674839317,0.004486216780244992,25,10,0
43,7409,0.9244566074301876,2.295980469329127e-05,0.06980872153812745,0.0057117112269916386,25,10,0
43,7410,0.9210270872975669,2.2958943630766644e-05,0.07323892752767719,0.005711026231125013,25,10,0
43,7411,0.9269627922492755,2.2958785304292084e-05,0.06730317623980214,0.005711072725617735,25,10,0
43,7412,0.933348906326674,2.2722875815521354e-05,0.06091600483010893,0.005712365967401465,25,10,0
43,7413,0.9337392436355885,2.2713149204784613e-05,0.06052703567093757,0.005711007544269039,25,10,0
43,7414,0.933851768899322,2.2707924762513563e-05,0.06041458945426452,0.005710933721650752,25,10,0
43,7415,0.9334841701296933,2.2708087332650602e-05,0.06078218830498937,0.00571093347798436,25,10,0
43,7416,0.9336684577876214,2.292275883575478e-05,0.06059668230303719,0.005711937150505485,25,10,0
43,7417,0.9374242645057912,2.2916023660475054e-05,0.056840938354301235,0.005711881116246983,25,10,0
43,7418,0.9374271027139003,2.291602354406601e-05,0.05683810016852215,0.005711881094033546,25,10,0
43,7419,0.9369806895933556,2.2916065651421286e-05,0.057284515791849844,0.005711878549142776,25,10,0
43,7420,0.9371281843271526,2.291605696386367e-05,0.05713702334269875,0.0057118762731843895,25,10,0
43,7421,0.9291856836184913,2.4245589576876685e-05,0.06893795148392484,0.0018521193080067834,25,10,0
43,7422,0.9292266215159165,2.4245568702194924e-05,0.0688970189899748,0.001852113925406235,25,10,0
43,7423,0.9221671929582552,2.424816287362744e-05,0.07596480214922584,0.001843756729644794,25,10,0
43,7424,0.922152698128229,2.4248177726474084e-05,0.07597927112345178,0.0018437825705922394,25,10,0
43,7425,0.9225609215897389,2.4243120191079106e-05,0.07557104901045793,0.0018437862796115783,25,10,0
43,7426,0.9224381392760054,2.424294891528391e-05,0.07569380963105617,0.001843808144022689,25,10,0
43,7427,0.9214524841291281,2.424276520966486e-05,0.07667939887589072,0.0018438742297709834,25,10,0
43,7428,0.8893412277407912,2.5494155042315812e-05,0.1087832476785189,0.0018500304256464214,25,10,0
43,7429,0.892178734111972,2.0850074523611988e-05,0.10595118919850964,0.0018492266149937498,25,10,0
43,7430,0.877597834152356,1.2693934661621225e-05,0.12057965624761781,0.0018098156653629648,25,10,0
43,7431,0.8782011669209946,1.2693907040360869e-05,0.11997632451505823,0.00180981465690506,25,10,0
43,7432,0.8781967031031574,1.269409924047642e-05,0.11998078641281276,0.0018098163847877023,25,10,0
43,7433,0.8573332277704719,1.2730591473490877e-05,0.1402996894767649,0.002354352161288055,25,10,0
43,7434,0.8517874436018781,1.2730410378821667e-05,0.14584547512153823,0.0023543508662033454,25,10,0
43,7435,0.8838933316165055,1.1479633050519853e-05,0.11374699057274623,0.002348198177696046,25,10,0
43,7436,0.8839701248706869,1.147945661890108e-05,0.11367151474443477,0.0023468809282578707,25,10,0
43,7437,0.8843315635266165,1.1464937690529674e-05,0.11338804873273521,0.0022689228029562697,25,10,0
43,7438,0.8844958052031958,1.1633213122739177e-05,0.1131810090626027,0.0023115525210772175,25,10,0
43,7439,0.8926832328283263,1.1634443007080033e-05,0.10499366910413027,0.0023114636245348814,25,10,0
43,7440,0.892303627542777,1.164930876836226e-05,0.10537325155118513,0.0023114715972680296,25,10,0
43,7441,0.8931325178145173,1.1485561361170065e-05,0.10458721975253123,0.0022687768715889565,25,10,0
43,7442,0.8932251013871213,1.1485933830422451e-05,0.10449457731759416,0.0022688353614527946,25,10,0
43,7443,0.8930525100187617,1.1496144336179737e-05,0.10466721030193325,0.002268783534967503,25,10,0
43,7444,0.8767249260521223,1.1535396729778963e-05,0.12099154046918098,0.0022719980819657687,25,10,0
43,7445,0.8781408695169339,1.85869050178738e-06,0.11958478864808794,0.0022724831444756034,25,10,0
43,7446,0.8933712558217997,1.8475117382635716e-06,0.10435436331647287,0.0022725333499884317,25,10,0
43,7447,0.88142195276619,1.2733055058617448e-05,0.11624002041344923,0.0023252937653019004,25,10,0
43,7448,0.8813005506004257,1.2733135011810007e-05,0.11636147213271031,0.0023252441318519267,25,10,0
43,7449,0.8783397554676051,1.264197992096577e-05,0.11932339061136336,0.0023242119411103685,25,10,0
43,7450,0.8781572925971942,1.263744228992259e-05,0.1195058847889907,0.00232418517152501,25,10,0
43,7451,0.8727730386790772,1.2509751258006779e-05,0.12489020300578219,0.0023242485638822405,25,10,0
43,7452,0.8726860118913591,1.2509281073542122e-05,0.12497727674101786,0.0023242020865491863,25,10,0
43,7453,0.8662598361240492,1.941986864421897e-05,0.13136484060845657,0.002355903398849394,25,10,0
43,7454,0.8689982078152796,1.9284112830625814e-05,0.12862783896634583,0.0023546691055433473,25,10,0
43,7455,0.8670812301881954,1.928880201686514e-05,0.13054481320968098,0.0023546678001061055,25,10,0
43,7456,0.8549326275812312,1.930356760453776e-05,0.14268961799481203,0.0023584508563517766,25,10,0
43,7457,0.8549518559394808,1.930321641333324e-05,0.14267039409885285,0.00235844674525265,25,10,0
43,7458,0.8517180681786553,1.948653854403572e-05,0.1459006703495889,0.002361774933211425,25,10,0
43,7459,0.851724681156545,1.948634655820708e-05,0.14589405926233068,0.002361773234565962,25,10,0
43,7460,0.8520782028714041,1.948660621851782e-05,0.14554179009287577,0.002360520429501414,25,10,0
43,7461,0.8606037112027859,1.9486313727400974e-05,0.13701635624123068,0.002360446242255658,25,10,0
43,7462,0.8580572447193582,2.013345008844e-05,0.13956156536975667,0.0023610564607964486,25,10,0
43,7463,0.8587236973573019,2.0133774247998574e-05,0.13889509281058846,0.0023610760578615005,25,10,0
43,7464,0.8646029082879767,2.013379519525752e-05,0.13301587321628636,0.0023610847005416237,25,10,0
43,7465,0.8645914881161484,2.013376611783121e-05,0.13302729618954096,0.002361081928192871,25,10,0
43,7466,0.8639739143631598,2.01519561546656e-05,0.1336448095123528,0.0023611241683329943,25,10,0
43,7467,0.8659672846359995,2.014725452501399e-05,0.13165144431219386,0.0023611237972819043,25,10,0
43,7468,0.8663720549941136,2.012907787254744e-05,0.131214566364889,0.0023932495631249677,25,10,0
43,7469,0.8780663944824716,9.243696729676561e-06,0.1195838685688588,0.0023404932519400924,25,10,0
43,7470,0.8678730548923109,9.244244999167736e-06,0.12977528113651748,0.0023424197261725944,25,10,0
43,7471,0.8680446308673097,9.229284236390666e-06,0.12960421171499395,0.002341928133460098,25,10,0
43,7472,0.867913466623727,9.234520572648244e-06,0.12973539087866168,0.0023419079770389396,25,10,0
43,7473,0.8598715287868153,9.518941316012675e-06,0.1377011192162368,0.002417833055632246,25,10,0
43,7474,0.8597148216432613,9.523001283889871e-06,0.1378565682617758,0.002419087093679241,25,10,0
43,7475,0.8743404883327763,1.057132381151174e-05,0.12323279860992448,0.0024161417334877576,25,10,0
43,7476,0.8745540064196838,1.0561951961235134e-05,0.12301929731686774,0.0024161343114871593,25,10,0
43,7477,0.8747204017054425,1.0556458143002897e-05,0.12285290806036259,0.002416133776051896,25,10,0
43,7478,0.8746150563159738,1.21206217711057e-05,0.12295662670275866,0.0024161963594963045,25,10,0
43,7479,0.8780985183348551,1.1883120018989884e-05,0.11886722521723414,0.0030223733278918557,25,10,0
43,7480,0.8902297237633563,1.1868354721988305e-05,0.10673981757478761,0.0030185903071340463,25,10,0
43,7481,0.8897222761786451,1.1868489125578079e-05,0.10724726333074869,0.0030185920014805813,25,10,0
43,7482,0.8881968273154619,1.2932869768870729e-05,0.10877147644903673,0.0030187633657322317,25,10,0
43,7483,0.8715770034949761,1.359667304858695e-05,0.12541971572751567,0.0029896841044593464,25,10,0
43,7484,0.8379457626296465,1.940684615926645e-05,0.15900953621833777,0.0030252943058563576,25,10,0
43,7485,0.8535681557016183,1.874284447635742e-05,0.1433909424156075,0.0030221590382979702,25,10,0
43,7486,0.8539811728420506,1.873318896241514e-05,0.1429791943683616,0.0030208996006253945,25,10,0
43,7487,0.8650181428455901,1.8724925165923762e-05,0.13320490720522682,0.0017582250240174408,25,10,0
43,7488,0.8909664768404214,1.8684995513207753e-05,0.10780115537302719,0.0012136827910384433,25,10,0
43,7489,0.8773351973501946,1.8694663277070777e-05,0.12142982710219678,0.0012162808843315662,25,10,0
43,7490,0.8772999487884451,1.869512441859144e-05,0.12146497789543309,0.001216378191703347,25,10,0
43,7491,0.8765337512611454,1.87135890081831e-05,0.12223108464923893,0.0012164505006075866,25,10,0
43,7492,0.8808315734233105,1.8863001108607115e-05,0.11861519080688326,0.0005343727686975497,25,10,0
43,7493,0.9144376182557812,1.1525460740239972e-05,0.0850521167417086,0.0004987395417701545,25,10,0
43,7494,0.9151742334100996,1.047050856325308e-05,0.08431408525868156,0.0005012108226557947,25,10,0
43,7495,0.9162734465187952,1.0447955178146686e-05,0.08321499356469932,0.0005011119613273846,25,10,0
43,7496,0.9150855750542669,1.0772971617864167e-05,0.084306053238149,0.0005975987359661604,25,10,0
43,7497,0.9147987084178609,1.079073646028081e-05,0.08458329710845158,0.0006072037372269985,25,10,0
43,7498,0.9144529063409695,1.0810162985290938e-05,0.08492907299448477,0.0006072105015604173,25,10,0
43,7499,0.9138589620893139,1.0811104304015947e-05,0.08551760204667708,0.0006126247597047857,25,10,0
43,7500,0.9175423274700415,1.0811125371297833e-05,0.08183419893471144,0.0006126624698758738,25,10,0
43,7501,0.9313078097377238,1.0801560370325661e-05,0.06807129830156511,0.0006100904003406297,25,10,0
43,7502,0.9309159929676383,1.0801763366110273e-05,0.06846304678621312,0.0006101584827823554,25,10,0
43,7503,0.9324867305679341,3.89117055774e-06,0.06693090419012904,0.0005784740713793084,25,10,0
43,7504,0.932240517994249,3.891167104584458e-06,0.06717701943804306,0.0005785714006034921,25,10,0
43,7505,0.92644723758359,4.20922559010514e-06,0.07296851911591742,0.0005800340749024428,25,10,0
43,7506,0.9271057953634867,4.491324728660113e-06,0.07231504559262733,0.0005746677191573044,25,10,0
43,7507,0.9137442810190799,4.475264014822606e-06,0.0856756692560161,0.00057557446088928,25,10,0
43,7508,0.9078944678478605,4.488146316871447e-06,0.09152429137775803,0.000576752628064887,25,10,0
43,7509,0.9211089642986195,4.4851316998065934e-06,0.07831070711582594,0.00057584345385501,25,10,0
43,7510,0.9181639970730128,4.167033361938107e-06,0.08125743257444874,0.0005744033191768166,25,10,0
43,7511,0.9176564059915683,4.1863344437136885e-06,0.08176490578029284,0.0005745018936953852,25,10,0
43,7512,0.9088606793534896,3.864966682890916e-06,0.09065546682004041,0.00047998885978708684,25,10,0
43,7513,0.9086349165165114,3.875637025177516e-06,0.09088377258651277,0.00047743525995067157,25,10,0
43,7514,0.9079081067099017,3.8823152059817875e-06,0.09160853047427295,0.0004794805006194823,25,10,0
43,7515,0.906935479892841,3.882651758779035e-06,0.09258105856100295,0.0004795788943973693,25,10,0
43,7516,0.9117510840358097,3.052203614242066e-06,0.0877649604092009,0.00048090335137527607,25,10,0
43,7517,0.9115766764370166,3.0524097733904335e-06,0.0879393708362289,0.0004809003169812926,25,10,0
43,7518,0.9391331683051254,1.7149735811295648e-06,0.060777434957580014,8.768176371347055e-05,25,10,0
43,7519,0.9176920951799579,1.111505357498107e-06,0.07500258386118902,0.007304209453495529,25,10,0
43,7520,0.9176233696780052,1.111838322757384e-06,0.07507650564211935,0.0072990128415526545,25,10,0
43,7521,0.9174742809410741,1.116879886346189e-06,0.07522552347807449,0.007299078700965198,25,10,0
43,7522,0.9052850091835813,6.335732052888266e-07,0.09463183774173375,8.251950147996533e-05,25,10,0
43,7523,0.8967173173412444,9.333626542451234e-07,0.10319916863889717,8.258065720494175e-05,25,10,0
43,7524,0.8966021499795073,9.334793112590807e-07,0.10331438459539807,8.253194578396929e-05,25,10,0
43,7525,0.9046684999749698,6.340561984616383e-07,0.09524824830665615,8.261766217595425e-05,25,10,0
43,7526,0.9084793348120044,7.414772084779507e-07,0.09143536889754626,8.455481324105107e-05,25,10,0
43,7527,0.9090617355698796,7.213575060146722e-07,0.09085308596042391,8.445711219092419e-05,25,10,0
43,7528,0.9093239479964583,7.217332480831478e-07,0.09059092548690913,8.440478338446454e-05,25,10,0
43,7529,0.9094356421950914,7.213849984825909e-07,0.09047932277799964,8.431364191081369e-05,25,10,0
43,7530,0.9096912850000994,5.252288985031198e-07,0.09022387600281431,8.431376818799195e-05,25,10,0
43,7531,0.9096788219559503,5.061760912839656e-07,0.09023639155967138,8.428030828746858e-05,25,10,0
43,7532,0.9434429184160483,5.426392488351053e-07,0.056472492748026966,8.404619667609845e-05,25,10,0
43,7533,0.9435718851356711,5.425633767778145e-07,0.05634352445140758,8.404784954463149e-05,25,10,0
43,7534,0.9523220078140459,5.423315917922206e-07,0.0475934262595417,8.402359482071622e-05,25,10,0
43,7535,0.9521525639094331,5.517565697260107e-07,0.04776203858317898,8.484575081832385e-05,25,10,0
43,7536,0.950302380041638,6.320660895892591e-07,0.04961304337906102,8.394451321149002e-05,25,10,0
43,7537,0.9503799998549275,6.26936559998145e-07,0.04953549542651957,8.387778199309765e-05,25,10,0
43,7538,0.9538237045219905,6.347229341631569e-07,0.046051584796545565,0.0001240759585300656,25,10,0
43,7539,0.9379550521856079,6.576675374924497e-07,0.06192021355685227,0.00012407659000265335,25,10,0
43,7540,0.9382570440977379,6.575278567853065e-07,0.06161828324876919,0.00012401512563639484,25,10,0
43,7541,0.9323251444362255,5.277200540206322e-06,0.06754478741452113,0.0001247909487136162,25,10,0
43,7542,0.9299266084459283,5.510428973468138e-06,0.06987678371514576,0.00019109740995203837,25,10,0
43,7543,0.9300327212316407,5.47293844659849e-06,0.06977084070378262,0.00019096512612966804,25,10,0
43,7544,0.9370164871447999,5.498223983040354e-06,0.06284648014988782,0.0001315344813289989,25,10,0
43,7545,0.93720550251612,5.480074017937087e-06,0.06265733847140524,0.00013167893845639133,25,10,0
43,7546,0.9373366551135274,5.48001650472225e-06,0.0625261871071703,0.00013167776279709518,25,10,0
43,7547,0.9371944288091979,5.479921154679246e-06,0.06266659590009765,0.00013349536954957027,25,10,0
43,7548,0.9345615283194917,5.570887395981934e-06,0.06527806976551526,0.0001548310275968368,25,10,0
43,7549,0.9347511006038525,5.543545639227174e-06,0.06509338387421827,0.00014997197628969087,25,10,0
43,7550,0.9308759066820863,1.6199841351394104e-05,0.06890962800962715,0.00019826546693488788,25,10,0
43,7551,0.8959673231679325,1.8799590718435224e-05,0.10350272784350813,0.0005111493978410815,25,10,0
43,7552,0.8958824247320191,1.880136948597448e-05,0.10356249485238114,0.0005362790461142485,25,10,0
43,7553,0.8958777304023375,1.880102191338944e-05,0.10356733461481872,0.0005361339609306133,25,10,0
43,7554,0.9121369953571652,4.8195293155959064e-05,0.0875914606341916,0.00022334871548689947,25,10,0
43,7555,0.9117162243540853,4.819616800019588e-05,0.08800999600939574,0.00022558346851834184,25,10,0
43,7556,0.9115953101186889,4.8196156863748225e-05,0.08813091115352975,0.00022558257091712038,25,10,0
43,7557,0.9131511018956509,4.8158799209889324e-05,0.08657516156951306,0.00022557773562593297,25,10,0
43,7558,0.9133277313399196,4.8157662236815644e-05,0.0864236792916263,0.00020043170621700688,25,10,0
43,7559,0.9168204520467468,4.806669927593903e-05,0.08295233681142135,0.00017914444255562748,25,10,0
43,7560,0.9167994072393093,4.806670062018524e-05,0.08297338120424523,0.00017914485582498602,25,10,0
43,7561,0.9169161647402775,4.8066316408602285e-05,0.08285667008886659,0.0001790988544469527,25,10,0
43,7562,0.9230414701334044,4.344664008857859e-05,0.07673676146789767,0.00017832175860928775,25,10,0
43,7563,0.9287937587993614,3.267014237285158e-05,0.07104660852996478,0.00012696252830078294,25,10,0
43,7564,0.9288877187631683,3.267409150518709e-05,0.07095269232154859,0.0001269148237777266,25,10,0
43,7565,0.9290090217060185,3.2391096512361486e-05,0.07082970515845378,0.00012888203901514157,25,10,0
43,7566,0.9317120046993301,3.230067904621044e-05,0.06812682746954563,0.0001288671520778466,25,10,0
43,7567,0.9320103617848184,3.2300776777455494e-05,0.06782844395792993,0.00012889348047386047,25,10,0
43,7568,0.9390563260879513,3.228920715885233e-05,0.06082466487631967,8.671982856987708e-05,25,10,0
43,7569,0.9401023762462586,3.228917543846636e-05,0.059778620660503066,8.671391779985267e-05,25,10,0
43,7570,0.9504349833788117,3.228834196298498e-05,0.04944799931225971,8.472896696550347e-05,25,10,0
43,7571,0.9501468520878831,3.228955624496849e-05,0.049736025335906674,8.48330199652151e-05,25,10,0
43,7572,0.9497915801954379,3.229000514759917e-05,0.05009123624259944,8.489355681484127e-05,25,10,0
43,7573,0.9657027291689042,3.24501815054629e-05,0.034179853236077154,8.496741351302158e-05,25,10,0
43,7574,0.96581109761993,3.244613043275519e-05,0.034071490763360746,8.4965486276301e-05,25,10,0
43,7575,0.9656626050951617,3.244631858376945e-05,0.034219955876863085,8.499270939121147e-05,25,10,0
43,7576,0.956535961811567,3.244620255852476e-05,0.043346066247529576,8.552573834436146e-05,25,10,0
43,7577,0.9563601441558697,3.24497928953506e-05,0.04352188440039237,8.552165084215222e-05,25,10,0
43,7578,0.9557615322895852,3.2450023673288606e-05,0.044120595568237796,8.5422118503347e-05,25,10,0
43,7579,0.9556463575733335,3.245008472602721e-05,0.044237561663773385,8.363067816682344e-05,25,10,0
43,7580,0.9563929104350772,3.24330251059103e-05,0.04350062799805868,7.402854175788378e-05,25,10,0
43,7581,0.9335471544891775,3.264841344996796e-05,0.06465006242510847,0.0017701346722643274,25,10,0
43,7582,0.9325789338750152,3.264876314828009e-05,0.06561809207210155,0.001770325289734945,25,10,0
43,7583,0.9262013651116269,3.265557711688672e-05,0.07196115490983054,0.0018048244014252021,25,10,0
43,7584,0.926197694431208,3.265575927415412e-05,0.07196482332767404,0.0018048264818433224,25,10,0
43,7585,0.925865179030942,3.2478121742451674e-05,0.07229753399661852,0.0018048088506964386,25,10,0
43,7586,0.9316842416300003,3.248135339739583e-05,0.0665120125731539,0.001771264443448419,25,10,0
43,7587,0.9286880457743838,3.2480956538672435e-05,0.069507833778413,0.001771639490664218,25,10,0
43,7588,0.9283310218217639,3.2475835434022075e-05,0.06986483159200607,0.0017716707507955095,25,10,0
43,7589,0.9466658320307546,4.929131825255157e-07,0.05156196092391645,0.0017717141321457804,25,10,0
43,7590,0.9463990456842443,4.965575227607464e-07,0.0518287256156878,0.0017717321425445875,25,10,0
43,7591,0.9460626049721125,5.018887354478381e-07,0.05216445949556373,0.0017724336435878335,25,10,0
43,7592,0.9310702776244724,5.130832442725455e-07,0.06715686010526864,0.0017723491870141634,25,10,0
43,7593,0.9317206288304175,5.123880253775432e-07,0.06650650634593135,0.0017723524356251768,25,10,0
43,7594,0.9318360287949775,5.123882272090881e-07,0.06639110634309164,0.0017723524737030649,25,10,0
43,7595,0.9283559307282399,6.317998548411685e-07,0.06987104212974318,0.001772395342161771,25,10,0
43,7596,0.9287769859281356,6.222137260902301e-07,0.06945090244448492,0.0017714894136528416,25,10,0
43,7597,0.9291448398822016,6.220727311731261e-07,0.06908308652716905,0.0017714515178975925,25,10,0
43,7598,0.9288180376720079,6.303402473251125e-07,0.0694088003903342,0.0017725315974100142,25,10,0
43,7599,0.9288592327585151,6.322266556522332e-07,0.06936757389207644,0.0017725611227520448,25,10,0
43,7600,0.9133409608472014,8.057467758964042e-07,0.0848860192038271,0.0017722142021960004,25,10,0
43,7601,0.908884693444612,8.115572882590927e-07,0.08934449483180672,0.0017700001662935183,25,10,0
43,7602,0.8988413980556139,8.150559037808979e-07,0.09927967088783393,0.0018781160006490633,25,10,0
43,7603,0.9025721560563325,8.147770779615573e-07,0.09554928668575596,0.0018777424808341966,25,10,0
43,7604,0.9021035452598123,8.15009748075769e-07,0.09601675383238857,0.0018788858980515384,25,10,0
43,7605,0.8968862342831947,8.132968541800202e-07,0.10119568930752361,0.001917263112427962,25,10,0
43,7606,0.8972174210231977,8.079763703220775e-07,0.10086520813089493,0.0019165628695375372,25,10,0
43,7607,0.8613881636936149,8.084189590185621e-07,0.13669453981066584,0.0019164880767602239,25,10,0
43,7608,0.8647036496942878,6.884022833807974e-07,0.13337919665599773,0.0019164652474308848,25,10,0
43,7609,0.8683356208348134,9.23645056341901e-07,0.12985383144032706,0.0018096240798032022,25,10,0
43,7610,0.8766634734602657,9.247576868261441e-07,0.12156435898048125,0.0017712428015665873,25,10,0
43,7611,0.9016514126472619,9.290032240522001e-07,0.09649894144783064,0.0018487169016837349,25,10,0
43,7612,0.9004675023533268,1.2214517804023206e-06,0.09767963008112768,0.0018516461137652648,25,10,0
43,7613,0.9003630073534992,1.2213422489500273e-06,0.0977841714732171,0.0018515998310350578,25,10,0
43,7614,0.911927172142773,1.2167826212414928e-06,0.08629755254180708,0.0017740585327989348,25,10,0
43,7615,0.8764545106788505,2.56491203336486e-06,0.12176877892705351,0.0017741454820628015,25,10,0
43,7616,0.8762759891916558,2.565148218236319e-06,0.12194730634485239,0.0017741393152739277,25,10,0
43,7617,0.8528830029538844,2.5654195514887307e-06,0.14534021682322476,0.0017742148033392277,25,10,0
43,7618,0.8530825471296909,2.565204522374841e-06,0.1451407009799148,0.0017741866858717713,25,10,0
43,7619,0.8546381424186859,2.564214641275283e-06,0.14358520174027087,0.001774091626401762,25,10,0
43,7620,0.8503110321513497,1.0400685902375106e-05,0.14790283423414702,0.0017757329286012167,25,10,0
43,7621,0.8120672989050695,1.2940094239953831e-05,0.18614595744843818,0.0017738035522522724,25,10,0
43,7622,0.8024049657210675,1.311549283883373e-05,0.1957603512215379,0.00182156756455584,25,10,0
43,7623,0.8022849117109646,1.3115511905531994e-05,0.19588042502429484,0.0018215477528347854,25,10,0
43,7624,0.8022874348221037,1.3115508618458437e-05,0.19587790196156088,0.0018215477077167558,25,10,0
43,7625,0.8022890597124599,1.311548975991458e-05,0.19587627965977547,0.001821545138004244,25,10,0
43,7626,0.804457296355392,5.482135184304779e-06,0.19371754076569164,0.0018196807437316639,25,10,0
43,7627,0.8044881162005099,5.48210809836219e-06,0.19368672066275713,0.0018196810286341524,25,10,0
43,7628,0.8041856452676002,5.481127994423639e-06,0.1939168780893424,0.0018919955150626788,25,10,0
43,7629,0.8047537121643586,5.476711074591762e-06,0.19342117984946017,0.0018196312751062543,25,10,0
43,7630,0.803393226728832,5.483432089352658e-06,0.19477970232796266,0.0018215875111157616,25,10,0
43,7631,0.8119666630504854,5.514217662933027e-06,0.1862068199568947,0.0018210027749566906,25,10,0
43,7632,0.8138367375552155,5.508078278962534e-06,0.18433677074875032,0.0018209836177547295,25,10,0
43,7633,0.8050024024890209,5.499258687644879e-06,0.19317096100445266,0.0018211372478390633,25,10,0
43,7634,0.8121284226251241,5.271071386143668e-06,0.18611149104774527,0.0017548152557448431,25,10,0
43,7635,0.7750488270281355,5.2836766299264064e-06,0.22318420816346474,0.0017616811317709821,25,10,0
43,7636,0.8061253586429226,5.27079034914475e-06,0.19211453775064047,0.001754832816088371,25,10,0
43,7637,0.8062410792776019,5.2752980367537155e-06,0.19199993327130738,0.0017537121530545468,25,10,0
43,7638,0.8061020586304484,5.267217535828947e-06,0.19213990735802258,0.001752766793993628,25,10,0
43,7639,0.8062219229714394,5.2670633952767445e-06,0.19202004005604065,0.0017527699091253377,25,10,0
43,7640,0.8410989794913877,3.9194910674545046e-06,0.15714444098977043,0.0017526600277746269,25,10,0
43,7641,0.8410616155203166,3.921873430879697e-06,0.15718178299656962,0.0017526796096832401,25,10,0
43,7642,0.8587559424060113,4.165328832157081e-06,0.1411392727166051,0.00010061954855186064,25,10,0
43,7643,0.8586532805650241,4.165694093021186e-06,0.1412418850243367,0.00010066871654667112,25,10,0
43,7644,0.8582232963625686,4.167235930888721e-06,0.14162067668466305,0.00015185971683807226,25,10,0
43,7645,0.8577918884485467,4.443952194228584e-06,0.14205046142919486,0.00015320617006487074,25,10,0
43,7646,0.8607568461282811,4.239972609119132e-06,0.13908571845224016,0.00015319544687027468,25,10,0
43,7647,0.8449772220091514,4.239170028514506e-06,0.15486533800174931,0.00015320081907140246,25,10,0
43,7648,0.8449104832907076,4.239174893769727e-06,0.1549320778969137,0.00015319963748542008,25,10,0
43,7649,0.8407165813723836,4.239153266741746e-06,0.1591250825524636,0.00015409692188661994,25,10,0
43,7650,0.8407836528983811,4.249906665362696e-06,0.15905797018451126,0.00015412701044291327,25,10,0
43,7651,0.8449182416391758,4.249952916927459e-06,0.1549229338066902,0.00015457460121768963,25,10,0
43,7652,0.8452035024488516,4.234459143094655e-06,0.15463774132860417,0.00015452176340180555,25,10,0
43,7653,0.8077530932847731,4.267828366621147e-06,0.1620913762332426,0.03015126265361767,25,10,0
43,7654,0.801482170995144,4.2721504220642046e-06,0.1683613334427394,0.030152223411694566,25,10,0
43,7655,0.817200547148186,4.098486242763361e-06,0.15264480042228992,0.03015055394328171,25,10,0
43,7656,0.8082229584214279,4.104122000490415e-06,0.16162097533092162,0.030151962125650193,25,10,0
43,7657,0.8170705078209888,4.098686410778189e-06,0.15277406208884664,0.030151331403754207,25,10,0
43,7658,0.822728265812567,4.111125295195739e-06,0.14711618573259458,0.03015143732954364,25,10,0
43,7659,0.8214135019969682,4.377159211828372e-06,0.17387126649609147,0.0047108543477280464,25,10,0
43,7660,0.8268483372239848,3.9183070610244804e-06,0.1684809375545334,0.004666806914420303,25,10,0
43,7661,0.826595580731471,3.955892930902791e-06,0.16873357206386747,0.004666891311730201,25,10,0
43,7662,0.8203067139966431,7.101377862749483e-06,0.1750047467495357,0.004681437875957609,25,10,0
43,7663,0.8436432196525508,7.10214443093884e-06,0.15166822505039396,0.004681453152623364,25,10,0
43,7664,0.8396886784754689,7.097576445659319e-06,0.1556251248217436,0.00467909912634118,25,10,0
43,7665,0.8562506319549342,7.002545843023663e-06,0.13906570027286816,0.004676665226353627,25,10,0
43,7666,0.8562116632335208,7.002555784743826e-06,0.1391046673047955,0.004676666905897965,25,10,0
43,7667,0.8482125460687624,7.011444339771628e-06,0.14710136582826033,0.0046790766586371066,25,10,0
43,7668,0.8629557887874654,7.146987896120392e-06,0.1323580827791142,0.004678981445523303,25,10,0
43,7669,0.8333825923185246,7.219170761567211e-06,0.16193123194098985,0.0046789565697241495,25,10,0
43,7670,0.8338462282746267,7.2190058278897275e-06,0.16146772910192658,0.0046788236176187456,25,10,0
43,7671,0.8300265020383781,7.218877583889061e-06,0.16528823275110566,0.004678046332932279,25,10,0
43,7672,0.8321636848698611,7.063233147353265e-06,0.16312916169828146,0.004700090198709445,25,10,0
43,7673,0.8293285652470879,7.1639588524517665e-06,0.16596370349757905,0.004700567296479915,25,10,0
43,7674,0.8296372618485519,7.126310696795444e-06,0.16565513563559287,0.004700476205157556,25,10,0
43,7675,0.8282029845353943,7.158627304928862e-06,0.16708947336970045,0.004700383467599728,25,10,0
43,7676,0.8335637762662295,4.608208144729736e-06,0.1617309717268126,0.004700643798813003,25,10,0
43,7677,0.8421309681861644,4.453059273201004e-06,0.15321159701381254,0.004652981740749991,25,10,0
43,7678,0.8429932937474953,4.446356006512766e-06,0.15235113743429163,0.004651122462206313,25,10,0
43,7679,0.8429000318113191,4.4642707395096305e-06,0.15249565849113525,0.0045998454268060054,25,10,0
43,7680,0.842039169435941,4.188735959242642e-06,0.15335739706277748,0.004599244765322134,25,10,0
43,7681,0.8341183557016854,4.355443581741015e-06,0.1587730677478787,0.007104221106854222,25,10,0
43,7682,0.8282266381478562,4.355525031616653e-06,0.16466478362906448,0.007104222698047479,25,10,0
43,7683,0.8342139718663405,4.356717300964643e-06,0.15867743472748375,0.007104236688874529,25,10,0
43,7684,0.8353658232647965,4.221002705165862e-06,0.15752570686905665,0.007104248863441525,25,10,0
43,7685,0.8362743813007717,4.201540933102207e-06,0.15661715835973952,0.007104258798555486,25,10,0
43,7686,0.8366430039015991,4.189027939876914e-06,0.15624867467574008,0.007104132394721258,25,10,0
43,7687,0.8364069997758347,4.188025611869611e-06,0.15648464741156023,0.007104164786993534,25,10,0
43,7688,0.8334825942051655,4.172274279396833e-06,0.15940871293037287,0.0071045205901826055,25,10,0
43,7689,0.8336807285314352,0.0342366028373144,0.12953340689104956,0.002549261740201372,25,10,0
43,7690,0.8310830005886639,0.03423658637369631,0.1321305573423053,0.0025498556953350805,25,10,0
43,7691,0.8602811978499889,0.03423667754850797,0.10293126963266103,0.0025508549688427608,25,10,0
43,7692,0.8605506418091027,0.03423667736812719,0.10266187371821886,0.00255080710455204,25,10,0
43,7693,0.860647818083625,0.03423667736479971,0.10256471655504684,0.0025507879965291917,25,10,0
43,7694,0.8606559356886753,0.034236677344685024,0.10255660028678328,0.0025507866798573616,25,10,0
43,7695,0.8532753627694832,0.03423692017972144,0.1099369068685169,0.0025508101822793554,25,10,0
43,7696,0.8572412544503435,0.034236920096109666,0.10597101685143814,0.0025508086021094768,25,10,0
43,7697,0.8585142813834861,0.00881244606354953,0.13011043542256345,0.002562837130401523,25,10,0
43,7698,0.8328955480261295,0.008813753262424097,0.15572763797794342,0.0025630607335036006,25,10,0
43,7699,0.8328926841339266,0.008813753267549735,0.1557305000711455,0.00256306252737884,25,10,0
43,7700,0.8328943818847823,0.008813753266065932,0.15572880356568963,0.0025630612834628584,25,10,0
43,7701,0.829344029901987,0.00881680855520718,0.15927617031743446,0.00256299122537221,25,10,0
43,7702,0.8299230683778969,0.008829072381415858,0.16118991823451523,5.794100617207055e-05,25,10,0
43,7703,0.8296793437651371,0.008829072727623418,0.16143364299837543,5.794050886405853e-05,25,10,0
43,7704,0.837326716652784,0.008816642177818997,0.15379872370185085,5.791746754684312e-05,25,10,0
43,7705,0.8372247211629599,0.008816642681039847,0.1539006616919767,5.7974464024418164e-05,25,10,0
43,7706,0.8267517462697781,0.008816650190872582,0.1643699266856957,6.167685365438858e-05,25,10,0
43,7707,0.8269994559491061,0.008816650101792198,0.1641221917456858,6.170220341627983e-05,25,10,0
43,7708,0.8274447482612491,0.008816484160505596,0.16367806497543747,6.0702602808412496e-05,25,10,0
43,7709,0.8275196780437913,0.008816484206870562,0.16360315731426478,6.068043507381463e-05,25,10,0
43,7710,0.8397344924665588,0.008816478374915664,0.15138910510218245,5.992405634443526e-05,25,10,0
43,7711,0.8392937167000538,0.008816484943981665,0.15182897321979522,6.0825136170727805e-05,25,10,0
43,7712,0.8392723428339743,0.008816485402013838,0.15185024475968417,6.092700432892684e-05,25,10,0
43,7713,0.8390445657175449,0.0088164852138031,0.15207800795963733,6.0941109015941536e-05,25,10,0
43,7714,0.8389251346100126,0.008816484844640302,0.15219692622339262,6.14543219557242e-05,25,10,0
43,7715,0.8458225622461015,0.008816476421112057,0.14529679985781077,6.416147497700214e-05,25,10,0
43,7716,0.8459228065588925,0.008816476653333948,0.1451965283712035,6.418841657134764e-05,25,10,0
43,7717,0.8454698136569242,0.008816498506312604,0.1456492199624417,6.446787432287315e-05,25,10,0
43,7718,0.8462158811654032,0.0088165106866289,0.14490711783295915,6.0490315010129816e-05,25,10,0
43,7719,0.8463408657897407,0.008816510683845502,0.14478213320197153,6.049032444360337e-05,25,10,0
43,7720,0.839443293551968,0.008816752142898189,0.1516792258979374,6.0728407197852014e-05,25,10,0
43,7721,0.8339035599695448,0.008816753244351477,0.15721483581043116,6.485097567393771e-05,25,10,0
43,7722,0.8340402466995782,0.008816752961965506,0.15707815316688484,6.484717157290403e-05,25,10,0
43,7723,0.8343436948342006,0.008816736286343916,0.15677558082746199,6.398805199508872e-05,25,10,0
43,7724,0.8676044238759801,0.008816755285846627,0.12351511838110507,6.370245706975418e-05,25,10,0
43,7725,0.8674823799248509,0.008816755199676667,0.12363716081913964,6.370405633412809e-05,25,10,0
43,7726,0.8673748543532451,0.008816551477749535,0.12374534482914525,6.324933986125396e-05,25,10,0
43,7727,0.8668954799629998,0.008816554791161448,0.12422480982743174,6.315541840813785e-05,25,10,0
43,7728,0.838777696476659,0.008816332804788996,0.14233086490797323,0.010075105810579986,25,10,0
43,7729,0.8343815607461232,0.008816338361963997,0.1467269567777192,0.01007514411419471,25,10,0
43,7730,0.8304651389230525,0.008816313109388393,0.1237911329882655,0.03692741497929466,25,10,0
43,7731,0.8341042405352452,0.008816308983142014,0.12015244436871625,0.0369270061128974,25,10,0
43,7732,0.8341010183743779,0.008816308991302826,0.12015566576954445,0.03692700686477559,25,10,0
43,7733,0.8245529519864447,0.00881698642443954,0.12970346083721904,0.036926600751897735,25,10,0
43,7734,0.8245987868728194,0.008816986604246268,0.12965756580948684,0.03692666071344839,25,10,0
43,7735,0.825979913615561,0.008816953219967982,0.12827647486289684,0.03692665830157521,25,10,0
43,7736,0.8313906495294288,0.008816957081029177,0.12286990446813732,0.03692248892140575,25,10,0
43,7737,0.8263877177042224,0.008817043815112753,0.1278960567217975,0.0368991817588681,25,10,0
43,7738,0.816006930955893,0.008817422747911745,0.13827518749074882,0.03690045880544704,25,10,0
43,7739,0.8002387596096722,0.008817428671068873,0.15403740688555295,0.036906404833706864,25,10,0
43,7740,0.8003375855697706,0.008817422540337348,0.15393864882462316,0.03690634306526963,25,10,0
43,7741,0.8161780828530257,0.008817411211468968,0.1381041248878001,0.03690038104770579,25,10,0
43,7742,0.7904444738558601,0.008825452537673998,0.1638089262398375,0.03692114736662869,25,10,0
43,7743,0.7893577729232929,0.010053884852828574,0.1636800469907342,0.03690829523314435,25,10,0
43,7744,0.7831985413664759,0.010053999645683633,0.16982195369560668,0.03692550529223383,25,10,0
43,7745,0.7544252772994888,0.010053854180586226,0.1985953892925415,0.03692547922738355,25,10,0
43,7746,0.7651974215167624,0.010053846318546132,0.18782695657428658,0.036921775590405014,25,10,0
43,7747,0.7644278593699328,0.010063794368162798,0.18858566197406199,0.036922684287842476,25,10,0
43,7748,0.8019833975253573,0.010063785498892523,0.15102751956932342,0.036925297406427776,25,10,0
43,7749,0.8000948340324737,0.01006379236193149,0.15291601775920546,0.036925355846390506,25,10,0
43,7750,0.7995356216992104,0.01006380186558518,0.15347258297438876,0.036927993460816676,25,10,0
43,7751,0.7997341494131405,0.01006380140853192,0.15327365884646382,0.036928390331864624,25,10,0
43,7752,0.7896880231007494,0.010063800552014415,0.16332105896256582,0.03692711738467071,25,10,0
43,7753,0.7910522518342685,0.010063793694773875,0.1619568709838567,0.03692708348710122,25,10,0
43,7754,0.8266830094757402,0.010062486359984787,0.12632764376718428,0.03692686039709165,25,10,0
43,7755,0.7889919653819264,0.010062500144365575,0.16401514340078652,0.03693039107292107,25,10,0
43,7756,0.7897894757871026,0.010052552866549656,0.16322848006449667,0.03692949128185058,25,10,0
43,7757,0.7896707064486218,0.010052617353108074,0.1633305305028524,0.03694614569541752,25,10,0
43,7758,0.7895709966016216,0.010052599072430463,0.16342501434647583,0.03695138997947189,25,10,0
43,7759,0.7901408672692692,0.01005259842563242,0.16286038804352113,0.03694614626157702,25,10,0
43,7760,0.75920712692275,0.010050305022852053,0.19378654628944722,0.03695602176494958,25,10,0
43,7761,0.750372850263529,0.010047163549208532,0.19916463839839582,0.04041534778886504,25,10,0
43,7762,0.7496350836083289,0.010047163605609484,0.1998263152224967,0.04049143756356363,25,10,0
43,7763,0.7494440823196491,0.010047149912825893,0.20001735585340474,0.040491411914119056,25,10,0
43,7764,0.750268872018408,0.010047144967563782,0.19926865922584813,0.040415323788179046,25,10,0
43,7765,0.7501951421442614,0.010047150130535918,0.19934169308791638,0.04041601463728501,25,10,0
43,7766,0.7621023112337676,0.010047016161313158,0.18743165450380325,0.04041901810111462,25,10,0
43,7767,0.7704108760387404,0.010047008735605732,0.17912435753291495,0.04041775769273725,25,10,0
43,7768,0.7680618672013482,0.010046384189751942,0.18147485708690658,0.04041689152199159,25,10,0
43,7769,0.7683094385956848,0.01004637906264403,0.18122726426008637,0.04041691808158289,25,10,0
43,7770,0.8014202864814374,0.01003809490112522,0.14814548997001287,0.040396128647423826,25,10,0
43,7771,0.7675589669738389,0.010038090920441525,0.18131263037617285,0.041090311729545075,25,10,0
43,7772,0.7771287436299451,0.010037712436061632,0.17174451771202634,0.04108902622196528,25,10,0
43,7773,0.7796300443056033,0.010037698874138547,0.1692432184179494,0.04108903840230702,25,10,0
43,7774,0.7796158323565768,0.010037698888251581,0.16925743031002227,0.041089038445147524,25,10,0
43,7775,0.7514909883696261,0.010037718717125214,0.19722750163352212,0.04124379127972649,25,10,0
43,7776,0.7890722325448022,0.010037717616490074,0.16034041468313145,0.04054963515557539,25,10,0
43,7777,0.76319744276895,0.010037698498386705,0.18621783450833582,0.0405470242243258,25,10,0
43,7778,0.7637117125528335,0.010037692421367619,0.18570578957245076,0.04054480545334634,25,10,0
43,7779,0.7634682548780077,0.01003769252322847,0.18594924627621853,0.04054480632254311,25,10,0
43,7780,0.7632819397116053,0.010037692516659582,0.18613558814982178,0.0405447796219112,25,10,0
43,7781,0.7544915875824227,0.0100458998876651,0.19491277579142818,0.04054973673848337,25,10,0
43,7782,0.7300342835172079,0.010124329171416748,0.21929136326543472,0.04055002404594073,25,10,0
43,7783,0.7479274989648712,0.010046131774743847,0.20147663980616,0.04054972945422441,25,10,0
43,7784,0.7484395433848843,0.010046131956166366,0.20096459171616843,0.04054973294278055,25,10,0
43,7785,0.7115405490135699,0.010046176301491863,0.23786332128406815,0.04054995340087131,25,10,0
43,7786,0.7376749064383742,0.010046176306186537,0.21172896381371156,0.040549953441727876,25,10,0
43,7787,0.7374621966725832,0.010046176136238299,0.21194155143734125,0.04055007575383752,25,10,0
43,7788,0.7731056436100608,0.010045413166705994,0.1763093920844498,0.0405395511387816,25,10,0
43,7789,0.7720390188244467,0.01004541319678549,0.17737592352262954,0.04053964445613653,25,10,0
43,7790,0.772554707517826,0.010045430338051808,0.1765768980165723,0.040822964127548184,25,10,0
43,7791,0.7784602818582446,0.01004597335442966,0.17067063720993098,0.04082310757739314,25,10,0
43,7792,0.7735860361193373,0.010045202815506957,0.1754785342027143,0.04089022686243984,25,10,0
43,7793,0.7899393575001432,0.010056875333374753,0.1592677638312592,0.04073600333522211,25,10,0
43,7794,0.7896055914606221,0.01005687532920669,0.15960136974903663,0.040736163461134026,25,10,0
43,7795,0.7898343743867972,0.01005687495449263,0.159372592047302,0.04073615861140771,25,10,0
43,7796,0.751208252315458,0.010056904718142022,0.1978322242517902,0.04090261871460954,25,10,0
43,7797,0.7517009664380562,0.010056904404679096,0.19733969925596295,0.04090242990130137,25,10,0
43,7798,0.7520154304775493,0.01005690439806279,0.19702523693585733,0.04090242818853028,25,10,0
43,7799,0.7519660968766948,0.01005690448851869,0.197074594127285,0.04090240450750121,25,10,0
43,7800,0.752053728269097,0.010056904560155424,0.19698696257563766,0.04090240459510986,25,10,0
43,7801,0.746831870814571,0.010056846427566175,0.2021771654456462,0.040934117312216654,25,10,0
43,7802,0.7465170016732222,0.010056846421748103,0.2024920328667058,0.04093411903832386,25,10,0
43,7803,0.7404368929425512,0.010056847029358105,0.20857201461989738,0.04093424540819334,25,10,0
43,7804,0.7393012724879372,0.010064273087147215,0.2096983566947808,0.04093609773013482,25,10,0
43,7805,0.7387206450919757,0.010064273458585427,0.22119849332530567,0.030016588124133575,25,10,0
43,7806,0.7271334125454214,0.010075999435157603,0.23271784554882977,0.030072742470591995,25,10,0
43,7807,0.7544972948011806,0.010076392865259158,0.20552001972846404,0.02990629260509671,25,10,0
43,7808,0.7541317556621381,0.010076393376910941,0.20588538649270074,0.029906464468250564,25,10,0
43,7809,0.7468422172891214,0.010076393622546748,0.21317488721670322,0.029906501871629007,25,10,0
43,7810,0.7244255063028067,0.010076868232532668,0.22860832819777963,0.0368892972668815,25,10,0
43,7811,0.7222294869061483,0.010076848780576108,0.23079807320412055,0.036895591109154836,25,10,0
43,7812,0.7283478038975777,0.01007684923854566,0.22437643092380244,0.03719891594007414,25,10,0
43,7813,0.7423401894438852,0.010076848363803369,0.21384111600427236,0.033741846188038965,25,10,0
43,7814,0.7535189560763267,0.010065161257554285,0.2026749381106787,0.03374094455544001,25,10,0
43,7815,0.7535104867571703,0.010065160123058936,0.1886838209721869,0.047740532147583066,25,10,0
43,7816,0.754050703156253,0.01006515513978557,0.18814365842824077,0.047740483275719774,25,10,0
43,7817,0.7585405881592999,0.010065167472116863,0.18370203893429135,0.04769220543429028,25,10,0
43,7818,0.7585324508959681,0.010065274327646543,0.18366477058421676,0.04773750419216707,25,10,0
43,7819,0.7581965744343421,0.01006527471435718,0.18400064792927115,0.047737502922027976,25,10,0
43,7820,0.7561594689168334,0.010057905870432128,0.1853389261888396,0.04844369902389329,25,10,0
43,7821,0.7595274301097228,0.010057843511642777,0.18267976580192055,0.047734960576712185,25,10,0
43,7822,0.7505845466362077,0.010241313493762205,0.19005789808273693,0.049116241787292465,25,10,0
43,7823,0.7618606336964662,0.010240890114004902,0.1787822722798257,0.04911620390970137,25,10,0
43,7824,0.7576100863025893,0.010240988906203728,0.183031617607114,0.049117307184091234,25,10,0
43,7825,0.7590436012929903,0.010240988484871514,0.18159819635438124,0.04911721386775522,25,10,0
43,7826,0.7697200585750431,0.01024052799095925,0.17790490591048677,0.042134507523508995,25,10,0
43,7827,0.7697468086059199,0.010240532453099548,0.17787827849987597,0.04213438044110309,25,10,0
43,7828,0.7620634032693968,0.010240538847871829,0.18556065794240623,0.042135399940324045,25,10,0
43,7829,0.7518812725791375,0.010240761267680807,0.19571404280154692,0.04216392335163496,25,10,0
43,7830,0.7521202750432308,0.010240760914764406,0.19547506654745905,0.0421638974945457,25,10,0
43,7831,0.7390058098908281,0.010240873712377302,0.20853110416561907,0.04222221223117572,25,10,0
43,7832,0.754317410730311,0.010057403313164393,0.19478428574612539,0.04084090021039946,25,10,0
43,7833,0.7543306575464339,0.010057403122481315,0.19477113466658086,0.04084080466450418,25,10,0
43,7834,0.7493871846864454,0.010057912287446482,0.19966617711726237,0.04088872590884609,25,10,0
43,7835,0.7620395192399719,0.010057994839308066,0.18707030889608936,0.04083217702462979,25,10,0
43,7836,0.7620387398735246,0.010057994837809616,0.18707108868537747,0.040832176603287716,25,10,0
43,7837,0.7625482896994774,0.01005798969177926,0.186561588529134,0.04083213207960872,25,10,0
43,7838,0.7717000948883452,0.010049787008154261,0.17742164737326965,0.04082847073022987,25,10,0
43,7839,0.7823131853884392,0.010049565734658372,0.16683729243347867,0.04079995644342288,25,10,0
43,7840,0.8213349030224346,0.010049541896856681,0.1278220150271212,0.0407935400535872,25,10,0
43,7841,0.8334103325215598,0.010049527666641746,0.11574685129285131,0.04079328851894672,25,10,0
43,7842,0.8345687416849361,0.010049524225533814,0.11460452728103641,0.04077720680849307,25,10,0
43,7843,0.8710201647356519,0.010049510459521268,0.07815664664669113,0.04077367815813543,25,10,0
43,7844,0.8749408719580878,0.010049523823023545,0.07429316758112683,0.04071643663776151,25,10,0
43,7845,0.8746584787576214,0.010049676189514713,0.07457537129348073,0.04071647375938267,25,10,0
43,7846,0.8715498292244669,0.010049682213434594,0.07768401453108381,0.040716474031014374,25,10,0
43,7847,0.8674509605439144,0.010049788784359028,0.08178236429462302,0.04071688637710325,25,10,0
43,7848,0.8718897259932399,0.010049283415965565,0.07738601164728168,0.04067497894351261,25,10,0
43,7849,0.9107021056446473,1.3161940537560772e-05,0.04860982919199116,0.040674903222823966,25,10,0
43,7850,0.9121560044573711,1.3161243582191735e-05,0.04745921555562758,0.04037161874341905,25,10,0
43,7851,0.912223728092005,1.3161344311474892e-05,0.04739146729637454,0.04037164326730888,25,10,0
43,7852,0.8984391269892575,1.3084323547551356e-05,0.06117148937864008,0.04037629930855469,25,10,0
43,7853,0.8983982769960239,1.3084326810752224e-05,0.06121233680503209,0.04037630187213285,25,10,0
43,7854,0.8864815723982834,1.3168928220362127e-05,0.07192979564841599,0.041575463025080174,25,10,0
43,7855,0.8865620404160601,1.3168757698668952e-05,0.07184932870868638,0.04157546211755487,25,10,0
43,7856,0.8865975328696991,1.312059734974637e-05,0.07181440949112253,0.04157493704182867,25,10,0
43,7857,0.8866617335997372,1.3120759438446953e-05,0.10703569938096923,0.006289446259855226,25,10,0
43,7858,0.8866806735249245,1.3121268372080132e-05,0.10701675818964276,0.006289447017060715,25,10,0
43,7859,0.878682975170094,1.3148621371932413e-05,0.11468664993854587,0.0066172262699889925,25,10,0
43,7860,0.886335684982681,1.3142565960173377e-05,0.10703492130787758,0.006616251143481842,25,10,0
43,7861,0.8905834536447894,1.3136535249360258e-05,0.10278715942532193,0.006616250394639821,25,10,0
43,7862,0.8830101621278064,1.3136092003453808e-05,0.11036042638779527,0.006616275392395398,25,10,0
43,7863,0.8827476383394742,1.3136446182466656e-05,0.1106229277489462,0.006616297465397432,25,10,0
43,7864,0.8829667023015141,1.3136460737211896e-05,0.1104046305222135,0.006615530715535369,25,10,0
43,7865,0.8508245304303226,1.3115965407604567e-05,0.11017270369687918,0.038989649907390664,25,10,0
43,7866,0.85066483883159,1.311977016746557e-05,0.11033237069312865,0.03898967070511414,25,10,0
43,7867,0.8488537147310165,1.3120460462616502e-05,0.11214348817009936,0.03898967663842192,25,10,0
43,7868,0.8617576095883906,1.348655435438845e-05,0.1038046671338496,0.034424236723405596,25,10,0
43,7869,0.8504506450920029,1.4011115052847295e-05,0.11507457653093432,0.03446076726201034,25,10,0
43,7870,0.8689249877613089,1.3989705236851852e-05,0.09660601739097813,0.034455005142475244,25,10,0
43,7871,0.868661937281706,1.3989338693676269e-05,0.09686911512361426,0.03445495825598514,25,10,0
43,7872,0.8684174277418839,1.3989323132498141e-05,0.09711230930489347,0.034456273630089275,25,10,0
43,7873,0.8684273199511265,1.3989134602172242e-05,0.09710242028991271,0.03445627062435768,25,10,0
43,7874,0.8696946833530543,1.3970538143116613e-05,0.0961185263207245,0.03417281978807713,25,10,0
43,7875,0.8702970603858953,1.3970549521462028e-05,0.09551614800059662,0.034172821063985837,25,10,0
43,7876,0.8708558653369041,1.3823084040988247e-05,0.09495884773254497,0.034171463846509306,25,10,0
43,7877,0.8547607037607711,1.3834101115864354e-05,0.1110540042566722,0.0341714578814411,25,10,0
43,7878,0.8810895196907568,1.3468023654843784e-05,0.08482003670594368,0.03407697557964385,25,10,0
43,7879,0.8918884597074722,1.294947861807419e-05,0.07405811825617223,0.034040472557736796,25,10,0
43,7880,0.8554280759442068,1.3013532084214591e-05,0.11050961326700887,0.034049297256700244,25,10,0
43,7881,0.8918182445255838,1.2949120606006884e-05,0.07412826442901815,0.03404054192479144,25,10,0
43,7882,0.8936507715373628,1.2948440356313714e-05,0.07229564971345115,0.03404063030882906,25,10,0
43,7883,0.888330537343165,4.746487729644178e-05,0.0787803590028496,0.0328416387766881,25,10,0
43,7884,0.8822729709164274,4.746368017098354e-05,0.07776763188076806,0.039911933522632566,25,10,0
43,7885,0.8829279094817671,4.745387176279471e-05,0.07711274912726733,0.03991188751920185,25,10,0
43,7886,0.8830533563462705,4.7453868407720247e-05,0.07698730230357263,0.039911887481748475,25,10,0
43,7887,0.8749564423867673,4.8067191217673625e-05,0.08540965003068358,0.039585840391330576,25,10,0
43,7888,0.8752951636559199,4.8067357036715066e-05,0.08507027298158293,0.03958649600545981,25,10,0
43,7889,0.8590812259748263,4.806734310112771e-05,0.10128430442559462,0.03958640225647835,25,10,0
43,7890,0.859169552774328,4.8067781077702393e-05,0.10119597945195463,0.039586399992639826,25,10,0
43,7891,0.8656876405901727,4.783348740236992e-05,0.09474177406123849,0.03952275186118667,25,10,0
43,7892,0.8643441930628981,4.783359129274465e-05,0.09608507363496786,0.039522899710841525,25,10,0
43,7893,0.8812180589114669,1.3240562890984983e-05,0.07924487190145534,0.03952382862418633,25,10,0
43,7894,0.8661667287133955,1.2694417951524368e-05,0.09429321348524333,0.03952736338340989,25,10,0
43,7895,0.8641633213100205,1.2437660998407896e-05,0.09629675591145252,0.03952748511752883,25,10,0
43,7896,0.8640971424810373,1.2437662464138126e-05,0.096362934772114,0.039527485084384806,25,10,0
43,7897,0.8640967062613778,1.2437658219874303e-05,0.09636337213655724,0.039527483943844956,25,10,0
43,7898,0.8641640052731115,1.2437658163324022e-05,0.0962960731302571,0.039527483938468,25,10,0
43,7899,0.8643580143627781,1.2437289394962756e-05,0.09610206547280226,0.039527482875024396,25,10,0
43,7900,0.8659240246810657,1.2419989645277309e-05,0.09454601739674176,0.039517537932547135,25,10,0
43,7901,0.877327497397435,6.93322718736492e-07,0.08321041452571354,0.03946139475413296,25,10,0
43,7902,0.8620530433702587,6.956355451964327e-07,0.09848829180211624,0.03945796919208008,25,10,0
43,7903,0.8620631952862198,6.962340880086375e-07,0.09847781978272549,0.03945828869696693,25,10,0
43,7904,0.8622055953479135,6.964127049965365e-07,0.09833541338612067,0.0394582948532612,25,10,0
43,7905,0.8613631723840003,7.011038551997052e-07,0.09910110068944884,0.03953502582269599,25,10,0
43,7906,0.8614449537691103,7.009504683224786e-07,0.09901934432941624,0.03953500095100543,25,10,0
43,7907,0.8595941699357305,6.997530828025684e-07,0.10087006719665977,0.03953506311452756,25,10,0
43,7908,0.8904023510049344,6.765347841258756e-07,0.07006202058714867,0.039534951873132475,25,10,0
43,7909,0.8642128156486066,2.393190630387211e-06,0.07175707679958501,0.06402771436117756,25,10,0
43,7910,0.8639760970884884,2.4011930936453834e-06,0.07199367861603634,0.06402782310238107,25,10,0
43,7911,0.8535396002194056,3.5160883962219145e-06,0.08242471982444693,0.06403216386775142,25,10,0
43,7912,0.8352282796624364,2.8949553243035355e-06,0.10073962185598548,0.06402920352625337,25,10,0
43,7913,0.8352063546705273,2.895045973387287e-06,0.10076150573924442,0.06402924454425449,25,10,0
43,7914,0.8351774047292111,2.9003358309683456e-06,0.10079046617137837,0.06402922876357926,25,10,0
43,7915,0.8528610217397563,2.8894464535671204e-06,0.08310691871227659,0.06402917010151374,25,10,0
43,7916,0.8523820741615493,2.8896506879941516e-06,0.08358450575868392,0.06403053042907911,25,10,0
43,7917,0.8523557173158504,2.8896537247087166e-06,0.08342938153632884,0.06421201149409633,25,10,0
43,7918,0.8731837293191927,2.2310834843879115e-05,0.08707127484823662,0.039722684997727055,25,10,0
43,7919,0.8732158707295185,2.231106862694854e-05,0.08703913187635053,0.03972268632550431,25,10,0
43,7920,0.8731278053764113,2.2311195415168707e-05,0.0871258503112136,0.039724033116960114,25,10,0
43,7921,0.8711232589671574,2.2317670327082145e-05,0.0890715892902718,0.03978283407224399,25,10,0
43,7922,0.8822775226974876,1.1781911863730255e-06,0.07794224030791098,0.03977905880341495,25,10,0
43,7923,0.8822678027144955,1.1779766741197767e-06,0.07795332268832744,0.039777696620502984,25,10,0
43,7924,0.8773292834185554,1.1848934515605551e-06,0.08289087835100536,0.03977865333698785,25,10,0
43,7925,0.8711360515247405,1.1890387016192258e-06,0.08908410873906666,0.039778650697491535,25,10,0
43,7926,0.8713365589147388,1.1939952434401015e-06,0.08888359390719175,0.039778653182826175,25,10,0
43,7927,0.8716475322883117,1.1935903241339097e-06,0.08857278842074268,0.039778485700621605,25,10,0
43,7928,0.8715636379336454,1.193332633422962e-06,0.08865868029414317,0.03977648843957822,25,10,0
43,7929,0.8711170150258287,1.2034610297591569e-06,0.08910422287744599,0.0397775586356957,25,10,0
43,7930,0.8711155320809894,1.2026876448493803e-06,0.08879234006921666,0.04009092516214924,25,10,0
43,7931,0.8652624802302832,1.3625275653517002e-06,0.0922216528512128,0.04251450439093889,25,10,0
43,7932,0.8653310234754978,1.3548032236980162e-06,0.09215316921800093,0.042514452503277775,25,10,0
43,7933,0.8592261696553607,1.3549190714749667e-06,0.09825817481468258,0.04251430061088499,25,10,0
43,7934,0.8585152395486298,1.392783013399009e-06,0.0989664050922792,0.04251696257607709,25,10,0
43,7935,0.8586819099261591,1.3952337471991679e-06,0.09879861553973227,0.04251807930036118,25,10,0
43,7936,0.8213862309341241,1.4089386623785916e-06,0.13609055968701017,0.04252180044020271,25,10,0
43,7937,0.8042939024526494,1.0536830644774033e-05,0.15313137252644807,0.04256418819025745,25,10,0
43,7938,0.803644087915403,1.0537151008153162e-05,0.15378118267030072,0.04256419226328806,25,10,0
43,7939,0.76908527902744,1.1618462504745522e-05,0.18833989181873076,0.042563210691325404,25,10,0
43,7940,0.784631235176439,1.1070139958029496e-05,0.164550936723769,0.05080675795983474,25,10,0
43,7941,0.7592174869625429,1.145821984738068e-05,0.18996423560714007,0.05080681921047067,25,10,0
43,7942,0.7519749446324698,1.1693529719882267e-05,0.19726533004244481,0.05074803179536601,25,10,0
43,7943,0.7445397406123385,1.1711442482923347e-05,0.20469934208002932,0.05074920586514958,25,10,0
43,7944,0.7615237496544189,1.0623174468212804e-05,0.1877207829974646,0.050744844173648974,25,10,0
43,7945,0.7617835454391475,1.2728544521715404e-05,0.19495362068569938,0.04325010533063251,25,10,0
43,7946,0.7691041919659266,1.2753371409687595e-05,0.1876341573141629,0.04324889734850172,25,10,0
43,7947,0.7690949431589924,1.2753470438905221e-05,0.18764340553279193,0.0432488978377777,25,10,0
43,7948,0.7748629125128594,1.2593653578469692e-05,0.1842991117240647,0.04082538210949818,25,10,0
43,7949,0.7745862134119076,1.2593929853234585e-05,0.18457584234825647,0.040825350309983285,25,10,0
43,7950,0.7808471069418743,1.2593697752405579e-05,0.17831616810592102,0.040824131254452875,25,10,0
43,7951,0.7981349366069846,3.463528611970062e-06,0.1610809480299957,0.04078065183440747,25,10,0
43,7952,0.7982210166265713,3.463511834868784e-06,0.16099493024632733,0.04078058961526627,25,10,0
43,7953,0.7980724395976806,3.4588122442299705e-06,0.1611435147910153,0.0407805867990597,25,10,0
43,7954,0.8145055168455423,3.0729945618164522e-06,0.14470791868558847,0.04078349147430684,25,10,0
43,7955,0.8143652118698697,3.0779661783700415e-06,0.14484819579577346,0.04078351436817793,25,10,0
43,7956,0.8191773652022495,3.0763835594573115e-06,0.1400369972130194,0.04078256120117091,25,10,0
43,7957,0.8286462255398002,3.0891241287736685e-06,0.13057101990274658,0.04077966543332335,25,10,0
43,7958,0.8276095398109298,3.098252167408532e-06,0.1314702909157743,0.04091707102112735,25,10,0
43,7959,0.827425852828564,3.0929231369741494e-06,0.13165398670942488,0.04091706753887294,25,10,0
43,7960,0.8275266639679758,3.092754952221187e-06,0.13155310629224407,0.04091713698482671,25,10,0
43,7961,0.8103313276736275,3.6912261111251016e-06,0.1485908126800945,0.0410741684201664,25,10,0
43,7962,0.8055625245685529,3.6900347067534495e-06,0.1533596401122678,0.041074145284472,25,10,0
43,7963,0.8051320779685761,3.689336454774703e-06,0.15379047684313343,0.041073755851835377,25,10,0
43,7964,0.8045917996382228,3.6903830288115894e-06,0.1543307452820071,0.04107376469674108,25,10,0
43,7965,0.8051952428687827,3.6854540771807194e-06,0.15376702362171968,0.04103404805542028,25,10,0
43,7966,0.8052373351426492,3.689198043275874e-06,0.15372486288478,0.04103411277452763,25,10,0
43,7967,0.8061046071290009,3.6889806885708545e-06,0.15285753452548456,0.04103416936482604,25,10,0
43,7968,0.840864162457213,3.664106821631759e-06,0.1180981232151889,0.04103405022077661,25,10,0
43,7969,0.8408308013207478,3.6491481660210136e-06,0.11813153625525624,0.04103401327583013,25,10,0
43,7970,0.8411592977609911,3.605894095643932e-06,0.11780329247845339,0.041033803866460224,25,10,0
43,7971,0.8356933572927089,3.614410953266652e-06,0.12311222202320594,0.04119080627313215,25,10,0
43,7972,0.8355620809102252,3.6146796191885247e-06,0.12324342628927779,0.04119087812087792,25,10,0
43,7973,0.8387965281828401,3.6222633257703573e-06,0.1201616379443894,0.041038211609444965,25,10,0
43,7974,0.8342257465618148,4.833418073242179e-06,0.12473121926879978,0.04103820075131252,25,10,0
43,7975,0.8340604030119679,2.72856780811767e-06,0.12982032553957948,0.036116542880644725,25,10,0
43,7976,0.8343769104996376,2.7285017989804366e-06,0.12950382313987163,0.03611653785869185,25,10,0
43,7977,0.8342261690938618,2.729207563718655e-06,0.12965456121524957,0.036116540483324945,25,10,0
43,7978,0.8341416092494488,2.756623168337494e-06,0.13259540621865867,0.033260227908724155,25,10,0
43,7979,0.8654082772167706,2.743129149643254e-06,0.10133074073131935,0.033258238922760495,25,10,0
43,7980,0.8655507115480559,2.7425196264231665e-06,0.10118828433882475,0.033258261593493155,25,10,0
43,7981,0.8659270508794499,2.7321974824713012e-06,0.10081302553723705,0.033257191385830526,25,10,0
43,7982,0.8779826761319182,2.733429551534324e-06,0.08817105128010409,0.03384353915842636,25,10,0
43,7983,0.8760752397214747,1.4107533929611747e-06,0.0900097521022662,0.03391359742286634,25,10,0
43,7984,0.8759291198768183,1.4107822725760686e-06,0.09015478349355321,0.03391468584735615,25,10,0
43,7985,0.891618889482752,1.5661727605303377e-06,0.07446407873531079,0.033915465609176576,25,10,0
43,7986,0.8787331984771822,1.5615884759480128e-06,0.08735122143505489,0.033914018499286776,25,10,0
43,7987,0.8786515227862252,1.5629980898381377e-06,0.08743279525373295,0.0339141189619516,25,10,0
43,7988,0.8951757095860942,9.690878334253136e-07,0.07106500187281793,0.03375831945325422,25,10,0
43,7989,0.8949217219268379,9.97680987588324e-07,0.07131898438316987,0.03375829600900432,25,10,0
43,7990,0.893314802331259,2.102104585614701e-06,0.07292470174993712,0.03375839381421794,25,10,0
43,7991,0.8880247246632793,2.0984251363380045e-06,0.078214082311665,0.03375909459991919,25,10,0
43,7992,0.8887537316524755,2.0977658576576023e-06,0.07748507890658846,0.03375909167507826,25,10,0
43,7993,0.8830187947971581,2.1247200890262564e-06,0.08321782211691234,0.033761258365840534,25,10,0
43,7994,0.8631783403267151,5.5000244450532606e-05,0.08839298316192389,0.04837367626691085,25,10,0
43,7995,0.8631411648450641,5.5000672308511395e-05,0.08843009187458183,0.048373742608046034,25,10,0
43,7996,0.8632930406783285,5.500588526540726e-05,0.08831515168973275,0.04833680174667385,25,10,0
43,7997,0.858797837916507,5.518161485552387e-05,0.09281019969095078,0.04833678077768729,25,10,0
43,7998,0.8586465195238524,5.518977925874056e-05,0.09296162271198152,0.04833666798490786,25,10,0
43,7999,0.8580809688225958,5.5560799925509265e-05,0.09352504610820601,0.0483384242692733,25,10,0
43,8000,0.8575524918336113,5.556278129739902e-05,0.09405325331248748,0.04833869207260448,25,10,0
43,8001,0.8576689889642373,5.556279740130822e-05,0.09393675382157504,0.048338694416787266,25,10,0
43,8002,0.8869348919499329,2.796208253251994e-06,0.07750452807832259,0.03555778376349131,25,10,0
43,8003,0.8613040801365317,8.374920303541241e-06,0.10313034939244474,0.03555719555072076,25,10,0
43,8004,0.8613139263066121,8.374903957310843e-06,0.10312050561944038,0.03555719316999096,25,10,0
43,8005,0.8803345842680337,7.840852910885718e-06,0.09234306645676965,0.02731450842228644,25,10,0
43,8006,0.8858640092932895,7.96168022993175e-06,0.08679613748360115,0.027331891542880068,25,10,0
43,8007,0.8865296754795969,7.957060328979708e-06,0.08613174513741999,0.027330622322654655,25,10,0
43,8008,0.8744682651261989,7.927893652252219e-06,0.08389971901864675,0.04162408796150251,25,10,0
43,8009,0.872619440958418,7.932254874185176e-06,0.08574822174079248,0.04162440504591596,25,10,0
43,8010,0.8348431806869856,7.960024189035645e-06,0.12352434051305083,0.041624518775775395,25,10,0
43,8011,0.8313416978378334,8.144312324675932e-06,0.12702536238176695,0.0416247954680754,25,10,0
43,8012,0.8322704131948033,8.109988780066915e-06,0.12609699049367526,0.041624486322741835,25,10,0
43,8013,0.798770972863554,1.0433845894129185e-05,0.15958878484728337,0.041629808443268634,25,10,0
43,8014,0.808967600837598,1.0433835377936729e-05,0.14939285824220228,0.04162910708482185,25,10,0
43,8015,0.8089635541861274,1.0434594477017958e-05,0.14931571058766419,0.04171030063173161,25,10,0
43,8016,0.8085492753709914,1.0256447096777848e-05,0.1497257439760019,0.041714724205910055,25,10,0
43,8017,0.8082972049961414,1.021121895810826e-05,0.14995872017254144,0.04173386361235927,25,10,0
43,8018,0.8091701195574464,1.017340557629958e-05,0.1490885669806368,0.04173114005634035,25,10,0
43,8019,0.8160128264092635,1.0169073152361508e-05,0.14224588326946563,0.0417311212481184,25,10,0
43,8020,0.8016620900123855,9.422071810235139e-06,0.15406517522995097,0.044263312685853394,25,10,0
43,8021,0.833647346689978,9.394588424116592e-06,0.12208007386444772,0.044263184857150216,25,10,0
43,8022,0.8246282639237886,9.38906251441527e-06,0.13109543147809258,0.04426691553560383,25,10,0
43,8023,0.824460877110742,9.403125076719828e-06,0.1312614198799849,0.04426829988419576,25,10,0
43,8024,0.8410813521227827,9.223586607933923e-06,0.11717783856394194,0.04173158572666681,25,10,0
43,8025,0.841111600509923,9.218324769503622e-06,0.11714762036469813,0.04173156080060862,25,10,0
43,8026,0.8338875144083804,9.444192086620765e-06,0.12436927942505163,0.041733761974480324,25,10,0
43,8027,0.8339658673775106,9.444063879783151e-06,0.12429098194304172,0.04173370661556677,25,10,0
43,8028,0.8413890535741894,9.210234080600792e-06,0.1168703041567326,0.04173143203499608,25,10,0
43,8029,0.8413838543116107,9.210516406092887e-06,0.11687548122559434,0.04173145394638768,25,10,0
43,8030,0.8335329116188145,1.827645285967028e-05,0.12471741687727846,0.04173139505104641,25,10,0
43,8031,0.8324409485978057,1.8158344797266477e-05,0.12581002071172664,0.04173087234566933,25,10,0
43,8032,0.8374690127558886,1.829496559665791e-05,0.12261623486113794,0.039896457417376074,25,10,0
43,8033,0.8532173163640282,1.816436686185106e-05,0.10693812532365907,0.039826393945450025,25,10,0
43,8034,0.8624117906582872,1.8162655785030205e-05,0.09774737689236662,0.039822669793560146,25,10,0
43,8035,0.8616421016683731,1.8171607904990275e-05,0.09845207281214881,0.03988765391157236,25,10,0
43,8036,0.8616567416911808,1.817083431584705e-05,0.09854635143935082,0.039778736035151564,25,10,0
43,8037,0.8611633027073204,1.8190907558503125e-05,0.09903976643587456,0.03977873994924547,25,10,0
43,8038,0.8609608491730067,1.819091625387194e-05,0.09924221934996165,0.039778740560776814,25,10,0
43,8039,0.860480797342055,1.8190882648988075e-05,0.09972226901926964,0.039778742756025436,25,10,0
43,8040,0.8860670314015434,1.2612505182341698e-05,0.07414211206851402,0.03977824402476064,25,10,0
43,8041,0.8860819778059178,1.2612489326175715e-05,0.07412716921124843,0.039778240493507894,25,10,0
43,8042,0.8896694438522236,1.2472635849862719e-05,0.07055926952541618,0.03975881398651086,25,10,0
43,8043,0.8902451794850716,1.2101606124953732e-05,0.06998568770942284,0.03975703119938069,25,10,0
43,8044,0.8904158141317607,1.2097128368608066e-05,0.06981510365836305,0.03975698508150769,25,10,0
43,8045,0.8910495342891833,1.2291579665994017e-05,0.10574664054950053,0.0031915335816495253,25,10,0
43,8046,0.8826491178469199,1.2254799450083122e-05,0.11414728338181541,0.003191343971813954,25,10,0
43,8047,0.8747520254009089,1.2254671674332145e-05,0.12204436654777305,0.0031913533796431985,25,10,0
43,8048,0.8734529669778023,1.7280959230281333e-05,0.1233138610291872,0.0032158910337797605,25,10,0
43,8049,0.8728482765162265,1.711526540397028e-05,0.12687787425621555,0.0002567339621535465,25,10,0
43,8050,0.8677557697686941,1.7118681495959743e-05,0.1286498297450616,0.0035772818047478845,25,10,0
43,8051,0.8681479525291568,1.7098715192498453e-05,0.12825766885664297,0.0035772798990071457,25,10,0
43,8052,0.8681528477060716,1.7098647348730584e-05,0.12825277408866317,0.0035772795579158516,25,10,0
43,8053,0.8674112162836636,1.709888273657356e-05,0.12891669795502902,0.0036549868785701605,25,10,0
43,8054,0.8520925784830143,1.7099335402877337e-05,0.14423524245037694,0.0036550797312058596,25,10,0
43,8055,0.852209330195973,1.708019627250504e-05,0.1441185201435433,0.003655069464211135,25,10,0
43,8056,0.8520083764273052,1.7083867466017e-05,0.14431790211574855,0.003656637589480229,25,10,0
43,8057,0.8520207493669147,1.709454409970843e-05,0.14444296536491238,0.0035191907240732906,25,10,0
43,8058,0.8375201372648807,1.7096271983893385e-05,0.15894347641437764,0.003519290048758105,25,10,0
43,8059,0.837566086265097,1.709502152756794e-05,0.15889753847075583,0.0035192802426197672,25,10,0
43,8060,0.8407758735420683,1.2070016118149861e-05,0.1557176411547108,0.003494415287102846,25,10,0
43,8061,0.8482456928047519,1.2070442934906563e-05,0.14824784695905835,0.0034943897932550334,25,10,0
43,8062,0.8477252243805666,1.22322787386372e-05,0.1487650051729908,0.0034975381677038358,25,10,0
43,8063,0.8253525487346386,1.3581534232784486e-05,0.17445068100012068,0.00018318873100808456,25,10,0
43,8064,0.8592286133599828,1.125099456467633e-05,0.14058324856251572,0.0001768870829364585,25,10,0
43,8065,0.8502483382058847,1.1478150207575515e-05,0.14956163331998987,0.00017855032391776084,25,10,0
43,8066,0.8507108043546989,1.1478460940506005e-05,0.14917681671281594,0.00010090047154478567,25,10,0
43,8067,0.8113840635980156,1.1478409209877254e-05,0.18808275117712722,0.0005217068156472732,25,10,0
43,8068,0.8158638082438793,1.1304956737406419e-05,0.18360288667447322,0.0005220001249100444,25,10,0
43,8069,0.8163843278548955,1.1143028030808247e-05,0.18308562901540523,0.0005189001016683642,25,10,0
43,8070,0.8159966410752171,1.1143740759828768e-05,0.18347331240683581,0.0005189027771872835,25,10,0
43,8071,0.8110996683285332,1.1149330143753196e-05,0.18836947355042322,0.0005197087908995611,25,10,0
43,8072,0.8112937563276101,1.1149331679430751e-05,0.18817538457960337,0.0005197097611072017,25,10,0
43,8073,0.8162006927549146,1.114347678880758e-05,0.18326926172293084,0.0005189020453659065,25,10,0
43,8074,0.8236971225794457,2.066970939379452e-06,0.17578309493024033,0.0005177155193745405,25,10,0
43,8075,0.8196239788797817,2.070919094988567e-06,0.17985623433446662,0.000517715866656858,25,10,0
43,8076,0.8196248908353863,2.0710135467084655e-06,0.17985534692677121,0.0005176912242958521,25,10,0
43,8077,0.8200689093997334,2.071007328207971e-06,0.17941132349950162,0.0005176960934369381,25,10,0
43,8078,0.8196971656164627,2.0683186622425834e-06,0.17978340515437025,0.00051736091050496,25,10,0
43,8079,0.8205843280373943,2.068314943556336e-06,0.17889624528063802,0.0005173583670241983,25,10,0
43,8080,0.8212367831380446,1.8115656906165837e-06,0.17824406500088041,0.0005173402953843729,25,10,0
43,8081,0.821252669186077,1.80791790054693e-06,0.17822971810611857,0.0005158047899040251,25,10,0
43,8082,0.8361085992163663,2.000443129947903e-06,0.16331652484362952,0.0005728754968745964,25,10,0
43,8083,0.8361122607512073,2.000560752998915e-06,0.16331283219939316,0.000572906488647113,25,10,0
43,8084,0.8364560958939427,2.0012174462723393e-06,0.1629682063882951,0.0005736965003160261,25,10,0
43,8085,0.8368458789199786,2.0043589623230057e-06,0.16257842714592086,0.000573689575137935,25,10,0
43,8086,0.836372262449655,2.0243851703689153e-06,0.16305203965454051,0.0005736735106341138,25,10,0
43,8087,0.8181995781518075,2.0377620441695757e-06,0.18122465677245128,0.0005737273136964466,25,10,0
43,8088,0.8182250280156367,2.0375805061797777e-06,0.181199233550176,0.0005737008536805627,25,10,0
43,8089,0.8122081640961946,2.040488966950548e-06,0.18721608438679357,0.0005737110280442541,25,10,0
43,8090,0.8120816631127237,2.050152149567801e-06,0.18729358140631533,0.0006227053288107344,25,10,0
43,8091,0.7731613810777455,2.050172874249205e-06,0.22620626320557405,0.0006303055438060107,25,10,0
43,8092,0.7629431605435887,1.9025585947399497e-06,0.23644591201782592,0.0006090248799908128,25,10,0
43,8093,0.7628101929721548,1.9025567641367e-06,0.23657885316526733,0.0006090513058139383,25,10,0
43,8094,0.7629706695407923,1.8983561680362116e-06,0.2364183827535251,0.0006090493495148298,25,10,0
43,8095,0.7570500311266294,2.091400540154771e-06,0.2423388147825923,0.0006090626902383022,25,10,0
43,8096,0.7570590819415396,2.0912817638648035e-06,0.24232979583809688,0.00060903093859976,25,10,0
43,8097,0.7231470361851584,2.0911498187728158e-06,0.2762417828073179,0.0006090898577050146,25,10,0
43,8098,0.7226675013618046,2.091528724548208e-06,0.27672131148591494,0.0006090956235561552,25,10,0
43,8099,0.7201410327630912,2.13889906781722e-06,0.2789832625206645,0.0008735658171768033,25,10,0
43,8100,0.7202630815228015,2.2640720055702637e-06,0.2789253803749613,0.0008092740302321746,25,10,0
43,8101,0.7192589482855997,2.263094545137329e-06,0.27991887187347814,0.0008199167463779528,25,10,0
43,8102,0.7151786945693146,2.069651482005386e-06,0.2839993410643026,0.0008198947149017688,25,10,0
43,8103,0.725155515368863,2.0698373977776297e-06,0.274022409247963,0.0008200055457773878,25,10,0
43,8104,0.7242631597822708,2.069815408699812e-06,0.2749223609862851,0.0008124094160368279,25,10,0
43,8105,0.7203020390213436,2.069828334626672e-06,0.2788834589023692,0.0008124322479536586,25,10,0
43,8106,0.7231469461017916,2.074173468037566e-06,0.27603856374216096,0.0008124159825805238,25,10,0
43,8107,0.7013719449409015,6.646013230081926e-06,0.29779193956366135,0.0008294694822079464,25,10,0
43,8108,0.7008484306173065,7.695508789184076e-06,0.2983142714947633,0.0008296023791419413,25,10,0
43,8109,0.7337404100829267,6.34326599927715e-06,0.2654297086155922,0.0008235380354827205,25,10,0
43,8110,0.731981068183905,6.339317308355015e-06,0.26718905494715434,0.0008235375516314888,25,10,0
43,8111,0.7319061292527995,6.339416537465371e-06,0.26726399329172557,0.0008235380389366498,25,10,0
43,8112,0.7373377549306896,6.551418806098073e-06,0.2618310837148368,0.0008246099356681011,25,10,0
43,8113,0.7463459147513163,6.806034976144993e-06,0.25275504401674326,0.0008922351969654316,25,10,0
43,8114,0.7575626933779382,6.805738571459119e-06,0.24153834200711283,0.0008921588763786917,25,10,0
43,8115,0.7870017640725824,6.81305825117918e-06,0.21251904770722327,0.0004723751619445958,25,10,0
43,8116,0.8253753946624731,6.81374728123627e-06,0.17414532685788842,0.0004724647323577703,25,10,0
43,8117,0.8258237732740787,6.600056957560406e-06,0.1737543103294258,0.00041531633953784667,25,10,0
43,8118,0.8169157936681353,7.175778438839878e-06,0.18266048988460176,0.0004165406688241615,25,10,0
43,8119,0.8167180651669708,7.185786618577645e-06,0.18285820288324534,0.0004165461631654792,25,10,0
43,8120,0.8274956365167854,7.186617154284271e-06,0.17208058753496103,0.0004165893310994636,25,10,0
43,8121,0.838774677904754,7.204953330032644e-06,0.1608014889800796,0.0004166281618366692,25,10,0
43,8122,0.8239664975931814,7.2159032382597764e-06,0.17560969910126775,0.0004165874023125528,25,10,0
43,8123,0.8245897701176189,7.000744901969206e-06,0.17498763271764686,0.00041559641983216346,25,10,0
43,8124,0.8252340317833471,6.981703043701012e-06,0.17434348638139802,0.0004155001322111227,25,10,0
43,8125,0.8245884931485888,6.988628209513183e-06,0.17498729930619042,0.0004172189170110247,25,10,0
43,8126,0.8195382618756984,7.220429088712492e-06,0.18008624396991624,0.00036827372529644326,25,10,0
43,8127,0.8180992247001562,7.172638462472114e-06,0.18178994112655256,0.00010366153482894179,25,10,0
43,8128,0.8270256582548027,6.595950996334034e-06,0.17286538893696077,0.00010235685724026909,25,10,0
43,8129,0.8098086177596285,0.0002017199743389898,0.18987163804514193,0.00011802422089027812,25,10,0
43,8130,0.806646845461822,0.00020188077431278605,0.19303162038163993,0.00011965338222551453,25,10,0
43,8131,0.8066554304765902,0.00020187998963584292,0.193022858991253,0.0001198305425208285,25,10,0
43,8132,0.8064849118674432,0.00020187076929443636,0.19319338981423478,0.00011982754902747918,25,10,0
43,8133,0.827921440183942,0.00019735173607885224,0.17178898780876,9.22202712188261e-05,25,10,0
43,8134,0.8488941559198798,0.0001971779508204895,0.15081296303103273,9.570309826597634e-05,25,10,0
43,8135,0.8544245054801485,0.00019718317903122021,0.14520610180703847,0.00017220953378136318,25,10,0
43,8136,0.8544934224740769,0.00019718248696141985,0.145137364513576,0.00017203052538500716,25,10,0
43,8137,0.8610651491426077,0.00019693769259234936,0.13863221409301718,0.00010569907178195108,25,10,0
43,8138,0.8766369367749326,0.00019693675478016855,0.12306051403345757,0.00010561243682904365,25,10,0
43,8139,0.8823256494874108,0.00019671031185892405,0.11737202646765212,0.00010561373307742763,25,10,0
43,8140,0.8823561330521943,0.0001967056609840095,0.11741800833095606,2.9152955864783153e-05,25,10,0
43,8141,0.8825182578680614,0.00019670467607526342,0.11725667482891833,2.8362626944450142e-05,25,10,0
43,8142,0.8828241787997533,0.00019670394150426426,0.11695071994151736,2.8397317224409714e-05,25,10,0
43,8143,0.8791018602389613,0.00019565751138501296,0.12067422463950454,2.8257610148617656e-05,25,10,0
43,8144,0.8678261174228306,0.00019567757964824946,0.13194914699662774,2.9058000893003643e-05,25,10,0
43,8145,0.8744545469553657,0.00019593696037087456,0.12531915689346362,3.03591907995962e-05,25,10,0
43,8146,0.8740745317817848,0.00019594267378677022,0.12569913881990186,3.038672452638256e-05,25,10,0
43,8147,0.8743399908754003,0.00019594240476834566,0.1254337041128099,3.0362607020826537e-05,25,10,0
43,8148,0.8749840553225638,0.00019594014432488754,0.12479010184765939,2.9902685451506894e-05,25,10,0
43,8149,0.8644246014145134,0.00019608117736067478,0.13534943522275225,2.9882185372804153e-05,25,10,0
43,8150,0.8648688533392342,0.00019582725608448072,0.13490540000627294,2.9919398407249224e-05,25,10,0
43,8151,0.865661173919591,0.00019581706286774737,0.1341143825498356,2.8626467705137674e-05,25,10,0
43,8152,0.8712631963311998,0.00019559785951655772,0.12848442570338667,5.678010589627044e-05,25,10,0
43,8153,0.8711750629801912,0.00019559800745580475,0.1285725592840428,5.677972830951352e-05,25,10,0
43,8154,0.871230848916383,0.00019547341799620567,0.1285166901246447,5.698754097531512e-05,25,10,0
43,8155,0.8652126600160124,0.00019547800331859205,0.13446730420462602,0.00012455777604224465,25,10,0
43,8156,0.8757857791413879,0.00019545819202757507,0.12389491731524158,0.00012384535134240624,25,10,0
43,8157,0.8785240066345456,0.00019646546240284344,0.12115559137593435,0.0001239365271166225,25,10,0
43,8158,0.8891551767457513,0.00019632405007120784,0.11052458674239203,0.00012391246178501572,25,10,0
43,8159,0.8895594491519536,0.000196323585679904,0.11012034111419361,0.00012388614817227659,25,10,0
43,8160,0.8907315716209054,0.00019626628501991295,0.10894827263924847,0.00012388945482578437,25,10,0
43,8161,0.8774472222221301,0.00020003147875097678,0.12227804926230214,7.469703681595872e-05,25,10,0
43,8162,0.8975225728000463,4.993396722127436e-06,0.10238940653691526,8.302726631600033e-05,25,10,0
43,8163,0.8975963703028633,4.9934026686798924e-06,0.10231561030835878,8.302598610865252e-05,25,10,0
43,8164,0.8972939309162992,4.996797671539315e-06,0.10261802884543751,8.304344059146613e-05,25,10,0
43,8165,0.8977129345784349,5.0096390430158545e-06,0.10219990645372631,8.214932879548074e-05,25,10,0
43,8166,0.9315206526532003,4.989444947153249e-06,0.06839234491106463,8.201299078796152e-05,25,10,0
43,8167,0.9316279728678151,4.989351276534524e-06,0.06828371534731109,8.332243359715007e-05,25,10,0
43,8168,0.9317873857377745,4.966993240320266e-06,0.06812432813231961,8.331913666554222e-05,25,10,0
43,8169,0.9393084415066119,4.873257932642232e-06,0.06062838633795021,5.829889750515319e-05,25,10,0
43,8170,0.9393961064028759,4.87610741392363e-06,0.060540726932388676,5.829055732122342e-05,25,10,0
43,8171,0.9390732925648217,4.875841797395373e-06,0.060863696522161774,5.8135071218859706e-05,25,10,0
43,8172,0.9391311631842424,4.891248023602728e-06,0.06080576716807729,5.817839965650112e-05,25,10,0
43,8173,0.939262839057867,4.891095611252211e-06,0.060674129125274055,5.814072124711191e-05,25,10,0
43,8174,0.9295001485300196,4.9130413289489024e-06,0.07044193740386306,5.30010247883608e-05,25,10,0
43,8175,0.9293944322451528,4.9135108509595255e-06,0.07054764877731556,5.3005466680505944e-05,25,10,0
43,8176,0.8975606653476401,6.948590440917422e-06,0.10210712296779739,0.0003252630941211232,25,10,0
43,8177,0.8971672471499752,6.94847347085549e-06,0.10250054394333037,0.00032526043322311,25,10,0
43,8178,0.8597402230578317,7.003104966381589e-06,0.13992750379151003,0.0003252700456907979,25,10,0
43,8179,0.8628766808623758,1.031161479552504e-05,0.13491361870163238,0.0021993888211950348,25,10,0
43,8180,0.8501830826021128,1.0503805979117416e-05,0.14760533835068826,0.0022010752412188585,25,10,0
43,8181,0.8552135445818132,1.0505447289295075e-05,0.14256572078159635,0.002210229189300001,25,10,0
43,8182,0.8527641601084858,1.0506457634253472e-05,0.14501509955319178,0.0022102338806871823,25,10,0
43,8183,0.8525752919990256,1.050691451491178e-05,0.1452052272921652,0.0022089737942934794,25,10,0
43,8184,0.8230894517328684,1.0543657174428739e-05,0.17468082619189043,0.00221917841806659,25,10,0
43,8185,0.7887477498756928,1.054118504800583e-05,0.2090233733985926,0.0022183355406679792,25,10,0
43,8186,0.7887319742227851,1.0541188424356846e-05,0.20903915138493745,0.0022183332038546526,25,10,0
43,8187,0.8182746461565492,1.0504335442190012e-05,0.17950672274079643,0.002208126767212211,25,10,0
43,8188,0.8223906454060494,1.050650917872467e-05,0.1753906452043079,0.0022082028804640053,25,10,0
43,8189,0.8100036585626594,1.050963175997529e-05,0.18780447446990717,0.0021813573356748318,25,10,0
43,8190,0.8102076590818322,1.0509083774236575e-05,0.18760052560532212,0.002181306229073146,25,10,0
43,8191,0.8232081801718405,1.0316346322776235e-05,0.17460200432799042,0.0021794991538460428,25,10,0
43,8192,0.8223154534537818,1.0316299820002468e-05,0.17549473588563613,0.0021794943607615085,25,10,0
43,8193,0.8166215768161013,2.169676998849099e-05,0.181176446017917,0.0021802803959939344,25,10,0
43,8194,0.8202178720951963,0.00031440808050384986,0.17917940115746467,0.0002883186668349204,25,10,0
43,8195,0.8201271979348426,0.00031441508583976365,0.17927006309290938,0.00028832388640818215,25,10,0
43,8196,0.7828971075611264,0.00031597465546552415,0.2164772797983913,0.0003096379850180897,25,10,0
43,8197,0.7868494485195398,0.0003159746505804321,0.2125249364286761,0.00030964040120514335,25,10,0
43,8198,0.7865930117747659,0.0003159750619068889,0.21278013168209423,0.0003108814812343142,25,10,0
43,8199,0.7868718302385718,0.0003314341391453666,0.21248585687448077,0.00031087874780351887,25,10,0
43,8200,0.7867427656104947,0.00033143441409160624,0.21261491827107531,0.0003108817043397704,25,10,0
43,8201,0.7832604412940897,0.0003315944437030434,0.21610529031152964,0.0003026739506790245,25,10,0
43,8202,0.7836914834596881,0.00033159443919734613,0.21567425188987785,0.0003026702112382938,25,10,0
43,8203,0.785608162514513,0.0003202033920209627,0.21374987428357295,0.0003217598098945594,25,10,0
43,8204,0.785314067209524,0.0003202041833103458,0.21404384841586135,0.00032188019130586815,25,10,0
43,8205,0.7851883918682132,0.00032020419551099166,0.21416947631426073,0.0003219276220162903,25,10,0
43,8206,0.7713774168534456,0.0003202199119362469,0.22797961601590008,0.00032274721872045046,25,10,0
43,8207,0.7709220535178232,0.0003207484997086177,0.2284344276352439,0.0003227703472267762,25,10,0
43,8208,0.7716717326592173,0.000320214336069685,0.22768528698284643,0.00032276602186876097,25,10,0
43,8209,0.7723939316790761,0.0003047394008067755,0.2269786346005263,0.00032269431959330326,25,10,0
43,8210,0.7881370433491748,0.00030473834843150775,0.21123548388640412,0.0003227344159913476,25,10,0
43,8211,0.8004112536268224,0.00030317558839433183,0.19898255878750193,0.0003030119972819964,25,10,0
43,8212,0.8026990219454171,0.0003031746730911285,0.19669479121262293,0.0003030121688695342,25,10,0
43,8213,0.8022989890629316,0.000303183946651313,0.1970947714566627,0.00030305553375495976,25,10,0
43,8214,0.7984291472833652,0.0003031891399736449,0.20096461561467166,0.0003030479619901036,25,10,0
43,8215,0.7923566342425582,0.0003031864470240874,0.20703712436218574,0.0003030549482330319,25,10,0
43,8216,0.7923853872567735,0.00030319043035993503,0.20700848689270723,0.0003029354201604756,25,10,0
43,8217,0.8082554445242794,0.0003031792469846879,0.19114141426600217,0.00029996196273384226,25,10,0
43,8218,0.808370654101698,0.00030317447245321356,0.1910262094269874,0.000299961998861697,25,10,0
43,8219,0.8089164837188079,0.0003031737280274151,0.19048042694571682,0.00029991560744820235,25,10,0
43,8220,0.8151010365345809,0.0003031736714084771,0.1842958947725971,0.00029989502141374106,25,10,0
43,8221,0.8266675640527956,3.384292675754066e-06,0.1730296918217004,0.0002993598328285498,25,10,0
43,8222,0.8171438234185832,8.561359419706335e-06,0.18106051752343194,0.0017870976985654202,25,10,0
43,8223,0.8173189332521826,8.562078280316018e-06,0.18088271835824782,0.001789786311289552,25,10,0
43,8224,0.8061730508419817,8.573933691989946e-06,0.19180175105432803,0.0020166241699981933,25,10,0
43,8225,0.800463008088946,8.809411658296892e-06,0.19751156901989167,0.0020166134795038424,25,10,0
43,8226,0.7815293012568835,8.639517692760986e-06,0.2164463889474194,0.0020156702780047943,25,10,0
43,8227,0.781677566316924,8.639434298251804e-06,0.2162981296953813,0.0020156645533968556,25,10,0
43,8228,0.8149397032334916,8.63802860645761e-06,0.18303634204011526,0.002015316697786205,25,10,0
43,8229,0.8263847783897912,8.622372118658671e-06,0.17159214960989,0.0020144496281998504,25,10,0
43,8230,0.8248700118635377,8.619978547214469e-06,0.1731052347629621,0.0020161333949526446,25,10,0
43,8231,0.8252145951733657,8.629009781219452e-06,0.1727607578419886,0.0020160179748641136,25,10,0
43,8232,0.8182585883154256,8.864610087432908e-06,0.17971422232135012,0.00201832475313694,25,10,0
43,8233,0.85476022868796,8.810489261012457e-06,0.14321264231110356,0.0020183185116751114,25,10,0
43,8234,0.8558764709037469,8.810119219796823e-06,0.14209640049721384,0.0020183184798192953,25,10,0
43,8235,0.8546219407167395,9.280145266204137e-06,0.14334620835321707,0.002022570784776904,25,10,0
43,8236,0.8604421062771657,9.438314035600386e-06,0.13752428202129427,0.0020241733875045105,25,10,0
43,8237,0.8591997043955643,9.434790697837319e-06,0.13876647758688176,0.0020243832268561713,25,10,0
43,8238,0.8591269704351622,9.435047986875895e-06,0.1388392122094822,0.002024382307368683,25,10,0
43,8239,0.857554756931397,9.633270173853412e-06,0.1403063505491158,0.0021292592493137247,25,10,0
43,8240,0.8550739780179164,1.0641135402161441e-05,0.14278601042677447,0.002129370419907214,25,10,0
43,8241,0.8490322021244573,1.0887273812346283e-05,0.14882745466954014,0.0021294559321904123,25,10,0
43,8242,0.8476989659274163,1.1001190576419778e-05,0.15016116975869603,0.002128863123311387,25,10,0
43,8243,0.8530012434926438,1.076447653818917e-05,0.14485917001555237,0.0021288220152656744,25,10,0
43,8244,0.8544126265593853,1.0763753489336295e-05,0.14344778985499274,0.0021288198321327712,25,10,0
43,8245,0.8762976172504834,1.0772604617051613e-05,0.12149582811514704,0.0021957820297524673,25,10,0
43,8246,0.8754911198757351,1.0770733858315298e-05,0.12230123803462468,0.002196871355781712,25,10,0
43,8247,0.8799208744223295,1.0590175189568551e-05,0.1178733232466397,0.0021952121558413127,25,10,0
43,8248,0.8497815364404316,1.0582585838619969e-05,0.14808133648256672,0.0021265444911635054,25,10,0
43,8249,0.8262546983386427,1.0590935557648531e-05,0.1716058623525795,0.002128848373220873,25,10,0
43,8250,0.8253126664221749,1.059102561557156e-05,0.17254782378590122,0.002128918766309071,25,10,0
43,8251,0.8356757998706265,1.0580232349237395e-05,0.16241139663854928,0.0019022232584760658,25,10,0
43,8252,0.8592042697358566,1.0571742533670897e-05,0.13888524208976333,0.0018999164318467601,25,10,0
43,8253,0.8346882112841592,1.0774027010639634e-05,0.1603383682392903,0.004962646449540981,25,10,0
43,8254,0.8352114617056757,1.0764477139401964e-05,0.159815173687949,0.004962600129236594,25,10,0
43,8255,0.8342587599424744,1.1014013935627686e-05,0.16070344603807854,0.005026780005512066,25,10,0
43,8256,0.8574001137798486,1.0812036463095758e-05,0.14062494746125728,0.001964126722431101,25,10,0
43,8257,0.8573237498101416,1.0811789258126864e-05,0.14070133197588205,0.0019641064247182764,25,10,0
43,8258,0.883910760013258,1.1331655064360908e-05,0.11411296604940739,0.0019649422822701043,25,10,0
43,8259,0.8908881879828818,1.1096039230669606e-05,0.10713808084741946,0.0019626351304677762,25,10,0
43,8260,0.8910401359389685,1.1096197040020629e-05,0.10698611172995084,0.001962656134040213,25,10,0
43,8261,0.8941166425407293,1.0977578360965775e-05,0.10391081985571296,0.0019615600251966926,25,10,0
43,8262,0.8937132272438693,1.0992163943524554e-05,0.10431407185754518,0.0019617087346419496,25,10,0
43,8263,0.8894259834866405,1.0992099728475975e-05,0.10860131519905167,0.0019617092145790146,25,10,0
43,8264,0.8890756638060828,1.100033968251246e-05,0.10894917165273336,0.0019641642015009566,25,10,0
43,8265,0.9124427941613023,1.1000000104573188e-05,0.08558204364360768,0.001964162194985272,25,10,0
43,8266,0.913235147988616,1.1000059109430893e-05,0.08478966896956491,0.0019641829827093528,25,10,0
43,8267,0.9142235937552066,1.0530201620133086e-05,0.08380594679375035,0.0019599292494226947,25,10,0
43,8268,0.9141018515374953,1.0530208119170236e-05,0.08392766349392547,0.001959954760459661,25,10,0
43,8269,0.9148875345856713,1.052913316109069e-05,0.08314212477766192,0.001959811503505392,25,10,0
43,8270,0.9075645256384148,1.0719456416556955e-05,0.09046493778403576,0.001959817121132462,25,10,0
43,8271,0.9104249549507802,1.637371684155263e-05,0.08759836803001861,0.001960303302359106,25,10,0
43,8272,0.9184930848327637,1.1197348945720571e-05,0.0810231478272634,0.0004725699910266446,25,10,0
43,8273,0.9128157569683886,1.1197168485741677e-05,0.08670047471385091,0.0004725711492742448,25,10,0
43,8274,0.9135469991001272,1.0952259142828228e-05,0.08603624969282167,0.0004057989479078029,25,10,0
43,8275,0.9166102296204347,6.06604081316021e-06,0.08297380898938611,0.0004098953493655322,25,10,0
43,8276,0.9207637724759856,6.057061985371688e-06,0.07884028834736169,0.0003898821146672858,25,10,0
43,8277,0.9208872839345712,6.057053030134119e-06,0.07871677866069639,0.0003898803517022235,25,10,0
43,8278,0.9209089070749839,6.077679856208659e-06,0.07868972103504969,0.0003952942101099859,25,10,0
43,8279,0.9102766926805559,6.331276861385072e-06,0.08932040443895213,0.00039657160363028304,25,10,0
43,8280,0.9162887656202269,6.093266941375284e-06,0.08330650605607547,0.00039863505675569964,25,10,0
43,8281,0.917725880579713,6.092571583392552e-06,0.08186939456213578,0.0003986322865672141,25,10,0
43,8282,0.9177823381101355,6.0950786140827365e-06,0.08181295919746394,0.0003986076137858562,25,10,0
43,8283,0.9208873536044266,5.905857576970822e-06,0.07860005378077087,0.0005066867572255849,25,10,0
43,8284,0.9215044471010198,5.894893029708523e-06,0.07798616289912741,0.0005034951068232642,25,10,0
43,8285,0.9216064319937742,5.895436926307367e-06,0.07788419875370022,0.0005034738155992493,25,10,0
43,8286,0.9215069758171684,5.8965306273017585e-06,0.07798345627008044,0.0005036713821237776,25,10,0
43,8287,0.9330225822305372,5.633514800318812e-06,0.0664694346180357,0.0005023496366266513,25,10,0
43,8288,0.9345227975724852,5.637040418431959e-06,0.06518088121992051,0.0002906841671758592,25,10,0
43,8289,0.9329959765938999,5.660237942778483e-06,0.06670744153854441,0.00029092162961293126,25,10,0
43,8290,0.9328667653172589,5.660333247397092e-06,0.06683662651947732,0.0002909478300163845,25,10,0
43,8291,0.9337107111411247,5.660324358588398e-06,0.06599272886796681,0.00029089966655013676,25,10,0
43,8292,0.9106151812952483,6.131831864756158e-06,0.08194662155556239,0.007432065317324346,25,10,0
43,8293,0.9096862195861247,6.13194145227557e-06,0.08287553383509341,0.00743211463732916,25,10,0
43,8294,0.9061947502851602,6.122243060993456e-06,0.08636698426565294,0.0074321432061259865,25,10,0
43,8295,0.9065729889797318,6.117072591316683e-06,0.08598884480213136,0.007432049145545421,25,10,0
43,8296,0.9062536241734885,6.118101269632834e-06,0.08630810105574187,0.007432156669499673,25,10,0
43,8297,0.9056423695328009,6.138246549524021e-06,0.08691926696306833,0.0074322252575811905,25,10,0
43,8298,0.9060263473921499,6.137137900665879e-06,0.08653542121241582,0.007432094257533442,25,10,0
43,8299,0.8680726449083731,6.137045827450236e-06,0.12448917017101505,0.007432047874783979,25,10,0
43,8300,0.8679319821019739,6.144116650862269e-06,0.12462983735573002,0.007432036425644911,25,10,0
43,8301,0.8616674257047269,6.505690692682241e-06,0.13084559400946436,0.007480474595115757,25,10,0
43,8302,0.8653903010515616,6.5065106111864785e-06,0.12712274565399925,0.007480446783827763,25,10,0
43,8303,0.8861722508384925,6.068317516969117e-06,0.1134822323999568,0.00033944844403389213,25,10,0
43,8304,0.8934817402332427,5.547061287180179e-06,0.10617409764607726,0.00033861505939277245,25,10,0
43,8305,0.8936135735492222,5.810385941896636e-06,0.10604214918016648,0.0003384668846693827,25,10,0
43,8306,0.8954705062632274,4.799856877017396e-06,0.1041863191204363,0.0003383747594596496,25,10,0
43,8307,0.8968714106137705,3.841316419157767e-06,0.10279098591985168,0.0003337621499590539,25,10,0
43,8308,0.9357409179539282,3.841311268673983e-06,0.06392148074209313,0.0003337599927098158,25,10,0
43,8309,0.9357519177608579,3.8389211339253675e-06,0.06391047547215507,0.00033376784585289023,25,10,0
43,8310,0.9360237202003033,3.561115452557623e-06,0.06363892585043601,0.0003337928338078979,25,10,0
43,8311,0.9427312600630232,3.561096564461273e-06,0.05693138733373677,0.0003337915066753533,25,10,0
43,8312,0.9282754577537646,2.577141783404623e-06,0.07138822616912587,0.00033373893532585077,25,10,0
43,8313,0.9281521130339424,2.577902549843252e-06,0.07151145197187747,0.0003338570916301889,25,10,0
43,8314,0.9278991290217152,2.7988888887476094e-06,0.07176420090766322,0.00033387118173273716,25,10,0
43,8315,0.9292136838847892,2.775790226049938e-06,0.0704498978415439,0.000333642483440613,25,10,0
43,8316,0.9171115391488723,2.8028208139929747e-06,0.08255199771517957,0.00033366031513396894,25,10,0
43,8317,0.9164925687561859,2.8051583695845623e-06,0.08317093469751198,0.0003336913879325064,25,10,0
43,8318,0.919468156329013,2.428075072578768e-06,0.08024182018726536,0.0002875954086483739,25,10,0
43,8319,0.9233887277361075,2.4234428552224775e-06,0.0763236650242602,0.000285183796776542,25,10,0
43,8320,0.9218925957103988,2.4243095923230294e-06,0.07781979135899576,0.0002851886210126104,25,10,0
43,8321,0.9218400197196899,2.4244079095021044e-06,0.07787236636529106,0.0002851895071091289,25,10,0
43,8322,0.9122044565416797,2.414183611781512e-06,0.08750457458944895,0.0002885546852594881,25,10,0
43,8323,0.9123143639204322,2.413846708261713e-06,0.08739588690682751,0.0002873353260321292,25,10,0
43,8324,0.9070702549638523,1.5797168512672998e-05,0.09262549674470502,0.00028845112293012653,25,10,0
43,8325,0.9077181584104811,1.5787218232180434e-05,0.09197762595014776,0.0002884284211390368,25,10,0
43,8326,0.9071679091225943,1.5787237375975673e-05,0.09252778382130872,0.0002885198187210606,25,10,0
43,8327,0.9323853982017577,2.719715905247425e-05,0.067572460854039,1.4943785151082344e-05,25,10,0
43,8328,0.9328993904926984,2.7196485362902337e-05,0.0670572651547697,1.6147867169027594e-05,25,10,0
43,8329,0.9380641320148047,2.7212438522243444e-05,0.061892215378815736,1.6440167857421974e-05,25,10,0
43,8330,0.9547517204723619,2.7192110444876328e-05,0.045204227247171505,1.686017002172747e-05,25,10,0
43,8331,0.9165705205351129,2.7193006852037037e-05,0.08338544998752093,1.683647051311297e-05,25,10,0
43,8332,0.8943222665631629,2.7193170523650893e-05,0.10563375560467732,1.6784661634661867e-05,25,10,0
43,8333,0.9165541139377528,2.7200398376980977e-05,0.08340128165383158,1.740401003763897e-05,25,10,0
43,8334,0.8820494552584108,2.7225206681979102e-05,0.11790700297516493,1.631655974127107e-05,25,10,0
43,8335,0.8942435548927206,2.719992252404888e-05,0.10571300625556491,1.6238929189530795e-05,25,10,0
43,8336,0.8963860200839542,2.7200086051356044e-05,0.10357062532073036,1.6154509263251806e-05,25,10,0
43,8337,0.8803013998676568,2.7185006127207718e-05,0.1196555504139785,1.5864712236995848e-05,25,10,0
43,8338,0.9179410430312158,2.7202147142451226e-05,0.08201588107504089,1.58737466003294e-05,25,10,0
43,8339,0.9121891870065404,2.7210641214322062e-05,0.08776772899077322,1.5873361470952978e-05,25,10,0
43,8340,0.9064190672224138,1.3829892701908088e-05,0.09355230132056917,1.480156431426764e-05,25,10,0
43,8341,0.9067871272636014,1.3826793604542153e-05,0.09318488196172642,1.4163981066790039e-05,25,10,0
43,8342,0.9006683300196484,1.3831110921621126e-05,0.09930248487476931,1.5353994660095564e-05,25,10,0
43,8343,0.8847816135770991,1.3853962352760207e-05,0.11518912329985484,1.5409160692152975e-05,25,10,0
43,8344,0.8973417144964368,1.3850520555383756e-05,0.10262907347854452,1.5361504462029638e-05,25,10,0
43,8345,0.8983978244003678,1.38461511395111e-05,0.10157313871659325,1.5190731898612905e-05,25,10,0
43,8346,0.8915390091121843,1.3954471818306852e-05,0.10841776375533176,2.927266066457055e-05,25,10,0
43,8347,0.8560779365800628,1.400536428156006e-05,0.1438787898400302,2.92682156242058e-05,25,10,0
43,8348,0.8550269051987652,1.4531859796053917e-05,0.14492967544932422,2.8887492113483667e-05,25,10,0
43,8349,0.8444495268707588,1.452407218513639e-05,0.15550386882886302,3.2080228191629456e-05,25,10,0
43,8350,0.8590711739464078,1.4599625095615017e-05,0.14088214520568895,3.20812228062381e-05,25,10,0
43,8351,0.865465724679502,1.4495950748730013e-05,0.1344794374928612,4.034187688685591e-05,25,10,0
43,8352,0.8654637579931754,1.449344060780116e-05,0.13448146477528025,4.028379093535171e-05,25,10,0
43,8353,0.8750911202371949,1.4493071912673009e-05,0.12485756272042932,3.682397046219504e-05,25,10,0
43,8354,0.8731553090385202,1.4493268844463325e-05,0.12679339288268404,3.68048099505554e-05,25,10,0
43,8355,0.8772737036538468,1.4513101856541181e-05,0.12267599460090349,3.5788643392585896e-05,25,10,0
43,8356,0.8723627517783511,1.4519685134409893e-05,0.1275853015496764,3.742698683735122e-05,25,10,0
43,8357,0.8617874956598977,1.4889430554425133e-05,0.13816015426448292,3.7460645064327926e-05,25,10,0
43,8358,0.8612488207159914,1.488902493814418e-05,0.1386987477956126,3.75424634572735e-05,25,10,0
43,8359,0.8612460301264169,1.4889018562240582e-05,0.13870153925732048,3.7541597699993366e-05,25,10,0
43,8360,0.8483554158642024,1.4876470868057923e-05,0.1515896288674124,4.0078797516891283e-05,25,10,0
43,8361,0.8305663887103045,1.53520067200477e-05,0.16570557788201778,0.003712681400957647,25,10,0
43,8362,0.8371581740919056,1.8973102679974928e-06,0.15912726865795138,0.003712659939874731,25,10,0
43,8363,0.8371586056817664,1.8973571983702728e-06,0.15912686077730773,0.0037126361837271716,25,10,0
43,8364,0.8352298575554756,1.8961496107201863e-06,0.16098776362262407,0.003780482672289992,25,10,0
43,8365,0.8240580718328897,2.1095817467558598e-06,0.17209815236883239,0.0038416662165324505,25,10,0
43,8366,0.8085903979539855,2.11649988804262e-06,0.1875881054972004,0.003819380048927261,25,10,0
43,8367,0.8084419402902661,2.1167756108196052e-06,0.18773651467775337,0.0038194282563703743,25,10,0
43,8368,0.8192188914654662,1.7697933256001633e-06,0.1769598065841049,0.0038195321571039796,25,10,0
43,8369,0.8107277435347504,1.2531173627869988e-05,0.18539236096858272,0.0038673643230398807,25,10,0
43,8370,0.8282895504490191,1.2198513221509538e-05,0.1715034736115243,0.00019477742623614957,25,10,0
43,8371,0.8247258820870068,1.2346702386334606e-05,0.17506790469262146,0.0001938665179861581,25,10,0
43,8372,0.8200614971063669,1.234599746134395e-05,0.17968035708122612,0.00024579981494616594,25,10,0
43,8373,0.8357122663503721,1.2323233297566314e-05,0.16402966546135386,0.0002457449549770497,25,10,0
43,8374,0.833664254945448,1.2514659436451314e-05,0.16614453088867556,0.00017869950644031928,25,10,0
43,8375,0.83363012682378,1.2515074825327107e-05,0.16617863419612472,0.00017872390527033495,25,10,0
43,8376,0.830722157852086,9.314731534472003e-05,0.16900575832967676,0.0001789365028929491,25,10,0
43,8377,0.8367336064432016,9.295581249208839e-05,0.16299547958535548,0.0001779581589511235,25,10,0
43,8378,0.8446254947265132,9.280166422261508e-05,0.15510432965017393,0.00017737395908940732,25,10,0
43,8379,0.8483931692465526,9.278535926022575e-05,0.15138992359609035,0.0001241217980964294,25,10,0
43,8380,0.8754972779243275,9.27656848899429e-05,0.12428519534482,0.00012476104596198162,25,10,0
43,8381,0.8757594445871578,9.274341760531668e-05,0.12402306507177924,0.00012474692345711144,25,10,0
43,8382,0.8768666922409158,9.268333045944318e-05,0.12291372276545207,0.00012690166317217853,25,10,0
43,8383,0.8763241920166507,9.277835086516567e-05,0.12343078335709234,0.00015224627539117935,25,10,0
43,8384,0.8575841613908405,0.00012101656398330138,0.14214262816371337,0.00015219388146259943,25,10,0
43,8385,0.8662993170437717,0.00011025085774532439,0.1334860938906379,0.00010433820784446382,25,10,0
43,8386,0.8855523163666535,8.148260374608107e-05,0.11426179034530894,0.00010441068429124561,25,10,0
43,8387,0.8848722259486327,9.282376861808602e-05,0.11492859032508472,0.00010635995766445288,25,10,0
43,8388,0.8693178015258194,9.282788938736962e-05,0.13032889365557676,0.00026047692921615903,25,10,0
43,8389,0.868701368759216,9.283457223144064e-05,0.13094531533513973,0.00026048133341241407,25,10,0
43,8390,0.8620545229298192,9.284244831136443e-05,0.13758998604902578,0.0002626485728436394,25,10,0
43,8391,0.8536330194360491,9.284779283366206e-05,0.1460113560303326,0.00026277674078459094,25,10,0
43,8392,0.8187760743564035,9.282625244815337e-05,0.18051143000983236,0.000619669381315108,25,10,0
43,8393,0.8173515927089511,9.282614507230478e-05,0.18193143131877043,0.0006241498272054481,25,10,0
43,8394,0.8146098438283468,8.126414418345779e-05,0.18468549159770326,0.0006234004297654666,25,10,0
43,8395,0.8148305604655128,8.126361914117234e-05,0.1844648701473146,0.0006233057680304612,25,10,0
43,8396,0.7918975625098716,8.191098589234006e-05,0.20704281776841119,0.0009777087358236612,25,10,0
43,8397,0.7918160697767465,8.191107841630657e-05,0.20712431078780416,0.000977708357032015,25,10,0
43,8398,0.7918545521218898,8.189344860810945e-05,0.20709129205275098,0.0009722623767498232,25,10,0
43,8399,0.7928891138395316,8.18742990163977e-05,0.20605683927009075,0.0009721725913605482,25,10,0
43,8400,0.7928268851953927,8.188441283369092e-05,0.2061190332866759,0.0009721971050971721,25,10,0
43,8401,0.7931459932185233,8.188423212241832e-05,0.20579992631233576,0.000972196237017248,25,10,0
43,8402,0.7949597234322097,8.188338136139979e-05,0.20398620833465184,0.0009721848517756696,25,10,0
43,8403,0.8195721236858107,8.187797658622205e-05,0.17937454726031393,0.0009714510772874411,25,10,0
43,8404,0.8356432907124028,8.18581771547365e-05,0.163459583243708,0.0008152678667326367,25,10,0
43,8405,0.8367995237401732,8.184857435962641e-05,0.16230605424330702,0.0008125734421581868,25,10,0
43,8406,0.8517906338866272,8.186053590872742e-05,0.14730859864608947,0.0008189069313743462,25,10,0
43,8407,0.8362028449481288,8.188373031387073e-05,0.1628962673045138,0.0008190040170420768,25,10,0
43,8408,0.8519720567409982,8.186020319567871e-05,0.14712717983239956,0.0008189032234063656,25,10,0
43,8409,0.8406754292397429,8.186666743647033e-05,0.158422132018904,0.000820572073916218,25,10,0
43,8410,0.8428577770245564,8.18174325471788e-05,0.15623971257338068,0.0008206929695158919,25,10,0
43,8411,0.8420045274991738,8.182331903129858e-05,0.15709213805612968,0.0008215111256654745,25,10,0
43,8412,0.8347152560262439,1.0571209865183637e-06,0.16446239479830102,0.0008212920544674783,25,10,0
43,8413,0.8351243477866341,1.0571241207995788e-06,0.1640533034520141,0.0008212916372298198,25,10,0
43,8414,0.8345719838058158,1.0524930757939655e-06,0.16460428211455486,0.0008226815865522281,25,10,0
43,8415,0.8348207795008012,1.0578227504531866e-06,0.1643554994543572,0.0008226632220896762,25,10,0
43,8416,0.8411154064644206,1.4648358220232634e-06,0.15806265716042242,0.0008204715393342789,25,10,0
43,8417,0.85491054577949,1.4646550714292853e-06,0.14299350651329013,0.002094483052147761,25,10,0
43,8418,0.8587177053604493,1.4644127428025256e-06,0.1391875860495297,0.002093244177277724,25,10,0
43,8419,0.8586426991594935,1.468596372215025e-06,0.13926323048335482,0.002092601760778929,25,10,0
43,8420,0.8698979355011138,1.2551729939378961e-06,0.12806936685400291,0.0020314424718889355,25,10,0
43,8421,0.8693598019450753,1.2551727774742217e-06,0.12860752302471168,0.002031419857435218,25,10,0
43,8422,0.8691123454963122,1.2551775672856298e-06,0.12885498024200925,0.002031419084111227,25,10,0
43,8423,0.85684106023005,1.2598759493892727e-06,0.14112499700121892,0.0020326828927816187,25,10,0
43,8424,0.8571919951415167,1.27182165989654e-06,0.1407740338438389,0.0020326991929846354,25,10,0
43,8425,0.8643064838212208,1.2696775781728854e-06,0.13365943047977644,0.0020328160214251657,25,10,0
43,8426,0.8646723505998648,8.544176651252384e-07,0.13329397998972148,0.0020328149927490817,25,10,0
43,8427,0.8638141220333004,8.364816371978749e-07,0.13414700323127213,0.0020380382537907994,25,10,0
43,8428,0.864328670439098,8.371010617189313e-07,0.13363244967959048,0.0020380427802504995,25,10,0
43,8429,0.864482349113808,8.385719069940936e-07,0.13347872487029194,0.0020380874439935885,25,10,0
43,8430,0.8646105891154866,8.385607677400942e-07,0.13335048577666064,0.002038086547085532,25,10,0
43,8431,0.849695343267936,8.246005572153764e-07,0.14827204487676465,0.0020317872547424122,25,10,0
43,8432,0.8786906834712882,7.555443178288549e-07,0.11965782933325354,0.0016507316511407192,25,10,0
43,8433,0.8679222837251577,8.827840959933002e-07,0.13039010504484982,0.0016867284458962572,25,10,0
43,8434,0.8676790351105238,8.910270950613131e-07,0.13063344375409364,0.0016866301082872537,25,10,0
43,8435,0.8676622372015863,8.915289015254101e-07,0.13065018283093768,0.0016866884385741332,25,10,0
43,8436,0.8463328611261665,0.00023516963069098593,0.15172532847305345,0.001706640770089809,25,10,0
43,8437,0.8461670300805936,0.00023516883264371316,0.151893745017882,0.001704056068881377,25,10,0
43,8438,0.8460042509617491,0.00023516919410521118,0.1520564988628537,0.0017040809812924836,25,10,0
43,8439,0.881836355422442,0.00023450098876407388,0.11658071836671591,0.0013484252220785213,25,10,0
43,8440,0.8817649021941429,0.00023450106681188146,0.11665217281103041,0.0013484239280154879,25,10,0
43,8441,0.8822004421811163,0.0002344888042346224,0.1162174522634653,0.0013476167511845682,25,10,0
43,8442,0.8705601402199057,0.00023449917444998966,0.1278581877978761,0.001347172807768586,25,10,0
43,8443,0.8827567808281543,0.00023449465425085845,0.11566281588138116,0.0013459086362138353,25,10,0
43,8444,0.8830548705307096,0.00023449141638240832,0.11536436037377788,0.0013462776791303838,25,10,0
43,8445,0.8846413907397966,0.00023448071148854141,0.11377811820928857,0.0013460103394262518,25,10,0
43,8446,0.8962883522319612,0.0002344732840975694,0.10213196997252204,0.0013452045114194066,25,10,0
43,8447,0.8954272372833482,0.00023447227919678825,0.10299272717440797,0.0013455632630473549,25,10,0
43,8448,0.8961483112744753,0.00023447181512602363,0.10227203158403851,0.0013451853263604869,25,10,0
43,8449,0.8959822334153311,0.00023447595590525786,0.102436888609783,0.001346402018980962,25,10,0
43,8450,0.8959750259147827,0.00023447586040194622,0.10244409639592802,0.0013464018288876372,25,10,0
43,8451,0.907037842902934,0.00023525236645890129,0.09137975738285958,0.0013471473477475282,25,10,0
43,8452,0.9060244755193587,0.00023558140286030635,0.0923927736429209,0.0013471694348600677,25,10,0
43,8453,0.9028370149917272,0.00023558349155578708,0.09557894076189663,0.0013484607548204651,25,10,0
43,8454,0.9030483578689337,0.00023557346064516209,0.09536769028090542,0.0013483783895158398,25,10,0
43,8455,0.8700829987153788,0.00023559760279095394,0.12833290068955303,0.001348502992277123,25,10,0
43,8456,0.8696677527732607,0.00023623119288446266,0.12874758528682648,0.0013484307470282583,25,10,0
43,8457,0.8694790976730887,0.00023623078312646776,0.12893627445922057,0.0013483970845642405,25,10,0
43,8458,0.8681252407136476,0.00023623176361767484,0.13029006225834602,0.0013484652643884674,25,10,0
43,8459,0.8550920251225742,0.00025236560006317016,0.14326687419345513,0.0013887350839075136,25,10,0
43,8460,0.8422223720103088,0.0002534546808584019,0.1561328384247193,0.0013913348841134462,25,10,0
43,8461,0.8366952045175927,0.0002537178976238732,0.1615787727024702,0.0014723048823126683,25,10,0
43,8462,0.83718191123423,0.00025308278362138893,0.1610931368197354,0.0014718691624127703,25,10,0
43,8463,0.8102682860471397,0.00025649188310379557,0.1879876281732808,0.0014875938964751412,25,10,0
43,8464,0.8107622966552158,0.00025649032744629144,0.18749412788312306,0.0014870851342142686,25,10,0
43,8465,0.8108490926061538,0.0002564876246399608,0.18740804294650407,0.0014863768227017585,25,10,0
43,8466,0.8107990444876634,0.0002564845987161552,0.1874581866492876,0.0014862842643326253,25,10,0
43,8467,0.8145219915508619,0.00025647951736612634,0.1837365517819406,0.0014849771498311013,25,10,0
43,8468,0.8145898269925224,0.00025648249497317544,0.18366871742148647,0.0014849730910176436,25,10,0
43,8469,0.8174144982059007,0.0002562244754655749,0.18092635195560086,0.0014029253630324548,25,10,0
43,8470,0.8262742252846971,0.0002562152161727253,0.17206673674317816,0.00140282275595185,25,10,0
43,8471,0.8262558579914169,0.00025622032049173204,0.17208507205699403,0.0014028496310972255,25,10,0
43,8472,0.8246093194976197,0.0002562556669933339,0.17373126014582307,0.0014031646895637118,25,10,0
43,8473,0.8240138641530642,0.0002562559194671039,0.1743217422906015,0.001408137636867068,25,10,0
43,8474,0.8240310323036566,0.00025625082790549884,0.17430460382777024,0.0014081130406673973,25,10,0
43,8475,0.855704321549271,2.1963887135645445e-05,0.14288551072533417,0.0013882038382591758,25,10,0
43,8476,0.8564215511929137,2.196747522244321e-05,0.14217222204267782,0.001384259289185989,25,10,0
43,8477,0.8568433347594762,2.1960952159443036e-05,0.14174843042607202,0.0013862738622925246,25,10,0
43,8478,0.8570639889526949,2.1961214705356743e-05,0.1415278287532583,0.0013862210793415472,25,10,0
43,8479,0.8521024623444055,2.1954756333800318e-05,0.14649102911193418,0.0013845537873266255,25,10,0
43,8480,0.8516164817388252,2.197297875696721e-05,0.1469769851116755,0.0013845601707422348,25,10,0
43,8481,0.8713206505524502,2.1971399068267276e-05,0.12854695553871312,0.00011042250976844142,25,10,0
43,8482,0.8651321348521401,2.197586997718872e-05,0.13473421300087177,0.00011167627701060993,25,10,0
43,8483,0.8655606672658507,2.1647494213307056e-05,0.13430584899519402,0.00011183624474145801,25,10,0
43,8484,0.8571628535734571,1.8897141872413447e-05,0.14272207859221328,9.617069245656013e-05,25,10,0
43,8485,0.8566159850854974,1.891837597307957e-05,0.14326366574785415,0.000101430790674746,25,10,0
43,8486,0.833694421265936,1.8918678153386617e-05,0.16618296366941998,0.00010369638649033034,25,10,0
43,8487,0.8515010114106333,2.00385275068624e-06,0.14843439169634867,6.259304026729222e-05,25,10,0
43,8488,0.850651470080543,2.003856470364804e-06,0.14928392922797667,6.259683501024157e-05,25,10,0
43,8489,0.8668869972335403,2.003864609925601e-06,0.13304840310174176,6.259580010765632e-05,25,10,0
43,8490,0.8969329649112829,6.135382753170941e-05,0.10293817307249477,6.750818869014228e-05,25,10,0
43,8491,0.9051897110000223,6.050190367258316e-05,0.09468492898255355,6.485811375099901e-05,25,10,0
43,8492,0.9053160710336244,6.050189085169843e-05,0.09455857123436759,6.485584115523246e-05,25,10,0
43,8493,0.889782613513551,6.047401337246168e-05,0.11009734349622745,5.956897684933739e-05,25,10,0
43,8494,0.8894673321067504,6.049283790095659e-05,0.11040949638237833,6.26786729704136e-05,25,10,0
43,8495,0.9118566853286305,6.0727694183769193e-05,0.08802127072037226,6.131625681318001e-05,25,10,0
43,8496,0.9113414627014365,6.0737976314381274e-05,0.0885364324203426,6.136690190644041e-05,25,10,0
43,8497,0.9361884760941453,6.0079347711371284e-05,0.06368808515326002,6.335940488332607e-05,25,10,0
43,8498,0.9300352327947511,6.007465745467917e-05,0.06984020919541382,6.448335238041136e-05,25,10,0
43,8499,0.9296018437476343,6.007117224151687e-05,0.07027458043911952,6.350464100458672e-05,25,10,0
43,8500,0.9365470869754428,6.007465436048829e-05,0.06017663057124814,0.0032162077989486416,25,10,0
43,8501,0.9252436873480977,6.0062919053045346e-05,0.07148515111573499,0.003211098617114173,25,10,0
43,8502,0.8899058117999225,6.0870410336964194e-05,0.09432313619540068,0.015710181594339595,25,10,0
43,8503,0.8896515428882711,6.087004614349913e-05,0.09457741416284242,0.01571017290274304,25,10,0
43,8504,0.8897237284450641,6.0864872087189666e-05,0.09450523596491428,0.01571017071793458,25,10,0
43,8505,0.8673905416029488,6.087255760980989e-05,0.11683856197924568,0.015710023860196282,25,10,0
43,8506,0.8905001407364753,6.086454042881964e-05,0.09372900787127739,0.015709986851818923,25,10,0
43,8507,0.8904414652544073,6.086481760074269e-05,0.0937876809512516,0.015709988976740398,25,10,0
43,8508,0.8908851282540138,6.086461955692372e-05,0.09334915757070786,0.0157048495557217,25,10,0
43,8509,0.8975638267676662,6.091172243349084e-05,0.08666815863863912,0.015707102871261914,25,10,0
43,8510,0.8978174520200942,6.091136548444849e-05,0.08641453460338862,0.01570710201103322,25,10,0
43,8511,0.8981428079241128,6.091099890261761e-05,0.08608917915081543,0.01570710192616969,25,10,0
43,8512,0.9041954384155152,6.090653765425643e-05,0.08003778128079393,0.015705873766036948,25,10,0
43,8513,0.9238761278209826,6.012090383866618e-05,0.07285410368406815,0.003209647591110425,25,10,0
43,8514,0.9301803904507447,6.0120665575356555e-05,0.06655101309188187,0.003208475791797713,25,10,0
43,8515,0.9262180882367785,6.0120757282043755e-05,0.0704404890433234,0.003281301962615526,25,10,0
43,8516,0.9225348364216036,6.053431908559827e-05,0.07412784532327811,0.0032767839360330455,25,10,0
43,8517,0.9211761911058223,6.0534457505488247e-05,0.07547781352530496,0.00328546091136762,25,10,0
43,8518,0.9208984977640593,6.053455402905616e-05,0.0757541355465618,0.003286832135350133,25,10,0
43,8519,0.9210781118702117,6.053450860858587e-05,0.0755757248724769,0.0032856287487029053,25,10,0
43,8520,0.9214931906082469,6.029953953176668e-05,0.07516175824198083,0.0032847516102407276,25,10,0
43,8521,0.9230900041467502,6.029965235203514e-05,0.07357353713471187,0.0032761590661858314,25,10,0
43,8522,0.9229309570028227,6.029983309688267e-05,0.07373254193290987,0.0032762012311707256,25,10,0
43,8523,0.9235465881616471,6.0299680606296995e-05,0.073116959084087,0.003276153073659355,25,10,0
43,8524,0.9227483939493564,6.0655113922851785e-05,0.07391391124151164,0.0032770396952090776,25,10,0
43,8525,0.9225336454576734,6.066976530257446e-05,0.07412853744007349,0.0032771473369502145,25,10,0
43,8526,0.9220898057123084,6.0678196021580475e-05,0.07457054745276341,0.0032789686389067593,25,10,0
43,8527,0.9260770091846662,6.049852667709837e-05,0.07062047157654205,0.003242020712114683,25,10,0
43,8528,0.9296550689627289,6.049483351656974e-05,0.07019714717548096,8.728902827341122e-05,25,10,0
43,8529,0.9297150388242436,6.049437610226049e-05,0.07013726357911274,8.720322054136921e-05,25,10,0
43,8530,0.9263698489751802,6.098993792008585e-05,0.0734808874275124,8.827365938702477e-05,25,10,0
43,8531,0.9248403624738237,6.1009621807142436e-05,0.07501009130786956,8.853659649958194e-05,25,10,0
43,8532,0.9251142510938205,6.1009520486752397e-05,0.07473757399851806,8.716538717481833e-05,25,10,0
43,8533,0.9180454305783321,1.6388341124379393e-06,0.08181487934142004,0.00013805124613611093,25,10,0
43,8534,0.9181557246178161,1.4006947722819892e-06,0.08170486666696485,0.000138008020447519,25,10,0
43,8535,0.917157653578968,1.37907494864283e-05,0.0826884340920561,0.00014012157949022016,25,10,0
43,8536,0.9105329105101552,1.5544390684186475e-06,0.0893267891123174,0.00013874593845985528,25,10,0
43,8537,0.9017079491512106,1.4129835930464603e-06,0.09815256977573567,0.00013806808946149998,25,10,0
43,8538,0.9044634135956034,9.19333856849747e-07,0.09539877660500216,0.00013689046553838166,25,10,0
43,8539,0.9044610720242302,9.195247010321973e-07,0.09540111751868874,0.0001368909323807922,25,10,0
43,8540,0.8912142787781359,9.125708587280082e-07,0.10864793282137225,0.00013687582963326598,25,10,0
43,8541,0.889709495419281,9.159712161495219e-07,0.11015183838650375,0.00013775022299925406,25,10,0
43,8542,0.8947685187958637,5.020198847125755e-07,0.10509331413687883,0.0001376650473729175,25,10,0
43,8543,0.8702676658479374,5.024855171565998e-07,0.12959415306812602,0.0001376785984195251,25,10,0
43,8544,0.8647092301393603,5.028806319197361e-07,0.1351485944558563,0.00014167252415119122,25,10,0
43,8545,0.8647074849349312,5.029917211110904e-07,0.1351503140180045,0.0001416980553431965,25,10,0
43,8546,0.8798539025068218,4.811272180985444e-07,0.120006731597998,0.0001388847679620311,25,10,0
43,8547,0.8934254912538223,4.777992723940168e-07,0.10643518169870955,0.00013884924819611055,25,10,0
43,8548,0.8931498563191931,4.882210268432725e-07,0.10671072866861278,0.00013892679116750748,25,10,0
43,8549,0.8967058721750498,4.846448098510563e-07,0.10314766370900554,0.000145979471134617,25,10,0
43,8550,0.8851635652804292,7.96862939167276e-07,0.11218142917750873,0.0026542086791227736,25,10,0
43,8551,0.8901228206852487,1.5433614806504944e-06,0.10721770308049644,0.002657932872773918,25,10,0
43,8552,0.8893614210776899,1.5549449083382622e-06,0.10797819749286829,0.0026588264845331324,25,10,0
43,8553,0.895413625949355,1.5430368622173452e-06,0.10192602929080405,0.002658801722977936,25,10,0
43,8554,0.8951133040289097,1.5428871268509657e-06,0.10222365051253007,0.0026615025714328004,25,10,0
43,8555,0.9011654674070538,1.682007639427149e-06,0.0962330456988402,0.0025998048864662336,25,10,0
43,8556,0.9019678760397651,1.6817972541865411e-06,0.09543343120545228,0.0025970109575281625,25,10,0
43,8557,0.9015467873307886,1.6820622047116219e-06,0.09585377509408156,0.002597755512924722,25,10,0
43,8558,0.9015433326974309,1.682380691909747e-06,0.09585721357633352,0.0025977713455437746,25,10,0
43,8559,0.886388329105478,1.726291982947512e-06,0.07162412186980642,0.04198582273273252,25,10,0
43,8560,0.8914382117793629,1.6825329156225805e-06,0.07276172219340792,0.03579838349431356,25,10,0
43,8561,0.8822623122593857,1.6661711220517127e-06,0.08190754796790342,0.035828473601588716,25,10,0
43,8562,0.876989510520017,1.706860299598706e-06,0.08404442297291069,0.038964359646772424,25,10,0
43,8563,0.876539802479864,1.7165475294275316e-06,0.08449414354308332,0.03896433742952322,25,10,0
43,8564,0.8764411639296259,1.716254088702896e-06,0.08459280858161898,0.03896431123466638,25,10,0
43,8565,0.8823928167948013,1.7162560874445121e-06,0.07864115610597201,0.0389643108431393,25,10,0
43,8566,0.8815366181386523,1.740791606952527e-06,0.07949212668349821,0.03896951438624265,25,10,0
43,8567,0.8815135564091657,1.700218461296812e-06,0.07631830287842759,0.04216644049394554,25,10,0
43,8568,0.8819199931661807,1.68962584757985e-06,0.07591195378650083,0.04216636342147091,25,10,0
43,8569,0.8858241466613422,1.6895423260267318e-06,0.07208062781339769,0.042093535982933965,25,10,0
43,8570,0.8796680552936575,5.071912963678092e-06,0.07780999903939931,0.04251687375397929,25,10,0
43,8571,0.8796920812387613,5.0719219405949e-06,0.07778594699021035,0.042516899849087596,25,10,0
43,8572,0.8914138340206748,1.6891448782808215e-06,0.06649493385978612,0.042089542974660714,25,10,0
43,8573,0.89140998055122,1.688368886602845e-06,0.06608890470884457,0.042499426371048886,25,10,0
43,8574,0.8914236618111208,2.7816587035287953e-06,0.06607921496550274,0.042494341564672966,25,10,0
43,8575,0.8915256462511911,2.781162795159974e-06,0.06597726776716689,0.04249430481884676,25,10,0
43,8576,0.8923522886603821,2.7696151098906066e-06,0.0651515264983008,0.04249341522620719,25,10,0
43,8577,0.8932909384110258,2.7559799697402607e-06,0.06421290936276193,0.042493396246242356,25,10,0
43,8578,0.8901759335993963,2.876568440992516e-06,0.0673267204728778,0.04249446935928465,25,10,0
43,8579,0.8890105320582314,4.241152424019742e-06,0.06848932585503423,0.04249590093431021,25,10,0
43,8580,0.8891178628394514,4.241328715354111e-06,0.06838201879539038,0.042495877036442815,25,10,0
43,8581,0.8944730832807574,4.407390749080615e-06,0.06298303906672889,0.04253947026176455,25,10,0
43,8582,0.8876727369873898,1.2324971676415664e-05,0.06973122662600889,0.04258371141492487,25,10,0
43,8583,0.8996085944053729,1.2317468767113087e-05,0.057795443499073604,0.04258364462678606,25,10,0
43,8584,0.9070989694404352,3.0354746657295523e-06,0.050360021152811456,0.04253797393208728,25,10,0
43,8585,0.9074829295585668,3.0359043183001616e-06,0.04997597295936152,0.0425380615777529,25,10,0
43,8586,0.9074885997136961,3.0329666608486794e-06,0.04997032835378632,0.04253803896585641,25,10,0
43,8587,0.9093376454590099,2.997618128892486e-06,0.048121656670526765,0.04253770025233425,25,10,0
43,8588,0.9021157826383945,3.1039290447706597e-06,0.05534315578069675,0.042537957651863495,25,10,0
43,8589,0.8879246711399058,3.2514316187697717e-06,0.06729025148103764,0.044781825947437154,25,10,0
43,8590,0.8878479338574157,3.2514382315597175e-06,0.06736698813113859,0.04478182657321363,25,10,0
43,8591,0.8876869718652284,3.2612594663961308e-06,0.06752789385561604,0.0447818730196883,25,10,0
43,8592,0.8838915381144261,3.265756174611771e-06,0.07132332520608305,0.044781870923315516,25,10,0
43,8593,0.881902761653416,3.2682556172968143e-06,0.0733119444021104,0.044782025688855503,25,10,0
43,8594,0.8834129081279801,2.5249851914883163e-06,0.071806193442554,0.04477837344427418,25,10,0
43,8595,0.8834081387082202,2.525080495162879e-06,0.07181096317415536,0.0447783730371292,25,10,0
43,8596,0.8908984798082062,2.4186684475625195e-06,0.06432172989413905,0.04477737162920675,25,10,0
43,8597,0.8935292212031726,2.4152848032117223e-06,0.06169177386616476,0.04477658964585904,25,10,0
43,8598,0.901278316859826,2.296892632370694e-06,0.053974153463330586,0.044745232784210956,25,10,0
43,8599,0.8905824009023106,2.297007138944291e-06,0.06466788327916272,0.04474741881138789,25,10,0
43,8600,0.8935561650933463,2.1767619692299733e-06,0.06169526169012421,0.044746396454560015,25,10,0
43,8601,0.8973652798599688,2.1720780100565144e-06,0.05788615128844112,0.044746396773580006,25,10,0
43,8602,0.897360004531422,2.1720645098395433e-06,0.05789143195916445,0.04474639144490367,25,10,0
43,8603,0.8974826291097115,2.1717934619173905e-06,0.05776883189756292,0.04474636719926358,25,10,0
43,8604,0.8963924342810055,2.1913129108744363e-06,0.058853806154709275,0.04475156825137444,25,10,0
43,8605,0.8962659631011107,2.1915018704341835e-06,0.05898022595913982,0.044751619437879135,25,10,0
43,8606,0.8959185126668626,2.196179556271816e-06,0.0593268598369653,0.04475243131661598,25,10,0
43,8607,0.8963021837081225,1.0785373196517024e-06,0.05894442295127462,0.04475231480328341,25,10,0
43,8608,0.8962975305146051,1.0795628869436388e-06,0.05894917120139897,0.04475221872110928,25,10,0
43,8609,0.892385486540434,1.077588495816465e-06,0.06286023189155682,0.044753203979513545,25,10,0
43,8610,0.9063802408535007,9.332895707299304e-07,0.05110947174397709,0.04250935411295154,25,10,0
43,8611,0.9113892300344882,7.668476622814461e-07,0.046144277428393304,0.04246572568945599,25,10,0
43,8612,0.9172720148500133,7.663356896212196e-07,0.0402626307893432,0.04246458802495372,25,10,0
43,8613,0.9172809300894873,7.671116946424654e-07,0.04068129339355564,0.04203700940526228,25,10,0
43,8614,0.8960757925698899,1.1578339200857798e-05,0.06187688134281477,0.042035747748094564,25,10,0
43,8615,0.8965195910583454,1.156863288988083e-05,0.061434379997768934,0.04203446031099541,25,10,0
43,8616,0.8965696651070962,1.1568628472096813e-05,0.0614810190355045,0.04193774722892705,25,10,0
43,8617,0.8965995686403574,1.1569273375089929e-05,0.0614482979690918,0.04194056411717593,25,10,0
43,8618,0.8965822112025009,1.1569472956181642e-05,0.06146560502425096,0.04194061430029205,25,10,0
43,8619,0.895905965590976,1.1670618039206025e-05,0.06211348824952041,0.041968875541464105,25,10,0
43,8620,0.8742456746283297,1.1569905960479537e-05,0.08379771927194346,0.04194503619376667,25,10,0
43,8621,0.8738786388822842,1.1575231682502305e-05,0.08416340042059746,0.04194638546543614,25,10,0
43,8622,0.8739390861551953,1.1865833998291938e-05,0.08410347232025223,0.041945575690554654,25,10,0
43,8623,0.869179381783995,1.1860305837236235e-05,0.08886258864071969,0.04194616926944862,25,10,0
43,8624,0.8687786120074548,1.1860490062322948e-05,0.08926325931393034,0.04194626818855294,25,10,0
43,8625,0.868846674178033,1.1852332106018912e-05,0.08919552417370488,0.04194594931615616,25,10,0
43,8626,0.8690784848787315,1.1842527045991317e-05,0.08896370301559725,0.04194596957862549,25,10,0
43,8627,0.882704086277808,3.2766140459702474e-05,0.07531544895238058,0.04194769862935178,25,10,0
43,8628,0.874108759059436,3.869040486758566e-05,0.08388254969529856,0.04197000084039784,25,10,0
43,8629,0.873169534354425,3.8690400374885925e-05,0.08482177283139226,0.04197000241380779,25,10,0
43,8630,0.8554317586972366,3.8731182711166007e-05,0.10255940223600722,0.041970107884044955,25,10,0
43,8631,0.8556233783279886,3.843682793383238e-05,0.10236806692846334,0.04197011791561425,25,10,0
43,8632,0.8502175026510034,3.8081421022163385e-05,0.1077738774559172,0.04197053847205672,25,10,0
43,8633,0.8495543310696686,3.8088422802207015e-05,0.10843522282414554,0.04197235768338339,25,10,0
43,8634,0.849123677264511,3.8088586324134066e-05,0.10886577108489642,0.041972463064268314,25,10,0
43,8635,0.8552372443135886,3.804802631302276e-05,0.10274871211618519,0.041975995543913465,25,10,0
43,8636,0.8549850076370344,3.804831733702186e-05,0.10300094513292614,0.04197599891270252,25,10,0
43,8637,0.8263238622273701,3.8072834999708744e-05,0.13166405350002802,0.04197401143760197,25,10,0
43,8638,0.8272690688437803,3.807284155746188e-05,0.13071885015824247,0.041974008156419745,25,10,0
43,8639,0.8612587592432627,3.804856625341027e-05,0.09672899701591793,0.04197419517456616,25,10,0
43,8640,0.8599558665894287,3.806821851967858e-05,0.09802663980380029,0.04197942538825148,25,10,0
43,8641,0.8601552691134526,3.8247247042474146e-05,0.09782675564580774,0.04197972799369729,25,10,0
43,8642,0.8610445054890192,3.822721247731906e-05,0.09694296264992985,0.04197430464857376,25,10,0
43,8643,0.8609014445987316,3.822731146184209e-05,0.09708559903047592,0.041974729059330994,25,10,0
43,8644,0.8628701361981609,3.8222659286138426e-05,0.0951169468474986,0.041974694295054425,25,10,0
43,8645,0.8572546871928662,3.823752336500305e-05,0.10073418093887626,0.04197289434489275,25,10,0
43,8646,0.8565901430388629,3.8238528434471015e-05,0.10139861121123507,0.04197300722146755,25,10,0
43,8647,0.8446149538013539,3.792231472941765e-05,0.11588077588214211,0.03946634800177463,25,10,0
43,8648,0.8344678479582042,3.792792262760745e-05,0.12602630668357095,0.039467917435597404,25,10,0
43,8649,0.8204426396434813,3.795858135317376e-05,0.14005143535858625,0.03946796641657914,25,10,0
43,8650,0.8201151162729691,3.796755160661638e-05,0.14037876280590741,0.039468153369516784,25,10,0
43,8651,0.8333784275324193,3.7937914898696515e-05,0.12707783560558858,0.03950579894709347,25,10,0
43,8652,0.817996388970724,3.792868889312377e-05,0.14245994788885658,0.03950573445152624,25,10,0
43,8653,0.8181343680224968,3.792887593367683e-05,0.14232195546753412,0.03950574763403513,25,10,0
43,8654,0.8278458686884038,3.7923174404742536e-05,0.13261194454941044,0.039504263587781085,25,10,0
43,8655,0.8279886722857189,3.7903661680385586e-05,0.13247436061851678,0.03949906343408388,25,10,0
43,8656,0.793850967702317,3.790479996287739e-05,0.16660132073453124,0.039509806763189464,25,10,0
43,8657,0.7934847582494355,3.79049949344428e-05,0.16696752582803254,0.0395098109275981,25,10,0
43,8658,0.8240131506695612,3.790829347970392e-05,0.13645034660333005,0.03949859443362888,25,10,0
43,8659,0.8299326046165107,3.7908390448000256e-05,0.13053219971712723,0.03949728727591386,25,10,0
43,8660,0.8299244754333363,3.790862718247596e-05,0.13054041444566708,0.039497201493814076,25,10,0
43,8661,0.8295431026463497,3.791072807887458e-05,0.13092176907375558,0.03949721755181581,25,10,0
43,8662,0.8136102872520321,3.793289497707298e-05,0.14685146576741784,0.039500314085572516,25,10,0
43,8663,0.8141124239947003,3.793196580372178e-05,0.1463494204717669,0.03950022356772867,25,10,0
43,8664,0.8198120377213001,3.7916556688518295e-05,0.1406508134505388,0.03949923227147231,25,10,0
43,8665,0.8200351727662867,3.791334134463128e-05,0.14042769885927636,0.039499215033091783,25,10,0
43,8666,0.8189960308473161,3.791350032351085e-05,0.14146427922259325,0.039501776429766426,25,10,0
43,8667,0.8155888609156414,3.792120968010353e-05,0.14484110533939393,0.039532112535283936,25,10,0
43,8668,0.830974425906463,3.792098003293537e-05,0.12945165772445996,0.039535995389043725,25,10,0
43,8669,0.8322026588139618,3.7919618519983834e-05,0.1282611236199696,0.03949829794754818,25,10,0
43,8670,0.8321538727110885,3.791883290853289e-05,0.1280925252000831,0.03971568325591936,25,10,0
43,8671,0.8329861670942316,3.7918077068905896e-05,0.12726037899694945,0.03971553583174965,25,10,0
43,8672,0.8331325366880523,3.791807140617764e-05,0.12711400513115104,0.039715540109389866,25,10,0
43,8673,0.8422645457600642,3.7935575406010276e-05,0.11798199189169914,0.03971552677283027,25,10,0
43,8674,0.8429311814067509,3.79032054147325e-05,0.11731544618170446,0.03971546920612947,25,10,0
43,8675,0.8368463817734701,3.790321833488972e-05,0.12340024514172039,0.03971546986647411,25,10,0
43,8676,0.8369189007842246,3.7902939947064976e-05,0.12332772717185474,0.039715469103973014,25,10,0
43,8677,0.8155525723122259,0.0002908618896788118,0.14444229326166133,0.03971427253643395,25,10,0
43,8678,0.8415382093099733,0.0002908461936337367,0.11845859785575087,0.03971234664064163,25,10,0
43,8679,0.8312090295488491,0.00029759244145921094,0.12874849097776916,0.03974488703192181,25,10,0
43,8680,0.831607217882024,0.00029759189427985003,0.1283543227497455,0.03974086747394998,25,10,0
43,8681,0.8339503719398731,0.00029759207791669974,0.12600998272749522,0.0397420532547145,25,10,0
43,8682,0.8439247497510892,0.00029096749705267457,0.11607418797377184,0.03971009477808571,25,10,0
43,8683,0.8443630832270899,0.00029096797971595793,0.11563581036905245,0.03971013842414108,25,10,0
43,8684,0.8423920848928168,0.0002907888295974456,0.11760740073848736,0.03970972553909766,25,10,0
43,8685,0.8424096048243517,0.0002907888324352227,0.11758988251157422,0.03970972383163811,25,10,0
43,8686,0.8418957799638926,0.00029078939272945986,0.11810054924059252,0.03971288140278493,25,10,0
43,8687,0.8418862292431208,0.00029078939287431274,0.11820691002245022,0.03961607134155412,25,10,0
43,8688,0.8424384536629341,0.00029078237637823924,0.11765649137144754,0.03961427258923988,25,10,0
43,8689,0.835293552742671,0.0002907998016599961,0.1246483257640165,0.039767321691652334,25,10,0
43,8690,0.8369751484026144,0.00029079969556343015,0.12296664697702185,0.03976740492480009,25,10,0
43,8691,0.8395136535723605,0.0002909773364546004,0.12038023750747437,0.039815131583710375,25,10,0
43,8692,0.8453992572370095,0.0002909830307817635,0.11449901884338702,0.039810740888821375,25,10,0
43,8693,0.8452619443077414,0.00029099303817167076,0.11463627578007776,0.03981078687400872,25,10,0
43,8694,0.8366285812124542,0.0002909932163037722,0.12326879235920715,0.03981163321203521,25,10,0
43,8695,0.8359895154946614,0.00029134475089115255,0.12390585977705411,0.03981327997739371,25,10,0
43,8696,0.8388745426302064,0.0002854209282070445,0.12104913576276333,0.039790900678823675,25,10,0
43,8697,0.839739410636532,0.000285419980611148,0.12018892786727607,0.03978624151558138,25,10,0
43,8698,0.8298311195054613,0.00028542009984988746,0.1300971811922352,0.039786279202453846,25,10,0
43,8699,0.8187064343585477,0.00028544780044752324,0.14122191956091026,0.039786198280094894,25,10,0
43,8700,0.8259897787199594,0.0002854302573965501,0.13409164615806143,0.03963314486458305,25,10,0
43,8701,0.8027003435919235,0.00028551049615993366,0.1573736888857586,0.03964045702615766,25,10,0
43,8702,0.8029334397595391,0.00028551001365522517,0.15714063767700323,0.039640412549802,25,10,0
43,8703,0.8069930778035007,0.00029552539271849454,0.15302194918309062,0.03968944762068964,25,10,0
43,8704,0.8413624165520649,0.0002954448463961633,0.11866363475490617,0.03967850384663298,25,10,0
43,8705,0.8336031446905797,0.00029563952395745646,0.12639688136465255,0.03970433442081048,25,10,0
43,8706,0.8425026895338685,0.0002956366365662185,0.11749682403183902,0.03970484979772612,25,10,0
43,8707,0.8384040847359657,0.00029563759925562084,0.1216256841683641,0.03967459349641485,25,10,0
43,8708,0.8461569211565317,0.0002954430261986808,0.11389884699339257,0.03964878882387697,25,10,0
43,8709,0.8463021741464911,0.0002954330172177911,0.11375367409311833,0.03964871874317273,25,10,0
43,8710,0.846310212831916,0.00029551531391221403,0.11372324080777657,0.039671031046395154,25,10,0
43,8711,0.8461364499514055,0.00029552089194008366,0.11389555689297262,0.039672472263681764,25,10,0
43,8712,0.8639130857897714,0.00026378627042248677,0.0961532140754539,0.03966991386435204,25,10,0
43,8713,0.8629738877672272,0.00026379069518221,0.09709124645063393,0.03967107508695663,25,10,0
43,8714,0.8468538309148869,0.00026381334635220137,0.11321117399715268,0.039671181741608316,25,10,0
43,8715,0.8467071666356124,0.0002638133443035551,0.11335781633272188,0.03967120368736237,25,10,0
43,8716,0.8475710813732753,0.00026364024216519696,0.11254291027228795,0.03962236811227174,25,10,0
43,8717,0.8544019752249309,1.068386178120337e-05,0.10596371631494239,0.03962362459834539,25,10,0
43,8718,0.8695697795687226,1.0681660867504221e-05,0.09079853110001639,0.039621007670393775,25,10,0
43,8719,0.8695470235216682,1.0681775320688949e-05,0.0908212854102686,0.039621009292742856,25,10,0
43,8720,0.871116038945712,1.072132006985538e-05,0.09388064639160008,0.03499259334261826,25,10,0
43,8721,0.8713124632738842,1.0716600402279125e-05,0.09368428065005734,0.03499253947565633,25,10,0
43,8722,0.8712135420660829,1.0721609755698415e-05,0.09378319655230737,0.03499253977185429,25,10,0
43,8723,0.878626876310348,1.0712939119652818e-05,0.08636994994062402,0.03499246080990867,25,10,0
43,8724,0.8467586111378034,6.156511240566202e-05,0.11820550312720522,0.034974320622586104,25,10,0
43,8725,0.846433523619157,6.158354289628599e-05,0.11852493521268948,0.03497995762525758,25,10,0
43,8726,0.8181008810449787,6.36647403450039e-05,0.14684520229525683,0.03499025191941936,25,10,0
43,8727,0.8328440758383843,6.368232331193997e-05,0.13210509749465824,0.03498714434364534,25,10,0
43,8728,0.8545476165131121,6.159681390736429e-05,0.1104137957566503,0.03497699091633022,25,10,0
43,8729,0.8546069337711506,6.159815504017211e-05,0.11035585699010611,0.03497561108370307,25,10,0
43,8730,0.8526453180826445,6.161702700189294e-05,0.11231743057246124,0.034975634317892274,25,10,0
43,8731,0.8824365928180788,1.0682705560127845e-05,0.08258132809595953,0.03497139638040224,25,10,0
43,8732,0.8826989881579853,1.0682416083001667e-05,0.08231893600781669,0.03497139341811566,25,10,0
43,8733,0.8985634801795966,1.0677666644563275e-05,0.06645446782334803,0.034971374330411004,25,10,0
43,8734,0.8987383804561602,1.0672653984118765e-05,0.06627954620963841,0.03497140068021756,25,10,0
43,8735,0.9145606980438586,1.0650035145682933e-05,0.05045735574910557,0.03497129617189024,25,10,0
43,8736,0.9142492255789928,1.0651117977201562e-05,0.0505767693846882,0.03516335391834184,25,10,0
43,8737,0.9142860179985571,1.0651296003105345e-05,0.05053995071079402,0.03516337999464572,25,10,0
43,8738,0.9107043002476274,1.0655785031855152e-05,0.054121670614397634,0.03516337335294332,25,10,0
43,8739,0.9107568070216296,1.0639448357617022e-05,0.054074716416720285,0.035157837113292595,25,10,0
43,8740,0.9114757160290062,1.0635409889191886e-05,0.05335559209029102,0.0351580564708138,25,10,0
43,8741,0.8719500432148659,2.2679099926905456e-05,0.09286821731809386,0.035159060367113075,25,10,0
43,8742,0.8712785800697336,2.295126125521808e-05,0.09353933672145029,0.03515913194756102,25,10,0
43,8743,0.8629613142496301,2.2950951366006498e-05,0.10185798508371344,0.035157749715290454,25,10,0
43,8744,0.8629882287496183,2.2944143665038073e-05,0.1018311001799598,0.03515772692675689,25,10,0
43,8745,0.8636318264247771,2.259289366746012e-05,0.1011894342148725,0.035156146466682955,25,10,0
43,8746,0.839109484408764,2.40838472523318e-05,0.12570990451504646,0.035156527228937466,25,10,0
43,8747,0.8509924609063646,2.4056130513988727e-05,0.11382697258614335,0.03515651037697834,25,10,0
43,8748,0.8502364968397558,2.4275585296565355e-05,0.1145793976569564,0.035159829917991624,25,10,0
43,8749,0.8503989464914352,2.4275126794101687e-05,0.11441832561812959,0.03515845276364151,25,10,0
43,8750,0.8566325647046931,2.4274504103531662e-05,0.10818472860232842,0.0351584321888754,25,10,0
43,8751,0.8652024264474037,2.42744269386681e-05,0.09961486795052397,0.035158431175133426,25,10,0
43,8752,0.8656847100649631,2.427403296005885e-05,0.09913258782327695,0.03515842807879983,25,10,0
43,8753,0.8657683809841238,2.4272654047014672e-05,0.09904892996062754,0.03515841640120167,25,10,0
43,8754,0.8662702598118327,2.4270493824335935e-05,0.09854705668116966,0.03515841301317336,25,10,0
43,8755,0.8904041062527105,2.2782945789002413e-05,0.07441503979531806,0.035158071006182394,25,10,0
43,8756,0.8906787478064707,2.2782948285794317e-05,0.0741403069376422,0.03515816230760118,25,10,0
43,8757,0.8905395837319121,2.2782623958201092e-05,0.07427945880732598,0.03515817483680368,25,10,0
43,8758,0.8907943231499558,2.2782461620294954e-05,0.07402474330802923,0.03515815108039483,25,10,0
43,8759,0.8805554276955218,2.2783207337613863e-05,0.08426366026375255,0.0351581288333881,25,10,0
43,8760,0.8993492754502624,2.3024090312665524e-05,0.09629625392307833,0.00433144653634648,25,10,0
43,8761,0.8909138791294263,2.3026147076672784e-05,0.10473164376363295,0.004331450959864592,25,10,0
43,8762,0.8907417262761546,2.3022898275407776e-05,0.10485325400315607,0.004381996822414511,25,10,0
43,8763,0.8910582538068752,2.2814915698649517e-05,0.10453943526532188,0.004379496012104835,25,10,0
43,8764,0.8911751721067382,2.2815188554494546e-05,0.10442251381334616,0.004379498891361836,25,10,0
43,8765,0.8908617239122192,2.281556977616858e-05,0.10473326337688914,0.004382197141116279,25,10,0
43,8766,0.8908699465805353,2.281529990991658e-05,0.10472504351649241,0.004382194603063228,25,10,0
43,8767,0.890597857513587,2.2815397494901985e-05,0.10499713160698405,0.004382195481934635,25,10,0
43,8768,0.8905776366919489,2.281550630052178e-05,0.10501998430884095,0.004379563492910318,25,10,0
43,8769,0.8926099429782284,3.961221362426648e-05,0.10297095900712527,0.004379485801022242,25,10,0
43,8770,0.8925336774458978,3.9491153171661165e-05,0.10304794112257541,0.0043788902783550784,25,10,0
43,8771,0.8921415984728867,3.9491689420630026e-05,0.10349062832369127,0.004328281514001304,25,10,0
43,8772,0.8921864722741651,3.9491305643586434e-05,0.10344584667875693,0.0043281897414341975,25,10,0
43,8773,0.9116299274557488,3.921038169439185e-05,0.08827749140865414,5.3370753902986425e-05,25,10,0
43,8774,0.9178452960010707,2.9194963794774382e-05,0.08212120789172069,4.30114341421091e-06,25,10,0
43,8775,0.9250197547068857,1.2772311501331335e-05,0.07496145301273867,6.019968875007436e-06,25,10,0
43,8776,0.9252932198087578,1.294987993336098e-05,0.07468581892564863,8.011385660822635e-06,25,10,0
43,8777,0.9256221727401999,1.2939106784508828e-05,0.07435761237365143,7.275779364608285e-06,25,10,0
43,8778,0.9265365606106752,1.2938342139589227e-05,0.07344322201950451,7.279027681019959e-06,25,10,0
43,8779,0.9256445327445119,1.3248116131194351e-05,0.0743335779110363,8.641228321174718e-06,25,10,0
43,8780,0.9244769779190808,1.3248108951064288e-05,0.07550122839576547,8.545576202982026e-06,25,10,0
43,8781,0.9215079679295084,1.335713589535752e-05,0.07846961652514416,9.058409452427212e-06,25,10,0
43,8782,0.9213979655337545,1.335723157826074e-05,0.07857961462276643,9.062611901453034e-06,25,10,0
43,8783,0.9215033165798816,1.3357139103569273e-05,0.07847426786347587,9.058417539536683e-06,25,10,0
43,8784,0.9214867489043022,1.3357522809651729e-05,0.07849083080122826,9.06277166034726e-06,25,10,0
43,8785,0.9236947464262804,1.3357586491706037e-05,0.07622165117492034,7.024481230815156e-05,25,10,0
43,8786,0.9045730104364531,4.6374861258167086e-05,0.09531032064596619,7.029405632239476e-05,25,10,0
43,8787,0.9146872314530876,4.638674432835826e-05,0.08519614481077604,7.02369918083198e-05,25,10,0
43,8788,0.9153777857449661,4.6307421868057864e-05,0.08450762056035004,6.828627281604135e-05,25,10,0
43,8789,0.9126500953278607,4.599777959752802e-05,0.0872369655203759,6.694137216596181e-05,25,10,0
43,8790,0.8836055764763873,4.5996650091925324e-05,0.1162777905271377,7.063634638351077e-05,25,10,0
43,8791,0.883563193454464,4.5999421641241186e-05,0.11631940324934366,7.140387455149083e-05,25,10,0
43,8792,0.9212530543822165,3.5726689173773e-05,0.07864055701817053,7.066191043958693e-05,25,10,0
43,8793,0.8872900443454498,3.571481231348513e-05,0.11260358347751756,7.06573647190632e-05,25,10,0
43,8794,0.8832270707082569,3.5718533697313827e-05,0.11666651989423496,7.069086381113879e-05,25,10,0
43,8795,0.8832229281469028,3.57185459624941e-05,0.11667066263793281,7.069066920212263e-05,25,10,0
43,8796,0.8867481970361184,3.572083690614163e-05,0.11314474587452361,7.133625245165409e-05,25,10,0
43,8797,0.8872742789075795,3.5720451348912336e-05,0.11261866918498152,7.133145609012357e-05,25,10,0
43,8798,0.8876825500642791,3.5720446661572e-05,0.11221039955192051,7.132993713918873e-05,25,10,0
43,8799,0.921746214813131,3.57197491809741e-05,0.07814674476890927,7.132066877882938e-05,25,10,0
43,8800,0.92201431491656,3.571871318544492e-05,0.0778785272730035,7.143909725129667e-05,25,10,0
43,8801,0.9234162456433751,3.5701232885974905e-05,0.0764767317458227,7.13213779166994e-05,25,10,0
43,8802,0.9235617300135236,3.5698774143857155e-05,0.07633191774586065,7.065346647232412e-05,25,10,0
43,8803,0.9272198219254818,3.5694281555661924e-05,0.07267387444007709,7.060935288579768e-05,25,10,0
43,8804,0.9272387800146943,3.569428060499087e-05,0.07265491652715042,7.060917755070274e-05,25,10,0
43,8805,0.928386368989133,3.5319904865876494e-05,0.07150948414919385,6.882695680795338e-05,25,10,0
43,8806,0.9287088743885207,3.532452574304169e-05,0.07118739355784928,6.840752788780118e-05,25,10,0
43,8807,0.9289444753212702,3.5186421712361204e-05,0.07095197474062515,6.836351639304934e-05,25,10,0
43,8808,0.9290653025862718,3.518633265148653e-05,0.0708311498917542,6.836118932327351e-05,25,10,0
43,8809,0.9288293157246437,3.518653366147339e-05,0.07106707024915965,6.84274925358891e-05,25,10,0
43,8810,0.922873209659987,3.518660162743677e-05,0.07702315689176559,6.844684662066646e-05,25,10,0
43,8811,0.9207104573056445,3.542606290310602e-05,0.079184545556556,6.957107489719127e-05,25,10,0
43,8812,0.9172775547632466,3.542620803887003e-05,0.0825513941857651,0.00013562484295007342,25,10,0
43,8813,0.9191945184195582,3.365504848683257e-05,0.08063646791182634,0.0001353586201294726,25,10,0
43,8814,0.9568052293858798,3.365413543446988e-05,0.043029186435161904,0.0001319300435246052,25,10,0
43,8815,0.9566847612727934,3.365422585582155e-05,0.04314828241678645,0.00013330208456479938,25,10,0
43,8816,0.9505605076466072,3.365463615605879e-05,0.04927247020938992,0.00013336750784747844,25,10,0
43,8817,0.950161845643717,3.365993582655901e-05,0.049671125870048155,0.00013336855040891864,25,10,0
43,8818,0.9501641056826727,3.365984977725334e-05,0.04966886389988235,0.00013337056766805094,25,10,0
43,8819,0.9502528056531575,3.365978356609843e-05,0.04958153512580504,0.0001319994374717436,25,10,0
43,8820,0.9490570306595317,3.36802620099564e-05,0.0507771087190193,0.0001321803594394085,25,10,0
43,8821,0.9492017845787644,3.367526993313919e-05,0.05063231084457816,0.00013222930672478875,25,10,0
43,8822,0.9494314960433359,3.367521372900769e-05,0.05040260072890791,0.00013222801402748492,25,10,0
43,8823,0.9495378547156831,3.36703184377932e-05,0.05029761246873583,0.00013086249714359832,25,10,0
43,8824,0.9506033857774664,3.3650045857153406e-05,0.0492319126245893,0.0001310515520875059,25,10,0
43,8825,0.951371662759282,3.3650092348118286e-05,0.04846356345889023,0.00013112368947989006,25,10,0
43,8826,0.9475941442886067,3.365473518047457e-05,0.052241050209387255,0.00013115076682567828,25,10,0
43,8827,0.9086789784005636,3.5093212511010204e-05,0.09115477264444471,0.00013115574248047723,25,10,0
43,8828,0.9132846484797654,3.4867847216891724e-05,0.08654451018077408,0.0001359734922434266,25,10,0
43,8829,0.9319219280897584,1.850921710160147e-06,0.06794029719872544,0.0001359237898054133,25,10,0
43,8830,0.9321430988118603,1.8674597207354939e-06,0.06771908616789443,0.000135947560523963,25,10,0
43,8831,0.9169662855275458,1.8846873199053401e-06,0.08288782074566395,0.00014400903946992192,25,10,0
43,8832,0.917088242257495,1.8843895128924307e-06,0.08276591299168976,0.00014396036130203714,25,10,0
43,8833,0.9139690499351388,1.888438646371067e-06,0.08588410992777368,0.00014495169844126857,25,10,0
43,8834,0.9143231468796001,1.8848663050407628e-06,0.08553090531954956,0.00014406293454486655,25,10,0
43,8835,0.8984312111547463,1.8879797705947866e-06,0.10126856719399,0.0002983336714934558,25,10,0
43,8836,0.8982315848741941,1.893115366977222e-06,0.10146770694987081,0.00029881506056835086,25,10,0
43,8837,0.8985823505429826,1.8926238197354904e-06,0.10111701173115227,0.00029874510204545406,25,10,0
43,8838,0.8671119891480223,1.9391779944491303e-06,0.1325881929634238,0.0002978787105594939,25,10,0
43,8839,0.8673780337173916,1.9345610159968322e-06,0.1323226306974824,0.000297401024110183,25,10,0
43,8840,0.8673830853223062,1.93457515871495e-06,0.13231757394261165,0.000297406159923678,25,10,0
43,8841,0.8669359896337258,1.9351350374137445e-06,0.13276473952107862,0.0002973357101584116,25,10,0
43,8842,0.8336382725893183,1.8260189115747202e-06,0.16606295117161823,0.0002969502201515357,25,10,0
43,8843,0.833706375021266,1.8266273281373742e-06,0.16599423023308396,0.00029756811832163765,25,10,0
43,8844,0.8526403256860388,1.804747800693013e-06,0.1470683908651161,0.0002894787010439569,25,10,0
43,8845,0.879915845420841,1.4871893562975334e-05,0.11977873737207703,0.0002905453135190146,25,10,0
43,8846,0.8797698430259067,1.4874707925342865e-05,0.11992468840411266,0.00029059386205526996,25,10,0
43,8847,0.8573105728131607,2.1293178481392285e-05,0.14155924484509888,0.0011088891632585786,25,10,0
43,8848,0.8574091823956771,2.1297596985215957e-05,0.14146159619426826,0.001107923813069007,25,10,0
43,8849,0.8234411984030692,2.1299582600849295e-05,0.17508418342552878,0.0014533185888016178,25,10,0
43,8850,0.7844891187896375,2.132714385697937e-05,0.21403610528900427,0.0014534487775017435,25,10,0
43,8851,0.780616475996426,2.1329695536317084e-05,0.2179074896336347,0.0014547046744024892,25,10,0
43,8852,0.7840543513314021,2.1329558070165758e-05,0.21453578548262278,0.0013885336279042082,25,10,0
43,8853,0.7887356344659113,2.132691554908103e-05,0.20985447546553396,0.0013885631530050862,25,10,0
43,8854,0.7887874989703502,2.1324179152536093e-05,0.2098029473438455,0.0013882295066513077,25,10,0
43,8855,0.7647409228211892,2.1502774136567186e-05,0.23115207496667112,0.0040854994380036804,25,10,0
43,8856,0.7871680745294287,1.5084094092500564e-05,0.20961084691460372,0.0032059944618743857,25,10,0
43,8857,0.7696131431684428,1.568651060635502e-05,0.22716211992890592,0.0032090503920451877,25,10,0
43,8858,0.7341671476685343,1.5415345575702156e-05,0.262608222784162,0.003209214201727895,25,10,0
43,8859,0.7164349077858736,1.5426515258325198e-05,0.28033756655778463,0.003212099141083241,25,10,0
43,8860,0.7198443097330813,1.3988901902177713e-05,0.27692304172438786,0.0032186596406294505,25,10,0
43,8861,0.7065591741083472,1.9105499931292413e-05,0.2888362085312188,0.004585511860503378,25,10,0
43,8862,0.7310137364925445,2.682853954430577e-05,0.2643798410676103,0.004579593900301338,25,10,0
43,8863,0.7691259867349554,2.6818806289502225e-05,0.22626772183193755,0.00457947262681798,25,10,0
43,8864,0.7666787973455361,2.6807829672923042e-05,0.2287130044872355,0.0045813903375556105,25,10,0
43,8865,0.7670898705590818,2.680735463562675e-05,0.2283018769394292,0.004581445146853419,25,10,0
43,8866,0.7783181059968041,2.6813521491586136e-05,0.21741673381917814,0.004238346662526602,25,10,0
43,8867,0.7681586523314415,2.6953679754893427e-05,0.22753798054013152,0.004276413448672664,25,10,0
43,8868,0.7682412778599776,2.6948456479578844e-05,0.22745538148463867,0.004276392198905003,25,10,0
43,8869,0.7683080626361023,2.6949135359726383e-05,0.22738857598605683,0.004276412242481821,25,10,0
43,8870,0.7853053893318481,2.6928908327708784e-05,0.21055151643016248,0.004116165329662596,25,10,0
43,8871,0.7986822520913865,2.1812210069993942e-05,0.19854664322398605,0.0027492924745581835,25,10,0
43,8872,0.7901675259479984,2.612646878724417e-05,0.20703656235496493,0.002769785228250143,25,10,0
43,8873,0.7651785312781705,2.9606495795667746e-05,0.2320218435315205,0.002770018694513734,25,10,0
43,8874,0.7653599643338542,2.9606591530583052e-05,0.23184038683330627,0.002770042241309291,25,10,0
43,8875,0.7704046213895162,1.6556241616603517e-05,0.22680837198357723,0.0027704503852903238,25,10,0
43,8876,0.7926380091501309,1.6548094997359166e-05,0.20457728745798082,0.0027681552968911245,25,10,0
43,8877,0.8026600736225582,8.825177606390443e-06,0.1945536799712794,0.002777421228556579,25,10,0
43,8878,0.8147783459392081,0.0001530522178743232,0.18227933442435038,0.0027892674185676864,25,10,0
43,8879,0.8033032095622681,0.0001530662561427478,0.19375433288435617,0.002789391297233759,25,10,0
43,8880,0.8377268528441054,0.00015306883062949362,0.1592001791859662,0.0029198991392986734,25,10,0
43,8881,0.8373532110364557,0.0001532313642490988,0.15957285504255395,0.002920702556741126,25,10,0
43,8882,0.8353954708413315,0.00015332173340034639,0.16152995981509793,0.0029212476101708206,25,10,0
43,8883,0.8456012698630846,0.0001531816555358729,0.1513623689384387,0.002883179542940833,25,10,0
43,8884,0.8486316072193739,0.00015317476570543412,0.1483339396781561,0.002881278336764711,25,10,0
43,8885,0.8460968207831183,0.00015745077840912576,0.1508251600952667,0.002920568343205686,25,10,0
43,8886,0.8457485005312246,0.00015745525960898665,0.1511726425501489,0.002921401659017535,25,10,0
43,8887,0.8458214415336536,0.0001574551559820728,0.15109970296908856,0.0029214003412759387,25,10,0
43,8888,0.8310707192664559,1.327048418664707e-05,0.16600071413674847,0.0029152961126090566,25,10,0
43,8889,0.8254047415099781,1.3112227540409423e-05,0.17166671208807338,0.002915434174408001,25,10,0
43,8890,0.8191857253291442,1.3141976603521664e-05,0.17788455448869558,0.0029165782055566784,25,10,0
43,8891,0.8304702239814469,1.3128113411004838e-05,0.16660019322300612,0.0029164546821358896,25,10,0
43,8892,0.8571420668700006,1.3084734076084521e-05,0.13993435770746918,0.0029104906884544713,25,10,0
43,8893,0.863133653508777,1.3054722076830844e-05,0.1339438287640411,0.002909463005105217,25,10,0
43,8894,0.8703693402242061,1.3062227550977043e-05,0.12671101596566092,0.002906581582582153,25,10,0
43,8895,0.8700607392534155,1.3062179013699202e-05,0.12702936782493343,0.0028968307426376827,25,10,0
43,8896,0.871678751169641,1.3059598733292491e-05,0.12554191580829083,0.002766273423335032,25,10,0
43,8897,0.8666717553171429,1.305402924711127e-05,0.1305478559270265,0.0027673347265838805,25,10,0
43,8898,0.8727146541527727,1.30497538345797e-05,0.12450592451275318,0.0027663715806402265,25,10,0
43,8899,0.8720685970146436,1.3065223385059317e-05,0.125151744214226,0.0027665935477460698,25,10,0
43,8900,0.8737721206101089,8.995222348114637e-06,0.12347223238592404,0.002746651781619109,25,10,0
43,8901,0.8639582753204368,8.995461433492137e-06,0.1332861856172533,0.0027465436008764434,25,10,0
43,8902,0.8742545529899839,8.995205779314839e-06,0.12298994110712945,0.0027465106971073993,25,10,0
43,8903,0.8611737290634646,9.141785012062828e-06,0.13140807875432522,0.0074090503971982425,25,10,0
43,8904,0.8616501330916735,9.141780049624064e-06,0.13093167132546035,0.007409053802816581,25,10,0
43,8905,0.8615828418806336,9.141716104095778e-06,0.13099902089915402,0.007408995504107876,25,10,0
43,8906,0.8582107296716562,1.4870367726294703e-05,0.13436362557313491,0.007410774387482277,25,10,0
43,8907,0.8584358011765157,1.487035613671679e-05,0.13413863229566092,0.007410696171686291,25,10,0
43,8908,0.8569371419736216,1.0623703560764784e-05,0.13568152603435682,0.007370708288460534,25,10,0
43,8909,0.8604969222934201,1.0798746176300882e-05,0.1321208477524756,0.007371431207927714,25,10,0
43,8910,0.8610862042846081,1.0784101069733017e-05,0.13153162528748544,0.00737138632683636,25,10,0
43,8911,0.8680042781094827,1.0590593992800466e-05,0.1246144274218169,0.007370703874707294,25,10,0
43,8912,0.8882258043318499,2.1188954007204927e-05,0.10435867626193572,0.007394330452206757,25,10,0
43,8913,0.8955516763355805,2.1545436416183663e-05,0.09703077111458441,0.007396007113418507,25,10,0
43,8914,0.8930779206696434,2.1664700025806715e-05,0.0995050040983749,0.007395410531955294,25,10,0
43,8915,0.8930910726136646,2.1664701619888105e-05,0.09949185254259083,0.007395410142124099,25,10,0
43,8916,0.8928465199431863,2.1664125859605803e-05,0.09973636055165086,0.0073954553793025716,25,10,0
43,8917,0.8865449253826588,2.1904303214230497e-05,0.1060365472300498,0.007396623084076677,25,10,0
43,8918,0.8934721451474539,2.1660150208106047e-05,0.09910866698991437,0.007397527712422982,25,10,0
43,8919,0.892891266030161,2.188586044623205e-05,0.09968899381908118,0.00739785429031117,25,10,0
43,8920,0.8976074800365674,2.1529609025016508e-05,0.09497484786406167,0.007396142490345514,25,10,0
43,8921,0.8989357641705511,2.152867188283102e-05,0.09364672724178674,0.0073959799157788265,25,10,0
43,8922,0.8989365156970657,2.152866140472203e-05,0.09364602412166086,0.007395931519868408,25,10,0
43,8923,0.9007898274991726,2.1583496326329675e-05,0.09179320371651566,0.007395385287984837,25,10,0
43,8924,0.9008174563316349,2.1583495779521908e-05,0.09176557834638847,0.007395381826196527,25,10,0
43,8925,0.9008268167430802,2.1583485567172574e-05,0.09175621916236264,0.007395380608989461,25,10,0
43,8926,0.8949343565994922,2.1588117599639754e-05,0.09765015141316986,0.007393903869738032,25,10,0
43,8927,0.8942533724353648,2.1588334191487333e-05,0.0983310517688298,0.0073939874616135845,25,10,0
43,8928,0.894022618229693,2.1348665845593396e-05,0.09856319175974765,0.007392841344713613,25,10,0
43,8929,0.9116619765352195,2.0751370012254887e-05,0.08077363310616073,0.007543638988607156,25,10,0
43,8930,0.922186996461877,6.673145103261818e-06,0.07028656624222111,0.00751976415079805,25,10,0
43,8931,0.9199118002994072,6.674353847317523e-06,0.07256158192229627,0.0075199434244488635,25,10,0
43,8932,0.9227647684144878,9.559363774476332e-07,0.06971606095852043,0.007518214690614117,25,10,0
43,8933,0.9167880780563018,9.63285583473353e-07,0.07563677730212516,0.007574181355989683,25,10,0
43,8934,0.9160364681778489,9.538258621274328e-07,0.07638835279491847,0.007574225201370622,25,10,0
43,8935,0.9173625980350121,9.525797476535486e-07,0.07506228409574515,0.007574165289495081,25,10,0
43,8936,0.9157768594304667,1.660577297759992e-06,0.0766415016975946,0.007579978294640893,25,10,0
43,8937,0.9157596252164757,1.6607590412840809e-06,0.07665869528561074,0.007580018738872644,25,10,0
43,8938,0.9406289182252785,1.4859452981094386e-06,0.0544854470994822,0.004884148729941395,25,10,0
43,8939,0.9417568417893456,1.4851843975908618e-06,0.053357616053282556,0.004884056972974366,25,10,0
43,8940,0.9417535639752898,1.4851860556583141e-06,0.05336089383402011,0.004884057004634783,25,10,0
43,8941,0.9419554919314059,1.4796382890482678e-06,0.053160376628709836,0.004882651801595329,25,10,0
43,8942,0.943332944098738,1.3905027767028853e-06,0.05178329774747521,0.004882367651010348,25,10,0
43,8943,0.9416256256606205,1.3900132504090492e-06,0.053490655766689314,0.004882328559440006,25,10,0
43,8944,0.941785512043562,1.3845352741404132e-06,0.05348462578491097,0.004728477636253021,25,10,0
43,8945,0.9420503220404892,1.3844318648192691e-06,0.05321981805611654,0.004728475471529628,25,10,0
43,8946,0.914170407553885,2.698261062956381e-06,0.08109215917722201,0.004734735007830015,25,10,0
43,8947,0.9183810639496095,2.5229497429671725e-06,0.07686198482050516,0.004754428280142168,25,10,0
43,8948,0.9124390437200849,2.5229571163170196e-06,0.08280400500071787,0.004754428322081333,25,10,0
43,8949,0.9124342173067241,2.5229478821134053e-06,0.08280883225371159,0.004754427491682475,25,10,0
43,8950,0.8736073999440558,2.5507090955823335e-06,0.12121140042351727,0.005178648923331067,25,10,0
43,8951,0.8687387312986274,2.558990847946039e-06,0.12608008519688554,0.0051786245136383,25,10,0
43,8952,0.8688735871185443,2.5592165714981736e-06,0.12594412562300034,0.005179728041882866,25,10,0
43,8953,0.8340711859840256,2.6065591871532706e-06,0.16074627164363137,0.005179935813154896,25,10,0
43,8954,0.8401703825947554,2.510165604529667e-06,0.154648016005104,0.0051790912345353905,25,10,0
43,8955,0.8384690225286614,2.540088389293781e-06,0.15607023574201717,0.005458201640931792,25,10,0
43,8956,0.8371112913742234,2.5458569330619452e-06,0.1574279207269734,0.005458242041869775,25,10,0
43,8957,0.8361154080320654,2.545843583577289e-06,0.158423891436007,0.0054581546883433855,25,10,0
43,8958,0.8233359609208084,2.5520418080581907e-06,0.169046968024188,0.0076145190131943685,25,10,0
43,8959,0.8228894343393104,2.551889615565954e-06,0.16949353020925964,0.007614483561813233,25,10,0
43,8960,0.8228664356163139,2.552364733078811e-06,0.16951649489114134,0.007614517127810517,25,10,0
43,8961,0.822870759038064,2.5523648922701625e-06,0.16951217148289888,0.0076145171141440895,25,10,0
43,8962,0.7993139471594063,2.5749021887017202e-06,0.19306695339194455,0.007616524546460945,25,10,0
43,8963,0.8050987615239275,2.56650941893951e-06,0.18728211358372993,0.007616558382923556,25,10,0
43,8964,0.7987714005147504,2.575110480698286e-06,0.19360726022234648,0.007618764152422509,25,10,0
43,8965,0.805300891581327,2.574609645500634e-06,0.18707779033971472,0.007618743469312617,25,10,0
43,8966,0.8052940044236646,2.5747985778005356e-06,0.18708467645104623,0.007618744326711201,25,10,0
43,8967,0.8058636370779246,2.5879224718995326e-06,0.1865152404121046,0.007618534587498961,25,10,0
43,8968,0.8053693813368114,2.5953248264002286e-06,0.18695209092217518,0.007675932416187271,25,10,0
43,8969,0.805345127713573,2.595925511135376e-06,0.18697627503975622,0.007676001321159824,25,10,0
43,8970,0.8060238936974935,2.5882846865858563e-06,0.18635491675007224,0.007618601267747938,25,10,0
43,8971,0.7960755506775158,2.786640451694221e-06,0.19630111169172543,0.007620550990307073,25,10,0
43,8972,0.8021749922509593,2.778061641851954e-06,0.1902037924564201,0.0076184372309787175,25,10,0
43,8973,0.8016339948479586,2.7792560004461876e-06,0.1908007530836878,0.007562472812352691,25,10,0
43,8974,0.8360189631415202,2.731139534213186e-06,0.15641606279855044,0.007562242920394778,25,10,0
43,8975,0.8488311947981004,2.723742586892043e-06,0.14578000798141727,0.005386073477894914,25,10,0
43,8976,0.8434303634433009,2.732202885364635e-06,0.15115425891913276,0.005412645434680757,25,10,0
43,8977,0.8482334564987319,2.7466835441768867e-06,0.14633870459302017,0.005425092224703467,25,10,0
43,8978,0.846235422865519,2.7478023259184624e-06,0.14833640088032196,0.005425428451832958,25,10,0
43,8979,0.8736403086941212,1.5866987084263417e-06,0.1209368090287149,0.005421295578455209,25,10,0
43,8980,0.8735048205767633,1.5867762926380233e-06,0.12107225137731803,0.00542134126962571,25,10,0
43,8981,0.8700185182935627,1.7011889752315365e-06,0.12449844580194838,0.00548133471551376,25,10,0
43,8982,0.8717067767342773,1.707078466489441e-06,0.1228103592268879,0.005481156960368419,25,10,0
43,8983,0.8771437966398804,1.6984201418250908e-06,0.11739996178610809,0.005454543153869776,25,10,0
43,8984,0.8779831807282952,1.6975609556348933e-06,0.11656067563398619,0.005454446076763128,25,10,0
43,8985,0.8842205771511772,1.5402696113914329e-06,0.11032425751279547,0.005453625066416052,25,10,0
43,8986,0.8479899270466299,1.5627045723271122e-06,0.1465549759309493,0.005453534317848579,25,10,0
43,8987,0.8478827306078902,1.5628403662949633e-06,0.14666215671218136,0.0054535498395623,25,10,0
43,8988,0.8545984096914823,1.5541131644219357e-06,0.13994649033794582,0.0054535458574075345,25,10,0
43,8989,0.8550756522337309,1.5540864377622425e-06,0.13946925240066602,0.005453541279165427,25,10,0
43,8990,0.8739509126940228,1.3995608713644166e-06,0.1252577710012436,0.0007899167438620333,25,10,0
43,8991,0.8755149769876244,1.3801375613685473e-06,0.12397142306642443,0.0005122198083895546,25,10,0
43,8992,0.8755273523385122,1.3799280912225512e-06,0.1239591443068025,0.000512123426593567,25,10,0
43,8993,0.8765306290328848,1.3799030905584506e-06,0.12295598422256587,0.0005120068414583486,25,10,0
43,8994,0.8717652521207468,1.388400009026044e-06,0.12772136761500164,0.0005119918642421979,25,10,0
43,8995,0.8719213767981125,1.3881397626852932e-06,0.1275652889136202,0.0005119461485041665,25,10,0
43,8996,0.8650581890634554,1.3697998083382741e-05,0.13441416740477366,0.0005139455336872204,25,10,0
43,8997,0.8675646281388667,1.2759812359700563e-05,0.13191563977422632,0.0005069722745468778,25,10,0
43,8998,0.8701225929434209,1.2739558005134452e-05,0.12937018201007405,0.0004944854884996398,25,10,0
43,8999,0.880013266348938,1.2531561707530777e-05,0.1194803448673925,0.0004938572219618236,25,10,0
43,9000,0.8824024561288683,1.2436588612203008e-05,0.11714597399169989,0.00043913329081936715,25,10,0
43,9001,0.8824225739603357,1.2435981631458963e-05,0.11712592650211331,0.00043906355591929563,25,10,0
43,9002,0.8824129874939034,1.2435992257771911e-05,0.11713551136119194,0.0004390651526469622,25,10,0
43,9003,0.8824221432493089,1.2435990360255694e-05,0.11712635606288138,0.00043906469744955706,25,10,0
43,9004,0.8824833024892732,1.2444694048921238e-05,0.11706250017626921,0.0004417526404088679,25,10,0
43,9005,0.8823009673171955,1.244526992484319e-05,0.11724481258636026,0.0004417748265193708,25,10,0
43,9006,0.8723571687064695,1.2440293181681988e-05,0.12719123427021226,0.0004391567301364905,25,10,0
43,9007,0.8705493040733306,1.2442147253142155e-05,0.1289989796710743,0.00043927410834208993,25,10,0
43,9008,0.8705491336949714,1.2442144509437081e-05,0.12899915040703347,0.0004392737534857491,25,10,0
43,9009,0.8707921438439579,1.2442149625543247e-05,0.1287561389470342,0.0004392750593823471,25,10,0
43,9010,0.8706561015778882,1.2452356860532566e-05,0.1288921244439306,0.00043932162132058017,25,10,0
43,9011,0.866399535085805,1.2455423927082949e-05,0.1331478684009024,0.00044014108936569693,25,10,0
43,9012,0.8596984957555385,2.5351687160560737e-05,0.1397745449685028,0.0005016075887980914,25,10,0
43,9013,0.865358066715213,2.532912576523525e-05,0.13394499394767023,0.0006716102113514148,25,10,0
43,9014,0.8831567187571665,2.5348955386357996e-05,0.11631805224966905,0.0004998800377785993,25,10,0
43,9015,0.8773675549965635,2.5363792123844105e-05,0.12210489714780716,0.0005021840635054439,25,10,0
43,9016,0.8620239779666323,2.5344362621046583e-05,0.13745376291723707,0.0004969147535095289,25,10,0
43,9017,0.8620281849237798,2.5337291137106402e-05,0.13744972138268682,0.0004967564023962459,25,10,0
43,9018,0.8602608886046588,2.5351207815271598e-05,0.13921219276549762,0.0005015674220279391,25,10,0
43,9019,0.8651700964271197,2.534209021474906e-05,0.13430302780186235,0.0005015336808030481,25,10,0
43,9020,0.8535451751385272,2.533550471645376e-05,0.1443765706090895,0.0020529187476667037,25,10,0
43,9021,0.8534942758223258,2.5336665567438405e-05,0.14442353995356946,0.0020568475585374607,25,10,0
43,9022,0.8528385689137157,2.5352914005843942e-05,0.1450791883002571,0.0020568898720214183,25,10,0
43,9023,0.8444619369354975,2.548863679326295e-05,0.15345501571862524,0.002057558709084162,25,10,0
43,9024,0.8446084600270009,2.5488602131760065e-05,0.15330847213973345,0.0020575792311341144,25,10,0
43,9025,0.8475747238139024,1.697835858182797e-05,0.15041122439854948,0.001997073428966219,25,10,0
43,9026,0.8588118821353015,1.6975007459027268e-05,0.14072547805925884,0.0004456647979803874,25,10,0
43,9027,0.8574730391685657,1.699210919227608e-05,0.14206896337562866,0.00044100534661331244,25,10,0
43,9028,0.857452260950108,1.699986532540329e-05,0.1420897171492665,0.00044102203530013836,25,10,0
43,9029,0.8515224556195479,1.700867203525674e-05,0.14801942529517204,0.0004411104132449968,25,10,0
43,9030,0.8515561769382919,1.7008400599109536e-05,0.1479870344042444,0.0004397802568646546,25,10,0
43,9031,0.8586134505905474,4.698177826978988e-06,0.14094412724056649,0.0004377239910591888,25,10,0
43,9032,0.8618508957468154,3.158969987885199e-07,0.1377111093242166,0.0004376790319691968,25,10,0
43,9033,0.8394685038603246,6.721461846675858e-07,0.16008926920278926,0.0004415547907020844,25,10,0
43,9034,0.8498361386665908,6.685338132910962e-07,0.14972168033508096,0.0004415124645149479,25,10,0
43,9035,0.851038953502878,6.669226815915076e-07,0.14851898433566738,0.00044139523877335636,25,10,0
43,9036,0.826183951681927,1.3596819141822717e-06,0.1733717009974511,0.0004429876387080216,25,10,0
43,9037,0.8261162710975768,1.3607796471012826e-06,0.17343937819291189,0.0004429899298645103,25,10,0
43,9038,0.8259748779938159,1.3522021837690237e-06,0.17358086750872012,0.00044290229528076263,25,10,0
43,9039,0.8084340576169727,1.3487246416609737e-06,0.19111656953414372,0.0004480241242419967,25,10,0
43,9040,0.8090578386352741,1.348566402877747e-06,0.19049271689352856,0.0004480959047942059,25,10,0
43,9041,0.8359880948716005,6.557291840148487e-07,0.16356475652472885,0.0004464928744868167,25,10,0
43,9042,0.8419095222469535,6.555925082694158e-07,0.15764330654880948,0.00044651561172948237,25,10,0
43,9043,0.8403845774647639,9.356807574803711e-07,0.1591665802423125,0.0004479066121669032,25,10,0
43,9044,0.8690353876943776,9.082097858537523e-07,0.1309400026874257,2.3701408411163933e-05,25,10,0
43,9045,0.8688928775779305,9.083289858169843e-07,0.1310824860285561,2.3728064527702328e-05,25,10,0
43,9046,0.8645270315185705,9.146065235782078e-07,0.13544700438957685,2.5049485329133805e-05,25,10,0
43,9047,0.9007278206783557,8.922404001519142e-07,0.09924619288455933,2.5094196685002256e-05,25,10,0
43,9048,0.8948039544286845,9.761393293571283e-07,0.10393711333404285,0.001257956097943386,25,10,0
43,9049,0.897286892840905,9.498114582617629e-07,0.10145406116216459,0.0012580961854721676,25,10,0
43,9050,0.9021536972744748,8.690202955010636e-07,0.09782016638251795,2.5267322711919515e-05,25,10,0
43,9051,0.9082093860193039,8.540743941763926e-07,0.09176682127522921,2.293863107265535e-05,25,10,0
43,9052,0.8971509959862674,8.41951284467226e-07,0.10266716282608986,0.00018099923635778577,25,10,0
43,9053,0.9195057273897745,4.857045321633382e-07,0.08031666330423155,0.00017712360146173074,25,10,0
43,9054,0.9185509448554228,5.058584654708667e-07,0.08127140080218216,0.00017714848392963746,25,10,0
43,9055,0.8962549818198191,5.360835759053204e-07,0.10355839035911903,0.00018609173748545258,25,10,0
43,9056,0.8964346270285849,5.346919286927902e-07,0.10338378260645972,0.00018105567302644236,25,10,0
43,9057,0.8964288531039695,5.346951015076682e-07,0.10338955610286105,0.00018105609806777652,25,10,0
43,9058,0.8966122568454835,5.454562807968835e-07,0.10320616531823257,0.00018103238000300527,25,10,0
43,9059,0.8908982508637128,5.45627466220451e-07,0.10892019302416824,0.00018101048465286206,25,10,0
43,9060,0.8961097674470884,5.654260546076201e-07,0.10370838684309376,0.00018128028376331954,25,10,0
43,9061,0.8797566809544912,5.654542481495727e-07,0.12005826943254498,0.0001844841587152591,25,10,0
43,9062,0.8587540592310842,0.0016476367384022342,0.13941447449899058,0.0001838295315227567,25,10,0
43,9063,0.8689286491829507,0.0016476363808087915,0.1292399008297317,0.00018381360650905596,25,10,0
43,9064,0.8608309412769679,0.0016477931924414743,0.13733659349611338,0.00018467203447697746,25,10,0
43,9065,0.8615484483461315,0.0016478264449305022,0.13661899503644923,0.00018473017248872678,25,10,0
43,9066,0.8374580217082291,0.0016479826659517713,0.1607087555703231,0.0001852400554954065,25,10,0
43,9067,0.8319831706902956,0.001647989535312355,0.16618356556388547,0.00018527421050661258,25,10,0
43,9068,0.8542156741946815,0.00164795360453572,0.1439613346270678,0.00017503757371489957,25,10,0
43,9069,0.8582898008769689,0.0016479507120817887,0.13988757833303167,0.00017467007791760263,25,10,0
43,9070,0.8586921532831885,0.0016479506417386256,0.13948514886775273,0.00017474720732018055,25,10,0
43,9071,0.8547899576628893,0.0016479553719734238,0.1433487743996133,0.0002133125655239768,25,10,0
43,9072,0.8505229902705532,0.0016570224684368214,0.14760680913260188,0.00021317812840800025,25,10,0
43,9073,0.8507085844980784,0.0016570223757219698,0.1474216686397677,0.0002127244864318012,25,10,0
43,9074,0.8574952074758894,0.0016579990916443699,0.14062953342894224,0.00021726000352398228,25,10,0
43,9075,0.857615413481932,0.001657991037955446,0.14050934860773656,0.00021724687237616289,25,10,0
43,9076,0.8754294747247569,0.001657573181926818,0.12269751284726803,0.0002154392460483306,25,10,0
43,9077,0.8387021649436237,0.0016588453428819138,0.15942343250607893,0.00021555720741562063,25,10,0
43,9078,0.8752719362759593,0.0016575731803554592,0.12285502553444802,0.00021546500923725666,25,10,0
43,9079,0.8727920505182227,0.001657802968796269,0.1253045940692113,0.00024555244377004167,25,10,0
43,9080,0.8766504861659896,0.0016577979283989978,0.1214847520872659,0.00020696381834581996,25,10,0
43,9081,0.8753521117715052,0.0016577992605683212,0.12277956748837053,0.00021052147955625714,25,10,0
43,9082,0.8753440715709437,0.0016577992735558474,0.12278621467835206,0.00021191447714852266,25,10,0
43,9083,0.8667318182698567,0.0016577841114165414,0.1313986034039218,0.00021179421480515789,25,10,0
43,9084,0.8513871116278423,0.001657795875392227,0.14673930661448384,0.00021578588228157576,25,10,0
43,9085,0.843618293451589,0.0016579962098234855,0.15297316821758522,0.001750542121002392,25,10,0
43,9086,0.844116458956329,0.0016579802516126802,0.15247369196381658,0.0017518688282416944,25,10,0
43,9087,0.8441297668689252,0.0016579802172135855,0.15246038665319475,0.0017518662606662513,25,10,0
43,9088,0.8449251703260962,0.0016579792551639403,0.15166853972228067,0.0017483106964590919,25,10,0
43,9089,0.8600276584111769,0.0016579460051156382,0.13656614152323462,0.001748254060472469,25,10,0
43,9090,0.8600472232759855,0.0016579460060812048,0.13654667231349188,0.0017481584044409058,25,10,0
43,9091,0.8587023812388764,0.0016579462513195994,0.1378913696198688,0.001748302889934486,25,10,0
43,9092,0.848617126707698,0.001657935863280718,0.14797801358282606,0.0017469238461948358,25,10,0
43,9093,0.8487423317246772,0.001657935793466054,0.14785274474315319,0.0017469877387031396,25,10,0
43,9094,0.8526752312170366,0.0016582003204388377,0.14185708435828304,0.003809484104240643,25,10,0
43,9095,0.8690909942931826,0.001658196925695397,0.1254413231387957,0.0038094856423256363,25,10,0
43,9096,0.8686975301125149,0.0016582020383758228,0.1258334664407715,0.00381080140833706,25,10,0
43,9097,0.8773684976330692,0.0016580398961174752,0.11716484381487931,0.0038086186559334006,25,10,0
43,9098,0.8890216700292736,0.0016580321941664,0.10567002287093757,0.0036502749056217315,25,10,0
43,9099,0.8940983534918984,0.0016580312099510313,0.1005932773909809,0.00365033790716904,25,10,0
43,9100,0.8908450436588784,0.0016580283283158443,0.1038479069710425,0.003649021041762574,25,10,0
43,9101,0.8906914181444069,0.0016580283197163374,0.10400153243370083,0.0036490211021752922,25,10,0
43,9102,0.8909710085787015,0.001658047448373816,0.10372188090226137,0.0036490630706626,25,10,0
43,9103,0.8540642777429884,0.00165804765764649,0.14062997808570676,0.0036476965136575793,25,10,0
43,9104,0.870834787000626,0.0016580484087906047,0.12386538597850104,0.0036417786120815938,25,10,0
43,9105,0.8720709854964567,0.0016580477339664412,0.12262930713000854,0.0036416596395676937,25,10,0
43,9106,0.8720668204854863,0.0016580477313590067,0.12263347251058272,0.003641659272571285,25,10,0
43,9107,0.8717048900863614,0.001658053389241969,0.12299361303542769,0.003643443488968182,25,10,0
43,9108,0.8721015281185148,0.001658053028518372,0.12259697616417307,0.0036434426887929803,25,10,0
43,9109,0.8756686480911356,0.0016578080308366913,0.11906021618169726,0.0036133276963297135,25,10,0
43,9110,0.8703694613277587,0.0016580033036357113,0.12435839521743278,0.003614140151172219,25,10,0
43,9111,0.8698865341051917,0.0016580040042905614,0.12483871909941222,0.0036167427911048392,25,10,0
43,9112,0.8702794618089357,0.0016579900219948656,0.12444588779431288,0.003616660374756345,25,10,0
43,9113,0.88378511772194,0.0016612356298661133,0.11094043323382996,0.0036132134143631407,25,10,0
43,9114,0.8682819140952286,0.0016614644197894277,0.12786499556081504,0.0021916259241666403,25,10,0
43,9115,0.8676717194140393,0.001661464437776408,0.12847518589602344,0.002191630252160669,25,10,0
43,9116,0.8676733891554701,0.0016614644401910159,0.12847356412246222,0.002191582281876429,25,10,0
43,9117,0.8676506743704716,0.0016614644677458907,0.12849627517937257,0.0021915859824098416,25,10,0
43,9118,0.868945984936122,0.0016582076801419587,0.12719684171180742,0.002198965671928581,25,10,0
43,9119,0.8681937050021362,0.0016582175564772616,0.1279568501776027,0.0021912272637837136,25,10,0
43,9120,0.8681905627680613,0.0016746203955140524,0.12794242964366448,0.002192387192760224,25,10,0
43,9121,0.8614341236500396,0.0018509467471140497,0.13452198106818788,0.0021929485346585914,25,10,0
43,9122,0.8666013289134155,0.0018507618035982214,0.12935581276263403,0.0021920965203519175,25,10,0
43,9123,0.8662075705600252,0.0018507560241968182,0.12974952733607142,0.0021921460797061677,25,10,0
43,9124,0.870680911664447,0.0018507550703949968,0.12527615498102138,0.002192178284136291,25,10,0
43,9125,0.8630347079551923,0.001851199150783451,0.1329218958982539,0.0021921969957698763,25,10,0
43,9126,0.8694174612601298,0.0016748733424102652,0.1267159112761678,0.0021917541212919125,25,10,0
43,9127,0.8690563565460465,0.0016750736548808544,0.12702370899987478,0.00224486079919727,25,10,0
43,9128,0.8675045519242769,0.0016750906232777501,0.12857102756369707,0.00224932988874761,25,10,0
43,9129,0.8666941577112293,0.0016752677179533682,0.12933316404159304,0.0022974105292236356,25,10,0
43,9130,0.866345294709415,0.0016752682733833179,0.12967233751792906,0.002307099499271938,25,10,0
43,9131,0.8635907057391741,0.0016750623105064926,0.13248202386085395,0.002252208089464887,25,10,0
43,9132,0.8637566863995519,0.0016750519580306252,0.1323161041010311,0.002252157541385793,25,10,0
43,9133,0.8639121626483183,0.0016750519298457853,0.13216066145527708,0.002252123966558725,25,10,0
43,9134,0.8673821361659521,0.0016750496862069694,0.12869069116689802,0.0022521229809427086,25,10,0
43,9135,0.8710114272315999,0.0016750496843468245,0.12506139963804613,0.0022521234460069054,25,10,0
43,9136,0.855393312996566,0.0016750612390948676,0.14067635470181541,0.0022552710625239124,25,10,0
43,9137,0.8611906128973336,0.001675053455418002,0.13488219276482985,0.0022521408824187896,25,10,0
43,9138,0.8659474752345332,0.001665966503309366,0.13013164223107604,0.0022549160310816885,25,10,0
43,9139,0.8724893189443783,0.0016657018508675018,0.12565259445183918,0.00019238475291506692,25,10,0
43,9140,0.8727679224745577,0.0016657016027373914,0.1253837299712371,0.00018264595146795526,25,10,0
43,9141,0.8604209302770908,0.001649451137729716,0.13770579999322868,0.00022381859195068254,25,10,0
43,9142,0.8703203676272702,0.0016494549953675291,0.12780558873533754,0.0002245886420247943,25,10,0
43,9143,0.8705532824511881,0.0016494544854002604,0.12757524990916277,0.00022201315424873338,25,10,0
43,9144,0.8697035144695042,0.0016494936260202145,0.1284204188643319,0.00022657304014349342,25,10,0
43,9145,0.8697291020207526,0.0016494863605159998,0.12839562437447682,0.0002257872442544233,25,10,0
43,9146,0.833009060845198,0.0016494707041480364,0.16512035657775836,0.00022111187289518993,25,10,0
43,9147,0.8089151994499525,0.001649486077631172,0.18921426446505163,0.00022105000736475172,25,10,0
43,9148,0.8091514067244718,0.001649485879430691,0.18897808532098673,0.00022102207511097072,25,10,0
43,9149,0.8088743572811744,0.0016494935345956446,0.18925404277964591,0.00022210640458429292,25,10,0
43,9150,0.8102521245000912,0.0016494827893515738,0.18787649887856037,0.00022189383199711172,25,10,0
43,9151,0.8101240576795794,0.0016494828783129064,0.18800456511335567,0.00022189432875204473,25,10,0
43,9152,0.8106366783590441,0.0016494825020900376,0.1874919482817659,0.00022189085709984125,25,10,0
43,9153,0.8087993371932727,0.0016495777569198098,0.18930344327751228,0.0002476417722950505,25,10,0
43,9154,0.8020426257582236,0.001655318271076794,0.196056331133174,0.0002457248375256527,25,10,0
43,9155,0.8017639595017804,0.0016553184596974305,0.1963336656807595,0.00024705635776253,25,10,0
43,9156,0.8022445210647091,0.001655145821473387,0.1959013585831496,0.0001989745306684152,25,10,0
43,9157,0.8016998057168132,0.0016562129245284813,0.19644495639399817,0.00019902496465996252,25,10,0
43,9158,0.8084618267828132,0.0016506937837386757,0.18968941129348735,0.00019806813996062133,25,10,0
43,9159,0.8094271208339766,0.0016506065308253962,0.18874981063138846,0.0001724620038092677,25,10,0
43,9160,0.8097707744254778,0.0016506185522363593,0.18840610689139542,0.00017250013089015786,25,10,0
43,9161,0.8113517644966722,0.0016495061012169196,0.1868314353559975,0.00016729404611282343,25,10,0
43,9162,0.804182035879645,0.0016497446531078895,0.19399982898916593,0.00016839047808132304,25,10,0
43,9163,0.8046978613346508,0.0016486775592312092,0.19348497879188728,0.00016848231423065665,25,10,0
43,9164,0.8046861189800683,0.001648677560877181,0.19349574573317027,0.00016945772588424846,25,10,0
43,9165,0.803626907837384,0.0016486795027457176,0.19455483357700704,0.00016957908286330763,25,10,0
43,9166,0.8044413347540781,0.0016486600984780748,0.1937406151639847,0.00016938998345947622,25,10,0
43,9167,0.802336701462766,0.0016487002597111134,0.19584511361222642,0.00016948466529710952,25,10,0
43,9168,0.802235976180627,0.0016486998454278152,0.19594480260961727,0.00017052136432866755,25,10,0
43,9169,0.8022164533912638,0.0016486997705846206,0.1959643251164167,0.00017052172173557989,25,10,0
43,9170,0.7985626735565882,0.0016487002501196807,0.19961454576221807,0.00017408043107472248,25,10,0
43,9171,0.7739587984466089,0.0016485452059850345,0.22424892225775278,0.0001437340896537316,25,10,0
43,9172,0.7744547997625628,0.001648323797007947,0.22375317797617708,0.00014369846425235874,25,10,0
43,9173,0.7451019373001223,0.0016484325205324976,0.2531060686273824,0.00014356155196330831,25,10,0
43,9174,0.7380004859132289,0.0016485426946374867,0.2602103591246886,0.00014061226744526437,25,10,0
43,9175,0.7372667898773885,0.0016485531831841047,0.26091292178679504,0.0001717351526326419,25,10,0
43,9176,0.7372471581211262,0.00164855328618091,0.260933502840759,0.00017078575193428734,25,10,0
43,9177,0.7372850195628132,0.001648554156760135,0.2608955768428154,0.00017084943761176336,25,10,0
43,9178,0.7393811835089068,0.0016485375303438494,0.25880380777766726,0.0001664711830828434,25,10,0
43,9179,0.7238892746780564,0.001648537736309071,0.27429571499993666,0.0001664725856983629,25,10,0
43,9180,0.7224624067404894,0.0016485783074061359,0.2757235073338399,0.00016550761826531046,25,10,0
43,9181,0.7314970342268363,0.001648809360714197,0.2666233107371455,0.00023084567530484102,25,10,0
43,9182,0.7691295593929582,0.0016487854528388138,0.22899080982476408,0.00023084532943938184,25,10,0
43,9183,0.7689510104152453,0.0016488020061215685,0.22916930663611917,0.00023088094251459847,25,10,0
43,9184,0.7688697466123864,0.0016487918200285359,0.2290544330291493,0.000427028538436474,25,10,0
43,9185,0.7626864787038159,0.00164880479056524,0.23523760672395955,0.0004271097816600921,25,10,0
43,9186,0.7246891085029163,0.0016501364298654602,0.2732335421688767,0.0004272128983423658,25,10,0
43,9187,0.750833884086044,0.0016500277927406731,0.2470888814357915,0.00042720668542448693,25,10,0
43,9188,0.7504032531816679,0.0016500274326236109,0.24751960867471,0.00042711071099934287,25,10,0
43,9189,0.7146215346111211,0.0016500722677020294,0.28295356421290496,0.0007748289082727788,25,10,0
43,9190,0.7337130585945291,0.0016500274950649772,0.26420980533901156,0.00042710857139524925,25,10,0
43,9191,0.7334589652280122,0.0016500475031431634,0.2644637792520659,0.0004272080167796666,25,10,0
43,9192,0.7566562624003111,0.0016496301995735476,0.24138144464464492,0.0003126627554714741,25,10,0
43,9193,0.7476683101452559,0.0016496401525323856,0.2503654021026925,0.00031664759952040406,25,10,0
43,9194,0.7452307670153825,0.0016496569737329408,0.2525783153201876,0.0005412606906981864,25,10,0
43,9195,0.7436681448075438,0.0016504814388952841,0.25413610267731374,0.0005452710762476832,25,10,0
43,9196,0.744185291351191,0.001650461437537494,0.2536191576748165,0.0005450895364555123,25,10,0
43,9197,0.7811971196265595,3.390127961900717e-06,0.21825694793004233,0.0005425423154365093,25,10,0
43,9198,0.7884676625015418,2.9514030939182285e-06,0.21098683729451914,0.0005425488008451266,25,10,0
43,9199,0.7871422916751992,2.949403760377919e-06,0.21232436970932858,0.000530389211711825,25,10,0
43,9200,0.7938382992073515,2.8354931767191606e-06,0.2056292418311837,0.0005296234682878204,25,10,0
43,9201,0.7934261080204797,2.823940843524515e-06,0.20603601418043496,0.0005350538582417545,25,10,0
43,9202,0.8019056168891053,2.8314129336285284e-06,0.19756032899471124,0.0005312227032496445,25,10,0
43,9203,0.802454983996007,2.8115883835939317e-06,0.19701108065308653,0.0005311237625225092,25,10,0
43,9204,0.8011357627633461,2.828000231916664e-06,0.19832581242832226,0.000535596808099721,25,10,0
43,9205,0.7973855991761521,2.712429316635396e-06,0.2020756016755748,0.0005360867189563709,25,10,0
43,9206,0.8243013490735005,2.712443966468739e-06,0.17515996646888687,0.0005359720136462294,25,10,0
43,9207,0.8245373074716192,2.7124483086571256e-06,0.17492398650073945,0.0005359935793326644,25,10,0
43,9208,0.825640900156545,2.6957461792275476e-06,0.17404501837829037,0.00031138571898545105,25,10,0
43,9209,0.8292467399646898,2.68713680879611e-06,0.17043991011502713,0.00031066278347422773,25,10,0
43,9210,0.8277333059590651,1.4030736700906172e-06,0.17195473188719881,0.0003105590800659508,25,10,0
43,9211,0.8394487372270015,1.403240996429649e-06,0.16023924832799297,0.000310611204009347,25,10,0
43,9212,0.8384751680504751,2.3780619093534642e-06,0.16121183532397182,0.00031061856364407794,25,10,0
43,9213,0.8449296937573986,2.146796038888683e-06,0.1548228812390646,0.0002452782074976952,25,10,0
43,9214,0.8463852943890346,2.1475474756635166e-06,0.15336263923279594,0.0002499188306940062,25,10,0
43,9215,0.8537942932068887,2.1472599436408234e-06,0.14595361105792012,0.0002499484752473222,25,10,0
43,9216,0.8382769509549527,2.3112200718530952e-06,0.1589787888030535,0.002741949021921412,25,10,0
43,9217,0.8011674008517542,2.2630484057006588e-06,0.19607892248494138,0.0027514136148984432,25,10,0
43,9218,0.7766075063008395,2.1776809324889606e-06,0.22062600944352176,0.002764306574706976,25,10,0
43,9219,0.7763026383953018,2.162406495320312e-06,0.22092478715985295,0.0027704120383510965,25,10,0
43,9220,0.7765623561464523,2.157258154457993e-06,0.22066642789788168,0.0027690586975126015,25,10,0
43,9221,0.7801687416945985,2.157164052154465e-06,0.2170600427942977,0.002769058347052499,25,10,0
43,9222,0.7828634755304522,2.152656705018347e-06,0.21436575049802792,0.0027686213148160883,25,10,0
43,9223,0.8055935579621422,2.155431773584391e-06,0.19158600662278982,0.002818279983296446,25,10,0
43,9224,0.806214220363097,2.114546787533662e-06,0.19097011865151672,0.0028135464386008905,25,10,0
43,9225,0.7921745105696297,2.1222946563415606e-06,0.20500985653333317,0.002813510602382532,25,10,0
43,9226,0.772977616206652,2.1328867403456946e-06,0.22420389053510043,0.002816360371508199,25,10,0
43,9227,0.7598084858630927,2.125216447910369e-06,0.2087184605567277,0.031470928363733414,25,10,0
43,9228,0.7797670600164713,1.9208967799223784e-05,0.18874142517989323,0.03147230583583736,25,10,0
43,9229,0.7813166640647694,1.9189627630447765e-05,0.18719211375381695,0.031472032553783995,25,10,0
43,9230,0.7846781738473189,1.9180508179465172e-05,0.18383144993752537,0.03147119570697719,25,10,0
43,9231,0.7859604019980873,1.9164122458570202e-05,0.18255376752666094,0.03146666635279396,25,10,0
43,9232,0.7823617901081564,1.916863966823359e-05,0.18615227807240264,0.03146676317977334,25,10,0
43,9233,0.8072798213749965,2.9016574948786417e-05,0.16117526395972334,0.031515898090332145,25,10,0
43,9234,0.7691244129977854,2.905590228181588e-05,0.1646672440864097,0.06617928701352334,25,10,0
43,9235,0.772710142130442,2.9051660192630094e-05,0.16107897626865317,0.06618182994071256,25,10,0
43,9236,0.7722543237357874,2.9051634026610656e-05,0.16153479642397098,0.06618182820621525,25,10,0
43,9237,0.791296478103265,2.906886426782696e-05,0.14249758043919303,0.06617687259327351,25,10,0
43,9238,0.7912297480507493,2.9073758854397568e-05,0.14256430400981276,0.06617687418058277,25,10,0
43,9239,0.7912400128728327,2.90736029010843e-05,0.14255405952956646,0.06617685399469891,25,10,0
43,9240,0.7779221946418847,2.8278490883807492e-05,0.15587654660038483,0.0661729802668462,25,10,0
43,9241,0.7774186823785719,2.8278497145954252e-05,0.15638005881605654,0.06617298030822524,25,10,0
43,9242,0.7715401429126739,3.871860745241969e-05,0.16224633520024753,0.06617480327962638,25,10,0
43,9243,0.7850084250591738,2.884715307739282e-05,0.1488370551945358,0.06612567259321273,25,10,0
43,9244,0.7858411105865448,2.8847039666689316e-05,0.14800437325035815,0.06612566912343008,25,10,0
43,9245,0.7807067876636975,2.792360839793027e-05,0.1523725744919411,0.06689271423596338,25,10,0
43,9246,0.7771829667495453,2.7970246837114182e-05,0.15612316601403153,0.06666589698958614,25,10,0
43,9247,0.7871942380221847,2.8379168297092097e-05,0.14859989341804752,0.0641774893914706,25,10,0
43,9248,0.8115167568131454,2.8687011483918747e-05,0.12420309549535304,0.06425146068001818,25,10,0
43,9249,0.8167840348264751,2.869779973145789e-05,0.11893572500817338,0.0642515423656206,25,10,0
43,9250,0.8169762530780471,2.8707531275985266e-05,0.11871024665880435,0.06428479273187322,25,10,0
43,9251,0.8167424735984712,2.8702930672438296e-05,0.11897226239561853,0.06425656107523853,25,10,0
43,9252,0.8226209405249288,1.826283547845422e-05,0.11310605804394376,0.06425473859564952,25,10,0
43,9253,0.8226829514099829,1.82583888166232e-05,0.11304905903251723,0.0642497311686838,25,10,0
43,9254,0.8227080337184433,1.8263227955172087e-05,0.11302397069107974,0.06424973236252236,25,10,0
43,9255,0.8327588534657874,1.8223103429873293e-05,0.10297340554152365,0.06424951788925984,25,10,0
43,9256,0.852638155729503,1.091868350975464e-06,0.08311256388982054,0.06424818851232575,25,10,0
43,9257,0.8525277171618316,1.0913275998924135e-06,0.08322305425427742,0.06424813725629129,25,10,0
43,9258,0.8315472437932968,3.454670131492055e-06,0.10420105171944177,0.06424824981712998,25,10,0
43,9259,0.8521951889966717,1.0940176351441455e-06,0.08355293380072401,0.06425078318496935,25,10,0
43,9260,0.8505353908623179,1.1016801561457799e-06,0.08520052012600983,0.06426298733151624,25,10,0
43,9261,0.8508568698300273,1.0961201706877377e-06,0.08488518826387201,0.06425684578593006,25,10,0
43,9262,0.850730819149055,1.0964750377196123e-06,0.08500989068705903,0.06425819368884836,25,10,0
43,9263,0.8599617661420974,1.096341405663492e-06,0.07577897497283592,0.06425816254366061,25,10,0
43,9264,0.8617544591645422,1.0884948448908768e-06,0.07400115528732909,0.06424329705328352,25,10,0
43,9265,0.8581355394244791,4.08332169630612e-06,0.0776165416771728,0.06424383557665153,25,10,0
43,9266,0.8239928705716518,4.16550068094747e-06,0.11175891957888899,0.0642440443487784,25,10,0
43,9267,0.8242440003252541,4.160957819503748e-06,0.11150769260783379,0.06424414610909279,25,10,0
43,9268,0.8088021462463881,4.323494100680154e-06,0.12445533837139339,0.06673819188811791,25,10,0
43,9269,0.8113854330525395,4.335345805705859e-06,0.1461244950345865,0.042485736567068395,25,10,0
43,9270,0.8113667197972696,4.335682008867636e-06,0.14614320881136172,0.042485735709359665,25,10,0
43,9271,0.8113706763245031,4.545324806070494e-06,0.1461383126672828,0.042486465683408296,25,10,0
43,9272,0.8118349385660631,4.5456915815853466e-06,0.14567395446758977,0.042486561274765695,25,10,0
43,9273,0.8093714429026965,4.601361282077809e-06,0.14813233557359515,0.04249162016242652,25,10,0
43,9274,0.8020579341965752,4.606626754382366e-06,0.15544438702358862,0.04249307215308188,25,10,0
43,9275,0.8128594923471617,4.273505497481044e-06,0.1447304513024492,0.042405782844891854,25,10,0
43,9276,0.8146148001509669,4.2565921665938495e-06,0.14297398102697106,0.0424069622298959,25,10,0
43,9277,0.8143430087022148,4.2570218918447425e-06,0.14324577027497404,0.04240696400091985,25,10,0
43,9278,0.8144674438316224,4.257006502790032e-06,0.14312133602120006,0.042406963140675186,25,10,0
43,9279,0.8138515289954746,4.277264232198482e-06,0.1437426970807554,0.04240149665953826,25,10,0
43,9280,0.8120559256707197,4.238738086513374e-06,0.14057577638856775,0.04736405920262631,25,10,0
43,9281,0.8262353592254993,4.23584457375434e-06,0.12644595808841405,0.04731444684151354,25,10,0
43,9282,0.8334963327669452,4.0885821673600275e-06,0.11529838162819026,0.05120119702269787,25,10,0
43,9283,0.814993936254666,4.089062560140262e-06,0.13379953690443008,0.05120243777834447,25,10,0
43,9284,0.7785147143812222,4.086185579608219e-06,0.16992976852595976,0.05155143090723773,25,10,0
43,9285,0.7770366778515353,1.091374579737625e-06,0.17141133802339134,0.051550892750492204,25,10,0
43,9286,0.7770360862996343,1.0905915217906077e-06,0.17109470880114067,0.051868114307701794,25,10,0
43,9287,0.7782803455560999,1.0705077108525264e-06,0.1698503979461476,0.051868185990040186,25,10,0
43,9288,0.7670878980434049,8.26587148238326e-06,0.18103442048466697,0.05186941560044318,25,10,0
43,9289,0.7859861903214569,8.2652814170025e-06,0.1621373717116366,0.05186817268548884,25,10,0
43,9290,0.7903149058195024,8.00869958663524e-06,0.15781009553518266,0.05186698994572869,25,10,0
43,9291,0.8078473912922416,8.008335749604702e-06,0.14028337383879175,0.05186122653321765,25,10,0
43,9292,0.7917709043598671,1.5796605384727953e-05,0.1563162227293047,0.05189707630544374,25,10,0
43,9293,0.7918902455831567,1.579659752064511e-05,0.15619688157755732,0.05189707624176569,25,10,0
43,9294,0.7924721332171675,1.5796091192078536e-05,0.15561498639736876,0.051897084294272026,25,10,0
43,9295,0.80369267002347,8.600711801278053e-06,0.14440305888783095,0.05189567037689839,25,10,0
43,9296,0.8037088719443004,8.600614438906519e-06,0.14438685874840163,0.05189566869285947,25,10,0
43,9297,0.8337638576745116,8.585637683311481e-06,0.11873690577037661,0.047490650917429045,25,10,0
43,9298,0.8339932330400985,8.590957772439428e-06,0.11850747428108273,0.04749070172104669,25,10,0
43,9299,0.8341061346385255,8.59096559765292e-06,0.12472327737328913,0.04116199702258825,25,10,0
43,9300,0.8337762891644409,8.591435991633822e-06,0.1250476599245827,0.04116745947498513,25,10,0
43,9301,0.8255455786850209,1.3977276527970793e-05,0.13324734607368519,0.04119309796476608,25,10,0
43,9302,0.8254356784611254,1.400714727203446e-05,0.14104191580345257,0.03350839858815038,25,10,0
43,9303,0.8252321719161554,1.40065961382819e-05,0.14124554722380225,0.033508274263904514,25,10,0
43,9304,0.8244719684601043,1.3950813516338885e-05,0.14201089448107793,0.033503186245302095,25,10,0
43,9305,0.8246025084371946,1.3945119201978562e-05,0.14188036741537674,0.03350317902822732,25,10,0
43,9306,0.8577028427059988,1.3862993452189964e-05,0.1087803172381409,0.0335029770624084,25,10,0
43,9307,0.8650253003559958,1.3853281564349563e-05,0.10145930151530307,0.033501544847137264,25,10,0
43,9308,0.8685662293507854,1.3863663909166781e-05,0.09791435927889557,0.0335055477064101,25,10,0
43,9309,0.8574478750828017,4.965951295149726e-05,0.10975794599458503,0.032744519409661964,25,10,0
43,9310,0.8787113006794521,4.187122919142679e-05,0.08853815843441928,0.03270866965693646,25,10,0
43,9311,0.8622484810420076,4.1895368872949836e-05,0.10500095203845779,0.032708671550661504,25,10,0
43,9312,0.8587879528264035,4.216056090004113e-05,0.10846037634701557,0.032709510265680655,25,10,0
43,9313,0.858498866868377,4.217026269699438e-05,0.1087493214598481,0.03270964140907734,25,10,0
43,9314,0.8500446269094512,6.689740863110916e-06,0.11714381134000013,0.03280487200968476,25,10,0
43,9315,0.8499802897225434,6.689287609901463e-06,0.11720822237550851,0.03280479861433731,25,10,0
43,9316,0.8472081581818119,6.689572466563168e-06,0.11997942179870522,0.032805730447015485,25,10,0
43,9317,0.8555062938935692,1.303472376903844e-06,0.11171235872220311,0.03278004391184987,25,10,0
43,9318,0.8556485105275824,1.3034622188522168e-06,0.11157014724677902,0.03278003876341875,25,10,0
43,9319,0.8517320182360656,1.5770273324163075e-06,0.115486355782344,0.032780048954257006,25,10,0
43,9320,0.8516563933442849,1.5721624457994816e-06,0.11556205052882629,0.03277998396444221,25,10,0
43,9321,0.8515770500946619,1.577218303402472e-06,0.11564138205798441,0.03277999062904938,25,10,0
43,9322,0.8522868548728748,1.5790964827468175e-06,0.11528320938368262,0.0324283566469592,25,10,0
43,9323,0.8520930816825054,1.5791974127621956e-06,0.11547695722042427,0.03242838189965722,25,10,0
43,9324,0.8515514078432216,1.6136745792499329e-06,0.11601843058090537,0.03242854790129361,25,10,0
43,9325,0.8520350366097831,1.6136629409890875e-06,0.1155348009681828,0.03242854875909288,25,10,0
43,9326,0.8517504131092112,1.6137619757905229e-06,0.11581940074403559,0.03242857238477713,25,10,0
43,9327,0.8545220671065777,1.6134772062281087e-06,0.11304867968623858,0.03242763972997713,25,10,0
43,9328,0.855065184736904,1.5789414893937552e-06,0.11250576298624282,0.032427473335363485,25,10,0
43,9329,0.8547497743882494,1.5789450085636418e-06,0.1128211732918518,0.03242747337488987,25,10,0
43,9330,0.8392842373731191,1.6016120098316924e-06,0.12828767192777,0.03242648908710081,25,10,0
43,9331,0.8443974463139687,1.1311290452696238e-06,0.12315148436598651,0.03244993819099919,25,10,0
43,9332,0.8442686780339669,1.1069993983737451e-06,0.12328027700517548,0.032449937961458675,25,10,0
43,9333,0.8435139472720065,1.1069490295810898e-06,0.12403499905270488,0.03244994672625882,25,10,0
43,9334,0.8716406629964262,1.305853854848925e-06,0.09588140822527849,0.03247662292444002,25,10,0
43,9335,0.8714824881362265,1.2961591477408981e-06,0.09603972385059882,0.03247649185402623,25,10,0
43,9336,0.8714059460629988,1.2963216104405654e-06,0.09611626710936859,0.032476490506021506,25,10,0
43,9337,0.8334394135212766,1.3059380010905003e-06,0.13408030477746544,0.03247897576325548,25,10,0
43,9338,0.8335914639122489,1.305692095972817e-06,0.13392825454759286,0.032478975848060976,25,10,0
43,9339,0.8337966357483475,1.305710358325264e-06,0.13372308006721612,0.03247897847407687,25,10,0
43,9340,0.8340081277899642,1.3061058451150247e-06,0.133511411553801,0.03247915455038868,25,10,0
43,9341,0.8341085726920803,1.3062577736942942e-06,0.1334100728831799,0.032480048166965224,25,10,0
43,9342,0.8340749985017071,1.3062862633358364e-06,0.13344364693140787,0.0324800482806208,25,10,0
43,9343,0.8382785377577693,1.306541338515242e-06,0.1292400407470922,0.0324801149537995,25,10,0
43,9344,0.8373255114854488,1.3064778019591134e-06,0.13019306290556074,0.032480119131187896,25,10,0
43,9345,0.8519962655337174,1.2968612818019884e-06,0.11552480398469679,0.03247763362030337,25,10,0
43,9346,0.8515661461897038,1.3054199845688338e-06,0.11595028329084194,0.032482265099469075,25,10,0
43,9347,0.8400722067342004,1.2609748300282533e-05,0.1274330599160346,0.03248212360146413,25,10,0
43,9348,0.8557059352276226,1.2576474516790405e-05,0.11180244252733765,0.032479045770522325,25,10,0
43,9349,0.8558251345950753,1.27011227005959e-05,0.11165159835863779,0.0325105659235858,25,10,0
43,9350,0.8552178512545854,1.2701721030624747e-05,0.11225871717640387,0.03251072984797952,25,10,0
43,9351,0.8550372736001154,1.270142969229726e-05,0.11244468525424317,0.0325053397159485,25,10,0
43,9352,0.8533538027564121,1.2709677392720755e-05,0.11412810540679147,0.03250538215940317,25,10,0
43,9353,0.8577044018451003,1.2436095225466837e-05,0.10977783728954744,0.03250532477012618,25,10,0
43,9354,0.8573126748667125,1.2436039453190891e-05,0.11016956215405958,0.03250532693977412,25,10,0
43,9355,0.8589132225947893,1.2435077151860686e-05,0.10856917573025734,0.03250516659780098,25,10,0
43,9356,0.8821782091917327,1.2435102132143189e-05,0.08530418989829146,0.03250516580784326,25,10,0
43,9357,0.8817695260506805,1.2443722358435054e-05,0.0857127697531037,0.03250526047385691,25,10,0
43,9358,0.8895835162503335,1.242846517597303e-05,0.08427562154824429,0.026128433736246133,25,10,0
43,9359,0.8845378330115399,1.1242578249621615e-06,0.08933266370088949,0.02612837902974519,25,10,0
43,9360,0.8845079129602577,1.1242485843936239e-06,0.08936248462572063,0.02612847816543691,25,10,0
43,9361,0.8837658230285864,1.1244754462627779e-06,0.08976918437609233,0.02646386811987462,25,10,0
43,9362,0.8836698881980888,1.1429614612473836e-06,0.08986501192256618,0.02646395691788338,25,10,0
43,9363,0.8831879910041054,1.4355115993100845e-06,0.09034658268659992,0.026463990797694934,25,10,0
43,9364,0.8826021551843707,1.1429332110935726e-06,0.09093275058248589,0.026463951299932,25,10,0
43,9365,0.8942210793350834,1.1426727927123995e-06,0.07931389376379,0.026463884228333855,25,10,0
43,9366,0.8941140403601121,1.1444109789659759e-06,0.07942090613165319,0.02646390909725573,25,10,0
43,9367,0.884848985399672,1.1519451915189376e-06,0.08868595790809662,0.02646390474703973,25,10,0
43,9368,0.8852248794768305,1.2486970553839177e-06,0.07736158139952075,0.03741229042659346,25,10,0
43,9369,0.885517746883159,1.2486590917108948e-06,0.07706871120027299,0.037412293257476234,25,10,0
43,9370,0.8843199658136698,1.242413782662625e-06,0.07826590815449536,0.03741288361805223,25,10,0
43,9371,0.8813619543708856,1.3016186200287658e-06,0.08122329627248394,0.037413447738010606,25,10,0
43,9372,0.8764243208193564,1.3036757696829559e-06,0.08610580680655808,0.037468568698316114,25,10,0
43,9373,0.8769618307037753,1.2011743888524962e-06,0.0855954678360686,0.037441500285767565,25,10,0
43,9374,0.8803361838569614,1.1988010063894364e-06,0.08222175041222318,0.037440866929809226,25,10,0
43,9375,0.8803349081473177,1.1983809117060233e-06,0.08222296455696952,0.03744092891480114,25,10,0
43,9376,0.8536066021551322,1.231272043021104e-06,0.10894228246664193,0.03744988410618291,25,10,0
43,9377,0.8249759748741152,1.2331457632779225e-06,0.13757291669609167,0.037449875284029294,25,10,0
43,9378,0.8254654965353366,1.2329733006481105e-06,0.13708346749933786,0.03744980299202443,25,10,0
43,9379,0.8250815352927916,1.1071128644281009e-06,0.13471391077348238,0.040203446820861355,25,10,0
43,9380,0.8327705119698271,9.067699251734974e-07,0.1270517911913689,0.04017679006887846,25,10,0
43,9381,0.824555336302841,9.940207716276258e-07,0.13530199491271028,0.04014167476367744,25,10,0
43,9382,0.8237098989337777,9.947352394893369e-07,0.13614817676106947,0.04014092956991372,25,10,0
43,9383,0.8237162638052337,9.94744272571885e-07,0.13614181147596877,0.04014092997452505,25,10,0
43,9384,0.824258971565838,1.0064379127834742e-06,0.13560302414769942,0.04013699784854978,25,10,0
43,9385,0.824129288818048,9.983120917762955e-07,0.13573160091051617,0.04013811195934427,25,10,0
43,9386,0.8506121099408983,9.654132097575999e-07,0.10925776869811296,0.040129155947778584,25,10,0
43,9387,0.8506557815584374,9.654490578478754e-07,0.10941479449142219,0.03992845850108223,25,10,0
43,9388,0.8330580761885451,1.1137356574423753e-06,0.12690647366178148,0.040034336414016325,25,10,0
43,9389,0.832298929658224,1.1148016855717512e-06,0.12766561193646997,0.04003434360362089,25,10,0
43,9390,0.8329593602907045,1.114211801370245e-06,0.1270063910713535,0.04003313442614105,25,10,0
43,9391,0.8166000348233879,1.1142015626595789e-06,0.143365785257994,0.04003306571705629,25,10,0
43,9392,0.8110355784468065,1.1223953682072234e-06,0.148930224135606,0.04003307502222039,25,10,0
43,9393,0.8109319763418967,1.1225559484155344e-06,0.14903382653834013,0.04003307456381578,25,10,0
43,9394,0.836094627127015,7.565252126509093e-07,0.12397279916881382,0.03993181717895976,25,10,0
43,9395,0.8404222046353208,7.596275266145026e-07,0.11969762083330576,0.039879414903848054,25,10,0
43,9396,0.8339642567468952,8.361548664266726e-06,0.12614604414593886,0.0398813375585028,25,10,0
43,9397,0.8442813926746193,8.353989221554827e-06,0.11582891526427705,0.039881338071882884,25,10,0
43,9398,0.844402430158534,8.353819171870811e-06,0.11570787834397278,0.03988133767832225,25,10,0
43,9399,0.8442809679076242,8.358735556886849e-06,0.11582791447880707,0.0398827588780124,25,10,0
43,9400,0.8438497001001095,8.633024900453935e-06,0.11625755381819335,0.03988411305679754,25,10,0
43,9401,0.8438814421725648,8.63299091202048e-06,0.11622581599427192,0.03988410884225184,25,10,0
43,9402,0.8441692123465839,8.63409409482606e-06,0.11593795290055428,0.03988420065876701,25,10,0
43,9403,0.8421926916438441,8.653279226245341e-06,0.11790954599233798,0.03988910908459126,25,10,0
43,9404,0.8413001294915239,8.654009494860599e-06,0.11880194560782346,0.039889270891157264,25,10,0
43,9405,0.8409839053560674,8.64211700865636e-06,0.11911951893424746,0.03988793359267607,25,10,0
43,9406,0.8408592486422214,8.647725653579288e-06,0.11924414210707232,0.039887961525052244,25,10,0
43,9407,0.8418575036762721,8.637511754067071e-06,0.11824862308220112,0.039885235729772296,25,10,0
43,9408,0.8481749022215586,1.035211652328898e-06,0.11194076847371645,0.03988329409307238,25,10,0
43,9409,0.8484697977051934,7.611492718174924e-07,0.11164749153309694,0.039881949612437524,25,10,0
43,9410,0.8484225798540882,7.611256776550918e-07,0.11160265302723381,0.03997400599299986,25,10,0
43,9411,0.8720891173323395,7.641725798550981e-07,0.08793607195653755,0.03997404653854273,25,10,0
43,9412,0.8718568935254599,7.736795117858706e-07,0.0881656879062052,0.039976644888822674,25,10,0
43,9413,0.8718568269157493,7.729070761250912e-07,0.08774375394579441,0.040398646231379835,25,10,0
43,9414,0.8727647071866944,7.721821566009992e-07,0.08683603223141975,0.04039848839972918,25,10,0
43,9415,0.8595640951937942,7.861825215282322e-07,0.09995629468989305,0.04047882393379089,25,10,0
43,9416,0.8764390891098139,7.853602612078131e-07,0.08341669184170769,0.04014343368821687,25,10,0
43,9417,0.8761067202303283,7.946981085616308e-07,0.08366987055670422,0.0402226145148585,25,10,0
43,9418,0.8725745226678849,7.892676545139963e-07,0.08720209822999773,0.040222589834462405,25,10,0
43,9419,0.8730592517717968,7.796504288644288e-07,0.08671998122478211,0.04021998735299173,25,10,0
43,9420,0.873773299591544,7.796368903170123e-07,0.08600598218061208,0.04021993859095296,25,10,0
43,9421,0.8796400814460754,7.704696592588808e-07,0.08021941627640299,0.04013973180786182,25,10,0
43,9422,0.8800287129198959,7.704689750942036e-07,0.0798307705105503,0.0401397461005782,25,10,0
43,9423,0.8856880347897541,8.150331651084683e-07,0.07416683579502266,0.040144314382057796,25,10,0
43,9424,0.8916791920532005,8.195221595170412e-07,0.06817566887576548,0.04014431954887425,25,10,0
43,9425,0.8915696250398226,8.19425417304722e-07,0.06828470359586024,0.040144851938899696,25,10,0
43,9426,0.8913664766274857,8.192822232217024e-07,0.06848786756271986,0.040144836527571004,25,10,0
43,9427,0.8928242849793997,1.8565616504785255e-06,0.06703387397025531,0.0401399844886942,25,10,0
43,9428,0.8939767352123761,1.8461536496924688e-06,0.0659606229870979,0.04006079564687612,25,10,0
43,9429,0.8909686509559452,2.1605899857568024e-06,0.06896763437104667,0.04006155408302195,25,10,0
43,9430,0.8906839945324324,2.1607014345820063e-06,0.0692513665047972,0.040062478261335605,25,10,0
43,9431,0.886296263678212,2.168743221783019e-06,0.0736106568632719,0.04009091071529411,25,10,0
43,9432,0.9022204910606674,2.169338614241063e-06,0.05768645454262163,0.0400908850580967,25,10,0
43,9433,0.901005705530192,2.1650387913623707e-06,0.057755363299531785,0.04123676613148482,25,10,0
43,9434,0.907310334109751,2.3404912371989733e-06,0.05256108147149188,0.0401262439275198,25,10,0
43,9435,0.9072158645810441,2.3407976543322434e-06,0.052655479915279725,0.040126314706021855,25,10,0
43,9436,0.9076358386187846,2.3400668082671387e-06,0.05223566809243016,0.040126153221977025,25,10,0
43,9437,0.9143018985835474,2.0257212509569797e-06,0.045570680447166695,0.04012539524803512,25,10,0
43,9438,0.9142248560438756,2.025721443713794e-06,0.04564772130284995,0.040125396931830946,25,10,0
43,9439,0.9113581947302527,3.062456674395622e-06,0.04823160806334139,0.04040713474973146,25,10,0
43,9440,0.911582133483498,3.062738662590674e-06,0.048007597985607026,0.04040720579223207,25,10,0
43,9441,0.9199334644616561,2.8481660467714517e-06,0.039657425057427344,0.04040626231486964,25,10,0
43,9442,0.9209574247403188,1.77336817878861e-06,0.038634684406008105,0.040406117485494206,25,10,0
43,9443,0.9209086454407762,1.7674708028041036e-06,0.038683538445047266,0.04040604864337369,25,10,0
43,9444,0.9210108630868554,1.7998641996592495e-06,0.038581098787927016,0.04040623826101793,25,10,0
43,9445,0.9188381441663752,1.938080704876605e-06,0.04075240022646707,0.04040751752645304,25,10,0
43,9446,0.918906763737093,1.937981787565042e-06,0.04068381571164081,0.040407482569478646,25,10,0
43,9447,0.9190559952709006,1.9330248093819408e-06,0.04053598980247061,0.040406081901819525,25,10,0
43,9448,0.9174574569568692,1.9337124611974874e-06,0.04212964958341996,0.04041095974724964,25,10,0
43,9449,0.91725331316629,1.9335345546626538e-06,0.042333771655944805,0.04041098164321051,25,10,0
43,9450,0.9148940093055903,1.9338402695900058e-06,0.04469297218215683,0.04041108467198318,25,10,0
43,9451,0.8957563337697124,3.271720991986156e-05,0.06365317629854457,0.04055777272182306,25,10,0
43,9452,0.8958527373034546,3.271742330022304e-05,0.06355582535381286,0.040558719919432024,25,10,0
43,9453,0.8909796767213218,3.2720621865707175e-05,0.06842889299458758,0.04055870966222458,25,10,0
43,9454,0.8934758532017644,3.1695139278069926e-05,0.06621413285335417,0.040278318805603244,25,10,0
43,9455,0.8935474976114436,3.166291978373101e-05,0.06614271148844669,0.04027812798032586,25,10,0
43,9456,0.8985303981911572,3.1464249962534526e-05,0.061161827829409744,0.04027630972947025,25,10,0
43,9457,0.897504674104735,3.146531735077755e-05,0.062187544372711706,0.04027631620520218,25,10,0
43,9458,0.897745262089856,3.1466221880012315e-05,0.061951578122624126,0.040271693565639574,25,10,0
43,9459,0.8975425177704544,3.146664057274188e-05,0.06215434596555146,0.04027166962342123,25,10,0
43,9460,0.9017374928456998,3.145869967890454e-05,0.05798780042015882,0.040243248034462324,25,10,0
43,9461,0.9028815040161621,3.1457370753447204e-05,0.05684298730387471,0.04024405130920961,25,10,0
43,9462,0.9032746156005149,3.1457381856536e-05,0.056449854042073006,0.0402440729755555,25,10,0
43,9463,0.8975410508564141,3.145735047340999e-05,0.06218342031231638,0.04024407148079598,25,10,0
43,9464,0.8984680836180687,3.145764427966172e-05,0.0612563378990057,0.04024412083864586,25,10,0
43,9465,0.9161785120764162,7.123374280226002e-07,0.043718128442469896,0.04010264714368593,25,10,0
43,9466,0.9156685187322282,1.3178176038009782e-05,0.04421572883151325,0.04010257426022089,25,10,0
43,9467,0.908684496855463,1.3180870035470515e-05,0.05119970814284026,0.04010261413166132,25,10,0
43,9468,0.9014396814822309,1.3185661527003322e-05,0.058443483956293604,0.04010364889994877,25,10,0
43,9469,0.9015661925414058,1.318544499308942e-05,0.05831702020534357,0.040103601808257616,25,10,0
43,9470,0.8954917299376636,2.6735568600949294e-05,0.06441330185521842,0.040068232638517165,25,10,0
43,9471,0.8958827108120755,2.6724324084797237e-05,0.06402367893122672,0.04006688593261323,25,10,0
43,9472,0.895517009448668,2.6729278569908068e-05,0.06438803101264545,0.04006823026011652,25,10,0
43,9473,0.8837985211125633,2.7470164472824333e-05,0.07610571823747798,0.04006829048548581,25,10,0
43,9474,0.8911073907088546,2.7467467596848272e-05,0.06879689045868863,0.040068251364859836,25,10,0
43,9475,0.8960162718750211,2.7467017019837328e-05,0.06388806048832374,0.04006820061963532,25,10,0
43,9476,0.898164983812109,2.7462551492398053e-05,0.06173933601910846,0.04006821761728996,25,10,0
43,9477,0.8918363472451059,1.5304855963506276e-05,0.06804691828674472,0.040101429612186094,25,10,0
43,9478,0.8992032257130834,1.5299628892038605e-05,0.060681104121567825,0.04010037053645671,25,10,0
43,9479,0.8927422455852007,1.530671785985291e-05,0.06714017385803657,0.04010227383890299,25,10,0
43,9480,0.8943359852777033,1.5268532905089377e-05,0.06555171806372684,0.04009702812566485,25,10,0
43,9481,0.8943395497443397,1.5268523634419157e-05,0.06554813489999153,0.04009704683203423,25,10,0
43,9482,0.8943508024631869,1.5259290335077154e-05,0.06553693741709772,0.04009700082938011,25,10,0
43,9483,0.8906019234607437,1.549669667832022e-05,0.06928545292779859,0.04009712691477921,25,10,0
43,9484,0.8905729089232477,1.549668174623892e-05,0.06931448497840695,0.04009710941659894,25,10,0
43,9485,0.8904501638475611,1.5496558377304316e-05,0.06943815009002235,0.04009618950403919,25,10,0
43,9486,0.8929422972473157,1.549615746016392e-05,0.06694614562523299,0.04009606096999119,25,10,0
43,9487,0.8939501196195085,1.5898899279631046e-05,0.09965029652612217,0.006383684955089583,25,10,0
43,9488,0.8884501876036702,1.589977621580111e-05,0.1051488440970186,0.0063850685230959015,25,10,0
43,9489,0.8878228061851742,1.5919135234924527e-05,0.10577620825673416,0.006385066422857441,25,10,0
43,9490,0.8877524465875323,1.5919177016072107e-05,0.10584654359482829,0.006385090640624013,25,10,0
43,9491,0.8878414881808863,1.5919025832442127e-05,0.10575755604660003,0.006385036746682005,25,10,0
43,9492,0.886636313772059,1.5931407600156688e-05,0.10696264298383344,0.006385111836507996,25,10,0
43,9493,0.8705882522599547,1.553164684977836e-05,0.12311402249438791,0.006282193598807305,25,10,0
43,9494,0.8704631379142859,1.5536503926729628e-05,0.12323917750761128,0.006282148074175854,25,10,0
43,9495,0.8703599065531605,1.5536638688275643e-05,0.12334237346153927,0.0062821833466117985,25,10,0
43,9496,0.8698094782649595,1.5471186054282476e-05,0.12389400577035242,0.006281044778634366,25,10,0
43,9497,0.869747850162287,1.5471092920359942e-05,0.12395564657720655,0.006281032167586916,25,10,0
43,9498,0.8735157399932499,1.5471013706619456e-05,0.12018779610265032,0.006280992890393775,25,10,0
43,9499,0.8585971363913716,1.5474144561930187e-05,0.1316717052039112,0.009715684260156208,25,10,0
43,9500,0.8584452348266748,1.5483820886019072e-05,0.13182357263885267,0.009715708713587474,25,10,0
43,9501,0.8650336099999933,1.7584536270133793e-06,0.12524890366786487,0.009715727878515823,25,10,0
43,9502,0.867213239594659,1.0207126857914381e-06,0.12306958429060694,0.00971615540204902,25,10,0
43,9503,0.8744652895434907,7.128664642941229e-07,0.11585106734771353,0.009682930242332298,25,10,0
43,9504,0.8722993173446073,7.653451873473708e-07,0.11801673684678254,0.009683180463423547,25,10,0
43,9505,0.8703898307434312,8.014500438602807e-07,0.11992667207893676,0.00968269572758891,25,10,0
43,9506,0.8706286325063686,7.969221406090156e-07,0.11968791508669462,0.009682655484797128,25,10,0
43,9507,0.8607498212612653,8.930083880682597e-07,0.12798996394660916,0.011259321783738068,25,10,0
43,9508,0.8658229160066528,9.039137676299779e-07,0.12291810675670631,0.011258073322873617,25,10,0
43,9509,0.864937761191057,8.939537464991442e-07,0.12380272884003339,0.011258616015163479,25,10,0
43,9510,0.8714824377944437,8.871591696531109e-07,0.11726046780063468,0.011256207245752077,25,10,0
43,9511,0.8597265188987627,1.0486569187969674e-06,0.12654068595911544,0.013731746485202964,25,10,0
43,9512,0.8487906751527002,1.4243802006970008e-06,0.13518359481784328,0.01602430564925572,25,10,0
43,9513,0.8489337507028297,1.4240190733909871e-06,0.13504054340406332,0.016024281874033475,25,10,0
43,9514,0.8761918035271,1.4103201955603055e-06,0.10778528816311037,0.016021497989594156,25,10,0
43,9515,0.8757225875120818,1.4143049461537199e-06,0.10825344557294331,0.01602255261002882,25,10,0
43,9516,0.8753545308627456,1.4191416246964725e-06,0.10862143066216351,0.01602261933346615,25,10,0
43,9517,0.8751694740135494,1.4190571975848713e-06,0.10880646606985422,0.016022640859398717,25,10,0
43,9518,0.8750973726082446,1.4355678543373208e-06,0.10887842550521291,0.01602276631868792,25,10,0
43,9519,0.8794958510775587,1.5866702911590697e-06,0.10605642366646344,0.014446138585686745,25,10,0
43,9520,0.8815220987696728,1.1852962985554023e-06,0.11025606623204501,0.008220649701983716,25,10,0
43,9521,0.8817012247316935,1.1691641521244234e-06,0.1100770553186331,0.008220550785521297,25,10,0
43,9522,0.875363970283963,1.1695723731795494e-06,0.11641311242686664,0.008221747716797114,25,10,0
43,9523,0.8733190476483279,1.1790916839897259e-06,0.11845791413582042,0.008221859124167603,25,10,0
43,9524,0.8733095279980947,1.1791769223506018e-06,0.11846743598898789,0.008221856835995056,25,10,0
43,9525,0.8575775482484006,1.1790115496123029e-06,0.1342004716862134,0.008220801053836213,25,10,0
43,9526,0.8577157369554395,1.1605428242618243e-06,0.13406229528897337,0.008220807212762783,25,10,0
43,9527,0.8469086529912997,1.2998615767884102e-06,0.14486853401603253,0.008221513131091304,25,10,0
43,9528,0.8576026823600921,1.2999863691526991e-06,0.13417552199204136,0.008220495661497762,25,10,0
43,9529,0.89293009476314,1.2993631823052733e-06,0.09885537795213577,0.008213227921542025,25,10,0
43,9530,0.8937988799021765,1.267723758463879e-06,0.09798220699865054,0.00821764537541448,25,10,0
43,9531,0.893667443905557,1.2676929275548123e-06,0.09811247298627182,0.00821881541524354,25,10,0
43,9532,0.8885931659387853,1.26709207256473e-06,0.10318330688226261,0.008222260086879776,25,10,0
43,9533,0.9002660807259321,1.1057251930009814e-06,0.09398609159632061,0.005746721952554267,25,10,0
43,9534,0.9010335081231586,1.1007299344946224e-06,0.09321993411395413,0.005745457032952583,25,10,0
43,9535,0.9069481239209616,1.105503553398879e-06,0.08730507129763643,0.005745699277848646,25,10,0
43,9536,0.8985688880460231,1.1055699658457406e-06,0.09568327832735447,0.005746728056656703,25,10,0
43,9537,0.9048269501814044,1.1092336708428203e-06,0.08942801356860113,0.005743927016323811,25,10,0
43,9538,0.903949251980708,8.523398970814733e-07,0.09030601278798811,0.005743882891406842,25,10,0
43,9539,0.8975907641455717,1.1278176862836993e-06,0.09662831240125389,0.0057797956354884664,25,10,0
43,9540,0.8847636771943279,1.3181056915572097e-06,0.10945350469418712,0.005781500005793343,25,10,0
43,9541,0.8689068993345249,1.6073398817246758e-06,0.1253103311700565,0.00578116215553736,25,10,0
43,9542,0.8686041245424697,1.607545697493026e-06,0.1256130468306079,0.0057812210812254105,25,10,0
43,9543,0.8688457257509138,1.6041310629604331e-06,0.12537242182440134,0.005780248293622282,25,10,0
43,9544,0.8714807349315337,1.313340685869744e-06,0.12277826302631806,0.005739688701462763,25,10,0
43,9545,0.8736691344214935,1.5494436739453977e-06,0.12052469725335323,0.005804618881479671,25,10,0
43,9546,0.8738874302081635,1.5528380763350028e-06,0.12030644459209851,0.005804572361661812,25,10,0
43,9547,0.8788255317985235,1.551729565967719e-06,0.11536827538667362,0.005804641085236949,25,10,0
43,9548,0.9026691570653498,1.2622929825828418e-06,0.09152557051931418,0.005804010122353736,25,10,0
43,9549,0.9028482481009322,1.2618431628077541e-06,0.09134638797951268,0.005804102076392399,25,10,0
43,9550,0.9025145074106851,1.2821406940045064e-06,0.09167482338028238,0.005809387068338761,25,10,0
43,9551,0.9037796117457048,1.2550085885269143e-06,0.09040974598130397,0.005809387264403065,25,10,0
43,9552,0.9038049584781929,1.2498926167243965e-06,0.09038582545317186,0.005807966176018708,25,10,0
43,9553,0.9019762883152437,1.2308386636529547e-06,0.09221562315509083,0.005806857691002168,25,10,0
43,9554,0.9182678939927683,2.0304552619095457e-05,0.07590327469838913,0.00580852675622408,25,10,0
43,9555,0.921126834782217,2.029500066514558e-05,0.07304359110402187,0.005809279113096732,25,10,0
43,9556,0.9135772662670361,2.0297805124318027e-05,0.08059236887298267,0.005810067054857673,25,10,0
43,9557,0.8870050422032826,2.031118193288731e-05,0.10706598680911378,0.005908659805670981,25,10,0
43,9558,0.889204208971661,2.026106840070288e-05,0.10487156724499216,0.005903962714946048,25,10,0
43,9559,0.8891008871554762,2.0261068198450432e-05,0.10497488907578915,0.005903962700536186,25,10,0
43,9560,0.8888352858225297,2.0260818894329824e-05,0.10524048289170124,0.00590397046687462,25,10,0
43,9561,0.8891066509790977,2.0260748498695173e-05,0.10496911259757781,0.005903975674825804,25,10,0
43,9562,0.8898842938902156,8.43725393217766e-07,0.10421168982317909,0.005903172561211819,25,10,0
43,9563,0.8896802856963139,8.438168016046208e-07,0.1044156662348412,0.005903204252043392,25,10,0
43,9564,0.8898146139141919,8.44130152575438e-07,0.10428135914016273,0.005903182815492513,25,10,0
43,9565,0.8902108832749717,8.403090207704514e-07,0.10388576126145933,0.005902515154547917,25,10,0
43,9566,0.8931036429869976,8.557489097807574e-07,0.10109166142542646,0.005803839838665698,25,10,0
43,9567,0.8875611050494233,7.338752290339012e-07,0.10659329812291124,0.0058448629524367355,25,10,0
43,9568,0.8875097589950195,7.34632336336215e-07,0.10664473244690377,0.00584477392574059,25,10,0
43,9569,0.8878342892222529,7.338541318931578e-07,0.10632020667544805,0.005844770248167335,25,10,0
43,9570,0.8878375909458766,7.338573866262409e-07,0.10631690494733842,0.005844770249398759,25,10,0
43,9571,0.8877975209344161,7.280344364640564e-07,0.10635707779459637,0.005844673236551451,25,10,0
43,9572,0.8801073586252411,7.280561452423587e-07,0.11404723686941873,0.005844676449195136,25,10,0
43,9573,0.8802217565347218,7.281268690467167e-07,0.1139328188882477,0.005844696450161954,25,10,0
43,9574,0.8965895839753719,7.112450508556308e-07,0.09760669874899101,0.005803006030586532,25,10,0
43,9575,0.8964012528262597,7.112292783650629e-07,0.0977950370387328,0.005802998905729352,25,10,0
43,9576,0.8974488789858532,7.314091639809621e-07,0.09674752230107433,0.005802867303908982,25,10,0
43,9577,0.898557424832395,6.965735878017672e-07,0.09563901520093163,0.005802863393086017,25,10,0
43,9578,0.8983932696008472,6.964970939205416e-07,0.09580319410284023,0.0058028397992190795,25,10,0
43,9579,0.8997077869529445,7.003108249700476e-07,0.09448691411980045,0.0058045986164304,25,10,0
43,9580,0.9030188494021991,4.6617673049456407e-07,0.09045616587982218,0.006524518541248631,25,10,0
43,9581,0.9030210612220556,4.6617670310336477e-07,0.09045395406734437,0.006524518533897465,25,10,0
43,9582,0.8929862212331383,4.80840779490433e-07,0.10048852702229638,0.006524770903786223,25,10,0
43,9583,0.8949269789708693,4.791406336492517e-07,0.0985520448973692,0.006520496991128313,25,10,0
43,9584,0.8954595794451784,4.780457297580306e-07,0.09801944572185603,0.006520496787236196,25,10,0
43,9585,0.8888756958711067,4.780624397343834e-07,0.10460330101035559,0.00652052505609842,25,10,0
43,9586,0.8885089878121947,4.775198068864359e-07,0.10496447775160309,0.006526056916395621,25,10,0
43,9587,0.8884916297077454,4.777068781780505e-07,0.10498183431082506,0.006526058274551657,25,10,0
43,9588,0.8880046336630631,4.967204816178279e-07,0.1054688290101196,0.006526040606335866,25,10,0
43,9589,0.8682271927022349,4.998573160797354e-07,0.11271412449537568,0.019058182945073398,25,10,0
43,9590,0.8677282842795364,5.226273905935009e-07,0.11321284238622092,0.01905835070685218,25,10,0
43,9591,0.8773688939441352,5.233605428320893e-07,0.10357244487507218,0.019058137820250187,25,10,0
43,9592,0.8773934947554689,5.287300217079086e-07,0.10354783494502008,0.019058141569489734,25,10,0
43,9593,0.8772870451387077,5.268561195848518e-07,0.10365427927123737,0.01905814873393589,25,10,0
43,9594,0.9011773415838483,4.974520924524549e-07,0.07976401472770159,0.01905814623635783,25,10,0
43,9595,0.9031015507603632,5.148746631038203e-07,0.06380495016357345,0.03309298420140037,25,10,0
43,9596,0.8974649371118264,1.0731912744949002e-06,0.06928768119408074,0.03324630850281868,25,10,0
43,9597,0.8861551608113802,1.0649001708516969e-06,0.08059384111733715,0.033249933171111884,25,10,0
43,9598,0.8854130393276703,1.0610544361399826e-06,0.0813383576584563,0.03324754195943731,25,10,0
43,9599,0.8848489557698707,1.0636911010321552e-06,0.08190244124429032,0.03324753929473806,25,10,0
43,9600,0.8916194373370945,1.0636873647725794e-06,0.07513198582407252,0.03324751315146844,25,10,0
43,9601,0.8919284556605842,1.0445042106279222e-06,0.07482550736966796,0.03324499246553741,25,10,0
43,9602,0.8542891195637478,0.000540766363765641,0.11192429158056302,0.03324582249192329,25,10,0
43,9603,0.8542856356317013,0.0005407739833726304,0.11192770924754923,0.03324588113737642,25,10,0
43,9604,0.8542756368910683,0.0005407743514850867,0.11193775093529144,0.03324583782215457,25,10,0
43,9605,0.8172257034985774,0.0010404333143205526,0.14926913505785566,0.03246472812924642,25,10,0
43,9606,0.8172063401136601,0.0010404338482649072,0.14928841731892561,0.03246480871914912,25,10,0
43,9607,0.8171434893371591,0.0010404338361442462,0.1493512697870477,0.03246480703964883,25,10,0
43,9608,0.8170143416166841,0.0010404342758276674,0.14948031841282558,0.03246490569466277,25,10,0
43,9609,0.8157286401477098,0.001040571833939092,0.15072749511482078,0.032503292903530316,25,10,0
43,9610,0.8161097539904923,0.0010407996103297074,0.15038445396259578,0.03246499243658207,25,10,0
43,9611,0.8104972604553384,0.001040795526820531,0.15766800470708206,0.03079393931075918,25,10,0
43,9612,0.8045307973800457,0.0010407956925832015,0.16363444608922226,0.030793960838148768,25,10,0
43,9613,0.8050396860168015,0.0010407903228635607,0.16312556757248334,0.030793956087851675,25,10,0
43,9614,0.8106209338555324,0.0010407946734159687,0.15754119812581266,0.030797073345238984,25,10,0
43,9615,0.8049908454613981,0.0010410498575893186,0.1631698860376477,0.030798218643364943,25,10,0
43,9616,0.7753720130442051,0.0010411218729390645,0.1927886881489728,0.030798176933882773,25,10,0
43,9617,0.8046237796753674,0.0010410582778915523,0.16353689602757432,0.03079826601916675,25,10,0
43,9618,0.7877515630975549,0.0010404858492204718,0.16209839545159466,0.04910955560162976,25,10,0
43,9619,0.7718240448730243,0.0010410862793527713,0.1780253110700391,0.049109557777583704,25,10,0
43,9620,0.7448180377390606,0.001041100971704188,0.20502730402634547,0.049113557262890704,25,10,0
43,9621,0.7509602159078989,0.0010408454111095733,0.1988865795222026,0.049112359158788935,25,10,0
43,9622,0.7512699510337798,0.0010408423096451864,0.19857964209810042,0.0491095645584747,25,10,0
43,9623,0.7208444893099839,0.0010408704735858823,0.22896616607072662,0.04914847414570361,25,10,0
43,9624,0.7203554142360084,0.0010408704833189946,0.22945523855107408,0.049148476729598836,25,10,0
43,9625,0.7346454349040721,0.0010402717855728645,0.21516097845544419,0.049153314854911444,25,10,0
43,9626,0.7733670230753985,0.001040243998826229,0.20099959297759232,0.024593139948182727,25,10,0
43,9627,0.7559659341311219,0.0010402441257825912,0.21840068137943486,0.024593140363661174,25,10,0
43,9628,0.7579629182615286,0.0010402418635125346,0.21640367548729691,0.02459316438766197,25,10,0
43,9629,0.7589043159040103,0.0010402499599795863,0.21579800112932468,0.02425743300668561,25,10,0
43,9630,0.7473780063244133,0.0010402349909249236,0.2271108107228308,0.02447094796183083,25,10,0
43,9631,0.7633693590332041,0.0010413383012549083,0.211118355739161,0.024470946926380025,25,10,0
43,9632,0.7702037976274988,0.0010414627134143505,0.20428295217449116,0.02447178748459551,25,10,0
43,9633,0.8078833555846141,0.0010415063592438775,0.16661088341254957,0.02446425464359279,25,10,0
43,9634,0.8010992435649337,0.0010415958382679264,0.1733718282653966,0.024487332331402357,25,10,0
43,9635,0.8131342085322913,0.0010415925012652735,0.16155038374694144,0.024273815219502413,25,10,0
43,9636,0.7972624805612398,0.001041604777350161,0.19548426036146227,0.0062116542999478665,25,10,0
43,9637,0.7927974805197363,0.001041597039929641,0.19994935204302755,0.006211570397306861,25,10,0
43,9638,0.8275799945169698,0.0010415892144212064,0.16556931135595815,0.0058091049126510665,25,10,0
43,9639,0.8426140238340776,0.0010415528726160888,0.1504117243950955,0.005932698898210963,25,10,0
43,9640,0.8427301063477148,0.0010415514517028639,0.15029598896298813,0.005932353237594437,25,10,0
43,9641,0.8428937735225277,0.001041543200416374,0.15013096667010342,0.005933716606952705,25,10,0
43,9642,0.849780770894775,0.0010415527529522386,0.14324356363386934,0.0059341127184042,25,10,0
43,9643,0.8546448505715574,0.0010415526903726014,0.13837945969095855,0.005934137047112117,25,10,0
43,9644,0.8546905638289668,0.001041552719615359,0.1383323311114716,0.005935552339946828,25,10,0
43,9645,0.8556154882964188,0.0010411876677743658,0.13740792713321962,0.0059353969025878585,25,10,0
43,9646,0.8383116905727205,0.0010578229967911233,0.15469921510053555,0.005931271329953176,25,10,0
43,9647,0.8699320676133582,0.000518105088002535,0.12361936838409299,0.005930458914546687,25,10,0
43,9648,0.8695440615510138,0.0005181050871639137,0.12400613535634175,0.0059316980054809456,25,10,0
43,9649,0.8481981819617428,0.0005174292133203385,0.14535064943074047,0.00593373939419644,25,10,0
43,9650,0.8306077511981317,0.0005174296600037636,0.162792065840484,0.006082753301380346,25,10,0
43,9651,0.8289363595406197,1.7819013471936857e-05,0.16457611627737,0.006469705168537537,25,10,0
43,9652,0.8294860174880789,1.7806799750835813e-05,0.164027600572505,0.006468575139664834,25,10,0
43,9653,0.8293554499441284,1.7806807839182883e-05,0.1641581435317407,0.006468599716290978,25,10,0
43,9654,0.8290214142612886,1.7809308362695477e-05,0.16449136509745574,0.00646941133289228,25,10,0
43,9655,0.8284920525334343,1.7809155286884207e-05,0.16502005840294298,0.006470079908335059,25,10,0
43,9656,0.829882623229522,1.780727305991723e-05,0.16363420992233962,0.006465359575077857,25,10,0
43,9657,0.830256928584912,1.77344803287704e-05,0.1632602364016872,0.006465100533071482,25,10,0
43,9658,0.8307205871756509,1.7684538014710137e-05,0.16318354946505004,0.006078178821283617,25,10,0
43,9659,0.830722879715568,1.768454103729428e-05,0.16318127978782265,0.0060781559555712775,25,10,0
43,9660,0.8345936383766412,1.7678806354479494e-05,0.15931055267289665,0.006078130144106876,25,10,0
43,9661,0.8601371015377837,1.7295468301484366e-05,0.13949600340886031,0.00034959958505393913,25,10,0
43,9662,0.8593063180373189,1.7295332456617872e-05,0.14032671633597352,0.0003496702942500918,25,10,0
43,9663,0.8461987245218525,1.772281088919766e-05,0.1534324628025091,0.00035108986474860287,25,10,0
43,9664,0.8541092732311063,2.518369846723104e-05,0.14335747329687845,0.0025080697735473073,25,10,0
43,9665,0.8612496655335576,2.518091463327313e-05,0.13621786868917682,0.0025072848626312228,25,10,0
43,9666,0.8613701059734385,2.7418736696659507e-05,0.13608831153100942,0.0025141637588544513,25,10,0
43,9667,0.8763067993441852,1.953075905898259e-05,0.12331841340723271,0.0003552564895228206,25,10,0
43,9668,0.8555007544862385,1.9543539923580392e-05,0.14406690846573347,0.0004127935081035585,25,10,0
43,9669,0.8559499490507058,1.954354062444108e-05,0.14361771205188856,0.00041279535678067215,25,10,0
43,9670,0.8550587807861426,1.9544330523655606e-05,0.14450635002593573,0.000415324857397486,25,10,0
43,9671,0.8358191248190322,1.9542730621405505e-05,0.16374602142398095,0.00041531102636568234,25,10,0
43,9672,0.8320930775144442,1.979029261788179e-05,0.1674721391094561,0.00041499308348221084,25,10,0
43,9673,0.8327272358991121,1.9797458687486245e-05,0.16683796439700158,0.0004150022451990812,25,10,0
43,9674,0.8505145731775435,3.1621092444242825e-06,0.1490687076722571,0.0004135570409542192,25,10,0
43,9675,0.8507925369703075,3.1663573363196005e-06,0.1487907756479018,0.0004135210244537563,25,10,0
43,9676,0.8501027697791095,3.192791241091242e-06,0.1494783732738049,0.00041566415584401504,25,10,0
43,9677,0.8499427165293234,3.207751395379627e-06,0.14963834221409938,0.00041573350518108197,25,10,0
43,9678,0.8469166433183797,3.18141519912922e-06,0.1526673550407412,0.0004128202256792907,25,10,0
43,9679,0.8253082452332824,3.2260473041436138e-06,0.1744383350940174,0.00025019362539718094,25,10,0
43,9680,0.8249281352856487,3.3022734581648404e-06,0.1747985617698371,0.0002700006710571229,25,10,0
43,9681,0.824198183964203,3.7318847580671654e-05,0.17549444917140625,0.00027004801681115674,25,10,0
43,9682,0.8219561158715005,4.3224447275365865e-05,0.17775171757138142,0.0002489421098438279,25,10,0
43,9683,0.8218501063966208,4.322452981359493e-05,0.17785772573403524,0.0002489433395314678,25,10,0
43,9684,0.8218403420352799,4.3225132894638755e-05,0.17786744031656226,0.00024899251526433415,25,10,0
43,9685,0.8597179968412563,9.163855844690533e-06,0.14002372012967948,0.0002491191732199616,25,10,0
43,9686,0.8589620286070034,9.349868114049967e-06,0.14077661710976602,0.00025200441511668306,25,10,0
43,9687,0.8592869601984545,9.349257878755906e-06,0.1404541955055737,0.0002494950380933326,25,10,0
43,9688,0.8599758664958146,9.172831610222625e-06,0.13976743682575513,0.00024752384682039525,25,10,0
43,9689,0.8819341400463883,9.177739133050887e-06,0.11780909312219494,0.00024758909228290863,25,10,0
43,9690,0.8818256361920415,9.101628268829576e-06,0.11793747948646013,0.00022778269322898279,25,10,0
43,9691,0.9199854351592847,9.088400918658103e-06,0.07998426879643263,2.1207643363885284e-05,25,10,0
43,9692,0.919176666675174,9.08794055144534e-06,0.08079310043938276,2.1144944891393616e-05,25,10,0
43,9693,0.9214567870197986,9.089232407097985e-06,0.07851282633569798,2.129741209601976e-05,25,10,0
43,9694,0.9255905970695223,8.84164767319813e-06,0.07438157344586148,1.898783694297149e-05,25,10,0
43,9695,0.9258201060769925,8.842025387360038e-06,0.07415198451273279,1.9067384887126086e-05,25,10,0
43,9696,0.9256896424752777,8.856965782586792e-06,0.07428248028482981,1.9020274109714674e-05,25,10,0
43,9697,0.9253318893573136,8.843085532063928e-06,0.07464014879655521,1.9118760598823398e-05,25,10,0
43,9698,0.9034310861736953,8.867268286117169e-06,0.09654081632215492,1.9230235863015924e-05,25,10,0
43,9699,0.9043581655852,9.030394723557593e-06,0.0956119865263591,2.081749371646471e-05,25,10,0
43,9700,0.9047792491341817,9.030361354380276e-06,0.09519088239355174,2.0838110911144312e-05,25,10,0
43,9701,0.8979638420803979,9.464710124090545e-06,0.10200371859160028,2.2974617876916603e-05,25,10,0
43,9702,0.9066809869687359,3.4752194946334913e-06,0.09329266951663363,2.2868295134928915e-05,25,10,0
43,9703,0.9068573710180697,3.4600833630581027e-06,0.0931163940669238,2.2774831642256853e-05,25,10,0
43,9704,0.8960035397438838,1.1180935868172161e-05,0.10396128730150986,2.3992018737274153e-05,25,10,0
43,9705,0.8749439336897936,1.0779015776032702e-05,0.12501655762439084,2.872967003836471e-05,25,10,0
43,9706,0.8755840693692946,1.0778788438208619e-05,0.12437643837481784,2.8713467448257224e-05,25,10,0
43,9707,0.875050565614803,1.0779972176575551e-05,0.12490975667695736,2.8897736062016345e-05,25,10,0
43,9708,0.8415283093312961,1.0817339677215603e-05,0.15842171269406582,3.9160634960671564e-05,25,10,0
43,9709,0.8385083503126203,1.1971504209732405e-05,0.1611318817964772,0.0003477963866938091,25,10,0
43,9710,0.8402315445326503,9.779987818572002e-06,0.1594211209497389,0.00033755452979176824,25,10,0
43,9711,0.8407677570748053,9.675826160275004e-06,0.15888585251515241,0.000336714583881597,25,10,0
43,9712,0.8058607888305727,9.513155727427285e-06,0.1937875815054012,0.00034211650829867437,25,10,0
43,9713,0.8062540634087508,9.507184540437248e-06,0.19339617837692127,0.00034025102978758296,25,10,0
43,9714,0.8394758181705565,8.439925289507425e-06,0.16049521426937605,2.052763477848977e-05,25,10,0
43,9715,0.8394419468550225,8.438201667786548e-06,0.16052909564597617,2.0519297333704195e-05,25,10,0
43,9716,0.8393991519355153,8.438245566014217e-06,0.16057184151925838,2.0568299660714825e-05,25,10,0
43,9717,0.8387573090280415,8.741730348243646e-06,0.16121332971313154,2.061952847934804e-05,25,10,0
43,9718,0.8636361328774842,8.709618910350555e-06,0.13633496406472753,2.0193438877720097e-05,25,10,0
43,9719,0.8639572682064097,8.709552224161727e-06,0.13601385157859555,2.017066277043463e-05,25,10,0
43,9720,0.892700705077826,8.908487020735743e-06,0.10727704738316436,1.3339051988549108e-05,25,10,0
43,9721,0.8765857270072498,8.625251612004313e-06,0.12323651969460891,0.00016912804652910045,25,10,0
43,9722,0.8651284271786914,8.422610420506446e-06,0.13453140770373767,0.00033174250715031105,25,10,0
43,9723,0.865598431308189,8.422043152558187e-06,0.1340615215730729,0.0003316250755856081,25,10,0
43,9724,0.8693119233479617,8.421782352934907e-06,0.13034855338672924,0.00033110148295625126,25,10,0
43,9725,0.8861204407906119,8.405149479440195e-06,0.11370266096472637,0.000168493095182249,25,10,0
43,9726,0.9211593889553855,8.413195610107736e-06,0.07866953690089379,0.00016266094811010246,25,10,0
43,9727,0.9205957342590352,8.422850965192736e-06,0.07922990630045365,0.0001659365895453372,25,10,0
43,9728,0.9212299740875142,8.422109088045656e-06,0.0785957515638524,0.00016585223954478204,25,10,0
43,9729,0.9123709191209483,8.422521810183037e-06,0.08745331955963712,0.00016733879760391944,25,10,0
43,9730,0.9133929490402207,8.413625339370117e-06,0.08643151998449765,0.00016711734994151304,25,10,0
43,9731,0.913577101370389,8.403968422151672e-06,0.08625065413064116,0.00016384053054684805,25,10,0
43,9732,0.8770559071223423,8.406086048384017e-06,0.12277194373545822,0.0001637430561515147,25,10,0
43,9733,0.8771140682421361,8.390188453067478e-06,0.12271154648885833,0.00016599508055250005,25,10,0
43,9734,0.8771629848767323,8.380572865346439e-06,0.12266362100453268,0.00016501354586968307,25,10,0
43,9735,0.8879491530756628,6.593598328758402e-07,0.11188646990185724,0.00016371766264717256,25,10,0
43,9736,0.888189096363093,6.593704215175649e-07,0.11164652719320832,0.0001637170732775488,25,10,0
43,9737,0.8962167296641,6.784217612071034e-07,0.10361999145943736,0.00016260045470170486,25,10,0
43,9738,0.885814653419837,6.85717170730612e-07,0.11402112321515863,0.00016353764783414088,25,10,0
43,9739,0.8952886027900716,7.049936866544649e-07,0.10454704082634693,0.0001636513898946643,25,10,0
43,9740,0.8954469145890447,6.97796305075403e-07,0.10438874879966525,0.00016363881498458952,25,10,0
43,9741,0.8953203175262798,6.978014457198393e-07,0.10451534455718585,0.0001636401150882934,25,10,0
43,9742,0.8952151783196204,6.981031844128907e-07,0.10462048261844727,0.00016364095874774179,25,10,0
43,9743,0.890359588400341,6.981355903072617e-07,0.10947512788374983,0.0001645855803189744,25,10,0
43,9744,0.8928280084296177,2.7028355030161067e-07,0.10700912516083838,0.0001625961259938429,25,10,0
43,9745,0.8931107366852374,2.7016811945206746e-07,0.10672639706414573,0.0001625960824982006,25,10,0
43,9746,0.8973796565682151,2.65387570529318e-07,0.10245755334798835,0.00016252469622663233,25,10,0
43,9747,0.8963666898438474,2.8193773701464297e-07,0.10320865319937479,0.0004243750190412893,25,10,0
43,9748,0.8924613480302185,2.7386283797805323e-07,0.10711434756662584,0.00042403054031862246,25,10,0
43,9749,0.9284789348966233,5.579985295835073e-07,0.07109642720655501,0.00042407989829197954,25,10,0
43,9750,0.9169263579607151,5.754541684498218e-07,0.08264544896819696,0.00042761761691940834,25,10,0
43,9751,0.9193205220685399,5.415000978641726e-07,0.08025133989379754,0.0004275965375648824,25,10,0
43,9752,0.9194303333494319,5.411767886996495e-07,0.0801415313129734,0.00042759416080613495,25,10,0
43,9753,0.9041666453195633,1.1955214770497438e-06,0.09540487833911646,0.0004272808198431144,25,10,0
43,9754,0.904207386693345,1.19540078881668e-06,0.09536418727028843,0.0004272306355778744,25,10,0
43,9755,0.9067991318831929,1.618892432259522e-06,0.0927743714357243,0.00042487778865052465,25,10,0
43,9756,0.9067003458083173,1.6190219432452956e-06,0.09287312535526782,0.00042490981447156474,25,10,0
43,9757,0.9226333310974748,9.453427293001589e-07,0.07686377102052722,0.0005019525392685922,25,10,0
43,9758,0.9208150907899234,9.529729139924337e-07,0.07868035330312621,0.0005036029340365348,25,10,0
43,9759,0.9208269856328102,9.529617716263065e-07,0.07866846142433281,0.0005035999810855399,25,10,0
43,9760,0.9174271046575511,5.528416049371982e-06,0.08206502732814908,0.0005023395982506822,25,10,0
43,9761,0.9165949418059427,5.528619465977605e-06,0.08289704844608087,0.000502481128510553,25,10,0
43,9762,0.9154618565500912,5.544122351871141e-06,0.08402619947335734,0.0005063998541998153,25,10,0
43,9763,0.9116227917212325,5.548937442449636e-06,0.0878591767021213,0.0005124826392037098,25,10,0
43,9764,0.9049219831823128,5.548478429131044e-06,0.09456003655400198,0.0005124317852560225,25,10,0
43,9765,0.9056765837092665,5.531703173210289e-06,0.09406199488991249,0.0002558896976476415,25,10,0
43,9766,0.9054532236967974,5.531455266109536e-06,0.09428541879989849,0.0002558260480379058,25,10,0
43,9767,0.9063250712269554,5.531689519356009e-06,0.0934124499017817,0.0002569471817434061,25,10,0
43,9768,0.9079501303940338,5.516539876821817e-06,0.09179131966981618,0.00025303339627307046,25,10,0
43,9769,0.9077681821312596,5.5217095233846325e-06,0.09197318895868102,0.000253107200535777,25,10,0
43,9770,0.8706594656206187,5.540860752438236e-06,0.12866421712965315,0.0006707763889761433,25,10,0
43,9771,0.87037790228625,5.540950919148173e-06,0.1289457544486403,0.0006708023141908475,25,10,0
43,9772,0.8700119821569011,5.5376677345637745e-06,0.12931373869560397,0.0006687414797607971,25,10,0
43,9773,0.8659938212881054,5.5384521763929764e-06,0.13333037961399283,0.0006702606457260639,25,10,0
43,9774,0.8740414247138678,5.114265267098182e-06,0.12528447549669539,0.0006689855241706362,25,10,0
43,9775,0.8744979823266122,4.828048507976078e-06,0.12482823757244413,0.0006689520524363811,25,10,0
43,9776,0.8686515072996397,4.827827001325937e-06,0.13067354811167095,0.0006701167616889232,25,10,0
43,9777,0.873237253510683,4.8217328160326035e-06,0.12608801666449876,0.0006699080920030373,25,10,0
43,9778,0.8590929164691058,3.552439236210024e-05,0.14005210013862837,0.0008194589999044832,25,10,0
43,9779,0.8627631786576074,3.5394856513466875e-05,0.13638197974421268,0.0008194467416667469,25,10,0
43,9780,0.8464726887670793,3.5998031435727905e-05,0.15266917669237662,0.0008221365091083569,25,10,0
43,9781,0.8454217151284211,3.606318921790561e-05,0.15371911416129694,0.000823107521063875,25,10,0
43,9782,0.8455001209938438,3.606308315929886e-05,0.15364077918511032,0.0008230367378864996,25,10,0
43,9783,0.8293388795660522,3.6075627409166534e-05,0.16987894116126737,0.0007461036452709089,25,10,0
43,9784,0.8300225481566526,3.6080330744914055e-05,0.1692170731574817,0.000724298355121011,25,10,0
43,9785,0.8300270635219948,3.607575458138956e-05,0.1692125829883874,0.000724277735036737,25,10,0
43,9786,0.8488363450199167,5.380265027377833e-06,0.15058457537222375,0.0005736993428322912,25,10,0
43,9787,0.8491359246910102,5.379996057240297e-06,0.15028925858373404,0.0005694367291985031,25,10,0
43,9788,0.8285888424555501,5.367818673897151e-06,0.1708363694771605,0.0005694202486160379,25,10,0
43,9789,0.828218425223664,5.36851719905629e-06,0.17120787719066366,0.0005683290684736495,25,10,0
43,9790,0.8280027374453519,5.369109165115533e-06,0.17142487476592536,0.0005670186795577614,25,10,0
43,9791,0.811279289588834,5.380789682436727e-06,0.18814524341068345,0.0005700862108003226,25,10,0
43,9792,0.8164067048519656,8.03387603675566e-07,0.18302279417212952,0.0005696975883015635,25,10,0
43,9793,0.8330909907252846,7.916953340420993e-07,0.1663415880355044,0.0005666295438773908,25,10,0
43,9794,0.8342324309073545,7.264622742178882e-07,0.16520119977443873,0.0005656428559329056,25,10,0
43,9795,0.8342343674416236,7.264609845350999e-07,0.1651992868956305,0.0005656192017616986,25,10,0
43,9796,0.8360512282984081,7.21655652402144e-07,0.16338849016457713,0.0005595598813626781,25,10,0
43,9797,0.8360952812480771,7.168347022765135e-07,0.16334439787652894,0.0005596040406921085,25,10,0
43,9798,0.8360912199112159,7.168408988043639e-07,0.16334845916991067,0.0005596040779748187,25,10,0
43,9799,0.8216242507900458,1.3363398320187909e-06,0.17781480516579845,0.000559607704324307,25,10,0
43,9800,0.8218375487009691,1.335976583123891e-06,0.17760162689754608,0.0005594884249020686,25,10,0
43,9801,0.8230383385491361,1.3186383277982445e-06,0.17640091534517593,0.0005594274673606319,25,10,0
43,9802,0.8066168998439983,2.014672148936661e-06,0.19281852530492333,0.0005625601789298363,25,10,0
43,9803,0.7814157825390644,2.454304038816892e-06,0.2180191100578234,0.0005626530990732506,25,10,0
43,9804,0.781484417089409,2.4543052455241442e-06,0.21795042673110984,0.0005627018742357286,25,10,0
43,9805,0.780953898144151,2.6667114619232005e-06,0.21847939077148343,0.0005640443729035903,25,10,0
43,9806,0.7813292011184814,2.666735339231303e-06,0.21810408694889005,0.000564045197289349,25,10,0
43,9807,0.7923243514226812,2.06280352010886e-06,0.20711242267366584,0.0005611631001322892,25,10,0
43,9808,0.7914303875578059,2.0651624844969686e-06,0.20800621269390124,0.000561334585807846,25,10,0
43,9809,0.7815555984693983,2.2825362950142727e-06,0.21782368594821355,0.0006184330460931713,25,10,0
43,9810,0.7710589258320077,2.281916517209639e-06,0.22832035039627432,0.0006184418552002655,25,10,0
43,9811,0.7569553426028484,2.2889755471333056e-06,0.24242393179269706,0.0006184366289073006,25,10,0
43,9812,0.7436778284341043,2.46019710073676e-06,0.2557003535202808,0.0006193578485140446,25,10,0
43,9813,0.7385813101701514,1.2180949465479271e-05,0.26078556933865643,0.0006209395417263095,25,10,0
43,9814,0.7634401674242018,1.1741853057137038e-05,0.2359272244807572,0.0006208662419834342,25,10,0
43,9815,0.735215985167069,1.1742330574066546e-05,0.2641513055479557,0.0006209669544007617,25,10,0
43,9816,0.7516678876292378,1.104618616366841e-05,0.24770325827234996,0.0006178079122481914,25,10,0
43,9817,0.7862393527801926,1.1039916568237607e-05,0.21352767372477982,0.00022193357845822975,25,10,0
43,9818,0.8148105423789004,1.103969920498397e-05,0.18495655159566693,0.00022186632622738078,25,10,0
43,9819,0.828164158468814,1.088682340709244e-05,0.17160392063325694,0.00022103407452200234,25,10,0
43,9820,0.8282602724191933,1.0881140964701476e-05,0.1715078142045337,0.00022103223530794662,25,10,0
43,9821,0.8279974275754357,1.0881323473834076e-05,0.1717706593050209,0.00022103179606938934,25,10,0
43,9822,0.8164755731629859,1.0882286041571485e-05,0.18328538840528716,0.00022815614568501137,25,10,0
43,9823,0.8161817429800241,1.0871286628529486e-05,0.1835791968998399,0.0002281888335070383,25,10,0
43,9824,0.8179904198792489,1.0871554920664437e-05,0.18176915330082138,0.00022955526500868968,25,10,0
43,9825,0.8186915415714168,1.0863432308202085e-05,0.18106816245691346,0.0002294325393612677,25,10,0
43,9826,0.8185703135764482,1.0863441985719362e-05,0.1811893891695801,0.00022943381198576158,25,10,0
43,9827,0.8295325402082014,1.0862940203282385e-05,0.1702302797320304,0.00022631711956458514,25,10,0
43,9828,0.8296824384225268,1.0862778417143266e-05,0.17008174275385154,0.00022495604520414707,25,10,0
43,9829,0.8230839385073888,3.189173466318466e-05,0.17665563285086233,0.00022853690708536678,25,10,0
43,9830,0.8599608911514506,3.1891163071773116e-05,0.13977883203066088,0.00022838565481649712,25,10,0
43,9831,0.8735962969708361,3.130782660625514e-05,0.12614393652910078,0.00022845867345671497,25,10,0
43,9832,0.8839357756343591,3.13081923593069e-05,0.11580435992488726,0.00022855624839397988,25,10,0
43,9833,0.8947127342926972,3.128775541477142e-05,0.10518326327069095,7.271468119683053e-05,25,10,0
43,9834,0.9007746399687403,3.128806123583299e-05,0.09912251525064619,7.15567193773409e-05,25,10,0
43,9835,0.9063110856077884,3.128845491861622e-05,0.09358502574244977,7.260019484281651e-05,25,10,0
43,9836,0.901242969367815,3.150182154843464e-05,0.09865291031251579,7.261849812038697e-05,25,10,0
43,9837,0.9070586790341458,3.1501458850958845e-05,0.09283827391444185,7.15455925610783e-05,25,10,0
43,9838,0.9055574787039202,3.1547296602364246e-05,0.09433933594527173,7.163805420532291e-05,25,10,0
43,9839,0.9054423976192898,3.154737199117983e-05,0.09445441869125389,7.163631746474633e-05,25,10,0
43,9840,0.8857489824588637,3.212884119088459e-05,0.1141473723044809,7.151639546428606e-05,25,10,0
43,9841,0.8851699159980896,3.2140534966312725e-05,0.11472638885094436,7.155461599961186e-05,25,10,0
43,9842,0.8857949830743782,3.209544357486087e-05,0.11410140868696787,7.151279507905107e-05,25,10,0
43,9843,0.8748910987749956,3.209494372222446e-05,0.1250053429532143,7.146332806777317e-05,25,10,0
43,9844,0.8752321258557264,3.2088416948547515e-05,0.12466433885891236,7.144686841255117e-05,25,10,0
43,9845,0.8398349316388034,3.205250249195581e-05,0.16006165379547,7.13620632352429e-05,25,10,0
43,9846,0.8399492081024893,3.205793503239743e-05,0.15995137387490824,6.736008757033935e-05,25,10,0
43,9847,0.8400512978709966,3.2058598240340896e-05,0.15984902446123203,6.761906953142634e-05,25,10,0
43,9848,0.8290127618958644,3.207108412627789e-05,0.1708800082730154,7.515874699464053e-05,25,10,0
43,9849,0.8282694084657113,3.208880362841769e-05,0.17161755743442803,8.094529623306678e-05,25,10,0
43,9850,0.8287130060596294,3.208290729189813e-05,0.17117397221841377,8.093881466579201e-05,25,10,0
43,9851,0.8236440557331504,3.206531658757432e-05,0.17624872771301547,7.515123724740523e-05,25,10,0
43,9852,0.8314945811868009,3.1942066234430436e-05,0.16845497493340283,1.850181356275911e-05,25,10,0
43,9853,0.8314890869672245,3.194197806340017e-05,0.1684604692061961,1.850184851696918e-05,25,10,0
43,9854,0.842639270798832,3.1934062573630565e-05,0.15731882917047058,9.965968124550296e-06,25,10,0
43,9855,0.8323185724768407,3.194507151845178e-05,0.1676397378369544,9.74461468732411e-06,25,10,0
43,9856,0.8176386653932333,0.004442282596282438,0.17790440787827289,1.4644132211999006e-05,25,10,0
43,9857,0.8232130731271519,0.004442282452055609,0.17233000063121215,1.4643789581234239e-05,25,10,0
43,9858,0.8259677797726772,0.00444240659596111,0.16957357691188624,1.623671947605002e-05,25,10,0
43,9859,0.8450336294568372,0.004441850856472364,0.15050810110217006,1.6418584521113584e-05,25,10,0
43,9860,0.8386649571924081,0.004441854023259355,0.15687568021215512,1.7508572177967057e-05,25,10,0
43,9861,0.8386604847143321,0.004441854300732185,0.15688006576497548,1.759521996048991e-05,25,10,0
43,9862,0.8349317752967597,0.004441854452462546,0.16060867763436618,1.7692616411973774e-05,25,10,0
43,9863,0.8469009744493197,0.004441830462671084,0.14863813169972126,1.9063388288376804e-05,25,10,0
43,9864,0.8364553873534392,0.004442049288110806,0.1590824637533985,2.009960505188006e-05,25,10,0
43,9865,0.8466760816175176,0.004442042266090973,0.14886273493988575,1.914117650614236e-05,25,10,0
43,9866,0.8452847276285747,0.0044420443008026346,0.15025410459147528,1.9123479148018984e-05,25,10,0
43,9867,0.8247223982081823,0.004442197672317221,0.16843959815286816,0.0023958059666323297,25,10,0
43,9868,0.8188259669151539,0.004442191885097061,0.17433584717939216,0.002395994020357046,25,10,0
43,9869,0.8097086321169058,0.004442201611217685,0.18340404299521856,0.002445123276658448,25,10,0
43,9870,0.8178994043780754,0.004441864268797425,0.17521521931160644,0.002443512041521027,25,10,0
43,9871,0.827520591481173,0.0044418698774361795,0.16559550613670942,0.0024420325046820433,25,10,0
43,9872,0.8210618324525045,0.004446051269580271,0.17095361972470408,0.003538496553211547,25,10,0
43,9873,0.8346506672864631,0.004445908002946116,0.1597387979099669,0.0011646268006243283,25,10,0
43,9874,0.8350392372356956,0.004445907466011884,0.15935024852703703,0.0011646067712558581,25,10,0
43,9875,0.8247497035008753,0.00444591013157488,0.16963910479103242,0.0011652815765180824,25,10,0
43,9876,0.8268753617668143,0.0044460898479782435,0.16751361698740982,0.0011649313977983445,25,10,0
43,9877,0.8302841120962071,0.004447126078827421,0.16409983844780296,0.0011689233771631881,25,10,0
43,9878,0.8302876482784372,0.004447126077053095,0.16409630351929969,0.0011689221252107452,25,10,0
43,9879,0.8205846986073745,0.004447352233987901,0.17377827920537187,0.0011896699532661392,25,10,0
43,9880,0.8208029123745685,0.004447139826646164,0.17356161785681523,0.001188329941970354,25,10,0
43,9881,0.8210129378496948,0.004447113466770356,0.17335184930617553,0.0011880993773596667,25,10,0
43,9882,0.8276479957755914,0.004426077307151583,0.16674140942780077,0.0011845174894563359,25,10,0
43,9883,0.8420500726753082,0.004426086410056973,0.1523394593523054,0.001184381562329519,25,10,0
43,9884,0.8456791427996506,0.004426086322639272,0.14871050963457486,0.0011842612431353242,25,10,0
43,9885,0.8382599532196173,0.004426076494126405,0.15617570538486533,0.0011382649013909338,25,10,0
43,9886,0.8377189213825329,0.004426076431918068,0.156716759155734,0.0011382430298148615,25,10,0
43,9887,0.828442809892293,0.004852150477429732,0.16552990960840097,0.0011751300218762976,25,10,0
43,9888,0.8280833370562978,0.0048521542774189194,0.16588902281737453,0.001175485848908871,25,10,0
43,9889,0.8278203717248089,0.004852159248812938,0.1661519570268405,0.0011755119995377728,25,10,0
43,9890,0.8281326889235467,0.004852159250209856,0.16583964146125946,0.0011755103649839771,25,10,0
43,9891,0.8121477033545149,0.004852159247724321,0.18182462769567562,0.0011755097020860511,25,10,0
43,9892,0.7961430394354858,0.004852160083070284,0.1978292844518757,0.001175516029568978,25,10,0
43,9893,0.7905253975961611,0.004852156366123843,0.20344728514347502,0.0011751608942409252,25,10,0
43,9894,0.7645470683321589,0.004851958676334079,0.2294267744718663,0.0011741985196406992,25,10,0
43,9895,0.7657940883639887,0.004850921963446697,0.22818364689343565,0.0011713427791288143,25,10,0
43,9896,0.7659117335710355,0.004850922357831475,0.22806466751111537,0.0011726765600176164,25,10,0
43,9897,0.7613148537997545,0.0048509333582044435,0.2326615239089793,0.0011726889330615042,25,10,0
43,9898,0.797362248528191,0.004850937971516323,0.19661421431759302,0.0011725991826992345,25,10,0
43,9899,0.791997914088444,0.004850937008547414,0.20197879336138042,0.0011723555416276125,25,10,0
43,9900,0.7802074914651991,0.004850937501409505,0.2137654773262432,0.0011760937071471234,25,10,0
43,9901,0.7793203408459652,0.004864757237599389,0.21460431213576153,0.0012105897806728868,25,10,0
43,9902,0.8067917572082957,0.00486539456912423,0.18713182719935817,0.0012110210232231318,25,10,0
43,9903,0.8256318888015808,0.004865384210696207,0.16829451722914895,0.0012082097585748965,25,10,0
43,9904,0.8312358790421989,0.004865380463451852,0.1626915760805213,0.0012071644138288316,25,10,0
43,9905,0.8314303086707588,0.004865106617096485,0.16249481687414616,0.001209767837999038,25,10,0
43,9906,0.8467567091816143,0.004851287770443059,0.14721662026809829,0.0011753827798444518,25,10,0
43,9907,0.8352138272452992,0.0048512880910525115,0.15875946987453407,0.001175414789114238,25,10,0
43,9908,0.8353969323181739,0.004851287209903319,0.15857634691188152,0.00117543356004095,25,10,0
43,9909,0.8454483268274535,0.004851279493626619,0.14849220559020718,0.0012081880887127403,25,10,0
43,9910,0.8549220679238148,0.004851277190696533,0.13901913661528456,0.0012075182702042985,25,10,0
43,9911,0.8666856542096271,0.004851277063898115,0.12725928352236462,0.0012037852041102144,25,10,0
43,9912,0.8666439356005045,0.004851272306533623,0.12730102901974355,0.001203763073218458,25,10,0
43,9913,0.836778497862074,0.004851944716822943,0.15716634802593998,0.0012032093951633341,25,10,0
43,9914,0.8355984478325635,0.004851949603398783,0.1583464180680994,0.001203184495939012,25,10,0
43,9915,0.8516503172552372,0.0048519499221408606,0.14229770800462244,0.001200024818000191,25,10,0
43,9916,0.8428998347798575,0.004852065253887647,0.1510475334433145,0.0012005665229409004,25,10,0
43,9917,0.83876981771439,0.004852067750327394,0.15517761704468913,0.001200497490594042,25,10,0
43,9918,0.8487361917739976,0.004851841393520346,0.14523221651189447,0.0011797503205881698,25,10,0
43,9919,0.8434769519049312,0.0048518502530328226,0.15049048277955113,0.0011807150624852357,25,10,0
43,9920,0.8446718454568258,0.004851864513137069,0.14929552599305074,0.0011807640369871032,25,10,0
43,9921,0.8432322378541568,0.004425778145661985,0.15116327250920086,0.001178711490980307,25,10,0
43,9922,0.8430868494429482,0.004425777776547541,0.15130866635247098,0.0011787064280330745,25,10,0
43,9923,0.8435278343221451,0.0044257777859078055,0.15086767943574253,0.0011787084562047368,25,10,0
43,9924,0.8489885103639639,0.004425774063090334,0.1454064881576346,0.0011792274153115646,25,10,0
43,9925,0.849157942719186,0.004425774073937061,0.14523705540915288,0.0011792277977245474,25,10,0
43,9926,0.8489205546724159,0.0044257549009690065,0.14547455426338263,0.0011791361632329006,25,10,0
43,9927,0.8655408265055371,0.0044257552507105,0.12885409715590304,0.0011793210878498863,25,10,0
43,9928,0.8564306980201287,0.004425761682060774,0.13796244116058784,0.001181099137222808,25,10,0
43,9929,0.8531686222127105,0.004425766090472069,0.14115250944213892,0.0012531022546787745,25,10,0
43,9930,0.8523889259501884,0.004425776503400685,0.14193153162826355,0.0012537659181479552,25,10,0
43,9931,0.8447375300812107,0.004426084975920003,0.14950322210947609,0.0013331628333934477,25,10,0
43,9932,0.8348006357916766,0.0044260881301510825,0.15943938291943152,0.0013338931587408742,25,10,0
43,9933,0.8348256533418881,0.0044260881172798845,0.1594143650024511,0.0013338935383809358,25,10,0
43,9934,0.8289177141950864,0.0044263271134375596,0.16532263057176774,0.00133332811970828,25,10,0
43,9935,0.8395036205401729,0.004426325137904554,0.1547714540230419,0.0012986002988805555,25,10,0
43,9936,0.8470448830612257,0.004426373490247045,0.14721757166500798,0.0013111717835191895,25,10,0
43,9937,0.8529267523320045,0.004426373530095662,0.1413356859439374,0.0013111881939624802,25,10,0
43,9938,0.8241963461874591,0.004426119372358377,0.17005923297926226,0.001318301460920763,25,10,0
43,9939,0.8117700968411544,0.004426129856979291,0.18248497080216994,0.0013188024996970483,25,10,0
43,9940,0.8133361359875397,0.004426128135593882,0.1809190477688923,0.0013186881079749802,25,10,0
43,9941,0.8172493989236941,0.0044260888314676,0.17701840775093441,0.0013061044939046932,25,10,0
43,9942,0.81743324207215,0.004426089315581132,0.17683722812639247,0.0013034404858775536,25,10,0
43,9943,0.8256754299748326,0.004425793058045732,0.16867400145134398,0.001224775515778418,25,10,0
43,9944,0.8267869488806073,0.004425790538070814,0.16756237997543114,0.0012248806058912706,25,10,0
43,9945,0.8267047875321774,0.004425790637164141,0.16764449426104108,0.0012249275696180348,25,10,0
43,9946,0.8318013974049733,0.004425689692471009,0.16254838668496796,0.0012245262175877467,25,10,0
43,9947,0.8295737543910245,0.004425708589838592,0.16448970792309858,0.0015108290960390066,25,10,0
43,9948,0.8293680038205993,0.0044257036999414,0.16460074014839907,0.0016055523310606393,25,10,0
43,9949,0.8294273957193583,0.004425699763202511,0.16457414309965834,0.001572761417780931,25,10,0
43,9950,0.839439274237915,0.00442569632818,0.15456316193164318,0.0015718675022617567,25,10,0
43,9951,0.8397130817480886,0.004425695700790811,0.15428935801658875,0.00157186453453194,25,10,0
43,9952,0.8672335366779089,0.004424362508491597,0.12676946711438075,0.0015726336992186907,25,10,0
43,9953,0.8661059240318625,0.004424424841031192,0.12789695094775022,0.001572700179356059,25,10,0
43,9954,0.8606590231284588,0.004424432032787206,0.13328679859464546,0.0016297462441084145,25,10,0
43,9955,0.8805476246180739,0.004424431554588487,0.11340541250447515,0.0016225313228625255,25,10,0
43,9956,0.8805381495926382,0.004424431841695431,0.11351108765450109,0.0015263309111653181,25,10,0
43,9957,0.9001700065796667,4.373466954910201e-06,0.09830568475316881,0.001519935200209479,25,10,0
43,9958,0.9004025528496596,4.373822732076318e-06,0.0980731280476704,0.0015199452799377316,25,10,0
43,9959,0.8966700872081398,4.373823606943404e-06,0.10180559298405256,0.0015199459842004522,25,10,0
43,9960,0.9177685239075102,4.7792328856006e-06,0.08070698593883456,0.0015197109207694638,25,10,0
43,9961,0.918267092832727,4.722118587813053e-06,0.08020851811845892,0.0015196669302259803,25,10,0
43,9962,0.9178502560821437,4.713535019569541e-06,0.08062536581234082,0.0015196645704955549,25,10,0
43,9963,0.9176063893784044,4.713525666029686e-06,0.08086925335180968,0.001519643744119577,25,10,0
43,9964,0.9206403459245867,4.712930808973557e-06,0.07790626302550137,0.0014486781191025689,25,10,0
43,9965,0.9229547805889297,4.710345669702674e-06,0.07558729097175107,0.001453218093649425,25,10,0
43,9966,0.8884033687901504,7.532906155212876e-05,0.11006230926030307,0.0014589928879957356,25,10,0
43,9967,0.8489002236703359,8.406690362028068e-05,0.1471820233133357,0.003833686112708801,25,10,0
43,9968,0.8439004153125444,8.425142659511565e-05,0.1521807157050442,0.003834617555817478,25,10,0
43,9969,0.8438954564288278,8.423940162478108e-05,0.15218423460675953,0.0038360695627894766,25,10,0
43,9970,0.8346386617085958,9.207654345523163e-05,0.1614370870162167,0.003832174731733767,25,10,0
43,9971,0.8410423215972265,9.207210917871295e-05,0.1550334697916209,0.003832136501975625,25,10,0
43,9972,0.8389140102254524,9.223852045608255e-05,0.1571608515286395,0.0038328997254533552,25,10,0
43,9973,0.8444409946661838,9.225004154960186e-05,0.15163079623269662,0.0038359590595713087,25,10,0
43,9974,0.8717626620101987,8.3526153868561e-05,0.12668853807279395,0.0014652737631401088,25,10,0
43,9975,0.8718242245194836,8.352625974161488e-05,0.1266269735439961,0.0014652756767800695,25,10,0
43,9976,0.8718212159571885,8.352624720902315e-05,0.12662998296015432,0.0014652748354495012,25,10,0
43,9977,0.8723262190804744,8.352104220762982e-05,0.1261250072854865,0.0014652525918328531,25,10,0
43,9978,0.8824107974923143,7.568668752997035e-05,0.11604882316581232,0.001464692654344504,25,10,0
43,9979,0.9013187231500577,7.150264324547448e-05,0.09824284660763566,0.0003669275990621312,25,10,0
43,9980,0.9010179911895035,7.180261002520029e-05,0.09854469581324747,0.0003655103872246348,25,10,0
43,9981,0.9066029678400516,7.179969483170587e-05,0.0929604895174348,0.00036474294768280944,25,10,0
43,9982,0.912614836827941,7.179964162465167e-05,0.0869486242897357,0.00036473924069912436,25,10,0
43,9983,0.9227048960541329,7.185424929732937e-05,0.07686219055986672,0.00036105913670292583,25,10,0
43,9984,0.9227965392219106,7.187002977311437e-05,0.0767725149368475,0.00035907581146862796,25,10,0
43,9985,0.9286291263707911,7.170379434004062e-05,0.07094085879455955,0.0003583110403094801,25,10,0
43,9986,0.9200283081324901,7.172337633633779e-05,0.07954001706901195,0.0003599514221615263,25,10,0
43,9987,0.9200290025273812,7.172619244451579e-05,0.07953926262308965,0.00036000865708459543,25,10,0
43,9988,0.920009061637915,7.171900882752379e-05,0.07955817632679897,0.0003610430264583523,25,10,0
43,9989,0.9199588018616963,7.171904377372534e-05,0.0796084265424593,0.00036105255207044963,25,10,0
43,9990,0.9161805348969945,8.01942289598128e-05,0.08300694692410007,0.0007323239499453131,25,10,0
43,9991,0.9172443669788224,8.019079541555467e-05,0.08194323147782219,0.0007322107479396035,25,10,0
43,9992,0.9171189995346839,8.01908827766536e-05,0.08206857429145971,0.0007322352910797077,25,10,0
43,9993,0.9205186894298845,7.999914276868483e-05,0.07866981682840407,0.0007314945989426775,25,10,0
43,9994,0.9165870744310811,7.999939508810297e-05,0.08260142572581705,0.0007315004480137639,25,10,0
43,9995,0.9109865978738825,7.999945906106424e-05,0.08820190709300194,0.0007314955740550968,25,10,0
43,9996,0.9106859078578248,8.000354987387956e-05,0.08850162353632125,0.0007324650559805551,25,10,0
43,9997,0.9083363473150708,7.998908371654881e-05,0.09085016994443257,0.0007334936567805368,25,10,0
43,9998,0.9081129006173552,8.000961178628118e-05,0.09107349833889153,0.0007335914319676374,25,10,0
43,9999,0.8751909560564024,7.970912097594017e-05,0.12399641057721933,0.0007329242454041239,25,10,0
43,10000,0.875361272296633,7.929561493847085e-05,0.12377069414445703,0.000788737943973126,25,10,0
