run,generation,degenerate,holistic,other,compositional,popsize,turnover_rounds,group_rounds
19,0,0.9860029303731893,1.8924609784139772e-06,0.01393184327289863,6.333389293373571e-05,25,30,20
19,1,0.7002580083072252,0.0006159969510574045,0.29900731877674125,0.00011867596497838204,25,30,20
19,2,0.5574671315124294,0.0020671121129942397,0.43843434895930045,0.0020314074152742996,25,30,20
19,3,0.4947827495568269,0.00045905680023736607,0.4623503932696677,0.042407800373266004,25,30,20
19,4,0.46506223650031164,0.000708243211558569,0.4491520749780419,0.08507744531008286,25,30,20
19,5,0.3969018444520259,0.0006365254006505507,0.4954701231370741,0.10699150701024875,25,30,20
19,6,0.3587614203445192,2.8583243359504773e-05,0.5143931579020695,0.1268168385100521,25,30,20
19,7,0.35528999166661157,0.00013579815152807954,0.5206781028630032,0.12389610731885854,25,30,20
19,8,0.334482905900367,5.426551976132361e-06,0.5419637308090012,0.12354793673865318,25,30,20
19,9,0.2467368418989057,0.0004970276353696355,0.6304742552174492,0.12229187524827655,25,30,20
19,10,0.19682791590062576,0.001963936000700085,0.6825265074012913,0.11868164069737949,25,30,20
19,11,0.18601744386975091,0.0019539156603537154,0.6525069199574038,0.15952172051248806,25,30,20
19,12,0.21013377562989302,0.001961595667371741,0.5481524929961815,0.23975213570655335,25,30,20
19,13,0.22117364641305667,0.0019856313243945805,0.537124124366763,0.2397165978957839,25,30,20
19,14,0.1972118596819019,0.0007003583413975243,0.5286045806553357,0.2734832013213645,25,30,20
19,15,0.21251573265345391,0.0026310139483169213,0.47955069823455765,0.30530255516366883,25,30,20
19,16,0.15200038335216737,0.004131205554684331,0.49682330741182823,0.3470451036813189,25,30,20
19,17,0.09462448937312529,6.03631375183336e-05,0.5405927509686319,0.36472239652072136,25,30,20
19,18,0.14045992427651405,0.023914495906040587,0.4740324785968171,0.36159310122062466,25,30,20
19,19,0.07642854097629388,0.03974546724708364,0.4844600808238291,0.39936591095279456,25,30,20
19,20,0.10990426865492353,0.0701155325502346,0.4161970746155456,0.4037831241792949,25,30,20
19,21,0.11317829379427254,0.07296431471113451,0.2939692454961031,0.5198881459984893,25,30,20
19,22,0.08245410200501993,0.040372214253100516,0.2930634361331166,0.5841102476087642,25,30,20
19,23,0.07504155152447108,0.040011057903162645,0.32606813069329577,0.5588792598790683,25,30,20
19,24,0.07696605086068593,0.04052057589323289,0.3250719137362013,0.5574414595098832,25,30,20
19,25,0.09912781874129649,0.04237839784010134,0.30131360589389333,0.5571801775247075,25,30,20
19,26,0.11088404874150382,0.04239080425561467,0.2866595104584431,0.5600656365444404,25,30,20
19,27,0.06734012091424964,0.04282401183706944,0.32507050280712024,0.5647653644415633,25,30,20
19,28,0.05683624232957537,0.06566647326238322,0.31431268923721495,0.5631845951708285,25,30,20
19,29,0.05428018272455555,0.07991472014324717,0.2645580299677002,0.6012470671644984,25,30,20
19,30,0.03282265132673256,0.07923713193365083,0.2875870272042798,0.6003531895353331,25,30,20
19,31,0.04927156623689385,0.07987188118955271,0.2712860345991874,0.5995705179743641,25,30,20
19,32,0.06456950241657863,0.07962449636206588,0.258223811375568,0.5975821898457867,25,30,20
19,33,0.0314087792238675,0.08426266178084217,0.28294163320720545,0.6013869257880857,25,30,20
19,34,0.0477999068503501,0.08200064043583874,0.24010629244772858,0.6300931602660803,25,30,20
19,35,0.07421595644297246,0.08252140977453003,0.20411693755083257,0.639145696231666,25,30,20
19,36,0.05872834889148451,0.07988997128080619,0.2225661936748514,0.6388154861528613,25,30,20
19,37,0.06669410979026272,0.07988887330513204,0.2212878149424264,0.6321292019621799,25,30,20
19,38,0.005541308256953021,0.0802571649927965,0.28227401817323444,0.6319275085770176,25,30,20
19,39,0.047956825074948535,0.07956353619369079,0.23966824534301273,0.632811393388348,25,30,20
19,40,0.044407081732785354,0.07930495097960906,0.23706626982036996,0.639221697467238,25,30,20
19,41,0.060040006242373864,0.07989115648078554,0.18999623717741515,0.6700726000994252,25,30,20
19,42,0.10194839319389076,0.08237969721622834,0.14850323946355862,0.6671686701263226,25,30,20
19,43,0.09590569894057309,0.08237945896300096,0.11276703671915522,0.708947805377271,25,30,20
19,44,0.07067535378653482,0.08238066113101676,0.12801779006491165,0.7189261950175364,25,30,20
19,45,0.06095092426637774,0.08239099993335101,0.14042436231789657,0.7162337134823765,25,30,20
19,46,0.007063534120015497,0.08246026098804705,0.17288047059234551,0.737595734299592,25,30,20
19,47,0.006102966011246328,0.08237752788724569,0.1724757952925758,0.7390437108089322,25,30,20
19,48,0.002729824069376505,0.07989755870811631,0.11001262626909546,0.8073599909534126,25,30,20
19,49,0.0022173489272353485,0.07994347367046623,0.10804078251192037,0.8097983948903774,25,30,20
19,50,0.0022739863952806996,0.081202059313073,0.11444789074497921,0.802076063546666,25,30,20
19,51,0.004122288703525392,0.14540046223016176,0.05074014812900257,0.7997371009373103,25,30,20
19,52,0.00520204578940185,0.15811509665825027,0.04855905438866654,0.7881238031636818,25,30,20
19,53,0.0022006205730976773,0.15955418871538535,0.04018512750478589,0.7980600632067314,25,30,20
19,54,0.0023066115070511516,0.15955204605255283,0.04044683992534715,0.7976945025150494,25,30,20
19,55,0.001480297609430477,0.159785744389731,0.04000988612565238,0.7987240718751863,25,30,20
19,56,0.0014368724209291482,0.1597759491006623,0.0002565265485398598,0.8385306519298694,25,30,20
19,57,0.0013241286141903066,0.1597646498026228,4.1079367207816194e-05,0.8388701422159788,25,30,20
19,58,0.0017487888814291313,0.15980460457943096,3.2354117822170134e-05,0.8384142524213176,25,30,20
19,59,0.0013713821825481346,0.1597810319002828,3.81253661032967e-05,0.8388094605510661,25,30,20
19,60,0.0023224524137551395,0.15975944438719863,5.2164098755667466e-05,0.8378659391002902,25,30,20
19,61,0.004020646826902407,0.15974437362978178,0.0005194694740351994,0.8357155100692805,25,30,20
19,62,0.0031175825149675662,0.15974437251240448,5.952301758608273e-05,0.8370785219550411,25,30,20
19,63,0.003926741214312328,0.15974650206676355,6.611673191070648e-05,0.8362606399870133,25,30,20
19,64,0.004610936709202485,0.15974128881223895,6.131785259921498e-05,0.8355864566259601,25,30,20
19,65,0.0033680259123608975,0.1593831564027023,6.515838830339146e-05,0.837183659296634,25,30,20
19,66,0.0029177480666002487,0.15939565557153412,0.00010740506107527123,0.8375791913007916,25,30,20
19,67,0.003164207009736093,0.15943377879715534,0.00010825399800357077,0.8372937601951057,25,30,20
19,68,0.001728807128248607,0.159786331647128,0.0004816338759123441,0.8380032273487114,25,30,20
19,69,0.0013738027391486634,0.15978638836822454,3.954697831532345e-05,0.8388002619143116,25,30,20
19,70,0.003610749920579441,0.15978574426201006,5.072790657845265e-05,0.8365527779108315,25,30,20
19,71,0.0025522907430455747,0.15978569790820527,0.00024539674544541264,0.8374166146033035,25,30,20
19,72,0.0022277777749271717,0.15979388632328864,3.742882279462305e-05,0.837940907078989,25,30,20
19,73,0.0030194878775781867,0.15977883467942375,5.862796282203116e-05,0.8371430494801758,25,30,20
19,74,0.0022866649294895807,0.15951488540837164,0.0002346115544501696,0.8379638381076885,25,30,20
19,75,0.004677974222401105,0.1425953401958418,0.01720693380120706,0.8355197517805497,25,30,20
19,76,0.002328016747296183,0.1597099448606814,0.0006506964761988057,0.8373113419158229,25,30,20
19,77,0.0025496418905967045,0.15978243582173762,0.000253699060831386,0.8374142232268337,25,30,20
19,78,0.0030614077849649714,0.1597666915750001,5.269698826278395e-05,0.8371192036517718,25,30,20
19,79,0.002223248187006094,0.1595650494217705,0.00022593160159626647,0.837985770789627,25,30,20
19,80,0.004837949373763322,0.15920581895100963,0.008937907968456041,0.8270183237067702,25,30,20
19,81,0.0029273724050639083,0.15980021975303552,0.00851615834466993,0.8287562494972301,25,30,20
19,82,0.0029140075414774763,0.15977543098501312,5.7023847894379544e-05,0.8372535376256154,25,30,20
19,83,0.0029219261753644465,0.15925213113778716,0.0005821010431361818,0.837243841643712,25,30,20
19,84,0.0019081704236548105,0.15926628763859207,0.0005836816560468795,0.8382418602817061,25,30,20
19,85,0.001712449833176361,0.15973486425690153,5.059417976591948e-05,0.8385020917301553,25,30,20
19,86,0.0025582354161201347,0.15972361032128693,0.00034705551090008155,0.8373710987516932,25,30,20
19,87,0.0015736284987254703,0.1394591118244499,0.020356004309986943,0.8386112553668373,25,30,20
19,88,0.0022927586250508806,0.11888924154207337,0.048729605539020185,0.8300883942938568,25,30,20
19,89,0.002731960192165001,0.11985120227045125,0.048352624752938216,0.8290642127844446,25,30,20
19,90,0.0019095338606421497,0.11983180683698974,0.0489770506062821,0.829281608696086,25,30,20
19,91,0.0013333746911991075,0.1198318056001256,0.05582425388934507,0.8230105658193305,25,30,20
19,92,0.0029759060836535055,0.11983819130239652,0.04855439357457076,0.8286315090393798,25,30,20
19,93,0.003314655323240059,0.119847905721171,0.03970813155137207,0.8371293074042169,25,30,20
19,94,0.002372138491142246,0.08196145047045267,0.07782162227391036,0.8378447887644925,25,30,20
19,95,0.004149205588425503,0.09951935169747164,0.05673705949718784,0.8395943832169137,25,30,20
19,96,0.0035309225119058048,0.11839777790651407,0.051075452290687655,0.8269958472908921,25,30,20
19,97,0.040898672366518625,0.1192902924375268,0.013926142681137139,0.8258848925148179,25,30,20
19,98,0.006637247657143711,0.1193143654459651,0.04768604076688848,0.8263623461300033,25,30,20
19,99,0.01710169144584464,0.12037070764503405,0.062195107625267074,0.8003324932838538,25,30,20
19,100,0.0030812832609984115,0.11928493452137337,0.0853142867128885,0.792319495504739,25,30,20
19,101,0.003075281326899675,0.11986016164199578,0.08530788523948778,0.7917566717916172,25,30,20
19,102,0.03010858593379162,0.119850919471889,0.04010407005922814,0.8099364245350924,25,30,20
19,103,0.02726854947337619,0.1199649857512624,0.05364272492783282,0.7991237398475293,25,30,20
19,104,0.009810143110371332,0.11997029023105804,0.07110217517487259,0.7991173914836988,25,30,20
19,105,0.03747498436397726,0.119330899359448,0.04425727795048328,0.7989368383260914,25,30,20
19,106,0.03752672425515326,0.1224818973582007,0.04161786996350561,0.7983735084231405,25,30,20
19,107,0.009708969216999928,0.11963816375557364,0.07232211416659774,0.7983307528608266,25,30,20
19,108,0.0442101741788857,0.1198476981978022,0.03926684062540708,0.7966752869979047,25,30,20
19,109,0.033933092258864685,0.11977179404878187,0.04744687371465508,0.7988482399776986,25,30,20
19,110,0.0359692573089069,0.11983884290038413,0.04592843899233887,0.7982634607983696,25,30,20
19,111,0.041058623095126257,0.11984660461138627,0.040331499305231014,0.7987632729882563,25,30,20
19,112,0.01872442622856051,0.11962640166199152,0.0633838235795139,0.7982653485299339,25,30,20
19,113,0.021210124051490267,0.11997870524327807,0.06009127788492002,0.7987198928203111,25,30,20
19,114,0.018661269653457647,0.11995242595511774,0.06452214048461799,0.796864163906805,25,30,20
19,115,0.022520150240953916,0.11992851193555072,0.06096116280935005,0.7965901750141445,25,30,20
19,116,0.04116759250999842,0.11984083817046087,0.04130980817600624,0.7976817611435336,25,30,20
19,117,0.01629711056212794,0.11984075772010963,0.06623593702876714,0.797626194688994,25,30,20
19,118,0.029068120679538314,0.11984330702571755,0.052655149653832965,0.7984334226409118,25,30,20
19,119,0.06778638047766557,0.1198432946882781,0.013571719120792773,0.798798605713264,25,30,20
19,120,0.0742870517663737,0.1197946318519215,0.006963515999135492,0.7989548003825694,25,30,20
19,121,0.05778044148131664,0.10587005137756032,0.03745968275008192,0.7988898243910413,25,30,20
19,122,0.06212952379166456,0.11817386043003683,0.02079339959519969,0.7989032161830985,25,30,20
19,123,0.07629316598155952,0.11984229932097973,0.004919263581780767,0.7989452711156804,25,30,20
19,124,0.07837993618178095,0.11985152593159883,0.0030048567508653445,0.7987636811357542,25,30,20
19,125,0.027084331438520057,0.11982878323188433,0.04044372452016162,0.8126431608094349,25,30,20
19,126,0.011657636549164534,0.11983053676778739,0.05544416002230651,0.8130676666607419,25,30,20
19,127,0.008145850881480341,0.11986070020066954,0.044810422594463016,0.8271830263233875,25,30,20
19,128,0.007633201514884632,0.11985160042496247,0.04408738015851106,0.828427817901642,25,30,20
19,129,0.040938613313246844,0.11985870363886944,0.011421969181838633,0.8277807138660453,25,30,20
19,130,0.015410320927555341,0.11984093188508338,0.037900255394781555,0.8268484917925791,25,30,20
19,131,0.03557195866062572,0.11983911425805113,0.043771108850527325,0.8008178182307956,25,30,20
19,132,0.03674499313762635,0.118956202528717,0.04431194723915739,0.7999868570944989,25,30,20
19,133,0.04404931285718332,0.11904895365768377,0.036394066747524836,0.8005076667376078,25,30,20
19,134,0.012320812756936464,0.11950584755553803,0.06820251910447891,0.7999708205830465,25,30,20
19,135,0.006959791744153141,0.11950571043038968,0.08721232598133877,0.7863221718441169,25,30,20
19,136,0.004911563421192655,0.11983282727225389,0.09567718407991195,0.7795784252266422,25,30,20
19,137,0.013647409102139624,0.11948058354196985,0.07473521473549098,0.7921367926203989,25,30,20
19,138,0.0374777339230574,0.11933601617592479,0.046123507563249566,0.7970627423377676,25,30,20
19,139,0.03135497282050659,0.11960884800161897,0.0515667740732311,0.7974694051046434,25,30,20
19,140,0.011307493960878084,0.1200142110209997,0.07002282676319618,0.7986554682549276,25,30,20
19,141,0.04374717664905099,0.11959634173893169,0.0402250124889443,0.7964314691230733,25,30,20
19,142,0.04453286250284675,0.11984107002726718,0.04017915649207557,0.7954469109778108,25,30,20
19,143,0.07102789706298175,0.11983197183578753,0.04011743584257015,0.7690226952586603,25,30,20
19,144,0.07206658767800092,0.11984762678904515,0.038313894662020426,0.7697718908709333,25,30,20
19,145,0.061575128438941855,0.11984768538554544,0.061284253906023343,0.7572929322694898,25,30,20
19,146,0.0588235167901645,0.11983337718817323,0.06265093514889535,0.7586921708727672,25,30,20
19,147,0.07073266993753208,0.11984185188945631,0.05117241344729068,0.7582530647257211,25,30,20
19,148,0.041876373259544034,0.15937385621660746,0.04030237282362185,0.7584473977002264,25,30,20
19,149,0.0037362443117464512,0.1904237057273522,0.04823002783725863,0.7576100221236427,25,30,20
19,150,0.0025572420843681114,0.19975607597712625,0.03996381579302968,0.7577228661454766,25,30,20
19,151,0.0024968480884764994,0.19970930787890728,0.03961420804219388,0.7581796359904232,25,30,20
19,152,0.0025495105823960763,0.19972284458442208,0.039810453194994204,0.7579171916381885,25,30,20
19,153,0.0014089572955991655,0.1997290322502899,0.03778203044030619,0.7610799800138035,25,30,20
19,154,0.001689199207251262,0.1997587005557795,0.040159849604097596,0.7583922506328712,25,30,20
19,155,0.0025032710167432744,0.19886701325880918,0.03998649524032639,0.758643220484122,25,30,20
19,156,0.0022560779746553174,0.1986992639930823,0.040337623077656766,0.7587070349546055,25,30,20
19,157,0.00228093058615518,0.19869180618495516,0.04035238968265196,0.7586748735462389,25,30,20
19,158,0.004032205996630537,0.1989093094287287,0.045982864671245904,0.7510756199033958,25,30,20
19,159,0.033182675851331035,0.19951238490270448,0.014794856493948653,0.752510082752017,25,30,20
19,160,0.0411518677229651,0.15954867739647802,0.041920547909995075,0.7573789069705629,25,30,20
19,161,0.027157964970373136,0.15976373450006698,0.055316779646539985,0.75776152088302,25,30,20
19,162,0.040832556311855145,0.15977410693719615,0.042210579434889664,0.7571827573160589,25,30,20
19,163,0.0027379242856354295,0.15975727772991363,0.03971170995991655,0.7977930880245325,25,30,20
19,164,0.004328770052188488,0.15944643440712097,0.038059088658897934,0.7981657068817924,25,30,20
19,165,0.003473540634049814,0.15979031587789427,0.04618389016834937,0.7905522533197071,25,30,20
19,166,0.003400667548523522,0.15977212972059285,0.046338408936684485,0.790488793794199,25,30,20
19,167,0.003870845125168367,0.1597962775148457,0.039069630232047396,0.797263247127938,25,30,20
19,168,0.03258990285555071,0.1597853268215038,0.008735261756553297,0.7988895085663917,25,30,20
19,169,0.03324413032398484,0.1597588381008449,0.008744386124249152,0.798252645450921,25,30,20
19,170,0.0017484617863115645,0.15956865924123287,0.040091115275880204,0.7985917636965765,25,30,20
19,171,0.02382705944107197,0.15912362931103557,0.018775501264305633,0.7982738099835862,25,30,20
19,172,0.0024491273198156568,0.16966520673834165,0.01931701106505606,0.8085686548767869,25,30,20
19,173,0.027368000345928754,0.17478425663894945,0.020429669142032383,0.7774180738730901,25,30,20
19,174,0.015462104050279691,0.1747963974326739,0.01986734052371159,0.7898741579933344,25,30,20
19,175,0.0018412781107248902,0.1597850418610273,0.048893385263969885,0.7894802947642766,25,30,20
19,176,0.002933249668834461,0.15978483799913992,0.03857217189261934,0.7987097404394055,25,30,20
19,177,0.0029429037924771717,0.15977699078352572,0.03840231000788854,0.7988777954161083,25,30,20
19,178,0.0014001849255827993,0.15976371063113592,0.039986310906026674,0.7988497935372536,25,30,20
19,179,0.0017071382989100948,0.1205541620499683,0.07921454363281312,0.7985241560183078,25,30,20
19,180,0.02074572923604126,0.12080991604786347,0.06296190706750374,0.7954824476485913,25,30,20
19,181,0.020969221886363413,0.11966017448726488,0.06294838938539643,0.7964222142409751,25,30,20
19,182,0.018876557089616754,0.11913061229532149,0.0641882672129115,0.7978045634021501,25,30,20
19,183,0.003065383732559347,0.12100880834176199,0.07743233737454722,0.7984934705511297,25,30,20
19,184,0.002243360766470402,0.11973612953838719,0.0795071258303183,0.7985133838648234,25,30,20
19,185,0.005940962470424247,0.11949472445662301,0.07588771398588115,0.7986765990870718,25,30,20
19,186,0.0031848879670412396,0.11985894079875718,0.07983421663015278,0.7971219546040501,25,30,20
19,187,0.002676939790171554,0.11988699474691204,0.0788997565422866,0.7985363089206311,25,30,20
19,188,0.029325081852566427,0.11989066459813054,0.052203675522851684,0.7985805780264511,25,30,20
19,189,0.02574003642431069,0.11984056825706603,0.055480401379281584,0.7989389939393413,25,30,20
19,190,0.006097638396454275,0.08197174779550849,0.1130406244381464,0.7988899893698919,25,30,20
19,191,0.003867456023082224,0.0799084801138676,0.11899248492784167,0.7972315789352085,25,30,20
19,192,0.014107693594141426,0.03994781839978323,0.10704023778518484,0.8389042502208903,25,30,20
19,193,0.014758315653780874,0.03998368502744797,0.10705700219365114,0.8382009971251208,25,30,20
19,194,0.0032273844836215645,0.03996847485247867,0.12579447123986476,0.8310096694240352,25,30,20
19,195,0.027225380483583222,0.039967766409500734,0.06665030140172586,0.8661565517051898,25,30,20
19,196,0.016741745459417118,0.03995378447484544,0.06688097329728027,0.8764234967684585,25,30,20
19,197,0.002340839295277483,0.039991351986145854,0.07981562346380924,0.8778521852547686,25,30,20
19,198,0.002210398816177416,0.039080427188520644,0.08006169211793202,0.8786474818773704,25,30,20
19,199,0.0034983119932483313,0.03908042909522265,0.07682730274955346,0.8805939561619763,25,30,20
19,200,0.0025331571581004974,0.05920060779816442,0.0604670609064746,0.8777991741372589,25,30,20
19,201,0.0036925690745204386,0.03908179453597727,0.08005320243995742,0.8771724339495438,25,30,20
19,202,0.0025217896254733276,0.03908112563544887,0.078526900216207,0.8798701845228707,25,30,20
19,203,0.0029896643569850057,0.039117807596020036,0.07723449687432175,0.8806580311726729,25,30,20
19,204,0.0028595871151400527,0.0707193517329134,0.04804526537877651,0.8783757957731693,25,30,20
19,205,0.0014277755601588438,0.03994581677094994,0.07990799241332205,0.8787184152555685,25,30,20
19,206,0.014714276463143867,0.03995492544206492,0.06701332924211181,0.8783174688526785,25,30,20
19,207,0.005307298224190063,0.03927714725292705,0.07969780051789223,0.8757177540049895,25,30,20
19,208,0.022949577489255506,0.07157474254233234,0.025589922714689003,0.8798857572537234,25,30,20
19,209,0.002148944398277246,0.07972011574274658,0.04901506639596833,0.8691158734630072,25,30,20
19,210,0.00312354958025952,0.0798700379837154,0.04887447125725476,0.8681319411787698,25,30,20
19,211,0.02500591862381389,0.07989811649066346,0.018109612574520727,0.8769863523110017,25,30,20
19,212,0.027314751904169036,0.07984467164048231,0.027507017869910774,0.8653335585854381,25,30,20
19,213,0.004921269331110359,0.07985424143010769,0.038847784861486725,0.8763767043772961,25,30,20
19,214,0.0391043925265705,0.07904326725534115,0.0030708195761170553,0.8787815206419726,25,30,20
19,215,0.038236244547637355,0.07985855003338158,0.0030513647136494694,0.8788538407053319,25,30,20
19,216,0.00356949587651564,0.07988784017276856,0.03856703251591373,0.8779756314348021,25,30,20
19,217,0.0047535906338394066,0.07988584361537172,0.03912899778173759,0.8762315679690506,25,30,20
19,218,0.00356625602068144,0.0788322981420845,0.03874946705913679,0.8788519787780972,25,30,20
19,219,0.0030082718346352215,0.07988463382401459,0.03855873112030157,0.8785483632210496,25,30,20
19,220,0.037220502329572976,0.07987584248159578,0.004803670990778228,0.8780999841980532,25,30,20
19,221,0.038085404239548794,0.07985563307185252,0.0049122427244864125,0.8771467199641116,25,30,20
19,222,0.03463356585496457,0.07989344240379401,0.01109997381014481,0.8743730179310951,25,30,20
19,223,0.03141978046194919,0.07988932284296156,0.010722582131862729,0.8779683145632268,25,30,20
19,224,0.033742869386281044,0.0798945766859092,0.00778114178332639,0.8785814121444833,25,30,20
19,225,0.021226518534022683,0.07989346109245096,0.06068597235632918,0.8381940480171974,25,30,20
19,226,0.0016734465390325806,0.08025333051279912,0.08001705912219455,0.8380561638259728,25,30,20
19,227,0.002245949704947137,0.07989867627659474,0.08020307847371887,0.8376522955447396,25,30,20
19,228,0.004846874753228456,0.07170614375763065,0.0772114581299395,0.8462355233592003,25,30,20
19,229,0.003965874769535683,0.07992921226683582,0.07743330694887296,0.838671606014755,25,30,20
19,230,0.005215155803809055,0.0799339867056072,0.0689323913100601,0.8459184661805232,25,30,20
19,231,0.003232695901428356,0.07993397496044895,0.07563158539320329,0.8412017437449181,25,30,20
19,232,0.02120520642614387,0.07905310533464813,0.0429475496290866,0.8567941386101222,25,30,20
19,233,0.021205113301357013,0.07990751627134714,0.043675920130510686,0.855211450296784,25,30,20
19,234,0.022673820297706992,0.07885254770818047,0.04394951578972203,0.8545241162043895,25,30,20
19,235,0.02130900049764775,0.07885254340107369,0.05115847968535392,0.8486799764159236,25,30,20
19,236,0.021101665045107645,0.07838322787235502,0.044152956914741,0.8563621501677965,25,30,20
19,237,0.002849275918768074,0.07989759409799663,0.0796126458687555,0.8376404841144793,25,30,20
19,238,0.0045383537241222086,0.08023441359717694,0.03968738251660103,0.8755398501620985,25,30,20
19,239,0.001997326235914211,0.07966435678918984,0.04041851726731091,0.8779197997075849,25,30,20
19,240,0.0014240887168624691,0.0798751543565235,0.0401748468882907,0.878525910038323,25,30,20
19,241,0.0032126124870780507,0.040654274865804495,0.07914590370419812,0.87698720894292,25,30,20
19,242,0.002295052135408545,0.039943968189214696,0.07985556140561453,0.8779054182697631,25,30,20
19,243,0.027497210871802142,0.03994422918056419,0.06142574356841232,0.8711328163792211,25,30,20
19,244,0.003093148749483782,0.03997107439172272,0.039046809330979364,0.9178889675278143,25,30,20
19,245,0.0022236022167332246,0.03997107206121541,0.03903948103645086,0.9187658446856001,25,30,20
19,246,0.0022674115621365534,0.03994388458158913,0.04881961756374022,0.9089690862925355,25,30,20
19,247,0.006361890747849078,0.0399441566162155,0.03678183807041094,0.9169121145655242,25,30,20
19,248,0.014606873019961011,0.03928602051984014,0.028214501580974535,0.9178926048792251,25,30,20
19,249,0.013768734938531552,0.03928601727468564,0.028208891617734575,0.918736356169048,25,30,20
19,250,0.0021084442503662994,0.039914940974395435,0.03953781575014957,0.9184387990250882,25,30,20
19,251,0.024453309890856346,0.039915105640295115,0.009606811947118708,0.9260247725217298,25,30,20
19,252,0.02523088083948897,0.03995340376476137,0.00915190409577504,0.9256638112999742,25,30,20
19,253,0.0038707361695418173,0.03994453952275336,0.04857804544402868,0.9076066788636754,25,30,20
19,254,0.0022044362023028933,0.039112416468586465,0.03997011695408721,0.9187130303750226,25,30,20
19,255,0.00920687308890596,0.03994382499206028,0.03249180505803561,0.9183574968609978,25,30,20
19,256,0.03604128853055296,0.0399238730106427,0.01366867664418513,0.9103661618146198,25,30,20
19,257,0.020066155114041844,0.04026146515101904,0.022082975669426602,0.917589404065512,25,30,20
19,258,0.004384546117907237,0.03994847383334671,0.04038966877151057,0.915277311277236,25,30,20
19,259,0.002538908343309699,0.03995371718281156,0.04017497654467661,0.9173323979292026,25,30,20
19,260,0.02091159431109611,0.03994283753199134,0.002234989521387485,0.9369105786355248,25,30,20
19,261,0.02006421297580877,0.039083442122867254,0.0022126972756671224,0.9386396476256573,25,30,20
19,262,0.023850618066307557,0.039083444856298215,0.0022291562381124763,0.9348367808392818,25,30,20
19,263,0.02350988394053631,0.039083443128306826,0.002218018222422428,0.935188654708734,25,30,20
19,264,0.008992659603872499,0.039955657507084484,0.0356104197094151,0.9154412631796278,25,30,20
19,265,0.010207124297869801,0.03995202763092029,0.03529000909076627,0.9145508389804443,25,30,20
19,266,0.003948752724994305,0.03994979051825689,0.039935971043482954,0.9161654857132662,25,30,20
19,267,0.001728163099267373,0.03994369696095934,0.04037921947872994,0.9179489204610433,25,30,20
19,268,0.026467630756222372,0.039937354641752076,0.015011727860096323,0.9185832867419286,25,30,20
19,269,0.041199921593714904,0.03991781913118546,0.00021003553542295913,0.9186722237396764,25,30,20
19,270,0.0029652226410436995,0.039925997346504725,0.047490829071081535,0.9096179509413698,25,30,20
19,271,0.007026903210060455,0.03994424560692281,0.03480654978773663,0.9182223013952806,25,30,20
19,272,0.00200487474490269,0.03996570614013241,0.03987772230001306,0.9181516968149523,25,30,20
19,273,0.0023538141080988425,0.03995370675038547,0.03903898029673098,0.9186534988447856,25,30,20
19,274,0.0034360764948333914,0.03995371224212043,0.0391767953022265,0.9174334159608207,25,30,20
19,275,0.0016828640005182968,0.03995370502737544,0.04000228777808552,0.9183611431940217,25,30,20
19,276,0.0030037819110746117,0.03995370673728638,0.0399892920622491,0.9170532192893894,25,30,20
19,277,0.02108509980752602,0.039958512989068024,0.021275081967450357,0.9176813052359559,25,30,20
19,278,0.021068422532380407,0.03996891487437673,0.021284598486914726,0.917678064106327,25,30,20
19,279,0.0044373589927731395,0.039953619749042074,0.03850314281573036,0.9171058784424543,25,30,20
19,280,0.0022960192798038405,0.039948372062664474,0.0768114835971302,0.8809441250604018,25,30,20
19,281,0.006322938332700816,0.03996162689378849,0.044961149792210185,0.9087542849813005,25,30,20
19,282,0.012632913327394434,0.03995259602081262,0.038446752734983256,0.9089677379168098,25,30,20
19,283,0.0023907418836311813,0.039948935556371745,0.048459025541599116,0.909201297018399,25,30,20
19,284,0.0036690414104410176,0.039944448928734125,0.03751832578575275,0.9188681838750726,25,30,20
19,285,0.04172432996977138,0.039944358054658256,0.00018831630411068393,0.9181429956714591,25,30,20
19,286,0.0407396389387178,0.03994436548694427,0.000842461093554748,0.9184735344807835,25,30,20
19,287,0.04161962831962044,0.039944368331589014,0.0008369747449901904,0.9175990286038005,25,30,20
19,288,0.03813474999948614,0.039944362131629434,0.004520297059765018,0.9174005908091192,25,30,20
19,289,0.039084575931669675,0.03992969854306376,0.005390124036516817,0.9155956014887502,25,30,20
19,290,0.03809306878857086,0.03992967577186161,0.004520142576990884,0.9174571128625767,25,30,20
19,291,0.04101601423989311,0.03994431514911218,0.0011959917602424354,0.9178436788507511,25,30,20
19,292,0.019484460351745253,0.039944297499932196,0.021835000724007205,0.9187362414243139,25,30,20
19,293,0.0367979186803012,0.03994430025948286,0.004813594533888453,0.9184441865263266,25,30,20
19,294,0.0373477519870339,0.03994430050929824,0.004812806191979383,0.9178951413116873,25,30,20
19,295,0.0021541135325642926,0.03994429208068885,0.03997714162737897,0.9179244527593672,25,30,20
19,296,0.0026109511397882034,0.03994855235273709,0.039406100770535996,0.9180343957369398,25,30,20
19,297,0.002886410907868014,0.03994858922009896,0.038783001955099566,0.918381997916934,25,30,20
19,298,0.0017235854046413362,0.03994859475007653,0.039959708669541474,0.91836811117574,25,30,20
19,299,0.0036901767249915766,0.03994859576493879,0.03996938085735764,0.9163918466527103,25,30,20
19,300,0.0030666680823432757,0.03909271575764086,0.03997493322596726,0.9178656829340482,25,30,20
19,301,0.0053574576496492575,0.0399536389080161,0.035901223570152255,0.9187876798721833,25,30,20
19,302,0.003832141288793895,0.0399536423194439,0.04000254167678023,0.9162116747149814,25,30,20
19,303,0.00452927391349205,0.041085344189523865,0.03649349702435254,0.9178918848726318,25,30,20
19,304,0.0013900882370325876,0.0796495118209836,0.00026860335335948676,0.9186917965886241,25,30,20
19,305,0.0013754514611064395,0.07989753510269251,0.0072550115947192465,0.9114720018414809,25,30,20
19,306,0.0013662055652308499,0.07989714284974635,3.4788221793619074e-05,0.9187018633632285,25,30,20
19,307,0.0013255175394945695,0.07988412974912174,4.267477131153736e-05,0.9187476779400714,25,30,20
19,308,0.0013406593156467617,0.07988387323620777,0.00048679526031644645,0.918288672187828,25,30,20
19,309,0.003004238862532674,0.07988387431132153,4.7243977783741074e-05,0.9170646428483619,25,30,20
19,310,0.0013767073878598712,0.0798793175155696,0.00048701195705069036,0.91825696313952,25,30,20
19,311,0.0013718565294989393,0.07988832250417506,4.463117535673114e-05,0.9186951897909698,25,30,20
19,312,0.002236162031501341,0.07936358107881103,0.0005595099315583013,0.917840746958129,25,30,20
19,313,0.0022614411090151414,0.07898915078181534,0.0004887946539973611,0.9182606134551722,25,30,20
19,314,0.0022210848175420795,0.07987367894184484,0.0003408600896467368,0.9175643761509662,25,30,20
19,315,0.003841536208817077,0.07989789815418306,0.00036028856058945886,0.9159002770764104,25,30,20
19,316,0.0037296742436283064,0.07988198653946978,4.3708869733943206e-05,0.9163446303471684,25,30,20
19,317,0.001335278153943672,0.07989788993782565,3.265822693360518e-05,0.918734173681297,25,30,20
19,318,0.0013099798181912534,0.07987422623600321,0.0004740618937622889,0.9183417320520438,25,30,20
19,319,0.0023294335303601526,0.07987420517371432,4.565177636190876e-05,0.9177507095195643,25,30,20
19,320,0.001373978869230696,0.07988499613241254,0.00047814325647579806,0.9182628817418815,25,30,20
19,321,0.002520904594858776,0.07988838077423,0.01594957454782432,0.9016411400830887,25,30,20
19,322,0.0020035443830545905,0.07966257148782438,0.0004705338600548801,0.9178633502690658,25,30,20
19,323,0.0023879496927881106,0.0798981761392525,0.007855494681452328,0.9098583794865068,25,30,20
19,324,0.0021610623217586983,0.07989803240880641,0.03779700985880535,0.8801438954106291,25,30,20
19,325,0.0013364345600887153,0.07989804480400203,0.03759701794880516,0.8811685026871028,25,30,20
19,326,0.005624161495549684,0.07652326404757073,0.03993265698706464,0.8779199174698149,25,30,20
19,327,0.0024126457940084945,0.07986865824837036,0.0400068317244105,0.8777118642332112,25,30,20
19,328,0.0014517816118185137,0.07984937855755607,0.04015060865767493,0.8785482311729516,25,30,20
19,329,0.003401190564171935,0.0798788301941733,0.040376185714858924,0.8763437935267965,25,30,20
19,330,0.0018068707819064015,0.07986746299286235,0.03963546311944428,0.8786902031057867,25,30,20
19,331,0.001736143964401049,0.07985454046796621,0.03966262461315092,0.878746690954483,25,30,20
19,332,0.002619693003785879,0.07902376481110127,0.039649762351026255,0.8787067798340873,25,30,20
19,333,0.0014166270600852987,0.07991538571321449,0.04033703512806906,0.878330952098633,25,30,20
19,334,0.003129755323690443,0.07987736401475194,0.04039985250471575,0.8765930281568413,25,30,20
19,335,0.002971545812508419,0.0801816676569306,0.03997317278229144,0.8768736137482688,25,30,20
19,336,0.0024339181822026954,0.08016271917135688,0.04013334865826446,0.8772700139881746,25,30,20
19,337,0.0014020682863478658,0.07989203365409366,0.04052449478989015,0.8781814032696684,25,30,20
19,338,0.0024371666597363807,0.07989706265287211,0.03996040349293248,0.8777053671944589,25,30,20
19,339,0.001984184484289936,0.079323319570557,0.04079722493641966,0.8778952710087328,25,30,20
19,340,0.0022732500721494224,0.07989021854435455,0.04086870859462427,0.8769678227888713,25,30,20
19,341,0.0022720262818400673,0.079890340257835,0.040048873367028316,0.8777887600932968,25,30,20
19,342,0.001383639871320519,0.07937338269617056,0.0406016751964144,0.8786413022360939,25,30,20
19,343,0.002363350029302548,0.07935035830700099,0.04050239180466507,0.8777838998590305,25,30,20
19,344,0.004203587263362415,0.0798579046386829,0.03999815882201298,0.8759403492759419,25,30,20
19,345,0.002188507655236852,0.07990701366972669,0.040544630281963194,0.8773598483930724,25,30,20
19,346,0.002186428602970374,0.07988202463167009,0.040501852294046195,0.877429694471313,25,30,20
19,347,0.002624624887100553,0.07990232629565344,0.03995346142911589,0.8775195873881286,25,30,20
19,348,0.002798230072266655,0.07989810210099987,0.039962019877654964,0.8773416479490785,25,30,20
19,349,0.0021273577459040185,0.07989809874742847,0.03993764256936994,0.8780369009372984,25,30,20
19,350,0.0024456690536675237,0.07989810816771568,0.039951986930029826,0.8777042358485875,25,30,20
19,351,0.0026103281569901117,0.07988396358907573,0.04037091802726782,0.8771347902266659,25,30,20
19,352,0.005190444712741727,0.0798846999428706,0.036119043981855066,0.8788058113625321,25,30,20
19,353,0.004103967756075904,0.07988396213762104,0.046965870373610344,0.8690461997326919,25,30,20
19,354,0.0017561601782789074,0.07989180967203996,0.04720172424214912,0.8711503059075308,25,30,20
19,355,0.0031369656908968708,0.0790145825148792,0.03695003650880345,0.8808984152854206,25,30,20
19,356,0.014418094756087107,0.07901458452577131,0.040143026435623286,0.8664242942825189,25,30,20
19,357,0.0013755330526139015,0.07991057381615642,0.007840606632680132,0.9108732864985488,25,30,20
19,358,0.002208646810034616,0.07990218810668896,0.0006145938599645693,0.9172745712233109,25,30,20
19,359,0.0022396956239309034,0.07989816174954459,5.2508441044995704e-05,0.9178096341854787,25,30,20
19,360,0.0013462064407857043,0.07990385045737776,2.6187408802091613e-05,0.918723755693033,25,30,20
19,361,0.0028846306864336417,0.0790064300805747,5.688714810084401e-05,0.9180520520848908,25,30,20
19,362,0.0022463502759720658,0.07989238021643587,4.9074085937482667e-05,0.9178121954216545,25,30,20
19,363,0.03041929519463184,0.07989238105169312,0.00015494292695988188,0.8895333808267154,25,30,20
19,364,0.02101496983563693,0.07989762117323003,0.01980505254963411,0.8792823564414991,25,30,20
19,365,0.02182507678841905,0.07987374874482304,0.019805602133697208,0.8784955723330602,25,30,20
19,366,0.0017129985309021934,0.07987449517178093,0.039538723547047426,0.878873782750269,25,30,20
19,367,0.0020420935628452097,0.07988879262658494,0.039549285593607736,0.8785198282169617,25,30,20
19,368,0.002103952769639802,0.07989891375546161,0.03954440222687438,0.8784527312480246,25,30,20
19,369,0.0013335227785559222,0.08017348671460266,0.039646983917531846,0.8788460065893103,25,30,20
19,370,0.0012738863925764218,0.08016426374986681,0.039649241435289036,0.878912608422267,25,30,20
19,371,0.0026256292866146456,0.07988347446261129,0.03988342979415874,0.8776074664566156,25,30,20
19,372,0.001982131228165183,0.07990098327674398,0.04014654326502168,0.8779703422300684,25,30,20
19,373,0.0029892618198221034,0.07990099566550167,0.05565606473795128,0.8614536777767248,25,30,20
19,374,0.0038603962366328503,0.07988253320601892,0.039930209780923515,0.8763268607764242,25,30,20
19,375,0.003969590658562331,0.07989778458511161,0.03882995699897829,0.8773026677573477,25,30,20
19,376,0.0031395376053164298,0.07989858510531729,0.03798350897860506,0.8789783683107618,25,30,20
19,377,0.0013236989861034206,0.11980237814776547,3.9557712524205986e-05,0.8788343651536067,25,30,20
19,378,0.0025921175882725554,0.11984125385370016,0.0004399042601004163,0.8771267242979266,25,30,20
19,379,0.001957083993195264,0.11984177996613372,0.00041879020912009564,0.8777823458315507,25,30,20
19,380,0.0016362501864942045,0.11984171060923661,4.191767753872131e-05,0.878480121526731,25,30,20
19,381,0.003359334542958734,0.11981313271452677,5.4215883608513616e-05,0.8767733168589059,25,30,20
19,382,0.0033902437671946635,0.11984231362692288,0.00026056968206536577,0.8765068729238173,25,30,20
19,383,0.004011612744045005,0.11863738254939142,8.797979020287788e-05,0.8772630249163599,25,30,20
19,384,0.0025715350779560425,0.11960046585339772,0.00028981207415925244,0.8775381869944874,25,30,20
19,385,0.003053336455881174,0.11984252537773137,5.49376216395056e-05,0.8770492005447471,25,30,20
19,386,0.0033477580609459403,0.11984247107600084,7.139749743116772e-05,0.8767383733656233,25,30,20
19,387,0.0021756784489933277,0.11984155788258714,3.517524537587015e-05,0.8779475884230444,25,30,20
19,388,0.0029560432403155303,0.11985183272473467,3.5943939917639425e-05,0.8771561800950316,25,30,20
19,389,0.001472861468847541,0.11913540684176004,0.00069560795206422,0.8786961237373283,25,30,20
19,390,0.0016806049077092546,0.11983226818609216,3.2449608047310704e-05,0.878454677298151,25,30,20
19,391,0.0032429889286945046,0.11983226927690546,4.6868401335217025e-05,0.8768778733930627,25,30,20
19,392,0.0019998513962216987,0.11984177410956702,4.918697492550239e-05,0.8781091875192847,25,30,20
19,393,0.002691064073064724,0.11947659599968626,0.00026879320020381156,0.8775635467270452,25,30,20
19,394,0.003224642059545285,0.1194617281812997,5.983013315262792e-05,0.8772537996260027,25,30,20
19,395,0.003863082266713747,0.11985117604549514,4.5858354677638205e-05,0.876239883333114,25,30,20
19,396,0.0033061911921770217,0.11983601522922514,4.5663743042865795e-05,0.8768121298355553,25,30,20
19,397,0.003074578090302777,0.11985088944266314,0.008884884594922829,0.8681896478721106,25,30,20
19,398,0.002187033122388917,0.11985105790692716,0.009035713823402357,0.8689261951472812,25,30,20
19,399,0.002530274427053887,0.11982424844783253,0.0005997246786780251,0.8770457524464361,25,30,20
19,400,0.0022467258590708125,0.11982424782571696,5.028480237900097e-05,0.8778787415128323,25,30,20
19,401,0.002219126272222745,0.11982473035658439,5.045087966865427e-05,0.8779056924915238,25,30,20
19,402,0.002262697554000623,0.1198290202382446,5.082928537082671e-05,0.8778574529223833,25,30,20
19,403,0.005455663899729215,0.11928679868237245,0.0008853160483195053,0.8743722213695786,25,30,20
19,404,0.0045202492286458345,0.08251993771128689,0.03784357878534875,0.8751162342747191,25,30,20
19,405,0.004540286966140802,0.08252041288333978,0.037684688433337346,0.8752546117171822,25,30,20
19,406,0.0022289470787797217,0.07989178005143396,0.04014433685078179,0.8777349360190045,25,30,20
19,407,0.0027972300076489014,0.08079598601267395,0.038714063512429696,0.8776927204672473,25,30,20
19,408,0.004954418422217951,0.08080541590045827,0.038562502082857,0.8756776635944662,25,30,20
19,409,0.0053138400134894025,0.08078397066253844,0.038783703583773574,0.8751184857401993,25,30,20
19,410,0.006729765121742761,0.07990223456770389,0.039002516257564304,0.8743654840529891,25,30,20
19,411,0.010500676502470377,0.07990574450699867,0.03954884515025574,0.8700447338402749,25,30,20
19,412,0.002743803967033701,0.07989426682295372,0.07768600667912579,0.8396759225308871,25,30,20
19,413,0.001636252242077836,0.07990067243387462,0.07913895248793462,0.8393241228361127,25,30,20
19,414,0.006662826977740283,0.10725671024618422,0.04727430957595325,0.8388061532001211,25,30,20
19,415,0.008154289376619056,0.09902702318860541,0.055675096353793876,0.8371435910809809,25,30,20
19,416,0.006657799665440599,0.0986762584488457,0.05579879793988624,0.8388671439458268,25,30,20
19,417,0.006644518069390235,0.10722245472870252,0.04728525119199312,0.8388477760099144,25,30,20
19,418,0.02031767594740431,0.08233630261527447,0.05918395500066327,0.838162066436658,25,30,20
19,419,0.0045657271216443035,0.12065887911786792,0.036686790012184764,0.8380886037483041,25,30,20
19,420,0.0017037109569661257,0.11917747242950559,0.04065404914006204,0.8384647674734669,25,30,20
19,421,0.006642123531612267,0.11916480228067615,0.039793874924136975,0.8343991992635748,25,30,20
19,422,0.004493963914974462,0.11984211735439461,0.03926193671711871,0.8364019820135122,25,30,20
19,423,0.0038712216188603347,0.11984610186723854,0.040118135464170396,0.8361645410497305,25,30,20
19,424,0.004183882329258501,0.11984667499135776,0.04875269963665039,0.8272167430427324,25,30,20
19,425,0.0038484023588041287,0.11985129231248429,0.048579325726196325,0.8277209796025154,25,30,20
19,426,0.005411063032499778,0.1198769007673538,0.03930597529944604,0.8354060609006999,25,30,20
19,427,0.0029157180931310028,0.11982836122647217,0.03929229400543491,0.8379636266749609,25,30,20
19,428,0.003095834337188104,0.11984593327257116,0.039927650315655795,0.8371305820745853,25,30,20
19,429,0.004221426279910069,0.11985233692388218,0.039944522906747715,0.83598171388946,25,30,20
19,430,0.005641029965678208,0.11984904097262303,0.039358533875536915,0.8351513951861625,25,30,20
19,431,0.00376032865753981,0.11956904316512124,0.03958171061276947,0.8370889175645706,25,30,20
19,432,0.0045478512431691796,0.11984212563634106,0.03950180942856695,0.8361082136919226,25,30,20
19,433,0.00219083988577717,0.1198419423638799,0.0006417503403028768,0.8773254674100396,25,30,20
19,434,0.0014854687005132516,0.11982403890334574,0.0006445371039290618,0.8780459552922119,25,30,20
19,435,0.00215682883030387,0.11985068129776652,0.0004759286362222917,0.8775165612357075,25,30,20
19,436,0.002280691472749514,0.1195894218777465,0.009597498740237118,0.8685323879092681,25,30,20
19,437,0.002615905354787218,0.11983626220828152,0.04045133408043967,0.8370964983564906,25,30,20
19,438,0.001314534011847528,0.11983239170394504,0.04041363106987857,0.8384394432143278,25,30,20
19,439,0.0038648099354162946,0.11982749860581263,0.037895612153068386,0.8384120793057006,25,30,20
19,440,0.00256570941850483,0.1198221431637535,0.013413019351346834,0.8641991280663942,25,30,20
19,441,0.004073251343821211,0.11979846120112116,0.01342483608566841,0.8627034513693898,25,30,20
19,442,0.0038251074034397047,0.11982235737894985,0.013423409979986665,0.8629291252376237,25,30,20
19,443,0.0049481666538736015,0.11982235174068451,5.913352962786414e-05,0.8751703480758151,25,30,20
19,444,0.003667100205143015,0.11983275676355552,4.2407822286105596e-05,0.876457735209014,25,30,20
19,445,0.0020909802029840446,0.11950068842372867,0.007204752083442928,0.8712035792898452,25,30,20
19,446,0.001890386156890935,0.11922779639657963,3.7440605918791704e-05,0.8788443768406101,25,30,20
19,447,0.0013785190635617211,0.11160522766953518,0.008456313599336079,0.8785599396675667,25,30,20
19,448,0.0014368616794420467,0.11143922084678336,0.008430902216139968,0.8786930152576344,25,30,20
19,449,0.0053076051926893965,0.11984241533510948,0.0005005120672904472,0.8743494674049103,25,30,20
19,450,0.0014717867510460852,0.1197802095387363,3.561000527760392e-05,0.8787123937049393,25,30,20
19,451,0.002546223226877123,0.11949169158568244,0.0006136631433970304,0.8773484220440428,25,30,20
19,452,0.003458590911770894,0.11982644073725247,0.009480233193627539,0.8672347351573491,25,30,20
19,453,0.002308563057414289,0.11982692298742066,0.007895279966289174,0.8699692339888763,25,30,20
19,454,0.0022285346151546493,0.11983857946984408,0.01688417723835151,0.86104870867665,25,30,20
19,455,0.002984707745463654,0.11983892279605009,0.009289250650699691,0.8678871188077867,25,30,20
19,456,0.0033628422398028156,0.11983244462101073,0.0004105075985472041,0.8763942055406395,25,30,20
19,457,0.0014448145056050149,0.1198419454363828,0.0012840525595301153,0.877429187498482,25,30,20
19,458,0.0014580783439496524,0.11983291647768414,0.0008596274091090286,0.8778493777692568,25,30,20
19,459,0.001277804286862034,0.11983251695704594,0.0006892096208856711,0.8782004691352049,25,30,20
19,460,0.0013335383461324296,0.11984657917521041,0.0006789367478861627,0.8781409457307697,25,30,20
19,461,0.0029434176089189056,0.11984658027458242,5.5481583323182623e-05,0.8771545205331748,25,30,20
19,462,0.002201828569696839,0.11984664757218504,6.714787654697907e-05,0.8778843759815714,25,30,20
19,463,0.0021790020385487325,0.11984143286392637,5.1026476094386e-05,0.8779285386214306,25,30,20
19,464,0.001378061528191664,0.11983830485589164,0.00019059358319577297,0.8785930400327208,25,30,20
19,465,0.0013761295287529555,0.11982676313618949,0.0001875686392006554,0.8786095386958556,25,30,20
19,466,0.0016963679372867814,0.1198260506571401,0.000188766260743383,0.878288815144829,25,30,20
19,467,0.0017014116263111495,0.11984751407825253,4.433245118873788e-05,0.8784067418442476,25,30,20
19,468,0.0012869887842684427,0.11985162084170684,2.41182696361715e-05,0.8788372721043881,25,30,20
19,469,0.0012594442017283707,0.11984323455583641,3.905330364310667e-05,0.8788582679387916,25,30,20
19,470,0.0012779278023113186,0.11985075965799967,2.8800697987780335e-05,0.8788425118417011,25,30,20
19,471,0.0013898094484255206,0.11985076052895778,2.777379636793226e-05,0.8787316562262485,25,30,20
19,472,0.0044869799152026804,0.11983658078068603,0.00021186568624927292,0.8754645736178616,25,30,20
19,473,0.005071915470899335,0.11984279022908685,8.7851305899439e-05,0.8749974429941137,25,30,20
19,474,0.0013299219665721665,0.11984212588007515,2.0793883235544034e-05,0.878807158270118,25,30,20
19,475,0.002838176775597277,0.1198461898528577,0.007255111859649807,0.8700605215118955,25,30,20
19,476,0.0034696951503942947,0.11986101538976009,0.007552614730819271,0.869116674729026,25,30,20
19,477,0.004255339694318499,0.11898614032480033,0.0002096522057457104,0.8765488677751354,25,30,20
19,478,0.0013466932638775864,0.11932277889056662,0.0005480174965930299,0.8787825103489637,25,30,20
19,479,0.002206168216666429,0.11895507095021582,5.5240154149702625e-05,0.8787835206789684,25,30,20
19,480,0.0020686082478576892,0.08093098596250328,0.0389053772704096,0.8780950285192293,25,30,20
19,481,0.0017178951262054327,0.07988762650088631,0.03998543304453289,0.8784090453283764,25,30,20
19,482,0.003443523323304881,0.07988828512562551,0.038559606315211575,0.8781085852358573,25,30,20
19,483,0.003401243175413855,0.07985961177179864,0.038551890060351396,0.8781872549924356,25,30,20
19,484,0.003944572079598955,0.07987404399753172,0.03996148225448604,0.8762199016683823,25,30,20
19,485,0.005482148772110879,0.07989793037714993,0.04041026437428897,0.8742096564764513,25,30,20
19,486,0.024484087941197302,0.07935996175784857,0.017932501252382927,0.8782234490485705,25,30,20
19,487,0.008867516735721762,0.0798876273650922,0.0359214216265515,0.8753234342726344,25,30,20
19,488,0.0039131744455753485,0.07988757987988089,0.00029685592514999053,0.9159023897493942,25,30,20
19,489,0.0031055252317350145,0.0791902793582824,0.0009361157274486513,0.9167680796825338,25,30,20
19,490,0.003061017365284161,0.07988297532767685,4.910035287800844e-05,0.917006906954161,25,30,20
19,491,0.002231321185716951,0.07988297555364544,0.0002393455535685906,0.9176463577070685,25,30,20
19,492,0.0025905960584572552,0.07988297889137726,0.0006208923882608991,0.9169055326619041,25,30,20
19,493,0.0014945799879370356,0.07988297315140741,0.0005972531731556499,0.9180251936875002,25,30,20
19,494,0.004005404986544613,0.07073506143670222,0.008363608182819046,0.916895925393935,25,30,20
19,495,0.0025630232795258627,0.07972027026930721,0.0007986280096031316,0.9169180784415635,25,30,20
19,496,0.0038189301449624686,0.07989795009274521,0.0001333921945796766,0.9161497275677132,25,30,20
19,497,0.001487443036895445,0.07989313208592803,0.0005957323826560309,0.9180236924945199,25,30,20
19,498,0.0017402983703487063,0.07990565784710128,4.18051492100516e-05,0.9183122386333405,25,30,20
19,499,0.0013374068956597696,0.07923593610186123,0.0006974594175377765,0.9187291975849418,25,30,20
19,500,0.0019868396809982246,0.07989772259439358,3.800538967503896e-05,0.918077432334933,25,30,20
19,501,0.0013020966576493846,0.0796639748746744,0.0008325972180735692,0.9182013312496038,25,30,20
19,502,0.0014139496716957026,0.07965433382919301,0.0004786884747459032,0.9184530280243643,25,30,20
19,503,0.0016922520144249781,0.07965433591698277,0.0002759985481993591,0.9183774135203921,25,30,20
19,504,0.0024350371040244077,0.07873302093043709,4.110444827681537e-05,0.9187908375172619,25,30,20
19,505,0.002546868309856301,0.07872275927387376,5.577172487966355e-05,0.9186746006913917,25,30,20
19,506,0.004364761731942546,0.07753582719599503,0.00021825800938937492,0.9178811530626733,25,30,20
19,507,0.002181703361479131,0.07987653708434082,6.621433848030261e-05,0.9178755452156995,25,30,20
19,508,0.0017473493833100968,0.0798883768964199,0.0004972633244812094,0.9178670103957894,25,30,20
19,509,0.0014363095366895667,0.07985832157306248,0.007653349346464543,0.9110520195437843,25,30,20
19,510,0.002670477374292715,0.07985833493666958,0.002139205716181159,0.9153319819728566,25,30,20
19,511,0.001970525931136648,0.07990701301042005,0.0003795373196874392,0.9177429237387561,25,30,20
19,512,0.0019339857236071135,0.07989054600547976,0.0006196814629670843,0.9175557868079455,25,30,20
19,513,0.0028815434878406926,0.07971699419659331,0.00036638578299389135,0.9170350765325717,25,30,20
19,514,0.0027753955042811662,0.07989718483723314,0.00020553678638030165,0.9171218828721055,25,30,20
19,515,0.0019634377231829243,0.0799074965882664,0.01825289628224539,0.8998761694063055,25,30,20
19,516,0.0027875840085697613,0.07990749719834592,0.01812027393669171,0.8991846448563944,25,30,20
19,517,0.0028428369656298253,0.07987339485009498,6.224231093718899e-05,0.917221525873338,25,30,20
19,518,0.0019545272078203553,0.07988868508893181,6.744385229692336e-05,0.918089343850951,25,30,20
19,519,0.0012602676881998292,0.0799043350472591,4.5647588815373614e-05,0.9187897496757259,25,30,20
19,520,0.0013529176052897794,0.07986846101623118,3.603003934510367e-05,0.9187425913391334,25,30,20
19,521,0.003680977986528043,0.07985936947155713,4.392149001465877e-05,0.9164157310518993,25,30,20
19,522,0.004001043439835361,0.07989276824367923,5.073523298405825e-05,0.9160554530835011,25,30,20
19,523,0.001242340253297764,0.07971569266124791,0.00020362428480472704,0.9188383428006496,25,30,20
19,524,0.0012849403652448327,0.07970068458630063,0.0002028692567595517,0.918811505791694,25,30,20
19,525,0.0023172771685822852,0.07971576484818671,0.00024824332759813074,0.9177187146556336,25,30,20
19,526,0.0019967387524812467,0.07988852446208837,5.747604926259212e-05,0.9180572607361687,25,30,20
19,527,0.0028782031986943064,0.07985924222741046,7.197582296154414e-05,0.9171905787509341,25,30,20
19,528,0.0030724119597405723,0.07988334546389332,5.757913899051304e-05,0.9169866634373756,25,30,20
19,529,0.0025988625554458494,0.07989810109385347,6.0616400532501816e-05,0.9174424199501682,25,30,20
19,530,0.003637242082700647,0.07985839202173281,5.927488203926464e-05,0.9164450910135273,25,30,20
19,531,0.003986109470368704,0.07957315165275357,0.008761463555121718,0.9076792753217567,25,30,20
19,532,0.0019868007916822275,0.07938770047646238,0.009412146413599432,0.909213352318257,25,30,20
19,533,0.0029335397717266463,0.07985676196582085,0.008752697450565611,0.9084570008118865,25,30,20
19,534,0.00478183511374205,0.07989741711114866,0.008757265272876482,0.9065634825022332,25,30,20
19,535,0.005327086329722828,0.07989741922100374,0.009389245259526004,0.9053862491897482,25,30,20
19,536,0.004383847587110985,0.07990733989664743,8.669367700083826e-05,0.9156221188392412,25,30,20
19,537,0.0022150566211648986,0.07990728711841588,3.4526840265110334e-05,0.9178431294201533,25,30,20
19,538,0.003486721508129352,0.07988584270449323,6.930983104248851e-05,0.9165581259563342,25,30,20
19,539,0.0012986440973037547,0.07990678763158603,4.4853462610834526e-05,0.9187497148084992,25,30,20
19,540,0.001353938644660649,0.07989765839123468,2.251860289534103e-05,0.91872588436121,25,30,20
19,541,0.003333168481142737,0.0798900000614952,4.5258764718625655e-05,0.9167315726926443,25,30,20
19,542,0.002129338449001714,0.07967444965627007,0.0002661617815286076,0.9179300501132006,25,30,20
19,543,0.002173668247829545,0.07987341514510664,0.0006305907886098329,0.9173223258184549,25,30,20
19,544,0.002253606185917638,0.0798917771944599,0.0006164794427560886,0.917238137176866,25,30,20
19,545,0.002179350744853721,0.07989286983555677,3.3811716764361336e-05,0.917893967702825,25,30,20
19,546,0.005046053606969863,0.07980064606129729,0.015756942990538446,0.8993963573411955,25,30,20
19,547,0.004254120557764035,0.07980064309637606,0.000566399001562519,0.9153788373442987,25,30,20
19,548,0.0022151297949185075,0.07988810807052744,4.9876291430474806e-05,0.9178468858431238,25,30,20
19,549,0.0022267968948172148,0.0798635887136056,3.894351836806804e-05,0.9178706708732086,25,30,20
19,550,0.001338763231968148,0.07970489841174866,0.0002085755725801718,0.9187477627837016,25,30,20
19,551,0.0029454932279428924,0.07989775784557873,0.00023533564604793705,0.9169214132804305,25,30,20
19,552,0.0029788044625876186,0.07989535632287045,0.00024548402866963396,0.9168803551858729,25,30,20
19,553,0.001709553308505226,0.07989535874260019,0.0002575804360540705,0.9181375075128407,25,30,20
19,554,0.0015451405156334255,0.07987134896189083,4.5124885542369024e-05,0.9185383856369335,25,30,20
19,555,0.001389650092903663,0.07987354696986163,2.637103641701537e-05,0.9187104319008175,25,30,20
19,556,0.002509379951315656,0.07987354869680587,0.0002047439031618063,0.9174123274487151,25,30,20
19,557,0.0023556628884721575,0.07932825974802045,0.0005928005941793447,0.9177232767693279,25,30,20
19,558,0.0017537504370427107,0.07984770560687023,3.46755764685299e-05,0.9183638683796173,25,30,20
19,559,0.0022698823958342447,0.07984770564189424,0.00018485207659889945,0.9176975598856718,25,30,20
19,560,0.002147998383465985,0.07989632128349566,3.9899849032532e-05,0.9179157804840052,25,30,20
19,561,0.0030567715236704297,0.07989632182261383,4.7377016267900164e-05,0.9169995296374478,25,30,20
19,562,0.002197604934614075,0.07989632186993337,3.5474609374193866e-05,0.9178705985860774,25,30,20
19,563,0.0027033319079798387,0.07988481930083813,0.00041967941253272164,0.9169921693786491,25,30,20
19,564,0.0013163088929344282,0.07989042521659674,5.264488197610778e-05,0.9187406210084927,25,30,20
19,565,0.0013279518450231287,0.0798834511543246,4.901375073703563e-05,0.9187395832499152,25,30,20
19,566,0.0013562183921936595,0.07988345125203469,3.108860143235019e-05,0.9187292417543386,25,30,20
19,567,0.0012883580387686583,0.07985155512683376,3.9201258072533104e-05,0.9188208855763251,25,30,20
19,568,0.0013077256406498095,0.07990696190304257,3.2672041362842e-05,0.9187526404149443,25,30,20
19,569,0.019822375229846288,0.07989530147417587,0.00014868814350664261,0.9001336351524702,25,30,20
19,570,0.020553569612848127,0.07989502589435092,0.0003000375424402275,0.8992513669503608,25,30,20
19,571,0.03940054147831076,0.0799299829577622,0.0020041469916001324,0.8786653285723263,25,30,20
19,572,0.03775593103615871,0.07987313795958881,0.004075227663293133,0.8782957033409589,25,30,20
19,573,0.037977049852553846,0.07989508304939567,0.003847949520273351,0.8782799175777761,25,30,20
19,574,0.03736088322056979,0.07988916981768916,0.0038215719382741296,0.8789283750234663,25,30,20
19,575,0.028181356938169193,0.07990754813562058,0.015470845797915968,0.8764402491282937,25,30,20
19,576,0.026918279413006917,0.07990712240869464,0.016654197542688227,0.8765204006356088,25,30,20
19,577,0.024548511909659756,0.06988946373118472,0.02666576996356343,0.8788962543955937,25,30,20
19,578,0.00474126392881606,0.07987922187108987,0.04011799421527923,0.8752615199848165,25,30,20
19,579,0.0025598157191028454,0.07987321945819736,0.04001008919786024,0.8775568756248409,25,30,20
19,580,0.002799197697165463,0.07896680582463646,0.040304746783190494,0.8779292496950086,25,30,20
19,581,0.0035922790067888484,0.07898738974347155,0.040496855463499765,0.8769234757862396,25,30,20
19,582,0.0019940960374635877,0.07898224275260354,0.04048841402666081,0.8785352471832718,25,30,20
19,583,0.003873792865377277,0.09956265891179404,0.017809809273137522,0.8787537389496909,25,30,20
19,584,0.0013349944375245385,0.07992652777706974,0.04015573428365316,0.8785827435017517,25,30,20
19,585,0.0037821731531545986,0.07992659266489455,0.07531380668655609,0.8409774274953941,25,30,20
19,586,0.001388550583226164,0.07992671762676327,0.0800497646948844,0.8386349670951272,25,30,20
19,587,0.0014033216635580012,0.07991930807099026,0.0800647528017595,0.8386126174636918,25,30,20
19,588,0.002690639645574815,0.07986693968947134,0.08031599460660904,0.8371264260583428,25,30,20
19,589,0.0024363495201941993,0.07987570324642733,0.07864835134836426,0.8390395958850146,25,30,20
19,590,0.0016474129131250933,0.07987376046963358,0.08037328906325997,0.8381055375539804,25,30,20
19,591,0.0036001661599957433,0.07993214096226234,0.08044047860248162,0.8360272142752604,25,30,20
19,592,0.0021007523841011207,0.0794493474141502,0.0803905822101112,0.8380593179916366,25,30,20
19,593,0.001765968210405311,0.07994539215161517,0.07961843256351914,0.8386702070744608,25,30,20
19,594,0.0016813049166722082,0.07991015980504189,0.08061513676660229,0.8377933985116853,25,30,20
19,595,0.0017640614994422574,0.07979440793805749,0.08067899137554364,0.8377625391869578,25,30,20
19,596,0.004081897562353491,0.0808196206841476,0.0786819455651599,0.8364165361883386,25,30,20
19,597,0.0030454607280172045,0.08187145011505534,0.07749028236022985,0.8375928067966979,25,30,20
19,598,0.0014335705714262309,0.08189789223495669,0.07827268637273554,0.8383958508208811,25,30,20
19,599,0.0025715756849593414,0.08192258606005749,0.07689959122056454,0.8386062470344183,25,30,20
19,600,0.0014372263903201276,0.07989804933545366,0.07992256135026264,0.8387421629239626,25,30,20
19,601,0.0022650507593173523,0.07983031366503089,0.07994080235288864,0.8379638332227628,25,30,20
19,602,0.003799502894447376,0.0795495915257753,0.07868168571471217,0.8379692198650639,25,30,20
19,603,0.00262319691066231,0.07989695170456314,0.11735549400978304,0.8001243573749919,25,30,20
19,604,0.004455073037793206,0.07960206394270095,0.12012470646582508,0.7958181565536819,25,30,20
19,605,0.0016838375836398982,0.07991691525956655,0.12667328264139444,0.791725964515399,25,30,20
19,606,0.0024069324657168606,0.0799144810372194,0.11964580507098173,0.7980327814260809,25,30,20
19,607,0.0023093444470134823,0.07987400829505215,0.11967978422225752,0.7981368630356778,25,30,20
19,608,0.0050746857553413,0.07990706493629365,0.08937486083860983,0.8256433884697533,25,30,20
19,609,0.006094047507190722,0.07989810291786019,0.08609507764033499,0.8279127719346145,25,30,20
19,610,0.0032376463661638426,0.07990290630530399,0.07666616058682058,0.8401932867417119,25,30,20
19,611,0.003138553022621166,0.07990243198908464,0.07665004885199213,0.8403089661363022,25,30,20
19,612,0.004559529377677132,0.07990308116829237,0.07751907656465258,0.8380183128893774,25,30,20
19,613,0.00403858626805179,0.07992837722328551,0.07757377173165801,0.8384592647770047,25,30,20
19,614,0.0023975243258149174,0.07990209756141263,0.07994627697717674,0.8377541011355953,25,30,20
19,615,0.002813639470161885,0.07990153244598913,0.08014477478912302,0.8371400532947254,25,30,20
19,616,0.003745948437530319,0.0798881080997236,0.0796193246731492,0.8367466187895968,25,30,20
19,617,0.005022706009268737,0.0798881428795299,0.07960844137335935,0.8354807097378424,25,30,20
19,618,0.002137601785764195,0.07993581397240626,0.07914239746898587,0.8387841867728446,25,30,20
19,619,0.0016562878146600937,0.07959555320017059,0.0802956425476219,0.8384525164375474,25,30,20
19,620,0.0025231287563637207,0.0798880062925337,0.07898471105628269,0.8386041538948205,25,30,20
19,621,0.0030325613407169594,0.07996922762784449,0.08021654830021731,0.8367816627312209,25,30,20
19,622,0.003530630909655403,0.07930350680202788,0.07985209209011476,0.8373137701982027,25,30,20
19,623,0.0020028059668174406,0.07932625772981751,0.0804240477423209,0.8382468885610455,25,30,20
19,624,0.002312660093355076,0.0798296109202062,0.07901437020736407,0.8388433587790733,25,30,20
19,625,0.0031036068241947,0.07985969876401669,0.07898620781414958,0.8380504865976399,25,30,20
19,626,0.001834794768596204,0.07898799383079219,0.11911588653554984,0.8000613248650618,25,30,20
19,627,0.0030450614799185666,0.07900285019253174,0.11589856593547063,0.8020535223920804,25,30,20
19,628,0.029931189205229015,0.0798648957625236,0.08854222022748011,0.8016616948047683,25,30,20
19,629,0.009116678741755585,0.0798367808792865,0.12014109448223213,0.7909054458967265,25,30,20
19,630,0.04067173004564448,0.07921652448008311,0.08286785854659329,0.797243886927679,25,30,20
19,631,0.03671583537042362,0.07922047588382342,0.048468132290911195,0.835595556454842,25,30,20
19,632,0.03434267718914384,0.07922044229261319,0.04762810774951106,0.8388087727687322,25,30,20
19,633,0.034110042344849635,0.07922044231838316,0.05523575808442185,0.831433757252345,25,30,20
19,634,0.0032305359947036936,0.07965980720568258,0.0790853650949897,0.8380242917046239,25,30,20
19,635,0.0036613628345341974,0.07965980597279658,0.07888526012023664,0.8377935710724327,25,30,20
19,636,0.003030815438402874,0.07964368530908118,0.07931245055420884,0.8380130486983082,25,30,20
19,637,0.013605557808656197,0.07965513989323653,0.040221662066832496,0.8665176402312751,25,30,20
19,638,0.013964356506612215,0.07966455716318496,0.03986644438154106,0.8665046419486625,25,30,20
19,639,0.0031877385269631214,0.07966562944678365,0.053881544686585764,0.863265087339668,25,30,20
19,640,0.0022065616985890834,0.07989791907460422,0.039144409272554116,0.8787511099542523,25,30,20
19,641,0.0038690701820448224,0.07988879468197077,0.039161882664580545,0.8770802524714039,25,30,20
19,642,0.0013847056204674376,0.08280469653114358,0.03706064813543082,0.878749949712959,25,30,20
19,643,0.0015300237004408942,0.10940796450137608,0.010398469844398557,0.878663541953785,25,30,20
19,644,0.0017635279231709127,0.10939322381548294,0.010400137155582544,0.878443111105764,25,30,20
19,645,0.0022614638883963656,0.10979814135075855,0.010060919182190684,0.877879475578654,25,30,20
19,646,0.0013990572789237346,0.11982313890691387,6.23890798814294e-05,0.8787154147342814,25,30,20
19,647,0.0018816623381379557,0.11966537862677155,0.008729933593514967,0.869723025441576,25,30,20
19,648,0.0016730301716891423,0.1198384640384464,0.0006949029459973282,0.8777936028438673,25,30,20
19,649,0.0015304760668721944,0.11980259920107651,0.0008074953874317299,0.8778594293446197,25,30,20
19,650,0.0015356688314624447,0.11980021639264615,7.036709170630092e-05,0.8785937476841856,25,30,20
19,651,0.00479947986564325,0.1198121848854836,6.55593538756027e-05,0.8753227758949977,25,30,20
19,652,0.0025849076922991356,0.11979331741075122,0.0002130559973049144,0.8774087188996446,25,30,20
19,653,0.001736879278409996,0.11960272827684205,0.0005850082117603325,0.8780753842329875,25,30,20
19,654,0.0013451072285935492,0.11980841170626044,0.00025220536805692096,0.8785942756970888,25,30,20
19,655,0.0013515563926534153,0.1198180711948422,2.8047406392095083e-05,0.8788023250061116,25,30,20
19,656,0.001707040345042293,0.11981807249162746,3.7063430146718667e-05,0.8784378237331836,25,30,20
19,657,0.004097676731866668,0.11980669859432559,6.362137374094995e-05,0.8760320033000659,25,30,20
19,658,0.004193149500998711,0.11982223570771554,5.62479614380245e-05,0.8759283668298476,25,30,20
19,659,0.004966143623240663,0.11967047726771884,0.00027209999144596383,0.8750912791175938,25,30,20
19,660,0.003809342875736992,0.11983800994454911,0.0004964045031351766,0.8758562426765784,25,30,20
19,661,0.004789319439814494,0.1108653042882847,0.007934628563546507,0.8764107477083541,25,30,20
19,662,0.0046247160275402314,0.11983636726620504,0.00010646984957372627,0.8754324468566808,25,30,20
19,663,0.0017828586363361752,0.11982714584349285,4.660065196677146e-05,0.8783433948682031,25,30,20
19,664,0.0015359384452864706,0.11985113741491953,0.03767132761872971,0.8409415965210626,25,30,20
19,665,0.0030361381879440426,0.11983672683250837,0.038220726629861895,0.8389064083496848,25,30,20
19,666,0.001728925610717124,0.11985110270745065,0.03991176111186066,0.8385082105699705,25,30,20
19,667,0.0023172142921008207,0.11981170454935981,0.03969868682949829,0.8381723943290402,25,30,20
19,668,0.003413686511018088,0.11980917147185947,0.008406451140536605,0.8683706908765868,25,30,20
19,669,0.0036684576183400514,0.1198247981202757,4.903419690668655e-05,0.8764577100644761,25,30,20
19,670,0.001369278986152938,0.11986053342406197,0.00023866501391647967,0.8785315225758679,25,30,20
19,671,0.003773760061123329,0.11985076083502742,0.00025534795177954846,0.8761201311520699,25,30,20
19,672,0.0013160836694343112,0.11984003468805517,0.00080928565033291,0.878034595992177,25,30,20
19,673,0.0037721059392207806,0.11980444002620436,6.707112439276454e-05,0.8763563829101813,25,30,20
19,674,0.0033908521390437936,0.11975780444635163,0.00011454470776510986,0.8767367987068397,25,30,20
19,675,0.004872514880398309,0.11943172442641488,0.00013869532795971777,0.8755570653652266,25,30,20
19,676,0.0032752665871796983,0.11959465980304104,0.0009414910320408949,0.8761885825777376,25,30,20
19,677,0.001351121241292669,0.11981815722311281,0.0006693816253313984,0.8781613399102624,25,30,20
19,678,0.0029572223266815033,0.11965204990677485,0.00022748217580304138,0.8771632455907407,25,30,20
19,679,0.0016923304744671367,0.11965204972463565,0.0002190750985080756,0.8784365447023887,25,30,20
19,680,0.0020404542029820068,0.11963167476439616,0.0004211345340272944,0.8779067364985943,25,30,20
19,681,0.0028059735419089364,0.11962249925432493,0.00024188601172187507,0.8773296411920453,25,30,20
19,682,0.0013074958576088421,0.11981322103683427,5.223265314379024e-05,0.8788270504524133,25,30,20
19,683,0.0012943286668868814,0.11966115262856471,0.00021401593114190817,0.8788305027734069,25,30,20
19,684,0.0016445335530978727,0.08189005929649498,0.03800525547139748,0.8784601516790095,25,30,20
19,685,0.0015505222373794192,0.08188982623285827,0.03798845777427869,0.8785711937554838,25,30,20
19,686,0.0014864966475053797,0.08189007793513009,0.03799219757082976,0.8786312278465345,25,30,20
19,687,0.0014980152246676518,0.07989810833475469,0.03995232756528479,0.8786515488752924,25,30,20
19,688,0.001362571284482853,0.07989265973704893,0.039969647095234075,0.8787751218832337,25,30,20
19,689,0.0014852391083896852,0.07989266045357148,0.039970030758152975,0.8786520696798854,25,30,20
19,690,0.002766121280828613,0.07988078152685221,0.038918764208076766,0.8784343329842418,25,30,20
19,691,0.016004244996505948,0.07989285765631371,0.02650537743737257,0.877597519909807,25,30,20
19,692,0.01605096051168961,0.07988526272289805,0.02631410905080274,0.8777496677146084,25,30,20
19,693,0.008104509106504728,0.079883549978871,0.03592762648715638,0.876084314427468,25,30,20
19,694,0.019884600774985193,0.07989825930118928,0.022357834377044295,0.877859305546782,25,30,20
19,695,0.021524149083927045,0.07902312952766435,0.021810868955540057,0.8776418524328701,25,30,20
19,696,0.024980274951968296,0.07988152992010815,0.016368130233218203,0.8787700648947065,25,30,20
19,697,0.03730450172228793,0.07988289193780318,0.004642518609858115,0.8781700877300516,25,30,20
19,698,0.03669246004497163,0.07988751795109036,0.004786654803781381,0.8786333672001578,25,30,20
19,699,0.03948608449927674,0.07903089269711298,0.0046597429717140796,0.8768232798318953,25,30,20
19,700,0.042444907732444144,0.07990728886509285,5.741525492933325e-05,0.8775903881475341,25,30,20
19,701,0.04102504555176221,0.07989788822091114,0.0004235736657747286,0.8786534925615532,25,30,20
19,702,0.009137911844010515,0.07902189113714718,0.03316649112452965,0.8786737058943127,25,30,20
19,703,0.0023138459773325375,0.07900533181544517,0.03998244282946046,0.8786983793777619,25,30,20
19,704,0.0022904072632678536,0.07899353687441223,0.03996682020406247,0.8787492356582568,25,30,20
19,705,0.044641558733652366,0.07988620485795278,0.009047257052800559,0.8664249793555932,25,30,20
19,706,0.03274333117361603,0.07985907898391216,0.0088756235979306,0.8785219662445413,25,30,20
19,707,0.001439138695412247,0.07937474465699808,0.040946161610463425,0.8782399550371254,25,30,20
19,708,0.0051572903218563134,0.07937812752032944,0.03892522185144686,0.8765393603063671,25,30,20
19,709,0.008981476696540588,0.0697343024376026,0.04880472820688006,0.8724794926589763,25,30,20
19,710,0.0037767811586265944,0.07989657990057149,0.0404743904167921,0.875852248524008,25,30,20
19,711,0.004160305767585864,0.07990415422845855,0.0404230269431887,0.8755125130607669,25,30,20
19,712,0.001713599692390533,0.07990418653010999,0.04041308740451181,0.8779691263729873,25,30,20
19,713,0.001687551668445738,0.07990418651285157,0.03995798816044785,0.878450273658254,25,30,20
19,714,0.0022439451877640003,0.07989829371564543,0.03996160643677024,0.8778961546598203,25,30,20
19,715,0.038153761681871075,0.07988891767249573,0.00442578382778443,0.8775315368178476,25,30,20
19,716,0.03785328225745058,0.07967886482791404,0.004038054699534927,0.8784297982151003,25,30,20
19,717,0.038116948298020495,0.0796976396633964,0.004030907049151055,0.878154504989432,25,30,20
19,718,0.0075659606250104315,0.07963559104964141,0.034850695183706266,0.8779477531416414,25,30,20
19,719,0.003430958467071032,0.07883246989241792,0.03946585213988676,0.8782707195006241,25,30,20
19,720,0.0046026568881159515,0.07883242595959364,0.040159408759719024,0.8764055083925709,25,30,20
19,721,0.001762996660381036,0.0798685874984332,0.03989781406057481,0.8784706017806103,25,30,20
19,722,0.008500300811660186,0.07990172856501958,0.03436907803688258,0.8772288925864364,25,30,20
19,723,0.02458540284638533,0.07988267010122602,0.018494201102557443,0.8770377259498313,25,30,20
19,724,0.005789864942329415,0.07990800350656016,0.03693377080622864,0.8773683607448813,25,30,20
19,725,0.006491562973820726,0.05859698935255128,0.05614123095478143,0.8787702167188465,25,30,20
19,726,0.002935976238365285,0.038347265949835646,0.08875345972919281,0.8699632980826059,25,30,20
19,727,0.04332172421373749,0.039972873333387116,0.04130793479303566,0.8753974676598388,25,30,20
19,728,0.04435744107674475,0.039972938719407984,0.04023181447600121,0.8754378057278457,25,30,20
19,729,0.01442215604582801,0.03995365217614176,0.0675365478531935,0.8780876439248368,25,30,20
19,730,0.002091164082172699,0.03995362370019247,0.07996277764697093,0.8779924345706647,25,30,20
19,731,0.03910676503754624,0.03994457839610295,0.049344337116630284,0.8716043194497207,25,30,20
19,732,0.045026913889457655,0.03994111450066728,0.036272686815656534,0.8787592847942177,25,30,20
19,733,0.04642333319329155,0.03994017734976245,0.03486773664475385,0.8787687528121916,25,30,20
19,734,0.04677720326085241,0.039940180095602386,0.03487859705010807,0.8784040195934375,25,30,20
19,735,0.04445674598821031,0.03994321347800451,0.036841451499691806,0.8787585890340928,25,30,20
19,736,0.044797561636607204,0.0399582959565013,0.03979933376924753,0.8754448086376434,25,30,20
19,737,0.03015261599601173,0.03994869097686909,0.054217131168217005,0.8756815618589018,25,30,20
19,738,0.011264562995367459,0.039953601228222564,0.07114955142754589,0.8776322843488644,25,30,20
19,739,0.01402382695205363,0.039953608620459644,0.08925056295926932,0.8567720014682153,25,30,20
19,740,0.01014400611161945,0.039992838702367195,0.08934010235292432,0.8605230528330892,25,30,20
19,741,0.012021823313906433,0.039949885241795914,0.08764957630474399,0.860378715139554,25,30,20
19,742,0.011994354271397095,0.03993372058655165,0.08744447051075238,0.8606274546312987,25,30,20
19,743,0.012823185533563312,0.03995445275256213,0.07013794090522996,0.8770844208086451,25,30,20
19,744,0.005985716672626437,0.03992973397634311,0.07595732377393818,0.8781272255770923,25,30,20
19,745,0.0059705794361822355,0.03995381893419624,0.07603550469330063,0.8780400969363208,25,30,20
19,746,0.0014597177990112583,0.03995462309864112,0.0799173513467195,0.8786683077556278,25,30,20
19,747,0.0026253829027058457,0.039989290819976084,0.08595045423838624,0.8714348720389328,25,30,20
19,748,0.004761949362392609,0.04249221567089129,0.07735090278632002,0.8753949321803975,25,30,20
19,749,0.028124816088216792,0.0394102655872364,0.055095684438858046,0.877369233885689,25,30,20
19,750,0.036409565638372554,0.03999894837561553,0.04516724466801565,0.8784242413179968,25,30,20
19,751,0.03609547141959508,0.030035790876117578,0.056015096904986225,0.8778536407993022,25,30,20
19,752,0.03544717494417883,0.03994413048390094,0.04608283371451798,0.8785258608574034,25,30,20
19,753,0.040193954936292534,0.0399448238446847,0.051368237367460365,0.8684929838515623,25,30,20
19,754,0.04058142474449336,0.03997788244318033,0.04160418801465043,0.8778365047976763,25,30,20
19,755,0.03971472162448149,0.04044810961740066,0.04122892657801366,0.8786082421801047,25,30,20
19,756,0.009212349148975918,0.040446703757331746,0.07148213446793532,0.8788588126257576,25,30,20
19,757,0.0180628704797279,0.04039503252350773,0.06272237389582719,0.878819723100937,25,30,20
19,758,0.04750384237787262,0.03993021179764791,0.056220551543915455,0.8563453942805637,25,30,20
19,759,0.047349690290568416,0.03993048817731835,0.07467018740048723,0.8380496341316259,25,30,20
19,760,0.0367704516530363,0.039941695804304594,0.08443957630177995,0.8388482762408798,25,30,20
19,761,0.02696221112797816,0.04032507106689773,0.09457465382392723,0.8381380639811978,25,30,20
19,762,0.07951113824616861,0.03995995126255976,0.0417043363374741,0.8388245741537969,25,30,20
19,763,0.06097593017332972,0.039948477856017024,0.06020894562785891,0.8388666463427938,25,30,20
19,764,0.057782278514450794,0.03994830866876489,0.06336878493984473,0.8389006278769401,25,30,20
19,765,0.05871838102226848,0.03996680022336877,0.06336054911326511,0.837954269641098,25,30,20
19,766,0.04181132338581654,0.039967048270351635,0.07966285078941819,0.8385587775544137,25,30,20
19,767,0.0797055737914618,0.03995408698396503,0.04299993349449451,0.8373404057300787,25,30,20
19,768,0.04382646216606568,0.03906314852529567,0.07727988109387084,0.8398305082147689,25,30,20
19,769,0.03627848465690444,0.039956267675381366,0.046979705627641685,0.8767855420400719,25,30,20
19,770,0.041592929324305555,0.039945316684579915,0.04041561165695204,0.8780461423341618,25,30,20
19,771,0.040554108688111566,0.03995038376827398,0.04206894604558871,0.8774265614980261,25,30,20
19,772,0.04111300422715058,0.0399978942283008,0.041180514320949324,0.8777085872235979,25,30,20
19,773,0.004259676459102174,0.04252080877504677,0.07861720472002658,0.8746023100458238,25,30,20
19,774,0.004851691362783353,0.03977156930475581,0.04118477453089692,0.9141919648015633,25,30,20
19,775,0.004552602176019954,0.0400095787038146,0.04791745591120244,0.9075203632089638,25,30,20
19,776,0.0023475016668027854,0.03999592081719065,0.05555936684674322,0.902097210669264,25,30,20
19,777,0.004440839920010741,0.039954223540884556,0.043845895488123884,0.9117590410509812,25,30,20
19,778,0.0053249328510300295,0.039954229618252186,0.03686761001954761,0.91785322751117,25,30,20
19,779,0.007104058550468345,0.03993603584149808,0.03689053916963961,0.9160693664383941,25,30,20
19,780,0.0015346188870398847,0.03998546023674682,0.03975809796037733,0.918721822915836,25,30,20
19,781,0.0014307934947322299,0.039943997054309434,0.040364792460692654,0.9182604169902653,25,30,20
19,782,0.00279222215617305,0.03883703887822923,0.040143126395864606,0.9182276125697326,25,30,20
19,783,0.0084231563716979,0.038849609081866174,0.03706557895441184,0.9156616555920242,25,30,20
19,784,0.007863439821521032,0.038849609576370556,0.036623085747478294,0.9166638648546304,25,30,20
19,785,0.00477121623512834,0.03995390349109176,0.03983560329359507,0.9154392769801841,25,30,20
19,786,0.00677221586971897,0.03995389305731368,0.03970917571699107,0.9135647153559762,25,30,20
19,787,0.0052970558397211365,0.039934703899331486,0.04084251785913919,0.9139257224018081,25,30,20
19,788,0.005022828130572049,0.03995387835773674,0.04004447745132832,0.9149788160603624,25,30,20
19,789,0.002317144101296429,0.039900823782856004,0.039999574485459446,0.9177824576303881,25,30,20
19,790,0.0013682023233030863,0.03993022480662608,0.039976239331048116,0.918725333539023,25,30,20
19,791,0.0014071094103230632,0.0399451176781024,0.0399691169763571,0.9186786559352178,25,30,20
19,792,0.0017124545584495847,0.03991513071731567,0.039994476451908116,0.9183779382723283,25,30,20
19,793,0.0022144117539582807,0.03994494760134604,0.03999631622294018,0.9178443244217557,25,30,20
19,794,0.002114784287640525,0.03994886228693369,0.03998269789476267,0.9179536555306628,25,30,20
19,795,0.0026770717643159886,0.039971731312010005,0.03867597361449406,0.9186752233091784,25,30,20
19,796,0.0027762537142353434,0.03996630531270037,0.03850571758345132,0.9187517233896128,25,30,20
19,797,0.0034066880014026473,0.03999017818019989,0.03853154926638011,0.9180715845520172,25,30,20
19,798,0.0018209147468142282,0.041034961235823966,0.03851661161058037,0.9186275124067822,25,30,20
19,799,0.0013568234807655696,0.062033052504069985,0.018443389733213064,0.9181667342819518,25,30,20
19,800,0.001419506286793009,0.06203305278568891,0.01845320594587675,0.9180942349816407,25,30,20
19,801,0.0016654985513931942,0.07990233823763891,0.0006029748922489809,0.9178291883187181,25,30,20
19,802,0.0013203260401763097,0.07990211028820257,0.0010400866810959305,0.9177374769905243,25,30,20
19,803,0.0017291287415427683,0.07988348388573137,0.001057655800240081,0.9173297315724851,25,30,20
19,804,0.0025478220613608165,0.07988873817298466,4.3473457757870626e-05,0.9175199663078972,25,30,20
19,805,0.002089119234848178,0.07987952958086882,5.896064691958454e-05,0.917972390537364,25,30,20
19,806,0.0024645257319868604,0.07903734340462265,4.179797951444254e-05,0.9184563328838752,25,30,20
19,807,0.0038787701219440405,0.07903734418785346,5.2967699883525886e-05,0.9170309179903193,25,30,20
19,808,0.002182974613785913,0.07987506495290606,0.0006107205714469565,0.917331239861861,25,30,20
19,809,0.0021645775224894814,0.07988803737917406,4.233273949808311e-05,0.9179050523588381,25,30,20
19,810,0.002993887052765542,0.07903596037496928,0.00020301482579829263,0.9177671377464657,25,30,20
19,811,0.001272390171345228,0.07989447044126351,0.00048242698443726423,0.9183507124029542,25,30,20
19,812,0.004442069285280245,0.07989814302530565,0.0002563663704381333,0.9154034213189769,25,30,20
19,813,0.002149864226859389,0.07986313759670023,0.0006842342314156254,0.9173027639450251,25,30,20
19,814,0.0030102885456681472,0.03992270925968557,0.04094331352448354,0.9161236886701627,25,30,20
19,815,0.0029032277445402706,0.03992270645491559,0.04045571984885712,0.9167183459516864,25,30,20
19,816,0.0024994452329260286,0.039922709725580145,0.04077958599421244,0.9167982590472812,25,30,20
19,817,0.002531610482565237,0.03995437761424601,0.04057359441653126,0.9169404174866578,25,30,20
19,818,0.019092769141597243,0.03997159570109433,0.02248414817775381,0.9184514869795548,25,30,20
19,819,0.041369774798635926,0.0396080471996208,0.000749681084491247,0.9182724969172523,25,30,20
19,820,0.028131874043720546,0.039944881562683776,0.013668397823239344,0.918254846570356,25,30,20
19,821,0.04040193253070165,0.03994446279904315,0.0008579907833304702,0.9187956138869245,25,30,20
19,822,0.04104606635676114,0.03995337619759823,0.00040920306935382115,0.9185913543762877,25,30,20
19,823,0.04103062592316105,0.03995337618739532,0.00041670956986788007,0.9185992883195757,25,30,20
19,824,0.04104872279037066,0.039953376709795096,0.00025707811389416005,0.9187408223859401,25,30,20
19,825,0.03899197858440009,0.03995339055997676,0.002519249481183222,0.918535381374439,25,30,20
19,826,0.039274323760128654,0.03995354691236372,0.0025373110389000204,0.9182348182886066,25,30,20
19,827,0.039033993100844544,0.03994371729816825,0.0023291199734760764,0.9186931696275102,25,30,20
19,828,0.040205680723529584,0.03995385097563516,0.0023434692569812895,0.9174969990438535,25,30,20
19,829,0.03864046324883734,0.03994856150919516,0.0040665348428724005,0.917344440399095,25,30,20
19,830,0.00960390280305151,0.0399485676969222,0.03262221758986661,0.9178253119101606,25,30,20
19,831,0.025525072056178245,0.03991905664626985,0.016638953362703993,0.9179169179348482,25,30,20
19,832,0.0021329293955549087,0.03995371148935846,0.039110055980525235,0.9188033031345613,25,30,20
19,833,0.0021647329740512654,0.039944454182300346,0.03919807282737192,0.9186927400162759,25,30,20
19,834,0.0025003045713228185,0.039261043048761594,0.039897981183607885,0.9183406711963079,25,30,20
19,835,0.0043406983906906955,0.039944122293695365,0.04002829104974714,0.915686888265867,25,30,20
19,836,0.004356009671439393,0.03994382360166292,0.039810709096077396,0.9158894576308204,25,30,20
19,837,0.003454345269574707,0.03992987682320817,0.03998341693911505,0.9166323609681015,25,30,20
19,838,0.012465797359632887,0.039953433671017835,0.030354008699610344,0.9172267602697398,25,30,20
19,839,0.01441534644576967,0.03995373935724821,0.029996353103643396,0.9156345610933389,25,30,20
19,840,0.016859603496708418,0.03992856344017663,0.03891312304481622,0.9042987100182974,25,30,20
19,841,0.007201773375518179,0.03995799026779495,0.04013081580481568,0.9127094205518721,25,30,20
19,842,0.006001256201566299,0.03976815285900321,0.04027366426310772,0.9139569266763238,25,30,20
19,843,0.0014006811348125892,0.040674823657572856,0.03924012308066269,0.9186843721269513,25,30,20
19,844,0.0013298976361668885,0.040865162053610196,0.03906182207109027,0.9187431182391325,25,30,20
19,845,0.0027371560546827663,0.03995381876607068,0.03863087248686822,0.9186781526923781,25,30,20
19,846,0.002664081285688358,0.07166114270976913,0.008442956445508019,0.9172318195590343,25,30,20
19,847,0.004024246342054353,0.07166114456329073,0.008371271654955919,0.9159433374396982,25,30,20
19,848,0.0029775807265626326,0.07989814196448594,4.346731462687297e-05,0.917080809994325,25,30,20
19,849,0.0014634067756630848,0.0399435665015201,0.039923441197513065,0.9186695855253031,25,30,20
19,850,0.0013311334053106463,0.03995372351806259,0.04077378528088567,0.9179413577957396,25,30,20
19,851,0.0022125677115919927,0.03994402300151918,0.0399674958950856,0.9178759133918029,25,30,20
19,852,0.0013234909317297039,0.03994402216623144,0.039963031956811064,0.9187694549452284,25,30,20
19,853,0.00167827970419773,0.03172664705001742,0.0482031874447315,0.9183918858010529,25,30,20
19,854,0.0022007911918378556,0.06326253021634184,0.016882602404469167,0.9176540761873508,25,30,20
19,855,0.0017381868017584676,0.07950875063345551,0.0006090545732914365,0.9181440079914936,25,30,20
19,856,0.0013611976196132617,0.07986605564789603,4.193924862091848e-05,0.9187308074838691,25,30,20
19,857,0.001420500024592573,0.07986605676067743,0.00011030803171566142,0.9186031351830144,25,30,20
19,858,0.0013642205380107147,0.039950487594400806,0.03995581707461962,0.9187294747929693,25,30,20
19,859,0.008111150077396222,0.06143670000833819,0.014763851792717546,0.9156882981215476,25,30,20
19,860,0.008149810983942593,0.06143670010278597,0.014354293995083652,0.916059194918187,25,30,20
19,861,0.00644072977397181,0.0611375513266613,0.014522368664728707,0.9178993502346383,25,30,20
19,862,0.0020337658263718983,0.051927807928215816,0.027983776780956746,0.9180546494644554,25,30,20
19,863,0.0024588613037594105,0.0797091283193785,0.00026012830621593747,0.917571882070646,25,30,20
19,864,0.002501534984323695,0.07971143614119683,0.00022870762791493755,0.9175583212465648,25,30,20
19,865,0.0017016035782125014,0.07989755132344661,4.718366524795493e-05,0.9183536614330918,25,30,20
19,866,0.004440385835228503,0.07867265902524158,0.0012964704891780749,0.9155904846503518,25,30,20
19,867,0.003677691208176354,0.07867245247867082,0.012862677828474462,0.9047871784846784,25,30,20
19,868,0.003002785142941105,0.07167679166502296,0.020265656941840883,0.9050547662501944,25,30,20
19,869,0.001966115260237654,0.07167679173784515,0.020267642471102867,0.906089450530813,25,30,20
19,870,0.0035127608965553558,0.07906581387747547,0.012071173822907323,0.905350251403062,25,30,20
19,871,0.004070021346637231,0.07905635147547382,0.01271039822466977,0.9041632289532199,25,30,20
19,872,0.0029162803671107743,0.07987389395853114,0.012700214089963495,0.9045096115843952,25,30,20
19,873,0.0024871951947218617,0.07985323997577504,0.012478972945258498,0.9051805918842456,25,30,20
19,874,0.0023365725123079377,0.06022072892017969,0.020339604596015578,0.9171030939714967,25,30,20
19,875,0.0042050329141961875,0.04189338872552605,0.036930229549549456,0.9169713488107272,25,30,20
19,876,0.0022449154748602498,0.030323107718569397,0.0487540155716552,0.9186779612349133,25,30,20
19,877,0.0056073598226293,0.030323142566685144,0.048926065026659894,0.9151434325840251,25,30,20
19,878,0.0045706619600670104,0.03715456239630917,0.05073018779576454,0.907544587847859,25,30,20
19,879,0.005271858869569514,0.03534146390157383,0.04460543749607465,0.9147812397327822,25,30,20
19,880,0.0035208623092877287,0.039953085947883826,0.04001600259186627,0.9165100491509621,25,30,20
19,881,0.001590465110700234,0.039608020121287224,0.04056314276869733,0.9182383719993146,25,30,20
19,882,0.0013110337349908111,0.039948325788280704,0.04075194968231138,0.917988690794417,25,30,20
19,883,0.0021764570226593706,0.03995401905868857,0.0393457521228616,0.9185237717957908,25,30,20
19,884,0.03375174179585279,0.039932560419533594,0.004917807538843303,0.9213978902457702,25,30,20
19,885,0.006134126471304477,0.03993632411565848,0.03613872607752076,0.9177908233355155,25,30,20
19,886,0.0035415982077015035,0.0399486811912751,0.040003753757408764,0.9165059668436146,25,30,20
19,887,0.0035794600701991646,0.03995661481889129,0.040004214729090624,0.916459710381819,25,30,20
19,888,0.00280329599129104,0.039956614589588685,0.07840063589942158,0.8788394535196979,25,30,20
19,889,0.02189004441527928,0.03995463966103242,0.06263999448345793,0.8755153214402308,25,30,20
19,890,0.004505858915639739,0.039953648847962826,0.07442477868943215,0.8811157135469664,25,30,20
19,891,0.003018313014271673,0.039931064908871,0.0378556254751343,0.9191949966017231,25,30,20
19,892,0.0022223296985143196,0.039939004398071735,0.04010900961372017,0.9177296562896943,25,30,20
19,893,0.0022962437282128666,0.03995167296238275,0.04008489677982983,0.9176671865295755,25,30,20
19,894,0.0016244498409675864,0.03994417519339135,0.03751151347928288,0.9209198614863583,25,30,20
19,895,0.0025017179978219666,0.03994429502477668,0.03738455148648431,0.9201694354909165,25,30,20
19,896,0.0020697520055008556,0.039943980496008454,0.039570256832110975,0.9184160106663787,25,30,20
19,897,0.009506110610092867,0.03994399555461085,0.030331767225161062,0.9202181266101355,25,30,20
19,898,0.013897546128439256,0.03994399931081437,0.030736685946075374,0.9154217686146704,25,30,20
19,899,0.03825470976126208,0.03995366149915511,0.004005254171262025,0.9177863745683205,25,30,20
19,900,0.03730170613420685,0.039944163835044774,0.004431467174511484,0.918322662856236,25,30,20
19,901,0.03820632588659683,0.039944235843956934,0.005018571606131561,0.9168308666633136,25,30,20
19,902,0.005473789639987729,0.03994107883518071,0.03587572155580045,0.9187094099690314,25,30,20
19,903,0.003727046021671188,0.03995674863555152,0.03972926373699187,0.9165869416057848,25,30,20
19,904,0.001844207085672422,0.03998647080626154,0.0798568204934886,0.8783125016145792,25,30,20
19,905,0.03225062754945021,0.03998945729184258,0.051516814330387524,0.8762431008283204,25,30,20
19,906,0.005269778030076772,0.06381395764615382,0.055119881673050125,0.8757963826507195,25,30,20
19,907,0.005984123121921945,0.0798648076472097,0.0400370176336126,0.8741140515972547,25,30,20
19,908,0.006856341119095516,0.07956710288478491,0.03972612887086717,0.8738504271252535,25,30,20
19,909,0.004894666400047629,0.07986950320981631,0.03833346350256183,0.8769023668875756,25,30,20
19,910,0.001541105918613357,0.07985827579857115,0.037507818575026,0.8810927997077884,25,30,20
19,911,0.0014065168589501864,0.07988946214392825,2.5145304002855066e-05,0.9186788756931183,25,30,20
19,912,0.0013255397408975026,0.07972141593044248,0.0006508947748931547,0.918302149553766,25,30,20
19,913,0.0021743364889355524,0.07886976754069501,0.0009935040819304972,0.9179623918884381,25,30,20
19,914,0.001897706606968173,0.07972584207874728,0.0004129462681591766,0.9179635050461252,25,30,20
19,915,0.002126426373753129,0.07989699554031325,5.5269047279380784e-05,0.9179213090386537,25,30,20
19,916,0.0030924480359494715,0.07988533143478445,0.00026096306598056586,0.916761257463285,25,30,20
19,917,0.0028477559386948753,0.07958885165221491,0.0002442836628433136,0.9173191087462462,25,30,20
19,918,0.0013628822917237935,0.07988847176079386,0.00038562773806443296,0.9183630182094171,25,30,20
19,919,0.002121360290753162,0.07988847575480768,4.704245987493797e-05,0.9179431214945635,25,30,20
19,920,0.00185907787534333,0.079857719579444,3.465559494338148e-05,0.9182485469502683,25,30,20
19,921,0.001800196235789871,0.07988856815187502,0.00023133761490177256,0.9180798979974325,25,30,20
19,922,0.0033252470089288676,0.07988318670992806,0.000441130467933505,0.9163504358132082,25,30,20
19,923,0.005372939012492009,0.07988293144803967,0.00025492453314557734,0.9144892050063234,25,30,20
19,924,0.0014211905628491422,0.07989317719714153,0.00043181810632080903,0.9182538141336891,25,30,20
19,925,0.0021324141693591842,0.07988870295538689,4.6705656058497215e-05,0.9179321772191951,25,30,20
19,926,0.003141487585222845,0.0791881667323227,0.0008971253446875886,0.9167732203377679,25,30,20
19,927,0.00253256181391654,0.07941248661538858,0.00022517318885598863,0.9178297783818381,25,30,20
19,928,0.0014001111589495422,0.07920519099612823,0.0007070902610132546,0.9186876075839093,25,30,20
19,929,0.00221573567993365,0.07920519078779222,0.0007157835170381655,0.9178632900152363,25,30,20
19,930,0.0030140586525155906,0.07756285945753942,0.0007273456811398915,0.9186957362088047,25,30,20
19,931,0.005171063550958145,0.06073699941307883,0.015407520376995436,0.9186844166589672,25,30,20
19,932,0.0026528442725837044,0.06914349549177612,0.009516688924790781,0.9186869713108499,25,30,20
19,933,0.0016792288425308355,0.0798837311143302,0.0004976564796525329,0.9179393835634866,25,30,20
19,934,0.0038979242336403624,0.07986764916868784,0.016935553088499714,0.8992988735091718,25,30,20
19,935,0.0025707186823988883,0.07987684619443808,7.048748008780864e-05,0.9174819476430754,25,30,20
19,936,0.0033579222303280996,0.0799023622054544,6.352461341441961e-05,0.9166761909508037,25,30,20
19,937,0.0016664229682358124,0.07989309519636083,6.185388656300665e-05,0.9183786279488412,25,30,20
19,938,0.0016866398762088728,0.07953268456883966,0.0074087779254438145,0.9113718976295071,25,30,20
19,939,0.001357460351871468,0.0798978169486571,0.007246645015903934,0.9114980776835676,25,30,20
19,940,0.0014601519608028227,0.07984363847773454,0.007262158141033098,0.9114340514204292,25,30,20
19,941,0.0030306598641997888,0.07987840337736637,0.0072628132156378035,0.9098281235427957,25,30,20
19,942,0.0030524521014936635,0.07987857241901672,4.80646388756652e-05,0.9170209108406138,25,30,20
19,943,0.0026108013470123475,0.07988993956677043,0.0006544818599052247,0.9168447772263119,25,30,20
19,944,0.002894561438515619,0.07989814421410134,0.00026542727401986126,0.9169418670733631,25,30,20
19,945,0.0026183163531769867,0.07989798431591714,6.270422533910626e-05,0.9174209951055673,25,30,20
19,946,0.0014017763707473063,0.07989798298464279,2.6924286378728208e-05,0.918673316358232,25,30,20
19,947,0.0040287797608459745,0.07988315707696975,0.009812147248049921,0.9062759159141336,25,30,20
19,948,0.002272571512033096,0.07990326651431646,0.009930581290213004,0.9078935806834372,25,30,20
19,949,0.0022532449544175642,0.07989355525124474,0.00019949822131637578,0.9176537015730224,25,30,20
19,950,0.0019417051718335046,0.06942503354609333,0.04981993108799666,0.8788133301940774,25,30,20
19,951,0.0012815860236483811,0.042024176432169665,0.07786162270142608,0.8788326148427567,25,30,20
19,952,0.0022127495265251342,0.040023305352309614,0.0791598954520034,0.8786040496691605,25,30,20
19,953,0.002195489524186414,0.039990903261863206,0.08788830582221964,0.869925301391731,25,30,20
19,954,0.0030206076733478755,0.039954337406418336,0.07901909180465136,0.8780059631155833,25,30,20
19,955,0.00529844090256816,0.03995371639968753,0.07706000845902661,0.8776878342387181,25,30,20
19,956,0.00537353833705534,0.03995492113536024,0.07687743077704039,0.8777941097505442,25,30,20
19,957,0.00370322976246663,0.03995491559423132,0.07770451229941787,0.878637342343884,25,30,20
19,958,0.0014155813218963294,0.04098857405390374,0.07903526458623485,0.8785605800379647,25,30,20
19,959,0.002148030718596576,0.04097916881184834,0.07888172964948933,0.8779910708200657,25,30,20
19,960,0.0014447056341619256,0.040964759373638,0.0794450203198484,0.8781455146723519,25,30,20
19,961,0.002531028470588095,0.04096474887907272,0.07947210075118806,0.8770321218991513,25,30,20
19,962,0.0014796543209167478,0.040950397671378626,0.07880439159204433,0.8787655564156609,25,30,20
19,963,0.02387089804025501,0.03991578294990027,0.05792118485587323,0.8782921341539714,25,30,20
19,964,0.024804624839159236,0.03991578766831126,0.05774155580769773,0.8775380316848315,25,30,20
19,965,0.024622480359735625,0.039915143180620914,0.06455945384744816,0.870902922612196,25,30,20
19,966,0.02408841894326108,0.03019431834552722,0.06706100920843418,0.8786562535027777,25,30,20
19,967,0.025835186921546578,0.030194318014714297,0.06753402951679777,0.8764364655469419,25,30,20
19,968,0.0030250363658455887,0.03998073426939206,0.0784350547872438,0.8785591745775172,25,30,20
19,969,0.0031117134162929046,0.03998954053923033,0.07978519641282783,0.8771135496316503,25,30,20
19,970,0.002847628874570594,0.03994895562921326,0.04080587154231721,0.9163975439538994,25,30,20
19,971,0.00317163227820327,0.03994282243046878,0.039356890868562124,0.9175286544227654,25,30,20
19,972,0.004502277056917806,0.03994532476827886,0.03934531392264281,0.9162070842521605,25,30,20
19,973,0.001962901995085343,0.039954686528953745,0.03947332359708531,0.9186090878788759,25,30,20
19,974,0.0019667606939641658,0.0399326375434974,0.03949754138074543,0.9186030603817921,25,30,20
19,975,0.003161852550378494,0.03993263768599467,0.03933206809057492,0.9175734416730523,25,30,20
19,976,0.003124986612312055,0.03994485889781704,0.039341910437949046,0.9175882440519223,25,30,20
19,977,0.0021194767657298293,0.03995364364376817,0.03998504782194107,0.9179418317685603,25,30,20
19,978,0.0016289459978194995,0.03995535506799885,0.048512809931793174,0.9099028890023884,25,30,20
19,979,0.0074874311802853675,0.047533641344218135,0.03617329201093233,0.9088056354645628,25,30,20
19,980,0.007166900169723328,0.047533640232474236,0.027748309288460404,0.9175511503093416,25,30,20
19,981,0.001636942086310063,0.039982498920214465,0.04841262825155938,0.9099679307419156,25,30,20
19,982,0.005043256597774409,0.0399638860029538,0.08239128426912469,0.8726015731301452,25,30,20
19,983,0.0013322200779110017,0.040793038805081096,0.0759239796197781,0.8819507614972278,25,30,20
19,984,0.001322176456599012,0.043462187165360495,0.07635288924634503,0.8788627471316951,25,30,20
19,985,0.0038367508526820472,0.03994430459143283,0.07481372700696425,0.8814052175489209,25,30,20
19,986,0.0014043748942798248,0.0406119779070274,0.07912409987307176,0.8788595473256196,25,30,20
19,987,0.0022919023599572335,0.04061198391993852,0.07832083363133989,0.8787752800887648,25,30,20
19,988,0.0042120319371418335,0.03908121321974149,0.07912220597923798,0.8775845488638788,25,30,20
19,989,0.0019200319665904411,0.03994447847722408,0.0799555976404729,0.8781798919157136,25,30,20
19,990,0.002197982028257516,0.03995335124432938,0.07962614177917109,0.8782225249482417,25,30,20
19,991,0.009002700391994306,0.039949185224517375,0.07423141888482483,0.8768166954986644,25,30,20
19,992,0.007784792656117171,0.03995356219459949,0.07378155188088356,0.8784800932684,25,30,20
19,993,0.007409606867667151,0.03995359679090415,0.0481006446162121,0.9045361517252156,25,30,20
19,994,0.0031047864080054883,0.03995305600105353,0.03929339856272052,0.91764875902822,25,30,20
19,995,0.0027235224461364016,0.040467250640563696,0.039053650088614035,0.9177555768246848,25,30,20
19,996,0.0017494012146088225,0.03995305499454342,0.03980267917585849,0.9184948646149881,25,30,20
19,997,0.002516620257035249,0.0399437191135796,0.03895684056067896,0.9185828200687061,25,30,20
19,998,0.002498449130358289,0.03994371787266812,0.04647113024661329,0.9110867027503607,25,30,20
19,999,0.0025548196477197214,0.039943717851396,0.046026393239025645,0.9114750692618582,25,30,20
19,1000,0.003857387367709727,0.03994371667209724,0.04717865847580458,0.909020237484388,25,30,20
19,1001,0.003726371603729031,0.039953557758474555,0.04719043407156998,0.9091296365662265,25,30,20
19,1002,0.0025128965190989233,0.039953555526726026,0.04011150451170305,0.9174220434424725,25,30,20
19,1003,0.0013721041592617096,0.039953540648554726,0.039941100245404364,0.9187332549467788,25,30,20
19,1004,0.0013368127621041467,0.0399535403535187,0.04013820077399635,0.9185714461103811,25,30,20
19,1005,0.017201009323511138,0.03994842320904785,0.024314045504568737,0.9185365219628727,25,30,20
19,1006,0.019500168479257826,0.039953421510905564,0.02455096688262022,0.915995443127217,25,30,20
19,1007,0.02201502740149351,0.03994423710246692,0.02443176376510073,0.9136089717309385,25,30,20
19,1008,0.003136845492632544,0.03997820177419163,0.03995998353054135,0.9169249692026347,25,30,20
19,1009,0.002303451283975728,0.03997882024270591,0.04039053796821404,0.9173271905051037,25,30,20
19,1010,0.003947009837376085,0.039778967578149825,0.04941154616994637,0.9068624764145277,25,30,20
19,1011,0.001728231532776322,0.03972995056408967,0.040768690940409934,0.9177731269627248,25,30,20
19,1012,0.0013993589427841154,0.0397299509869882,0.040691273827089536,0.9181794162431389,25,30,20
19,1013,0.0013408250612258824,0.03993068416722135,0.04016836539927259,0.9185601253722798,25,30,20
19,1014,0.004705085351428704,0.03992987009128842,0.04030569835338097,0.9150593462039012,25,30,20
19,1015,0.004318061813500844,0.07898821047971846,7.319552231324694e-05,0.9166205321844672,25,30,20
19,1016,0.003244492877570981,0.07899743719231793,5.283414791391939e-05,0.9177052357821976,25,30,20
19,1017,0.0022528064007786494,0.07988814846064948,0.008780026371765521,0.9090790187668061,25,30,20
19,1018,0.002566197092892499,0.07988814904147366,4.620712431582013e-05,0.9174994467413174,25,30,20
19,1019,0.0022840502621530724,0.07987253799790166,4.340235223265102e-05,0.9178000093877127,25,30,20
19,1020,0.001415228538482215,0.07989784296517018,0.00047989490267605383,0.9182070335936706,25,30,20
19,1021,0.002724491504216149,0.07891865286931536,0.00011243755397456247,0.9182444180724947,25,30,20
19,1022,0.0024757454000939633,0.07988835803110694,0.0006160175173385058,0.91701987905146,25,30,20
19,1023,0.004725648448427535,0.07914045766111735,0.0014112214496840852,0.9147226724407705,25,30,20
19,1024,0.0029816635021405998,0.079656232558274,0.001068371633969042,0.9162937323056154,25,30,20
19,1025,0.0014519588101603283,0.07965623112265915,0.0004792761728368584,0.9184125338943423,25,30,20
19,1026,0.0014895522504398844,0.07965623117987362,0.0002629463522533579,0.9185912702174339,25,30,20
19,1027,0.001453229372998888,0.07988137000797031,0.00891861904948836,0.9097467815695414,25,30,20
19,1028,0.0033734814261367606,0.07902729190042401,0.017751810687499685,0.8998474159859399,25,30,20
19,1029,0.005587369967053605,0.06901390576319946,0.019228332281114813,0.9061703919886329,25,30,20
19,1030,0.0030906471015267824,0.07988806887459904,0.00020281702316621197,0.916818467000709,25,30,20
19,1031,0.0033831068226493504,0.07990737127262365,8.072071257961794e-05,0.9166288011921483,25,30,20
19,1032,0.0022385855879874577,0.07988007081720137,7.646239673409944e-05,0.9178048811980765,25,30,20
19,1033,0.002196397685387177,0.07990713503783342,5.920632863971568e-05,0.917837260948139,25,30,20
19,1034,0.002623783729275087,0.0793867259121266,0.0005695910074525713,0.9174198993511453,25,30,20
19,1035,0.003443795414242343,0.07937243035041995,0.0005772804704682684,0.9166064937648689,25,30,20
19,1036,0.003405564799394042,0.07937243033329888,0.0005850236054866048,0.9166369812618207,25,30,20
19,1037,0.004172980715974486,0.07936271493419303,0.0005833019091899983,0.915881002440643,25,30,20
19,1038,0.0017142599080965796,0.07989810690642787,0.00019048250511568573,0.9181971506803606,25,30,20
19,1039,0.002509595978884304,0.07987365560586002,0.0001937284049192534,0.9174230200103363,25,30,20
19,1040,0.002006427889366788,0.0798783659262959,5.178092863451709e-05,0.9180634252557018,25,30,20
19,1041,0.0016074134142880024,0.0798833884220912,2.682414898503177e-05,0.9184823740146366,25,30,20
19,1042,0.002566188863102037,0.07986207802716808,5.3058775064403045e-05,0.9175186743346657,25,30,20
19,1043,0.003434384605027393,0.0798594695614259,5.840996349646528e-05,0.9166477358700501,25,30,20
19,1044,0.002254839691963852,0.07988325152694005,4.298076549153156e-05,0.9178189280156045,25,30,20
19,1045,0.0013521438473439072,0.07989667821122855,3.912495735231258e-05,0.9187120529840744,25,30,20
19,1046,0.0013138044971861633,0.07989773270956457,0.00022748468287196662,0.9185609781103765,25,30,20
19,1047,0.0013411716873753998,0.0798900615557888,4.2348102692728367e-05,0.9187264186541433,25,30,20
19,1048,0.0015674033836749477,0.07989027314069444,3.7449271762560176e-05,0.9185048742038682,25,30,20
19,1049,0.0015967685207944093,0.0799073397365457,3.1151313509748795e-05,0.9184647404291502,25,30,20
19,1050,0.002258727953414537,0.07988303553196116,0.018265869767379664,0.8995923667472442,25,30,20
19,1051,0.0020360555607706575,0.07923939505249121,0.0007242664193505923,0.9180002829673871,25,30,20
19,1052,0.0013777572614219033,0.07990725374982682,4.299922080792838e-05,0.9186719897679434,25,30,20
19,1053,0.002187894591914276,0.07990725580765103,3.293536074549469e-05,0.9178719142396894,25,30,20
19,1054,0.0022715082824692253,0.07988299027535865,4.377564702320964e-05,0.9178017257951494,25,30,20
19,1055,0.002220914317856656,0.07986484658045154,3.960447668816832e-05,0.9178746346250035,25,30,20
19,1056,0.0016816929208429184,0.07954391797882061,3.771912142311901e-05,0.9187366699789137,25,30,20
19,1057,0.001344255660930395,0.07989697158966211,0.00018386539015166774,0.9185749073592555,25,30,20
19,1058,0.0015948901060194277,0.07988872944434687,4.3948900306038095e-05,0.9184724315493282,25,30,20
19,1059,0.0013524631534628639,0.0796572793966457,0.015849452226678586,0.9031408052232136,25,30,20
19,1060,0.0014080381626453199,0.06988923338782495,0.010034146513665281,0.9186685819358642,25,30,20
19,1061,0.002270200880477524,0.07985696923679746,8.443574965054039e-05,0.9177883941330733,25,30,20
19,1062,0.001721863259500796,0.07988811210007131,4.849508677115078e-05,0.9183415295536557,25,30,20
19,1063,0.0017796181857270843,0.07988760857455177,4.4946638740947923e-05,0.9182878266009797,25,30,20
19,1064,0.0021657999739640205,0.07964974524097725,0.0008821584528006331,0.9173022963322573,25,30,20
19,1065,0.0033605230618167937,0.0796453164777874,0.007960329076067753,0.9090338313843267,25,30,20
19,1066,0.0028887564859274044,0.07988493644105424,0.007334464919774801,0.9098918421532435,25,30,20
19,1067,0.002061062603213722,0.07986587822100816,0.012531218377585602,0.9055418407981919,25,30,20
19,1068,0.0013421616635664816,0.07986587470909089,0.0004617117295010878,0.9183302518978407,25,30,20
19,1069,0.0013995073161867334,0.07986587415524825,0.00026360518826588973,0.9184710133403002,25,30,20
19,1070,0.002943360917304148,0.07970074875766958,0.0002448245854205489,0.9171110657396057,25,30,20
19,1071,0.0024940878635877676,0.07988857942460906,4.865575494398514e-05,0.917568676956859,25,30,20
19,1072,0.001678323407868621,0.07987950641151115,4.4211653655999276e-05,0.9183979585269638,25,30,20
19,1073,0.002949433233041889,0.07988778349603726,0.011848362260551465,0.9053144210103694,25,30,20
19,1074,0.002338912089797583,0.0795496035775777,0.0002064772822014567,0.9179050070504237,25,30,20
19,1075,0.004214667766954932,0.07966885813400698,0.00029695263442584905,0.9158195214646133,25,30,20
19,1076,0.0042509253731638375,0.07984501830025204,7.022853858929624e-05,0.9158338277879955,25,30,20
19,1077,0.003928591428285532,0.07984501774376287,0.00025668100268391085,0.9159697098252664,25,30,20
19,1078,0.0017022635034048903,0.07989692199172707,0.00023138627486789354,0.9181694282299999,25,30,20
19,1079,0.0017988351465445486,0.07986868735321215,3.071163971497708e-05,0.9183017658605281,25,30,20
19,1080,0.0029336660468360152,0.07967879785678955,0.0002702075242562573,0.9171173285721176,25,30,20
19,1081,0.001625531634487825,0.07988853599992661,0.00042260799707435226,0.9180633243685105,25,30,20
19,1082,0.0013790548240370278,0.07989771315206197,0.0002235937842943989,0.9184996382396061,25,30,20
19,1083,0.0029123325452499725,0.07989771417951375,0.00022930135588460958,0.9169606519193504,25,30,20
19,1084,0.006127695741677266,0.07988876399684572,0.0003485705731656668,0.9136349696883106,25,30,20
19,1085,0.004627299738710062,0.07988863677474307,0.00038644633235593756,0.9150976171541909,25,30,20
19,1086,0.003714936891471147,0.07856648776799958,0.0008954441613217997,0.9168231311792073,25,30,20
19,1087,0.0016904602102919813,0.07941347907486668,0.0008185238475658376,0.9180775368672753,25,30,20
19,1088,0.0015564762829143358,0.07983508409275679,0.0002359540006609608,0.9183724856236687,25,30,20
19,1089,0.0014172605373377423,0.07970242788974898,0.00039491421582047435,0.9184853973570948,25,30,20
19,1090,0.003585966987915432,0.07971487695323827,0.00039729272015919746,0.9163018633386885,25,30,20
19,1091,0.006102103757274975,0.07986484540350319,0.00044271342766071355,0.9135903374115608,25,30,20
19,1092,0.002801179112917277,0.07988360494118908,0.0009973430564252555,0.9163178728894691,25,30,20
19,1093,0.004147462948493584,0.07166788789433129,0.008470209894076205,0.9157144392630988,25,30,20
19,1094,0.003991864219942171,0.07985741511463841,0.00031419252045013,0.915836528144969,25,30,20
19,1095,0.003972298887143403,0.07988830259864955,0.0001461503907041154,0.9159932481235025,25,30,20
19,1096,0.003091368406250835,0.07989746723111638,0.00016418545538571068,0.9168469789072471,25,30,20
19,1097,0.0016538523258626669,0.07990702582557375,8.031670246269776e-05,0.9183588051461008,25,30,20
19,1098,0.0013024509740419783,0.079901835019443,3.4666757810402825e-05,0.9187610472487041,25,30,20
19,1099,0.0013858795214572105,0.07990183515844193,0.00888875113601582,0.9098235341840858,25,30,20
19,1100,0.0021531600345325217,0.07989768355997248,0.008508423777005288,0.9094407326284899,25,30,20
19,1101,0.0013348137562438395,0.07989765795620012,2.408011792225819e-05,0.9187434481696333,25,30,20
19,1102,0.0019157925725940246,0.07985926517633056,5.4452872729180725e-05,0.9181704893783459,25,30,20
19,1103,0.0014368491311965992,0.0798592658456135,2.8423385141009022e-05,0.9186754616380481,25,30,20
19,1104,0.002404625665489936,0.07985926663104137,3.720808995683335e-05,0.9176988996135113,25,30,20
19,1105,0.0049306641720213784,0.07988325917681129,0.0001397812878881189,0.9150462953632791,25,30,20
19,1106,0.0030246334997284167,0.07989295572942394,0.00020050674601408732,0.9168819040248327,25,30,20
19,1107,0.001366009371515324,0.07986246300472899,0.0002486617732742087,0.9185228658504812,25,30,20
19,1108,0.001995375682929816,0.07989408417908891,4.944332404110037e-05,0.9180610968139409,25,30,20
19,1109,0.005363532789170538,0.07903501970881702,0.0006268412880802228,0.9149746062139321,25,30,20
19,1110,0.0030154510582964555,0.0790370365926212,0.0006210557691761954,0.9173264565799069,25,30,20
19,1111,0.0022763073054723705,0.07988416830094126,0.00061623265847462,0.9172232917351114,25,30,20
19,1112,0.004780899902558189,0.07988796019660363,0.015732167059461746,0.899598972841376,25,30,20
19,1113,0.002779186455387653,0.06022846512030799,0.035296111071668385,0.9016962373526372,25,30,20
19,1114,0.0025547569744718912,0.06022846504119836,0.02674661698032096,0.9104701610040081,25,30,20
19,1115,0.002542308079883532,0.039982494339977116,0.04701068163227518,0.910464515947864,25,30,20
19,1116,0.006385077073879309,0.03995370995051312,0.0003307714655900309,0.9533304415100177,25,30,20
19,1117,0.006044628977962251,0.03995370701173676,0.0003196651442364802,0.9536819988660653,25,30,20
19,1118,0.00558071847584995,4.304435643835911e-05,0.07721878767518965,0.9171574494925215,25,30,20
19,1119,0.002188972252767871,5.2747541299551735e-06,0.08006170895252662,0.917744044040576,25,30,20
19,1120,0.0021927263646511655,1.8737912925698516e-08,0.08006294277397685,0.9177443121234599,25,30,20
19,1121,0.005633666380798582,0.020965420248157285,0.05497918006554047,0.9184217333055023,25,30,20
19,1122,0.002703378772800488,0.0399442839730454,0.039263212008743144,0.9180891252454113,25,30,20
19,1123,0.007362527034246098,0.03996258867535147,0.03701359989387789,0.9156612843965248,25,30,20
19,1124,0.005165841816462453,0.03996258877800331,0.03700060191461903,0.9178709674909159,25,30,20
19,1125,0.011880852145989605,0.039954239748571554,0.025584572032917516,0.9225803360725214,25,30,20
19,1126,0.004163329249035587,0.03995373602978361,0.0454134913195303,0.9104694434016519,25,30,20
19,1127,0.004112212812910274,0.039953737722142675,0.045417234531681484,0.9105168149332656,25,30,20
19,1128,0.0016949979872503487,0.039941505518527154,0.04728763352978421,0.9110758629644373,25,30,20
19,1129,0.002630538360531408,0.03992971643475142,0.04111786671361438,0.9163218784911024,25,30,20
19,1130,0.02354591368553562,0.039646240472622024,0.022099935874079685,0.9147079099677634,25,30,20
19,1131,0.040274064253265435,0.039646229821215434,0.00313837961710829,0.9169413263084113,25,30,20
19,1132,0.03954831021172599,0.03995373673864962,0.0017684679051801814,0.9187294851444432,25,30,20
19,1133,0.01335370663269616,0.03993221090182486,0.02804810417864482,0.918665978286834,25,30,20
19,1134,0.0029127038530067607,0.03995356477569563,0.03858653724896549,0.9185471941223318,25,30,20
19,1135,0.005379393817367786,0.03994851488341329,0.03860491000212235,0.9160671812970969,25,30,20
19,1136,0.002279332770712303,0.039948517682006475,0.04075901381067302,0.9170131357366078,25,30,20
19,1137,0.028706680409645427,0.039944761171315346,0.013419438978375721,0.9179291194406628,25,30,20
19,1138,0.00952441704211392,0.03995391397262997,0.03321319479516867,0.9173084741900885,25,30,20
19,1139,0.002256789111625319,0.03995372854381483,0.039975469966997246,0.9178140123775624,25,30,20
19,1140,0.003419742369431524,0.03995373026178701,0.03823887521713594,0.9183876521516449,25,30,20
19,1141,0.0034471272485441917,0.03991212820909734,0.0382489516604436,0.9183917928819143,25,30,20
19,1142,0.04193797295174379,0.039912127875045396,0.0003340192475068729,0.9178158799257041,25,30,20
19,1143,0.0374866675036611,0.03992012702822036,0.004159988337347531,0.9184332171307706,25,30,20
19,1144,0.009651613965951539,0.03994954552439165,0.030543381130030217,0.9198554593796263,25,30,20
19,1145,0.003746042547761793,0.041692294667339355,0.03627607721130306,0.918285585573597,25,30,20
19,1146,0.0016653616659507567,0.03994435696882975,0.03997836584743296,0.9184119155177853,25,30,20
19,1147,0.002595675514774883,0.039944453221996655,0.040006049667669255,0.9174538215955594,25,30,20
19,1148,0.0017243302815524316,0.03994379571282443,0.039985026384602794,0.9183468476210201,25,30,20
19,1149,0.0013835188986907087,0.03994446036423124,0.03993763853862177,0.9187343821984559,25,30,20
19,1150,0.0014054473837548105,0.040030874130092264,0.03990234166748329,0.9186613368186696,25,30,20
19,1151,0.002510091784410864,0.03994357131638653,0.038788397904378574,0.9187579389948246,25,30,20
19,1152,0.0016079957281571688,0.03994421770516257,0.05208239531363087,0.9063653912530483,25,30,20
19,1153,0.0015829976585524214,0.03994355713560611,0.039689083492643044,0.9187843617131978,25,30,20
19,1154,0.02464869081386218,0.03971562834682968,0.01809169202836787,0.9175439888109393,25,30,20
19,1155,0.023834195113491323,0.039944622181877214,0.017882953523017893,0.9183382291816131,25,30,20
19,1156,0.04153365748266765,0.03993496293502825,0.00010774568015458575,0.9184236339021488,25,30,20
19,1157,0.04202716565067913,0.03993496292141881,9.746772011067864e-05,0.9179404037077904,25,30,20
19,1158,0.03986429008456145,0.039931326518829476,0.0014902704461937457,0.9187141129504154,25,30,20
19,1159,0.004152973236549212,0.039915017054829714,0.07599118332209254,0.8799408263865299,25,30,20
19,1160,0.00324341881478076,0.03991498972578007,0.07798525081210306,0.8788563406473368,25,30,20
19,1161,0.0033123053196587957,0.03992989793428197,0.0779864566280959,0.8787713401179638,25,30,20
19,1162,0.0033247441664926987,0.039953370008289614,0.07797314706419159,0.8787487387610261,25,30,20
19,1163,0.0077772677577004345,0.039953370737630806,0.07814703039766847,0.874122331107001,25,30,20
19,1164,0.040514485403184024,0.0399526962872315,0.04531237703168184,0.874220441277903,25,30,20
19,1165,0.020406185715037193,0.03995343995125371,0.06348106792742214,0.876159306406287,25,30,20
19,1166,0.03286720021542849,0.03994392549514778,0.04846925151613475,0.8787196227732875,25,30,20
19,1167,0.04113785016234611,0.03995369732442298,0.00017161847409899125,0.9187368340391315,25,30,20
19,1168,0.04120338208916158,0.03994441544461222,0.00022514476761592754,0.9186270576986106,25,30,20
19,1169,0.03515651895305824,0.03994135175576238,0.0066508266632694,0.9182513026279097,25,30,20
19,1170,0.03602706472209228,0.03972612210899899,0.006841422250276615,0.9174053909186316,25,30,20
19,1171,0.041209736286095415,0.03995398863423339,0.00016534626511025815,0.9186709288145609,25,30,20
19,1172,0.034544913615135474,0.039953664937015125,0.024863280955751185,0.9006381404920992,25,30,20
19,1173,0.03451687793066768,0.03995366481901939,0.024991718417314117,0.9005377388329996,25,30,20
19,1174,0.036927435560701195,0.03995366311903605,0.02547989971704597,0.8976390016032173,25,30,20
19,1175,0.00255469513628462,0.039953228933747524,0.04902201905838455,0.9084700568715857,25,30,20
19,1176,0.0032394215740129424,0.03995322993419069,0.039985302018276124,0.916822046473521,25,30,20
19,1177,0.0035233230811118825,0.039953229698906995,0.03998974646446225,0.9165337007555181,25,30,20
19,1178,0.02432186983824206,0.01770522280659139,0.04005908793964429,0.9179138194155229,25,30,20
19,1179,0.002237139692071958,0.031790566667680015,0.04853652914775461,0.9174357644924929,25,30,20
19,1180,0.0022508860135654575,0.039939838969122544,0.03995757260765722,0.9178517024096554,25,30,20
19,1181,0.002574247617688274,0.03993983976336745,0.03996453901013577,0.9175213736088089,25,30,20
19,1182,0.014968488231019907,0.0399486740916437,0.028483622408010927,0.9165992152693253,25,30,20
19,1183,0.014824438426371758,0.039948670470530814,0.029348075304225788,0.9158788157988718,25,30,20
19,1184,0.00354509034365517,0.03994866988935728,0.009163274378519694,0.9473429653884672,25,30,20
19,1185,0.004947273697736924,0.039944050118329084,0.00916257494419908,0.9459461012397344,25,30,20
19,1186,0.0031637193042633603,0.03995337776636153,0.009340039672966144,0.9475428632564079,25,30,20
19,1187,0.003780862396549125,0.039953380201182644,0.000669391460998634,0.9555963659412678,25,30,20
19,1188,0.002969699916694699,0.03995337825706511,0.00047197366086828565,0.9566049481653722,25,30,20
19,1189,0.0012874062541637712,0.03994867843032984,3.5238860511563254e-05,0.9587286764549945,25,30,20
19,1190,0.0016983327080266899,0.0399319714688923,0.00024947381637996846,0.9581202220067,25,30,20
19,1191,0.001344909179568402,0.0399486673681141,0.00023689359399988323,0.9584695298583178,25,30,20
19,1192,0.002359548176553621,0.03995371942430901,0.00025992692294571,0.957426805476192,25,30,20
19,1193,0.0014271955542144341,0.039944408921420205,0.00025030554565557827,0.9583780899787098,25,30,20
19,1194,0.0021840415426808753,0.039948518255826085,0.0004027227791868622,0.9574647174223068,25,30,20
19,1195,0.00919121362625616,0.03909433007328295,0.0005398934422150478,0.9511745628582449,25,30,20
19,1196,0.0036206500429842568,0.03909429143102287,5.9822943015100894e-05,0.9572252355829768,25,30,20
19,1197,0.0019919490511797404,0.03994400887059348,4.0811393164697074e-05,0.9580232306850617,25,30,20
19,1198,0.0014325616158838252,0.03994400874058671,4.538492291228538e-05,0.9585780447206175,25,30,20
19,1199,0.002983999266749471,0.03989654155005453,0.007270492118968589,0.9498489670642277,25,30,20
19,1200,0.0029060572436481347,0.03832826099127051,4.097567398984514e-05,0.9587247060910918,25,30,20
19,1201,0.0016536101221399644,0.03993408444691294,5.4476628542033204e-05,0.9583578288024062,25,30,20
19,1202,0.0025249006756293984,0.03994227176277669,7.643051487011929e-05,0.9574563970467246,25,30,20
19,1203,0.0021868084749763796,0.03995354440280372,0.007286930430969103,0.9505727166912509,25,30,20
19,1204,0.002280012003515527,0.03926243934761888,0.0007078505942460364,0.9577496980546201,25,30,20
19,1205,0.0014166627021364433,0.03992869203099252,2.9591103343013802e-05,0.9586250541635281,25,30,20
19,1206,0.0034436098460303636,0.03994178569558918,0.00029112562209824357,0.9563234788362829,25,30,20
19,1207,0.001406417458252669,0.039941781549955147,4.7907237281888495e-05,0.9586038937545109,25,30,20
19,1208,0.0022965342123548852,0.03995386505998909,0.00010629965973328426,0.9576433010679238,25,30,20
19,1209,0.002255485907878198,0.03994846846705933,5.170855591723562e-05,0.9577443370691447,25,30,20
19,1210,0.0027830653629760103,0.039948467631011765,7.018838824002296e-05,0.9571982786177713,25,30,20
19,1211,0.002572879332749853,0.039916108366415286,8.942651531555141e-05,0.9574215857855201,25,30,20
19,1212,0.004477174337423165,0.039944462150692896,5.7380078937627894e-05,0.9555209834329464,25,30,20
19,1213,0.002201005052591055,0.03995369611845747,5.679722267608536e-05,0.9577885016062754,25,30,20
19,1214,0.0032760779491610038,0.03994374892212718,0.03763164854103409,0.9191485245876784,25,30,20
19,1215,0.0013121342790278153,0.03994374719604883,0.037591597043967966,0.9211525214809542,25,30,20
19,1216,0.001250422436815751,0.039945084968548754,0.0375973911025898,0.9212071014920459,25,30,20
19,1217,0.0012931118053783278,0.039943807473684895,0.037582185247012394,0.921180895473925,25,30,20
19,1218,0.002186930161368983,0.039941660672428665,0.03671918404042934,0.9211522251257727,25,30,20
19,1219,0.0034328391122821324,0.039941663335865345,0.036762780046850206,0.9198627175050008,25,30,20
19,1220,0.003415877409429076,0.03995067583972765,0.044388992848069894,0.9122444539027734,25,30,20
19,1221,0.0019981966790843563,0.03993678910072514,0.055703935908638987,0.9023610783115514,25,30,20
19,1222,0.0014929592192734023,0.03990927223401093,0.04041764933311172,0.9181801192136041,25,30,20
19,1223,0.0014009631100873404,0.0399092717929229,0.04041047723445124,0.9182792878625379,25,30,20
19,1224,0.0040560204985281715,0.039910174548159955,0.06266401953947535,0.8933697854138357,25,30,20
19,1225,0.002302750272138814,0.039917302452735254,0.05650319265004515,0.9012767546250796,25,30,20
19,1226,0.0013520773313623969,0.03995369752129922,0.03995865621085258,0.9187355689364854,25,30,20
19,1227,0.001344028448607745,0.039953699220831716,0.039955816488801234,0.9187464558417591,25,30,20
19,1228,0.0019264451996826148,0.03929690238945564,0.04005454167051181,0.9187221107403496,25,30,20
19,1229,0.0021967435661154446,0.03995740360904579,0.039544164017925605,0.9183016888069122,25,30,20
19,1230,0.0012682171945949522,0.07989261371197157,0.00019492014561860854,0.9186442489478148,25,30,20
19,1231,0.003975750968224093,0.07988566762489104,8.891756760697534e-05,0.9160496638392764,25,30,20
19,1232,0.0023022313860096184,0.07989035021465464,6.255435143528112e-05,0.9177448640479,25,30,20
19,1233,0.004128407838920429,0.07990209680102926,0.007278543007257535,0.9086909523527921,25,30,20
19,1234,0.003921159353709045,0.07990254839360811,0.0006400673263397754,0.9155362249263435,25,30,20
19,1235,0.002046132479032913,0.07987399514654711,0.0006330040641887965,0.9174468683102299,25,30,20
19,1236,0.001376566949910208,0.07989376225982907,0.0006178373362011135,0.9181118334540592,25,30,20
19,1237,0.001698297225110543,0.07990709100826425,0.0007720963426151776,0.9176225154240101,25,30,20
19,1238,0.0013281739050260333,0.0799070892841149,0.00019745008505048304,0.9185672867258085,25,30,20
19,1239,0.001689923140968894,0.07988817292365835,0.00041849488068641984,0.9180034090546867,25,30,20
19,1240,0.002044409252312705,0.07987356274093553,0.000190237571943794,0.9178917904348073,25,30,20
19,1241,0.002010629181159509,0.07988307939646784,0.00021051913877226017,0.9178957722836003,25,30,20
19,1242,0.0014279432244848893,0.07987366722248197,2.6230679257783173e-05,0.9186721588737754,25,30,20
19,1243,0.001380888372979212,0.07987354501704116,0.000464357450165512,0.9182812091598127,25,30,20
19,1244,0.0027977760219655974,0.0798830800918573,4.973576216918726e-05,0.9172694081240066,25,30,20
19,1245,0.0014087587081913252,0.07986458683433457,4.0194201149740834e-05,0.9186864602563241,25,30,20
19,1246,0.0013512846331612022,0.07989771084210186,0.0006009362287854288,0.9181500682959525,25,30,20
19,1247,0.001588933154961965,0.07990703334597195,0.0006228267057689702,0.9178812067932978,25,30,20
19,1248,0.0029946465815004902,0.07989812283006117,0.009055358129664815,0.9080518724587731,25,30,20
19,1249,0.002270530349874875,0.07986461168059847,0.00025262302316357766,0.917612234946363,25,30,20
19,1250,0.0016689152471446194,0.07987936918080482,0.03696959637629902,0.8814821191957515,25,30,20
19,1251,0.0022438946153844077,0.07921796127599826,0.04058735324931581,0.8779507908593019,25,30,20
19,1252,0.0028017442989802426,0.07989514718372431,0.039927723278453675,0.8773753852388421,25,30,20
19,1253,0.002649340415588224,0.07993215951900255,0.03991476975204271,0.877503730313367,25,30,20
19,1254,0.0021506504170928607,0.07994857905150522,0.039478444767582534,0.8784223257638201,25,30,20
19,1255,0.0013558505004884183,0.07987775922973249,0.03995754488469556,0.8788088453850831,25,30,20
19,1256,0.0013600408150142983,0.07988355554500179,0.039966359127088444,0.8787900445128947,25,30,20
19,1257,0.003038340895156713,0.06023707213904106,0.0601226201010389,0.876601966864764,25,30,20
19,1258,0.006827129198891961,0.07826977801829939,0.036370924508146524,0.8785321682746625,25,30,20
19,1259,0.010838179393755672,0.07826978503941158,0.0332623433849041,0.8776296921819289,25,30,20
19,1260,0.04121761921659826,0.07815177537867281,0.002042605282232432,0.8785880001224968,25,30,20
19,1261,0.04197872890507541,0.0781868321875839,0.0019982741605808823,0.8778361647467605,25,30,20
19,1262,0.041050150501610566,0.07989787610996466,0.0025881636933993615,0.8764638096950256,25,30,20
19,1263,0.004038519173562517,0.07989886715009459,0.03944067670945033,0.8766219369668932,25,30,20
19,1264,0.002043474590568435,0.07989844063449057,0.03963617819280053,0.8784219065821407,25,30,20
19,1265,0.0025527370143469614,0.07989761892984146,0.039404681744061004,0.8781449623117495,25,30,20
19,1266,0.0017087704492007591,0.07991729330878027,0.039945645838030355,0.8784282904039887,25,30,20
19,1267,0.0013637545608456126,0.07989298195980304,0.039977082106481855,0.8787661813728702,25,30,20
19,1268,0.0017529318957602963,0.041939968633959636,0.07795925431840543,0.8783478451518737,25,30,20
19,1269,0.0014068708813214478,0.06961667620407329,0.05026219678986342,0.8787142561247411,25,30,20
19,1270,0.0030821003365422857,0.07902652092141883,0.03999728353911032,0.8778940952029285,25,30,20
19,1271,0.0021590698333392826,0.07989803672240868,0.039985265685059994,0.8779576277591921,25,30,20
19,1272,0.0013381074652333985,0.07988954096345907,0.039975485232747326,0.8787968663385591,25,30,20
19,1273,0.03582278067064714,0.07989029261796653,0.006316075703927289,0.8779708510074579,25,30,20
19,1274,0.0029158750265987775,0.0799011745213617,0.03914563279088192,0.8780373176611573,25,30,20
19,1275,0.0036145135598751525,0.07970385258406161,0.04842467789785106,0.8682569559582128,25,30,20
19,1276,0.0016915460715918047,0.07970384881052937,0.040813755407222034,0.8777908497106552,25,30,20
19,1277,0.04044735101514193,0.07989883154597895,0.0009878043768123913,0.8786660130620666,25,30,20
19,1278,0.035142723216644314,0.07989886043746906,0.0063168453027645875,0.8786415710431222,25,30,20
19,1279,0.035611268496657994,0.07989749273284363,0.0063188311917812025,0.8781724075787174,25,30,20
19,1280,0.03513046898165805,0.07989759043596258,0.006313121008021088,0.8786588195743567,25,30,20
19,1281,0.005595234987201474,0.07990740751249453,0.046697490631333716,0.8677998668689707,25,30,20
19,1282,0.0034230521438166485,0.07988784569972031,0.0380774751922426,0.8786116269642208,25,30,20
19,1283,0.03941772073966165,0.0798931867020084,0.0020291419788459326,0.8786599505794851,25,30,20
19,1284,0.03943340253432173,0.07987141589213825,0.04192975148787574,0.8387654300856636,25,30,20
19,1285,0.03987985432880198,0.0798593846917096,0.04172546745892275,0.8385352935205646,25,30,20
19,1286,0.04125939843071711,0.0798593553401052,0.04035424431712641,0.8385270019120505,25,30,20
19,1287,0.04088171144710054,0.07988731995434951,0.04053049654543464,0.8387004720531156,25,30,20
19,1288,0.03418630018565452,0.07989664306968965,0.04756759275480199,0.8383494639898541,25,30,20
19,1289,0.042007303296305504,0.0665786573642447,0.06224952416196555,0.8291645151774845,25,30,20
19,1290,0.007657544692261737,0.0798916913803145,0.06028694119332111,0.8521638227341035,25,30,20
19,1291,0.0038668171394118465,0.0798840492090948,0.04767260633897772,0.8685765273125152,25,30,20
19,1292,0.0037370687629010913,0.07987956186291653,0.044928724624526434,0.8714546447496561,25,30,20
19,1293,0.0037973084634225196,0.07989289678757251,0.03784187449996235,0.8784679202490423,25,30,20
19,1294,0.006647794184442799,0.07990071459429342,0.008647595481532079,0.9048038957397313,25,30,20
19,1295,0.005757723668589007,0.07989563428626982,0.00862917838649285,0.9057174636586478,25,30,20
19,1296,0.004594843932472656,0.07988113742510924,0.00861657809330519,0.9069074405491132,25,30,20
19,1297,0.0025307123303615836,0.07923890775300536,0.018493295358488468,0.8997370845581437,25,30,20
19,1298,0.005531828752279109,0.07990689860695291,0.04057859874077737,0.873982673899991,25,30,20
19,1299,0.006055746859397155,0.0799068972712339,0.03559361203034421,0.8784437438390255,25,30,20
19,1300,0.0016636332553921448,0.0798980489672613,0.03761107612095718,0.8808272416563894,25,30,20
19,1301,0.0017124396081423501,0.07937846905962216,0.03871723865265076,0.8801918526795842,25,30,20
19,1302,0.020034777394465866,0.07986482735865635,0.02185759048822827,0.8782428047586482,25,30,20
19,1303,0.0347136299793676,0.0798742904113401,0.008979612863411273,0.8764324667458822,25,30,20
19,1304,0.04398169384952283,0.07988879952313589,0.0006578505509844154,0.8754716560763564,25,30,20
19,1305,0.04085301093326322,0.07989359737140793,0.005323906790899444,0.8739294849044305,25,30,20
19,1306,0.038456650880585835,0.07964012003903206,0.00547105608934645,0.8764321729910358,25,30,20
19,1307,0.04186546237302958,0.07963955928876829,0.0005499125156981555,0.8779450658225042,25,30,20
19,1308,0.04215156414298384,0.07963955784254233,0.00037821055373782423,0.8778306674607353,25,30,20
19,1309,0.0347326486455823,0.07964414391311114,0.009209211003749497,0.8764139964375565,25,30,20
19,1310,0.0018261502130244647,0.0796728696594221,0.04015532101268807,0.8783456591148646,25,30,20
19,1311,0.028348204130973324,0.04217678740858481,0.050743008224680794,0.8787320002357606,25,30,20
19,1312,0.0031087685715274656,0.04255920428294546,0.10420326563586127,0.8501287615096688,25,30,20
19,1313,0.017232483308164806,0.04250144907560478,0.07083340027337025,0.8694326673428603,25,30,20
19,1314,0.0025254050751161556,0.07127507926543113,0.04829353306288014,0.8779059825965725,25,30,20
19,1315,0.002535575191015681,0.07126603654285268,0.0482941025901048,0.8779042856760276,25,30,20
19,1316,0.010380127530548127,0.08083473027939818,0.031319809616941564,0.8774653325731111,25,30,20
19,1317,0.020364451786312344,0.07996687795560169,0.021369685784124074,0.8782989844739617,25,30,20
19,1318,0.035733081645784134,0.07990589743704073,0.005664315544609847,0.8786967053725657,25,30,20
19,1319,0.03386184348007696,0.03994324041420317,0.050236661710179625,0.8759582543955399,25,30,20
19,1320,0.05018953510953562,0.03959214186180619,0.03547801500104623,0.8747403080276118,25,30,20
19,1321,0.04650596094456959,0.03928582988063507,0.036030661635205116,0.8781775475395895,25,30,20
19,1322,0.08054460249057113,0.039953464397430284,0.001320113329621768,0.8781818197823764,25,30,20
19,1323,0.06350795694910975,0.03994478722381016,0.019058746988521058,0.8774885088385586,25,30,20
19,1324,0.0023938274458337114,0.03994529278488358,0.07893013760139134,0.8787307421678894,25,30,20
19,1325,0.004942772915615384,0.03993652561426238,0.07832703651561423,0.8767936649545072,25,30,20
19,1326,0.05175486180424078,0.03991798421498994,0.029845517936384992,0.8784816360443848,25,30,20
19,1327,0.05150480398544491,0.03995169786806987,0.03028247604466496,0.8782610221018203,25,30,20
19,1328,0.0019411839713928212,0.03996444854143468,0.07936869736067216,0.878725670126499,25,30,20
19,1329,0.0021609632342444625,0.039986096126711605,0.1141791037223725,0.8436738369166722,25,30,20
19,1330,0.0021198790875184706,0.039943642905752315,0.11922473643233983,0.8387117415743883,25,30,20
19,1331,0.0025298248757026276,0.03991897058299972,0.11913377120532496,0.838417433335972,25,30,20
19,1332,0.0033337715391938715,0.03991897218306169,0.11914334248091213,0.8376039137968331,25,30,20
19,1333,0.00397716374134905,0.07900944356873169,0.07979777711903512,0.8372156155708851,25,30,20
19,1334,0.004600595936314944,0.07988050065451197,0.07966892319915422,0.8358499802100176,25,30,20
19,1335,0.00422048706197683,0.07963876231015925,0.08792927217292132,0.8282114784549429,25,30,20
19,1336,0.003993593725712634,0.07987549171602604,0.08851707641249403,0.827613838145768,25,30,20
19,1337,0.004240890048860886,0.07989250925190945,0.08868165215980917,0.8271849485394206,25,30,20
19,1338,0.0029040006465161595,0.07924810833449344,0.07986600176196076,0.837981889257029,25,30,20
19,1339,0.0025287067419611305,0.07923321463651163,0.08025876891227346,0.8379793097092539,25,30,20
19,1340,0.0030370114023089765,0.07923383547817738,0.07974387926374928,0.8379852738557654,25,30,20
19,1341,0.00304045754836025,0.07990119080600673,0.07963631468337551,0.8374220369622578,25,30,20
19,1342,0.0031574585409019614,0.0790235552514069,0.05776265580844187,0.8600563303992503,25,30,20
19,1343,0.050228063358303744,0.07902318549759933,0.034121236515198085,0.8366275146289002,25,30,20
19,1344,0.002199461830016505,0.07853847893025906,0.08126392880402601,0.8379981304356987,25,30,20
19,1345,0.006006259622009094,0.08103808689454034,0.07474813840487622,0.8382075150785738,25,30,20
19,1346,0.002770454375723715,0.07988033380218758,0.07760107283075673,0.8397481389913314,25,30,20
19,1347,0.0018019403563358178,0.07990757836527608,0.07909696025159145,0.8391935210267971,25,30,20
19,1348,0.0014300605998695457,0.07988170560014557,0.09832703290723446,0.8203612008927504,25,30,20
19,1349,0.0054973791417384866,0.07928014272161263,0.08589741696479777,0.829325061171854,25,30,20
19,1350,0.0037903414747512193,0.07986949864426057,0.08681832070242677,0.8295218391785614,25,30,20
19,1351,0.001344493618045762,0.11981118530671128,0.04017634382286248,0.8386679772523803,25,30,20
19,1352,0.003816003249456919,0.11979349637067585,0.040192857062105646,0.8361976433177624,25,30,20
19,1353,0.0013198677880253845,0.11982834574857916,0.040183873389114264,0.8386679130742811,25,30,20
19,1354,0.0022081989931892147,0.13246835600617612,0.02735576221617962,0.8379676827844542,25,30,20
19,1355,0.001393927538214275,0.11986971565921563,0.03991282575242757,0.8388235310501423,25,30,20
19,1356,0.004694470767055972,0.11921694360102776,0.0382432862642014,0.8378452993677145,25,30,20
19,1357,0.0030315663080552695,0.11977930683346302,0.04001605604543602,0.8371730708130452,25,30,20
19,1358,0.0038836229439554296,0.11984100987122753,0.040012292658330964,0.8362630745264846,25,30,20
19,1359,0.005832498397505852,0.11982663202433626,0.0001625189464699254,0.8741783506316884,25,30,20
19,1360,0.0043590067409917605,0.11985038347861096,0.00038071333427714744,0.8754098964461202,25,30,20
19,1361,0.0023446506182183136,0.11943613935184563,0.00027337264039302005,0.8779458373895435,25,30,20
19,1362,0.002147716385980312,0.11945158146541447,0.0007195279525746799,0.8776811741960305,25,30,20
19,1363,0.001993931379027093,0.11945135097965975,0.00021903704231067409,0.8783356805990024,25,30,20
19,1364,0.00177219632059147,0.11927598557623995,0.0001362706886729912,0.8788155474144942,25,30,20
19,1365,0.0017982167979117758,0.119297678791689,0.0001344945405176254,0.8787696098698801,25,30,20
19,1366,0.0030167189452857362,0.11982929088758759,5.12523884490086e-05,0.877102737778677,25,30,20
19,1367,0.001363166177057773,0.11986081724903322,0.00047832031074167264,0.8782976962631669,25,30,20
19,1368,0.0016393656542879414,0.11984548459739716,3.206367630967539e-05,0.8784830860720062,25,30,20
19,1369,0.0022301421299494666,0.11984531322814,4.683750262758883e-05,0.8778777071392821,25,30,20
19,1370,0.0013629992873446777,0.11984180034019803,2.0778728569195595e-05,0.8787744216438879,25,30,20
19,1371,0.0014246487964873584,0.11911959659720958,0.0010275991709373235,0.8784281554353651,25,30,20
19,1372,0.0014269801716344725,0.11907588119239751,0.0010308608518960094,0.8784662777840708,25,30,20
19,1373,0.0021739414426834385,0.11917506494760863,0.0009160426503615255,0.8777349509593466,25,30,20
19,1374,0.0025332043102452855,0.11915841923057034,0.001069451022048174,0.8772389254371352,25,30,20
19,1375,0.0013593078969329033,0.11894637978423467,0.0009305504686889074,0.8787637618501445,25,30,20
19,1376,0.0014521533263315593,0.11979181596624525,0.00023610349435078837,0.8785199272130727,25,30,20
19,1377,0.0019963198129525194,0.11978858222052596,6.418826119203212e-05,0.8781509097053286,25,30,20
19,1378,0.005529793480895284,0.11895904501948042,0.0006622121586528406,0.8748489493409705,25,30,20
19,1379,0.00404152562960026,0.11984248963509456,4.375581574915404e-05,0.8760722289195557,25,30,20
19,1380,0.004011914113681745,0.11983444092334644,6.905355650857626e-05,0.8760845914064628,25,30,20
19,1381,0.003654404198543794,0.11980951256339865,6.815851541627033e-05,0.8764679247226411,25,30,20
19,1382,0.0039822128700006745,0.1198410986512033,0.0004958682252797557,0.8756808202535155,25,30,20
19,1383,0.0025115638374073363,0.1198394227985191,0.0007029410375878607,0.8769460723264854,25,30,20
19,1384,0.0032590186614970935,0.11983693119424287,4.956131341541753e-05,0.8768544888308446,25,30,20
19,1385,0.0021347922903164553,0.11962059843174477,0.03751734322383638,0.8407272660541019,25,30,20
19,1386,0.002551833374439372,0.11964190024562789,0.025509774816400363,0.8522964915635329,25,30,20
19,1387,0.005235349999555911,0.11964190178838012,0.007490925632981832,0.8676318225790819,25,30,20
19,1388,0.004628431918246723,0.11894673166173064,8.894249649868043e-05,0.8763358939235235,25,30,20
19,1389,0.0022334515612446393,0.11961378613239346,0.0008446539395393311,0.8773081083668214,25,30,20
19,1390,0.0033007399664063534,0.11958932762204866,0.00037113101728220477,0.8767388013942627,25,30,20
19,1391,0.001367655729544778,0.11891719408633711,0.0011611062607705016,0.8785540439233483,25,30,20
19,1392,0.0013889360271953988,0.11913290039604503,0.0007117534006727584,0.8787664101760875,25,30,20
19,1393,0.004122773427988991,0.11741223843125244,0.0005009652516953754,0.877964022889062,25,30,20
19,1394,0.0016826128779755312,0.11891461971708767,0.0009365309917578068,0.8784662364131784,25,30,20
19,1395,0.002555509165776969,0.11890036677807682,0.0009479932288815587,0.8775961308272652,25,30,20
19,1396,0.0025166593434322337,0.10407233850395788,0.015811933557003614,0.8775990685956061,25,30,20
19,1397,0.002153532313754629,0.10014917733901632,0.019722566255395254,0.8779747240918337,25,30,20
19,1398,0.0025462720668452898,0.11890843000190934,0.0009213090666944016,0.8776239888645511,25,30,20
19,1399,0.002485536609315035,0.11980598541468197,0.00026004563229811576,0.8774484323437046,25,30,20
19,1400,0.0036116937115628312,0.07987588172945279,0.039178719394912555,0.8773337051640698,25,30,20
19,1401,0.0028016639490043974,0.07983216255305198,0.04020430873434809,0.8771618647635941,25,30,20
19,1402,0.0033790189708188508,0.07936852389444142,0.04010307962360109,0.877149377511138,25,30,20
19,1403,0.0047901678584942155,0.07947044878308435,0.038588998103653155,0.8771503852547688,25,30,20
19,1404,0.0036916135284968364,0.0798878646191708,0.038547262980261815,0.8778732588720719,25,30,20
19,1405,0.0034211063916490697,0.07989815970823158,0.03928595220671317,0.8773947816934065,25,30,20
19,1406,0.002268442158941925,0.07988880539787963,0.03954242948483344,0.8783003229583454,25,30,20
19,1407,0.0018124603179502227,0.07966144601939418,0.04041370153188535,0.8781123921307697,25,30,20
19,1408,0.0014817028084114958,0.07985284702960674,0.040030095144450994,0.8786353550175291,25,30,20
19,1409,0.0016171406997205523,0.07985214612206709,0.040014030180605856,0.878516682997606,25,30,20
19,1410,0.0014860362558334738,0.0798426037486589,0.04000720542924265,0.8786641545662648,25,30,20
19,1411,0.0014291602151886335,0.07989454328096596,3.406016791703547e-05,0.9186422363359286,25,30,20
19,1412,0.0022419861812829683,0.07988538491237981,0.0001885222637526351,0.9176841066425838,25,30,20
19,1413,0.0013926521362134358,0.07171616340078785,0.008129677758813814,0.9187615067041854,25,30,20
19,1414,0.0016903087075787453,0.07989767878847166,3.373604459132475e-05,0.9183782764593582,25,30,20
19,1415,0.0025399714986239874,0.07989770546702257,0.00023775108032685055,0.9173245719540272,25,30,20
19,1416,0.0014214338944573413,0.0717738472598704,0.008334173184101467,0.9184705456615709,25,30,20
19,1417,0.003203538476578458,0.07177000983230702,0.008320531316515103,0.9167059203745991,25,30,20
19,1418,0.004007975572098846,0.03990868724807253,0.039866313698012704,0.9162170234818156,25,30,20
19,1419,0.003355937323917823,0.039954225466397604,0.039297155214205806,0.917392681995479,25,30,20
19,1420,0.0029871814433793937,0.039954222394336845,0.04615136696023073,0.9109072292020525,25,30,20
19,1421,0.003686629773128472,0.03995431767261896,0.04620070522870447,0.9101583473255483,25,30,20
19,1422,0.0025093482927426893,0.039954315088749866,0.03913208222637755,0.9184042543921295,25,30,20
19,1423,0.0018942079936523732,0.03995310130254905,0.039973871590388475,0.9181788191134105,25,30,20
19,1424,0.002765744667296809,0.03995310292977615,0.03854974442128164,0.918731407981645,25,30,20
19,1425,0.003148269923927795,0.03995310399838872,0.038564628641774144,0.9183339974359096,25,30,20
19,1426,0.0036269655054582384,0.039944312354830626,0.03856588050462889,0.9178628416350818,25,30,20
19,1427,0.002162456622194962,0.03995368734210882,0.0450871246281996,0.912796731407496,25,30,20
19,1428,0.0021780710399148134,0.03994317857491129,0.047353603554914914,0.9105251468302589,25,30,20
19,1429,0.0028857498697970204,0.03994317872974608,0.049611817550751384,0.9075592538497049,25,30,20
19,1430,0.00591045153908834,0.039953646473026405,0.07793130418806332,0.8762045977998197,25,30,20
19,1431,0.0019023936546916406,0.039953758050578936,0.052216152507163695,0.9059276957875656,25,30,20
19,1432,0.0019715978151291966,0.039953422077421606,0.04019170658556443,0.917883273521884,25,30,20
19,1433,0.0014217201138573493,0.03995348126394117,0.040157017522029166,0.9184677811001728,25,30,20
19,1434,0.0014271844169488686,0.039954114344465295,0.03800464032959368,0.9206140609089916,25,30,20
19,1435,0.006491550313442289,0.03994780760376975,0.037916588413338205,0.91564405366945,25,30,20
19,1436,0.006447513581138421,0.03995440061393771,0.03791385041479166,0.9156842353901324,25,30,20
19,1437,0.006408626921243328,0.039492887768871554,0.04050612950925989,0.9135923558006259,25,30,20
19,1438,0.0032982357255417166,0.03995371752939096,0.04012567226842803,0.9166223744766401,25,30,20
19,1439,0.0032803776529043765,0.03995437352459818,0.04001111997533111,0.9167541288471668,25,30,20
19,1440,0.0034437769167640696,0.023857857700787462,0.055631677331913106,0.9170666880505343,25,30,20
19,1441,0.001881901349317391,0.023876201628164204,0.05558081569688159,0.9186610813256364,25,30,20
19,1442,0.0019477460796242492,0.03996097045067841,0.039983973703770305,0.9181073097659264,25,30,20
19,1443,0.002761798577391155,0.039972568585253616,0.04085921334540577,0.9164064194919503,25,30,20
19,1444,0.0025309629988660982,0.03997205004991949,0.04092636743873242,0.9165706195124811,25,30,20
19,1445,0.0014519752090256272,0.03995370953385146,0.04062611671882349,0.9179681985382979,25,30,20
19,1446,0.01732570792644355,0.03995371825573006,0.027997203999886734,0.9147233698179378,25,30,20
19,1447,0.00528726480759722,0.039955397177006365,0.0397541271255005,0.9150032108898958,25,30,20
19,1448,0.002907388139076307,0.03991331982107823,0.03961351583678924,0.917565776203055,25,30,20
19,1449,0.0024937707063919607,0.03997152616584379,0.03904403555645324,0.9184906675713106,25,30,20
19,1450,0.004194922405067904,0.03992471112515531,0.04001105277312488,0.9158693136966513,25,30,20
19,1451,0.004183770771685604,0.03996207896628071,0.03997060885786569,0.9158835414041684,25,30,20
19,1452,0.0013370567748619932,0.039991070003628074,0.0399451504388761,0.9187267227826341,25,30,20
19,1453,0.0013793562806213707,0.03994714335849026,0.03994004605683795,0.9187334543040513,25,30,20
19,1454,0.002535131044718356,0.03942489153573536,0.040620962860177884,0.9174190145593697,25,30,20
19,1455,0.0013549663950896782,0.039424888715282956,0.04059233163878776,0.9186278132508393,25,30,20
19,1456,0.0014059643182762068,0.03995348530333426,0.040151358323978155,0.918489192054411,25,30,20
19,1457,0.0013914877628866756,0.03992938193942194,0.05556916587853331,0.9031099644191579,25,30,20
19,1458,0.002256667370824767,0.039930059954267225,0.05558368543848225,0.9022295872364259,25,30,20
19,1459,0.0013428464832287376,0.039949350683307266,0.04015804646244545,0.9185497563710188,25,30,20
19,1460,0.0017281237969007616,0.06001270283724535,0.020073318039636225,0.9181858553262172,25,30,20
19,1461,0.0016343182258272625,0.07989783156173533,0.0001990978936234056,0.9182687523188142,25,30,20
19,1462,0.0016197142861432675,0.07989783114591761,0.00018894487643069874,0.9182935096915085,25,30,20
19,1463,0.0013110878977094825,0.07990655218339038,2.0880332841490324e-05,0.9187614795860586,25,30,20
19,1464,0.0014539112156220066,0.07986498970574657,5.213544628603518e-05,0.9186289636323446,25,30,20
19,1465,0.0014495809244175959,0.07987938085759477,0.01577138774590286,0.9028996504720851,25,30,20
19,1466,0.0014447252214027401,0.07987938735895411,0.04705452569723288,0.8716213617224097,25,30,20
19,1467,0.002253600470095633,0.07987678848927178,0.039860216274223544,0.8780093947664089,25,30,20
19,1468,0.004128985729323958,0.07987679368415458,0.040030096546194736,0.8759641240403271,25,30,20
19,1469,0.004501574848559269,0.07998117523972115,0.03779477387684294,0.8777224760348772,25,30,20
19,1470,0.0014626686420344788,0.07987323187927725,0.01739914362264894,0.9012649558560396,25,30,20
19,1471,0.0017433343361514888,0.07938915485746688,0.01807718249764916,0.9007903283087331,25,30,20
19,1472,0.0013120853665631656,0.07987151545489357,7.347523422145569e-05,0.9187429239443213,25,30,20
19,1473,0.0021264012941203726,0.0798715166255732,6.361902108752367e-05,0.9179384630592193,25,30,20
19,1474,0.0019576583986713764,0.0798715286702965,8.733707124544038e-05,0.9180834758597857,25,30,20
19,1475,0.0016448774359723798,0.07969058010050588,0.00025029253673404853,0.9184142499267871,25,30,20
19,1476,0.0013610016340256934,0.07969058209784699,0.0002557274701599435,0.9186926887979675,25,30,20
19,1477,0.0018168103237957548,0.07969058303194099,0.0004638064206267902,0.9180288002236359,25,30,20
19,1478,0.0032602120858316007,0.07984902441208731,0.00021872141839201435,0.9166720420836902,25,30,20
19,1479,0.0026749175887835195,0.0798712674747236,4.993807087837509e-05,0.9174038768656141,25,30,20
19,1480,0.002581348608068266,0.0798712686275424,6.1023493495692026e-05,0.9174863592708953,25,30,20
19,1481,0.003113086306869909,0.07903595485557921,0.000506259679404101,0.9173446991581459,25,30,20
19,1482,0.0031348415562220083,0.07988321672739179,0.00021809093135513217,0.9167638507850318,25,30,20
19,1483,0.0030787396879484886,0.07990709655076723,6.307966499586748e-05,0.9169510840962886,25,30,20
19,1484,0.001404644806843981,0.07990238663430019,0.0004281735781854678,0.9182647949806703,25,30,20
19,1485,0.0018171934868932485,0.07990238862178915,4.727135565737627e-05,0.9182331465356612,25,30,20
19,1486,0.004372368765818246,0.07990725666007793,6.476455687038122e-05,0.9156556100172335,25,30,20
19,1487,0.0036843288336470747,0.06999582762496873,0.009947403045244557,0.9163724404961394,25,30,20
19,1488,0.0032198168794366293,0.07778684497506685,0.0008322709904715619,0.9181610671550263,25,30,20
19,1489,0.0022351535034412996,0.07987649398252335,4.681523315026943e-05,0.9178415372808851,25,30,20
19,1490,0.0013839295898277896,0.07988321297828394,0.014340685455230817,0.9043921719766569,25,30,20
19,1491,0.0014320620277008987,0.07987365270310026,0.00022027598401797664,0.918474009285181,25,30,20
19,1492,0.004606470408776922,0.0798976039416667,4.456227644581327e-05,0.9154513633731107,25,30,20
19,1493,0.003088444218877232,0.07990226009434742,5.139655523362774e-05,0.9169578991315422,25,30,20
19,1494,0.0016832887633038798,0.07989275044771656,0.00019452079070069784,0.9182294399982774,25,30,20
19,1495,0.0016818918375935854,0.07989275136067811,0.00019613809907156052,0.9182292187026568,25,30,20
19,1496,0.001721030443814299,0.07986868475803699,0.00018972334213726994,0.9182205614560135,25,30,20
19,1497,0.002219566802615034,0.07986868338878192,2.9514041187409805e-05,0.9178822357674165,25,30,20
19,1498,0.0031182034583759803,0.0798833995613625,5.0732673255632086e-05,0.9169476643070053,25,30,20
19,1499,0.001413698911990272,0.07987427582796257,5.4767299912211615e-05,0.918657257960135,25,30,20
19,1500,0.0013913710798322623,0.07988338870224589,5.627191826202275e-05,0.9186689682996597,25,30,20
19,1501,0.0022956682852495885,0.079871650774425,0.0009850901162049921,0.916847590824121,25,30,20
19,1502,0.0017271469819116051,0.07988856803409189,0.0009563209811619574,0.9174279640028341,25,30,20
19,1503,0.002162897263963243,0.07904027403311813,0.0011762827496633681,0.9176205459532554,25,30,20
19,1504,0.0037935800345147673,0.07982665394163398,5.641242196930407e-05,0.9163233536018823,25,30,20
19,1505,0.004940641514550076,0.07988536981599469,8.332065854842754e-05,0.915090668010907,25,30,20
19,1506,0.004073806748458656,0.0798777867921722,6.707924526113008e-05,0.9159813272141086,25,30,20
19,1507,0.005012622756660285,0.07987778977849215,0.00039998604697074355,0.9147096014178768,25,30,20
19,1508,0.006282117201303475,0.07987426031157517,0.0003767298071913098,0.91346689267993,25,30,20
19,1509,0.005053389464116813,0.07952209472267036,0.0003814449501272248,0.9150430708630855,25,30,20
19,1510,0.0014353614541825557,0.07989816391025172,3.7637502699187546e-05,0.9186288371328658,25,30,20
19,1511,0.001347341659090181,0.07990243081205162,2.5324887253424597e-05,0.9187249026416056,25,30,20
19,1512,0.0014215150458606425,0.07989260581482598,2.5613400130714112e-05,0.9186602657391828,25,30,20
19,1513,0.0022784957026246414,0.07988850310827257,0.007353992204084772,0.9104790089850182,25,30,20
19,1514,0.003244642876457876,0.07988816713642495,0.007056397136922235,0.9098107928501937,25,30,20
19,1515,0.006167151079808947,0.07937807852513527,0.0005989113619615867,0.9138558590330937,25,30,20
19,1516,0.002377181812299678,0.07937810992895601,0.0005772743405281679,0.9176674339182153,25,30,20
19,1517,0.00500878721609974,0.07990718989466347,0.00037994011430102416,0.9147040827749359,25,30,20
19,1518,0.002560173713821564,0.07988305128433577,0.0006475884004261441,0.916909186601417,25,30,20
19,1519,0.004158172615342326,0.0780921664530045,0.0005802752476326774,0.9171693856840196,25,30,20
19,1520,0.00197925620088093,0.06966591313860984,0.010050201606643478,0.9183046290538648,25,30,20
19,1521,0.0014431231298329325,0.07964905947265055,0.0002732429716410169,0.9186345744258745,25,30,20
19,1522,0.003152135434986507,0.07965850875113545,0.0002730879814364634,0.9169162678324406,25,30,20
19,1523,0.002121664871770481,0.07965850672015941,0.0002636547633686031,0.917956173644701,25,30,20
19,1524,0.0022568353317746082,0.0799021037397047,3.580451616733675e-05,0.917805256412353,25,30,20
19,1525,0.002901549222471898,0.07987365333714994,7.331744711766528e-05,0.917151479993261,25,30,20
19,1526,0.00209540501422466,0.07987378146454407,0.00022697488107626307,0.9178038386401559,25,30,20
19,1527,0.002328338404239423,0.07986425202640071,6.383131221214797e-05,0.9177435782571467,25,30,20
19,1528,0.0036896404546470367,0.07986453181568454,0.03842221874458632,0.8780236089850821,25,30,20
19,1529,0.0020610218397268437,0.07922026847515565,0.04026182106103504,0.8784568886240812,25,30,20
19,1530,0.0016217884558616146,0.07922026537638199,0.000698131459991,0.9184598147077654,25,30,20
19,1531,0.001670119806312316,0.07974600081507324,0.0001318720681628736,0.918452007310451,25,30,20
19,1532,0.0021811755157372065,0.07988789983410668,0.00025355755057980154,0.9176773670995761,25,30,20
19,1533,0.0013597019315187368,0.07971101830158075,0.00947554385958088,0.9094537359073201,25,30,20
19,1534,0.0017530910224668702,0.04247481211469454,0.038251485059938285,0.9175206118029005,25,30,20
19,1535,0.00146346999638433,0.039941330754561404,0.039949709994453915,0.9186454892546001,25,30,20
19,1536,0.0013620769728398114,0.03995341054101511,0.03993803652499293,0.9187464759611516,25,30,20
19,1537,0.002116536138582792,0.03995381603229322,0.03998946843717106,0.9179401793919526,25,30,20
19,1538,0.001520810794248135,0.03995356453963317,0.039749946540599435,0.9187756781255194,25,30,20
19,1539,0.0013650920455395637,0.03992648921269406,0.039994066123991166,0.9187143526177748,25,30,20
19,1540,0.002534278146803554,0.03992989918583659,0.04012377840548636,0.9174120442618741,25,30,20
19,1541,0.0016192762976965527,0.03994462328696998,0.0399813616501792,0.9184547387651533,25,30,20
19,1542,0.0016169802853444647,0.03994397924780697,0.03964712614262948,0.9187919143242179,25,30,20
19,1543,0.0020108213270570137,0.03994397941595219,0.04010256468720038,0.91794263456979,25,30,20
19,1544,0.00371972180786192,0.039962864577834836,0.03969041328313723,0.9166270003311655,25,30,20
19,1545,0.0028068775616872294,0.03996735517149366,0.048534262088593065,0.9086915051782267,25,30,20
19,1546,0.005309467987598997,0.03996735602688131,0.0396988728104473,0.9150243031750714,25,30,20
19,1547,0.004037582782641822,0.039967356589889584,0.03970473804002808,0.916290322587441,25,30,20
19,1548,0.004120760616194098,0.03995434935469399,0.04017477969989018,0.9157501103292222,25,30,20
19,1549,0.027673326220210123,0.03995370610426346,0.047323652892346864,0.8850493147831794,25,30,20
19,1550,0.03050994953525308,0.03995370898497379,0.03869267875352745,0.8908436627262449,25,30,20
19,1551,0.02572375948960886,0.03993601081999212,0.040743376588687756,0.8935968531017116,25,30,20
19,1552,0.026326364067131413,0.0399777414898571,0.04068927659376216,0.8930066178492484,25,30,20
19,1553,0.013879896784994244,0.03996442678669035,0.07350955633279124,0.8726461200955237,25,30,20
19,1554,0.005581688796031313,0.039930334266428245,0.08068694497471901,0.8738010319628201,25,30,20
19,1555,0.004051414214843102,0.03996924431253662,0.08028906797969765,0.8756902734929223,25,30,20
19,1556,0.002328249439418598,0.03998143312151854,0.09832978631651257,0.8593605311225504,25,30,20
19,1557,0.0016465652406223725,0.03994349216840257,0.09854550625587462,0.859864436335102,25,30,20
19,1558,0.0036917674251166666,0.03994347476297193,0.09797004032483848,0.8583947174870741,25,30,20
19,1559,0.0012889372574883542,0.0722652703831611,0.06585996511892414,0.8605858272404275,25,30,20
19,1560,0.001417182540588299,0.07945549776000047,0.040435175467853794,0.8786921442315575,25,30,20
19,1561,0.0017412735386621643,0.07945042655795292,0.04081878741545325,0.8779895124879323,25,30,20
19,1562,0.002173465314119145,0.07989760297619732,0.03968057576351538,0.878248355946169,25,30,20
19,1563,0.002048042017992742,0.0798980576687718,0.03960058284013949,0.8784533174730953,25,30,20
19,1564,0.0017026896443374589,0.08120707109845585,0.03864319120510987,0.8784470480520953,25,30,20
19,1565,0.0014343589300417992,0.08115378924832725,0.038635167822558374,0.8787766839990728,25,30,20
19,1566,0.0016350723131242295,0.08177550471901579,0.03808794108658724,0.8785014818812732,25,30,20
19,1567,0.0018865415956803835,0.08177550428711382,0.05243459462767368,0.8639033594895322,25,30,20
19,1568,0.0022264568200447343,0.07993679818836616,0.054677801863883976,0.8631589431277046,25,30,20
19,1569,0.01474286286758238,0.07989886714846538,0.031578144116528595,0.8737801258674216,25,30,20
19,1570,0.0016493714054868869,0.07988935138507763,0.0031314489235297815,0.9153298282859051,25,30,20
19,1571,0.0013151692112219763,0.0798834756542067,0.03703256147965817,0.8817687936549123,25,30,20
19,1572,0.001694854690556655,0.0798577354445061,0.03704162007596462,0.8814057897889712,25,30,20
19,1573,0.004949370241809851,0.07990708631841684,0.0003840968646515288,0.9147594465751213,25,30,20
19,1574,0.003068304487212308,0.07990708422811159,0.0002110685007166644,0.91681354278396,25,30,20
19,1575,0.003181432665700026,0.07989710810997272,0.0006362040092142468,0.9162852552151145,25,30,20
19,1576,0.003254450915381539,0.07988365970101363,8.207757191244495e-05,0.9167798118116923,25,30,20
19,1577,0.004455585248684023,0.07986503515143595,0.0006421344619385786,0.9150372451379422,25,30,20
19,1578,0.004301454179611552,0.07986503566889275,0.0006388884430688678,0.9151946217084262,25,30,20
19,1579,0.005025934747721946,0.07988371865812526,0.00013759139979258625,0.91495275519436,25,30,20
19,1580,0.0026086686909179745,0.07988341712074404,6.892568795317389e-05,0.9174389885003846,25,30,20
19,1581,0.0017137447629826518,0.07990757690911235,4.768506332991483e-05,0.918330993264575,25,30,20
19,1582,0.002935309509275992,0.060239572635043384,0.019887414070970003,0.9169377037847098,25,30,20
19,1583,0.0016887764303130507,0.06998987307210912,0.010285289256462524,0.9180360612411154,25,30,20
19,1584,0.0012568323069863433,0.0700023077078088,0.010286331443923909,0.918454528541281,25,30,20
19,1585,0.002208274165764028,0.07989760182917309,5.0060702308227624e-05,0.9178440633027539,25,30,20
19,1586,0.002310465080990231,0.07908029053914685,0.00023422371942773089,0.9183750206604343,25,30,20
19,1587,0.00302865820340671,0.07989760585962034,5.7908495093683934e-05,0.9170158274418789,25,30,20
19,1588,0.0021771743680832397,0.07989222362450063,3.160234758703219e-05,0.9178989996598292,25,30,20
19,1589,0.001364042785384329,0.0798972631229287,0.0003311262667052646,0.9184075678249819,25,30,20
19,1590,0.0022436118959950156,0.07990725719391217,0.010040252666492597,0.9078088782435995,25,30,20
19,1591,0.002517555301491075,0.07988850958340246,0.009672762679970965,0.9079211724351349,25,30,20
19,1592,0.002516804118885439,0.07989496525430412,0.0008132623525126656,0.916774968274297,25,30,20
19,1593,0.0024601428752806464,0.07987628598651278,6.910158452639882e-05,0.917594469553679,25,30,20
19,1594,0.0019048979650854695,0.07989816303538566,4.782597670933482e-05,0.9181491130228194,25,30,20
19,1595,0.003311786183063198,0.07987850929925258,0.00011470728263833275,0.9166949972350464,25,30,20
19,1596,0.003838671715416992,0.07984410815816247,0.0003587972528357002,0.915958422873586,25,30,20
19,1597,0.0013326860748552715,0.07988851661231593,0.007473144716012427,0.9113056525968165,25,30,20
19,1598,0.0016997623220185202,0.07985663275665215,4.22533514081497e-05,0.9184013515699214,25,30,20
19,1599,0.0022731361082450456,0.07985625776200897,0.0004852173483439953,0.9173853887814017,25,30,20
19,1600,0.003108929694490907,0.07919698288579986,0.00129629103747883,0.9163977963822302,25,30,20
19,1601,0.0024739449752350694,0.0798807131433821,0.0009435213908655131,0.9167018204905173,25,30,20
19,1602,0.008459928976290143,0.07678568350258148,0.0015165086250031395,0.9132378788961256,25,30,20
19,1603,0.00462241227797283,0.07987690446300928,0.0014006560793701148,0.9141000271796481,25,30,20
19,1604,0.005716046792085433,0.07989772184340815,0.00026728748865699687,0.9141189438758505,25,30,20
19,1605,0.00309300103626131,0.07989544010258977,0.0005620072167628122,0.9164495516443866,25,30,20
19,1606,0.001658383377169024,0.07989543506351832,4.2453178681791756e-05,0.9184037283806313,25,30,20
19,1607,0.001441967403840591,0.07988556733171212,0.0002379717676283634,0.9184344934968187,25,30,20
19,1608,0.0013902143359076794,0.07166136434888719,0.008247206484593919,0.918701214830612,25,30,20
19,1609,0.002131439144108691,0.07966907460477204,0.0004754924996984309,0.9177239937514213,25,30,20
19,1610,0.0013354832315268465,0.07989493674100821,0.007242310353763199,0.9115272696737016,25,30,20
19,1611,0.0031186482696144674,0.07989494016846412,0.007559904202438125,0.909426507359483,25,30,20
19,1612,0.003351706626145887,0.07984854063189553,7.000074852369907e-05,0.9167297519934343,25,30,20
19,1613,0.005533895910448455,0.07989763073970241,0.00014030344786352777,0.9144281699019859,25,30,20
19,1614,0.0013915699485617708,0.07987371546571287,0.0001993341782133887,0.9185353804075117,25,30,20
19,1615,0.0013286989822934036,0.079875372933941,4.584685103801566e-05,0.9187500812327271,25,30,20
19,1616,0.0022764180717537823,0.07986449138363633,7.418783193406936e-05,0.9177849027126751,25,30,20
19,1617,0.001960598670236206,0.07970781283895625,0.0006776049401643306,0.9176539835506428,25,30,20
19,1618,0.0014291529497094807,0.07989475821614858,3.308944158894191e-05,0.9186429993925528,25,30,20
19,1619,0.0014491513293808365,0.07985094854821695,3.311998930846959e-05,0.9186667801330941,25,30,20
19,1620,0.0014650344198324538,0.07985094824613365,2.650231150671305e-05,0.9186575150225272,25,30,20
19,1621,0.0013592407207109044,0.07966924497183868,0.000253984292247897,0.918717530015202,25,30,20
19,1622,0.002990514328595268,0.06275598239190966,0.026027935083116786,0.9082255681963781,25,30,20
19,1623,0.0029569761421589648,0.0799070825642756,0.008884206410972007,0.9082517348825929,25,30,20
19,1624,0.0029721315054837645,0.07963589609658538,0.00908896331010408,0.9083030090878274,25,30,20
19,1625,0.0012808912752582473,0.07868624191011407,0.010066929716348889,0.9099659370982784,25,30,20
19,1626,0.001316159566327701,0.07922978072404425,0.0007025026898927186,0.9187515570197347,25,30,20
19,1627,0.002310663977922646,0.0798631954376992,0.0006829953919799414,0.9171431451923986,25,30,20
19,1628,0.002344426996869838,0.07985433803977542,0.0006813323936215042,0.9171199025697327,25,30,20
19,1629,0.0017744729656803382,0.0798978686590126,5.404302135229244e-05,0.9182736153539531,25,30,20
19,1630,0.0022534656308022226,0.07988836448957089,5.326906899898731e-05,0.9178049008106267,25,30,20
19,1631,0.0031435180865257094,0.06274396448038119,0.01736362662557592,0.9167488908075165,25,30,20
19,1632,0.0017145988941367099,0.0627396288971632,0.017160466598430985,0.9183853056102694,25,30,20
19,1633,0.0013311318165578478,0.07188677601592841,0.008037294535789368,0.918744797631725,25,30,20
19,1634,0.002276470980347398,0.07177014164990417,0.008165928709146914,0.9177874586606006,25,30,20
19,1635,0.0023423235961751794,0.07178012232637411,0.008161741952338179,0.9177158121251131,25,30,20
19,1636,0.0013350638391049162,0.07178012223661374,0.008455582895755286,0.9184292310285253,25,30,20
19,1637,0.0012850239125251908,0.07178033709447684,0.008135793083205965,0.9187988459097925,25,30,20
19,1638,0.03974797172303831,0.07176987917177147,0.010141482983772663,0.8783406661214174,25,30,20
19,1639,0.041124209613238295,0.07954720158100932,0.0019122781490737801,0.8774163106566795,25,30,20
19,1640,0.015506842926647202,0.079898425141009,0.026066681988396647,0.8785280499439477,25,30,20
19,1641,0.016008420334132082,0.07990747540065947,0.02607024812716388,0.8780138561380457,25,30,20
19,1642,0.028836183470469675,0.07988602254118643,0.012766397918826862,0.8785113960695172,25,30,20
19,1643,0.021036746146517297,0.07990251595537792,0.02059079644126692,0.8784699414568373,25,30,20
19,1644,0.006367475553988308,0.08055909064242975,0.0344270332743874,0.8786464005291938,25,30,20
19,1645,0.0019077504627023347,0.07923947403507121,0.04050954898661359,0.8783432265156124,25,30,20
19,1646,0.0013966359503623316,0.07994396048396987,0.04874662978780647,0.8699127737778625,25,30,20
19,1647,0.0013976913426158263,0.07995639970719912,0.05745523800597981,0.8611906709442048,25,30,20
19,1648,0.0013498651510580912,0.0798737902449352,0.07990433221604537,0.8388720123879608,25,30,20
19,1649,0.007331601589624647,0.07963642780274513,0.07449289771810923,0.838539072889521,25,30,20
19,1650,0.013655644899921911,0.07963690766321753,0.06821724678942229,0.8384902006474371,25,30,20
19,1651,0.0016893342667362843,0.07993914690693374,0.07982583371867602,0.8385456851076549,25,30,20
19,1652,0.0017024182168960745,0.0798893282179956,0.07992564566205408,0.8384826079030545,25,30,20
19,1653,0.002616232822145491,0.07936926721874886,0.08765668026561933,0.8303578196934873,25,30,20
19,1654,0.0027171566592561008,0.07986610474608899,0.08702595441480226,0.8303907841798542,25,30,20
19,1655,0.001364132428919404,0.07989791340407924,0.08709774908751289,0.8316402050794887,25,30,20
19,1656,0.0022172138601596835,0.07988824538446458,0.08045253227224387,0.8374420084831325,25,30,20
19,1657,0.002761558037417568,0.07988910281576195,0.0791200689650627,0.8382292701817584,25,30,20
19,1658,0.004850340589473875,0.07988824951133516,0.039975100553091045,0.8752863093461003,25,30,20
19,1659,0.0023321994246279783,0.07988825272430457,0.03993258493281876,0.8778469629182485,25,30,20
19,1660,0.0026936012173869746,0.07988812726520236,0.03953183770730301,0.8778864338101084,25,30,20
19,1661,0.002648323075932144,0.07989782076579784,0.03968663021510159,0.8777672259431688,25,30,20
19,1662,0.0030052781107099873,0.07988052071119775,0.034601704033426745,0.8825124971446654,25,30,20
19,1663,0.04176316057433296,0.07989794907782731,0.0010190626673865252,0.8773198276804527,25,30,20
19,1664,0.04185428292563074,0.0798883667598142,0.0004594144495444399,0.8777979358650098,25,30,20
19,1665,0.04207739645392501,0.07988827421214965,0.0003965483337045693,0.8776377810002204,25,30,20
19,1666,0.0426910670743524,0.0799023689533991,0.0005877565587137319,0.8768188074135342,25,30,20
19,1667,0.04136610561373462,0.07210448153625829,0.008755516774143388,0.8777738960758628,25,30,20
19,1668,0.04197485338708172,0.07133796528670962,0.007964849003139767,0.8787223323230688,25,30,20
19,1669,0.04159735091002141,0.07990718419179846,0.0005570823775288298,0.8779383825206516,25,30,20
19,1670,0.04150519689657503,0.0793931772329165,0.0006330889397554397,0.8784685369307522,25,30,20
19,1671,0.038652513928039596,0.07990780947282246,0.003322665135472305,0.8781170114636658,25,30,20
19,1672,0.03885081008997083,0.07990830675616498,0.0032890119573754017,0.8779518711964884,25,30,20
19,1673,0.030849920685872178,0.07987423600857685,0.03316124865402775,0.8561145946515238,25,30,20
19,1674,0.008514409758231848,0.07987403352335681,0.07270237119449159,0.8389091855239199,25,30,20
19,1675,0.008907472523811744,0.07989803778979478,0.07240349034508511,0.8387909993413081,25,30,20
19,1676,0.0019600990128228347,0.0798929982088356,0.07752443854613937,0.840622464232202,25,30,20
19,1677,0.01450090071586352,0.08018700747054845,0.06650958223194307,0.8388025095816447,25,30,20
19,1678,0.0247335779416406,0.080176987247585,0.05798712797434594,0.8371023068364281,25,30,20
19,1679,0.025079107195836916,0.08019822262600246,0.058209391830752084,0.8365132783474085,25,30,20
19,1680,0.043480557430273084,0.07989311519726852,0.04073520892818333,0.8358911184442748,25,30,20
19,1681,0.005586842748321715,0.07989476180080705,0.08012649939298559,0.834391896057884,25,30,20
19,1682,0.00453500854340089,0.07989476045833398,0.0799207027383938,0.8356495282598722,25,30,20
19,1683,0.004043355482638084,0.07988541379570399,0.04891013820973043,0.8671610925119265,25,30,20
19,1684,0.0012937177432255037,0.07988752356435369,0.03999424517280421,0.8788245135196159,25,30,20
19,1685,0.001344671391416165,0.07989384011027031,0.039953308402751395,0.878808180095562,25,30,20
19,1686,0.0012743792647271503,0.07987794952821986,0.047146882493686953,0.8717007887133663,25,30,20
19,1687,0.002439504013523753,0.07902589489406614,0.040348010029390265,0.8781865910630192,25,30,20
19,1688,0.0013595401420417904,0.07988856698314771,0.040154655401414115,0.8785972374733955,25,30,20
19,1689,0.002526922895973949,0.0798784914390448,0.040408870414158395,0.8771857152508217,25,30,20
19,1690,0.001617870524795281,0.07959741551917915,0.04043153926424126,0.8783531746917843,25,30,20
19,1691,0.003634907694079741,0.07959785507787186,0.03898536137286729,0.8777818758551809,25,30,20
19,1692,0.004504608628755111,0.07989788804456724,0.04128195847600838,0.8743155448506699,25,30,20
19,1693,0.0016493786181735206,0.07994559772426568,0.04236852190078957,0.8760365017567717,25,30,20
19,1694,0.019874137659392624,0.079907433456721,0.042623484833278734,0.8575949440506068,25,30,20
19,1695,0.0017177818034496484,0.07989758764370083,0.04049244002761967,0.8778921905252293,25,30,20
19,1696,0.00139627141745382,0.07990730745142482,0.0404972211431851,0.8781991999879363,25,30,20
19,1697,0.0033908581620830987,0.07992481204194564,0.03994408573427438,0.8767402440616976,25,30,20
19,1698,0.002877227693860015,0.07989319168425317,0.04645000396722614,0.870779576654659,25,30,20
19,1699,0.001997947496243128,0.07989319054872071,0.06066315775855217,0.8574457041964847,25,30,20
19,1700,0.0014933398617546026,0.07990741286811726,0.05563599661939524,0.8629632506507341,25,30,20
19,1701,0.0026346140153906935,0.07990741127846533,0.08573901857830186,0.8317189561278426,25,30,20
19,1702,0.0027589467357018783,0.0799079123068365,0.09737614286032063,0.8199569980971404,25,30,20
19,1703,0.004710651790712129,0.07988356127546635,0.07842926637956549,0.8369765205542551,25,30,20
19,1704,0.007350344274174815,0.07954845444150227,0.0771357892961591,0.8359654119881634,25,30,20
19,1705,0.007949884378423623,0.07823709975840083,0.0771520309137354,0.83666098494944,25,30,20
19,1706,0.0070047552211938355,0.0782467935656071,0.07675715826952911,0.8379912929436699,25,30,20
19,1707,0.005390153698995007,0.07989816761857672,0.0767399202541518,0.8379717584282754,25,30,20
19,1708,0.02754625691598695,0.07994400064834048,0.055180619631085864,0.8373291228045874,25,30,20
19,1709,0.026664772009398496,0.07989462387686316,0.05220392862463881,0.8412366754890985,25,30,20
19,1710,0.03023050835542258,0.08470781014041791,0.05033879839833185,0.834722883105827,25,30,20
19,1711,0.030170719031582992,0.08470752565867512,0.050348068622323626,0.8347736866874178,25,30,20
19,1712,0.0423925510470119,0.03971159329478255,0.08603000720914031,0.8318658484490662,25,30,20
19,1713,0.04306989413910158,0.03995350410247997,0.08585877056910894,0.8311178311893087,25,30,20
19,1714,0.042793292413612544,0.039318587831912624,0.0881443493942001,0.8297437703602738,25,30,20
19,1715,0.05704529125861625,0.07862781706936674,0.06532995977439328,0.7989969318976226,25,30,20
19,1716,0.042044956976157316,0.07971155630239916,0.04073104476089306,0.8375124419605511,25,30,20
19,1717,0.012396339079696308,0.07971734578363568,0.10946351851755594,0.79842279661911,25,30,20
19,1718,0.0035731607296017424,0.07989846342052696,0.11779397645677203,0.7987343993930998,25,30,20
19,1719,0.004328605372219752,0.07936151933524635,0.11837950602814333,0.7979303692643893,25,30,20
19,1720,0.02427720994871128,0.07936126487236513,0.09742167239699556,0.798939852781928,25,30,20
19,1721,0.025458116169814735,0.07935704970609912,0.09793537491994102,0.7972494592041448,25,30,20
19,1722,0.03944584986057216,0.07991736122662906,0.09578011917378706,0.7848566697390115,25,30,20
19,1723,0.04218995981776665,0.07990784799198848,0.0795392645204662,0.798362927669778,25,30,20
19,1724,0.07804738140618168,0.07922747478270506,0.04445414081167348,0.7982710029994393,25,30,20
19,1725,0.07732168554466289,0.07925452596228405,0.04610237704820005,0.7973214114448537,25,30,20
19,1726,0.06797791132557936,0.0792248188740838,0.053973261568310324,0.7988240082320277,25,30,20
19,1727,0.07754461898897316,0.07919564399503928,0.04540493942831023,0.797854797587678,25,30,20
19,1728,0.06117536006842573,0.07988203866043266,0.05999757882224878,0.7989450224488919,25,30,20
19,1729,0.037788406097790196,0.07991372133954282,0.08380530663670488,0.7984925659259635,25,30,20
19,1730,0.03735433298813458,0.07993235986708036,0.09938292233132744,0.7833303848134576,25,30,20
19,1731,0.06232195194119497,0.08120244265829193,0.09639400118680327,0.7600816042137097,25,30,20
19,1732,0.015654022531557274,0.08118447265836543,0.1520409665197481,0.7511205382903302,25,30,20
19,1733,0.021052335988466467,0.07987726510631982,0.14058065182449214,0.758489747080722,25,30,20
19,1734,0.008135479115340651,0.07837303302521816,0.19235134380631827,0.721140144053122,25,30,20
19,1735,0.030108179732487562,0.08004925850838336,0.17102436555112988,0.7188181962079971,25,30,20
19,1736,0.0034229540148610093,0.06273740897581644,0.17860177067876962,0.7552378663305513,25,30,20
19,1737,0.002676295140412916,0.08319704843140631,0.15643147663004686,0.7576951797981326,25,30,20
19,1738,0.001574664551740033,0.08123343403845235,0.15834883753753468,0.7588430638722721,25,30,20
19,1739,0.008698138374045669,0.0812334534214662,0.15125205121992435,0.7588163569845632,25,30,20
19,1740,0.01869697457072913,0.11884899590390097,0.10386172889539777,0.7585923006299715,25,30,20
19,1741,0.00987206582023629,0.15952779316865756,0.07176396363511253,0.7588361773759932,25,30,20
19,1742,0.009281572842097295,0.16051551485852056,0.07195288298345241,0.7582500293159292,25,30,20
19,1743,0.009558632166651902,0.16051021390693698,0.08898847963344085,0.7409426742929707,25,30,20
19,1744,0.010207734679779881,0.15932720451129812,0.08046581295123545,0.749999247857687,25,30,20
19,1745,0.011394700199926859,0.16049602030853763,0.0790789557379449,0.7490303237535904,25,30,20
19,1746,0.0030846997983660063,0.15893283198887065,0.0791106238063937,0.7588718444063685,25,30,20
19,1747,0.005664464957355303,0.15876986625541586,0.07932126736896994,0.7562444014182597,25,30,20
19,1748,0.005697742647270323,0.15894334031082427,0.07914004738010791,0.7562188696617983,25,30,20
19,1749,0.006185147591858367,0.17549979227769127,0.09842600417410402,0.7198890559563472,25,30,20
19,1750,0.004684090128425261,0.1751481459823064,0.10159231510298804,0.7185754487862803,25,30,20
19,1751,0.005501888525031128,0.15966564053227678,0.1158021672747501,0.719030303667943,25,30,20
19,1752,0.0049427724093224715,0.15889176232041444,0.11615415832243374,0.7200113069478289,25,30,20
19,1753,0.003366510121611614,0.15892412924061902,0.11901283655493133,0.7186965240828385,25,30,20
19,1754,0.0024956515633751,0.15975214808458862,0.12418844283040995,0.713563757521627,25,30,20
19,1755,0.002514480170413257,0.15973419551667206,0.1240637547224707,0.7136875695904444,25,30,20
19,1756,0.03291737001471685,0.13125301607326806,0.11690119469897964,0.718928419213036,25,30,20
19,1757,0.024332154232204906,0.12012851403580481,0.13850438874852808,0.7170349429834627,25,30,20
19,1758,0.02691272303799501,0.11928063434710873,0.13742742041484032,0.7163792222000558,25,30,20
19,1759,0.046509877296539,0.1190162839865989,0.11642348369410502,0.7180503550227566,25,30,20
19,1760,0.04413367592374338,0.11988198258788878,0.11509857223025988,0.7208857692581079,25,30,20
19,1761,0.04056979686784804,0.11009124480455036,0.13034560331770922,0.7189933550098923,25,30,20
19,1762,0.009029208718617916,0.10955062999180656,0.16306294491790513,0.7183572163716713,25,30,20
19,1763,0.03107864383918651,0.110128222804756,0.13963528730060934,0.7191578460554475,25,30,20
19,1764,0.05930568325447466,0.11984146237461851,0.10212411204973591,0.7187287423211725,25,30,20
19,1765,0.03752104103625403,0.11931410156762565,0.12411318471944466,0.7190516726766757,25,30,20
19,1766,0.034783941062018035,0.11988250719388775,0.12618855686599162,0.7191449948781024,25,30,20
19,1767,0.009511401501423114,0.11915684128114994,0.15432117338398657,0.7170105838334415,25,30,20
19,1768,0.0065758170124032966,0.11984235217425435,0.15623342549161923,0.717348405321724,25,30,20
19,1769,0.020144051028203533,0.11985261152754989,0.126142004026501,0.7338613334177458,25,30,20
19,1770,0.020993181289234886,0.11964542792920929,0.13501659111745956,0.7243447996640973,25,30,20
19,1771,0.00831378568808584,0.11985278889105697,0.12193793138544873,0.7498954940354088,25,30,20
19,1772,0.009262655996971266,0.14468982579932155,0.08967059619576649,0.7563769220079412,25,30,20
19,1773,0.001687971190892374,0.14472566440138038,0.0946152951239213,0.758971069283806,25,30,20
19,1774,0.0048194630834412725,0.1680292247939295,0.10585229495576359,0.7212990171668663,25,30,20
19,1775,0.0026832777301804543,0.1830965723535639,0.09321111852847125,0.7210090313877846,25,30,20
19,1776,0.004555993257288369,0.18305147822609105,0.09347054091621644,0.7189219876004046,25,30,20
19,1777,0.003620897035744877,0.18308078029425678,0.09336165322256579,0.7199366694474327,25,30,20
19,1778,0.020530747412337864,0.1831026647769859,0.07801188964566777,0.7183546981650089,25,30,20
19,1779,0.019710105373433363,0.18288761080994262,0.04060433659732648,0.756797947219298,25,30,20
19,1780,0.002433554413097824,0.18285544008924806,0.06437470268329255,0.750336302814362,25,30,20
19,1781,0.0014052626981277076,0.1997201373928726,0.048567040403072595,0.7503075595059271,25,30,20
19,1782,0.003467782759089603,0.19984642677757272,0.039403654112933804,0.7572821363504052,25,30,20
19,1783,0.005250277774830904,0.19944029582022924,0.03998409876181395,0.7553253276431264,25,30,20
19,1784,0.004094024142563704,0.19980031889181865,0.04022661074109095,0.7558790462245265,25,30,20
19,1785,0.0022251217926246257,0.19890152956541596,0.040208288999609626,0.7586650596423492,25,30,20
19,1786,0.004573576401071594,0.1997102564135544,0.0399728042585889,0.7557433629267846,25,30,20
19,1787,0.005124727066621732,0.1993729020487743,0.04000536779613424,0.7554970030884702,25,30,20
19,1788,0.011911213668187766,0.19974445249086892,0.03314062313584325,0.7552037107050998,25,30,20
19,1789,0.012486610365632176,0.19970919176934618,0.0332313284461495,0.7545728694188724,25,30,20
19,1790,0.0022227699893943484,0.1988334857556533,0.040186472242224366,0.7587572720127288,25,30,20
19,1791,0.003064887812713534,0.19884927997236168,0.03999792289659312,0.758087909318333,25,30,20
19,1792,0.00219822477794114,0.19886536938608346,0.0002631611513028398,0.7986732446846723,25,30,20
19,1793,0.0017367659484307165,0.19941357563308934,6.0064197099164856e-05,0.798789594221382,25,30,20
19,1794,0.0016935806556301015,0.19930519793979085,0.000175080124927279,0.7988261412796531,25,30,20
19,1795,0.002002598718787428,0.19897101498444378,0.0007466949739408122,0.7982796913228287,25,30,20
19,1796,0.001698720448709752,0.1997479851702308,0.0006159387318426891,0.7979373556492177,25,30,20
19,1797,0.0014147818369939277,0.1997043225307544,2.763123179033339e-05,0.7988532644004611,25,30,20
19,1798,0.0016989779380050508,0.19974747288076933,3.3022616179559325e-05,0.7985205265650467,25,30,20
19,1799,0.006936221447727446,0.15979956674779883,0.03426566082543053,0.798998550979043,25,30,20
19,1800,0.0014843864524239831,0.15981405199309107,0.04025348479331789,0.7984480767611659,25,30,20
19,1801,0.004099790168014727,0.1580623588732471,0.04045990863188959,0.7973779423268473,25,30,20
19,1802,0.007134521060575854,0.1580885691414565,0.038372999697362034,0.7964039101006055,25,30,20
19,1803,0.013471551568962969,0.1597993646417936,0.03036158757104784,0.7963674962181959,25,30,20
19,1804,0.029170251628745206,0.15981096875133763,0.01413576975959053,0.796883009860326,25,30,20
19,1805,0.003396481791566154,0.15978130057040837,0.038926147563975055,0.7978960700740507,25,30,20
19,1806,0.003389151561250192,0.1597961047920403,0.038727151390193455,0.7980875922565162,25,30,20
19,1807,0.004952572980653785,0.15979237720263068,0.038891497036777994,0.7963635527799373,25,30,20
19,1808,0.004451765779569194,0.15843286426878828,0.039599850752235,0.7975155191994073,25,30,20
19,1809,0.0035648659647488324,0.14008479076400965,0.05952887211130152,0.7968214711599383,25,30,20
19,1810,0.006825396404642216,0.11363649765318858,0.08221385663010018,0.7973242493120689,25,30,20
19,1811,0.0013636044515807249,0.1197981527032041,0.00023692218076748616,0.878601320664448,25,30,20
19,1812,0.0022407507427583393,0.11895527914465137,5.457315925048587e-05,0.8787493969533391,25,30,20
19,1813,0.003138645449830415,0.11896743814496545,6.919993733687385e-05,0.8778247164678663,25,30,20
19,1814,0.001367206546216853,0.11977615961895782,5.098408655274324e-05,0.8788056497482724,25,30,20
19,1815,0.0022072623839731885,0.11982037339015025,0.0001943673708908516,0.8777779968549864,25,30,20
19,1816,0.0013300808657571333,0.11983673546671686,3.746843724165502e-05,0.878795715230285,25,30,20
19,1817,0.0025591229957664776,0.11918752290649101,0.007750200611216812,0.8705031534865264,25,30,20
19,1818,0.007397767488491411,0.11754079431698844,0.0008795248176194946,0.8741819133769003,25,30,20
19,1819,0.0038285690812842493,0.11821931371140802,5.6274569154093196e-05,0.8778958426381536,25,30,20
19,1820,0.002982489081555742,0.11735364370280552,0.0008809921976265247,0.8787828750180122,25,30,20
19,1821,0.0013435702973352362,0.11963385882197913,0.0007725824027633399,0.878249988477922,25,30,20
19,1822,0.0013888725535148008,0.11982152641475585,0.00017581973669417907,0.8786137812950346,25,30,20
19,1823,0.0022924639380137494,0.11983670603552295,0.016236597766665598,0.8616342322597973,25,30,20
19,1824,0.0015113740268568887,0.11977366987687992,0.0002030941329374905,0.8785118619633258,25,30,20
19,1825,0.0014067623144282024,0.11982030973227262,6.529252832095359e-05,0.8787076354249789,25,30,20
19,1826,0.0013279543181936642,0.11983417285255772,3.7178028238084426e-05,0.878800694801011,25,30,20
19,1827,0.003059196300235691,0.11984129946398685,7.126209241506118e-05,0.8770282421433621,25,30,20
19,1828,0.004407174487052639,0.1198413086468736,0.0003074892420932632,0.8754440276239801,25,30,20
19,1829,0.0028915667547617374,0.11984091841099581,0.00026898889630660495,0.876998525937936,25,30,20
19,1830,0.0031267190150092087,0.11981921694702295,4.9291744042002075e-05,0.8770047722939247,25,30,20
19,1831,0.002266679841183022,0.11977777754190296,3.771811535383852e-05,0.8779178245015606,25,30,20
19,1832,0.0031199166476108754,0.11974784827155384,7.925461367882455e-05,0.8770529804671561,25,30,20
19,1833,0.003197676254915433,0.11976943485868281,5.910334791199236e-05,0.8769737855384894,25,30,20
19,1834,0.0014174405436298942,0.11917377407965958,0.0006903061709244604,0.8787184792057856,25,30,20
19,1835,0.0022632434080345426,0.11918333601713359,0.000704129704013719,0.8778492908708182,25,30,20
19,1836,0.004513359102620433,0.11983338267922918,4.4905497554981094e-05,0.8756083527205958,25,30,20
19,1837,0.0037177890390374573,0.11982430237053908,3.700739347733962e-05,0.8764209011969452,25,30,20
19,1838,0.0013268235824907785,0.11983723394754957,2.1675791971123734e-05,0.878814266677988,25,30,20
19,1839,0.0022119107248196753,0.11985600771723055,0.007328534384591399,0.8706035471733575,25,30,20
19,1840,0.0014244411247737393,0.11983643969635692,4.267766032424163e-05,0.8786964415185442,25,30,20
19,1841,0.0023183705008977947,0.11983643967296077,0.00019579016242010134,0.8776493996637216,25,30,20
19,1842,0.0023630968698948275,0.11984650259224647,4.467818290502862e-05,0.8777457223549532,25,30,20
19,1843,0.0022849026849927913,0.1198078593207231,0.018121494091231583,0.8597857439030521,25,30,20
19,1844,0.002263407543516517,0.11984661663412818,6.327573701999642e-05,0.8778267000853355,25,30,20
19,1845,0.002235966869657203,0.11964957810110782,0.00027019826563034127,0.877844256763605,25,30,20
19,1846,0.0013591627591665182,0.109766786120983,0.010037608239849314,0.8788364428800018,25,30,20
19,1847,0.0016835159140452004,0.07991238629387182,0.039600509493270986,0.8788035882988133,25,30,20
19,1848,0.0020063103918820987,0.0799316332976032,0.03960824359338771,0.8784538127171275,25,30,20
19,1849,0.024095926539002704,0.07989804928225358,0.026670090160599024,0.8693359340181448,25,30,20
19,1850,0.001369710137484491,0.07992475596711172,0.04848563863593863,0.8702198952594651,25,30,20
19,1851,0.0013576337209547074,0.07991572758073426,0.03988257131879193,0.8788440673795198,25,30,20
19,1852,0.004572355545571763,0.07987418727971023,0.03706621354428864,0.8784872436304302,25,30,20
19,1853,0.005358329783833254,0.07987336125733875,0.07394974672318935,0.8408185622356384,25,30,20
19,1854,0.006364984815575638,0.07987084306392851,0.08353691902593177,0.8302272530945634,25,30,20
19,1855,0.001965572933230303,0.0829830290720575,0.07652001463376472,0.8385313833609466,25,30,20
19,1856,0.001364962372834201,0.08125102892107736,0.07852716925498984,0.838856839451098,25,30,20
19,1857,0.0018009374383710336,0.08153667431629952,0.07791874514812785,0.8387436430972011,25,30,20
19,1858,0.0031337780955131996,0.08421999173931212,0.08247763488033147,0.8301685952848413,25,30,20
19,1859,0.0023796317387302854,0.1116545786312097,0.05516368557352681,0.8308021040565319,25,30,20
19,1860,0.0026869382057499204,0.11977681472323551,0.04004930978205017,0.8374869372889644,25,30,20
19,1861,0.002378761174728294,0.11975871415296853,0.04023168416898549,0.8376308405033172,25,30,20
19,1862,0.0026759103185559994,0.11918053651118671,0.04070253733941721,0.8374410158308406,25,30,20
19,1863,0.0025210671111889154,0.11986161315703199,0.04002553610919958,0.8375917836225792,25,30,20
19,1864,0.0020126764236270633,0.11985656705409502,0.0401624764670686,0.8379682800552095,25,30,20
19,1865,0.003841061248785519,0.119846808795631,0.040006851021086275,0.8363052789344979,25,30,20
19,1866,0.004248301596267003,0.1198379169955926,0.04020951510174942,0.8357042663063909,25,30,20
19,1867,0.0017326389373651088,0.1198368182693894,0.0403723860700933,0.8380581567231515,25,30,20
19,1868,0.002189366410635123,0.11982522773693725,0.04000492923125546,0.8379804766211724,25,30,20
19,1869,0.002203506519210927,0.1218083347106757,0.03805279259133518,0.8379353661787785,25,30,20
19,1870,0.0021309343631290573,0.10661243679598256,0.05321393705473274,0.8380426917861566,25,30,20
19,1871,0.0013045421891673882,0.1597795499252503,3.970648454423853e-05,0.8388762014010375,25,30,20
19,1872,0.002214472001884302,0.15977561157603964,0.00020970112751462396,0.837800215294561,25,30,20
19,1873,0.01459076719838177,0.15925540106250774,0.0012168028863158533,0.8249370288527936,25,30,20
19,1874,0.029436543565384613,0.15924861859370523,0.0021473212123558814,0.8091675166285544,25,30,20
19,1875,0.003736289460093505,0.15960522584311487,0.04715247764933097,0.7895060070474603,25,30,20
19,1876,0.00478453905218105,0.15959823700337805,0.045848301791457456,0.7897689221529843,25,30,20
19,1877,0.00146072934551025,0.15978914906151018,0.0471290338485652,0.7916210877444146,25,30,20
19,1878,0.019041797265324817,0.15978953859893863,0.022354788994232558,0.798813875141503,25,30,20
19,1879,0.039790229276191844,0.15976394685034323,0.001529425992312413,0.7989163978811519,25,30,20
19,1880,0.0019522687276668344,0.1597767075176014,0.03936455179985812,0.7989064719548736,25,30,20
19,1881,0.001891522677461187,0.1597957540194035,0.03935316526331539,0.7989595580398202,25,30,20
19,1882,0.023625331880537906,0.1597134555284076,0.00042227141314637334,0.8162389411779073,25,30,20
19,1883,0.045424024486635996,0.15956268450327052,0.0007425228865678453,0.7942707681235255,25,30,20
19,1884,0.026391600388754547,0.15910406740107544,0.0011437664336201804,0.813360565776549,25,30,20
19,1885,0.04190452761374447,0.1591046718010187,0.0027194658601246103,0.7962713347251118,25,30,20
19,1886,0.04018077827987703,0.15977802662591553,0.0021486655118104657,0.7978925295823964,25,30,20
19,1887,0.0400685088352851,0.15978921597340803,0.002148104942628822,0.7979941702486785,25,30,20
19,1888,0.016333316506847814,0.15978478702320495,0.025092665337419454,0.7987892311325275,25,30,20
19,1889,0.018724484409158925,0.15906696736859532,0.025660940820698478,0.7965476074015468,25,30,20
19,1890,0.041491741892943024,0.14959630875308805,0.010831339939022194,0.7980806094149463,25,30,20
19,1891,0.009933078032907256,0.15978761368746655,0.03219157853078361,0.798087729748842,25,30,20
19,1892,0.012299142927006661,0.15978340906245175,0.032633126314817795,0.7952843216957238,25,30,20
19,1893,0.010000728552754518,0.1597977250308339,0.032612215155934474,0.7975893312604768,25,30,20
19,1894,0.0036869648756213953,0.15894135545634008,0.05445515544513399,0.7829165242229047,25,30,20
19,1895,0.0033238979516255866,0.1597816140936444,0.0904131996424437,0.7464812883122853,25,30,20
19,1896,0.04212055602402151,0.15977708390338236,0.014325658942417309,0.7837767011301787,25,30,20
19,1897,0.041017750317643854,0.11983325385231916,0.07835001458196582,0.7607989812480715,25,30,20
19,1898,0.03431405117858309,0.11987852400922584,0.08753766717702499,0.758269757635167,25,30,20
19,1899,0.03412058960383177,0.11981484569088438,0.08727637330980623,0.7587881913954783,25,30,20
19,1900,0.035862387813698965,0.11983782630540137,0.08640607388098952,0.7578937119999108,25,30,20
19,1901,0.03828215512980241,0.11985186979780754,0.08466349826414482,0.7572024768082457,25,30,20
19,1902,0.03345543203200681,0.11982637437306444,0.08809269339559117,0.758625500199338,25,30,20
19,1903,0.039408171273457956,0.11173594577896456,0.08990182535463384,0.7589540575929431,25,30,20
19,1904,0.0026552029140359747,0.11363347329373315,0.1255378274343838,0.7581734963578463,25,30,20
19,1905,0.0025839233736840612,0.12153160392300431,0.11606901485768295,0.7598154578456294,25,30,20
19,1906,0.0022386207988034294,0.12168472227945956,0.11626417643771689,0.7598124804840194,25,30,20
19,1907,0.007219129190630797,0.12174230460363815,0.11287270711181105,0.758165859093921,25,30,20
19,1908,0.004782676673717376,0.11962696882522353,0.11749597279045453,0.7580943817106046,25,30,20
19,1909,0.008528609001711662,0.11870914238484484,0.11633029788642486,0.7564319507270187,25,30,20
19,1910,0.005234472222249228,0.11868524094851116,0.12327248595336135,0.752807800875877,25,30,20
19,1911,0.0903481718180807,0.10265640844087086,0.04095055385030959,0.7660448658907387,25,30,20
19,1912,0.10011553707731742,0.11823423870203156,0.023860865370001583,0.7577893588506499,25,30,20
19,1913,0.07873639024006489,0.09777295861042029,0.06559398200670417,0.7578966691428108,25,30,20
19,1914,0.05183166729876047,0.11490201944913009,0.07334686728826767,0.7599194459638419,25,30,20
19,1915,0.04138261554097277,0.11963820237283673,0.08044363246411854,0.758535549622072,25,30,20
19,1916,0.07478736552550179,0.11989072467228516,0.04669316952133417,0.7586287402808783,25,30,20
19,1917,0.07606846915626903,0.11819402997531542,0.04674016868199083,0.7589973321864245,25,30,20
19,1918,0.037448713681730236,0.1175803600623172,0.08594332924746703,0.7590275970084863,25,30,20
19,1919,0.03727538815196448,0.11927358139810944,0.0853036325400847,0.7581473979098425,25,30,20
19,1920,0.0013516234907221196,0.11912962812548748,0.11822314829144505,0.761295600092344,25,30,20
19,1921,0.003998588836285123,0.11985659887203065,0.11820309398712389,0.7579417183045598,25,30,20
19,1922,0.005306898430762755,0.10408511495634055,0.13527936885501524,0.7553286177578823,25,30,20
19,1923,0.0023124896966304157,0.11401617769694262,0.1252014143911487,0.758469918215277,25,30,20
19,1924,0.04163096172044179,0.11333208637931012,0.08606630600275704,0.758970645897491,25,30,20
19,1925,0.04276666369743987,0.11327145450154445,0.12320631731611396,0.7207555644849033,25,30,20
19,1926,0.041022904965886585,0.11448718268537528,0.1329156196379713,0.7115742927107682,25,30,20
19,1927,0.043672160649370566,0.11952476130174736,0.12515511426190318,0.7116479637869781,25,30,20
19,1928,0.04337319934695696,0.11981289492853155,0.1249825435191391,0.7118313622053724,25,30,20
19,1929,0.08369912855874725,0.11985164471187786,0.11734459281156953,0.6791046339178048,25,30,20
19,1930,0.04031656758908915,0.11984549609686228,0.15347400082619303,0.6863639354878549,25,30,20
19,1931,0.015849078309077762,0.11956958485345898,0.17051250880184746,0.6940688280356174,25,30,20
19,1932,0.04061648136159771,0.15887138880671225,0.1062915949518671,0.6942205348798217,25,30,20
19,1933,0.03041588197241202,0.15973629053778157,0.09324805676127364,0.7165997707285321,25,30,20
19,1934,0.015069494478894338,0.15977651865314033,0.10832889230548906,0.7168250945624756,25,30,20
19,1935,0.028336646453141143,0.1597897667185389,0.09050597844724821,0.7213676083810714,25,30,20
19,1936,0.0424161680430129,0.1597822555910212,0.0792797348872049,0.7185218414787599,25,30,20
19,1937,0.053155994866296866,0.15122934981067168,0.03738267694710896,0.758231978375922,25,30,20
19,1938,0.04219069970925229,0.15978118468025929,0.04046189583552048,0.7575662197749681,25,30,20
19,1939,0.028759215581609206,0.15976458752501327,0.055916825470143545,0.755559371423234,25,30,20
19,1940,0.006585134456577154,0.15959910085914514,0.07514404062386847,0.7586717240604101,25,30,20
19,1941,0.041608462450182626,0.15977633462668903,0.037568141355864136,0.7610470615672638,25,30,20
19,1942,0.01631110374004073,0.1586262050199995,0.06633761075723701,0.7587250804827235,25,30,20
19,1943,0.0019464607741469587,0.15923158058860246,0.08017233067804952,0.7586496279592038,25,30,20
19,1944,0.0028451429207137207,0.15924473503808445,0.0805007147404922,0.75740940730071,25,30,20
19,1945,0.0028532170220638108,0.15922656502665036,0.08006513440792834,0.7578550835433576,25,30,20
19,1946,0.0025254043264363968,0.15978889343815136,0.07983247781421506,0.757853224421196,25,30,20
19,1947,0.002597264931238626,0.15912813704139742,0.08049504212866385,0.7577795558987007,25,30,20
19,1948,0.0025668018163813645,0.1591274904435642,0.08050480362965383,0.7578009041104018,25,30,20
19,1949,0.0017508143845702344,0.15976659641066665,0.08002949587206047,0.7584530933327018,25,30,20
19,1950,0.0030641116101382208,0.15981045927218054,0.07937631057926221,0.7577491185384199,25,30,20
19,1951,0.020670633205321354,0.15981476386358381,0.06107926690018451,0.7584353360309113,25,30,20
19,1952,0.010455991129328202,0.16169926523997283,0.06937300640657672,0.7584717372241223,25,30,20
19,1953,0.0022199361996795017,0.15979093333450373,0.07904216677760995,0.7589469636882074,25,30,20
19,1954,0.0038273880571002426,0.15982904182680807,0.07904082871490173,0.7573027414011902,25,30,20
19,1955,0.003900543182819385,0.15977195044591488,0.07666138241444456,0.7596661239568206,25,30,20
19,1956,0.015044307110298239,0.15891719464620468,0.04159954240386748,0.7844389558396304,25,30,20
19,1957,0.014844128200526347,0.1589508727732152,0.04159001265928291,0.7846149863669751,25,30,20
19,1958,0.0028900916463851815,0.15943323242171292,0.047213994045830064,0.7904626818860707,25,30,20
19,1959,0.0032452957847013283,0.15975862182373265,0.0406379956080574,0.7963580867835083,25,30,20
19,1960,0.00438871500967142,0.15815217917476412,0.040129373884749506,0.7973297319308132,25,30,20
19,1961,0.003557594296016294,0.16083399681599048,0.03731969280230322,0.7982887160856892,25,30,20
19,1962,0.004788646734588304,0.16083052540842613,0.038387880300721926,0.7959929475562635,25,30,20
19,1963,0.004489114177301138,0.15816677883252364,0.0009716739335333978,0.8363724330566414,25,30,20
19,1964,0.0036787414777888754,0.15816150103154325,0.0009489220352883888,0.8372108354553793,25,30,20
19,1965,0.0017632115790665,0.15979594394482372,0.0009381600315256769,0.837502684444584,25,30,20
19,1966,0.00210179973404386,0.1597607065639045,0.0006452626100065047,0.8374922310920446,25,30,20
19,1967,0.0037885081431813976,0.1421618909164788,0.016839488146790385,0.8372101127935504,25,30,20
19,1968,0.0017500564478864394,0.15939369151103755,0.00041005246737670304,0.838446199573699,25,30,20
19,1969,0.001757252412505185,0.15955550329427212,0.00022805503703849164,0.8384591892561845,25,30,20
19,1970,0.002816639151607768,0.1590280287197933,0.0007990091305365696,0.8373563229980627,25,30,20
19,1971,0.0030002359507135434,0.15976591296777118,3.610166720084269e-05,0.8371977494143148,25,30,20
19,1972,0.0016601339570669774,0.15975276617506937,0.009424159793960041,0.8291629400739025,25,30,20
19,1973,0.0024615419543120203,0.15978842675929553,0.0002318333164490459,0.8375181979699441,25,30,20
19,1974,0.0015681667038168847,0.15977419916849114,0.00019011086856269112,0.8384675232591293,25,30,20
19,1975,0.0012898673664042853,0.15978368644097532,3.2385385003453105e-05,0.8388940608076174,25,30,20
19,1976,0.002631994065588238,0.1497456926582977,0.01025434865514035,0.8373679646209734,25,30,20
19,1977,0.0030900807936407953,0.1589291142041252,4.913667868284218e-05,0.8379316683235516,25,30,20
19,1978,0.002919169561262776,0.15971731331647318,4.5116395332852324e-05,0.8373184007269312,25,30,20
19,1979,0.0023001085326366743,0.15973932218868772,3.463548348392502e-05,0.8379259337951922,25,30,20
19,1980,0.0026415281507319094,0.15979447843356018,0.00020571748796517048,0.8373582759277437,25,30,20
19,1981,0.003185579308380853,0.14962227031530978,0.010176788470797268,0.837015361905512,25,30,20
19,1982,0.002551870556665081,0.15942393714999642,5.603210073279636e-05,0.8379681601926052,25,30,20
19,1983,0.001743880977599987,0.15941031399887629,5.573764873236481e-05,0.8387900673747916,25,30,20
19,1984,0.002036342763612127,0.15944656078220965,0.00025076399272504397,0.8382663324614531,25,30,20
19,1985,0.0025952891297455773,0.15977929038808716,0.000692091727180317,0.8369333287549863,25,30,20
19,1986,0.0023446978084546,0.15976680191986986,0.0006923012870519967,0.8371961989846227,25,30,20
19,1987,0.0038321704256123225,0.15943449528682166,0.0006372304703769315,0.8360961038171882,25,30,20
19,1988,0.003293715679898178,0.15942249740133355,0.0006168846186659079,0.8366669023001024,25,30,20
19,1989,0.0014208135687095137,0.1597729574525282,0.0003395035326474347,0.8384667254461162,25,30,20
19,1990,0.0027548015834589624,0.15979011679900926,0.00015009251855427696,0.8373049890989772,25,30,20
19,1991,0.0027036584329211744,0.15978881051141264,0.00015822503253246764,0.8373493060231334,25,30,20
19,1992,0.0027698449979528176,0.1597334783969122,0.0001403406572884126,0.8373563359478463,25,30,20
19,1993,0.005829272551878868,0.1597757233460867,0.00015152854116064763,0.8342434755608731,25,30,20
19,1994,0.002751464017833934,0.15978511397895173,0.0001499659474759322,0.8373134560557383,25,30,20
19,1995,0.0013755508094145058,0.15975063311979834,5.886511438882928e-05,0.8388149509563987,25,30,20
19,1996,0.002966739071196559,0.15976502930069367,0.00019619063284671392,0.8370720409952631,25,30,20
19,1997,0.0016899877863961554,0.159714980981625,0.018107209736555368,0.8204878214954237,25,30,20
19,1998,0.0016841154882669368,0.1597341687698691,0.008913982575684596,0.82966773316618,25,30,20
19,1999,0.0014288793063299227,0.1596673205557236,0.008891154373149641,0.8300126457647977,25,30,20
19,2000,0.0013465209686123556,0.15928554619864752,0.00970409328757645,0.829663839545163,25,30,20
19,2001,0.0016531428357520425,0.15928508591230137,0.0005584379553365413,0.8385033332966096,25,30,20
19,2002,0.002549085005665249,0.1591128738037115,0.0007302621967238817,0.8376077789938983,25,30,20
19,2003,0.0016717118355679178,0.15907462305937922,0.000710699196931894,0.8385429659081199,25,30,20
19,2004,0.0019537962169114543,0.15975267106831129,4.763670001863809e-05,0.8382458960147577,25,30,20
19,2005,0.001968591801955544,0.15911850845878062,0.000729471035479792,0.8381834287037832,25,30,20
19,2006,0.0022434763249561014,0.15866238329066437,0.0002947294360423847,0.8387994109483374,25,30,20
19,2007,0.0032879171373895255,0.15867659198224035,0.0008841888420497686,0.837151302038319,25,30,20
19,2008,0.0026387266091988503,0.1595896836849639,0.0008278376904807896,0.8369437520153563,25,30,20
19,2009,0.002536380997497356,0.15974106476176464,5.6382717307705146e-05,0.8376661715234301,25,30,20
19,2010,0.0037171770817773547,0.149368240236892,0.010058357550848319,0.8368562251304826,25,30,20
19,2011,0.003245750354797659,0.14901913733575264,0.010461211109475455,0.8372739011999738,25,30,20
19,2012,0.002194001205024947,0.15969105073860665,0.0006506642685516732,0.8374642837878173,25,30,20
19,2013,0.0014993505878713254,0.1597504872259965,3.5397344325696875e-05,0.8387147648418068,25,30,20
19,2014,0.0015432312431435458,0.15974794778656032,4.5602372046238674e-05,0.8386632185982489,25,30,20
19,2015,0.0014090954651291968,0.15976032525779355,2.8288525883404417e-05,0.8388022907511933,25,30,20
19,2016,0.0013525568612694715,0.15978575437276193,0.00017418240164037622,0.8386875063643278,25,30,20
19,2017,0.004415333531330778,0.1581495521340995,0.00021984091875950146,0.8372152734158094,25,30,20
19,2018,0.0013999082516013136,0.1591079939146818,0.0007070765849017132,0.838785021248816,25,30,20
19,2019,0.002095584211024644,0.15977747413306656,5.6785052643846875e-05,0.8380701566032656,25,30,20
19,2020,0.0013278184879467838,0.15976885466993027,4.7547356612441946e-05,0.8388557794855106,25,30,20
19,2021,0.0013425500924031616,0.15980573684170515,0.0007928393993258827,0.8380588736665664,25,30,20
19,2022,0.001372671571811703,0.15974403742505053,0.0004973193365915041,0.8383859716665455,25,30,20
19,2023,0.002971272201663701,0.15977815089555705,5.619075431813515e-05,0.8371943861484603,25,30,20
19,2024,0.003340202091665127,0.1595346994109632,0.0003085622522405385,0.8368165362451304,25,30,20
19,2025,0.0035844112049106033,0.1597731442290011,6.235161800902797e-05,0.8365800929480792,25,30,20
19,2026,0.004219309631628329,0.15943904236858775,7.910890315538016e-05,0.8362625390966294,25,30,20
19,2027,0.002279007075120909,0.15942562429984145,0.000355064148075789,0.8379403044769614,25,30,20
19,2028,0.0031691785347719693,0.15943158439865726,6.592104969827236e-05,0.8373333160168716,25,30,20
19,2029,0.00233914844240284,0.15954788595649919,0.0003760674350770875,0.8377368981660211,25,30,20
19,2030,0.002523668486598587,0.1597655144462269,0.0002080687225049544,0.8375027483446695,25,30,20
19,2031,0.0031123249971252804,0.15973585073075575,0.0002103896000143629,0.8369414346721044,25,30,20
19,2032,0.0030200240492181236,0.15973052420126768,0.00019388860744459102,0.8370555631420696,25,30,20
19,2033,0.0029187381958904308,0.15979092586376492,5.543419240525109e-05,0.8372349017479399,25,30,20
19,2034,0.00416077310785805,0.15979415110831321,7.058127591530545e-05,0.8359744945079125,25,30,20
19,2035,0.0029740526097594357,0.15926938922916162,0.0005780341898235657,0.8371785239712562,25,30,20
19,2036,0.0036101062570238944,0.15836245331857535,0.0005791894313129434,0.837448250993088,25,30,20
19,2037,0.004707172561629384,0.15863585713778672,0.00042177565268535747,0.8362351946478982,25,30,20
19,2038,0.004051894273459405,0.15881227841362747,7.237279359914951e-05,0.837063454519313,25,30,20
19,2039,0.001347801158711292,0.1595304191365887,0.0004491113469184169,0.8386726683577815,25,30,20
19,2040,0.0013988281201238121,0.15976992833167816,0.000390797348044325,0.8384404462001532,25,30,20
19,2041,0.0012842094104620308,0.15979406118683548,0.00023089727413795686,0.8386908321285634,25,30,20
19,2042,0.0021917249406963844,0.15977158148985796,0.00023797140682626619,0.8377987221626203,25,30,20
19,2043,0.003424187879049245,0.15921762744779142,0.0003003513882279126,0.837057833284931,25,30,20
19,2044,0.002527947915543516,0.15978187003100305,6.162606624321432e-05,0.8376285559872104,25,30,20
19,2045,0.0033315585952249267,0.15892986817396568,5.710353289793861e-05,0.837681469697911,25,30,20
19,2046,0.0014788100038109198,0.15979562544287457,2.8917509571983972e-05,0.8386966470437429,25,30,20
19,2047,0.0014396300379083125,0.159510158215129,0.00027015347220637077,0.8387800582747567,25,30,20
19,2048,0.003231485174414308,0.1588865453628279,5.613893682579703e-05,0.8378258305259325,25,30,20
19,2049,0.0023828287359594115,0.15892356323221205,0.0006219458257548596,0.8380716622060733,25,30,20
19,2050,0.003966958213555091,0.15891782281380548,6.019544158129185e-05,0.8370550235310585,25,30,20
19,2051,0.0017392221103818431,0.15973966280617818,7.032020337388791e-05,0.8384507948800668,25,30,20
19,2052,0.0016781626517600062,0.15978389867683598,3.5797114506287735e-05,0.8385021415568983,25,30,20
19,2053,0.00327472313513586,0.15980245336195154,5.5152586311705434e-05,0.8368676709166009,25,30,20
19,2054,0.003021392448668783,0.15978326952624217,4.043077312210243e-05,0.8371549072519667,25,30,20
19,2055,0.0032182112699330246,0.15978752334280633,0.0006133087783941748,0.8363809566088664,25,30,20
19,2056,0.003197450498309112,0.1598033786087228,0.0006281580358270928,0.8363710128571411,25,30,20
19,2057,0.0032397485137235027,0.15957740624816366,0.00028848216761024497,0.836894363070503,25,30,20
19,2058,0.004348827407191283,0.15979289462639554,7.779483699745098e-05,0.8357804831294153,25,30,20
19,2059,0.0012723261242699024,0.1595225748263403,0.00029274372162652447,0.8389123553277629,25,30,20
19,2060,0.0016153056183728378,0.15955927051172145,0.0006734429266522149,0.8381519809432525,25,30,20
19,2061,0.007338858980751467,0.1598021293678678,0.0007209313082430783,0.8321380803431375,25,30,20
19,2062,0.001582427727322039,0.15979968655892476,2.868040994779416e-05,0.8385892053038053,25,30,20
19,2063,0.0013558352822086739,0.15907454746244112,0.0008490245230934598,0.8387205927322572,25,30,20
19,2064,0.03269426816684109,0.15855194699151345,0.0009325793711626079,0.807821205470483,25,30,20
19,2065,0.031882797730720294,0.15978935804872374,0.00016982298150521069,0.8081580212390501,25,30,20
19,2066,0.007547383056122403,0.15975926401363844,0.038728246284363055,0.7939651066458758,25,30,20
19,2067,0.007080058099215188,0.15975058482495239,0.03656846288877795,0.7966008941870547,25,30,20
19,2068,0.0022144785984550457,0.1590655003088166,0.024498153899911883,0.8142218671928166,25,30,20
19,2069,0.002538054592300576,0.1597866098624146,0.02338409258294856,0.8142912429623358,25,30,20
19,2070,0.005114120559797413,0.1597853679695589,0.0008004873352359751,0.8343000241354087,25,30,20
19,2071,0.003754120130923003,0.159242415100571,0.0005695044197427071,0.8364339603487632,25,30,20
19,2072,0.003737943672968994,0.14989160058634243,0.009960333017988092,0.8364101227226999,25,30,20
19,2073,0.002046629146644272,0.14265653131190364,0.01763528664569448,0.837661552895757,25,30,20
19,2074,0.001669084532083091,0.1598018564603027,0.00021206555324682658,0.838316993454368,25,30,20
19,2075,0.0028594542620552776,0.15975738548350737,6.880103006568168e-05,0.837314359224372,25,30,20
19,2076,0.0018604749669799902,0.15972905495310497,0.00021599169163175405,0.838194478388283,25,30,20
19,2077,0.0013837842854021163,0.1597952789184199,0.00019742196213072446,0.838623514834047,25,30,20
19,2078,0.0030383524076509493,0.15811270873861313,0.0006125751610360886,0.8382363636926992,25,30,20
19,2079,0.004920016149478408,0.15815585202712293,8.149870077989226e-05,0.8368426331226183,25,30,20
19,2080,0.0028724252602316284,0.15818526095622948,0.0001794739012039963,0.8387628398823341,25,30,20
19,2081,0.002198169044579026,0.1595203747281545,0.00028199521985141865,0.837999461007414,25,30,20
19,2082,0.004724308595495584,0.15951107706827297,0.0002993651313058462,0.8354652492049258,25,30,20
19,2083,0.00651117173246513,0.15909829127422495,0.0011055013177088894,0.8332850356756006,25,30,20
19,2084,0.0017254711144313111,0.15958726633816267,0.00042055629878433434,0.838266706248622,25,30,20
19,2085,0.00307512008887607,0.15902958135775894,0.0009990623327889865,0.8368962362205766,25,30,20
19,2086,0.0014454596011344596,0.15953205384765057,0.0004819055285059652,0.8385405810227091,25,30,20
19,2087,0.003884864965373251,0.1580891031625516,6.15854464434416e-05,0.8379644464256316,25,30,20
19,2088,0.0028240389998029918,0.14297067163749483,0.016122320244191125,0.8380829691185118,25,30,20
19,2089,0.0014188471037186227,0.15970828923069108,4.351311913893106e-05,0.8388293505464524,25,30,20
19,2090,0.0014495110089261856,0.15147492732773113,0.008253020409026852,0.8388225412543159,25,30,20
19,2091,0.0032921415494475293,0.15145977051332324,0.008491327356595938,0.8367567605806322,25,30,20
19,2092,0.0022801601290687533,0.1512789224450965,0.008655171591408746,0.837785745834426,25,30,20
19,2093,0.002189263267416088,0.15958505460486713,0.007450888555825697,0.8307747935718898,25,30,20
19,2094,0.0013448337819921582,0.1597545119217079,0.000351576738122236,0.8385490775581775,25,30,20
19,2095,0.0013112743170990327,0.15972476485357817,0.0004957552854878631,0.8384682055438346,25,30,20
19,2096,0.0013038453811018205,0.159755801876871,3.782299952097112e-05,0.8389025297425055,25,30,20
19,2097,0.0013121653726690275,0.1497482361633948,0.010617071829226212,0.8383225266347104,25,30,20
19,2098,0.002230539885976383,0.1597163473073774,0.0006211743377120106,0.8374319384689339,25,30,20
19,2099,0.00388260776649102,0.15889841956657055,0.0011089424214750286,0.8361100302454632,25,30,20
19,2100,0.0024709849640156957,0.1597623116549263,6.063239243468214e-05,0.8377060709886223,25,30,20
19,2101,0.001670557745571696,0.15960393880528811,0.007244109014987715,0.8314813944341531,25,30,20
19,2102,0.0013818273983119676,0.15960393541575313,0.0072384338956225525,0.831775803290313,25,30,20
19,2103,0.0015955485156676132,0.15979161314419746,0.007068287332938158,0.8315445510071963,25,30,20
19,2104,0.002004142890969632,0.15979560726321884,0.0002098993868873749,0.837990350458924,25,30,20
19,2105,0.0025003362266067097,0.1597911460055452,6.480585616264166e-05,0.8376437119116851,25,30,20
19,2106,0.0018544547629990682,0.15979486924131028,4.905974739154547e-05,0.8383016162482986,25,30,20
19,2107,0.0016402284705906503,0.1597911404038128,5.0849008849953756e-05,0.8385177821167467,25,30,20
19,2108,0.0012443644754550696,0.15978685091276087,3.3296171780230185e-05,0.8389354884400037,25,30,20
19,2109,0.0013151753033376343,0.15979599250250018,3.674083168968462e-05,0.8388520913624725,25,30,20
19,2110,0.001508996715578752,0.15976670017463682,4.0724380925619185e-05,0.8386835787288582,25,30,20
19,2111,0.002748467792465824,0.1589376035665687,0.00030085445771227333,0.8380130741832528,25,30,20
19,2112,0.0023517886488129635,0.15891375391908927,0.038672692588961756,0.8000617648431363,25,30,20
19,2113,0.0019513440089328018,0.15893766343176713,0.037161965832901364,0.8019490267263979,25,30,20
19,2114,0.0030457384314736403,0.15847034071459035,0.03735066178503217,0.8011332590689034,25,30,20
19,2115,0.0013523581719459346,0.15980518112107467,0.04360873360002197,0.7952337271069568,25,30,20
19,2116,0.0019627178498399815,0.15981405521201864,0.03694581085758261,0.8012774160805587,25,30,20
19,2117,0.0016202534717306796,0.15981375320250207,0.03990629432579987,0.7986596989999665,25,30,20
19,2118,0.0033056485035594164,0.1597854510178135,0.04021989290537465,0.796689007573251,25,30,20
19,2119,0.003344133345495217,0.15816556055070985,0.04010278030255183,0.7983875258012435,25,30,20
19,2120,0.0018503148157966145,0.15976390267130097,0.038285316650721664,0.8001004658621804,25,30,20
19,2121,0.0014601348397065429,0.15979973616603846,0.03826167517208246,0.8004784538221711,25,30,20
19,2122,0.001603690316845523,0.15934704419162643,0.040135387015869065,0.7989138784756586,25,30,20
19,2123,0.0026914177301903424,0.149567822694053,0.049693423309321846,0.7980473362664342,25,30,20
19,2124,0.0024648192529872367,0.14956271000013,0.05036556547141879,0.7976069052754637,25,30,20
19,2125,0.0013716991149021888,0.12075293156151234,0.07946083734796744,0.7984145319756171,25,30,20
19,2126,0.0013941644443363382,0.1205657786750285,0.07918082582514137,0.7988592310554935,25,30,20
19,2127,0.003041742194832711,0.11982749572710923,0.07924426605325252,0.7978864960248053,25,30,20
19,2128,0.0019319652553970426,0.11988145044815056,0.08008407570831241,0.798102508588139,25,30,20
19,2129,0.0026300329175696076,0.12231759702757879,0.07718106470094294,0.797871305353908,25,30,20
19,2130,0.002878486065513445,0.12225880664280248,0.08443645772511733,0.7904262495665665,25,30,20
19,2131,0.0026690719226498665,0.14605936990413856,0.05384312374786481,0.7974284344253462,25,30,20
19,2132,0.002656907987319013,0.12238685265827584,0.07739051844783745,0.7975657209065681,25,30,20
19,2133,0.0035266366766554865,0.12240656939246032,0.07647472785687481,0.7975920660740108,25,30,20
19,2134,0.0014960554126729581,0.11984547006242535,0.07984890338420686,0.7988095711406951,25,30,20
19,2135,0.002260740228174839,0.1198652121317039,0.0804383244041202,0.7974357232360002,25,30,20
19,2136,0.007355064938379919,0.11987494253736272,0.07982307102876346,0.7929469214954946,25,30,20
19,2137,0.009027215654848101,0.11984199424915881,0.07834585892857375,0.7927849311674199,25,30,20
19,2138,0.004011806214074282,0.11983738333926378,0.07809889006112265,0.7980519203855398,25,30,20
19,2139,0.0031902868194838173,0.11982760455272318,0.07808536264768054,0.798896745980112,25,30,20
19,2140,0.0038180259194430443,0.11987248319075582,0.07841329615197382,0.7978961947378259,25,30,20
19,2141,0.0029598486915241033,0.11987486004579359,0.07839377080307253,0.7987715204596095,25,30,20
19,2142,0.00148910601056438,0.11984762893789293,0.045228271841436476,0.8334349932101067,25,30,20
19,2143,0.0022069049528385645,0.11902236815899757,0.04009834401612972,0.8386723828720344,25,30,20
19,2144,0.00299126077614028,0.1198460837485581,0.03998009053515061,0.837182564940151,25,30,20
19,2145,0.0038581709490846405,0.11982716016664632,0.03931237316387087,0.837002295720399,25,30,20
19,2146,0.002625155745653087,0.11981319990019998,0.03910767330186178,0.8384539710522848,25,30,20
19,2147,0.0014966429484286723,0.11979867944429631,0.03987602630217796,0.8388286513050978,25,30,20
19,2148,0.0025414976641841445,0.11981340585572159,0.040018367336783586,0.8376267291433116,25,30,20
19,2149,0.0017780228216504965,0.1198530893561938,0.03932583785795325,0.8390430499642028,25,30,20
19,2150,0.034260316953260074,0.11982697273171743,0.007503543108727776,0.8384091672062945,25,30,20
19,2151,0.06343344147802557,0.0914261539021569,0.007740719092794935,0.8373996855270228,25,30,20
19,2152,0.03469997729856065,0.11182242019182141,0.015489791018467735,0.8379878114911502,25,30,20
19,2153,0.0105577482049097,0.11901810264629858,0.03266268834753764,0.8377614608012536,25,30,20
19,2154,0.006250599285552507,0.11984244089380498,0.03658347972928884,0.8373234800913536,25,30,20
19,2155,0.0038838156923714047,0.11931884798370969,0.039574567976483364,0.8372227683474373,25,30,20
19,2156,0.003111120995739091,0.11913388791843897,0.039715166875923066,0.8380398242098989,25,30,20
19,2157,0.00225310538166965,0.11963615065940326,0.0396815371535933,0.8384292068053337,25,30,20
19,2158,0.002230209539326095,0.11984441262666813,0.03905270944861649,0.8388726683853889,25,30,20
19,2159,0.002265070039152806,0.11983762620196849,0.05709618630479609,0.8208011174540818,25,30,20
19,2160,0.004957905408113556,0.11948101967955381,0.057774743635980855,0.81778633127635,25,30,20
19,2161,0.007868800582196163,0.11984255150927878,0.04032191394933584,0.831966733959189,25,30,20
19,2162,0.04342910788533794,0.11982348315786247,0.0016129170982955884,0.8351344918585042,25,30,20
19,2163,0.003823014283382424,0.11998121311141016,0.0392613792944458,0.8369343933107612,25,30,20
19,2164,0.0035779803149193503,0.1198392851564153,0.03963112027617116,0.8369516142524934,25,30,20
19,2165,0.0051948776427744245,0.11981596152632973,0.0392745340244494,0.8357146268064466,25,30,20
19,2166,0.0038429415380987608,0.1198233027021586,0.03867866374583655,0.837655092013906,25,30,20
19,2167,0.003089585741871455,0.11981382574093784,0.03868483259930787,0.8384117559178829,25,30,20
19,2168,0.004061622052727449,0.11891929524548867,0.03907108194373739,0.8379480007580478,25,30,20
19,2169,0.0031467090289369463,0.11894255705302713,0.03962758666665241,0.8382831472513836,25,30,20
19,2170,0.0425540041158374,0.11983919204548985,0.0010751543369273819,0.8365316495017449,25,30,20
19,2171,0.037875514328818354,0.11983670760484381,0.004554287402187458,0.8377334906641508,25,30,20
19,2172,0.03597546311071387,0.11947950198125229,0.005700412033658944,0.8388446228743751,25,30,20
19,2173,0.03678768581873668,0.11896667536579228,0.005689087115813066,0.8385565516996583,25,30,20
19,2174,0.03599979572991332,0.11983318532014574,0.006265812518062385,0.837901206431878,25,30,20
19,2175,0.043110620078403265,0.11985041793511993,0.0019329129887996682,0.8351060489976774,25,30,20
19,2176,0.018053017751215608,0.11985743003182141,0.027700867335414995,0.8343886848815479,25,30,20
19,2177,0.0035539818727474567,0.11985209689268016,0.024952095799854197,0.8516418254347186,25,30,20
19,2178,0.0018317603548967235,0.11961304449140872,0.024602637462002766,0.8539525576916919,25,30,20
19,2179,0.0036203732243048374,0.11908279395433566,0.025125979818453045,0.8521708530029071,25,30,20
19,2180,0.0018766814111856186,0.11930600717389281,0.03691504844334796,0.8419022629715732,25,30,20
19,2181,0.0013561790730199836,0.11982200140114888,0.009603573615511583,0.8692182459103188,25,30,20
19,2182,0.0013249619692805728,0.11982701469011302,3.071122947375084e-05,0.8788173121111318,25,30,20
19,2183,0.001360047335747346,0.1198277199713891,0.00022993439283711489,0.8785822983000261,25,30,20
19,2184,0.0013228691808795543,0.11985112938836794,3.354975324213162e-05,0.8787924516775096,25,30,20
19,2185,0.0049068122929948775,0.11822295773066413,0.00040073362424418105,0.8764694963520965,25,30,20
19,2186,0.0028759230661319812,0.11985552740617106,0.0006280702250681784,0.8766404793026296,25,30,20
19,2187,0.00322052757072243,0.11984633190843255,0.0006377615418246527,0.8762953789790204,25,30,20
19,2188,0.002880311923517073,0.1198557316553631,0.0006339652465123475,0.8766299911746068,25,30,20
19,2189,0.0013003763019097652,0.11983628307596711,3.0991207280545926e-05,0.8788323494148418,25,30,20
19,2190,0.0013110530938907198,0.11985024555716976,3.3776848570828415e-05,0.8788049245003681,25,30,20
19,2191,0.002885887734733535,0.11949545647316341,0.00079917441597623,0.8768194813761266,25,30,20
19,2192,0.0025604223187734977,0.11977994726915363,0.000634293355571656,0.8770253370565004,25,30,20
19,2193,0.0026093405523404216,0.11915541253653746,0.0007519692798562791,0.8774832776312664,25,30,20
19,2194,0.001430800370537993,0.1198231825093102,0.0003549678053836626,0.8783910493147694,25,30,20
19,2195,0.0021888774760558216,0.11983901139110102,0.0003519111494532206,0.8776201999833891,25,30,20
19,2196,0.002320288804035784,0.11973920595395078,0.0006379745556248323,0.8773025306863883,25,30,20
19,2197,0.0022736378764924322,0.11977300162339588,0.0006281638442507584,0.8773251966558617,25,30,20
19,2198,0.0019895960609623157,0.11944466246862964,4.083705574452452e-05,0.8785249044146626,25,30,20
19,2199,0.0013629090900422608,0.11978532327862303,4.288498352839164e-05,0.8788088826478063,25,30,20
19,2200,0.0032228318344811537,0.11985108994425506,0.00014136777452398517,0.8767847104467399,25,30,20
19,2201,0.0032990978850930886,0.11964435245192111,0.00022278567689988874,0.8768337639860865,25,30,20
19,2202,0.0035968196176826,0.11984667481541166,5.337512375534058e-05,0.876503130443151,25,30,20
19,2203,0.0020443155338365337,0.11978797549698983,0.0004896816208797805,0.8776780273482955,25,30,20
19,2204,0.0020969908217599123,0.11981412001257385,5.169484155198724e-05,0.8780371943241153,25,30,20
19,2205,0.003114108229232505,0.11980415319673952,6.647306111236304e-05,0.8770152655129155,25,30,20
19,2206,0.0053684396517935055,0.1191247811788482,0.0008965912916493531,0.8746101878777089,25,30,20
19,2207,0.006702872692855336,0.11965385337884475,0.0003892684364240715,0.8732540054918756,25,30,20
19,2208,0.004430525864450023,0.11984642722440768,0.0004675143427601555,0.8752555325683821,25,30,20
19,2209,0.004453018035009122,0.11984172924440427,0.0006153063702494582,0.8750899463503369,25,30,20
19,2210,0.004493619082177002,0.1198126884769824,0.0008881820289345112,0.8748055104119059,25,30,20
19,2211,0.0013830573334957367,0.1198034039189026,0.0007502179015743502,0.8780633208460271,25,30,20
19,2212,0.0021836375380658523,0.11983258999802991,0.00019847102769736044,0.8777853014362076,25,30,20
19,2213,0.0019837701826213115,0.1196186250964671,0.00043304198538502456,0.8779645627355266,25,30,20
19,2214,0.0013955608119708726,0.11955049044531099,0.0009862197262469653,0.8780677290164708,25,30,20
19,2215,0.0014178744635556558,0.07987294385013124,0.039918464587703706,0.8787907170986089,25,30,20
19,2216,0.024093457967252655,0.07991185733820182,0.04009412495239181,0.8559005597421531,25,30,20
19,2217,0.0038003478381697458,0.07988841940372565,0.053606502292177394,0.8627047304659277,25,30,20
19,2218,0.001821953419390132,0.07987434091894592,0.05406656034357803,0.8642371453180853,25,30,20
19,2219,0.00450616346505017,0.07990215831275803,0.05285886896647041,0.8627328092557207,25,30,20
19,2220,0.002731343927551196,0.0798970995222939,0.05410710680316578,0.8632644497469896,25,30,20
19,2221,0.005559223678062271,0.07905690924421799,0.036545856950288204,0.8788380101274318,25,30,20
19,2222,0.0012938970381404433,0.07989906468156086,0.03996335808182044,0.8788436801984781,25,30,20
19,2223,0.001286423336297467,0.07988869899399122,0.039952420572479774,0.8788724570972303,25,30,20
19,2224,0.0023004820968977983,0.07987534537032191,0.03997049809271984,0.8778536744400581,25,30,20
19,2225,0.0025504644994338178,0.07987534648483517,0.0400002292545824,0.8775739597611478,25,30,20
19,2226,0.0025096097094864838,0.03996448815273367,0.07953225266232461,0.8779936494754554,25,30,20
19,2227,0.041933092373389956,0.03993956086496662,0.04100599837191814,0.8771213483897248,25,30,20
19,2228,0.04334569589270247,0.03831168443366691,0.04101957029707514,0.8773230493765551,25,30,20
19,2229,0.05191936384066504,0.041661540742321125,0.026026321985739648,0.8803927734312738,25,30,20
19,2230,0.05167278228275855,0.04100258978147958,0.02939915179864099,0.8779254761371201,25,30,20
19,2231,0.04362545909114716,0.039943315997459,0.04008710942369368,0.8763441154876997,25,30,20
19,2232,0.043450837349899386,0.03994331489542205,0.0402356322573412,0.8763702154973365,25,30,20
19,2233,0.01498714672378993,0.04002495668168643,0.0634814749501024,0.8815064216444225,25,30,20
19,2234,0.031245817366273555,0.03994324087766826,0.050017969750584035,0.8787929720054748,25,30,20
19,2235,0.01447592963047978,0.039276819091587006,0.0682036272247814,0.8780436240531522,25,30,20
19,2236,0.002564899754512062,0.043782359833071265,0.07513900850691435,0.8785137319055029,25,30,20
19,2237,0.001420816643721409,0.039936086830201944,0.07988538983809813,0.8787577066879777,25,30,20
19,2238,0.012590131888283437,0.03994929293129272,0.10630754505722315,0.8411530301231998,25,30,20
19,2239,0.0017044758942513388,0.040004633709252405,0.11939544317981726,0.8388954472166782,25,30,20
19,2240,0.001717065998690189,0.04000470331349598,0.11945737344263914,0.8388208572451746,25,30,20
19,2241,0.0021414603410627024,0.0399458060339395,0.11634702097668154,0.8415657126483151,25,30,20
19,2242,0.005911181571626737,0.03994497448238336,0.11674772518088485,0.8373961187651052,25,30,20
19,2243,0.009749373951716142,0.06643021529526683,0.08946031286353825,0.8343600978894797,25,30,20
19,2244,0.0066641311039031615,0.06617111479481062,0.08963241060229268,0.8375323434989942,25,30,20
19,2245,0.003139900566403295,0.11877426690846829,0.012282230192376911,0.8658036023327521,25,30,20
19,2246,0.003310341612218075,0.11877413135186397,0.0003039087776094429,0.8776116182583076,25,30,20
19,2247,0.0024221518366877833,0.11900524516266581,3.3242791656629084e-05,0.8785393602089896,25,30,20
19,2248,0.002750255715527503,0.11900504768643072,4.939661137178329e-05,0.8781952999866697,25,30,20
19,2249,0.0025225329848444543,0.11984617308052735,0.00022182896959095758,0.8774094649650367,25,30,20
19,2250,0.002347764037240531,0.11948384527581464,5.892677224024856e-05,0.8781094639147046,25,30,20
19,2251,0.0016617164392063403,0.11948384767677497,3.71461276657814e-05,0.878817289756352,25,30,20
19,2252,0.0018291484670747895,0.11948919175216231,5.582269932536735e-05,0.8786258370814372,25,30,20
19,2253,0.002516513431043406,0.11949298228259998,0.00020613620690927074,0.8777843680794468,25,30,20
19,2254,0.002104001722960547,0.11982706497237483,0.00023319050156948767,0.8778357428030952,25,30,20
19,2255,0.0014342477255482164,0.11983687152636203,0.0002281740173262976,0.8785007067307634,25,30,20
19,2256,0.0014490395718877043,0.11970769383066213,0.00011293015054147399,0.8787303364469087,25,30,20
19,2257,0.00218723684711118,0.11983628279408397,5.455263940417192e-05,0.8779219277194004,25,30,20
19,2258,0.0022623044926405227,0.11918048277581526,0.0007194683844942765,0.8778377443470505,25,30,20
19,2259,0.0013998878441292993,0.11915690457513645,0.026201263575529612,0.8532419440052053,25,30,20
19,2260,0.001297034061297084,0.11982872778367314,0.007253422797640944,0.8716208153573888,25,30,20
19,2261,0.0013496576137103356,0.1198245071585719,4.415211105768353e-05,0.8787816831166597,25,30,20
19,2262,0.0013215267053595665,0.11982025534808922,3.88841632734415e-05,0.8788193337832776,25,30,20
19,2263,0.023294267897352096,0.11982152588035408,0.00013572006649401308,0.8567484861557988,25,30,20
19,2264,0.023614200605909533,0.11985091198781066,0.000129788291548892,0.8564050991147321,25,30,20
19,2265,0.0015894362828292408,0.11984586665103197,0.03815344645334067,0.8404112506127981,25,30,20
19,2266,0.0013379688312314206,0.11982183536573274,0.03756324000219697,0.841276955800839,25,30,20
19,2267,0.023660411899941888,0.11985572991874893,0.01757984975486522,0.8389040084264436,25,30,20
19,2268,0.025294773964019215,0.11983290027438763,0.01776061741370895,0.8371117083478842,25,30,20
19,2269,0.003217173673525753,0.11985352796164912,0.04017460897384688,0.8367546893909781,25,30,20
19,2270,0.0030785741654670816,0.11984270757029353,0.038888871923286605,0.8381898463409526,25,30,20
19,2271,0.0033949048709136726,0.11895789290848219,0.04004908902850293,0.8375981131921005,25,30,20
19,2272,0.0028853406243729805,0.11898203078085672,0.04005021126213995,0.8380824173326296,25,30,20
19,2273,0.002140741059933209,0.11904361392067667,0.0399381796193114,0.8388774654000778,25,30,20
19,2274,0.0016095969390517756,0.1199030673996889,0.03995020350898789,0.838537132152271,25,30,20
19,2275,0.003257584864487024,0.11989908021380899,0.03994527755766141,0.8368980573640425,25,30,20
19,2276,0.006476814828736433,0.12028423794044076,0.03508961329985109,0.838149333930972,25,30,20
19,2277,0.004440914716984448,0.11801772488428039,0.03909722993250229,0.8384441304662331,25,30,20
19,2278,0.0019612207803086424,0.11985619978348225,0.03770151289794509,0.8404810665382628,25,30,20
19,2279,0.0035756802381534314,0.11985577890162105,0.0377016536214334,0.838866887238792,25,30,20
19,2280,0.004802612276835615,0.11978667274526822,0.03693554042623524,0.8384751745516601,25,30,20
19,2281,0.0014568163883188442,0.11981795450007887,0.03987991282782283,0.8388453162837785,25,30,20
19,2282,0.003096302651499032,0.11895706561076848,0.04073496650257868,0.8372116652351529,25,30,20
19,2283,0.002079102664198321,0.1198412426062085,0.039893566610014926,0.8381860881195776,25,30,20
19,2284,0.001970500196505583,0.11986073591850874,0.03997946779085736,0.8381892960941281,25,30,20
19,2285,0.0019075353277602871,0.07994362604365611,0.07989123378854732,0.8382576048400352,25,30,20
19,2286,0.001294301278689903,0.07949261681015818,0.08046845312289444,0.8387446287882564,25,30,20
19,2287,0.001347024387637275,0.07988458384153482,0.08034497506875268,0.8384234167020739,25,30,20
19,2288,0.001641367165496955,0.07954437414077754,0.0801390267533607,0.8386752319403645,25,30,20
19,2289,0.0038936008428865367,0.07989867972722565,0.08048378031126266,0.8357239391186243,25,30,20
19,2290,0.0032398639311482353,0.1194678534845366,0.03998365798768574,0.8373086245966287,25,30,20
19,2291,0.002564506645086111,0.1189611639081872,0.03976003222129855,0.8387142972254279,25,30,20
19,2292,0.04139534392207158,0.1189517594570944,0.0021476294280829093,0.8375052671927514,25,30,20
19,2293,0.039578029534602675,0.11982470548337361,0.014006406008978947,0.8265908589730452,25,30,20
19,2294,0.02523209832508012,0.11983429453274849,0.015894074545068103,0.8390395325971041,25,30,20
19,2295,0.013531374441688525,0.11981905378890584,0.0283649113759221,0.8382846603934838,25,30,20
19,2296,0.00437363917821223,0.11984254949875173,0.03879066745360821,0.8369931438694276,25,30,20
19,2297,0.004180797409236268,0.1198208648676693,0.04001121539405642,0.8359871223290375,25,30,20
19,2298,0.002913397546922417,0.11927988757637072,0.04021250993938739,0.8375942049373201,25,30,20
19,2299,0.03927842352033589,0.11898600513280791,0.003939309172163953,0.8377962621746916,25,30,20
19,2300,0.03901699250551146,0.11958888853027887,0.0026151746122015686,0.8387789443520086,25,30,20
19,2301,0.039820180218213014,0.11941933532751532,0.002790251373850147,0.8379702330804218,25,30,20
19,2302,0.038942935743660444,0.11985110198132144,0.0025695586607130806,0.838636403614305,25,30,20
19,2303,0.03696696217933135,0.11982712395033554,0.005280461394289867,0.8379254524760427,25,30,20
19,2304,0.03605999269932258,0.11917940822303237,0.0059623368816553775,0.8387982621959903,25,30,20
19,2305,0.041174251200171354,0.11917928616452436,0.0008353335959316092,0.838811129039373,25,30,20
19,2306,0.015271842502014845,0.12112740106713808,0.024754004325983313,0.8388467521048628,25,30,20
19,2307,0.0024089608191903,0.11945452712900012,0.00021448734454748624,0.8779220247072614,25,30,20
19,2308,0.002024575225471796,0.09981901531057133,0.019859999129569317,0.8782964103343871,25,30,20
19,2309,0.023355560330857606,0.11984762244740256,0.0005581693770870814,0.8562386478446525,25,30,20
19,2310,0.02804481371098902,0.11980274877262381,0.0005508296312958909,0.8516016078850912,25,30,20
19,2311,0.006088055344116711,0.1198115435078821,0.04028625724036819,0.8338141439076324,25,30,20
19,2312,0.00395887544488771,0.11982743675919752,0.04012744950462909,0.836086238291285,25,30,20
19,2313,0.005286139012765249,0.11982783728478476,0.05628372773654955,0.8186022959659001,25,30,20
19,2314,0.003935846918881134,0.11982737282042805,0.05630353805291346,0.8199332422077761,25,30,20
19,2315,0.043825577454023046,0.11981315287203222,0.0009265146447839483,0.8354347550291605,25,30,20
19,2316,0.007616832486539064,0.11980397750578475,0.03666568470403459,0.8359135053036418,25,30,20
19,2317,0.006124025724092292,0.11981844687990394,0.036644494430307935,0.8374130329656951,25,30,20
19,2318,0.01802063922547314,0.11981962356523278,0.03280965374026134,0.829350083469032,25,30,20
19,2319,0.0196499321442931,0.11985281935361218,0.022039249851410703,0.838457998650683,25,30,20
19,2320,0.02740836074478721,0.11982247465000936,0.014836256684315072,0.8379329079208878,25,30,20
19,2321,0.026531926047767374,0.11985120401389711,0.0147539905001062,0.8388628794382288,25,30,20
19,2322,0.027670070076819847,0.11984691255675477,0.014779628524839052,0.8377033888415858,25,30,20
19,2323,0.02819399411343416,0.11980850058008385,0.014762529977008219,0.8372349753294738,25,30,20
19,2324,0.022425812684593423,0.11981260580850961,0.03827721082898944,0.8194843706779074,25,30,20
19,2325,0.023320967546917724,0.11981260650062658,0.03828355063222111,0.8185828753202341,25,30,20
19,2326,0.021755116339478374,0.11903369416862813,0.03887960025325689,0.8203315892386364,25,30,20
19,2327,0.017422856475540437,0.11880265124570727,0.057632494876128565,0.8061419974026236,25,30,20
19,2328,0.039467581194066355,0.11982507740268686,0.04298763082267299,0.797719710580574,25,30,20
19,2329,0.07962923456190112,0.11822339983014135,0.004421928539871902,0.7977254370680862,25,30,20
19,2330,0.07963481619485155,0.11901154846267932,0.0024689931440222876,0.7988846421984463,25,30,20
19,2331,0.06848325838685869,0.11898095708179149,0.010245400944055233,0.8022903835872944,25,30,20
19,2332,0.03841774826775788,0.11986669587001776,0.044663611994014155,0.7970519438682108,25,30,20
19,2333,0.03820819095130563,0.11992618127794262,0.043092766351603126,0.7987728614191479,25,30,20
19,2334,0.008343221522720184,0.11984846737698948,0.07341868973457029,0.7983896213657192,25,30,20
19,2335,0.00913109706391009,0.11975659203611273,0.07341067499594928,0.7977016359040274,25,30,20
19,2336,0.03845256008900453,0.11980850405827001,0.04518165967710349,0.7965572761756207,25,30,20
19,2337,0.0035834420050096984,0.11983880292808793,0.04002757088363082,0.8365501841832725,25,30,20
19,2338,0.0013202679240770807,0.12242382913524023,0.03751192189275111,0.8387439810479311,25,30,20
19,2339,0.0013071995941500705,0.15926776525020717,0.0005542382262829658,0.8388707969293598,25,30,20
19,2340,0.003428593895327193,0.15867115088621433,0.00024336069197389954,0.8376568945264838,25,30,20
19,2341,0.004144297287860344,0.15867115141274155,0.012240041313568888,0.8249445099858289,25,30,20
19,2342,0.001752117846423224,0.15973885329586973,0.009191602936186486,0.8293174259215202,25,30,20
19,2343,0.0013464313676865367,0.15978706752820654,0.009043302543734902,0.8298231985603731,25,30,20
19,2344,0.0014060995811271783,0.15923222294218728,0.0007004008808678039,0.8386612765958168,25,30,20
19,2345,0.0025319514449154345,0.15939293191819476,7.505126604536084e-05,0.838000065370844,25,30,20
19,2346,0.001769150841426573,0.15115262579447403,0.0084889505965851,0.838589272767514,25,30,20
19,2347,0.0025116687077746586,0.15944648032007974,4.1864301883145046e-05,0.8379999866702625,25,30,20
19,2348,0.004602748309262195,0.1586887475042225,0.008050583201034089,0.82865792098548,25,30,20
19,2349,0.004699245165765049,0.15740032473013044,0.0010091524675288454,0.8368912776365757,25,30,20
19,2350,0.005001358769890207,0.1575876691206338,0.0006039258928886233,0.8368070462165873,25,30,20
19,2351,0.0047153897746596545,0.15809687698040867,7.857757136998136e-05,0.8371091556735611,25,30,20
19,2352,0.002235326900356168,0.15971468203190176,4.884693682134702e-05,0.8380011441309202,25,30,20
19,2353,0.004474995850708223,0.15975419039697866,0.0007090223932718877,0.835061791359041,25,30,20
19,2354,0.0022719655417711314,0.15908523556805299,0.0008721779288193823,0.8377706209613568,25,30,20
19,2355,0.002300372071179271,0.1590826877113429,0.0007167433940205319,0.837900196823457,25,30,20
19,2356,0.0030272444330768757,0.1590763983671201,0.0010225069604177192,0.836873850239384,25,30,20
19,2357,0.002967686501675484,0.15977489353259475,0.0003521399040669205,0.8369052800616619,25,30,20
19,2358,0.003020831012988657,0.1597568534232463,0.0013416363602371264,0.8358806792035278,25,30,20
19,2359,0.001487809962312151,0.15978063059305753,0.040462335731099336,0.7982692237135304,25,30,20
19,2360,0.002321016278174745,0.14960150261846764,0.049237703265457046,0.7988397778379013,25,30,20
19,2361,0.0032294443543285467,0.148612459917161,0.04929621537341752,0.7988618803550922,25,30,20
19,2362,0.004812307354726698,0.14866520094408864,0.0496161680492334,0.7969063236519517,25,30,20
19,2363,0.004700432235024217,0.19333579603679787,0.005912919817046118,0.7960508519111322,25,30,20
19,2364,0.0024560909754704273,0.1940007627691749,0.04278866032469071,0.7607544859306644,25,30,20
19,2365,0.004686496671748431,0.19812176437648696,0.04076783737165344,0.7564239015801125,25,30,20
19,2366,0.001647893294375165,0.1997012293887762,0.04001118568022232,0.7586396916366269,25,30,20
19,2367,0.002751322957221378,0.1992152158703676,0.039362293637294,0.7586711675351171,25,30,20
19,2368,0.0013990709094853732,0.1997245115641664,0.03999588700425328,0.7588805305220948,25,30,20
19,2369,0.004060947728563391,0.19849774039605136,0.04005655418216522,0.7573847576932199,25,30,20
19,2370,0.0026152565392781133,0.1985639429804818,0.03995717574654477,0.7588636247336943,25,30,20
19,2371,0.0015278137540252913,0.19966469442227058,0.039947158313562194,0.7588603335101416,25,30,20
19,2372,0.0014464204110898656,0.19965963880729096,0.039962484420519286,0.7589314563611002,25,30,20
19,2373,0.0013871538953308127,0.19971667199514567,0.04000173455236957,0.7588944395571544,25,30,20
19,2374,0.0013453975288802017,0.1993943663473892,0.04033301853161819,0.7589272175921109,25,30,20
19,2375,0.0031239927573974624,0.1997871159266797,0.039397559970367105,0.7576913313455566,25,30,20
19,2376,0.0019505498676716693,0.1997586550448233,0.03996106167838819,0.7583297334091168,25,30,20
19,2377,0.002273172417885258,0.19918081482692215,0.04052759173746628,0.7580184210177263,25,30,20
19,2378,0.002823428600452845,0.19918049088172282,0.04053092266282574,0.7574651578549983,25,30,20
19,2379,0.0022085588146383978,0.19918611328654973,0.040518331102339294,0.7580869967964725,25,30,20
19,2380,0.003069085935160973,0.18007824360303207,0.0598166750981707,0.7570359953636364,25,30,20
19,2381,0.0016852707671250009,0.18006237162935104,0.05979036690227201,0.7584619907012512,25,30,20
19,2382,0.0014113552233596723,0.199715924564404,0.040004512929457704,0.7588682072827789,25,30,20
19,2383,0.002939848473144739,0.19943108446343824,0.00025867273782276626,0.797370394325595,25,30,20
19,2384,0.00260937997107676,0.19941287796184415,0.0007986770674282675,0.7971790649996501,25,30,20
19,2385,0.001631414563922669,0.18942268491161346,0.010054250625104526,0.7988916498993588,25,30,20
19,2386,0.023938313159802407,0.16145102021111704,0.02496673721652202,0.7896439294125583,25,30,20
19,2387,0.0014097245330210758,0.18388448712717684,0.02465369749120424,0.7900520908485974,25,30,20
19,2388,0.0014528931794071743,0.1838876308442072,0.024661712930951544,0.7899977630454335,25,30,20
19,2389,0.00222246724014822,0.15976747151924678,0.04879171988998218,0.789218341350622,25,30,20
19,2390,0.0014098612539895602,0.15950405466127374,0.04039931539471502,0.7986867686900224,25,30,20
19,2391,0.0013415518194462633,0.15925549521856716,0.04069653557849356,0.798706417383494,25,30,20
19,2392,0.0013918040203016848,0.15924929061301618,0.04049514623335429,0.7988637591333259,25,30,20
19,2393,0.0017501533205717269,0.15975450854176612,0.04861949350705849,0.7898758446306043,25,30,20
19,2394,0.004733471833429866,0.15978877578577363,0.03715767940208783,0.7983200729787089,25,30,20
19,2395,0.005039139449464773,0.15978105634099263,0.036972347783284155,0.7982074564262589,25,30,20
19,2396,0.008451890205114488,0.15978355894970958,0.03710132553363893,0.7946632253115367,25,30,20
19,2397,0.01120876995774197,0.15978491647999454,0.03646109454446095,0.7925452190178021,25,30,20
19,2398,0.033589859637471214,0.15926553154551118,0.04090247359135844,0.7662421352256598,25,30,20
19,2399,0.0059141501043808295,0.15929687153510325,0.076935672418877,0.7578533059416391,25,30,20
19,2400,0.01303378561097921,0.1594314790846379,0.07322546573933832,0.7543092695650436,25,30,20
19,2401,0.008785057688530006,0.1599430451923088,0.07258448268869289,0.7586874144304674,25,30,20
19,2402,0.0017534377209753522,0.15978850690884883,0.07973089667776108,0.7587271586924147,25,30,20
19,2403,0.0017333608963730723,0.15909760016376853,0.08059820190479544,0.7585708370350637,25,30,20
19,2404,0.0038097038791735233,0.1589146028779088,0.07904146204466327,0.7582342311982528,25,30,20
19,2405,0.0031468952328772577,0.1589202576925874,0.07929129398103821,0.7586415530934967,25,30,20
19,2406,0.006635510487798067,0.1589413831153842,0.07910628222484399,0.755316824171973,25,30,20
19,2407,0.02483854139327311,0.15978724801040955,0.07915520403807336,0.7362190065582426,25,30,20
19,2408,0.02488708100488086,0.15979575545809066,0.0791467802058853,0.7361703833311424,25,30,20
19,2409,0.02483364170368261,0.15977601649589956,0.077077028223844,0.738313313576572,25,30,20
19,2410,0.02327945323987612,0.15977626813827142,0.04087203162661603,0.7760722469952366,25,30,20
19,2411,0.0015181616423919036,0.15977225719925273,0.040365953714263096,0.7983436274440918,25,30,20
19,2412,0.0013453459633848074,0.1597823028788003,0.039964242004725266,0.7989081091530886,25,30,20
19,2413,0.0033503331984746213,0.15972297719808767,0.0004863949536508333,0.8364402946497863,25,30,20
19,2414,0.0021836244915804585,0.1597817857571325,3.5906752699851366e-05,0.8379986829985875,25,30,20
19,2415,0.002238354977834015,0.15975851553826134,0.0002302897321042254,0.837772839751802,25,30,20
19,2416,0.0026502369122029436,0.15976940674959772,0.0005099644985928603,0.8370703918396066,25,30,20
19,2417,0.0021694814063673656,0.15975977229128255,0.0005094268077325732,0.8375613194946184,25,30,20
19,2418,0.0021280990195501285,0.1597954893093794,0.000491354018132771,0.8375850576529377,25,30,20
19,2419,0.0025578460629456425,0.15960150193677286,0.00024408318966281174,0.8375965688106188,25,30,20
19,2420,0.0016581910456413451,0.15958711058451955,0.0004298896656496953,0.8383248087041892,25,30,20
19,2421,0.0020195299601108714,0.1597664810990921,6.34180420051978e-05,0.8381505708987915,25,30,20
19,2422,0.0016365047794358958,0.15976952013174478,4.597250510828738e-05,0.8385480025837101,25,30,20
19,2423,0.0015660507688011905,0.1423034878266874,0.024215354144132843,0.8319151072603778,25,30,20
19,2424,0.004850047464795388,0.15945876488274582,5.793845090311996e-05,0.8356332492015544,25,30,20
19,2425,0.00492448748907661,0.1594454714506352,0.009109414700137158,0.8265206263601499,25,30,20
19,2426,0.0025967394199637676,0.1594453060108959,0.0001798429164429545,0.8377781116526967,25,30,20
19,2427,0.004225072896685063,0.15944981057947927,0.00019037480317042588,0.8361347417206644,25,30,20
19,2428,0.00390459204883665,0.15957580233221647,0.00041181353733162393,0.8361077920816149,25,30,20
19,2429,0.0032631203369619588,0.15958154399147062,0.00027745815361106567,0.8368778775179563,25,30,20
19,2430,0.002056426216099361,0.15956234878541398,0.0002848701249580884,0.8380963548735291,25,30,20
19,2431,0.001690093629947443,0.15977134024205636,3.8720220323036354e-05,0.8384998459076742,25,30,20
19,2432,0.0016968205099359502,0.15973897920293925,0.0007827484533281398,0.8377814518337958,25,30,20
19,2433,0.0012902403832949709,0.15978519191308532,0.0007759543142710373,0.8381486133893484,25,30,20
19,2434,0.0016715203360359039,0.1597759187981774,0.0008977240160652255,0.837654836849721,25,30,20
19,2435,0.0019772963820510435,0.15976661217595878,0.0001886393425532092,0.8380674520994361,25,30,20
19,2436,0.001316960193787694,0.1597853865142314,2.1413834438229058e-05,0.8388762394575415,25,30,20
19,2437,0.002236504691220271,0.1597863180735781,5.665536755503552e-05,0.8379205218676471,25,30,20
19,2438,0.002191287139098869,0.15955312613262382,0.0002784961947833056,0.8379770905334947,25,30,20
19,2439,0.002224452341066892,0.15956250490866566,0.0004739687406002814,0.8377390740096672,25,30,20
19,2440,0.0022377049480181203,0.15961352119932729,0.00041693556200704177,0.8377318382906477,25,30,20
19,2441,0.0017023890434241613,0.14264636326818028,0.017347536890721247,0.8383037107976742,25,30,20
19,2442,0.0019483322817563358,0.15597346609767565,0.0039021826406778655,0.838176018979891,25,30,20
19,2443,0.0025610848889600717,0.15596321976858554,0.003553462458062623,0.837922232884391,25,30,20
19,2444,0.004005592137380682,0.1160078315269602,0.042871020539182327,0.8371155557964766,25,30,20
19,2445,0.002963732030752094,0.11878553625419316,0.040088239340790394,0.8381624923742632,25,30,20
19,2446,0.0019662116113902113,0.11981553220886693,0.03999475329922805,0.838223502880515,25,30,20
19,2447,0.0018903513104767148,0.11980620770630407,0.039988467725207276,0.838314973258012,25,30,20
19,2448,0.0031067927585357417,0.11980121697495232,0.03999961193949245,0.8370923783270183,25,30,20
19,2449,0.003755520374499145,0.11981752060574523,0.04043906483784098,0.8359878941819153,25,30,20
19,2450,0.007472160206308666,0.11966560817842584,0.04036018661361365,0.8325020450016521,25,30,20
19,2451,0.0036386975872493266,0.11984174731618409,0.039343657018078036,0.8371758980784882,25,30,20
19,2452,0.035433329609903745,0.1198417460146207,0.005914982666223678,0.8388099417092515,25,30,20
19,2453,0.03888346281952573,0.11872953060034036,0.004676101564685697,0.8377109050154481,25,30,20
19,2454,0.011620674673786748,0.11982760699043377,0.028872917462385916,0.8396788008733935,25,30,20
19,2455,0.04099001954066973,0.08243133979344001,0.03916327869713039,0.8374153619687604,25,30,20
19,2456,0.024198138979055796,0.07413067814672948,0.06318223938539477,0.8384889434888197,25,30,20
19,2457,0.010532638514577277,0.07990731339487196,0.06899489641532115,0.8405651516752282,25,30,20
19,2458,0.010796598788877922,0.07995551559822701,0.06916860034858108,0.8400792852643129,25,30,20
19,2459,0.0400877405900852,0.07995535987184517,0.041858267061551546,0.8380986324765185,25,30,20
19,2460,0.03981632554303308,0.07990233181604721,0.04188876562119476,0.8383925770197246,25,30,20
19,2461,0.03656433345042042,0.07969585226977549,0.04635721175630629,0.837382602523497,25,30,20
19,2462,0.03766095081846271,0.04045750043962972,0.08381731171920205,0.838064237022707,25,30,20
19,2463,0.024520759926808612,0.04171151131132187,0.09490692950695678,0.8388607992549119,25,30,20
19,2464,0.013013400693727634,0.04139874879088126,0.10671589908980111,0.8388719514255886,25,30,20
19,2465,0.0014792364987640306,0.039941035893946604,0.11978632640388306,0.8387934012034062,25,30,20
19,2466,0.01676372698877729,0.03994620945646096,0.10440122882275416,0.8388888347320079,25,30,20
19,2467,0.0056704173415186845,0.03994771188424688,0.12341931715763581,0.8309625536166,25,30,20
19,2468,0.005652718240525104,0.03994771188979574,0.12341511778167115,0.8309844520880081,25,30,20
19,2469,0.0054179622808749476,0.039963092392643534,0.11641163731361193,0.8382073080128697,25,30,20
19,2470,0.005287994864762307,0.03994327886579885,0.11652602338300826,0.8382427028864298,25,30,20
19,2471,0.034412998710125965,0.03994513341311432,0.08827124082649405,0.8373706270502672,25,30,20
19,2472,0.033572391509037555,0.03993052530863721,0.08793856801941292,0.8385585151629128,25,30,20
19,2473,0.04052488718073678,0.03994408553885227,0.07846863039631112,0.841062396884099,25,30,20
19,2474,0.04135603520788573,0.06972201948848407,0.05115212712281823,0.837769818180813,25,30,20
19,2475,0.04201378716717697,0.07898988039074406,0.04159075308210473,0.8374055793599733,25,30,20
19,2476,0.019026334331631062,0.07898936878872562,0.06560273778808688,0.8363815590915565,25,30,20
19,2477,0.008288548305577643,0.07903741878365528,0.07401990019080441,0.8386541327199624,25,30,20
19,2478,0.008036573902097707,0.07994980565666189,0.07386272175367964,0.8381508986875604,25,30,20
19,2479,0.034457958743371424,0.07994169893060336,0.04673969707563883,0.838860645250387,25,30,20
19,2480,0.03445511334474437,0.07994680478545145,0.04736167980845382,0.8382364020613506,25,30,20
19,2481,0.04166877898995036,0.07993746712333577,0.04151802804971741,0.8368757258369964,25,30,20
19,2482,0.0503917976684715,0.07987413608276564,0.031840764226000635,0.8378933020227628,25,30,20
19,2483,0.050412370895982245,0.0798886548333586,0.031838826230459215,0.837860148040201,25,30,20
19,2484,0.04250236717170658,0.07990425326957769,0.041992906204305874,0.8356004733544105,25,30,20
19,2485,0.022877641160468226,0.07984771865352075,0.06193191340750886,0.8353427267785014,25,30,20
19,2486,0.031157759962877472,0.07984117437528546,0.05047488142591632,0.8385261842359202,25,30,20
19,2487,0.03208688694504249,0.10944678384381565,0.02044834646475032,0.8380179827463912,25,30,20
19,2488,0.031710934521610695,0.11958211762268091,0.01075713223885199,0.8379498156168559,25,30,20
19,2489,0.03085145664474407,0.11983531712546017,0.010504203195331631,0.8388090230344641,25,30,20
19,2490,0.024682369028262235,0.11985460468878649,0.01663779072958611,0.8388252355533646,25,30,20
19,2491,0.03725478682590407,0.11984288558538568,0.004131296570144875,0.8387710310185648,25,30,20
19,2492,0.003090437300061531,0.07988868904236804,0.07906890229589451,0.8379519713616765,25,30,20
19,2493,0.0419782012930068,0.07937335597359536,0.04065928953168949,0.8379891532017087,25,30,20
19,2494,0.04244198894943402,0.07985612251239507,0.04057599395571896,0.8371258945824515,25,30,20
19,2495,0.0418516386598639,0.07986866002045277,0.04077789676507037,0.8375018045546118,25,30,20
19,2496,0.011688547639149654,0.07989902939037276,0.0706530969141937,0.8377593260562827,25,30,20
19,2497,0.00486014187441449,0.07991047432171602,0.07696636041569156,0.8382630233881783,25,30,20
19,2498,0.0460864663746305,0.07962662735147986,0.03587839085966568,0.8384085154142246,25,30,20
19,2499,0.0560745788140704,0.07962675847881248,0.025489586516351533,0.8388090761907661,25,30,20
19,2500,0.05603816774583433,0.07990192726134795,0.02525646951701498,0.8388034354758028,25,30,20
19,2501,0.057623669291553485,0.0798976777935868,0.0254669675567034,0.837011685358157,25,30,20
19,2502,0.07333904909356433,0.07990633384834513,0.009051521318597775,0.8377030957394923,25,30,20
19,2503,0.06689080039690819,0.0799063326812477,0.014994560161040126,0.8382083067608044,25,30,20
19,2504,0.06918162890477168,0.07986979194657279,0.012174103689207634,0.8387744754594485,25,30,20
19,2505,0.03938505075909484,0.07986947740462894,0.042280883580409226,0.8384645882558689,25,30,20
19,2506,0.044248791991508184,0.07986958090208043,0.04487535490900882,0.8310062721974036,25,30,20
19,2507,0.044699764370758885,0.07954558232310655,0.04487721065874968,0.8308774426473847,25,30,20
19,2508,0.04415794184358033,0.07990768095860856,0.037635068903768006,0.8382993082940432,25,30,20
19,2509,0.03794575943102871,0.08000597569692695,0.045510411910000145,0.8365378529620443,25,30,20
19,2510,0.00331321091773769,0.07987756562328817,0.0790711422718018,0.8377380811871724,25,30,20
19,2511,0.0037029174376443114,0.07988980258655592,0.07906960036416533,0.8373376796116346,25,30,20
19,2512,0.0028484301881340473,0.07988913724716576,0.07848074794721487,0.8387816846174849,25,30,20
19,2513,0.001787864924382062,0.08205105753612943,0.078238726234124,0.8379223513053627,25,30,20
19,2514,0.0017911660762707352,0.0820552669677687,0.07767120464255138,0.8384823623134098,25,30,20
19,2515,0.003544810559288992,0.07994242334941591,0.07998375558221851,0.8365290105090761,25,30,20
19,2516,0.012903703257608591,0.07989586334729645,0.06997937442997124,0.8372210589651238,25,30,20
19,2517,0.03365551543492792,0.07988946287142765,0.04804203334106302,0.8384129883525802,25,30,20
19,2518,0.03312752162725115,0.07987281548399157,0.04822389007446864,0.8387757728142872,25,30,20
19,2519,0.03301680452637709,0.07989823699409787,0.04821677794146832,0.8388681805380551,25,30,20
19,2520,0.037770427529634026,0.07962744975600712,0.04382307915037947,0.8387790435639784,25,30,20
19,2521,0.03942299307460399,0.0799082036846376,0.04355628262169102,0.8371125206190672,25,30,20
19,2522,0.003856363151437544,0.07989778066346147,0.07702784033223865,0.8392180158528615,25,30,20
19,2523,0.0406748683385105,0.07989739402890314,0.04019027559619646,0.8392374620363892,25,30,20
19,2524,0.040619552451663966,0.04193580484829378,0.07814050370355219,0.8393041389964903,25,30,20
19,2525,0.04186875748320437,0.04193581190154813,0.07839862355615353,0.8377968070590939,25,30,20
19,2526,0.04525248921688594,0.03994462891832038,0.07989157965975292,0.8349113022050402,25,30,20
19,2527,0.006831029147076578,0.03994394208319414,0.11797718563261837,0.8352478431371118,25,30,20
19,2528,0.005520992195563783,0.03994391103422753,0.11623599237712604,0.838299104393082,25,30,20
19,2529,0.041060356339196566,0.03995351222422826,0.08012846254010726,0.8388576688964696,25,30,20
19,2530,0.03310635094866171,0.03994511236321389,0.08916986539573106,0.8377786712923931,25,30,20
19,2531,0.027277293305950443,0.03990672186846732,0.09488853286173603,0.8379274519638465,25,30,20
19,2532,0.028780394272980583,0.041985649672237634,0.09328740953350353,0.8359465465212778,25,30,20
19,2533,0.027862732363985558,0.04199514546665602,0.09328856381913259,0.8368535583502259,25,30,20
19,2534,0.043553752491166796,0.03994452200201633,0.08079522906423847,0.8357064964425777,25,30,20
19,2535,0.04077698706730731,0.06988338348116478,0.05207600405286599,0.8372636253986614,25,30,20
19,2536,0.0053789050299822205,0.06988257685643819,0.0871248375719738,0.8376136805416065,25,30,20
19,2537,0.0051146491658815565,0.06991054108394491,0.08618831481824481,0.8387864949319295,25,30,20
19,2538,0.0040936925162898385,0.07998442234870795,0.07705635972523008,0.8388655254097734,25,30,20
19,2539,0.004728267505070065,0.07991339748696617,0.07410620988094814,0.8412521251270157,25,30,20
19,2540,0.005714898749522748,0.0799134002082739,0.07408107235203121,0.8402906286901722,25,30,20
19,2541,0.00219886098688453,0.07988870876285627,0.11682499197051376,0.801087438279747,25,30,20
19,2542,0.06859916935024192,0.0796784867780637,0.05019507648188012,0.8015272673898144,25,30,20
19,2543,0.03154213159908918,0.07990981735898914,0.09053015143471912,0.7980178996072018,25,30,20
19,2544,0.008749841321232545,0.07990578598869931,0.10364827687569955,0.8076960958143683,25,30,20
19,2545,0.009904634668592172,0.07990578749201002,0.09334339973857383,0.816846178100824,25,30,20
19,2546,0.024527834943279737,0.07990566011285552,0.091427926173363,0.8041385787705008,25,30,20
19,2547,0.008654320771775184,0.07987189666841593,0.11369885684095139,0.797774925718859,25,30,20
19,2548,0.01973900382753482,0.07991152068899728,0.10134089033080546,0.7990085851526635,25,30,20
19,2549,0.02920390952355657,0.07992329551534567,0.09228005409398071,0.7985927408671171,25,30,20
19,2550,0.04687553364724371,0.07991537682177419,0.07362145306373631,0.7995876364672457,25,30,20
19,2551,0.03879670831412895,0.07994273062057311,0.08226623231116274,0.7989943287541362,25,30,20
19,2552,0.040791917862011105,0.07992859119876773,0.08924670270171184,0.7900327882375106,25,30,20
19,2553,0.03981486230907752,0.0799129973412351,0.08943474841420915,0.7908373919354803,25,30,20
19,2554,0.05219498242977814,0.07955368222181139,0.07785735761921479,0.7903939777291953,25,30,20
19,2555,0.04635427258613855,0.07987959158502346,0.07534676013184285,0.7984193756969951,25,30,20
19,2556,0.0792192921069072,0.07987954891206676,0.04335526412704296,0.7975458948539833,25,30,20
19,2557,0.07933892541216309,0.0785614063056073,0.04388276312231798,0.7982169051599118,25,30,20
19,2558,0.055083377562951334,0.07856137588586287,0.06808372641995002,0.7982715201312359,25,30,20
19,2559,0.041550937893501894,0.07923324496131971,0.08069889209524703,0.7985169250499297,25,30,20
19,2560,0.03290519442125663,0.11917115428889201,0.05041837139347873,0.7975052798963718,25,30,20
19,2561,0.0345330173754208,0.1198394805248883,0.049439547919572266,0.796187954180118,25,30,20
19,2562,0.039800399328716755,0.11984983745960469,0.04315461643490546,0.7971951467767734,25,30,20
19,2563,0.04214066749092431,0.10983251269285783,0.050338204327992304,0.7976886154882256,25,30,20
19,2564,0.0416883262222982,0.10930736909471638,0.05218545514723849,0.796818849535748,25,30,20
19,2565,0.002258295336480047,0.14973579830317119,0.04994861122668143,0.7980572951336679,25,30,20
19,2566,0.0022166202071687764,0.15016025544033787,0.055934574414664755,0.7916885499378288,25,30,20
19,2567,0.0017831074562026485,0.1500974340686953,0.06399138899685877,0.7841280694782448,25,30,20
19,2568,0.00175006133135824,0.14949828583363212,0.057491015654040266,0.7912606371809701,25,30,20
19,2569,0.002593251557522688,0.1419183879156669,0.05783311977557883,0.797655240751232,25,30,20
19,2570,0.0042468956915915415,0.12163766264788607,0.0763693047720659,0.7977461368884581,25,30,20
19,2571,0.0036692296416552684,0.12161008196046615,0.07654764859192985,0.7981730398059481,25,30,20
19,2572,0.004648250936581869,0.12160449237047181,0.07544778549656794,0.7982994711963787,25,30,20
19,2573,0.0037606052147414605,0.12163244274727868,0.07634690348591176,0.7982600485520686,25,30,20
19,2574,0.003113198663544193,0.11980684313794612,0.07724290247490122,0.7998370557236087,25,30,20
19,2575,0.005222000753611634,0.11980377105059853,0.04003154157868724,0.8349426866171028,25,30,20
19,2576,0.007516137134083028,0.11976607453228773,0.05198207797029969,0.8207357103633298,25,30,20
19,2577,0.0028389898004227646,0.11982881539712593,0.05577014901060112,0.8215620457918493,25,30,20
19,2578,0.0016704651601779435,0.11982843095610538,0.07363169916148646,0.8048694047222306,25,30,20
19,2579,0.0016712465220103951,0.1198392953663246,0.03398531828478619,0.8445041398268792,25,30,20
19,2580,0.0013368005832238956,0.08061119014148632,0.05747654105404831,0.8605754682212418,25,30,20
19,2581,0.02149840794016428,0.07990346896929994,0.021704499506808684,0.8768936235837269,25,30,20
19,2582,0.019959600387530137,0.08029965206659374,0.021372456039168423,0.8783682915067074,25,30,20
19,2583,0.019977379909093974,0.0801422430765231,0.021538050219808792,0.8783423267945741,25,30,20
19,2584,0.003886418463778232,0.07969105352639412,0.03761503155307031,0.8788074964567579,25,30,20
19,2585,0.019362664734138734,0.07990715656248581,0.05881460298797275,0.8419155757154009,25,30,20
19,2586,0.01903769695110701,0.0799076539746298,0.059221234369658926,0.8418334147046042,25,30,20
19,2587,0.0210506390272576,0.0695162207526002,0.07045861172916215,0.8389745284909798,25,30,20
19,2588,0.013040526629589884,0.07025544840170748,0.08091989955928268,0.8357841254094193,25,30,20
19,2589,0.006752546259912139,0.05949805595729929,0.12509550055726915,0.8086538972255197,25,30,20
19,2590,0.04415434386140309,0.03217673453090785,0.08486337231056032,0.8388055492971275,25,30,20
19,2591,0.026118681760159298,0.05051532027043001,0.08450785752983872,0.838858140439574,25,30,20
19,2592,0.0027924026636945154,0.07906688097524757,0.07928982561316224,0.8388508907478963,25,30,20
19,2593,0.004871375301546326,0.07728332857303868,0.0878943226722979,0.8299509734531187,25,30,20
19,2594,0.0402935978182472,0.08032589264466833,0.040999631358173694,0.8383808781789106,25,30,20
19,2595,0.028600111131977354,0.07861611912212338,0.05542915176891858,0.8373546179769801,25,30,20
19,2596,0.03882308438832479,0.07942046338203747,0.07867414322340084,0.8030823090062356,25,30,20
19,2597,0.05758699222285791,0.06966682361934433,0.07447777758219908,0.7982684065755984,25,30,20
19,2598,0.040436712663835514,0.08227409793732124,0.07957634538898775,0.7977128440098545,25,30,20
19,2599,0.03938641684316305,0.07987499176577965,0.08325830113779077,0.7974802902532678,25,30,20
19,2600,0.016179038789656257,0.08014165921246835,0.11359176561152445,0.7900875363863514,25,30,20
19,2601,0.004364526335459357,0.07988619040576629,0.09659840431887888,0.8191508789398978,25,30,20
19,2602,0.004247884836745028,0.0798832459625185,0.09688205593565936,0.8189868132650764,25,30,20
19,2603,0.0032849103178650535,0.0798626747257351,0.08506790157978536,0.8317845133766142,25,30,20
19,2604,0.0033194350338260742,0.07932018215874732,0.08508168089082246,0.8322787019166039,25,30,20
19,2605,0.0019966104605287182,0.040317865324936884,0.12690285900797282,0.8307826652065653,25,30,20
19,2606,0.0036289319291110175,0.04322869596104664,0.12155522520444428,0.8315871469054019,25,30,20
19,2607,0.04102646449520455,0.03994464080643993,0.0873949756215513,0.8316339190768045,25,30,20
19,2608,0.04480031454130096,0.03995394164755368,0.07641157125575054,0.8388341725553949,25,30,20
19,2609,0.08340553287056707,0.03908999203266839,0.0397926621405906,0.8377118129561745,25,30,20
19,2610,0.08219336710368796,0.03994407903058601,0.04049047325027637,0.8373720806154497,25,30,20
19,2611,0.08098337861391666,0.002622079160171086,0.07941269483090158,0.83698184739501,25,30,20
19,2612,0.0791442879556646,5.724706162608203e-08,0.08025931937415658,0.8405963354231164,25,30,20
19,2613,0.07902959750695052,2.7439878951403557e-07,0.07909770360342244,0.841872424490837,25,30,20
19,2614,0.004661962759319697,1.5162592269041563e-06,0.15406621108195648,0.8412703098994949,25,30,20
19,2615,0.004651184805098406,1.51625893289753e-06,0.15349807009569236,0.8418492288402756,25,30,20
19,2616,0.03820636540910068,0.00024251170216004308,0.12361376647767987,0.8379373564110598,25,30,20
19,2617,0.037312093109195754,0.00028031032136435286,0.12372110261008926,0.8386864939593504,25,30,20
19,2618,0.012556578125666476,7.804644995234294e-07,0.12315454027978669,0.8642881011300473,25,30,20
19,2619,0.02903183264794251,1.617035637748649e-07,0.10498018677581342,0.8659878188726802,25,30,20
19,2620,0.007692149134349119,4.531239813735441e-07,0.11228457194710263,0.8800228257945674,25,30,20
19,2621,0.03445890587843434,0.00015754486081821193,0.0946531993092921,0.8707303499514544,25,30,20
19,2622,0.04837503610295965,1.3527410155617976e-06,0.11008086907865382,0.8415427420773718,25,30,20
19,2623,0.06109712807939612,0.00012714143395705136,0.10091272257225191,0.837863007914395,25,30,20
19,2624,0.06235105689116156,0.0001278142597493184,0.13820178648312503,0.7993193423659645,25,30,20
19,2625,0.11184406191281603,1.2647151108257774e-06,0.08976841785253198,0.7983862555195413,25,30,20
19,2626,0.11583839590069228,1.2294694012108577e-06,0.0828727995304974,0.8012875750994094,25,30,20
19,2627,0.10252176648705426,7.171224343399834e-06,0.09881743555673178,0.7986536267318698,25,30,20
19,2628,0.10779019561782435,1.174574478243461e-06,0.09106745542227344,0.8011411743854242,25,30,20
19,2629,0.10453856936323228,3.02999955076219e-07,0.09698456161804775,0.7984765660187647,25,30,20
19,2630,0.12574614303663925,3.766661422297359e-07,0.08305845156254543,0.7911950287346731,25,30,20
19,2631,0.07614387102944273,2.2032704125486673e-06,0.12256246930091709,0.8012914563992269,25,30,20
19,2632,0.08191092603979179,0.00032401303972155965,0.11705413330660212,0.8007109276138848,25,30,20
19,2633,0.07932838428036491,6.784805052001514e-07,0.12003364855582913,0.8006372886833003,25,30,20
19,2634,0.04084371435365199,6.08853894898893e-07,0.15792396220464971,0.8012317145878052,25,30,20
19,2635,0.026053215285828206,0.0020868845346017364,0.17290221360657676,0.7989576865729928,25,30,20
19,2636,0.023546680666916658,7.395938361029432e-05,0.17736427125679272,0.79901508869268,25,30,20
19,2637,0.02447491344707671,6.284126834348519e-05,0.1789096964309433,0.796552548853635,25,30,20
19,2638,0.04859443322038906,0.03994395221094383,0.11341854991526286,0.7980430646534045,25,30,20
19,2639,0.005716178603712896,0.039944382470946824,0.1555734045832906,0.7987660343420496,25,30,20
19,2640,0.013493787973954086,0.03994453491298821,0.1452116826183697,0.8013499944946877,25,30,20
19,2641,0.00761236522465818,0.03995320112926448,0.15196698396953726,0.8004674496765403,25,30,20
19,2642,0.018178049562096666,0.039958458231861074,0.1435498455585263,0.7983136466475148,25,30,20
19,2643,0.036047911336659036,0.0397637820697408,0.06487355901221582,0.8593147475813836,25,30,20
19,2644,0.04076145098334423,0.03976371423760944,0.06003136707414153,0.8594434677049045,25,30,20
19,2645,0.04397823189201007,3.219620543823387e-08,0.09894858331719612,0.8570731525945895,25,30,20
19,2646,0.04176405184491817,7.66574793593277e-09,0.0817953452778318,0.8764405952115033,25,30,20
19,2647,0.03828783278427732,7.162157933121393e-07,0.08290711587411273,0.8788043351258186,25,30,20
19,2648,0.009126306287882607,0.0011226152689850202,0.11984407287484444,0.8699070055682867,25,30,20
19,2649,0.0017544962657106394,0.0008820723351250027,0.11892205765070266,0.8784413737484613,25,30,20
19,2650,0.0022740644616498435,0.05814237017862668,0.06166674350204524,0.8779168218576788,25,30,20
19,2651,0.007547529365892071,0.07061538813390543,0.04485835216683478,0.876978730333368,25,30,20
19,2652,0.0057478081913235335,0.0798811728337218,0.03847685924618103,0.8758941597287742,25,30,20
19,2653,0.040383921077555375,0.08037450471211256,0.013642412426411035,0.8655991617839212,25,30,20
19,2654,0.004358711201329183,0.07923029563181289,0.038841591628374576,0.877569401538483,25,30,20
19,2655,0.0030672248437704076,0.07989642898124334,0.04084601848389867,0.8761903276910877,25,30,20
19,2656,0.004029948030663222,0.07989642658839227,0.03986002481517406,0.8762136005657701,25,30,20
19,2657,0.001621874431502619,0.07989642553408571,0.03945946306847634,0.879022236965936,25,30,20
19,2658,0.003644249291701869,0.07989793695543358,0.036193002705931794,0.8802648110469314,25,30,20
19,2659,0.0200470323456881,0.07989817368327208,0.02187239819874036,0.8781823957722988,25,30,20
19,2660,0.02169796026585248,0.07904655285904756,0.021884816026295124,0.8773706708488054,25,30,20
19,2661,0.021524638684332662,0.07904676884909073,0.02188924678723776,0.8775393456793388,25,30,20
19,2662,0.020875414711172584,0.079046768509082,0.021877346982321067,0.8782004697974236,25,30,20
19,2663,0.020112413711691163,0.0798744821178142,0.022059499675194588,0.8779536044952998,25,30,20
19,2664,0.0023178969815665852,0.07992725530628322,0.039918855251249705,0.8778359924608996,25,30,20
19,2665,0.002561135611118932,0.07987406498272508,0.04885195351249823,0.8687128458936593,25,30,20
19,2666,0.002604428866833983,0.07985960610308074,0.040595320849685514,0.8769406441803997,25,30,20
19,2667,0.0026623076406413642,0.07984469756446812,0.04001134982713124,0.8774816449677592,25,30,20
19,2668,0.004657344334914525,0.07986862290039251,0.04001119946644721,0.8754628332982459,25,30,20
19,2669,0.005217601344359687,0.08177320590279237,0.03667857217077544,0.8763306205820726,25,30,20
19,2670,0.002560647428235968,0.07988666396444603,0.039966956415692874,0.8775857321916243,25,30,20
19,2671,0.0029791994204064233,0.07989789623952796,0.039978405767905845,0.8771444985721588,25,30,20
19,2672,0.0021524386434819873,0.07989803609560411,0.0399782912475591,0.8779712340133544,25,30,20
19,2673,0.0026755122389829165,0.0799072208527179,0.03967040442476448,0.8777468624835333,25,30,20
19,2674,0.0014425375685273847,0.07989832001922519,0.03998682911648458,0.8786723132957621,25,30,20
19,2675,0.0018645985096083014,0.11893414812422566,0.0013896364003350933,0.8778116169658312,25,30,20
19,2676,0.002265062003065922,0.11896843830628631,0.0004970421050043802,0.8782694575856432,25,30,20
19,2677,0.0013609971951994786,0.11982469104026812,3.946055215483494e-05,0.8787748512123764,25,30,20
19,2678,0.0024883611889808073,0.11863772966586883,0.0012405942458980975,0.8776333148992514,25,30,20
19,2679,0.0013694170419330106,0.11862143164734397,0.0012166605245041476,0.878792490786218,25,30,20
19,2680,0.0014169037221815773,0.11982767084236812,2.7601239910076572e-05,0.8787278241955402,25,30,20
19,2681,0.0031467398243167854,0.10922309830729932,0.00995478752047061,0.8776753743479135,25,30,20
19,2682,0.002919632432275306,0.11983858125547225,0.0002452711393715994,0.8769965151728806,25,30,20
19,2683,0.0013791274168729894,0.11983858024977238,0.0009262986321808881,0.8778559937011744,25,30,20
19,2684,0.00142024512416803,0.11984147597862098,3.977317590214379e-05,0.878698505721309,25,30,20
19,2685,0.003210214721011152,0.1198243003911614,8.791065458268067e-05,0.8768775742332443,25,30,20
19,2686,0.0022865490995445203,0.1198308842745199,3.874118312094651e-05,0.8778438254428141,25,30,20
19,2687,0.0014281345952433802,0.11982834938387538,3.938825652563408e-05,0.8787041277643559,25,30,20
19,2688,0.0014157765936064768,0.11985093708085984,4.621075376318149e-05,0.8786870755717701,25,30,20
19,2689,0.0031960011031896603,0.11979398317366848,0.00023199262257814717,0.8767780231005642,25,30,20
19,2690,0.0023221806569410286,0.11977991513379255,0.00021131450984900914,0.8776865896994172,25,30,20
19,2691,0.002437047139760282,0.11981717671007824,0.0008705264080785421,0.8768752497420826,25,30,20
19,2692,0.0014078833689024092,0.11984120780871228,0.0003702024720326965,0.8783807063503519,25,30,20
19,2693,0.03168484683001724,0.11930742859507565,0.0021799447573685226,0.8468277798175388,25,30,20
19,2694,0.05079996515686237,0.11930278395180893,0.017768881909933594,0.8121283689813958,25,30,20
19,2695,0.0022349736558638865,0.11930994468027904,0.04683498980573523,0.8316200918581219,25,30,20
19,2696,0.0022126409576257388,0.11930994294592857,0.03960432359718728,0.8388730924992572,25,30,20
19,2697,0.0015036593397841972,0.1186301599696814,0.041542740900965616,0.8383234397895685,25,30,20
19,2698,0.004738552299787139,0.11980311048626476,0.0380019769732811,0.8374563602406659,25,30,20
19,2699,0.003048122321755373,0.11916879926510501,0.03870912869585349,0.8390739497172855,25,30,20
19,2700,0.008426976584155343,0.11964660510178328,0.03480822470376286,0.8371181936102973,25,30,20
19,2701,0.003915852568202002,0.12001487716492487,0.046770062548041655,0.8292992077188321,25,30,20
19,2702,0.003071149516281648,0.11984229343358081,0.04881420668067307,0.8282723503694654,25,30,20
19,2703,0.005112991562971982,0.11795836457868195,0.04875438540916137,0.8281742584491848,25,30,20
19,2704,0.0049453685342629675,0.11984261002561379,0.055946620240919655,0.8192654011992038,25,30,20
19,2705,0.002264622926327109,0.11982950216220357,0.04715422140576501,0.8307516535057049,25,30,20
19,2706,0.0014408444544567972,0.11981979467280883,0.04717765276994083,0.831561708102793,25,30,20
19,2707,0.0036469830917665812,0.08281123342186315,0.07410459229434876,0.8394371911920218,25,30,20
19,2708,0.04325061196287919,0.08242617773310684,0.03797997174636197,0.8363432385576506,25,30,20
19,2709,0.00577466846228927,0.06356606994305337,0.09195332240891928,0.8387059391857377,25,30,20
19,2710,0.0028578210204706607,0.08244059583463419,0.07595048956601108,0.8387510935788831,25,30,20
19,2711,0.002145278958428608,0.08246441488385349,0.07721377333984447,0.8381765328178727,25,30,20
19,2712,0.004039953669186847,0.08246736212348858,0.07721710258133749,0.836275581625987,25,30,20
19,2713,0.0020047231308456506,0.0796889653018726,0.08009416159737047,0.8382121499699104,25,30,20
19,2714,0.00567680787052188,0.07989913645097715,0.07962723262323532,0.8347968230552643,25,30,20
19,2715,0.006914632142266557,0.0799203280442733,0.08037130968491918,0.8327937301285404,25,30,20
19,2716,0.002449786260797952,0.07995806004640738,0.11961040376198442,0.7979817499308094,25,30,20
19,2717,0.03649096422695189,0.07017361289538748,0.054894197985485366,0.8384412248921745,25,30,20
19,2718,0.01393683210079298,0.07747833166021487,0.07062563666143545,0.8379591995775558,25,30,20
19,2719,0.013967425028277546,0.07989401156219934,0.07057991541222142,0.8355586479973018,25,30,20
19,2720,0.005522913999083588,0.08058895681519002,0.07878358996193338,0.8351045392237925,25,30,20
19,2721,0.0022601489607329546,0.0805892620859866,0.07874209520247086,0.8384084937508094,25,30,20
19,2722,0.002662809061695111,0.08063710764921829,0.078241616975757,0.8384584663133299,25,30,20
19,2723,0.00322552148960999,0.07989806384321656,0.07824718412957057,0.8386292305376017,25,30,20
19,2724,0.0025701516967165518,0.07988904969149485,0.07909650447989054,0.8384442941318972,25,30,20
19,2725,0.0014261461717906968,0.07989871536935347,0.07989413690692347,0.8387810015519309,25,30,20
19,2726,0.002341861790580147,0.07989889859481743,0.079922757098551,0.8378364825160503,25,30,20
19,2727,0.013697640043176631,0.07993869031180818,0.08007084993717127,0.8262928197078433,25,30,20
19,2728,0.014609021190600133,0.07993869144008024,0.08064776272785795,0.8248045246414623,25,30,20
19,2729,0.023590423642317174,0.07994320798154002,0.050141458069207535,0.8463249103069356,25,30,20
19,2730,0.038810189656747734,0.07966564744915344,0.03320002184876932,0.8483241410453286,25,30,20
19,2731,0.021778581128552573,0.07966530226619607,0.04961461975277644,0.8489414968524754,25,30,20
19,2732,0.025447592430447526,0.07988959254891942,0.056241065602017394,0.8384217494186159,25,30,20
19,2733,0.04090460224443808,0.07988924951306399,0.041858024627813586,0.8373481236146858,25,30,20
19,2734,0.004115234077660997,0.07989865763112601,0.07712105093737057,0.8388650573538432,25,30,20
19,2735,0.004104790198261835,0.07989865788601207,0.077140599243121,0.8388559526726058,25,30,20
19,2736,0.003813756741522823,0.07989704360240356,0.07733907837647212,0.8389501212796014,25,30,20
19,2737,0.0025769493263212784,0.07989700043504451,0.05148700940842506,0.8660390408302097,25,30,20
19,2738,0.003218145881959453,0.0798478186056451,0.03851582412418303,0.8784182113882123,25,30,20
19,2739,0.002902437851877687,0.0798625120751078,0.03998984440282392,0.8772452056701893,25,30,20
19,2740,0.0030549165481212814,0.07988895597106255,0.03996619124372628,0.877089936237089,25,30,20
19,2741,0.004023656472711318,0.07987582291325651,0.0386116140607621,0.8774889065532693,25,30,20
19,2742,0.0021344028116357665,0.0798797762187492,0.03920744794695079,0.8787783730226635,25,30,20
19,2743,0.003312849787142701,0.07963227117772884,0.038340829888684314,0.8787140491464434,25,30,20
19,2744,0.038799269748571424,0.07988592410242508,0.004991170415989961,0.8763236357330138,25,30,20
19,2745,0.0403851088918955,0.07901248609200903,0.005005141783433512,0.8755972632326616,25,30,20
19,2746,0.017664169232688307,0.07988221691647103,0.024501753190990967,0.8779518606598492,25,30,20
19,2747,0.017608621350516246,0.07985798913556014,0.024494697106109964,0.8780386924078146,25,30,20
19,2748,0.017944148688377903,0.07849394457626643,0.024887470492270577,0.8786744362430846,25,30,20
19,2749,0.002043311335717437,0.07986747825418078,0.03924556271068859,0.8788436476994136,25,30,20
19,2750,0.0026812892470576364,0.07986747977550052,0.03928849363501001,0.8781627373424312,25,30,20
19,2751,0.001592340591405708,0.07988092911217698,0.04721687357023735,0.871309856726179,25,30,20
19,2752,0.0022026107750465042,0.0800513452842565,0.039937436957070666,0.8778086069836255,25,30,20
19,2753,0.0014559061654654906,0.0796622170147541,0.04013400153069282,0.8787478752890876,25,30,20
19,2754,0.0030556168957236595,0.07989783691547703,0.03990570388981633,0.8771408422989825,25,30,20
19,2755,0.0030619254344032548,0.07988857859960756,0.03991661446410644,0.8771328815018825,25,30,20
19,2756,0.0013887144806909975,0.07988872389286174,0.03989961782868177,0.8788229437977649,25,30,20
19,2757,0.002216264487792535,0.07838377869225273,0.040649992999596846,0.8787499638203586,25,30,20
19,2758,0.001350215366004059,0.07989833438790259,0.039975797031356425,0.8787756532147365,25,30,20
19,2759,0.0017435356268635151,0.07988640761095848,0.040199281555539,0.878170775206639,25,30,20
19,2760,0.0017483235875117638,0.07987386630530163,0.03958999016194389,0.8787878199452426,25,30,20
19,2761,0.004126252006253332,0.07989829313491156,0.007202526015786018,0.9087729288430485,25,30,20
19,2762,0.0017144532825863112,0.07986229111453491,6.915086036701815e-05,0.9183541047425124,25,30,20
19,2763,0.0030291621782741578,0.07825680650135323,4.010000812872495e-05,0.9186739313122442,25,30,20
19,2764,0.003862724198138375,0.07989791792976136,0.007273245772454627,0.9089661120996453,25,30,20
19,2765,0.003878296119339593,0.07989794107838935,0.007281110430412395,0.90894265237186,25,30,20
19,2766,0.002990442542730784,0.07989741262149853,0.0074326896801613,0.9096794551556101,25,30,20
19,2767,0.003033780803012991,0.07988853174973981,0.044973162376039426,0.8721045250712082,25,30,20
19,2768,0.003956026439032496,0.07965974988814159,0.03914938342075324,0.8772348402520739,25,30,20
19,2769,0.004040230298758749,0.07989279375193842,0.038760012330378,0.8773069636189252,25,30,20
19,2770,0.004800454486169309,0.0798886740727173,0.03877216948017856,0.8765387019609345,25,30,20
19,2771,0.004856200389039196,0.07988867497906116,0.03878702431608769,0.8764681003158123,25,30,20
19,2772,0.0017208882958554468,0.0798885189060552,0.008785120842997846,0.9096054719550909,25,30,20
19,2773,0.006382048942270768,0.07903743854510922,0.008804976953022035,0.9057755355595992,25,30,20
19,2774,0.0019370252656933423,0.07988855126682265,0.000613531813999948,0.917560891653484,25,30,20
19,2775,0.002638633627282349,0.07982074113781229,0.0013628367170367569,0.9161777885178695,25,30,20
19,2776,0.0020540360153818017,0.07986777947445108,0.0008088420996266528,0.9172693424105401,25,30,20
19,2777,0.002622628186585326,0.0798742739786568,0.0002670019838024572,0.9172360958509556,25,30,20
19,2778,0.0025086846408034474,0.07987427164854703,0.00026431436151110147,0.9173527293491369,25,30,20
19,2779,0.0021376107157615935,0.07989521102610704,0.0002434748542137326,0.9177237034039174,25,30,20
19,2780,0.0021680099731792237,0.07990197324926612,0.0003942477640689888,0.917535769013486,25,30,20
19,2781,0.003894247726458812,0.07987370273590794,0.0006144405601627275,0.9156176089774704,25,30,20
19,2782,0.0013070303789198261,0.07989786300256145,0.0070428032362094654,0.9117523033823095,25,30,20
19,2783,0.002141958602106657,0.07989786515348757,3.2457547893390526e-05,0.9179277186965124,25,30,20
19,2784,0.004633638121338172,0.07989786931923532,0.00026133793125949714,0.9152071546281674,25,30,20
19,2785,0.0022618580966650135,0.07903746540407394,3.5392360631963944e-05,0.9186652841386292,25,30,20
19,2786,0.002247951184486263,0.07972163876864882,0.0003703603697266717,0.9176600496771381,25,30,20
19,2787,0.0013339937297446901,0.07989815059490081,0.00017615243256744392,0.9185917032427876,25,30,20
19,2788,0.001345130797197681,0.07990249297256091,3.0516429359433956e-05,0.9187218598008811,25,30,20
19,2789,0.002238208034718249,0.07988153631058531,0.00025288778959988925,0.9176273678650958,25,30,20
19,2790,0.002343633479509482,0.07988785183594822,0.00026131055577367844,0.9175072041287693,25,30,20
19,2791,0.0023678286603470143,0.07987827490381556,6.983058713065144e-05,0.9176840658487069,25,30,20
19,2792,0.0016416162786273719,0.07989778303216644,4.3116045147350714e-05,0.9184174846440591,25,30,20
19,2793,0.0022042732942976636,0.07989399864874824,0.0007685074134428302,0.9171332206435123,25,30,20
19,2794,0.0013048772033563496,0.07988485627852522,0.0006217870262392034,0.9181884794918794,25,30,20
19,2795,0.0013319289666797241,0.07988889389095415,0.0013319309644006655,0.9174472461779648,25,30,20
19,2796,0.002959846783301215,0.07988943549679256,3.995883017593633e-05,0.9171107588897304,25,30,20
19,2797,0.003021029350662844,0.07934920597734414,0.014834972580420309,0.9027947920915729,25,30,20
19,2798,0.0021816972479810092,0.07988488394612973,0.039988450449953514,0.8779449683559354,25,30,20
19,2799,0.013355980967503081,0.07989437954023354,0.02810936120114623,0.878640278291117,25,30,20
19,2800,0.0016656826017851197,0.07988726362876128,0.039647349049410724,0.8787997047200438,25,30,20
19,2801,0.0033388254322497617,0.07987106451316836,0.03967870622126258,0.8771114038333194,25,30,20
19,2802,0.003665990744814435,0.07991409746912452,0.040636823376604354,0.8757830884094563,25,30,20
19,2803,0.00528931846045018,0.0799029585277342,0.040068210121006365,0.8747395128908095,25,30,20
19,2804,0.0014066909840309547,0.07986788818087802,0.04012910053075919,0.8785963203043302,25,30,20
19,2805,0.0017622383503049235,0.0798989908413675,0.04000262475746527,0.8783361460508619,25,30,20
19,2806,0.001470970259927695,0.07937817031751292,0.04051729403164755,0.878633565390913,25,30,20
19,2807,0.0014532314281157574,0.0699939556505131,0.05046381689487038,0.8780889960265015,25,30,20
19,2808,0.0014103506485023808,0.069993955615581,0.05103332162333055,0.8775623721125868,25,30,20
19,2809,0.0019314927507670917,0.06994767213966221,0.05049915876241668,0.8776216763471534,25,30,20
19,2810,0.0013727751621040027,0.06994075527750689,0.08749888445449125,0.8411875851058975,25,30,20
19,2811,0.0014003615713324847,0.07985141929694607,0.08049771269629537,0.8382505064354256,25,30,20
19,2812,0.0016778494351351334,0.07989815834461207,0.08029924921969217,0.8381247430005614,25,30,20
19,2813,0.001444080316224901,0.07936629734818709,0.08918857229200544,0.8300010500435852,25,30,20
19,2814,0.0032024336411931725,0.07984245517025236,0.08006917184243229,0.8368859393461225,25,30,20
19,2815,0.00140935522093655,0.07984670191061599,0.07981182430853816,0.8389321185599082,25,30,20
19,2816,0.004462308082413691,0.07964181524172964,0.04890361153964693,0.8669922651362094,25,30,20
19,2817,0.0013956679208387288,0.07963857791712207,0.04878196990568234,0.870183784256357,25,30,20
19,2818,0.0021404929452455436,0.07988370981484141,0.048709433006193174,0.8692663642337192,25,30,20
19,2819,0.00396045998831724,0.07988604587487634,0.056785168006023186,0.8593683261307823,25,30,20
19,2820,0.003900441774062875,0.07989763624897629,0.05679362015835577,0.859408301818605,25,30,20
19,2821,0.0025558035602263147,0.07989857561544646,0.03902591253978491,0.8785197082845425,25,30,20
19,2822,0.002604911527760763,0.07989869370865026,0.03918857184811828,0.8783078229154715,25,30,20
19,2823,0.0036537431964901584,0.07988956330101372,0.03899704806837165,0.8774596454341248,25,30,20
19,2824,0.0013191556821244052,0.1082801147383737,0.011611568415633244,0.8787891611638682,25,30,20
19,2825,0.001294857134796739,0.10828878828079157,0.011597649159884484,0.8788187054245278,25,30,20
19,2826,0.0015710250674381104,0.10827620220719447,0.01177352406958851,0.8783792486557794,25,30,20
19,2827,0.0017151672278764903,0.11959494034521112,0.0004980328496400194,0.878191859577272,25,30,20
19,2828,0.003871307414326815,0.1198224125406668,7.457207130313442e-05,0.8762317079737033,25,30,20
19,2829,0.0028911682171446707,0.11985979912777531,4.530672776869605e-05,0.8772037259273102,25,30,20
19,2830,0.0029229673419331696,0.11783369416321497,0.0003638026601328542,0.8788795358347192,25,30,20
19,2831,0.003066352671826256,0.11782475092262429,0.000936214993877476,0.8781726814116719,25,30,20
19,2832,0.0013230640009019073,0.11983734657603068,0.0005893731443816229,0.8782502162786856,25,30,20
19,2833,0.0029682233849366896,0.1198467510046217,0.0006022169828200055,0.8765828086276217,25,30,20
19,2834,0.0013153750059422006,0.10018846835926487,0.019890921851703543,0.8786052347830884,25,30,20
19,2835,0.001671626168957657,0.10017418934632845,0.0198981047190528,0.8782560797656604,25,30,20
19,2836,0.004020709145068627,0.10014838613333472,0.01972137913995674,0.8761095255816387,25,30,20
19,2837,0.0034116821806887913,0.09965092099868954,0.020537516319051638,0.8763998805015699,25,30,20
19,2838,0.00230318766989398,0.08597686632866962,0.03382892136807178,0.8778910246333651,25,30,20
19,2839,0.0019563849934114315,0.10911409606524534,0.010571820986396545,0.878357697954946,25,30,20
19,2840,0.0025556681884055183,0.11918557973170611,0.0007204003201675606,0.8775383517597202,25,30,20
19,2841,0.002211249469553448,0.11899288463483611,3.8254469203177013e-05,0.878757611426407,25,30,20
19,2842,0.0038509065941769046,0.11899288467269781,0.0002431403086835656,0.8769130684244417,25,30,20
19,2843,0.0022023488319103677,0.11984138203089201,0.0002656352016779946,0.877690633935519,25,30,20
19,2844,0.0031633577144142243,0.11982447159475015,0.00010715000679469984,0.876905020684041,25,30,20
19,2845,0.0014335013352033915,0.11981662563899835,3.8004924475664936e-05,0.8787118681013218,25,30,20
19,2846,0.0013806062587971442,0.11982759798201803,3.493895851285712e-05,0.8787568568006721,25,30,20
19,2847,0.0047131248559272145,0.11930652448737546,0.0005781517300137569,0.8754021989266845,25,30,20
19,2848,0.0013226786960441434,0.11983530357306348,2.475482746673196e-05,0.8788172629034257,25,30,20
19,2849,0.001345484285028335,0.11982220782596709,0.018245318933163356,0.860586988955841,25,30,20
19,2850,0.002251229791591454,0.11980917354885266,0.01810266298876268,0.8598369336707915,25,30,20
19,2851,0.001408729157573848,0.11983318474979601,0.0002278322107918954,0.8785302538818389,25,30,20
19,2852,0.001401844527039778,0.11983884712319354,0.0002590817062394311,0.8785002266435269,25,30,20
19,2853,0.001388559130479236,0.11983305550892441,3.8080982948134055e-05,0.878740304377648,25,30,20
19,2854,0.0031586297932466706,0.11977219866729907,0.0003483699961338278,0.8767208015433203,25,30,20
19,2855,0.001451727859255377,0.11983900006966483,0.00751065415317457,0.8711986179179059,25,30,20
19,2856,0.0014532798185218044,0.11982918146142213,0.00026734341061884954,0.878450195309437,25,30,20
19,2857,0.0013819083199437733,0.11983101997835797,3.035861924968111e-05,0.8787567130824481,25,30,20
19,2858,0.001316729285363433,0.11985060060948478,3.173709572344061e-05,0.8788009330094282,25,30,20
19,2859,0.0013357770433162078,0.11985163109100473,2.7333037644869265e-05,0.8787852588280347,25,30,20
19,2860,0.0014308177846479222,0.11983631162493655,3.4272076829586116e-05,0.8786985985135862,25,30,20
19,2861,0.0013221211385687323,0.11931675569407223,0.0005631047740759069,0.8787980183932838,25,30,20
19,2862,0.0013328663043122204,0.1193170846061183,0.0005635384549677984,0.8787865106346017,25,30,20
19,2863,0.02975985564160699,0.09154835107319156,0.0003182212608168658,0.8783735720243846,25,30,20
19,2864,0.01739796476018638,0.07989573168674771,0.02665916654212142,0.8760471370109438,25,30,20
19,2865,0.016100792268935103,0.0798719527190148,0.026578703968173887,0.8774485510438744,25,30,20
19,2866,0.002306100711715918,0.08056836373560353,0.039344097580057635,0.877781437972623,25,30,20
19,2867,0.006624946823144116,0.07989897079933274,0.039710363998938195,0.8737657183785846,25,30,20
19,2868,0.002259464467585358,0.07989896732576743,0.03997240219895217,0.8778691660076942,25,30,20
19,2869,0.0022570505967767626,0.07988463329179543,0.039537336530068315,0.8783209795813596,25,30,20
19,2870,0.004626280381276654,0.07989234127229848,0.03904409061515983,0.8764372877312647,25,30,20
19,2871,0.003519723658827402,0.07984313613979435,0.04104869186439866,0.8755884483369808,25,30,20
19,2872,0.0024921253782752436,0.07986706115534169,0.04071293121137612,0.8769278822550082,25,30,20
19,2873,0.0025111022817955408,0.07989761098468148,0.00020784013953860231,0.9173834465939847,25,30,20
19,2874,0.0023134055611478232,0.07989834334443334,0.0004921534114682734,0.9172960976829505,25,30,20
19,2875,0.001407464441683567,0.07989834074044228,3.571443305474896e-05,0.9186584803848192,25,30,20
19,2876,0.001376276394834613,0.07989834136535062,0.0003889752397076463,0.9183364070001077,25,30,20
19,2877,0.0030927643177678806,0.07989761429538063,0.0008013406877768803,0.9162082806990746,25,30,20
19,2878,0.0022654424040813776,0.07990691576852245,0.00074458313355464,0.9170830586938428,25,30,20
19,2879,0.004575904769419752,0.07937797475340272,0.0005907748128729463,0.9154553456643058,25,30,20
19,2880,0.001953936053866205,0.07930761955760944,3.363782964956688e-05,0.9187048065588741,25,30,20
19,2881,0.0012792360717178944,0.07989756325148266,5.703363789152236e-05,0.9187661670389072,25,30,20
19,2882,0.0020434053437761533,0.07166577246659107,0.008282371066361887,0.9180084511232707,25,30,20
19,2883,0.0016319113437470534,0.07167015587298314,0.0082753786626576,0.9184225541206115,25,30,20
19,2884,0.001969355671597428,0.07987420916472845,0.00024466666631934084,0.9179117684973543,25,30,20
19,2885,0.0017188340896422305,0.07987420809826651,3.5775110935651435e-05,0.9183711827011548,25,30,20
19,2886,0.001669299986840233,0.07988719064520522,0.00023140523127181567,0.9182121041366836,25,30,20
19,2887,0.003004302477103603,0.07988851485144627,0.007021360474308187,0.9100858221971417,25,30,20
19,2888,0.0029831136502294097,0.07989789469892894,0.008170283659315542,0.9089487079915247,25,30,20
19,2889,0.0013092041438379422,0.07937775698610344,0.001115096615661783,0.9181979422543978,25,30,20
19,2890,0.0013768983369369205,0.07989306401318572,3.6127925186436334e-05,0.9186939097246902,25,30,20
19,2891,0.0018879894337982578,0.07988666323082223,4.3260032238875885e-05,0.9181820873031419,25,30,20
19,2892,0.004609971449312664,0.07988959317659486,0.03509762464194019,0.8804028107321514,25,30,20
19,2893,0.004255710078164656,0.07987581667554552,0.047090793884522315,0.8687776793617679,25,30,20
19,2894,0.0046287961319876406,0.07830096533156908,0.04783574273248345,0.8692344958039594,25,30,20
19,2895,0.005470997576907209,0.07830096811601867,0.03587693299719621,0.8803511013098774,25,30,20
19,2896,0.004104630146781072,0.07987680544745873,0.03885519377244458,0.8771633706333145,25,30,20
19,2897,0.0026923097622366045,0.07987302658663746,0.03890655535696378,0.8785281082941614,25,30,20
19,2898,0.0029631577339771535,0.07987302624403832,0.03890313056198395,0.8782606854600017,25,30,20
19,2899,0.002064747829190675,0.0798887167429589,0.039948052898981734,0.8780984825288689,25,30,20
19,2900,0.002572472566542547,0.07936275319899115,0.04008364441195417,0.8779811298225129,25,30,20
19,2901,0.003193092562347039,0.07987009219068265,0.07852553996982897,0.8384112752771427,25,30,20
19,2902,0.0044438137745925225,0.07990744831568022,0.0777980813609696,0.8378506565487568,25,30,20
19,2903,0.01214650765144645,0.07965816429485338,0.0700518035478507,0.8381435245058496,25,30,20
19,2904,0.010685147166748035,0.07987846972664597,0.0707985387025001,0.8386378444041047,25,30,20
19,2905,0.010688903104524541,0.03993720254377417,0.08688732579224161,0.8624865685594593,25,30,20
19,2906,0.050173334560394946,0.03995456952847028,0.06909667536601195,0.8407754205451231,25,30,20
19,2907,0.03390151126045174,0.03977171619831089,0.07202445973987634,0.8543023128013607,25,30,20
19,2908,0.004223328119830932,0.03980699608325412,0.0790326484900921,0.8769370273068232,25,30,20
19,2909,0.0035842085784323903,0.039953509806640024,0.07954578213678683,0.8769164994781413,25,30,20
19,2910,0.0015665051386370998,0.03993507074906304,0.08047200438890696,0.878026419723393,25,30,20
19,2911,0.007449379069488769,0.03932332801163765,0.07448560281432642,0.8787416901045464,25,30,20
19,2912,0.007444523682796579,0.03928614498932828,0.0745558068485267,0.8787135244793487,25,30,20
19,2913,0.00745736587668588,0.03998549189503993,0.0738432945012148,0.8787138477270592,25,30,20
19,2914,0.0068261389465784335,0.039987693655369916,0.07416931527390604,0.8790168521241455,25,30,20
19,2915,0.00495963336588631,0.03997826276984808,0.07813405529658723,0.876928048567678,25,30,20
19,2916,0.0013909686818073428,0.0397491173082872,0.08009673836851157,0.8787631756413945,25,30,20
19,2917,0.0035519300188838025,0.039981235005245676,0.07988710570003041,0.8765797292758382,25,30,20
19,2918,0.001701959559211531,0.039923540721069475,0.07989102336534418,0.8784834763543734,25,30,20
19,2919,0.003598506061123744,0.03995370773233073,0.0799304003165873,0.8765173858899583,25,30,20
19,2920,0.0133935579478684,2.5325592009236035e-05,0.11037842308653822,0.876202693373584,25,30,20
19,2921,0.022752453205264152,1.343078622731132e-06,0.09852346526438531,0.8787227384517281,25,30,20
19,2922,0.02434692469487868,7.733070522748934e-09,0.0969000563106106,0.8787530112614396,25,30,20
19,2923,0.027019719790392603,0.0008946272407991377,0.05545381663994926,0.9166318363288579,25,30,20
19,2924,0.04015783820874907,0.005042917193398183,0.044781936094597796,0.9100173085032544,25,30,20
19,2925,0.008266785681303766,3.5746487894781386e-05,0.0608190054872305,0.9308784623435713,25,30,20
19,2926,0.0023770550147838485,6.742194084115587e-07,0.04712316667938035,0.9504991040864285,25,30,20
19,2927,0.001370059154594215,4.366211641362995e-09,0.047164306692919065,0.951465629786276,25,30,20
19,2928,0.0030281746003815472,2.1069850114624943e-08,0.04570757400698104,0.9512642303227872,25,30,20
19,2929,0.004066377733837062,2.522598382955469e-08,0.03892972129146197,0.9570038757487178,25,30,20
19,2930,0.0014212984831417578,4.69931108104987e-09,0.03758921307699896,0.9609894837405494,25,30,20
19,2931,0.0022361342695710537,5.435174009534036e-09,0.05383704855133417,0.9439268117439213,25,30,20
19,2932,0.002171463468507769,1.4784738763771922e-08,0.04884662596541294,0.9489818957813398,25,30,20
19,2933,0.001338702695027633,1.4831231751183099e-08,0.04885860088225374,0.949802681591487,25,30,20
19,2934,0.0013804274398486389,0.002056549132498814,0.03794108596520511,0.9586219374624463,25,30,20
19,2935,0.001633672668934568,0.0020565509976029676,0.03791994776561709,0.9583898285678453,25,30,20
19,2936,0.0022339028965533327,0.0020565509229565435,0.037932306254419366,0.9577772399260701,25,30,20
19,2937,0.003873215892585082,4.8932067074075846e-08,0.03751076592526255,0.9586159692500845,25,30,20
19,2938,0.0016337911535725092,4.554337166201517e-06,0.040397608901535514,0.9579640456077252,25,30,20
19,2939,0.0029485316167814596,0.028822116188037147,0.010232210047376102,0.9579971421478044,25,30,20
19,2940,0.002361777527791045,0.03994428910826422,0.00020892902660033866,0.9574850043373445,25,30,20
19,2941,0.0021090628265149564,0.039944439343773716,0.0008047238034976728,0.9571417740262137,25,30,20
19,2942,0.0020120332806121727,0.03994443856293124,0.0009388657593018353,0.9571046623971543,25,30,20
19,2943,0.0027318951185206935,0.03994415905445155,0.0009179067690597762,0.9564060390579676,25,30,20
19,2944,0.003199661397111318,0.03994533646649013,0.007587792439340331,0.9492672096970574,25,30,20
19,2945,0.0029420555808461705,0.039928521706087704,0.0075824734206403665,0.9495469492924253,25,30,20
19,2946,0.002920777362728894,0.0398956973683933,0.009131828052053233,0.9480516972168236,25,30,20
19,2947,0.002845065261359107,0.039895697266369004,0.0005137081229343214,0.9567455293493378,25,30,20
19,2948,0.004480672799091153,0.03989569887183072,0.0005070104130555179,0.9551166179160218,25,30,20
19,2949,0.004038749394432429,0.039600733491707917,0.00043499994196785874,0.955925517171891,25,30,20
19,2950,0.0050466857579844985,0.03988573212119116,0.00042208227229723473,0.9546454998485261,25,30,20
19,2951,0.0033522107900633047,0.039885729878368775,0.000763167029057578,0.9559988923025099,25,30,20
19,2952,0.0028891981079446315,0.03988573127856168,0.0003986633588636943,0.9568264072546303,25,30,20
19,2953,0.0025394315019814638,0.039885731924474706,0.00034891604093723744,0.9572259205326068,25,30,20
19,2954,0.0025482312321237085,0.03988573147769371,0.0005479896592661141,0.9570180476309165,25,30,20
19,2955,0.002597500333878005,0.0013416329814370132,0.03884275326594333,0.9572181134187417,25,30,20
19,2956,0.003181284139772661,0.0013416383338300786,0.03973739911669952,0.955739678409698,25,30,20
19,2957,0.0031023483544581785,0.0013416329000786626,0.03865263111969761,0.9569033876257655,25,30,20
19,2958,0.002616203103155198,0.00134163351814567,0.03909852064978041,0.9569436427289196,25,30,20
19,2959,0.0016551680824037573,0.0013416309760744313,0.03921535056631419,0.9577878503752069,25,30,20
19,2960,0.002396977712138676,1.7682255961945114e-07,0.03946267058920673,0.9581401748760959,25,30,20
19,2961,0.002385436598741546,1.7673050081097738e-07,0.038893331343384734,0.9587210553273722,25,30,20
19,2962,0.0024781553241296963,1.7830704034435349e-07,0.047730576022094774,0.949791090346734,25,30,20
19,2963,0.003405628421311192,1.7812732012465221e-07,0.047724588997918135,0.9488696044534497,25,30,20
19,2964,0.015811548725989485,4.725404054175984e-05,0.03966693691698294,0.9444742603164855,25,30,20
19,2965,0.0036313086185492233,4.718627144248114e-05,0.039686088837559155,0.9566354162724483,25,30,20
19,2966,0.00276216318782424,4.718357438336927e-05,0.03967738296570835,0.9575132702720844,25,30,20
19,2967,0.002214499822488891,4.718358381405235e-05,0.04690343941495154,0.9508348771787454,25,30,20
19,2968,0.00140447980323073,4.690447424431729e-09,0.04738118600954902,0.9512143294967733,25,30,20
19,2969,0.0013176404388218514,3.2750271649720414e-09,0.04721038541834664,0.9514719708678043,25,30,20
19,2970,0.0016103023581012857,2.0778539002055927e-08,0.04686833653404242,0.9515213403293181,25,30,20
19,2971,0.004774773453787362,2.1379529397988878e-08,0.040253489362957987,0.9549717158037252,25,30,20
19,2972,0.00589464935457721,8.624454724695829e-07,0.04009579294823925,0.9540086952517127,25,30,20
19,2973,0.0017496427336267427,8.594749987862639e-07,0.04007779391490969,0.9581717038764652,25,30,20
19,2974,0.001317644190841382,2.719407109981865e-09,0.04014881091519,0.9585335421745619,25,30,20
19,2975,0.002206318259095207,4.4522439283488245e-09,0.040200179092660465,0.9575934981960006,25,30,20
19,2976,0.0016508428539123462,2.73058342508733e-09,0.039991413821473434,0.9583577405940307,25,30,20
19,2977,0.001431732049362086,3.6686500327666496e-09,0.03989799968062214,0.9586702646013667,25,30,20
19,2978,0.025355492568906134,8.505233729714223e-09,0.04025496505756057,0.9343895338683006,25,30,20
19,2979,0.005611096899983721,3.489120240775891e-06,0.06664506738176462,0.9277403465980117,25,30,20
19,2980,0.0030363287956394792,2.2398415166397028e-08,0.04005595673640412,0.9569076920695408,25,30,20
19,2981,0.0016723227763070436,1.929272316069086e-08,0.03998390882091149,0.9583437491100574,25,30,20
19,2982,0.001987761466084064,3.918201566256591e-09,0.039984201338546604,0.9580280332771665,25,30,20
19,2983,0.0022955689456966967,1.2984158008127435e-08,0.0542369716941418,0.9434674463760021,25,30,20
19,2984,0.0025739539401187176,1.0136963809138103e-08,0.040574598852428,0.9568514370704897,25,30,20
19,2985,0.002185959828427585,4.521260626018278e-09,0.03997573802595475,0.9578382976243565,25,30,20
19,2986,0.03457607877514623,2.243859154343244e-07,0.007677531189043324,0.9577461656498943,25,30,20
19,2987,0.036053923846697956,3.048403568828429e-07,0.005309572446770285,0.9586361988661745,25,30,20
19,2988,0.018175502756144463,7.692858450887186e-08,0.023077671044714212,0.9587467492705565,25,30,20
19,2989,0.00517629439049388,5.365613631923721e-09,0.037102086773703497,0.9577216134701884,25,30,20
19,2990,0.0013055542176333443,3.6237936000409987e-09,0.03996486391117802,0.9587295782473957,25,30,20
19,2991,0.0015906055595562674,4.769731258733275e-09,0.03998393348260112,0.9584254561881118,25,30,20
19,2992,0.0020635722432583836,4.862935853767413e-05,0.039621813516328715,0.9582659848818753,25,30,20
19,2993,0.001323912666021623,8.173262356437313e-07,0.03997085929644471,0.9587044107112973,25,30,20
19,2994,0.002161390648832038,8.191863661977196e-07,0.039992337175744776,0.9578454529890561,25,30,20
19,2995,0.0021877882190880302,8.678540519080374e-07,0.039983462760323295,0.9578278811665372,25,30,20
19,2996,0.0022168038312928907,8.613975689538429e-07,0.03932464213170769,0.9584576926394303,25,30,20
19,2997,0.0021675710344070272,8.308331712722766e-07,0.03934710680799333,0.9584844913244277,25,30,20
19,2998,0.0024827906610067558,1.9397487697981874e-08,0.04014256175744501,0.9573746281840612,25,30,20
19,2999,0.001695084256143325,2.0779819023151257e-08,0.05629702943968314,0.9420078655243538,25,30,20
19,3000,0.024255885862110436,7.707009305381244e-09,0.05591600179050375,0.9198281046403742,25,30,20
19,3001,0.0027258951469950293,1.4728037172089773e-05,0.0663239179044009,0.9309354589114308,25,30,20
19,3002,0.002574653286048594,8.360182783303433e-07,0.06711524879926341,0.930309261896409,25,30,20
19,3003,0.029534681176856106,3.712126499017094e-08,0.056242506739166344,0.9142227749627128,25,30,20
19,3004,0.031178974633806002,3.825875338060699e-08,0.04111156403507251,0.927709423072368,25,30,20
19,3005,0.03162095632282613,4.8922400018156684e-05,0.03937640667002365,0.9289537146071319,25,30,20
19,3006,0.0025422944556503057,4.771054878332753e-05,0.07969468066690288,0.9177153143286644,25,30,20
19,3007,0.0025805964978873595,4.7710580742206476e-05,0.07968473275261992,0.917686960168751,25,30,20
19,3008,0.0020531039488700616,0.0050789851549941645,0.07506128467111262,0.9178066262250237,25,30,20
19,3009,0.002228196172405831,3.212140426466543e-09,0.08055779914444425,0.9172140014710088,25,30,20
19,3010,0.0029658624478581226,1.903277173767038e-08,0.0804479098272265,0.9165862086921435,25,30,20
19,3011,0.002187925465555817,1.9672757742050412e-08,0.07988311696824474,0.9179289378934419,25,30,20
19,3012,0.00394717066728495,5.7519325403372086e-08,0.0790860816094272,0.9169666902039617,25,30,20
19,3013,0.022917420965959733,1.365843658483916e-07,0.05943974596798366,0.9176426964816901,25,30,20
19,3014,0.009453482039147193,7.843948698951713e-09,0.07471833797925036,0.915828172137654,25,30,20
19,3015,0.01191618097465152,2.4353434922210963e-05,0.06851878382730128,0.9195406817631246,25,30,20
19,3016,0.01311194727177326,8.961226983740836e-07,0.0684989229206567,0.9183882336848712,25,30,20
19,3017,0.02412964137177766,1.4133548931000452e-08,0.05598277205158474,0.9198875724430873,25,30,20
19,3018,0.04244119436699508,8.372372887242626e-07,0.040096291649606465,0.9174616767461105,25,30,20
19,3019,0.04288445265978887,8.352393183564811e-07,0.040112264341518496,0.9170024477593742,25,30,20
19,3020,0.004916188818546749,1.0695475711545996e-06,0.07889320844703489,0.9161895331868477,25,30,20
19,3021,0.0022522309887067406,1.935891335039055e-08,0.08038239204079238,0.9173653576115871,25,30,20
19,3022,0.00230384078392565,1.8804987523091054e-08,0.08052262778451746,0.9171735126265708,25,30,20
19,3023,0.0013457605245705104,9.681689424550177e-09,0.08934460897980384,0.9093096208139357,25,30,20
19,3024,0.0032915532255633874,2.9935166086501856e-07,0.07790332530446215,0.9188048221183142,25,30,20
19,3025,0.0033963121830926225,2.810477897090381e-07,0.07793983822920568,0.9186635685399118,25,30,20
19,3026,0.003534410674448757,0.0026100770901624788,0.07608478646313264,0.9177707257722555,25,30,20
19,3027,0.0026637899000317034,1.4246645549744352e-06,0.07866893927131227,0.9186658461641014,25,30,20
19,3028,0.0014957592711531606,1.9493619159013115e-08,0.08704686995756872,0.9114573512776586,25,30,20
19,3029,0.0017220448868825056,0.002572006016924723,0.07730809541700129,0.9183978536791897,25,30,20
19,3030,0.0025790263815644674,0.0025720087338219756,0.07732628410149721,0.9175226807831152,25,30,20
19,3031,0.024042642441810105,4.817363965740364e-08,0.06044635667599118,0.9155109527085575,25,30,20
19,3032,0.02215876527218113,1.37159872145671e-08,0.06968489954926063,0.9081563214625702,25,30,20
19,3033,0.00342099652980191,0.0017850076079955076,0.07772538155421177,0.9170686143079901,25,30,20
19,3034,0.0019096020752959791,3.7375407126098175e-05,0.0796831962965608,0.9183698262210181,25,30,20
19,3035,0.02974434560508834,5.393778960836179e-08,0.05177641447986402,0.9184791859772584,25,30,20
19,3036,0.07363552035854423,9.822712661337848e-06,0.008507501474254624,0.9178471554545401,25,30,20
19,3037,0.07515366934100554,0.00013441452651732658,0.008145203956489561,0.9165667121759875,25,30,20
19,3038,0.06198373236528923,7.88168703087498e-06,0.021043817691304912,0.9169645682563745,25,30,20
19,3039,0.07772934450268357,3.222728946419276e-08,0.00538938978478975,0.9168812334852374,25,30,20
19,3040,0.04547655269577554,1.1869494350747046e-06,0.037695966376990665,0.9168262939777982,25,30,20
19,3041,0.039092967847826635,2.2730862401861625e-05,0.04605303034584796,0.9148312709439217,25,30,20
19,3042,0.042889736399797186,2.1946978075625394e-05,0.0407643295655191,0.9163239870566078,25,30,20
19,3043,0.040855679126377116,2.1060548424539143e-06,0.04215284329894752,0.9169893715198317,25,30,20
19,3044,0.03911920493872376,2.1029885140857092e-06,0.042565344695477104,0.9183133473772849,25,30,20
19,3045,0.03996441449411197,2.1165573557765714e-06,0.04180315626670425,0.9182303126818283,25,30,20
19,3046,0.0376705278518297,3.99278024536098e-06,0.0442041494379375,0.9181213299299877,25,30,20
19,3047,0.0018708229841653237,4.536420204356908e-07,0.07954964939540304,0.9185790739784109,25,30,20
19,3048,0.039420067342003054,1.4513853033731556e-08,0.041917423887556274,0.9186624942565881,25,30,20
19,3049,0.0035623557626138598,1.6753243405755956e-08,0.07926807467304967,0.9171695528110942,25,30,20
19,3050,0.0016544069727199282,8.491852895044521e-07,0.07989517690206208,0.918449566939928,25,30,20
19,3051,0.0040933027480300165,3.362754561307867e-08,0.0784655210916823,0.9174411425327423,25,30,20
19,3052,0.0033366909383367514,6.754543934782799e-07,0.07842877588604268,0.9182338577212279,25,30,20
19,3053,0.003859205181267397,6.749522095385454e-07,0.07842855001390431,0.9177115698526189,25,30,20
19,3054,0.003237422773883417,1.8387272763792513e-08,0.0761159217804921,0.920646637058352,25,30,20
19,3055,0.0014174647019725524,1.8678572931520792e-08,0.07773614741293358,0.9208463692065213,25,30,20
19,3056,0.0022075353643527663,1.8786611960496326e-08,0.0775904786188788,0.9202019672301563,25,30,20
19,3057,0.002244591276116624,4.7231619839703255e-05,0.07741230856969195,0.9202958685343517,25,30,20
19,3058,0.0014529876692569476,4.723172992108929e-05,0.07975997750922724,0.9187398030915948,25,30,20
19,3059,0.0029177886212948256,3.087783665548595e-08,0.07832388502792459,0.9187582954729443,25,30,20
19,3060,0.023192230115199317,3.6512913298000365e-08,0.0597953826507689,0.9170123507211172,25,30,20
19,3061,0.004522264603439077,9.115317411358488e-07,0.07789340946060762,0.9175834144042118,25,30,20
19,3062,0.0021985871620184595,7.390456924022393e-07,0.07992870814518022,0.9178719656471102,25,30,20
19,3063,0.0030735110177736104,1.1998448758432897e-08,0.04035757160531106,0.9565689053784666,25,30,20
19,3064,0.003098277362583404,7.4058466483441335e-09,0.039142802207561306,0.9577589130240085,25,30,20
19,3065,0.0039361338424648736,9.613068283462148e-09,0.039147455725438804,0.9569164008190277,25,30,20
19,3066,0.001377807518769644,0.0013408850748939244,0.039554711365052876,0.9577265960412837,25,30,20
19,3067,0.004074346384694245,2.01333924226479e-08,0.039275000500119985,0.9566506329817936,25,30,20
19,3068,0.0036816065206234294,2.3222767721080773e-08,0.03898008384122914,0.9573382864153801,25,30,20
19,3069,0.0013895978022191754,9.501394878156541e-07,0.03998680800729688,0.9586226440509966,25,30,20
19,3070,0.006086558180894869,7.472840135788e-05,0.07719995954902177,0.9166387538687261,25,30,20
19,3071,0.002335733870267564,7.472599963284726e-05,0.07929550946751712,0.9182940306625832,25,30,20
19,3072,0.00403183382906673,3.69836289931835e-06,0.0780902211103934,0.9178742466976405,25,30,20
19,3073,0.00253925400689535,5.374410582416426e-05,0.08015721335965795,0.9172497885276225,25,30,20
19,3074,0.003963488322537654,0.0023487361313331047,0.07606668923733534,0.9176210863087938,25,30,20
19,3075,0.0027497141246041346,2.1111347461089136e-08,0.08048535017952953,0.9167649145845185,25,30,20
19,3076,0.001562319498976215,1.7255613111536882e-05,0.08034311805452876,0.9180773068333837,25,30,20
19,3077,0.00161869903485476,8.92853184611868e-08,0.07977697077342955,0.9186042409063969,25,30,20
19,3078,0.003989305011088571,2.2108475640016003e-06,0.080158437653264,0.9158500464880823,25,30,20
19,3079,0.0021852645975966225,2.207078989737586e-06,0.08011008502123466,0.9177024433021791,25,30,20
19,3080,0.02758507187062945,1.7007487350213907e-06,0.054784167655394685,0.9176290597252418,25,30,20
19,3081,0.019562014220139545,4.6503123011707725e-05,0.062191689398928565,0.9181997932579193,25,30,20
19,3082,0.019268825801065502,4.650197238607749e-05,0.06217563756871788,0.9185090346578307,25,30,20
19,3083,0.018960604981644126,4.6501975917653595e-05,0.0627625445531816,0.918230348489257,25,30,20
19,3084,0.016621081327467466,1.6183628058633276e-06,0.06320877928908793,0.9201685210206394,25,30,20
19,3085,0.024822435670270284,3.5316161737354746e-08,0.056013016326386375,0.9191645126871812,25,30,20
19,3086,0.001750031150923268,4.822264905422628e-05,0.07983454042607922,0.9183672057739429,25,30,20
19,3087,0.0404973207077304,4.819916477357218e-05,0.04805672637545651,0.9113977537520397,25,30,20
19,3088,0.04044089105695739,0.039944242220953934,0.008160928302236765,0.9114539384198517,25,30,20
19,3089,0.041090102933288145,0.039953491971667615,0.007449759400829862,0.9115066456942142,25,30,20
19,3090,0.01970203832936808,0.03995351069338018,0.02160235806006547,0.918742092917185,25,30,20
19,3091,0.020075936737409775,0.03994932350640726,0.02161586311966416,0.9183588766365202,25,30,20
19,3092,0.005229817184429081,0.03994456299049837,0.037237039888565124,0.9175885799365061,25,30,20
19,3093,0.004293607898072976,0.03994429801390896,0.03703666223841025,0.9187254318496066,25,30,20
19,3094,0.0028757032356546285,0.04039760261068073,0.03931904054176879,0.917407653611895,25,30,20
19,3095,0.0025044603650845165,0.040397600646708075,0.039319375344599526,0.9177785636436065,25,30,20
19,3096,0.002015127676909812,0.04037980748765204,0.03914939631777146,0.9184556685176668,25,30,20
19,3097,0.0020036669141026823,0.002975510511470396,0.0775532907826168,0.9174675317918097,25,30,20
19,3098,0.0014187903266880864,0.002531499070255699,0.07782364432242339,0.9182260662806335,25,30,20
19,3099,0.004616282562843673,0.03994717046065871,0.040044903527880545,0.9153916434486176,25,30,20
19,3100,0.0021943607902522627,0.03994715562419519,0.040137344073129695,0.9177211395124221,25,30,20
19,3101,0.002219497663414233,0.03994715638877269,0.03999832352580245,0.9178350224220106,25,30,20
19,3102,0.00225500955970142,0.039953796201191175,0.047098304247139726,0.9106928899919673,25,30,20
19,3103,0.012639888407982398,0.05374545835143299,0.016108332798157692,0.9175063204424262,25,30,20
19,3104,0.012396625365175697,0.0537451993844282,0.01630012587315222,0.9175580493772436,25,30,20
19,3105,0.012872086289206266,0.05374520050240725,0.03437662423980412,0.8990060889685816,25,30,20
19,3106,0.01354676421444544,0.039987331658528,0.027793124030313497,0.9186727800967118,25,30,20
19,3107,0.013543967450429248,0.03998729951970542,0.028135556903753106,0.9183331761261115,25,30,20
19,3108,0.0026958710361696986,0.04142120979866016,0.038339040836909005,0.9175438783282608,25,30,20
19,3109,0.037377873788865576,0.03995450178838682,0.004151424712521828,0.9185161997102256,25,30,20
19,3110,0.041386923172028765,0.03995353767300597,0.0008091845105877229,0.9178503546443771,25,30,20
19,3111,0.04236298710187662,0.03995355971234056,0.007473089073264244,0.910210364112518,25,30,20
19,3112,0.04477604090073901,0.03994403529281894,0.007861270459060949,0.9074186533473804,25,30,20
19,3113,0.03859268463110408,0.03995363830075181,0.020746394250002055,0.9007072828181409,25,30,20
19,3114,0.03706843577554224,0.03992902643584937,0.00423204765440915,0.9187704901341985,25,30,20
19,3115,0.005136052095227841,0.03994378418138546,0.03684472376771529,0.9180754399556723,25,30,20
19,3116,0.01827133700552635,0.03994378809219223,0.036883400126153695,0.9049014747761284,25,30,20
19,3117,0.002567944703373863,0.03994867549739702,0.038978190756223254,0.9185051890430057,25,30,20
19,3118,0.0017066236986716117,0.03995368291999211,0.03997305544787286,0.9183666379334623,25,30,20
19,3119,0.0016715987196966409,0.03995358364144885,0.039985229157894035,0.9183895884809595,25,30,20
19,3120,0.0017144199183174542,0.03995358447930322,0.03993505323641426,0.9183969423659653,25,30,20
19,3121,0.002491234409245385,0.03992271173935512,0.039940343164323634,0.9176457106870751,25,30,20
19,3122,0.0020820207871656495,0.039927120074483936,0.039974598030436896,0.9180162611079138,25,30,20
19,3123,0.004501628392900318,0.039715483308281924,0.04020208264529769,0.9155808056535196,25,30,20
19,3124,0.0074129605368899835,0.03971550903780084,0.03780347638802866,0.9150680540372801,25,30,20
19,3125,0.0029267403801518594,0.04595751897336824,0.033825206045439676,0.9172905346010398,25,30,20
19,3126,0.003048156865809839,0.039953298205352275,0.0391160821854011,0.9178824627434367,25,30,20
19,3127,0.00380653777302405,0.03995329874827816,0.03931587713559543,0.9169242863431023,25,30,20
19,3128,0.004797122464067031,0.039944598499563465,0.04647743420760807,0.9087808448287592,25,30,20
19,3129,0.005068651799324666,0.04002712834082939,0.04703744833602053,0.9078667715238241,25,30,20
19,3130,0.005142932815953119,0.03994884994967013,0.047467922231947346,0.9074402950024282,25,30,20
19,3131,0.0072507899031522445,0.039948596236171655,0.0468806837422214,0.9059199301184543,25,30,20
19,3132,0.006863141111030872,0.03994860836886826,0.04685325799084979,0.9063349925292512,25,30,20
19,3133,0.0022647357607882214,0.03998456489078381,0.039958117046872625,0.9177925823015549,25,30,20
19,3134,0.0013576830611723237,0.03998056825046636,0.0403860524206551,0.9182756962677068,25,30,20
19,3135,0.0013576055649879677,0.04495712785158358,0.034991589851177125,0.9186936767322506,25,30,20
19,3136,0.004164054880837767,0.03996592487667163,0.03841617616030817,0.917453844082182,25,30,20
19,3137,0.002170013873209858,0.03995442652364509,0.03997633459045625,0.9178992250126885,25,30,20
19,3138,0.0034960154895681754,0.039953777369053214,0.038105720359607353,0.9184444867817723,25,30,20
19,3139,0.004860157402758007,0.03995410877564279,0.04001664977867956,0.9151690840429201,25,30,20
19,3140,0.0031337209303474666,0.039953890025946556,0.04021324541769416,0.9166991436260105,25,30,20
19,3141,0.001623528537658934,0.03995388490407598,0.04100854585444742,0.9174140407038177,25,30,20
19,3142,0.0022293537961156464,0.03994446204553512,0.04101527387145372,0.9168109102868969,25,30,20
19,3143,0.0022733979521057947,0.03994446140172232,0.04043622989221207,0.9173459107539594,25,30,20
19,3144,0.0016583943858267242,0.0399300005983893,0.0011604541689362584,0.9572511508468476,25,30,20
19,3145,0.001357887166639986,0.039944161297183894,0.010014708261298315,0.9486832432748785,25,30,20
19,3146,0.0022853535864800277,0.039944321186537186,0.04997752873737417,0.9077927964896095,25,30,20
19,3147,0.0025327420942932053,0.0019920013158927635,0.08681253935643475,0.9086627172333805,25,30,20
19,3148,0.003476915378555405,0.03945675228562526,0.045899518781755314,0.9111668135540638,25,30,20
19,3149,0.0053554588990563775,0.039929689158617415,0.049295108885433876,0.9054197430568941,25,30,20
19,3150,0.00557028744719067,0.0399537232045573,0.039955587349182885,0.9145204019990695,25,30,20
19,3151,0.0037165396311666043,0.039953499768321056,0.04018445970806611,0.9161455008924476,25,30,20
19,3152,0.025216075482688165,0.03995521483726224,0.01871775723947434,0.9161109524405756,25,30,20
19,3153,0.026941965332948507,0.03994492032715825,0.01856086287804906,0.9145522514618443,25,30,20
19,3154,0.026440001152607626,0.03995561295053969,0.018693044234786637,0.9149113416620659,25,30,20
19,3155,0.01775731449750292,0.03995514636044053,0.04176588566932108,0.900521653472736,25,30,20
19,3156,0.017543271203231778,0.02994661803661361,0.03634746926446036,0.916162641495694,25,30,20
19,3157,0.016667857221236558,0.03996156719083767,0.02628678783685891,0.9170837877510672,25,30,20
19,3158,0.037965754408397084,0.039949333133268115,0.006736016436526448,0.9153488960218081,25,30,20
19,3159,0.03634040693195843,0.039949334376044046,0.006741294853766666,0.9169689638382311,25,30,20
19,3160,0.01035559915843187,0.039950403142858366,0.03215769200476268,0.9175363056939467,25,30,20
19,3161,0.002155913033199937,0.03993793199382818,0.0391736731666477,0.9187324818063235,25,30,20
19,3162,0.0024510928420261755,0.03995437172311758,0.039482697143683965,0.9181118382911714,25,30,20
19,3163,0.0016984477466042277,0.03998935138761086,0.039926080734529024,0.9183861201312541,25,30,20
19,3164,0.0017335307914005213,0.03998935194137192,0.03993469061519979,0.9183424266520278,25,30,20
19,3165,0.0029151442648889447,0.039939494611160635,0.03904909110147991,0.9180962700224714,25,30,20
19,3166,0.0026625444494534755,0.03995394379134348,0.03903407599679382,0.9183494357624103,25,30,20
19,3167,0.002547866747993596,0.03995446096047754,0.039972458080441815,0.9175252142110878,25,30,20
19,3168,0.003122495982605356,0.03997509888880253,0.039982509701864254,0.9169198954267276,25,30,20
19,3169,0.001959004239377686,0.03995349991162081,0.039931264922240424,0.9181562309267614,25,30,20
19,3170,0.006066657130093087,0.039953646843929394,0.048880334103064166,0.905099361922914,25,30,20
19,3171,0.005221128176630363,0.03994412810326922,0.04037919617837202,0.9144555475417272,25,30,20
19,3172,0.003596575803247945,0.03960708132868068,0.03693328209867441,0.9198630607693964,25,30,20
19,3173,0.003659887426212209,0.039356945576253285,0.03888694969984599,0.9180962172976881,25,30,20
19,3174,0.0027042375497917438,0.039948657841703435,0.03988414702706454,0.9174629575814397,25,30,20
19,3175,0.0034939477671899577,0.039953428237012284,0.04711498467700695,0.9094376393187917,25,30,20
19,3176,0.0041736026839102845,0.03994868225632201,0.037865142189816965,0.9180125728699499,25,30,20
19,3177,0.007346124754314747,0.03994853951856229,0.006164228566003578,0.9465411071611193,25,30,20
19,3178,0.00586747208854548,0.039948538892887075,0.015186585248191558,0.9389974037703755,25,30,20
19,3179,0.0053333499576984755,0.03993947844589482,0.00027816674206801776,0.9544490048543384,25,30,20
19,3180,0.0030088244248508435,0.03992254381079804,0.00026693092575599543,0.9568017008385961,25,30,20
19,3181,0.002972382898503236,0.0399484474746423,0.0003545030985594381,0.9567246665282947,25,30,20
19,3182,0.0038560732000329006,0.03992944231138236,0.00035166331668447974,0.9558628211719008,25,30,20
19,3183,0.003039889590154291,0.039944397136769394,0.0001997856271291409,0.9568159276459476,25,30,20
19,3184,0.006113587971513325,0.03994035044466918,0.014621601092894876,0.9393244604909217,25,30,20
19,3185,0.0029056233330677895,0.03995334915902873,0.00040197157879503446,0.9567390559291097,25,30,20
19,3186,0.003176455777144486,0.03995334922939098,0.0011344183872156013,0.9557357766062498,25,30,20
19,3187,0.002067300611871502,0.03995334644321222,0.0007583345255544889,0.9572210184193622,25,30,20
19,3188,0.0019520675846486776,0.039953703420659174,4.8518001544105154e-05,0.9580457109931476,25,30,20
19,3189,0.0020350782286472154,0.039953708279704715,4.98245311525047e-05,0.9579613889604955,25,30,20
19,3190,0.001969227424602175,0.020283182321268137,0.0197023471970441,0.9580452430570859,25,30,20
19,3191,0.002521140805218,0.03861675989179831,0.000314353320955291,0.9585477459820291,25,30,20
19,3192,0.0016576768376644127,0.03993254260156201,0.00020938131444689048,0.958200399246327,25,30,20
19,3193,0.0013313078584544684,0.0399441360566628,0.0003894899398768228,0.9583350661450065,25,30,20
19,3194,0.0013298613818003777,0.039944137998434825,0.0004443617160377971,0.9582816389037271,25,30,20
19,3195,0.0014260608140812569,0.03992979439497033,0.00023574656690850598,0.9584083982240397,25,30,20
19,3196,0.002635608357718904,0.001990791603336236,0.038198683199305784,0.9571749168396395,25,30,20
19,3197,0.004120977843912963,1.4078655624854558e-08,0.03889915108176719,0.956979856995663,25,30,20
19,3198,0.0013997568158616689,8.620298922266281e-07,0.03993676727328172,0.9586626138809626,25,30,20
19,3199,0.002209072538256168,8.63746983847645e-07,0.03994658124042999,0.9578434824743312,25,30,20
19,3200,0.001505123790710783,8.634548605074459e-07,0.03994833706199133,0.9585456756924376,25,30,20
19,3201,0.0027295002126057595,7.617819098462492e-09,0.03966320998787381,0.9576072821817005,25,30,20
19,3202,0.007923456786570415,2.2542932773396253e-06,0.035323868869872085,0.9567504200502809,25,30,20
19,3203,0.006219814531698544,2.252439826871718e-06,0.03515390333102823,0.9586240296974475,25,30,20
19,3204,0.0019678764373161402,0.00040097693010514995,0.0390256254705192,0.9586055211620597,25,30,20
19,3205,0.0017552537025133652,3.6404644485384574e-05,0.03959264709852163,0.95861569455448,25,30,20
19,3206,0.0013962593351070501,6.801267850910175e-09,0.039953732404347894,0.9586500014592768,25,30,20
19,3207,0.0024222177393526385,9.737521139195031e-05,0.0392977134127471,0.9581826936365084,25,30,20
19,3208,0.002047446562939598,2.9039121899771066e-08,0.03997115016782533,0.9579813742301136,25,30,20
19,3209,0.0017231304047734969,1.88632121155689e-05,0.03996850848470243,0.9582894978984088,25,30,20
19,3210,0.00209250949923455,1.885991982048646e-05,0.039958034767309476,0.9579305958136356,25,30,20
19,3211,0.0016878118579506413,1.8861712051923593e-05,0.03997175683217087,0.9583215695978266,25,30,20
19,3212,0.0014497229148519965,1.8862595070184443e-05,0.03997123106352631,0.9585601834265509,25,30,20
19,3213,0.0014351282308897651,4.5536617388842314e-09,0.0399928321784711,0.9585720350369766,25,30,20
19,3214,0.0026158974489479546,1.0678743195498584e-07,0.03957084132527615,0.9578131544383445,25,30,20
19,3215,0.00277784489980317,5.635056736062258e-07,0.037902511209877116,0.9593190803846467,25,30,20
19,3216,0.0227066087535613,1.4250938249921409e-08,0.021803905571542624,0.9554894714239581,25,30,20
19,3217,0.0029129546197396495,8.99237753643974e-09,0.040225955146011384,0.9568610812418709,25,30,20
19,3218,0.002642266479893478,6.8241424074250796e-09,0.04041627799690804,0.956941448699055,25,30,20
19,3219,0.04204476496711215,2.1170917756568566e-08,0.00189219723896852,0.9560630166230001,25,30,20
19,3220,0.040224261570507035,7.428532082904885e-07,0.0026894048301722194,0.957085590746111,25,30,20
19,3221,0.03874716893171595,7.251065370879017e-07,0.0025746111001999617,0.9586774948615475,25,30,20
19,3222,0.007380160854504337,2.9133585215670036e-07,0.033950995568202275,0.9586685522414409,25,30,20
19,3223,0.007356214919273114,2.9171936517824103e-07,0.03410726385727383,0.9585362295040868,25,30,20
19,3224,0.00822575074446015,2.9253074951495935e-07,0.034282687423454056,0.9574912693013361,25,30,20
19,3225,0.01903067792872657,5.603492880759618e-09,0.02283074962606797,0.9581385668417128,25,30,20
19,3226,0.021458336717282235,7.836570846118927e-09,0.022880562247639364,0.9556610931985078,25,30,20
19,3227,0.01228946953303043,4.980805029513861e-07,0.028707142426855032,0.959002889959612,25,30,20
19,3228,0.012488917152473194,4.977058636235411e-07,0.028709844862954016,0.9588007402787097,25,30,20
19,3229,0.01233059026452123,4.982504552631629e-07,0.028720240024321976,0.9589486714607008,25,30,20
19,3230,0.001679912146889454,3.976088163839273e-09,0.03994420551693403,0.9583758783600871,25,30,20
19,3231,0.002321774891159977,5.91526021946882e-09,0.000271260478729311,0.9974069587148507,25,30,20
19,3232,0.0022462769310742535,5.455815199219099e-09,0.000692909528490266,0.9970608080846207,25,30,20
19,3233,0.0022388549002447405,5.3691893902317166e-09,3.3732619924347846e-05,0.9977274071106419,25,30,20
19,3234,0.003429562956824283,8.71812964590529e-09,0.0006652902955664759,0.9959051380294794,25,30,20
19,3235,0.0030924371773224254,6.0398311238671705e-09,0.012253238808502813,0.9846543179743442,25,30,20
19,3236,0.004641751062917975,6.287489433954697e-09,9.543161812391538e-05,0.9952628110314685,25,30,20
19,3237,0.003009489471792619,7.61874593450543e-09,4.573386707025165e-05,0.9969447690423915,25,30,20
19,3238,0.0034103224684762334,7.779624005888773e-09,0.0004986313281824633,0.9960910384237173,25,30,20
19,3239,0.0033692374571059618,7.976954572698432e-09,0.0005057687299578805,0.9961249858359814,25,30,20
19,3240,0.003401984219082056,8.706424490248823e-09,0.0006277642902610065,0.9959702427842335,25,30,20
19,3241,0.0013635187986726887,3.4112792415358934e-09,0.0013945604475301566,0.9972419173425169,25,30,20
19,3242,0.0015654657602296623,5.928527228923145e-09,0.0009177484890714508,0.9975167798221709,25,30,20
19,3243,0.002471436848707674,4.033270843229398e-09,0.00019974476136574073,0.9973288143566552,25,30,20
19,3244,0.0014272019024632334,3.1009793509105046e-09,0.007255469394452437,0.9913173256021045,25,30,20
19,3245,0.0013778160794330754,2.9886140788249375e-09,0.007469279640276664,0.9911529012916758,25,30,20
19,3246,0.0019562231118430366,4.101569671427468e-09,4.8651880222284904e-05,0.997995120906364,25,30,20
19,3247,0.001942042033164287,3.812301174322475e-09,4.0552273949328616e-05,0.9980174018805849,25,30,20
19,3248,0.0019596776901000435,3.7557353209128165e-09,0.00019680929142380362,0.9978435092627396,25,30,20
19,3249,0.0019671489551988334,3.948024758146008e-09,0.0004803635313957898,0.9975524835653801,25,30,20
19,3250,0.0030936267287379055,6.173166270745759e-09,0.00025149896965147165,0.9966548681284445,25,30,20
19,3251,0.004655047709691244,8.726884476343416e-09,7.765151914989022e-05,0.9952672920442742,25,30,20
19,3252,0.0030314348109676615,6.18347964696058e-09,4.98395440671884e-05,0.9969187194614858,25,30,20
19,3253,0.0017551259962222457,5.132634495384625e-09,4.968706281900566e-05,0.9981951818083248,25,30,20
19,3254,0.0034879283714285407,8.116289164265006e-09,0.0005211087677521118,0.9959909547445299,25,30,20
19,3255,0.005409374283707889,8.042923264694715e-09,0.0005284229827248366,0.9940621946906432,25,30,20
19,3256,0.002308461819509991,6.445828578780826e-09,0.0005054303078835271,0.9971861014267794,25,30,20
19,3257,0.0017708061894428492,6.476332697129999e-09,0.000489409377947729,0.9977397779562763,25,30,20
19,3258,0.02405592184025286,5.9036013647527635e-09,0.00012458261378851595,0.9758194896423562,25,30,20
19,3259,0.007988641280919884,2.169624959578289e-08,0.0005574412467943419,0.9914538957760353,25,30,20
19,3260,0.0013835059740375689,3.39951667551381e-09,3.42674252150775e-05,0.9985822232012288,25,30,20
19,3261,0.002304066584737759,4.8784585675784116e-09,6.155726410044408e-05,0.9976343712727035,25,30,20
19,3262,0.003682027769832232,5.664737998020514e-09,5.064177144994914e-05,0.9962673247939808,25,30,20
19,3263,0.0025758291069762893,4.257780151859386e-09,3.613125210985855e-05,0.997388035383134,25,30,20
19,3264,0.0014961864459562197,2.9265000626695737e-09,2.9227780360440437e-05,0.998474582847184,25,30,20
19,3265,0.002150990291777941,2.7335589038042465e-09,3.137585160197537e-05,0.9978176311230615,25,30,20
19,3266,0.0013208663561936485,2.685992389676992e-09,0.00047442303827278904,0.9982047079195412,25,30,20
19,3267,0.0016848379938194228,4.672462889348494e-09,0.00047763916241430046,0.997837518171303,25,30,20
19,3268,0.001384859626184649,2.8102929325568813e-09,2.574156002855222e-05,0.9985893960034942,25,30,20
19,3269,0.0013652788224693172,2.8690119783538964e-09,2.19189352280382e-05,0.9986127993732907,25,30,20
19,3270,0.0022363523909559157,4.2626785049702305e-09,0.03767734330790769,0.9600863000384581,25,30,20
19,3271,0.002265323107255884,4.222960672067625e-09,0.037676834138592206,0.9600578385311909,25,30,20
19,3272,0.006229349687187529,0.022958426847771055,0.022175397294484783,0.9486368261705578,25,30,20
19,3273,0.003963748464176121,0.022958531559703257,0.022337314927882036,0.9507404050482405,25,30,20
19,3274,0.003584812088897812,0.02295842780767048,0.01510827576349707,0.9583484843399341,25,30,20
19,3275,0.0022180173576329355,6.638134456386881e-07,0.040272168159010545,0.9575091506699109,25,30,20
19,3276,0.0017002821575022515,8.018034123088143e-09,0.0400516491424915,0.9582480606819704,25,30,20
19,3277,0.0023990441793751136,7.264767525821831e-09,0.03931447404929792,0.9582864745065595,25,30,20
19,3278,0.0024044943413048946,7.007794449829936e-09,0.03931455190944067,0.9582809467414609,25,30,20
19,3279,0.002257434173658467,5.133896564124868e-09,0.04048767516740963,0.9572548855250335,25,30,20
19,3280,0.003550523220692262,4.3692741243548984e-08,0.03872445779009967,0.9577249752964667,25,30,20
19,3281,0.01773012788651203,5.7538207355624875e-05,0.06451358654157467,0.9176987473645574,25,30,20
19,3282,0.0018027442342535296,1.1338001807466969e-06,0.08002729806536944,0.9181688239001958,25,30,20
19,3283,0.0013664048122115564,6.705691381595001e-07,0.05867845350194547,0.9399544711167045,25,30,20
19,3284,0.019906565169040116,7.048669115775083e-07,0.05939876031617382,0.920693969647874,25,30,20
19,3285,0.002662215432360452,6.789439067928934e-07,0.04007935981426313,0.9572577458094698,25,30,20
19,3286,0.017730504822597738,6.919669659579468e-08,0.025117842676203164,0.9571515833045029,25,30,20
19,3287,0.00346219107516183,3.874519879735571e-07,0.04040889568700892,0.9561285257858391,25,30,20
19,3288,0.00213374320738391,1.7141776920108343e-05,0.03962285005981984,0.9582262649558774,25,30,20
19,3289,0.002585152750443173,1.7145564441050078e-05,0.03964231107169128,0.9577553906134243,25,30,20
19,3290,0.0023995130445351003,1.6931576198513553e-08,0.039582701104090984,0.9580177689197972,25,30,20
19,3291,0.0034366519898514007,1.904788146186436e-08,0.039144490083928375,0.9574188388783392,25,30,20
19,3292,0.0020128830855568446,2.405501654912068e-08,0.040008246991664984,0.9579788458677622,25,30,20
19,3293,0.0021214938094365732,2.231925180228175e-08,0.03997567941491665,0.9579028044563952,25,30,20
19,3294,0.007846654947516879,5.804150312678957e-07,0.034862213287703066,0.9572905513497503,25,30,20
19,3295,0.0016977161089563068,6.725383141717663e-07,0.04012176480074894,0.9581798465519803,25,30,20
19,3296,0.002244766252511633,3.769873824629405e-05,0.040106132000685725,0.957611403008557,25,30,20
19,3297,0.002950189145812043,0.0020232500619139834,0.037958011461264124,0.9570685493310103,25,30,20
19,3298,0.005597516542791344,1.651854300752183e-05,0.04022187708410729,0.9541640878300934,25,30,20
19,3299,0.005104836467503728,0.00019467597905064354,0.039986326540233,0.9547141610132114,25,30,20
19,3300,0.002820497786336265,6.397835415586108e-07,0.03911585327083607,0.958063009159285,25,30,20
19,3301,0.0014392133864503539,5.05789703703341e-09,0.04000313234352212,0.9585576492121316,25,30,20
19,3302,0.0014166157673020227,3.9558484986798906e-09,0.04037188295854574,0.9582114973183034,25,30,20
19,3303,0.002025675746875352,6.937525614868785e-09,0.04038888457443972,0.9575854327411588,25,30,20
19,3304,0.0031546954689007935,8.776859897243783e-09,0.04045866859028826,0.9563866271639511,25,30,20
19,3305,0.001991326252079427,8.118188886764728e-07,0.07757286086520966,0.9204350010638223,25,30,20
19,3306,0.003412524260555651,0.001724651465983148,0.07759103928398994,0.9172717849894729,25,30,20
19,3307,0.001941625392797246,0.04099270358095354,0.03896946227148783,0.9180962087547622,25,30,20
19,3308,0.0022497042703575718,0.039361726528814554,0.040135131356881015,0.9182534378439476,25,30,20
19,3309,0.0015981590689396396,0.039929373205109434,0.040556912481671474,0.9179155552442786,25,30,20
19,3310,0.0032300864808518692,0.029768248761863566,0.049004826404449,0.9179968383528356,25,30,20
19,3311,0.003262066754671075,0.02976825061939222,0.04865985408647606,0.9183098285394611,25,30,20
19,3312,0.0259266383614511,0.039897228519693156,0.017551495630748242,0.9166246374881075,25,30,20
19,3313,0.02932401674855687,0.03995574152967892,0.014006388723864735,0.9167138529978998,25,30,20
19,3314,0.0020301034740940354,0.03926235312470238,0.04005242091683212,0.9186551224843704,25,30,20
19,3315,0.0030902819705631245,0.03926233657504355,0.0406270020951051,0.9170203793592886,25,30,20
19,3316,0.003097024769664184,0.03926233668036553,0.04064110110025959,0.9169995374497129,25,30,20
19,3317,0.02361085700294576,0.039262335825438296,0.04066764958079128,0.8964591575908248,25,30,20
19,3318,0.040175768633176644,0.03926260482800857,0.041819054697293856,0.8787425718415213,25,30,20
19,3319,0.04266412583353788,0.03994459268547044,0.0018608900889675914,0.9155303913920231,25,30,20
19,3320,0.04142631132047216,0.039944367741137354,0.003019806271673299,0.9156095146667174,25,30,20
19,3321,0.0037539824834811387,0.03994431500293844,0.07570233425042802,0.8805993682631518,25,30,20
19,3322,0.003741904143489365,0.03994431591101542,0.038989486583861234,0.9173242933616352,25,30,20
19,3323,0.0028556425899124425,0.03994431340575108,0.03877219446233211,0.9184278495420051,25,30,20
19,3324,0.03423150762876388,0.039944892191121205,0.007873751666198163,0.9179498485139171,25,30,20
19,3325,0.03340731830342226,0.03993026649022947,0.008017175705215396,0.9186452395011329,25,30,20
19,3326,0.033506467201413086,0.039930266399797,0.016495876167712954,0.910067390231077,25,30,20
19,3327,0.030677403322500005,0.039966232326235855,0.011162102813244378,0.9181942615380193,25,30,20
19,3328,0.03072511211629048,0.03991045142725234,0.011022705871525033,0.9183417305849312,25,30,20
19,3329,0.013704398118217918,0.03990152006080824,0.03709606557975226,0.9092980162412211,25,30,20
19,3330,0.03309180767090115,0.03994893192425456,0.00820832891272197,0.9187509314921215,25,30,20
19,3331,0.0331365600237379,0.03993692866300187,0.017211986508561858,0.909714524804698,25,30,20
19,3332,0.0016213928733840614,0.03993244714320428,0.03974952456376015,0.9186966354196504,25,30,20
19,3333,0.0024345437521189743,0.039944484375368315,0.03975189185568433,0.9178690800168267,25,30,20
19,3334,0.0015359362336379062,0.03995373579555327,0.03974700235459658,0.9187633256162114,25,30,20
19,3335,0.002025194713649075,0.03998608043287572,0.03954474978045682,0.9184439750730188,25,30,20
19,3336,0.003017517505147954,0.03996244759760016,0.03956007994326985,0.9174599549539818,25,30,20
19,3337,0.04082998116329584,0.039953178207678956,0.0004881464014723321,0.9187286942275534,25,30,20
19,3338,0.04246058057032299,0.039953897476954034,0.0005026248334123895,0.9170828971193111,25,30,20
19,3339,0.04151320471447605,0.03995392749756371,0.0023115517410015754,0.9162213160469588,25,30,20
19,3340,0.04067552726125316,0.0399539264225228,0.002703401968520546,0.9166671443477021,25,30,20
19,3341,0.043163999408386416,0.03995393194474115,0.003285124176490632,0.9135969444703802,25,30,20
19,3342,0.0034848918602425945,0.03995388324526638,0.04014759599881963,0.916413628895671,25,30,20
19,3343,0.004651763476687513,0.03995389465658768,0.03985298241312926,0.9155413594535939,25,30,20
19,3344,0.006921697276145291,0.039720640202532465,0.036894611741854766,0.9164630507794673,25,30,20
19,3345,0.001625372172422318,0.03995342630078249,0.039926619604945285,0.9184945819218501,25,30,20
19,3346,0.0028998587646547713,0.039953008687932015,0.04024206518014294,0.9169050673672702,25,30,20
19,3347,0.005177215826531812,0.029937452212140947,0.05319579369532798,0.9116895382659999,25,30,20
19,3348,0.00542833589357276,0.029937452879088788,0.046965257748188154,0.9176689534791522,25,30,20
19,3349,0.00594999125466381,0.03994454803265331,0.051433825839917666,0.9026716348727645,25,30,20
19,3350,0.01980898596145215,0.03994876015785581,0.02391421917927926,0.9163280347014126,25,30,20
19,3351,0.02035388986018192,0.039948760693416456,0.023136590087332886,0.9165607593590682,25,30,20
19,3352,0.01513875555913407,0.03995738486357878,0.021231540225726722,0.9236723193515601,25,30,20
19,3353,0.019157782822612004,0.03995588595432529,0.021565103935408142,0.9193212272876543,25,30,20
19,3354,0.0017575456111674327,0.0399531738170405,0.039592035105744695,0.9186972454660457,25,30,20
19,3355,0.0014596082967323217,0.039953987982796806,0.03995595971833924,0.918630444002131,25,30,20
19,3356,0.0013399114813123243,0.07989768552913787,4.2380766028401556e-05,0.9187200222235216,25,30,20
19,3357,0.0013728731273159795,0.07966837817634352,0.0002647288020727237,0.9186940198942685,25,30,20
19,3358,0.0019671488690550655,0.07966837888411449,0.03585766093686428,0.8825068113099652,25,30,20
19,3359,0.0016633396749649654,0.07989697567110049,0.03768647385966394,0.8807532107942699,25,30,20
19,3360,0.0018173432079869928,0.07989552834421305,0.010153667762105894,0.9081334606856931,25,30,20
19,3361,0.0020138488306697734,0.07987927233684512,0.010289582784160643,0.9078172960483246,25,30,20
19,3362,0.0017478040906848658,0.07982845084922215,0.00019368300695126245,0.9182300620531418,25,30,20
19,3363,0.002624421308971662,0.07982784970883143,0.000658251603727588,0.9168894773784686,25,30,20
19,3364,0.001424066753771905,0.07982245661649394,3.125437616137066e-05,0.9187222222535729,25,30,20
19,3365,0.0012913601757828677,0.07989790168507303,0.0005690184241552307,0.918241719714988,25,30,20
19,3366,0.00130508198219713,0.07988569198772368,0.0005786455642686078,0.9182305804658111,25,30,20
19,3367,0.001576553673717074,0.07986835586000454,0.0005789452182469652,0.917976145248032,25,30,20
19,3368,0.0027282741669807705,0.07985668946774083,0.0007736016133293208,0.9166414347519491,25,30,20
19,3369,0.0030374396830972427,0.07989545012590095,0.00022389258041976315,0.916843217610582,25,30,20
19,3370,0.0022380871950897756,0.07986057183872154,0.03767932054451837,0.8802220204216704,25,30,20
19,3371,0.00334109133149557,0.07986124577058838,0.05605866605571843,0.8607389968421962,25,30,20
19,3372,0.004054796626680101,0.042460515431359376,0.07630535948505818,0.8771793284569017,25,30,20
19,3373,0.002509445846768922,0.03993945238514139,0.08011925516396964,0.87743184660412,25,30,20
19,3374,0.0034177866840079,0.03994423725775684,0.07930360515237225,0.877334370905863,25,30,20
19,3375,0.0033690631441587915,0.039944128813521204,0.07833581223800375,0.8783509958043166,25,30,20
19,3376,0.00338757099228014,0.03994412911030932,0.0778809438372336,0.8787873560601777,25,30,20
19,3377,0.002829936543397255,0.039945106662540544,0.07838828374232219,0.8788366730517416,25,30,20
19,3378,0.004243881290808663,0.03994590890283745,0.07815556395699894,0.8776546458493543,25,30,20
19,3379,0.0047667273507228545,0.03994467575656698,0.07742155166917027,0.8778670452235398,25,30,20
19,3380,0.005815267797359405,0.039885020232448526,0.076956518553878,0.877343193416314,25,30,20
19,3381,0.004812321093042925,0.039944499845936725,0.07803781598821243,0.8772053630728073,25,30,20
19,3382,0.003953176874236447,0.039945359061124786,0.07736210064249613,0.8787393634221421,25,30,20
19,3383,0.002353718366932643,0.0390489193378097,0.040482414283004434,0.9181149480122534,25,30,20
19,3384,0.0039206339419548845,0.039048038484465565,0.04057605477322165,0.9164552728003578,25,30,20
19,3385,0.0013422518722548025,0.03995399913015887,0.04016420002008835,0.9185395489774979,25,30,20
19,3386,0.0027299372550791414,0.039600896219432496,0.04000715091545404,0.9176620156100331,25,30,20
19,3387,0.0020582911723232415,0.042529172062003726,0.037023575295018755,0.9183889614706535,25,30,20
19,3388,0.001408648713872382,0.0399175082651619,0.04013812996602332,0.918535713054942,25,30,20
19,3389,0.0013587232315536606,0.039944184868629724,0.04012373140226853,0.9185733604975473,25,30,20
19,3390,0.0013076208146852535,0.039953873375670496,0.04013527149745005,0.9186032343121933,25,30,20
19,3391,0.00137603925508038,0.03999769288099352,0.04911226879930304,0.9095139990646247,25,30,20
19,3392,0.0017361196400763966,0.039594697148457,0.023454352751167296,0.9352148304602994,25,30,20
19,3393,0.0017730580561924223,0.0399298322097802,0.016225652068761694,0.9420714576652659,25,30,20
19,3394,0.0013744502134133104,0.039944268281778106,0.0072156709012017786,0.9514656106036071,25,30,20
19,3395,0.0013330863204720985,0.039943455993716154,0.007360166877333506,0.951363290808477,25,30,20
19,3396,0.0025501874471349473,0.03995364373532884,0.00019701607380970992,0.9572991527437269,25,30,20
19,3397,0.0033815739058118987,0.03990594770858895,0.00021601509835201068,0.956496463287246,25,30,20
19,3398,0.003917686462868525,0.03173110672166902,0.008767135804407548,0.9555840710110544,25,30,20
19,3399,0.0016130282944030044,0.03173110492617975,0.008261321053348685,0.9583945457260676,25,30,20
19,3400,0.0026027220654256705,0.03994417883312033,5.0705174237047245e-05,0.9574023939272155,25,30,20
19,3401,0.001699039763484335,0.039935238547609477,4.9775854177193275e-05,0.9583159458347279,25,30,20
19,3402,0.0018387693801353222,0.03991460903154371,4.556168137484073e-05,0.9582010599069455,25,30,20
19,3403,0.001823890491024579,0.03991460871556238,4.888955074524106e-05,0.958212611242669,25,30,20
19,3404,0.001345531880180115,0.039914607328468285,2.9289513684474338e-05,0.9587105712776675,25,30,20
19,3405,0.003024260577888539,0.03908975473806454,0.00026002409626993015,0.9576259605877765,25,30,20
19,3406,0.0021977712548041676,0.039089753651797204,3.595750142479442e-05,0.9586765175919736,25,30,20
19,3407,0.0019100638634190394,0.03993430707424776,0.039348152195975164,0.9188074768663583,25,30,20
19,3408,0.002149275078730573,0.039953711643894045,0.03935609771290133,0.9185409155644728,25,30,20
19,3409,0.0025498318846401214,0.03995365139291956,0.03927558789842508,0.9182209288240152,25,30,20
19,3410,0.0032491318354683023,0.03995387426314041,0.03999585105401976,0.9168011428473716,25,30,20
19,3411,0.0065258937742112685,0.039913071060094105,0.040088446131703676,0.9134725890339904,25,30,20
19,3412,0.0025098080080835465,0.03994421501843086,0.03999382449330263,0.9175521524801833,25,30,20
19,3413,0.02713347261403137,0.039953347186169205,0.0159575554758138,0.9169556247239846,25,30,20
19,3414,0.037703828839080133,0.03993106906441773,0.010049376395720044,0.9123157257007827,25,30,20
19,3415,0.05543387169895354,0.039945137702250694,0.010031985716046037,0.8945890048827495,25,30,20
19,3416,0.057815604819072434,0.0228145656767179,0.01920901299800775,0.9001608165062024,25,30,20
19,3417,0.06770126638697083,0.02281455069859596,0.030685895970823687,0.8787982869436108,25,30,20
19,3418,0.07895951382131174,0.02281454147787696,0.02029477395548744,0.8779311707453233,25,30,20
19,3419,0.07898500350808747,0.03994422594569001,0.003732724422544713,0.8773380461236769,25,30,20
19,3420,0.07897159300305923,0.03991521758618367,0.0031678837180489665,0.8779453056927079,25,30,20
19,3421,0.03970123310602762,0.03991527403178476,0.04888897646122764,0.87149451640096,25,30,20
19,3422,0.04118998601117118,0.039915726470090576,0.048627972855256815,0.8702663146634819,25,30,20
19,3423,0.04353507059008121,0.039956378346782236,0.07500430404744632,0.8415042470156904,25,30,20
19,3424,0.04433178602029294,0.03995459786927824,0.07855925095887316,0.8371543651515558,25,30,20
19,3425,0.04428976746625997,0.039953574934027944,0.07858403284974287,0.837172624749969,25,30,20
19,3426,0.04280657550347538,0.039944433329527275,0.040166012422090204,0.8770829787449061,25,30,20
19,3427,0.040859016451464926,0.03994503973393164,0.04302264604656843,0.8761732977680353,25,30,20
19,3428,0.027660134109236446,0.03996914837024916,0.05362872204574153,0.8787419954747722,25,30,20
19,3429,0.002697641217595361,0.03996853166659988,0.039884922510438056,0.9174489046053664,25,30,20
19,3430,0.004115026542160886,0.0399683850636261,0.03970629295173837,0.9162102954424745,25,30,20
19,3431,0.002223355579205448,0.03994432041710382,0.04000822274512027,0.9178241012585695,25,30,20
19,3432,0.004182598571823145,0.03976319947230417,0.038185909258822266,0.9178682926970501,25,30,20
19,3433,0.002259190649967178,0.039928279071217675,0.047189591288452654,0.9106229389903635,25,30,20
19,3434,0.001411111191008906,0.039948699806585546,0.03997657956137088,0.9186636094410345,25,30,20
19,3435,0.02602575494099375,0.03994436023133732,0.03223477670616523,0.901795108121503,25,30,20
19,3436,0.02512336252514906,0.039944084523075345,0.017007068621240684,0.9179254843305346,25,30,20
19,3437,0.04080556616057428,0.03966503393648062,0.0025496139385028727,0.9169797859644413,25,30,20
19,3438,0.0436886710576833,0.039924033604818276,0.0005067026187487519,0.9158805927187492,25,30,20
19,3439,0.043688476216744015,0.03992403336334941,6.73825675077873e-05,0.9163201078523981,25,30,20
19,3440,0.040597410370510255,0.03994422308646135,0.0010087395139433833,0.9184496270290841,25,30,20
19,3441,0.027583516933486693,0.0399470731508217,0.013933278551572705,0.9185361313641175,25,30,20
19,3442,0.0034100269227822144,0.04117306240739626,0.03532262250095921,0.9200942881688612,25,30,20
19,3443,0.001462909239663549,0.07985951125819929,3.0686224933102184e-05,0.918646893277203,25,30,20
19,3444,0.0020242212133094227,0.07988880474098944,3.981453673019882e-05,0.9180471595089716,25,30,20
19,3445,0.0014236560017348485,0.0798631800815381,4.4988768063974296e-05,0.918668175148663,25,30,20
19,3446,0.0014602921712394482,0.079860090537932,2.9545890173089482e-05,0.9186500714006552,25,30,20
19,3447,0.0014089432155400708,0.07989808121124073,4.838741399019992e-05,0.918644588159228,25,30,20
19,3448,0.0028821543991430355,0.07989751247631718,0.0006304495110942602,0.9165898836134457,25,30,20
19,3449,0.002319387439206926,0.0793785254507609,0.0005744358335210979,0.9177276512765121,25,30,20
19,3450,0.004241931793449506,0.07937853082775446,0.0006001755069194133,0.9157793618718764,25,30,20
19,3451,0.002914930590806707,0.07951842831713454,0.0004386256652305366,0.9171280154268282,25,30,20
19,3452,0.002631278690787918,0.039773001752432584,0.03991828555911305,0.9176774339976661,25,30,20
19,3453,0.0022042053081176055,0.03977299923600472,0.03996049418675853,0.9180623012691187,25,30,20
19,3454,0.001278391582452656,0.03994875305101755,0.0405315890364589,0.9182412663300715,25,30,20
19,3455,0.004724414122874945,0.03994391583623167,0.0374419998942868,0.9178896701466066,25,30,20
19,3456,0.003436182665326197,0.03998048756751276,0.039342013087046206,0.917241316680114,25,30,20
19,3457,0.003837176701408689,0.039979796837979927,0.040138194510718844,0.9160448319498914,25,30,20
19,3458,0.0017069564428993554,0.03994555044511817,0.05576753476807693,0.9025799583439048,25,30,20
19,3459,0.0017356074156130283,0.03993529052819074,0.040474493894030544,0.9178546081621648,25,30,20
19,3460,0.0025531493145171304,0.03995393067500427,0.03911286583081753,0.9183800541796607,25,30,20
19,3461,0.002756443025311027,0.022813924881339247,0.0716128615948501,0.9028167704984987,25,30,20
19,3462,0.0031138763575820293,0.022813925516592667,0.10038048985386755,0.8736917082719586,25,30,20
19,3463,0.003144693867673542,5.305201710177571e-07,0.07923368033530992,0.9176210952768451,25,30,20
19,3464,0.0025154840690818276,5.308630996850981e-07,0.07905753053235508,0.9184264545354637,25,30,20
19,3465,0.02172561079700782,5.185794873958599e-07,0.0789029664273362,0.899370904196168,25,30,20
19,3466,0.003919715701243507,5.460465979977554e-07,0.11504781242994802,0.8810319258222097,25,30,20
19,3467,0.0016554056541325383,1.9104889582934115e-08,0.11973236468598047,0.8786122105549962,25,30,20
19,3468,0.0016994193365546684,6.420807982205535e-07,0.11957836735583698,0.8787215712268099,25,30,20
19,3469,0.010212702574004542,0.0003355498123975068,0.11099202727577812,0.8784597203378189,25,30,20
19,3470,0.013849583396174456,0.00029838716067289746,0.11055149857079194,0.8753005308723607,25,30,20
19,3471,0.005778533060791013,7.224259761799508e-07,0.11830200238557129,0.8759187421276613,25,30,20
19,3472,0.00620569351130333,5.6155838278557e-08,0.11786488987113017,0.8759293604617281,25,30,20
19,3473,0.0027535276609606794,0.03994847678505082,0.07995313807193996,0.8773448574820477,25,30,20
19,3474,0.025599084698175435,0.03995414945860538,0.054320314578797074,0.8801264512644223,25,30,20
19,3475,0.012329495521664586,0.039956620352598816,0.06959145188497926,0.8781224322407575,25,30,20
19,3476,0.034427439083518994,0.039956343372480496,0.04675712392414229,0.8788590936198585,25,30,20
19,3477,0.04129837375960554,0.03995383018628945,0.039578263726400005,0.8791695323277041,25,30,20
19,3478,0.020012600304727828,0.0397588787503724,0.06435065058750676,0.875877870357392,25,30,20
19,3479,0.013248287449806601,0.03992985486634724,0.030399574990827974,0.9164222826930177,25,30,20
19,3480,0.008623563586525168,0.03994453300616746,0.035646711875165084,0.915785191532142,25,30,20
19,3481,0.008119346937830048,0.03994446504204627,0.033688753560496505,0.9182474344596274,25,30,20
19,3482,0.006137151163736349,0.03951184288686489,0.03535419247488878,0.9189968134745101,25,30,20
19,3483,0.007772564984931978,0.03951184239354499,0.03546336351308451,0.9172522291084384,25,30,20
19,3484,0.003687604428062156,0.03994428811347221,0.04039701814433989,0.9159710893141256,25,30,20
19,3485,0.0033093183933459846,0.03993670867134053,0.040001480642238345,0.9167524922930759,25,30,20
19,3486,0.0014000881175412212,0.03994836647462212,0.03995159176012061,0.9186999536477158,25,30,20
19,3487,0.001339040676338594,0.03995352053164193,0.039941106479042324,0.9187663323129778,25,30,20
19,3488,0.003193542548843234,0.03994400886266281,0.04034913507843526,0.9165133135100586,25,30,20
19,3489,0.003982260174962067,0.03992986205023131,0.04036350988613385,0.9157243678886725,25,30,20
19,3490,0.005780695984325087,0.03995361249657347,0.04004272934083818,0.914222962178263,25,30,20
19,3491,0.01354075880291453,0.0399439195994764,0.03054642684927529,0.9159688947483331,25,30,20
19,3492,0.011163662249349466,0.039915191400051814,0.030703809648235235,0.9182173367023628,25,30,20
19,3493,0.0179696893429998,0.03994422919534373,0.023745632160177867,0.918340449301479,25,30,20
19,3494,0.009681794384157168,0.03994444195105108,0.03171495723791085,0.9186588064268801,25,30,20
19,3495,0.0039273636965328615,0.039935230468154045,0.037438256033902335,0.9186991498014113,25,30,20
19,3496,0.003922922926601858,0.03994418074876731,0.03764166858566576,0.9184912277389651,25,30,20
19,3497,0.004000587319293208,0.039953445277699416,0.03765018937632727,0.9183957780266806,25,30,20
19,3498,0.0038562247888030785,0.039944289396828224,0.037427399379570396,0.9187720864347986,25,30,20
19,3499,0.0022305383825051432,0.03995368938761931,0.039946078832226554,0.9178696933976502,25,30,20
19,3500,0.03843663821003725,0.0399540506485144,0.0037908131286304957,0.9178184980128176,25,30,20
19,3501,0.04093219048359462,0.03995372428949247,0.018539108174252684,0.9005749770526613,25,30,20
19,3502,0.03679344453796561,0.03994451575987238,0.004899423169807873,0.918362616532355,25,30,20
19,3503,0.016493242276269218,0.03994462247444282,0.038109795558265276,0.905452339691022,25,30,20
19,3504,0.054043919501130716,0.0399368132924586,0.0007629634454550072,0.9052563037609557,25,30,20
19,3505,0.04390467988962087,0.039936775367380786,0.0005393188561088562,0.9156192258868896,25,30,20
19,3506,0.02337568584694718,0.039935030653697384,0.01998470766106002,0.9167045758382953,25,30,20
19,3507,0.003897218129425694,0.03993531518854376,0.04005077116302234,0.9161166955190088,25,30,20
19,3508,0.002271522683076543,0.03995335605412238,0.04000410233682757,0.9177710189259752,25,30,20
19,3509,0.003902858552640002,0.039953357487774024,0.04000857564482718,0.9161352083147593,25,30,20
19,3510,0.002596621190880392,0.039763590887210015,0.04013928118219656,0.9175005067397132,25,30,20
19,3511,0.0028806782291754085,0.039953694184411574,0.04014925471081409,0.917016372875598,25,30,20
19,3512,0.0028810050758348955,0.03995369528235648,0.04019578001071547,0.916969519631093,25,30,20
19,3513,0.005882674934501539,0.0399537021161101,0.03765317931953134,0.9165104436298566,25,30,20
19,3514,0.024683718145906735,0.0399150531855422,0.017544990909842986,0.9178562377587078,25,30,20
19,3515,0.024278611235512428,0.03991505072658055,0.017523558452823416,0.918282779585082,25,30,20
19,3516,0.0030257199989011784,0.03992919462181385,0.038806165027851364,0.9182389203514333,25,30,20
19,3517,0.0020910983061965937,0.03991524823616234,0.03933745996888825,0.9186561934887532,25,30,20
19,3518,0.0022564343286885927,0.04254369381110425,0.037362059013633736,0.9178378128465731,25,30,20
19,3519,0.014667485755868306,0.03994368266946683,0.039250107211368304,0.906138724363296,25,30,20
19,3520,0.00462501537821276,0.038313932896041514,0.038595058573346816,0.9184659931523983,25,30,20
19,3521,0.0030170298420890353,0.03972503258981775,0.038550524149446846,0.9187074134186471,25,30,20
19,3522,0.003022243123226161,0.03995344131212372,0.03839829045455418,0.9186260251100963,25,30,20
19,3523,0.003665256519974748,0.03995518799282851,0.03998043463354103,0.916399120853656,25,30,20
19,3524,0.0035197015142053646,0.03995518811304081,0.03997966707512913,0.9165454432976244,25,30,20
19,3525,0.0028595247462237326,0.03994598758993203,0.03997322287895347,0.9172212647848916,25,30,20
19,3526,0.0023166146198798213,0.03993255106940765,0.04001097096177297,0.9177398633489379,25,30,20
19,3527,0.0031331451636847484,0.039944174935229705,0.039363547699062834,0.9175591322020238,25,30,20
19,3528,0.0025378786418923435,0.03994446763066912,0.0400097326152778,0.917507921112161,25,30,20
19,3529,0.0013401827307603176,0.039944450876840384,0.04012484643992091,0.9185905199524785,25,30,20
19,3530,0.0016710261233619894,0.06430694475357188,0.01590207114610294,0.9181199579769631,25,30,20
19,3531,0.002003786582538574,0.07930266985973268,0.0005913464068468708,0.9181021971508828,25,30,20
19,3532,0.002020171280115808,0.07930267031453127,0.0004375072167012114,0.9182396511886515,25,30,20
19,3533,0.0018014595083043442,0.07861876682486868,0.000943340943346221,0.9186364327234803,25,30,20
19,3534,0.002240594440360549,0.0791899479629471,0.0008563310117702528,0.9177131265849227,25,30,20
19,3535,0.0026432452989110034,0.07913065407461749,0.0008802767025889616,0.9173458239238821,25,30,20
19,3536,0.002975012533743077,0.07988596710692619,0.007068129993701019,0.9100708903656302,25,30,20
19,3537,0.0022263018576575127,0.07988596622953231,0.007086068185575906,0.9108016637272336,25,30,20
19,3538,0.0013504938250966858,0.07988350678426519,0.007279911038547697,0.9114860883520894,25,30,20
19,3539,0.0013797240305224267,0.07990740278191744,3.7795957007884085e-05,0.9186750772305531,25,30,20
19,3540,0.0017040679846112563,0.07986884739707889,7.038554751827368e-05,0.9183566990707911,25,30,20
19,3541,0.001350895342447553,0.07987313290844786,2.3201203155870324e-05,0.9187527705459488,25,30,20
19,3542,0.002241635080224677,0.0798744784180791,4.609932091186018e-05,0.9178377871807842,25,30,20
19,3543,0.0021889661147044452,0.07987447724336047,0.0006351284443601046,0.9173014281975754,25,30,20
19,3544,0.019821366849178342,0.07989729510247208,0.0007787574483032923,0.899502580600046,25,30,20
19,3545,0.002003888485305684,0.07989725834581698,0.03761526190187938,0.880483591266998,25,30,20
19,3546,0.0017214194234241788,0.07988544649379485,0.040405256669643244,0.877987877413138,25,30,20
19,3547,0.0029562332241418183,0.07990740966446798,0.03997576500609595,0.8771605921052948,25,30,20
19,3548,0.0017873782466600937,0.07938262211407122,0.041267229790494,0.8775627698487749,25,30,20
19,3549,0.0013974730940563814,0.07987840562096853,0.03683152468961865,0.8818925965953577,25,30,20
19,3550,0.0014120062363439684,0.07987840253877829,0.04882751729502463,0.8698820739298531,25,30,20
19,3551,0.0038276912001537944,0.0798806102220232,0.04645399935288509,0.8698376992249375,25,30,20
19,3552,0.0037791223636232446,0.07988603797840033,0.03760053738105899,0.8787343022769167,25,30,20
19,3553,0.0016981506414158502,0.07967300171509174,0.0402048267718948,0.8784240208715972,25,30,20
19,3554,0.0030660532477455988,0.0799069948075836,0.039995567633409806,0.8770313843112608,25,30,20
19,3555,0.0022428786536551723,0.07990730855143481,0.039992873879291554,0.8778569389156184,25,30,20
19,3556,0.002304209981739066,0.07990730890220936,0.03709781951292865,0.8806906616031216,25,30,20
19,3557,0.001381558203004085,0.07990740968974397,0.03999904713625176,0.878711984971,25,30,20
19,3558,0.0016108625246044957,0.07989228992827592,0.04856165394681823,0.8699351936003019,25,30,20
19,3559,0.0027105095062347835,0.07988557810815987,0.04813575848254826,0.8692681539030578,25,30,20
19,3560,0.0022413431648607134,0.06994697432658697,0.018768586149859556,0.909043096358692,25,30,20
19,3561,0.0012571328741000957,0.07990201459809415,0.0002276431037217981,0.9186132094240831,25,30,20
19,3562,0.0021259275232208496,0.07990201642590512,3.854772529598242e-05,0.9179335083255785,25,30,20
19,3563,0.0028326321909271143,0.06024020874880299,0.06036312027355122,0.8765640387867186,25,30,20
19,3564,0.0019832453748522007,0.06024020758318461,0.05987291449857664,0.8779036325433861,25,30,20
19,3565,0.0036062857988306777,0.06024021025831172,0.05730531613636471,0.8788481878064924,25,30,20
19,3566,0.0019508771351042572,0.06023080273402993,0.05694768239480781,0.8808706377360582,25,30,20
19,3567,0.0017449749373297508,0.040995557458246575,0.07633433650976534,0.8809251310946569,25,30,20
19,3568,0.002115549863194388,0.03994028304263361,0.0774005417307842,0.8805436253633881,25,30,20
19,3569,0.002806637939166743,0.03994028281740312,0.07740217935732027,0.8798508998861094,25,30,20
19,3570,0.004123641195157462,0.039940263001024386,0.07745572115749684,0.8784803746463214,25,30,20
19,3571,0.007451642822788658,0.039983269978092977,0.09187810326712816,0.8606869839319902,25,30,20
19,3572,0.007236853784993929,0.03998019429287469,0.09108943191092571,0.8616935200112047,25,30,20
19,3573,0.005723921259212018,0.039953701808683025,0.09211735930497167,0.8622050176271344,25,30,20
19,3574,0.0032246191083881866,0.03995432796497789,0.11895451960932102,0.8378665333173128,25,30,20
19,3575,0.0022109468021320523,0.03995354680573662,0.08085378697062907,0.8769817194215023,25,30,20
19,3576,0.0030983192611355303,0.03995371674596012,0.040157750973702416,0.9167902130192013,25,30,20
19,3577,0.0021634814422493705,0.0399538751773339,0.039983238414097226,0.9178994049663194,25,30,20
19,3578,0.002750266572765874,0.039943728982535405,0.038896364918380034,0.9184096395263193,25,30,20
19,3579,0.005266971725516113,0.03994373020971438,0.03891138960675045,0.9158779084580191,25,30,20
19,3580,0.004906149220797952,0.03993977937925182,0.03890703709641242,0.916247034303538,25,30,20
19,3581,0.042867854561923366,0.03994959644722482,0.00011368834135122655,0.9170688606495002,25,30,20
19,3582,0.01119728993221531,0.0399496246098421,0.04627234413501762,0.9025807413229243,25,30,20
19,3583,0.012907998753968107,0.039285583530584256,0.0387523519072223,0.9090540658082249,25,30,20
19,3584,0.004310042871861207,0.03929409232959735,0.03952444735541011,0.9168714174431316,25,30,20
19,3585,0.0032529485239029122,0.03928556154437713,0.040011848360397194,0.9174496415713245,25,30,20
19,3586,0.0033755436340173256,0.022814575758710046,0.05565210952704783,0.9181577710802233,25,30,20
19,3587,0.004977517695540463,0.03929637296215525,0.046191281000287375,0.9095348283420169,25,30,20
19,3588,0.003195608900254423,0.03941871506224194,0.048092550635925393,0.9092931254015783,25,30,20
19,3589,0.006598840957089482,0.03941055050434038,0.03525951274756314,0.9187310957910064,25,30,20
19,3590,0.0065830981241818045,0.039937997178062165,0.034733294165866097,0.9187456105318894,25,30,20
19,3591,0.004073423287719567,0.03996674597329827,0.038960123824263775,0.9169997069147178,25,30,20
19,3592,0.007793943891957692,0.0399352297947983,0.04001193968165244,0.9122588866315924,25,30,20
19,3593,0.00443329446054977,0.039953594905482864,0.04026493330376296,0.9153481773302038,25,30,20
19,3594,0.0019561039417541433,0.039953582997234637,0.039988779243907285,0.9181015338171047,25,30,20
19,3595,0.0014007262047465408,0.039915510963766,0.039970921583857594,0.91871284124763,25,30,20
19,3596,0.0028464710165527346,0.03991551589267756,0.04057034723984129,0.9166676658509293,25,30,20
19,3597,0.0027565387863241397,0.03927741160284402,0.041818584175582575,0.9161474654352485,25,30,20
19,3598,0.005523136899256159,0.03994933737014021,0.0405900345771609,0.9139374911534424,25,30,20
19,3599,0.003809939814201256,0.0399424603067223,0.04780502604234606,0.9084425738367304,25,30,20
19,3600,0.0025331851907503416,0.03994245931999684,0.040014017488380196,0.917510338000873,25,30,20
19,3601,0.00415496866390025,0.03994396410133129,0.038837557606733936,0.9170635096280347,25,30,20
19,3602,0.003156110999837507,0.039953695900860994,0.038830268169323355,0.9180599249299788,25,30,20
19,3603,0.003692766446187887,0.03995372492491484,0.03938734213050445,0.9169661664983922,25,30,20
19,3604,0.0036781443905434543,0.03995372513180569,0.046233443244238066,0.9101346872334132,25,30,20
19,3605,0.00242735682803476,0.039953721672818986,0.03880230096184798,0.9188166205372983,25,30,20
19,3606,0.0012830661102095364,0.03995410401738414,0.039976920574059195,0.9187859092983472,25,30,20
19,3607,0.0013824466333791623,0.039929844542400644,0.039931289979033974,0.9187564188451863,25,30,20
19,3608,0.0013095058822378365,0.039953165459429174,0.039965531513264284,0.91877179714507,25,30,20
19,3609,0.0013443487233850326,0.03995341796920288,0.039975522832820715,0.9187267104745923,25,30,20
19,3610,0.016519669163654403,0.03992846379988225,0.02490858953037672,0.9186432775060862,25,30,20
19,3611,0.003957118937383649,0.039928129004187275,0.03749422705969784,0.9186205249987313,25,30,20
19,3612,0.04115058646940925,0.03994412748059381,0.0001628534977479817,0.9187424325522489,25,30,20
19,3613,0.04022966349379743,0.03993174497572407,0.0019223195999070936,0.9179162719305701,25,30,20
19,3614,0.030572430849626506,0.039953675432048814,0.02414140980218555,0.9053324839161385,25,30,20
19,3615,0.019567159454751525,0.0399487180546212,0.02378341166002441,0.9167007108306018,25,30,20
19,3616,0.001550999430399175,0.03995372497139846,0.03966411774052026,0.9188311578576812,25,30,20
19,3617,0.0013703328602582229,0.039928065853983404,0.03998391405258955,0.9187176872331677,25,30,20
19,3618,0.003806474293004517,0.03831663453687577,0.03913705890054149,0.9187398322695779,25,30,20
19,3619,0.004110507336514138,0.038315981592030236,0.04001367694454377,0.9175598341269116,25,30,20
19,3620,0.037832563966147814,0.03831606674222966,0.005641486257234825,0.918209883034387,25,30,20
19,3621,0.04290751653665203,0.03831598444041882,0.0006543384128216771,0.918122160610107,25,30,20
19,3622,0.040449734083327214,0.0390939800625761,0.012327937224731068,0.9081283486293651,25,30,20
19,3623,0.04051012919548065,0.039944448719831424,0.0026527317716299476,0.9168926903130569,25,30,20
19,3624,0.002990630271623065,0.03994574171614983,0.03891414325981865,0.9181494847524082,25,30,20
19,3625,0.0013541067446630106,0.039968668701017035,0.04033249656560178,0.9183447279887185,25,30,20
19,3626,0.0013836990729675163,0.03996879190263543,0.040374905028404316,0.918272603995993,25,30,20
19,3627,0.001438331464650045,0.03996878174635541,0.04017371953788745,0.9184191672511071,25,30,20
19,3628,0.0025323489089027953,0.07060144796962792,0.008517860343081681,0.9183483427783875,25,30,20
19,3629,0.0024860086742815634,0.07060144895820551,0.008499009161495645,0.9184135332060176,25,30,20
19,3630,0.003840106480613363,0.07103884007097562,0.008090058058515526,0.9170309953898965,25,30,20
19,3631,0.003828815764816013,0.0710292801690629,0.008106706176186416,0.9170351978899346,25,30,20
19,3632,0.003835297005408364,0.07102920173660313,0.009235179119034202,0.9159003221389544,25,30,20
19,3633,0.0032686503927244815,0.07102924823136844,0.009065919123751905,0.9166361822521543,25,30,20
19,3634,0.0029973640175696404,0.0710292487448667,0.008296118730395392,0.9176772685071681,25,30,20
19,3635,0.003781808628570808,0.07102924715325101,0.008094230233825973,0.9170947139843509,25,30,20
19,3636,0.001683647934598944,0.07989829295879809,5.288513919883848e-05,0.9183651739674041,25,30,20
19,3637,0.0022760946329856775,0.03995546586455394,0.03969245906428041,0.91807598043818,25,30,20
19,3638,0.001761119212119239,0.03991652171223604,0.03965959936701628,0.9186627597086283,25,30,20
19,3639,0.002563468308631459,0.03993268338285509,0.039635737396349395,0.9178681109121644,25,30,20
19,3640,0.0016907045543680397,0.03993099194377972,0.013965100972560101,0.9444132025292927,25,30,20
19,3641,0.0016902650743637138,0.03993099169965366,0.013976966686503962,0.9444017765394794,25,30,20
19,3642,0.0022774167185145027,0.039930802768117384,0.013986412503282596,0.9438053680100859,25,30,20
19,3643,0.003856264627467352,0.0399440170730151,0.00028322147806359425,0.955916496821454,25,30,20
19,3644,0.004416890307132579,0.03994406135285066,0.0005573073714026993,0.9550817409686142,25,30,20
19,3645,0.002218832649095385,0.039948429947447996,0.00024625931174466066,0.9575864780917128,25,30,20
19,3646,0.0022964127758538454,0.039948430337505864,0.0002563777684010493,0.9574987791182393,25,30,20
19,3647,0.0013553721101278566,0.03972076729949892,0.0004553658682841285,0.9584684947220888,25,30,20
19,3648,0.0014070659255380586,0.039720769392578834,0.0004694764353010497,0.9584026882465823,25,30,20
19,3649,0.0022048501650676457,0.039953704166988645,6.174501721878567e-05,0.9577797006507254,25,30,20
19,3650,0.00261537923518247,0.039944126637608976,8.020108016948462e-05,0.95736029304704,25,30,20
19,3651,0.019889827068160264,0.03993119979761954,0.002047452075393762,0.9381315210588268,25,30,20
19,3652,0.0016324078332627453,0.039987590529047476,0.013955081242056083,0.9444249203956345,25,30,20
19,3653,0.006380021316693251,0.03998759761482945,0.014011356424745762,0.9396210246437314,25,30,20
19,3654,0.015815959016446234,0.03908353227100301,0.037519540358750214,0.9075809683538009,25,30,20
19,3655,0.015576101948232425,0.03194091150821253,0.05488448271128974,0.8975985038322655,25,30,20
19,3656,0.014973714202129819,0.031940949629981515,0.04839439967648257,0.9046909364914067,25,30,20
19,3657,0.015862830701904047,0.031940924313003626,0.04828046590395237,0.9039157790811398,25,30,20
19,3658,0.005125689557562968,0.002615060697640248,0.07715048343402649,0.9151087663107701,25,30,20
19,3659,0.00500324972614136,8.191603349009533e-07,0.07991951726330883,0.915076413850215,25,30,20
19,3660,0.001374604601277253,0.0025592812116089153,0.07731439724404786,0.918751716943066,25,30,20
19,3661,0.021878930664023383,4.723553890603521e-06,0.059329353659821775,0.9187869921222646,25,30,20
19,3662,0.02319439838590806,4.806503262001528e-06,0.05833711010409206,0.9184636850067375,25,30,20
19,3663,0.01265008393055271,6.0079631674187034e-06,0.06885818240444314,0.9184857257018346,25,30,20
19,3664,0.012104720277114185,1.0875256220177904e-05,0.06975051335437528,0.91813389111229,25,30,20
19,3665,0.03843203696064197,0.0033780620853302813,0.040155985071434544,0.9180339158825939,25,30,20
19,3666,0.028902716701181205,5.077259659216941e-06,0.0525463819686563,0.9185458240705043,25,30,20
19,3667,0.0263405020804098,7.232986722212524e-05,0.05572901650626582,0.9178581515461026,25,30,20
19,3668,0.04003590526133079,6.781442616021474e-05,0.04531487015636038,0.9145814101561488,25,30,20
19,3669,0.032335295202896075,7.015540137835305e-07,0.04921686605431857,0.9184471371887714,25,30,20
19,3670,0.03357062787756105,7.027977264725734e-07,0.04925994497950868,0.917168724345204,25,30,20
19,3671,0.04194853783722535,2.3321888091651345e-07,0.034437895894806905,0.9236133330490867,25,30,20
19,3672,0.03500531495542017,7.896030164950555e-06,0.0462790896772046,0.918707699337211,25,30,20
19,3673,0.003447078229515458,3.308685576406328e-05,0.03779210164609323,0.9587277332686271,25,30,20
19,3674,0.0039056050686931804,3.30882464440866e-05,0.03780183961129207,0.9582594670735702,25,30,20
19,3675,0.005475744328060703,3.309041383107102e-05,0.03781042835025775,0.9566807369078506,25,30,20
19,3676,0.005254358665289942,3.309059252338353e-05,0.03800618310495287,0.9567063676372334,25,30,20
19,3677,0.015676483242348598,0.0009508113904407648,0.06461277021400946,0.9187599351532009,25,30,20
19,3678,0.004280321462257855,5.5302055212530355e-05,0.08763303920335791,0.908031337279171,25,30,20
19,3679,0.0098658446003662,3.879921054345007e-05,0.07226192834528151,0.9178334278438101,25,30,20
19,3680,0.03799124618456451,3.879990476986565e-05,0.04343047302106498,0.9185394808896011,25,30,20
19,3681,0.0379457652424213,3.8798510935005584e-05,0.0434195037675412,0.9185959324791027,25,30,20
19,3682,0.011656002420448336,7.967927629042742e-07,0.069923021385282,0.9184201794015067,25,30,20
19,3683,0.0022095589273885604,1.976170951227465e-08,0.07906274067629757,0.9187276806346041,25,30,20
19,3684,0.0031765276489230197,5.395502945735758e-07,0.07864654669346235,0.9181763861073199,25,30,20
19,3685,0.021466919506044603,0.0060621029022077475,0.054060111396619065,0.9184108661951288,25,30,20
19,3686,0.0430261654275962,0.0002850207944735074,0.03796038520133504,0.9187284285765952,25,30,20
19,3687,0.03685193680612421,4.604450093603433e-05,0.046744565854079025,0.916357452838861,25,30,20
19,3688,0.0033759106286325035,4.618437436586132e-05,0.07795426915400658,0.9186236358429948,25,30,20
19,3689,0.0050321027301071086,1.4522281662534693e-07,0.07799052083255432,0.9169772312145207,25,30,20
19,3690,0.006543237156343119,7.615716619226219e-06,0.07692403799460082,0.9165251091324361,25,30,20
19,3691,0.004193075521884273,0.03993811702614085,0.04686188601104147,0.9090069214409324,25,30,20
19,3692,0.0033979241793313545,0.03995676379158715,0.04649886255195924,0.9101464494771214,25,30,20
19,3693,0.0013090344222920578,0.03993810347726727,0.04013518227133246,0.9186176798291075,25,30,20
19,3694,0.00165133311426355,0.03993810587078832,0.05440692952494976,0.904003631489999,25,30,20
19,3695,0.0021748390731613156,0.07989706907877998,0.01598849475268066,0.9019395970953792,25,30,20
19,3696,0.0016627603906907657,0.07989706804041755,4.7801332444375975e-05,0.9183923702364463,25,30,20
19,3697,0.004657024030869847,0.07799171205003864,0.0002525698660356915,0.9170986940530554,25,30,20
19,3698,0.003148815589434915,0.07960618522621225,4.144032801428907e-05,0.9172035588563378,25,30,20
19,3699,0.005289084814845191,0.07988314252063822,5.1703295818388085e-05,0.914776069368698,25,30,20
19,3700,0.0013646219406716195,0.07990215547831701,0.00060421032203141,0.9181290122589796,25,30,20
19,3701,0.004198438050599122,0.07988832220430456,0.00018781896584705652,0.9157254207792493,25,30,20
19,3702,0.0014377151583509315,0.07989814973081585,4.059836395838567e-05,0.9186235367468747,25,30,20
19,3703,0.001393777076383526,0.0798981150101136,0.0073123193203167595,0.9113957885931859,25,30,20
19,3704,0.0014138773214001437,0.07984493935886042,4.6182375372260076e-05,0.9186950009443663,25,30,20
19,3705,0.0036449826480386012,0.07989738304314414,3.967351761606471e-05,0.9164179607912017,25,30,20
19,3706,0.002465625309664739,0.07989481685585308,8.141984834540712e-05,0.9175581379861371,25,30,20
19,3707,0.004124148158675727,0.0798789796728127,8.784274913453448e-05,0.9159090294193767,25,30,20
19,3708,0.004172578951542692,0.07987890308082146,8.790452666190555e-05,0.9158606134409739,25,30,20
19,3709,0.0038220464273959814,0.07990214600289841,4.846964001176772e-05,0.9162273379296935,25,30,20
19,3710,0.003091859371198547,0.07988809953860647,0.00020155736881619985,0.9168184837213786,25,30,20
19,3711,0.0033675478572966883,0.07988857068359884,4.863924988217718e-05,0.9166952422092218,25,30,20
19,3712,0.0025814677256232824,0.04200050580836213,0.037930596936016525,0.9174874295299972,25,30,20
19,3713,0.0022228010409280907,0.042000504326824936,0.07784109589855864,0.8779355987336863,25,30,20
19,3714,0.002249912759323598,0.04234581786858531,0.07746783540699191,0.877936433965099,25,30,20
19,3715,0.001735941713381195,0.03995211933915168,0.07992362946451624,0.8783883094829512,25,30,20
19,3716,0.01610758752551663,0.03995366271766136,0.0651106302040311,0.878828119552791,25,30,20
19,3717,0.020401712289967476,0.03994079732221184,0.043054017107737826,0.8966034732800827,25,30,20
19,3718,0.020988688308360762,0.03975896137957141,0.050260473260648836,0.888991877051419,25,30,20
19,3719,0.024396468624268655,0.03975903800403566,0.03308283166252718,0.9027616617091688,25,30,20
19,3720,0.005989685467835349,0.0397594046685948,0.03198969453089303,0.9222612153326772,25,30,20
19,3721,0.008168343448318564,0.03975937402450575,0.0321002094705391,0.9199720730566373,25,30,20
19,3722,0.002553457803803959,0.03991673438673835,0.03960098279487092,0.9179288250145874,25,30,20
19,3723,0.002948966414129406,0.03994264918533501,0.03958815857400175,0.9175202258265343,25,30,20
19,3724,0.0022004923220255265,0.039942650167728806,0.04000129483417508,0.9178555626760694,25,30,20
19,3725,0.0022474615355152607,0.03990605708485895,0.055219801187627426,0.9026266801919983,25,30,20
19,3726,0.0012581778362157033,0.03995373300971552,0.03998061287749869,0.9188074762765696,25,30,20
19,3727,0.0013298149845439046,0.03991767473565813,0.0400061205362988,0.9187463897434985,25,30,20
19,3728,0.002283359281307283,0.03994446391722657,0.039144885039448234,0.9186272917620171,25,30,20
19,3729,0.003070896324892212,0.039944464756081786,0.03900078279707366,0.9179838561219523,25,30,20
19,3730,0.03166228889560841,0.039943326001977995,0.03992057852190007,0.8884738065805122,25,30,20
19,3731,0.034270422182036374,0.03994397123700445,0.0517504358794996,0.8740351707014586,25,30,20
19,3732,0.030656891018290323,0.039943947425471006,0.04950389585569784,0.8798952657005418,25,30,20
19,3733,0.03920317773195852,0.03994409541828577,0.0020893096077471587,0.9187634172420099,25,30,20
19,3734,0.0038320593387598145,0.039959670186609,0.037789594126023666,0.9184186763486081,25,30,20
19,3735,0.003554342607934611,0.039957495567851206,0.03779925436971068,0.9186889074545036,25,30,20
19,3736,0.009833403083360975,0.03995373667262015,0.04146165682261296,0.9087512034214068,25,30,20
19,3737,0.03854431827790285,0.039953661602046095,0.013158259450909988,0.9083437606691414,25,30,20
19,3738,0.011104972444675081,0.0399657502450638,0.031004202899525306,0.9179250744107362,25,30,20
19,3739,0.0023402278437751776,0.03996306007159593,0.04002677817980324,0.9176699339048244,25,30,20
19,3740,0.0017618826242695137,0.03972411333825848,0.047422402305774256,0.911091601731698,25,30,20
19,3741,0.002053322441970888,0.03995351896746813,0.047174179836930674,0.9108189787536312,25,30,20
19,3742,0.0030555922300719096,0.03995897887949211,0.05408835671352036,0.9028970721769146,25,30,20
19,3743,0.002141488526106474,0.04373457371034126,0.03620762075256723,0.9179163170109851,25,30,20
19,3744,0.0024937103206431315,0.07990198200011162,0.00020303259523875766,0.9174012750840062,25,30,20
19,3745,0.0016763187361702263,0.07989794077255821,0.00018093446952844206,0.9182448060217415,25,30,20
19,3746,0.002276183425193261,0.07937786561357783,0.00070239687248018,0.9176435540887491,25,30,20
19,3747,0.0013264231111426868,0.07989643073126067,0.00017573772688604056,0.9186014084307094,25,30,20
19,3748,0.006484817072028357,0.07988345099435656,0.0007913238973161262,0.9128404080362995,25,30,20
19,3749,0.0028544529713735523,0.0798730617542065,0.001245154125255333,0.9160273311491649,25,30,20
19,3750,0.020332483336660167,0.07988318608985169,0.0006683186680178793,0.8991160119054702,25,30,20
19,3751,0.034421430319147996,0.07988307588014362,0.0005881531320332587,0.8851073406686736,25,30,20
19,3752,0.034379768754072886,0.07987841931667274,0.0005948737908982104,0.8851469381383557,25,30,20
19,3753,0.0022032508700206375,0.07991758697114743,0.04086951347711642,0.8770096486817158,25,30,20
19,3754,0.0022584406078092075,0.07987000601536878,0.04050393510495935,0.8773676182718637,25,30,20
19,3755,0.0030895932091599375,0.07988764771620589,0.04049727041971019,0.8765254886549242,25,30,20
19,3756,0.003158806028103359,0.08236102949823071,0.03607446631967582,0.8784056981539904,25,30,20
19,3757,0.00232258219694723,0.07944704888110697,0.04044718164216242,0.8777831872797834,25,30,20
19,3758,0.0016170028335965373,0.08202939233234224,0.037872069790984765,0.8784815350430769,25,30,20
19,3759,0.0013852749635082664,0.08246222412037067,0.03741750156683738,0.878734999349284,25,30,20
19,3760,0.0029661344485041063,0.07954436697082307,0.03880120983029608,0.8786882887503765,25,30,20
19,3761,0.003204389560842617,0.07985972855518066,0.03878231600963525,0.8781535658743417,25,30,20
19,3762,0.010273939569139898,0.07989815560113676,0.03154817016537536,0.8782797346643485,25,30,20
19,3763,0.001652990681746673,0.07988299048965863,0.0396454545037043,0.8788185643248912,25,30,20
19,3764,0.0016523010814916456,0.07987896184280874,0.039805935759563885,0.8786628013161356,25,30,20
19,3765,0.005696066650072391,0.07573167742661245,0.04010567670637833,0.8784665792169374,25,30,20
19,3766,0.0014177608847109442,0.07989753676925662,0.039985616222390455,0.8786990861236414,25,30,20
19,3767,0.0031248247186930933,0.07903799816940088,0.040566499818949886,0.8772706772929566,25,30,20
19,3768,0.0013524688990585226,0.07989747528481415,0.04054118041782145,0.8782088753983062,25,30,20
19,3769,0.0014090049069874686,0.07988782221887847,0.04717314887287894,0.871530024001255,25,30,20
19,3770,0.04206200278960606,0.07990657337706003,0.04791499121709114,0.8301164326162436,25,30,20
19,3771,0.042024889617884684,0.07989679685218419,0.04646237244643781,0.8316159410834949,25,30,20
19,3772,0.04126449164618515,0.07990656474078633,0.04729008972639062,0.8315388538866402,25,30,20
19,3773,0.03997883845591043,0.07902922593659632,0.04958111817951612,0.8314108174279781,25,30,20
19,3774,0.04205857303473226,0.0790287153477393,0.04035040177601958,0.8385623098415087,25,30,20
19,3775,0.041381166826023844,0.07902952550885028,0.04064924662134125,0.8389400610437849,25,30,20
19,3776,0.0405306183368989,0.07932555708782449,0.04114919704385999,0.8389946275314165,25,30,20
19,3777,0.041354226787369275,0.07847826921910099,0.04111921272549415,0.8390482912680364,25,30,20
19,3778,0.0043331753714315035,0.07937348476506421,0.07568272004865104,0.840610619814853,25,30,20
19,3779,0.0036350192299322115,0.07981512106871513,0.07515912427720732,0.8413907354241449,25,30,20
19,3780,0.0028628216762698034,0.07981509493000621,0.07608221273299198,0.8412398706607327,25,30,20
19,3781,0.0018689643939602649,0.07988301863869421,0.07742837640123175,0.8408196405661134,25,30,20
19,3782,0.002605670173816319,0.07988831882955705,0.04435450778394452,0.8731515032126822,25,30,20
19,3783,0.0035702900330052815,0.07988706508122112,0.00760092794939608,0.9089417169363776,25,30,20
19,3784,0.002320285630253091,0.07989173037748448,0.0006203691730340024,0.9171676148192279,25,30,20
19,3785,0.015118787574035288,0.07989179430668951,0.0004220863366959104,0.9045673317825791,25,30,20
19,3786,0.015308059381860228,0.0793681400929457,0.02822063411099477,0.8771031664141994,25,30,20
19,3787,0.0015323919941817618,0.07988448119830995,0.04011077399093417,0.8784723528165727,25,30,20
19,3788,0.0014438159836316843,0.07989496606802801,0.04056320015378544,0.8780980177945554,25,30,20
19,3789,0.0013649021769047381,0.07986785646090291,0.04035601419575455,0.8784112271664384,25,30,20
19,3790,0.001388260021141523,0.07986758450572863,0.08785084603394845,0.830893309439181,25,30,20
19,3791,0.003058226692140988,0.07989759562121806,0.08974976443914465,0.827294413247496,25,30,20
19,3792,0.005567185304415435,0.07989782760417388,0.07697284377250554,0.837562143318905,25,30,20
19,3793,0.005594143972354272,0.0798750183407067,0.07693411182616236,0.8375967258607768,25,30,20
19,3794,0.03962543602305832,0.0798944388225908,0.042267853273827385,0.8382122718805227,25,30,20
19,3795,0.039068032845655166,0.07991588776278243,0.04807365161486873,0.8329424277766931,25,30,20
19,3796,0.04044939624767191,0.0799154261277665,0.04039769695722429,0.839237480667337,25,30,20
19,3797,0.006232708255154469,0.07988598493133035,0.07593979637577222,0.8379415104377425,25,30,20
19,3798,0.006108676569703613,0.07988518209646583,0.08514853798693393,0.828857603346897,25,30,20
19,3799,0.003486552111093601,0.0798885708106898,0.08598937702839819,0.8306355000498179,25,30,20
19,3800,0.001958635852261741,0.07990799503614582,0.07935900121394755,0.8387743678976436,25,30,20
19,3801,0.0023836214334347593,0.07937824627144949,0.11925849664276086,0.7989796356523571,25,30,20
19,3802,0.004260910023189672,0.07990680842224387,0.0860903129176795,0.8297419686368882,25,30,20
19,3803,0.004628476240263286,0.07989565204028837,0.08470233628296174,0.8307735354364865,25,30,20
19,3804,0.003271422738463168,0.07988919832275654,0.07760154687325467,0.8392378320655267,25,30,20
19,3805,0.0013045742811766312,0.0798882248686662,0.07756339680063051,0.841243804049526,25,30,20
19,3806,0.0030753742709674244,0.07989785644848821,0.07760642541592881,0.8394203438646153,25,30,20
19,3807,0.0046433732621339015,0.07989888034172951,0.04037294922895279,0.8750847971671836,25,30,20
19,3808,0.0021910157604064753,0.07988352000869439,0.04908678772255994,0.8688386765083389,25,30,20
19,3809,0.001760954803853724,0.07988418729354355,0.04023190031518415,0.878122957587419,25,30,20
19,3810,0.003374382300263533,0.07988418804805797,0.04024599170082744,0.8764954379508499,25,30,20
19,3811,0.0038117482179672274,0.07992246777680072,0.03917049258229419,0.8770952914229377,25,30,20
19,3812,0.004168413392509552,0.08073472186117861,0.037278019178210844,0.8778188455681007,25,30,20
19,3813,0.004947650133022061,0.08073472127877253,0.0372215398395108,0.8770960887486943,25,30,20
19,3814,0.0049490518547554915,0.0807347199478441,0.037218143803545246,0.8770980843938558,25,30,20
19,3815,0.004835266716406637,0.0798740629490493,0.03883012493128362,0.8764605454032599,25,30,20
19,3816,0.001962920777997994,0.07985934734503018,0.040422194550075854,0.8777555373268977,25,30,20
19,3817,0.013977858614072067,0.0798793920169955,0.02874674865355741,0.8773960007153747,25,30,20
19,3818,0.013348404656859143,0.07989297824433854,0.02796351747313977,0.8787950996256625,25,30,20
19,3819,0.005879411318145911,0.07987273460198818,0.03560936857186418,0.8786384855080016,25,30,20
19,3820,0.03762336684439533,0.07990221844671805,0.0045650189152076906,0.8779093957936798,25,30,20
19,3821,0.024207860009778245,0.07990118685930471,0.035973858933777685,0.8599170941971395,25,30,20
19,3822,0.023324925129152307,0.07986973022773468,0.018056502875476388,0.8787488417676369,25,30,20
19,3823,0.019697668605472386,0.07005389301672467,0.03225938601242382,0.8779890523653799,25,30,20
19,3824,0.0036386040506696856,0.07004654431109715,0.049973450830652126,0.8763414008075803,25,30,20
19,3825,0.023243590562822367,0.07988830408636761,0.01814586483144443,0.8787222405193656,25,30,20
19,3826,0.03804764354984795,0.07989577151520022,0.004442230857603432,0.8776143540773489,25,30,20
19,3827,0.043578655387706756,0.07987081781732595,0.00034058512816332367,0.876209941666804,25,30,20
19,3828,0.0020636158259719774,0.07988351791476428,0.039312491295403346,0.8787403749638603,25,30,20
19,3829,0.0019898836698852003,0.07988180578100613,0.03930871451768135,0.8788195960314278,25,30,20
19,3830,0.0052158856729920535,0.07987913561322357,0.036409679284957266,0.878495299428827,25,30,20
19,3831,0.04140032704771382,0.07990207340808105,0.00035653404844406884,0.8783410654957605,25,30,20
19,3832,0.01692152495120601,0.07951449541424183,0.02497879902016864,0.8785851806143838,25,30,20
19,3833,0.0285668988455791,0.07900574319401713,0.007726755241100765,0.8847006027193035,25,30,20
19,3834,0.00607525315325254,0.0790009780688054,0.03732682446844143,0.8775969443094997,25,30,20
19,3835,0.0039766201763209875,0.07985909550422905,0.03768476286688666,0.8784795214525635,25,30,20
19,3836,0.0013516555971178196,0.07988873374354961,0.03998092870541079,0.878778681953922,25,30,20
19,3837,0.003988865754190853,0.07988505001990001,0.03844717077294272,0.8776789134529662,25,30,20
19,3838,0.002314189317528652,0.0798683954577848,0.03990874477228326,0.877908670452404,25,30,20
19,3839,0.0033044681800992307,0.07919901410997304,0.03872723327551227,0.8787692844344153,25,30,20
19,3840,0.0030550045420058686,0.07987885401105123,0.03826719540559072,0.8787989460413523,25,30,20
19,3841,0.015749545348021053,0.07986457313618846,0.025900265330744295,0.8784856161850462,25,30,20
19,3842,0.0014386557823189497,0.07986407073732861,0.00038935250574801913,0.9183079209746038,25,30,20
19,3843,0.0014742292559904635,0.07986405512291662,0.0003912721804870785,0.9182704434406055,25,30,20
19,3844,0.0036854202771923784,0.07895881967587777,0.0002625934463943678,0.9170931666005357,25,30,20
19,3845,0.003704082125952797,0.07895881944253776,0.0002593959442607481,0.9170777024872485,25,30,20
19,3846,0.0013321224394966572,0.07989025261058845,3.7737835795686974e-05,0.9187398871141202,25,30,20
19,3847,0.0029139063635407404,0.07989025427051258,0.0003251582885881213,0.9168706810773598,25,30,20
19,3848,0.007229507941000979,0.07988615908244766,0.028107118472659356,0.884777214503891,25,30,20
19,3849,0.004789122347474839,0.07989326285971327,0.027820548215415224,0.8874970665773962,25,30,20
19,3850,0.0028892910614513874,0.07989760183664286,0.07442044618583456,0.8427926609160701,25,30,20
19,3851,0.002803401711568141,0.07989760177489899,0.07426829094027618,0.8430307055732571,25,30,20
19,3852,0.006133415380140766,0.07988869001594189,0.04579109920329022,0.8681867954006272,25,30,20
19,3853,0.0037514250372686613,0.07987365353892213,0.037029876025826816,0.8793450453979814,25,30,20
19,3854,0.0036920580337101404,0.07987851261512835,0.037041646640348834,0.8793877827108117,25,30,20
19,3855,0.005383454584712688,0.07935881707377118,0.03843632255274323,0.8768214057887728,25,30,20
19,3856,0.0034614789600449563,0.0798972139330742,0.03790437321969249,0.8787369338871892,25,30,20
19,3857,0.005509113729005706,0.07990700972305186,0.04503381613625766,0.869550060411685,25,30,20
19,3858,0.0036631929445728423,0.07990218018567574,0.04683086206511578,0.8696037648046352,25,30,20
19,3859,0.0023420045426794283,0.07998915991864987,0.048025542245120886,0.86964329329355,25,30,20
19,3860,0.0020363296797359224,0.08091903655624051,0.03897886155770432,0.8780657722063192,25,30,20
19,3861,0.002283249717755702,0.0798790403427303,0.04001026206333361,0.8778274478761797,25,30,20
19,3862,0.003366900804726958,0.08189802956093008,0.04598362818644554,0.8687514414478968,25,30,20
19,3863,0.005766816180075993,0.08218782422127065,0.03411436107097918,0.8779309985276735,25,30,20
19,3864,0.0026006001257020722,0.07995178136877817,0.03917248527408198,0.8782751332314385,25,30,20
19,3865,0.0020266504540454593,0.07987414897707622,0.039517192147399065,0.8785820084214784,25,30,20
19,3866,0.00228086333419545,0.08224246896532109,0.037720754506720376,0.8777559131937632,25,30,20
19,3867,0.020739104083706782,0.07963800983330137,0.02188442466654923,0.8777384614164423,25,30,20
19,3868,0.04651229862786883,0.07966204092874342,0.0011594821465361076,0.872666178296851,25,30,20
19,3869,0.043683489403447025,0.07929600141560506,0.0009575873196843565,0.8760629218612634,25,30,20
19,3870,0.04375347498390897,0.07951700379064923,0.0007167974360522003,0.8760127237893889,25,30,20
19,3871,0.03500976950317347,0.07959092100184843,0.006675107644964075,0.878724201850015,25,30,20
19,3872,0.04123002453517825,0.07988813878677513,7.31451078714525e-05,0.8788086915701762,25,30,20
19,3873,0.04124515207607054,0.07989241013121486,0.000655909601019515,0.8782065281916954,25,30,20
19,3874,0.03892306346891495,0.07988488778254543,0.0027927354757265287,0.8783993132728131,25,30,20
19,3875,0.04171878082244276,0.07988996409794137,4.892148474655536e-05,0.8783423335948699,25,30,20
19,3876,0.042442306675209165,0.07838452727109901,0.0018134797449806195,0.8773596863087108,25,30,20
19,3877,0.04355590695668716,0.07989700590481243,0.0017109393627573024,0.8748361477757429,25,30,20
19,3878,0.04197069701930682,0.07990678282864805,0.0007692761651756096,0.8773532439868699,25,30,20
19,3879,0.04195914558077779,0.07988300887659634,0.00018644016973061597,0.8779714053728961,25,30,20
19,3880,0.041763057916134244,0.0798830067180934,0.00018007996503879804,0.8781738554007332,25,30,20
19,3881,0.04213463351490151,0.07986129492974837,0.037136008664030516,0.8408680628913189,25,30,20
19,3882,0.0017652648448241038,0.07984879960749715,0.07671533804292995,0.8416705975047486,25,30,20
19,3883,0.02437171831664245,0.07919230306085105,0.05856392474163676,0.83787205388087,25,30,20
19,3884,0.04405263178210251,0.07937309744788364,0.03530374437853565,0.841270526391478,25,30,20
19,3885,0.06528624734431838,0.07989772662034621,0.008190859594309778,0.8466251664410261,25,30,20
19,3886,0.02982141672980696,0.0798843936014547,0.043704361956745964,0.8465898277119922,25,30,20
19,3887,0.03750851137191966,0.07988419299015159,0.0437395413789865,0.838867754258943,25,30,20
19,3888,0.038357193921674415,0.07988439300612094,0.04408366492299359,0.8376747481492093,25,30,20
19,3889,0.0026044249523451755,0.07988437438104812,0.07973955470496252,0.8377716459616424,25,30,20
19,3890,0.0022685200942745027,0.07987709158366962,0.07908227358230378,0.838772114739752,25,30,20
19,3891,0.00339229512610121,0.0799060646002762,0.03914118281385209,0.87756045745977,25,30,20
19,3892,0.002818391450870899,0.0799054629872656,0.03978230560401018,0.8774938399578537,25,30,20
19,3893,0.010058803629314599,0.07990546001465218,0.031512176588142385,0.8785235597678913,25,30,20
19,3894,0.01462685013026213,0.0799057175433968,0.027488758029698558,0.8779786742966436,25,30,20
19,3895,0.0020310366412797163,0.08082130242859772,0.039070515689299395,0.8780771452408236,25,30,20
19,3896,0.012237533763668566,0.07989393219316873,0.03098166447686158,0.8768868695663017,25,30,20
19,3897,0.010993302496478431,0.07926862200240867,0.03098614279335762,0.8787519327077546,25,30,20
19,3898,0.010663146488200692,0.07990214190498884,0.030983807992653444,0.8784509036141565,25,30,20
19,3899,0.030132688253086223,0.07987137494181351,0.0128273910280008,0.8771685457770994,25,30,20
19,3900,0.04166523406841591,0.07964760957215261,0.0008108552044849516,0.8778763011549483,25,30,20
19,3901,0.04174657238142628,0.07965296522994135,0.0012433752062053927,0.8773570871824273,25,30,20
19,3902,0.0050822403154674985,0.07944309963768177,0.04031270351448336,0.8751619565323656,25,30,20
19,3903,0.0026497675192863474,0.07916592494916155,0.04933748818950025,0.8688468193420524,25,30,20
19,3904,0.004412694470329595,0.07968559316646591,0.04015534716685953,0.875746365196344,25,30,20
19,3905,0.0041160167662325055,0.07990724617175098,0.039980422201266304,0.8759963148607508,25,30,20
19,3906,0.0041234911934354915,0.07990661177287706,0.04018641537754472,0.8757834816561433,25,30,20
19,3907,0.005694639470364287,0.07989673748523257,0.040188807605828464,0.874219815438575,25,30,20
19,3908,0.004089477571458682,0.07989261507935923,0.04017378604130334,0.8758441213078791,25,30,20
19,3909,0.004966195009156227,0.07988218343130425,0.0399808965427679,0.875170725016772,25,30,20
19,3910,0.004409891205766658,0.07989027756806405,0.040109004979827736,0.8755908262463415,25,30,20
19,3911,0.002731134701301566,0.07989261535897829,0.040013200276521756,0.8773630496631994,25,30,20
19,3912,0.0017807680503592479,0.0798928007736999,0.03998544490738969,0.8783409862685511,25,30,20
19,3913,0.0017218826507649908,0.07985681678830744,0.07988753708378704,0.8385337634771405,25,30,20
19,3914,0.004951104160285555,0.07986135236911063,0.08006597207218637,0.8351215713984174,25,30,20
19,3915,0.003001093678373054,0.07984746045818815,0.040109305231517754,0.877042140631921,25,30,20
19,3916,0.00178014181651322,0.07989288980432868,0.04051017863634498,0.8778167897428131,25,30,20
19,3917,0.002193623657225847,0.07990216777802543,0.015265564801882979,0.9026386437628665,25,30,20
19,3918,0.0019889088065432794,0.07948192881844149,0.0010960666382727015,0.9174330957367411,25,30,20
19,3919,0.0033155840660785284,0.0796781950972265,0.0005498281473649198,0.9164563926893291,25,30,20
19,3920,0.0013489843708212532,0.07967819276286586,0.00022120724477200812,0.9187516156215406,25,30,20
19,3921,0.0017012764605952022,0.07971413110129315,0.0005422896953646691,0.918042302742747,25,30,20
19,3922,0.012787671205338682,0.06295757662054609,0.007493741552242627,0.916761010621872,25,30,20
19,3923,0.0016306338220882137,0.07923941200574075,0.000706548789465808,0.9184234053827052,25,30,20
19,3924,0.0028132113445738403,0.0792797460703796,7.577258080151153e-05,0.9178312700042448,25,30,20
19,3925,0.0246032101154234,0.05724197971062589,0.0002505775291721426,0.9179042326447793,25,30,20
19,3926,0.0028960563748645805,0.07959645170779077,0.0007308550939809858,0.9167766368233634,25,30,20
19,3927,0.003448626499875254,0.07964336710821701,0.0003091265607504158,0.9165988798311578,25,30,20
19,3928,0.00231621708144722,0.0798754649446703,4.271412790214202e-05,0.9177656038459803,25,30,20
19,3929,0.0016563225254327305,0.07987591263864666,0.00018656100241325877,0.9182812038335066,25,30,20
19,3930,0.002346768654528349,0.07989437941801157,0.00021334256610060372,0.9175455093613588,25,30,20
19,3931,0.003302948573977737,0.07985788569387281,5.5932523698253206e-05,0.9167832332084518,25,30,20
19,3932,0.004547003767951124,0.07985788567557045,0.0002566736192222979,0.915338436937257,25,30,20
19,3933,0.002288843431890819,0.07985356327341898,4.455416021366385e-05,0.9178130391344772,25,30,20
19,3934,0.0021728920890300737,0.07985353453690602,3.028300316384948e-05,0.9179432903708993,25,30,20
19,3935,0.0021734362197120102,0.07989458369279791,3.252490951795085e-05,0.9178994551779717,25,30,20
19,3936,0.00197191373891911,0.07989463457673543,3.961273937038288e-05,0.9180938389449753,25,30,20
19,3937,0.002919529181801223,0.07989463445551803,4.195145629011481e-05,0.9171438849063916,25,30,20
19,3938,0.0013353622953420343,0.07986383719041365,3.469063759332929e-05,0.9187661098766513,25,30,20
19,3939,0.0017812357042284197,0.07988774488068665,4.225824779903489e-05,0.9182887611672856,25,30,20
19,3940,0.002953555458719593,0.07989530462361967,8.667027126227078e-05,0.9170644696463977,25,30,20
19,3941,0.0017450350377775248,0.0798531765350505,4.4806606858924106e-05,0.9183569818203129,25,30,20
19,3942,0.0020613039399124448,0.07990721369738732,0.03704311063999503,0.8809883717227052,25,30,20
19,3943,0.002534762509543025,0.07990291724903428,0.007062764288755681,0.9104995559526659,25,30,20
19,3944,0.0013370669561476006,0.07990269547128549,3.83637570443855e-05,0.9187218738155242,25,30,20
19,3945,0.0021482222793532913,0.07990233570914865,5.397183441286822e-05,0.9178954701770868,25,30,20
19,3946,0.0013558281668119348,0.07986986295127643,3.307354986647802e-05,0.9187412353320457,25,30,20
19,3947,0.0013265827363402542,0.07986986293214807,3.66606245716102e-05,0.9187668937069405,25,30,20
19,3948,0.002117024033680351,0.0798748562513263,0.015647612160352792,0.9023605075546414,25,30,20
19,3949,0.003297387936426085,0.0798973358797944,0.015732242838847367,0.9010730333449329,25,30,20
19,3950,0.004163216999137795,0.07989733870768576,0.01594025016904448,0.8999991941241317,25,30,20
19,3951,0.003856291290764569,0.0798967477029476,0.00017667767846880517,0.9160702833278194,25,30,20
19,3952,0.0013622101038259927,0.07988011231118718,0.000196401102040828,0.918561276482945,25,30,20
19,3953,0.0013476428988655155,0.07988867510352572,0.0006308358858291886,0.9181328461117796,25,30,20
19,3954,0.0014931481541235142,0.07983022659545862,0.000430741142383147,0.9182458841080363,25,30,20
19,3955,0.005339911351856562,0.07919615256509893,0.0007415699649544723,0.9147223661180897,25,30,20
19,3956,0.001680743153648256,0.07989821270958469,4.236106749274396e-05,0.9183786830692736,25,30,20
19,3957,0.0013449767037002546,0.07988462171637155,3.707154637934717e-05,0.9187333300335483,25,30,20
19,3958,0.0012710126024350287,0.0798937147031515,2.3423607437093886e-05,0.9188118490869767,25,30,20
19,3959,0.0013391618750727842,0.07969768226725231,0.00019945862316690533,0.9187636972345078,25,30,20
19,3960,0.003103609768544105,0.07970202336280147,0.000716047774098474,0.9164783190945553,25,30,20
19,3961,0.0030798125494214,0.06256427822059552,0.017366655932953327,0.9169892532970306,25,30,20
19,3962,0.004429573603321829,0.06275472047300804,0.026107813463299368,0.9067078924603709,25,30,20
19,3963,0.0034738414789840634,0.07966956782681286,0.009761502858510449,0.907095087835692,25,30,20
19,3964,0.0023665985723183426,0.07965665044530816,0.009155342020841433,0.9088214089615323,25,30,20
19,3965,0.001956660084875886,0.07989400600559968,7.339076879455986e-05,0.91807594314073,25,30,20
19,3966,0.001958061772680553,0.07989742318407213,5.9257060323639135e-05,0.9180852579829245,25,30,20
19,3967,0.0031936283107522802,0.07989113109123147,7.264040305486071e-05,0.9168426001949612,25,30,20
19,3968,0.0020105454037194033,0.07989793827892362,5.387568131412426e-05,0.9180376406360417,25,30,20
19,3969,0.00433246711810511,0.07970664364778615,0.00035811753115252027,0.9156027717029555,25,30,20
19,3970,0.0022676960681144043,0.07989666832736152,0.0004897189125260368,0.9173459166919968,25,30,20
19,3971,0.00316624866290839,0.0798880390231031,0.0006723192209877539,0.9162733930930012,25,30,20
19,3972,0.0023735879158407625,0.07990335966542239,0.00014880340292187938,0.917574249015815,25,30,20
19,3973,0.001372781255127688,0.0716118837803174,0.008306295161564144,0.9187090398029913,25,30,20
19,3974,0.0017068545747485518,0.07161224854957783,0.022563577577762027,0.9041173192979115,25,30,20
19,3975,0.0021793572319750596,0.07161224839830048,0.008314483974136254,0.9178939103955875,25,30,20
19,3976,0.0022331481979011724,0.07986697333220939,0.0003951275025235105,0.9175047509673653,25,30,20
19,3977,0.0035352276664466996,0.07985874413850175,5.66605710603195e-05,0.9165493676239911,25,30,20
19,3978,0.0025546182821668336,0.07989831695057203,4.976255604789438e-05,0.9174973022112128,25,30,20
19,3979,0.0020269887217026997,0.07988613490201403,7.737244036249059e-05,0.9180095039359195,25,30,20
19,3980,0.0016667012821457972,0.06273602233626911,0.017333316056634865,0.9182639603249503,25,30,20
19,3981,0.002272449373767004,0.0624543848009631,0.01733839377527377,0.9179347720499968,25,30,20
19,3982,0.0023390072479433288,0.07990709111654347,0.00021059475938165,0.9175433068761326,25,30,20
19,3983,0.0019949450379709147,0.07986837816974464,0.0002079126039368814,0.9179287641883477,25,30,20
19,3984,0.0025846029493681593,0.07986808530382067,5.8556633979026774e-05,0.9174887551128313,25,30,20
19,3985,0.0015914603282465433,0.07967379072109684,0.0002684851570041603,0.9184662637936535,25,30,20
19,3986,0.0013662201000150076,0.07989073719025322,0.000799264759933435,0.9179437779497994,25,30,20
19,3987,0.0017217214911209938,0.0797057664810002,0.00022702527232065098,0.9183454867555589,25,30,20
19,3988,0.001326335994312999,0.07936393161022211,0.0006917230014520367,0.9186180093940134,25,30,20
19,3989,0.0018020541635472575,0.07936393616877839,0.016739703028063282,0.9020943066396123,25,30,20
19,3990,0.0022292736377232426,0.07988218995856668,0.0007827347710391252,0.917105801632672,25,30,20
19,3991,0.0014325325846318143,0.0792265648773535,0.0018353266105449488,0.9175055759274703,25,30,20
19,3992,0.002454341577336878,0.0798855414672845,0.00020356409325132302,0.9174565528621274,25,30,20
19,3993,0.0018471666699555885,0.07989758111157591,0.000772840474956679,0.9174824117435117,25,30,20
19,3994,0.0042465656827466915,0.07989758165952514,6.188583008424435e-05,0.9157939668276452,25,30,20
19,3995,0.00177444418957449,0.07990160627476593,4.239539908279596e-05,0.9182815541365784,25,30,20
19,3996,0.0015504982322455643,0.07986876376393358,0.00024002443239481925,0.918340713571427,25,30,20
19,3997,0.002700880475144208,0.07990235470748741,0.0007879368652448592,0.9166088279521241,25,30,20
19,3998,0.002964060890413347,0.07905175736253862,0.0009395909724879311,0.9170445907745602,25,30,20
19,3999,0.0016598529473405338,0.07989754338903694,0.00022860580679170004,0.9182139978568324,25,30,20
19,4000,0.0029927360869654624,0.07988859572885151,0.007052097362337718,0.9100665708218447,25,30,20
19,4001,0.002998141999490169,0.07952170184394572,0.0074304598231997535,0.910049696333365,25,30,20
19,4002,0.0013857157274201357,0.07952147016046131,0.007426237667959762,0.9116665764441592,25,30,20
19,4003,0.007732628070124775,0.07952592445253764,0.0008544303978778906,0.9118870170794595,25,30,20
19,4004,0.00696158814259649,0.07713961778978512,0.00043753098661613026,0.9154612630810023,25,30,20
19,4005,0.005481682366305928,0.0771396221293052,0.014882483904586432,0.9024962115998028,25,30,20
19,4006,0.0030525879821116132,0.07990221881814913,0.007292675374198549,0.9097525178255407,25,30,20
19,4007,0.0016787171250683163,0.07989726845315957,0.007282503880307636,0.9111415105414631,25,30,20
19,4008,0.006749810479276924,0.07988759052052777,0.00015702643978392076,0.9132055725604101,25,30,20
19,4009,0.0047166023748911245,0.07988874089299355,6.340384481348999e-05,0.915331252887302,25,30,20
19,4010,0.0022035744935783113,0.07989770918352668,4.473715530600961e-05,0.9178539791675907,25,30,20
19,4011,0.0030571172053769063,0.07990740534017651,5.145678499404224e-05,0.9169840206694527,25,30,20
19,4012,0.002790367182607516,0.07928137511738476,0.000259118545782556,0.9176691391542251,25,30,20
19,4013,0.0013927278762207974,0.07988713924455725,3.174867166146694e-05,0.9186883842075604,25,30,20
19,4014,0.0022671532355884906,0.07988566896344491,5.7447372472964494e-05,0.9177897304284929,25,30,20
19,4015,0.002230652617653922,0.07988566896387322,5.106440379338027e-05,0.917832614014679,25,30,20
19,4016,0.0019020713904050717,0.07926710847742542,0.0002679420735025049,0.9185628780586664,25,30,20
19,4017,0.0032357325234586443,0.07989236453053397,0.00024396244302091893,0.9166279405029871,25,30,20
19,4018,0.002543406683926194,0.07989236567666574,4.816981953769267e-05,0.9175160578198707,25,30,20
19,4019,0.028295581017442274,0.05786459517000842,0.0002899148652516167,0.9135499089472972,25,30,20
19,4020,0.02922486512265437,0.040223811466001146,0.01676381913108485,0.9137875042802599,25,30,20
19,4021,0.005825293923114642,0.03994446594292832,0.04060670014486587,0.9136235399890914,25,30,20
19,4022,0.00382273909860075,0.03972074693973886,0.040834057650635414,0.9156224563110261,25,30,20
19,4023,0.006572781621412024,0.03995387795730483,0.05501962075291161,0.8984537196683717,25,30,20
19,4024,0.015267407440368015,0.03995332626317157,0.029324912861121398,0.9154543534353395,25,30,20
19,4025,0.005651029000128423,0.03993023998167881,0.03793142992326777,0.916487301094925,25,30,20
19,4026,0.005963385432473544,0.039930240876716504,0.03793203105144817,0.9161743426393617,25,30,20
19,4027,0.00462525557918309,0.03994530704039363,0.03792977087250244,0.9174996665079209,25,30,20
19,4028,0.0016461378883502256,0.039944444380925793,0.04000321381693408,0.9184062039137904,25,30,20
19,4029,0.0017120698423983877,0.03994428434293219,0.0399309336547347,0.9184127121599355,25,30,20
19,4030,0.038305670217885265,0.03995523576024036,0.0033453817723050577,0.9183937122495687,25,30,20
19,4031,0.04157715826511241,0.03995328461507242,0.0003483095188164698,0.9181212476009981,25,30,20
19,4032,0.04352703219868536,0.039719756732802994,0.0005989958945697215,0.9161542151739404,25,30,20
19,4033,0.042270649271526864,0.03995045126501968,0.00025432035408761556,0.9175245791093661,25,30,20
19,4034,0.02993932854833508,0.039897727106347224,0.012307878704503035,0.9178550656408142,25,30,20
19,4035,0.029838822400977624,0.03995385604037129,0.012514475527652977,0.9176928460309977,25,30,20
19,4036,0.030590135055104856,0.03994439856546714,0.012312960734580476,0.9171525056448462,25,30,20
19,4037,0.028057198380468325,0.03961500209420422,0.01360200522665347,0.9187257942986727,25,30,20
19,4038,0.004822825901267613,0.038819413621783115,0.039150175313903565,0.917207585163045,25,30,20
19,4039,0.0039045665637524314,0.039953759785991506,0.038473328798091566,0.9176683448521638,25,30,20
19,4040,0.002546473034829464,0.039944164193244876,0.03985043517711453,0.9176589275948097,25,30,20
19,4041,0.002630035042554329,0.04215026143052408,0.037460205870755985,0.917759497656165,25,30,20
19,4042,0.0012969415149143584,0.04249487998623229,0.03743443032981766,0.9187737481690355,25,30,20
19,4043,0.0038419971112262784,0.039407251033439186,0.04049989857418694,0.9162508532811481,25,30,20
19,4044,0.005831867509527287,0.039944114930394695,0.0380006904668789,0.9162233270931995,25,30,20
19,4045,0.006205023184065869,0.03994411645514823,0.03800811756638301,0.9158427427944039,25,30,20
19,4046,0.004713839830794325,0.039943720478802264,0.03996241843727441,0.9153800212531286,25,30,20
19,4047,0.003953010767205861,0.0399437248764349,0.039985204155503794,0.9161180602008558,25,30,20
19,4048,0.0054581069981988264,0.04265828628987052,0.03727887850376425,0.9146047282081663,25,30,20
19,4049,0.003825218299892061,0.039949541324815215,0.04056700507454462,0.9156582353007484,25,30,20
19,4050,0.002195355975398358,0.03993047099785692,0.040558484322658225,0.9173156887040871,25,30,20
19,4051,0.004480151890421336,0.039950383623010774,0.04915959666554444,0.9064098678210241,25,30,20
19,4052,0.03713203352143718,0.039949551980581935,0.004165779399746925,0.918752635098234,25,30,20
19,4053,0.03720085470169596,0.0399440401090336,0.004181175620940464,0.9186739295683293,25,30,20
19,4054,0.04124294842149465,0.039929763699287586,0.00012211747860871113,0.9187051704006093,25,30,20
19,4055,0.027277597100544976,0.039953898849760215,0.006667251984766837,0.9261012520649282,25,30,20
19,4056,0.03889315754508546,0.03995377192598496,0.005170136893709004,0.9159829336352204,25,30,20
19,4057,0.02295733193659444,0.03991284710593121,0.022090487170429492,0.9150393337870448,25,30,20
19,4058,0.004937558144285526,0.04007276286242403,0.0382017964609221,0.9167878825323686,25,30,20
19,4059,0.0035294005248875607,0.0400727603158818,0.0386282151457109,0.9177696240135195,25,30,20
19,4060,0.003941739022141743,0.03943123769835686,0.03884363405000094,0.9177833892294998,25,30,20
19,4061,0.003627856628690378,0.04000063791969617,0.03823399560535646,0.9181375098462563,25,30,20
19,4062,0.0022360253183469994,0.03942500424909093,0.04051718075824768,0.9178217896743145,25,30,20
19,4063,0.0031790182685302658,0.03942500882274217,0.040562543407850885,0.9168334295008763,25,30,20
19,4064,0.001876055043586029,0.03994842722428409,0.039979566471581095,0.9181959512605489,25,30,20
19,4065,0.0032580769752121952,0.03993339125305539,0.03906959634281011,0.9177389354289224,25,30,20
19,4066,0.04512579539111741,0.039929878161933066,0.001736328008172148,0.9132079984387776,25,30,20
19,4067,0.0067422702675163934,0.03994054998843923,0.03985411985162951,0.9134630598924146,25,30,20
19,4068,0.00248215574041951,0.0399405634718577,0.0396767617270709,0.9179005190606503,25,30,20
19,4069,0.003462948703196726,0.039944864068712144,0.039228553108732196,0.9173636341193582,25,30,20
19,4070,0.005230691963985152,0.03994411191877706,0.045423872681294865,0.9094013234359417,25,30,20
19,4071,0.005757592927905162,0.03994408160690426,0.048633369707794694,0.9056649557573959,25,30,20
19,4072,0.0023433182955823976,0.03994868071645367,0.039642140611590264,0.9180658603763725,25,30,20
19,4073,0.0029071853061270986,0.03994867941305459,0.04008290031038912,0.9170612349704277,25,30,20
19,4074,0.003406009443532773,0.03991509666657295,0.04053292591701225,0.9161459679728813,25,30,20
19,4075,0.009703200878846243,0.039964175480897,0.07214895140156229,0.8781836722386952,25,30,20
19,4076,0.04285329053329581,0.03993073330147233,0.05573813501461057,0.8614778411506218,25,30,20
19,4077,0.018940636902710105,0.03993299609440961,0.059384931784733155,0.8817414352181469,25,30,20
19,4078,0.016806702176096262,0.03995219882410603,0.059414629534271325,0.8838264694655267,25,30,20
19,4079,0.01688643832601258,0.03994644072032657,0.05941756404490941,0.8837495569087507,25,30,20
19,4080,0.0030445370699793916,0.03998388173672171,0.07878682006274797,0.8781847611305507,25,30,20
19,4081,0.0030212388065181174,0.039984038880109866,0.09669324890665233,0.86030147340672,25,30,20
19,4082,0.004556793936323111,0.042364986559608464,0.09391845199983596,0.8591597675042318,25,30,20
19,4083,0.005306987111647648,0.03994431660462337,0.09575913870931373,0.8589895575744149,25,30,20
19,4084,0.0013967203970720486,0.03995391608435864,0.09800839902574049,0.8606409644928289,25,30,20
19,4085,0.0029209529655325308,0.03178410012827745,0.08812281057045743,0.8771721363357325,25,30,20
19,4086,0.0029239221728864207,0.03254060579467294,0.08733688270544279,0.8771985893269977,25,30,20
19,4087,0.004202317377932665,0.0325405898864237,0.08625605861623434,0.877001034119408,25,30,20
19,4088,0.0015391634018060557,0.03019662546031426,0.05860117353429029,0.9096630376035882,25,30,20
19,4089,0.0015004614892876475,0.03019662547564915,0.058581533473371694,0.9097213795616915,25,30,20
19,4090,0.00396434534370852,0.039085172277243105,0.04865191878322749,0.9082985635958208,25,30,20
19,4091,0.002266066285575539,0.03908511220132889,0.039899211958448186,0.9187496095546469,25,30,20
19,4092,0.0025283721966903746,0.03908512197591318,0.039994363438432275,0.9183921423889637,25,30,20
19,4093,0.002511521541763739,0.03908511083603569,0.04063431213044882,0.9177690554917518,25,30,20
19,4094,0.003996656029906624,0.0390857683168073,0.04056015888797467,0.9163574167653117,25,30,20
19,4095,0.004463136739777207,0.03995415834330192,0.04021622188544052,0.9153664830314798,25,30,20
19,4096,0.0012967671647109047,0.03995415115820039,0.04735904163653327,0.9113900400405549,25,30,20
19,4097,0.041432690288029234,0.039944236699385495,0.0017629618520691392,0.9168601111605157,25,30,20
19,4098,0.00789835097693014,0.039944481696044074,0.03565980586945092,0.9164973614575745,25,30,20
19,4099,0.005771970708566099,0.039944730843240704,0.03549612923128814,0.9187871692169048,25,30,20
19,4100,0.0058458709499504494,0.039934202410406336,0.03549815245543012,0.9187217741842132,25,30,20
19,4101,0.0016813153933432515,0.03994880663161949,0.03975521370097776,0.9186146642740595,25,30,20
19,4102,0.0017364839832841714,0.03994880665171462,0.039543933267700025,0.9187707760973014,25,30,20
19,4103,0.0034071981940243102,0.03994880666662768,0.03955683103000825,0.9170871641093402,25,30,20
19,4104,0.0034610673501026586,0.03994880838929806,0.039569398851686095,0.9170207254089132,25,30,20
19,4105,0.00835008652056225,0.039944243370704034,0.03469123427384391,0.9170144358348901,25,30,20
19,4106,0.007477826855928416,0.03995387741750683,0.03470165015390026,0.9178666455726643,25,30,20
19,4107,0.007557015760412606,0.039953878608222276,0.03470010503254093,0.9177890005988236,25,30,20
19,4108,0.0434206295855651,0.03992985158927746,0.00031045841571829264,0.9163390604094401,25,30,20
19,4109,0.0032591520485809188,0.03992981967077505,0.0386569521758948,0.9181540761047482,25,30,20
19,4110,0.01579687543820236,0.039930038201341396,0.02545582218329341,0.9188172641771635,25,30,20
19,4111,0.015746409952044748,0.03993259113003896,0.03738467099778743,0.9069363279201297,25,30,20
19,4112,0.04128161402671814,0.03994401364540314,0.012003794805154044,0.9067705775227245,25,30,20
19,4113,0.04133544751838115,0.03928544228927351,0.0009119283652860559,0.9184671818270597,25,30,20
19,4114,0.042112839174071215,0.039285443911185464,0.0009149537087253507,0.9176867632060186,25,30,20
19,4115,0.04604517797651246,0.03995327970491298,0.0001371087765459794,0.9138644335420288,25,30,20
19,4116,0.039920415483456574,0.03997169577425485,0.0060455894340368166,0.9140622993082513,25,30,20
19,4117,0.03635702521666058,0.03997167613897854,0.006132257940273406,0.9175390407040885,25,30,20
19,4118,0.03800713498260136,0.03994814710519628,0.006132547846072246,0.9159121700661309,25,30,20
19,4119,0.04051328357911348,0.039930382845751476,0.0014677461791103596,0.918088587396025,25,30,20
19,4120,0.04173111098901067,0.0399540223018239,0.0018610849174303162,0.9164537817917356,25,30,20
19,4121,0.020940585064633747,0.03994084895483477,0.018533960759430312,0.9205846052211,25,30,20
19,4122,0.020630064788723007,0.03994437233191319,0.018708285160936953,0.920717277718427,25,30,20
19,4123,0.020668019087589765,0.03994437155829256,0.0187037703268503,0.9206838390272679,25,30,20
19,4124,0.02120883507918809,0.03994420799880685,0.02713906962578516,0.9117078872962194,25,30,20
19,4125,0.03847883600452415,0.03995350298259798,0.0034093952613664124,0.9181582657515115,25,30,20
19,4126,0.03994624716132259,0.039953551116093486,0.0034692978879238734,0.9166309038346597,25,30,20
19,4127,0.006789642326981915,0.039949188093096354,0.035415740091028776,0.9178454294888936,25,30,20
19,4128,0.006920779338151951,0.03993862098327961,0.035410512192990996,0.917730087485577,25,30,20
19,4129,0.004104308424905765,0.03993861066120738,0.03811380985537555,0.9178432710585116,25,30,20
19,4130,0.0018831717203433467,0.03993857936178165,0.039799351392522365,0.9183788975253536,25,30,20
19,4131,0.001864338920486815,0.03992986530264197,0.04835405947128838,0.9098517363055834,25,30,20
19,4132,0.001742226958895147,0.039944470277169124,0.04835655689044754,0.9099567458734883,25,30,20
19,4133,0.00318055331725184,0.03995370388814667,0.039807477076099655,0.9170582657185019,25,30,20
19,4134,0.0032522388465494284,0.0399442893247061,0.03969623375242696,0.9171072380763181,25,30,20
19,4135,0.036374021171324065,0.03994434113174561,0.004952901452813866,0.9187287362441152,25,30,20
19,4136,0.02940581541317987,0.039944997600683214,0.013129102264731381,0.9175200847214053,25,30,20
19,4137,0.04241485914775067,0.03994429010220117,0.007502932228982327,0.9101379185210662,25,30,20
19,4138,0.0022389383322324896,0.03995375718438464,0.04057519410060888,0.9172321103827741,25,30,20
19,4139,0.002771112297101871,0.03994446610569827,0.040335130591274464,0.9169492910059259,25,30,20
19,4140,0.0057244206015105,0.03995355280528441,0.03670467050129565,0.91761735609191,25,30,20
19,4141,0.0033148530984149272,0.0399443363089962,0.038326563994130265,0.9184142465984583,25,30,20
19,4142,0.00943924457468085,0.03994407223731194,0.031879580024463484,0.9187371031635417,25,30,20
19,4143,0.01033904674224434,0.03994408531818878,0.03197925242317937,0.9177376155163879,25,30,20
19,4144,0.016937018583636047,0.03995850514799877,0.02457713081565584,0.9185273454527095,25,30,20
19,4145,0.0017953245791183785,0.03994407309039233,0.04037095368448397,0.9178896486460058,25,30,20
19,4146,0.00654386939579093,0.039949281885945084,0.03578830972086842,0.9177185389973951,25,30,20
19,4147,0.005944407296386856,0.03994928187714073,0.035853183243014806,0.9182531275834578,25,30,20
19,4148,0.0033570642561996642,0.03993307384433703,0.04024185590431897,0.9164680059951447,25,30,20
19,4149,0.003970443328573687,0.03993304121414164,0.038369005100121485,0.9177275103571639,25,30,20
19,4150,0.003937708452562997,0.03995349919000334,0.038353692197036014,0.9177551001603977,25,30,20
19,4151,0.002969160583235777,0.03994390866160189,0.04555938428859107,0.9115275464665709,25,30,20
19,4152,0.004811678276384399,0.03169366897975518,0.046580133111866574,0.9169145196319939,25,30,20
19,4153,0.0038356369108988693,0.0399441736629952,0.038351162368023294,0.9178690270580823,25,30,20
19,4154,0.0014002729976399606,0.03991769249716193,0.03716466463630515,0.9215173698688927,25,30,20
19,4155,0.0015379019526878266,0.03992984241777988,0.03987105006380051,0.9186612055657316,25,30,20
19,4156,0.002883338445691211,0.03992984374505714,0.04002250724263889,0.9171643105666126,25,30,20
19,4157,0.003111439858084212,0.03932843944567421,0.03997663471286657,0.917583485983375,25,30,20
19,4158,0.0053129886357151735,0.03932844136617249,0.039209654436206096,0.9161489155619058,25,30,20
19,4159,0.003678690204774852,0.039953884224897235,0.04008980103385995,0.9162776245364672,25,30,20
19,4160,0.002198202952965736,0.03994385809202993,0.04861706941750408,0.909240869537501,25,30,20
19,4161,0.002230788016938132,0.03994385594680122,0.04862485844527471,0.9092004975909864,25,30,20
19,4162,0.005418817787557405,0.039285750546174315,0.04877564391983227,0.906519787746436,25,30,20
19,4163,0.00522610593353471,0.03928575050479661,0.06039705422922328,0.8950910893324443,25,30,20
19,4164,0.00600229142751064,0.03928575187048071,0.06063482379937578,0.8940771329026327,25,30,20
19,4165,0.003411362159174246,0.03942927553678185,0.03964396295240076,0.9175153993516418,25,30,20
19,4166,0.003082714357268883,0.039940609241926855,0.03922695135349907,0.9177497250473047,25,30,20
19,4167,0.0025117932757025446,0.03993431113976828,0.03938061425421312,0.9181732813303154,25,30,20
19,4168,0.0017360269024893258,0.03993431170692498,0.047009140312513784,0.9113205210780706,25,30,20
19,4169,0.0023628197964032983,0.03994467671667397,0.03972229102369519,0.9179702124632264,25,30,20
19,4170,0.0016181889874875386,0.03994427937006948,0.039987591571152364,0.9184499400712905,25,30,20
19,4171,0.0313438736952851,0.03994427864774343,0.012164831954114252,0.9165470157028563,25,30,20
19,4172,0.016622064435455917,0.03990032393558001,0.02640684954678969,0.9170707620821729,25,30,20
19,4173,0.0038676639270236158,0.039953181440593365,0.039680735754257325,0.9164984188781253,25,30,20
19,4174,0.004924367584650996,0.03994423466646183,0.0385036275216585,0.9166277702272286,25,30,20
19,4175,0.04183209981125999,0.0399460603127078,0.0018619168196259276,0.9163599230564062,25,30,20
19,4176,0.04422567332672899,0.02993760344872072,0.011413484961424232,0.914423238263125,25,30,20
19,4177,0.00555067025837676,0.0496419559277019,0.028748715983787268,0.9160586578301342,25,30,20
19,4178,0.0046397891160827424,0.03965804793968656,0.03887796899132866,0.9168241939529007,25,30,20
19,4179,0.02718138382382042,0.03995352694852475,0.014459015972082948,0.9184060732555719,25,30,20
19,4180,0.030461542730944563,0.03994443848927395,0.013274796132538817,0.9163192226472419,25,30,20
19,4181,0.010158561858773608,0.039953590554903,0.03303058374357934,0.9168572638427436,25,30,20
19,4182,0.009664751606419126,0.039913769322355436,0.03360689271805338,0.9168145863531721,25,30,20
19,4183,0.002609408731408957,0.05263243748899924,0.011427472101764289,0.9333306816778272,25,30,20
19,4184,0.001740539634653679,0.020270376585893594,0.056583628440036914,0.9214054553394151,25,30,20
19,4185,0.003770604873618784,0.058727134324781556,0.018755076837735835,0.9187471839638642,25,30,20
19,4186,0.0037369588854163625,0.05872713379469289,0.018741593101275912,0.9187943142186141,25,30,20
19,4187,0.0013444534480298042,0.0796287405929116,0.0007259646095549306,0.9183008413495045,25,30,20
19,4188,0.0013616842580342705,0.07986209990410738,4.826831681128411e-05,0.9187279475210468,25,30,20
19,4189,0.002247926182156259,0.07900924369735436,4.1948348493402395e-05,0.9187008817719949,25,30,20
19,4190,0.0030969304082336395,0.07900924408964534,0.00022154231782133314,0.9176722831842993,25,30,20
19,4191,0.0014413177508722098,0.0798974568300046,0.0002486338093577724,0.9184125916097645,25,30,20
19,4192,0.0021230361504994584,0.07167204247596898,0.00841299111410256,0.9177919302594287,25,30,20
19,4193,0.0014566912766501247,0.07169031811373074,0.008193992764649091,0.9186589978449688,25,30,20
19,4194,0.0014274450838031721,0.07967392963364311,0.0004146372377927226,0.9184839880447611,25,30,20
19,4195,0.0013528745977389829,0.07966774537239177,0.00027165307167029086,0.9187077269581985,25,30,20
19,4196,0.0030085017456712095,0.07824798849321442,7.467946676801415e-05,0.9186688302943463,25,30,20
19,4197,0.0022746615934954133,0.07984443089243942,4.519927643229612e-05,0.9178357082376336,25,30,20
19,4198,0.003810554738260536,0.07988265020083067,4.574917347918008e-05,0.9162610458874291,25,30,20
19,4199,0.0016535917120199558,0.07987348066764903,5.191685221650353e-05,0.9184210107681132,25,30,20
19,4200,0.001519094006202237,0.07987685476785181,6.1400141431232e-05,0.9185426510845147,25,30,20
19,4201,0.005407994186308436,0.07987685668392377,0.00035159351656324474,0.9143635556132041,25,30,20
19,4202,0.002322539722824321,0.07987426106781378,5.5006740035320426e-05,0.9177481924693265,25,30,20
19,4203,0.0013720530803325581,0.07987425862902194,4.243758287366341e-05,0.9187112507077709,25,30,20
19,4204,0.0025976081810449546,0.07988757214387773,0.0012132931167713936,0.9163015265583055,25,30,20
19,4205,0.004981493210858862,0.07988757379916636,0.0005107529641661836,0.914620180025809,25,30,20
19,4206,0.00541414392547736,0.07989780363528198,0.0005281677858143788,0.9141598846534263,25,30,20
19,4207,0.00378074312849614,0.07989780349299413,8.17674565201403e-05,0.9162396859219892,25,30,20
19,4208,0.004142413109051687,0.07167763555998442,0.008482603601269357,0.9156973477296938,25,30,20
19,4209,0.004462988033277523,0.07988612388083101,7.178060114530409e-05,0.9155791074847456,25,30,20
19,4210,0.001678248940157824,0.07988612344771905,6.290548202455189e-05,0.9183727221300981,25,30,20
19,4211,0.002225886696272215,0.07989260589520675,3.423758653857141e-05,0.9178472698219826,25,30,20
19,4212,0.004621785485564159,0.042005689134101444,0.037951267556904346,0.9154212578234309,25,30,20
19,4213,0.005417557705163664,0.04200568838644819,0.03838772007161992,0.9141890338367686,25,30,20
19,4214,0.0013655703766024452,0.03993509163723866,0.0399730597423437,0.9187262782438154,25,30,20
19,4215,0.001389219553276313,0.03993509047540851,0.04042220488412542,0.9182534850871897,25,30,20
19,4216,0.0022505735061698444,0.039935079335074564,0.039596532765071,0.9182178143936847,25,30,20
19,4217,0.0024032592725543363,0.039935081142058626,0.00025454207631580314,0.9574071175090717,25,30,20
19,4218,0.002052466498500648,0.03995353193491522,6.100511102087953e-05,0.9579329964555638,25,30,20
19,4219,0.002197449119051012,0.0399535280152596,3.418348096085777e-05,0.9578148393847284,25,30,20
19,4220,0.001972181288686687,0.038909523706950305,0.0004867371520620212,0.9586315578523009,25,30,20
19,4221,0.0013561793878315762,0.039944351412219296,3.4358203967686144e-05,0.958665110995982,25,30,20
19,4222,0.0013042592109400405,0.0399442630725565,3.237651470550023e-05,0.9587191012017988,25,30,20
19,4223,0.0018901284222846962,0.039944265087111616,0.0002032284484326417,0.957962378042171,25,30,20
19,4224,0.00214574757932533,0.020291009575152574,0.01969966629576382,0.9578635765497576,25,30,20
19,4225,0.001604721258210031,0.03994429143937911,0.008482179861840234,0.9499688074405702,25,30,20
19,4226,0.0013580036402464578,0.03994429041339064,0.008672805517680883,0.9500249004286812,25,30,20
19,4227,0.0030422756805699703,0.03994179406410937,0.0004917441134690191,0.9565241861418514,25,30,20
19,4228,0.0016555939539055701,0.039941794045126565,5.733489661224041e-05,0.9583452771043552,25,30,20
19,4229,0.0012854790823474919,0.03994179302917366,4.144157116406301e-05,0.9587312863173142,25,30,20
19,4230,0.0016339793013786185,0.03928555443627355,0.0007280236989677024,0.9583524425633791,25,30,20
19,4231,0.00207575431613537,0.03995376056129872,6.125287891356136e-05,0.9579092322436514,25,30,20
19,4232,0.0030155620449873934,0.039943981927556646,0.0009171503779212232,0.9561233056495343,25,30,20
19,4233,0.0013172151041472694,0.03994398209408843,6.173150773947112e-05,0.9586770712940249,25,30,20
19,4234,0.0016503438212704558,0.03959866739163406,7.355618233674211e-05,0.958677432604759,25,30,20
19,4235,0.0016865493734270424,0.039598667974205436,0.0004112866808026766,0.958303495971564,25,30,20
19,4236,0.0013572060687326822,0.039944440054699375,0.00027730715288143046,0.9584210467236859,25,30,20
19,4237,0.0022301629301820984,0.03994444463403164,0.0002459283274007236,0.9575794641083849,25,30,20
19,4238,0.001686019605857931,0.039944352522131694,4.713380383069464e-05,0.9583224940681798,25,30,20
19,4239,0.0013926815393380098,0.03995341654740661,0.00045280305067563914,0.95820109886258,25,30,20
19,4240,0.003286090648722932,0.03994400921682189,0.0006357480134588788,0.9561341521209971,25,30,20
19,4241,0.00501457436883589,0.03994401354250528,6.938650318433014e-05,0.9549720255854741,25,30,20
19,4242,0.0034131390927447554,0.03994445348201783,5.825679615154131e-05,0.9565841506290864,25,30,20
19,4243,0.003364334310508256,0.03995371503442114,5.9761865944749127e-05,0.9566221887891254,25,30,20
19,4244,0.003943586138457687,0.03993191147691029,5.49596602938341e-05,0.9560695427243374,25,30,20
19,4245,0.0022339630888861847,0.039931906977920095,4.905577906369552e-05,0.9577850741541308,25,30,20
19,4246,0.0021818858875651947,0.03994851910953035,3.9969706654463525e-05,0.9578296252962503,25,30,20
19,4247,0.003304005820680974,0.03994852327531013,0.0004126507853621727,0.9563348201186451,25,30,20
19,4248,0.0024974111658868582,0.039928186902024626,0.00026480762051734116,0.9573095943115711,25,30,20
19,4249,0.00309127591806326,0.03992818691917987,0.000262814907562278,0.9567177222551949,25,30,20
19,4250,0.0031805357438503047,0.039928188435655404,0.0002736074378944731,0.9566176683826,25,30,20
19,4251,0.002288167783424797,0.039922670419689686,5.446670914956259e-05,0.9577346950877361,25,30,20
19,4252,0.0025768463322747,0.039953161284989026,5.049444589658993e-05,0.9574194979368387,25,30,20
19,4253,0.0013779750137571612,0.039953161438952535,0.0006141175998382629,0.9580547459474509,25,30,20
19,4254,0.001423135909129502,0.039953160579416606,0.0006040957710611891,0.9580196077403939,25,30,20
19,4255,0.002195706978507216,0.03995315972894873,3.987599685705826e-05,0.9578112572956876,25,30,20
19,4256,0.0021332295297004974,0.039953159697601624,3.561901704153379e-05,0.9578779917556569,25,30,20
19,4257,0.0030111521599181924,0.03995315947392085,3.884210539983202e-05,0.9569968462607619,25,30,20
19,4258,0.0012944340244549378,0.03994419178220898,0.000594573012745927,0.9581668011805907,25,30,20
19,4259,0.0012856463431491008,0.039943168910975116,0.01617396213065129,0.9425972226152257,25,30,20
19,4260,0.0021480888392399204,0.03994316807590393,0.015606135494350642,0.9423026075905052,25,30,20
19,4261,0.0030553070370272707,0.039923451014421185,4.912069760447803e-05,0.9569721212509478,25,30,20
19,4262,0.0045211644475048884,0.039275642714977625,0.0007379814352590172,0.9554652114022578,25,30,20
19,4263,0.0021692289171608564,0.039935105876240405,0.0004509062901344519,0.9574447589164644,25,30,20
19,4264,0.0016008387356214173,0.03995358456926768,3.6248896112506284e-05,0.958409327798998,25,30,20
19,4265,0.002781667682258832,0.03992982605660546,0.0006082249371391748,0.956680281323996,25,30,20
19,4266,0.004136921344126371,0.0399534168028234,0.009390876450506118,0.946518785402544,25,30,20
19,4267,0.0016565530260572894,0.03995341481988511,0.0004821415671451598,0.9579078905869126,25,30,20
19,4268,0.0022088281306644627,0.03971094775242946,0.00026023502826834176,0.9578199890886374,25,30,20
19,4269,0.0012828922103529038,0.039944459234540174,0.00017797772792630035,0.9585946708271791,25,30,20
19,4270,0.0013316687906444417,0.03994398657246416,3.1759679542760704e-05,0.9586925849573475,25,30,20
19,4271,0.0014083300321258343,0.03994398657154634,5.1847286615137447e-05,0.9585958361097107,25,30,20
19,4272,0.0017338981659895166,0.03994328927114433,0.00026392270226323475,0.958058889860603,25,30,20
19,4273,0.0013614726202563227,0.03928587517084014,0.0009160290069959112,0.958436623201907,25,30,20
19,4274,0.004225604495103598,0.039929851688175214,0.0005455376527951898,0.9552990061639269,25,30,20
19,4275,0.00394847971036644,0.03992985036116712,0.0005218634105992436,0.9555998065178675,25,30,20
19,4276,0.0030749817857711166,0.039936768888449235,0.007527637116067432,0.9494606122097125,25,30,20
19,4277,0.0022250425896988644,0.03994417441719174,3.3888208147715675e-05,0.9577968947849617,25,30,20
19,4278,0.0016574387965830979,0.03994418842913375,4.1174882052871914e-05,0.9583571978922295,25,30,20
19,4279,0.0013266375032948995,0.03995329436506363,0.01810095004217451,0.9406191180894666,25,30,20
19,4280,0.0012963060939915286,0.03994843734155837,5.290502169740436e-05,0.9587023515427526,25,30,20
19,4281,0.001700047348326724,0.039948438679870135,0.00022394644812392681,0.95812756752368,25,30,20
19,4282,0.0013834005455328141,0.039914800426676125,2.134469474689515e-05,0.9586804543330453,25,30,20
19,4283,0.0013392822733486111,0.039944283635476446,2.1618820351159523e-05,0.9586948152708247,25,30,20
19,4284,0.0012742327184721387,0.039937349658186114,2.06900420608271e-05,0.9587677275812821,25,30,20
19,4285,0.0016829758161592,0.039937351249781435,0.0006037088558398688,0.9577759640782197,25,30,20
19,4286,0.0019632261764819,0.03994433389455673,3.604540633138407e-05,0.9580563945226309,25,30,20
19,4287,0.0014259556598519739,0.03994433396152028,2.402868311585479e-05,0.9586056816955122,25,30,20
19,4288,0.00270932063856469,0.039932724280839674,8.15704440358774e-05,0.9572763846365596,25,30,20
19,4289,0.002345962887076555,0.039913169254475786,0.00727505822550065,0.9504658096329465,25,30,20
19,4290,0.0019479641999948735,0.039913167791305014,0.0072735324215641075,0.9508653355871358,25,30,20
19,4291,0.008914520888753304,0.03994004948646221,0.0029032902263132305,0.9482421393984716,25,30,20
19,4292,0.0012977683551295548,0.03994004341064685,0.01828928477397383,0.94047290346025,25,30,20
19,4293,0.0023785938873832828,0.039905941450858726,0.01831604524536494,0.9393994194163939,25,30,20
19,4294,0.004699956968731165,0.07012473901318537,0.009827649443200274,0.9153476545748822,25,30,20
19,4295,0.0016583128270897744,0.041995184516698966,0.037934779565102834,0.9184117230911083,25,30,20
19,4296,0.0017251579613569322,0.03993513853902879,0.040002100256706946,0.9183376032429059,25,30,20
19,4297,0.002039496421176837,0.03995386958589318,0.04038158445336755,0.9176250495395633,25,30,20
19,4298,0.0019018750457694112,0.03994825856467002,0.04038447761242665,0.9177653887771348,25,30,20
19,4299,0.002309098697999879,0.03994446652996939,0.041143527999296256,0.9166029067727338,25,30,20
19,4300,0.0023506676118162178,0.03994445220299142,0.0404009293333783,0.9173039508518137,25,30,20
19,4301,0.0021269286146027417,0.03975647125765468,0.04073131526678475,0.9173852848609592,25,30,20
19,4302,0.0020087774500954347,0.03994414585686736,0.03999820175847051,0.9180488749345663,25,30,20
19,4303,0.026104725503098825,0.039944171976295434,0.017035542435896202,0.9169155600847091,25,30,20
19,4304,0.025179013740625478,0.039953417531011816,0.0170215984649462,0.9178459702634156,25,30,20
19,4305,0.029543551505357063,0.03994931373489048,0.02306763410504155,0.9074395006547112,25,30,20
19,4306,0.028958784194965274,0.03909356313115303,0.01420790472829188,0.9177397479455905,25,30,20
19,4307,0.030978555272423706,0.03909356418919114,0.014415430864646007,0.9155124496737399,25,30,20
19,4308,0.025578846907134665,0.03909299401379615,0.02000905034468922,0.9153191087343799,25,30,20
19,4309,0.02225764974490065,0.0399296130972622,0.020498729897527643,0.9173140072603091,25,30,20
19,4310,0.022667034600162464,0.03994445689403365,0.020262952762789985,0.9171255557430148,25,30,20
19,4311,0.039705102637828754,0.039949647111364193,0.0047651919194297305,0.9155800583313776,25,30,20
19,4312,0.04253280204191905,0.039948865706030394,0.0054590988783676745,0.9120592333736822,25,30,20
19,4313,0.036735700460428775,0.03994885977114116,0.004960404751293348,0.9183550350171369,25,30,20
19,4314,0.0015790560959655284,0.039944480257615336,0.039903785087777595,0.9185726785586426,25,30,20
19,4315,0.006647031341900921,0.039944472978068433,0.04000247814988466,0.913406017530147,25,30,20
19,4316,0.002987208949299225,0.03994446893857764,0.04013947860417085,0.9169288435079532,25,30,20
19,4317,0.0013509847425533623,0.07985683730369365,0.00045950235056614554,0.9183326756031872,25,30,20
19,4318,0.003241515054485568,0.07985683958567988,0.0002794399288665583,0.916622205430968,25,30,20
19,4319,0.0013848644935404275,0.07989787852360623,0.014290973545712,0.9044262834371422,25,30,20
19,4320,0.0013892192581376284,0.07989826265653606,0.03997813967424127,0.8787343784110846,25,30,20
19,4321,0.0023573239550915364,0.07988921744176283,0.04006428247260931,0.8776891761305359,25,30,20
19,4322,0.0019527061610838392,0.07989778324092028,0.037404349623249206,0.8807451609747463,25,30,20
19,4323,0.0013621672792416986,0.07987361756025088,0.00823087717262585,0.9105333379878817,25,30,20
19,4324,0.0013554298454429529,0.07989798658932666,3.328177930786528e-05,0.9187133017859236,25,30,20
19,4325,0.0017336690591927984,0.07943954862397218,0.0007143138752126356,0.9181124684416226,25,30,20
19,4326,0.0014552589032409257,0.07972085728680887,0.00040943651337151376,0.9184144472965778,25,30,20
19,4327,0.0017629818235309076,0.07989032375369376,6.634634372886993e-05,0.9182803480790453,25,30,20
19,4328,0.0014431581425809878,0.07988080697559194,4.174152999689204e-05,0.9186342933518291,25,30,20
19,4329,0.0014899970773809461,0.07989067529988966,2.9292136288469575e-05,0.9185900354864404,25,30,20
19,4330,0.00323308112401422,0.0790522936561287,4.5286663508964046e-05,0.9176693385563479,25,30,20
19,4331,0.0023605308276578234,0.07954685789461392,0.0004003554096623782,0.9176922558680667,25,30,20
19,4332,0.003474495743408709,0.07953788773541372,0.0006164062610189253,0.9163712102601598,25,30,20
19,4333,0.0032638125048159326,0.07953785188881456,0.00040775504654920496,0.9167905805598192,25,30,20
19,4334,0.007777469643069008,0.03994437067381208,0.0358878570631329,0.9163903026199869,25,30,20
19,4335,0.014161249238997444,0.03999519358036494,0.027162253662947715,0.9186813035176908,25,30,20
19,4336,0.03589858943906577,0.03988999285698917,0.005827359895905163,0.9183840578080401,25,30,20
19,4337,0.038894236184847296,0.039888245149085226,0.0025507416556336,0.918666777010434,25,30,20
19,4338,0.016428986718209273,0.03995475339723831,0.024827677430827175,0.9187885824537254,25,30,20
19,4339,0.004106558877597837,0.03995247748592935,0.03822315729388663,0.917717806342585,25,30,20
19,4340,0.019026139750014624,0.039954538940903374,0.023872591874203444,0.917146729434879,25,30,20
19,4341,0.03982050793438599,0.039953428486014346,0.001403956014781416,0.9188221075648189,25,30,20
19,4342,0.044224574439473044,0.03994962844669402,0.0003692768522566284,0.9154565202615769,25,30,20
19,4343,0.006640993609894965,0.03994815301989362,0.03887821597935691,0.9145326373908546,25,30,20
19,4344,0.0052784444761790825,0.039948271079439324,0.04078423736274209,0.9139890470816391,25,30,20
19,4345,0.0016587614516644267,0.039953783179347085,0.0405234238760486,0.9178640314929402,25,30,20
19,4346,0.0020908903037042607,0.03167261643272043,0.06679865306970167,0.8994378401938742,25,30,20
19,4347,0.004277997425742233,0.031672618950202465,0.04819650025856578,0.9158528833654901,25,30,20
19,4348,0.0020068809644003915,0.03994411971175129,0.03992713173376197,0.9181218675900871,25,30,20
19,4349,0.003416571027156833,0.03995366150793955,0.03794739963521769,0.9186823678296858,25,30,20
19,4350,0.002351150951196398,0.03958610640010459,0.03971628434618323,0.918346458302516,25,30,20
19,4351,0.0014391916981059084,0.03972963203594429,0.040141826852335055,0.9186893494136134,25,30,20
19,4352,0.0038203149613975883,0.03995370699790575,0.039995110158153754,0.9162308678825428,25,30,20
19,4353,0.0022526089618462716,0.041157174729429015,0.037954617421737065,0.9186355988869879,25,30,20
19,4354,0.0013863893346557571,0.03994548017857257,0.03997531381855207,0.9186928166682202,25,30,20
19,4355,0.0014370367933061246,0.03994548017904633,0.04017328750817388,0.9184441955194727,25,30,20
19,4356,0.0018043316080218028,0.03994530870760208,0.03977966579083257,0.9184706938935431,25,30,20
19,4357,0.0017268563224192032,0.03994530708235506,0.039940683132361335,0.918387153462864,25,30,20
19,4358,0.0017856888420582917,0.03994014192320358,0.040210241743676614,0.9180639274910618,25,30,20
19,4359,0.00663856243638146,0.03994416680618487,0.04001450780083311,0.9134027629565996,25,30,20
19,4360,0.0030524981246957757,0.039912969610584575,0.03996504962339791,0.9170694826413224,25,30,20
19,4361,0.0030182362709748984,0.039944170807860904,0.03995683318897285,0.9170807597321919,25,30,20
19,4362,0.004094400300074898,0.03994417276523436,0.0003688800368308109,0.9555925468978604,25,30,20
19,4363,0.0026147048289801556,0.03994429433257865,0.00035775484727130385,0.95708324599117,25,30,20
19,4364,0.004062410475719927,0.0399534123444693,0.00042460841441203305,0.9555595687653977,25,30,20
19,4365,0.0015862645944567657,0.03995340579279512,0.00035838505541317233,0.9581019445573341,25,30,20
19,4366,0.0016016911412901744,0.03994854794863561,0.00017938859107392602,0.9582703723189993,25,30,20
19,4367,0.002985760756190983,0.03994110212377793,0.006973726601779014,0.9500994105182514,25,30,20
19,4368,0.0016619337279583238,0.03994110338772945,0.00717630326477223,0.9512206596195394,25,30,20
19,4369,0.00452875217643824,0.03994110475698799,0.007194433573171266,0.9483357094934027,25,30,20
19,4370,0.004596089454518943,0.03995355565336915,5.8809806296752705e-05,0.9553915450858149,25,30,20
19,4371,0.0021865761949971725,0.03995355447200589,3.373976040208531e-05,0.9578261295725947,25,30,20
19,4372,0.0022053731898185438,0.039953699019749725,3.4491089281388305e-05,0.9578064367011504,25,30,20
19,4373,0.0016577751646858806,0.039953698031249034,3.299547792754969e-05,0.9583555313261377,25,30,20
19,4374,0.0015576708890053517,0.03994446082811495,3.913396181590174e-05,0.9584587343210639,25,30,20
19,4375,0.002187224681872694,0.03995371162738179,5.0038489987996e-05,0.9578090252007572,25,30,20
19,4376,0.0012758580133342661,0.039953711001750644,2.4145340740885272e-05,0.9587462856441753,25,30,20
19,4377,0.0013013049130452198,0.03992937133628146,2.091107662154053e-05,0.9587484126740524,25,30,20
19,4378,0.0016454053588287067,0.039421118559921565,0.0005694574565853647,0.9583640186246656,25,30,20
19,4379,0.0012955426156540098,0.03942111880052675,0.0005473429308533779,0.9587359956529664,25,30,20
19,4380,0.001369435593351604,0.03942111931091794,0.0005529076961477801,0.958656537399582,25,30,20
19,4381,0.0013749530979261476,0.03995350630863679,2.674789748675513e-05,0.9586447926959503,25,30,20
19,4382,0.002591535491114334,0.03995350888659773,6.29768987820102e-05,0.9573919787235061,25,30,20
19,4383,0.002468977184847932,0.03995343646554397,6.196111523300657e-05,0.9575156252343742,25,30,20
19,4384,0.002143434705274587,0.03995343710968083,4.287095601266039e-05,0.957860257229032,25,30,20
19,4385,0.001564040277311952,0.0399350536519508,4.620083028143388e-05,0.9584547052404563,25,30,20
19,4386,0.001987934740276079,0.03995341045339848,3.8518940543766296e-05,0.9580201358657817,25,30,20
19,4387,0.002199746082906688,0.03995341087515253,0.0003274215643047667,0.9575194214776359,25,30,20
19,4388,0.001322632080211846,0.03995340914350321,0.009075310977059005,0.9496486477992262,25,30,20
19,4389,0.0016660601559309084,0.0399440091161056,0.02728592717437043,0.9311040035535921,25,30,20
19,4390,0.0026351602917883137,0.03994397683728454,0.018455830562205205,0.9389650323087224,25,30,20
19,4391,0.00288759215694972,0.039953498121321054,0.000215287690476194,0.9569436220312538,25,30,20
19,4392,0.0022008926824806816,0.039944079772215875,0.00035071581958666316,0.9575043117257177,25,30,20
19,4393,0.0016359923285405684,0.039944078644977746,2.903133049819465e-05,0.9583908976959837,25,30,20
19,4394,0.001423673054138625,0.039944127103209694,3.6294119268902475e-05,0.9585959057233819,25,30,20
19,4395,0.005601229447774735,0.03994445004936562,7.143261333251618e-05,0.9543828878895276,25,30,20
19,4396,0.006477923913932285,0.038481943140370005,0.0002554158426698802,0.9547847171030281,25,30,20
19,4397,0.006893049927842772,0.03964359727573659,0.007177121997103235,0.9462862307993176,25,30,20
19,4398,0.0017139566462573282,0.03995387180911827,0.0004921978925998434,0.9578399736520237,25,30,20
19,4399,0.0013653882561094476,0.03995386982906873,2.644887540021846e-05,0.958654293039421,25,30,20
19,4400,0.0016659164647033512,0.039613199120751806,3.849688452843256e-05,0.9586823875300161,25,30,20
19,4401,0.003269252687056063,0.03961319913851166,4.2111276453178956e-05,0.9570754368979781,25,30,20
19,4402,0.0012725377170244448,0.039953573769123694,2.273079631299783e-05,0.9587511577175388,25,30,20
19,4403,0.0013484820745018216,0.03995387358159305,0.00019216254019624676,0.9585054818037091,25,30,20
19,4404,0.0016758168861523135,0.03994433533756081,0.000390288309899184,0.9579895594663875,25,30,20
19,4405,0.0031867496935808724,0.03994433708156216,7.629610042135404e-05,0.9567926171244349,25,30,20
19,4406,0.002925171620813633,0.0394191506319645,0.0006095975038823228,0.9570460802433396,25,30,20
19,4407,0.0026001059012440582,0.03941914866313654,0.0005843021708311332,0.9573964432647886,25,30,20
19,4408,0.0031219802108833614,0.03941914845179649,0.0005654191327169,0.9568934522046022,25,30,20
19,4409,0.0025148267922494587,0.03941914827400187,0.001011069533247271,0.9570549554005003,25,30,20
19,4410,0.0025211330573735747,0.03995336686319075,0.00048799125795505435,0.9570375088214803,25,30,20
19,4411,0.005199779249123253,0.039953367463233386,0.0005017411142438762,0.9543451121733991,25,30,20
19,4412,0.0022136358289162055,0.03995336637021885,3.806856993938973e-05,0.9577949292309262,25,30,20
19,4413,0.0021567418156673572,0.03995387238882563,3.2712476916016954e-05,0.9578566733185923,25,30,20
19,4414,0.0030236671453275016,0.03994444335879912,0.000350597088599467,0.9566812924072743,25,30,20
19,4415,0.0034461144019947813,0.03865116141352372,0.0006458736974449485,0.9572568504870362,25,30,20
19,4416,0.003217788745835906,0.03926621618925523,0.000989602844277961,0.9565263922206312,25,30,20
19,4417,0.0016234872192407918,0.03926618349427082,0.0008685582278388795,0.9582417710586485,25,30,20
19,4418,0.001298152999047744,0.03926618129715051,0.0007111111230114629,0.9587245545807903,25,30,20
19,4419,0.002943674408114953,0.039929845288026636,3.565453601158554e-05,0.957090825767847,25,30,20
19,4420,0.0014280426668993476,0.039949114256360815,0.008881280090035342,0.949741562986706,25,30,20
19,4421,0.001306794604208565,0.039948674759758676,2.5511413994318248e-05,0.9587190192220392,25,30,20
19,4422,0.0021474441261242925,0.03994195417360966,0.0006583601135304719,0.9572522415867352,25,30,20
19,4423,0.002772102933170811,0.03994414767764493,0.00041175544475609174,0.9568719939444292,25,30,20
19,4424,0.0016837677852093037,0.022803588490636514,0.01735967907368977,0.9581529646504637,25,30,20
19,4425,0.001346731377975069,0.022803585003404358,0.017167224133968408,0.9586824594846517,25,30,20
19,4426,0.002297622772236416,0.022803585707123722,0.017731619108811006,0.95716717241183,25,30,20
19,4427,0.0017148847698221215,0.022803585071434176,0.01715025651657591,0.9583312736421675,25,30,20
19,4428,0.001666442217976863,0.022803586087223375,0.017155961694509825,0.9583740100002891,25,30,20
19,4429,0.001306126628636453,0.022803585549819573,0.017146869465404252,0.9587434183561403,25,30,20
19,4430,0.0030112331985899044,0.03995318896032156,3.804645966352221e-05,0.956997531381425,25,30,20
19,4431,0.004515523583347343,0.039953688710421195,7.159022963493528e-05,0.9554591974765961,25,30,20
19,4432,0.0017094634425087784,0.039950425190166707,0.00021400231372953302,0.9581261090535942,25,30,20
19,4433,0.024013751969592746,0.03993228178021442,0.0001801108172363471,0.9358738554329561,25,30,20
19,4434,0.004398210836814504,0.002055903407140606,0.07555184221563194,0.9179940435404126,25,30,20
19,4435,0.003990252209038689,0.002055900743300923,0.07578123615571926,0.918172610891941,25,30,20
19,4436,0.025098589958091458,0.00200874088491731,0.05640412998470188,0.9164885391722892,25,30,20
19,4437,0.02346387804176647,0.00200873973781049,0.05589960977381115,0.9186277724466124,25,30,20
19,4438,0.026799012857174703,1.886601592751312e-08,0.05802772152723118,0.9151732467495773,25,30,20
19,4439,0.041137003150562984,1.248287704534461e-06,0.04178898979441679,0.917072758767316,25,30,20
19,4440,0.0022589681126272743,0.002902977115925369,0.07698209475700897,0.917855960014438,25,30,20
19,4441,0.0022124609220342834,0.002865590772534113,0.07723746686591457,0.9176844814395179,25,30,20
19,4442,0.0025699075220549372,2.375362485952243e-08,0.07988491595493093,0.9175451527693894,25,30,20
19,4443,0.002185560115823092,4.736608504140256e-09,0.07831866092557763,0.9194957742219917,25,30,20
19,4444,0.013615198186957491,2.89910783969168e-08,0.06936011717187618,0.917024655650088,25,30,20
19,4445,0.001266016437330956,1.6349457038071917e-05,0.0869084150983026,0.9118092190073288,25,30,20
19,4446,0.0035056184305019243,2.347432092880573e-08,0.08506519359945075,0.9114291644957271,25,30,20
19,4447,0.004959260038743428,0.0024568789419997725,0.07732785213858713,0.9152560088806697,25,30,20
19,4448,0.03138311151367497,0.011360808415011138,0.03938571849485483,0.91787036157646,25,30,20
19,4449,0.04467402786926202,4.1170624925875385e-05,0.04067464457011388,0.9146101569356982,25,30,20
19,4450,0.04550601616632617,1.5482978219305903e-08,0.04131670928337245,0.9131772590673226,25,30,20
19,4451,0.04639614518524259,0.0012599752817170926,0.03865382517656571,0.9136900543564742,25,30,20
19,4452,0.043013868041998304,0.001259976255327598,0.038289617860328924,0.9174365378423447,25,30,20
19,4453,0.007496767487929185,0.0012600309431747081,0.08218502042187845,0.9090581811470202,25,30,20
19,4454,0.012642455571219197,0.0012665466316503953,0.07095646635863685,0.9151345314384934,25,30,20
19,4455,0.03162201476462742,0.0012599917769143532,0.05117296544510874,0.9159450280133491,25,30,20
19,4456,0.033369856594035775,8.448924141944086e-07,0.05055136349006826,0.916077935023482,25,30,20
19,4457,0.03338105142663907,8.479479114275791e-07,0.05056457269820399,0.9160535279272449,25,30,20
19,4458,0.03361563031464114,8.270040744968119e-07,0.05045961311680736,0.9159239295644755,25,30,20
19,4459,0.030880486179962835,8.663910669887141e-07,0.05289592937364384,0.916222718055327,25,30,20
19,4460,0.04216419149764574,8.82888798071716e-07,0.040648763962034,0.9171861616515217,25,30,20
19,4461,0.03415365687033634,9.072661526661592e-07,0.047392449090672535,0.9184529867728385,25,30,20
19,4462,0.03718825324384955,5.690248071967342e-06,0.04486481630945737,0.9179412401986217,25,30,20
19,4463,0.0046905494343316536,7.62757066886278e-05,0.07627656657414299,0.9189566082848358,25,30,20
19,4464,0.004787027193226583,2.7309217147848367e-05,0.08431888653486454,0.910866777054762,25,30,20
19,4465,0.0018541664234173832,2.427266614918807e-05,0.07987306607606244,0.9182484948343703,25,30,20
19,4466,0.0030664709342923422,2.244003358117968e-08,0.07668078601887957,0.9202527206067961,25,30,20
19,4467,0.0022191771603716263,2.414763726715012e-05,0.07845104773091555,0.9193056274714473,25,30,20
19,4468,0.042598572967043155,2.4148130091983213e-05,0.03949482340097912,0.9178824555018865,25,30,20
19,4469,0.00612801256511672,2.418557497064956e-05,0.07561837116750636,0.9182294306924067,25,30,20
19,4470,0.00561180939864973,2.421495271705857e-05,0.06528937459498854,0.9290746010536435,25,30,20
19,4471,0.003082195777105775,2.4150101878653054e-05,0.05745420883386561,0.9394394452871495,25,30,20
19,4472,0.013998715126526179,1.700080710618094e-08,0.04642022998229092,0.9395810378903756,25,30,20
19,4473,0.003779821791289181,2.6641847597316865e-05,0.04075677730428326,0.95543675905683,25,30,20
19,4474,0.0016568929787069509,2.6643607721466844e-05,0.04014695100911674,0.958169512404455,25,30,20
19,4475,0.0022797756136180534,3.248659113714268e-09,0.039970195418180914,0.9577500257195419,25,30,20
19,4476,0.002219873231989485,2.4498203930217505e-05,0.039959511827957046,0.9577961167361232,25,30,20
19,4477,0.0020499938768161995,0.02261810878774174,0.017038537420336956,0.9582933599151047,25,30,20
19,4478,0.0016611412490160032,0.039931902216911765,4.830658907708068e-05,0.9583586499449956,25,30,20
19,4479,0.0023483540207101562,0.039931907216409594,6.652754529678762e-05,0.9576532112175832,25,30,20
19,4480,0.002311837051840244,0.039942856547623376,0.0007049355501554555,0.9570403708503809,25,30,20
19,4481,0.0019061945169647268,0.03994285192315854,0.0010175666161276362,0.9571333869437498,25,30,20
19,4482,0.001327116369987458,0.039942852334060155,4.516312046491505e-05,0.9586848681754886,25,30,20
19,4483,0.0013064294277139888,0.03994285261891592,4.3974873319035e-05,0.9587067430800521,25,30,20
19,4484,0.001950450946402856,0.03994285427524502,9.19130458522059e-05,0.9580147817325,25,30,20
19,4485,0.0014499103657923328,0.039944454191973996,0.0006585665952525374,0.9579470688469803,25,30,20
19,4486,0.0025910587101404727,0.039944375728089676,0.0006724316365510887,0.956792133925219,25,30,20
19,4487,0.003033484123422648,0.0399438724360179,5.3796247811079956e-05,0.9569688471927488,25,30,20
19,4488,0.0021900528458198947,0.039943869666145465,0.00020300768324546108,0.9576630698047899,25,30,20
19,4489,0.0013042348476526905,0.03994386953438273,0.000344893155885225,0.9584070024620792,25,30,20
19,4490,0.001914522458327387,0.03995341737206317,0.00036333028700411636,0.9577687298826052,25,30,20
19,4491,0.0013184652765278527,0.03995341631374832,0.00023510861178073123,0.9584930097979424,25,30,20
19,4492,0.0016763604014332404,0.03992985032965859,0.0002418354791024789,0.9581519537898052,25,30,20
19,4493,0.00225971459628965,0.03995010947173708,7.576808195215965e-05,0.9577144078500217,25,30,20
19,4494,0.008735327941772432,0.039950172812396316,0.0003134067632377688,0.9510010924825927,25,30,20
19,4495,0.008406767419105924,0.0399487434892655,0.0004949724232491836,0.9511495166683795,25,30,20
19,4496,0.001320994728496784,0.03994867819384575,0.018090711649881432,0.9406396154277743,25,30,20
19,4497,0.0021220553005076924,0.03995352378226874,0.01809424999518784,0.9398301709220346,25,30,20
19,4498,0.002212287890311038,0.039953656515032916,0.018101235726130562,0.9397328198685255,25,30,20
19,4499,0.0030023439671412588,0.039948357578357414,0.018113576329107362,0.9389357221253946,25,30,20
19,4500,0.003643003518994709,0.0399540736771805,0.014990823585200081,0.9414120992186255,25,30,20
19,4501,0.002176180014591957,0.03994445942570179,0.0077008068560261165,0.9501785537036799,25,30,20
19,4502,0.0014539509868115473,0.0399298336506732,0.009634060522784696,0.9489821548397305,25,30,20
19,4503,0.0037512092236097533,0.03994395151914702,0.0012226358904711238,0.9550822033667721,25,30,20
19,4504,0.0022228129846203035,0.03994445175533092,0.0009186151649686163,0.95691412009508,25,30,20
19,4505,0.004705537523418546,0.03994410065454681,0.0004982365933831293,0.9548521252286518,25,30,20
19,4506,0.0013580733020092575,0.039953733652647594,3.2026190345025774e-05,0.9586561668549984,25,30,20
19,4507,0.0037554781051159386,0.03832830088218419,3.359414035623677e-05,0.9578826268723445,25,30,20
19,4508,0.0033639681879901223,0.039953874144533594,4.570652351023979e-05,0.9566364511439669,25,30,20
19,4509,0.0025869357908203383,0.039953381301516454,5.290359494164296e-05,0.9574067793127216,25,30,20
19,4510,0.00221137031685609,0.03995337906211152,3.758163097282927e-05,0.9577976689900589,25,30,20
19,4511,0.0029421092626756157,0.03993440944255677,0.000678840282098077,0.9564446410126703,25,30,20
19,4512,0.003289798323516736,0.022812087471061608,0.02478827427947853,0.9491098399259434,25,30,20
19,4513,0.0017456162918536178,0.022812087527702883,0.017368400239141782,0.958073895941302,25,30,20
19,4514,0.002609051108445254,0.022812089013279833,0.017387204525842213,0.9571916553524334,25,30,20
19,4515,0.003417494845205369,0.03992986208027731,0.0002716913466008361,0.9563809517279165,25,30,20
19,4516,0.0028794858661202235,0.03993221484847498,0.009129290281274856,0.9480590090041298,25,30,20
19,4517,0.0016970245773263812,0.03994428890196909,0.008919674113029168,0.9494390124076751,25,30,20
19,4518,0.001301484850620765,0.03993173008206791,0.0002592157012603021,0.9585075693660522,25,30,20
19,4519,0.0015806496039532014,0.039953609790329636,0.00023676136863683681,0.9582289792370808,25,30,20
19,4520,0.0012841412172361632,0.039944294328987696,4.23151893494304e-05,0.9587292492644276,25,30,20
19,4521,0.0021309034703698025,0.03994451228667335,3.6381674990684185e-05,0.9578882025679671,25,30,20
19,4522,0.002182469729329343,0.03994451277512691,0.07380727929393101,0.8840657382016128,25,30,20
19,4523,0.0022927635902936444,0.039944335482221066,0.07684095882518503,0.880921942102301,25,30,20
19,4524,0.0018085853678166644,0.03992864992040965,0.037223158107837065,0.9210396066039358,25,30,20
19,4525,0.00306881343445394,0.03992866445441182,0.04015946594295824,0.9168430561681755,25,30,20
19,4526,0.004947724728346438,0.03992866589907141,0.04015488982989381,0.914968719542688,25,30,20
19,4527,0.0029385828009795673,0.03995364169088531,0.039990587253942195,0.9171171882541929,25,30,20
19,4528,0.006453771765457261,0.039953650330361336,0.0467370054709253,0.9068555724332563,25,30,20
19,4529,0.0037063546072088212,0.039941794898430284,0.01474548012864264,0.9416063703657187,25,30,20
19,4530,0.004422834739027404,0.039941796553075254,0.024317407882642486,0.9313179608252556,25,30,20
19,4531,0.002211489468404426,0.03994446501068001,0.023716363028960026,0.9341276824919568,25,30,20
19,4532,0.003168580331888826,0.03994397629298918,0.007291246530138554,0.949596196844983,25,30,20
19,4533,0.0013626002863295094,0.03994959424780332,0.0072648415366289585,0.9514229639292375,25,30,20
19,4534,0.001398733539428593,0.03994550068568191,4.430034403818621e-05,0.9586114654308507,25,30,20
19,4535,0.002495673296667181,0.03995370870284007,5.2462485236126237e-05,0.9574981555152553,25,30,20
19,4536,0.002245273359127539,0.039953713998195056,0.0399286572560225,0.9178723553866551,25,30,20
19,4537,0.0018045986219065318,0.03958374388363594,5.770196047445e-05,0.9585539555339817,25,30,20
19,4538,0.0013736544662283328,0.039953703536027806,0.00020652670004404338,0.9584661152977,25,30,20
19,4539,0.0013427735304298903,0.03995370332525759,4.1284730502691676e-05,0.9586622384138106,25,30,20
19,4540,0.0030496108454226606,0.039943940657864524,0.00021770478335443008,0.9567887437133578,25,30,20
19,4541,0.0013464023989103791,0.03994393745718531,5.66501145929986e-05,0.9586530100293109,25,30,20
19,4542,0.0013420258511648504,0.039944292370915166,4.793324721127563e-05,0.9586657485307092,25,30,20
19,4543,0.0036608409188025604,0.03994862480319369,7.165788264983549e-05,0.9563188763953545,25,30,20
19,4544,0.004107585829170912,0.039929793100104166,0.04004042248262161,0.9159221985881042,25,30,20
19,4545,0.002699962598663918,0.03994868237590867,0.04001806635185004,0.9173332886735769,25,30,20
19,4546,0.0028190170765439483,0.03994868115944315,0.03903822425646685,0.9181940775075468,25,30,20
19,4547,0.002237330772507685,0.03995365188998676,0.03908255592223135,0.9187264614152734,25,30,20
19,4548,0.0026067288532820115,0.03995359024837969,0.04763184138023025,0.9098078395181086,25,30,20
19,4549,0.0025044406623726,0.03995358912302479,0.0478225912982957,0.9097193789163063,25,30,20
19,4550,0.0036883444341087477,0.039944452847571914,0.048485286890250195,0.907881915828069,25,30,20
19,4551,0.001669285553159715,0.03992983996427739,0.04845080170882955,0.9099500727737322,25,30,20
19,4552,0.0029045533699214214,0.03994445453939357,6.03610174673508e-05,0.9570906310732163,25,30,20
19,4553,0.0033055032740317487,0.0399444562686295,7.723192183757336e-05,0.9566728085355003,25,30,20
19,4554,0.0037999507415299554,0.03992222111576788,6.611055302531382e-05,0.9562117175896759,25,30,20
19,4555,0.004489663126669527,0.039949597262433294,6.131852994799128e-05,0.955499421080949,25,30,20
19,4556,0.0013538040866152362,0.039944290701504986,2.459155722040795e-05,0.9586773136546579,25,30,20
19,4557,0.0017446712859579602,0.0399090615884813,3.392921332982017e-05,0.9583123379122306,25,30,20
19,4558,0.0012836250247775613,0.03993939494014911,0.0001876202448738629,0.9585893597902008,25,30,20
19,4559,0.0025434408200989914,0.03994936879151461,0.00021173493156537743,0.9572954554568224,25,30,20
19,4560,0.0014054915053626476,0.03994936671927394,0.0004042621601805955,0.9582408796151829,25,30,20
19,4561,0.0019483029044044776,0.039763438007523806,0.0011511088013895889,0.9571371502866828,25,30,20
19,4562,0.0032876114214926994,0.039720359012375465,0.001026558669733723,0.9559654708963977,25,30,20
19,4563,0.001634553706181412,0.03972035716654466,0.00048738893931210255,0.9581577001879609,25,30,20
19,4564,0.0033417806442553335,0.039953462576787384,7.097449918231774e-05,0.9566337822797746,25,30,20
19,4565,0.0012655626492818642,0.03994433846645669,5.9114252493208264e-05,0.958730984631768,25,30,20
19,4566,0.0012791872109907119,0.03995353614504171,0.00046562819213420513,0.9583016484518332,25,30,20
19,4567,0.0013445662926948301,0.03927658959244069,0.0006929353591812999,0.958685908755684,25,30,20
19,4568,0.0022375005409440507,0.039943462587808176,5.4150374007881355e-05,0.9577648864972405,25,30,20
19,4569,0.0028725944288464844,0.03994428835490929,0.0002371773095730922,0.9569459399066713,25,30,20
19,4570,0.0018912912433201548,0.03994445403021003,5.2858412333550104e-05,0.9581113963141363,25,30,20
19,4571,0.0019154569279601697,0.0399444545934203,4.513953132599651e-05,0.9580949489472935,25,30,20
19,4572,0.003494050582438659,0.03994445994278828,8.504754550597222e-05,0.9564764419292665,25,30,20
19,4573,0.002809839347446878,0.03994846211495613,8.78861927510348e-05,0.9571538123448455,25,30,20
19,4574,0.0015789933242205865,0.03995119603681927,4.3292645111835945e-05,0.9584265179938485,25,30,20
19,4575,0.0013106262324427175,0.0399511965500735,0.00020489629295286944,0.9585332809245307,25,30,20
19,4576,0.00139504340827393,0.039951196074524895,0.00019676606902868386,0.958456994448173,25,30,20
19,4577,0.0023343724421508454,0.03994370560200969,3.342545661630755e-05,0.957688496499222,25,30,20
19,4578,0.004630612176323231,0.039948676558992785,5.105225322359779e-05,0.9553696590114596,25,30,20
19,4579,0.001433971330860923,0.03994411761504957,2.5507022607987075e-05,0.9585964040314812,25,30,20
19,4580,0.002278540017873007,0.039944118818205455,4.442353061571568e-05,0.957732917633307,25,30,20
19,4581,0.0022019325944964206,0.03994275709622612,4.1339930617568567e-05,0.9578139703786611,25,30,20
19,4582,0.00139929937736411,0.039942755458835084,0.00018532088776024815,0.9584726242760416,25,30,20
19,4583,0.0016728551668571527,0.03995358449445716,5.523917297030938e-05,0.9583183211657156,25,30,20
19,4584,0.0016852452268324375,0.03994431271724988,4.704230712847064e-05,0.9583233997487898,25,30,20
19,4585,0.0019537186055360416,0.03994431385397926,5.0252067830069096e-05,0.9580517154726551,25,30,20
19,4586,0.0017251437166228704,0.03994433524578759,0.00019985138681855217,0.9581306696507693,25,30,20
19,4587,0.0013725531309717804,0.03994433357927946,0.000191114640489461,0.9584919986492583,25,30,20
19,4588,0.0013194044945469027,0.03991602480745307,0.00020262219661678176,0.9585619485013827,25,30,20
19,4589,0.0027577451039341966,0.03991602498350665,0.0004463584620873871,0.956879871450472,25,30,20
19,4590,0.0030667522576398325,0.039948681278405083,0.000548252444633082,0.9564363140193223,25,30,20
19,4591,0.002925437951330921,0.039910127502431364,0.00025341025302469183,0.9569110242932131,25,30,20
19,4592,0.0014003971592039049,0.039953143456738435,0.00019260470732592003,0.9584538546767308,25,30,20
19,4593,0.002196958572317926,0.03995314401210938,2.68617167796726e-05,0.9578230356987938,25,30,20
19,4594,0.002227932993259153,0.03995321723057597,0.0006043662148332214,0.957214483561333,25,30,20
19,4595,0.0022324879421460444,0.03995321733294594,0.0006004445062125302,0.9572138502186956,25,30,20
19,4596,0.002195582816946662,0.03909297716428948,3.398259639247982e-05,0.9586774574223722,25,30,20
19,4597,0.0024301014012289733,0.03909882100192177,3.588473250594193e-05,0.958435192864344,25,30,20
19,4598,0.0036556640564827277,0.03756382429074909,0.03694590197310441,0.9218346096796636,25,30,20
19,4599,0.004624244519580609,0.03756382778130368,0.0396812384502415,0.9181306892488744,25,30,20
19,4600,0.0038084257221146643,0.037563824553211146,0.03998713657105313,0.9186406131536218,25,30,20
19,4601,0.0045623355376154875,0.03756382553193,0.039970692651796605,0.917903146278658,25,30,20
19,4602,0.0025655549613189366,0.03995238816465777,0.03997529719510362,0.9175067596789188,25,30,20
19,4603,0.001480605196315086,0.03994428779501887,0.04730935022500054,0.9112657567836655,25,30,20
19,4604,0.001397659091765214,0.03994428775847847,0.040282607933548646,0.9183754452162073,25,30,20
19,4605,0.020048407927527028,0.03994428831568044,0.04072433315326721,0.8992829706035254,25,30,20
19,4606,0.02247884779776009,0.03994429938681734,0.03794979868915238,0.8996270541262706,25,30,20
19,4607,0.021508582035621348,0.04066991642059037,0.03952420538950365,0.8982972961542854,25,30,20
19,4608,0.0028605328713146023,0.040669916586210594,0.04944232518612453,0.9070272253563512,25,30,20
19,4609,0.01992792503777818,0.04041073182582036,0.022507644156853187,0.9171536989795475,25,30,20
19,4610,0.019180910780642192,0.03225848434951862,0.03040823020997272,0.918152374659866,25,30,20
19,4611,0.0413624203796568,0.039580935026719256,0.0006352269748806333,0.9184214176187417,25,30,20
19,4612,0.0018184876909560952,0.039950360401206544,0.04003372658040424,0.9181974253274323,25,30,20
19,4613,0.0026878872873181883,0.03995036210517134,0.039624989522219656,0.9177367610852909,25,30,20
19,4614,0.00594259934552317,0.039944678539311586,0.03949363015870733,0.9146190919564559,25,30,20
19,4615,0.005856792711963314,0.03994445996629889,0.03553407578389547,0.9186646715378418,25,30,20
19,4616,0.008061651655201405,0.03994073148998339,0.03557671495815676,0.9164209018966588,25,30,20
19,4617,0.007407978846094557,0.03994072903373438,0.03554460791142268,0.9171066842087491,25,30,20
19,4618,0.027642485072714475,0.039941263847736184,0.015300089271212318,0.9171161618083368,25,30,20
19,4619,0.04196485946500865,0.039944148805530044,0.009302890502651073,0.9087881012268113,25,30,20
19,4620,0.006944357499451563,0.039944136097346455,0.03957231181904137,0.9135391945841594,25,30,20
19,4621,0.007817966558369176,0.039922707770290174,0.04106661053358038,0.9111927151377599,25,30,20
19,4622,0.0033667472104668477,0.039944381486010594,0.04045849770202573,0.9162303736014965,25,30,20
19,4623,0.004969117416748447,0.039929307895225225,0.037645469533404294,0.9174561051546231,25,30,20
19,4624,0.002210427279352171,0.03995372244663978,0.04000510460455382,0.9178307456694548,25,30,20
19,4625,0.002163483268941377,0.03994430361666136,0.040009467576533855,0.9178827455378638,25,30,20
19,4626,0.0021199526004140427,0.03994430336474941,0.04056152893585214,0.9173742150989854,25,30,20
19,4627,0.0022225700550298697,0.03994425230923595,0.040006790399706504,0.9178263872360284,25,30,20
19,4628,0.0012957587652346373,0.03994418018292832,0.04013979505673601,0.9186202659951,25,30,20
19,4629,0.022058229282219156,0.03994419422750103,0.018728111708208275,0.9192694647820706,25,30,20
19,4630,0.0022626695048837413,0.03995306925373574,0.037593827779973193,0.9201904334614067,25,30,20
19,4631,0.0025412692943550274,0.039953707755184656,0.03818052897374019,0.9193244939767193,25,30,20
19,4632,0.0022532584695402038,0.03994001237703812,0.0002176922193138104,0.9575890369341067,25,30,20
19,4633,0.0018820927517226773,0.039940010700086834,0.0003519565999838483,0.957825939948206,25,30,20
19,4634,0.02366623451923081,0.039943593923645715,0.00014030117163301166,0.9362498703854902,25,30,20
19,4635,0.023601670790403893,0.0399435939125884,0.0003366211636499477,0.9361181141333573,25,30,20
19,4636,0.0021379608112931862,0.039943596585736436,0.0061169381238940935,0.9518015044790762,25,30,20
19,4637,0.005299643699968608,0.03995387351949805,0.013303873341591298,0.9414426094389425,25,30,20
19,4638,0.01421094845794783,0.0010471090221208447,0.03926432387551757,0.9454776186444139,25,30,20
19,4639,0.0025764458458151394,7.751739604915342e-09,0.039966610545018516,0.9574569358574254,25,30,20
19,4640,0.004896495095443373,6.379188765439452e-07,0.03909613668858846,0.9560067302970908,25,30,20
19,4641,0.001390716496254118,7.100463551268516e-07,0.039983324620417655,0.9586252488369731,25,30,20
19,4642,0.0014319516279332023,4.772810736654846e-05,0.039964080056981134,0.9585562402077191,25,30,20
19,4643,0.0033895981587055207,6.352082112930542e-07,0.03811638545886377,0.9584933811742199,25,30,20
19,4644,0.0034925031980076373,6.351353836366617e-07,0.03808244871593036,0.9584244129506785,25,30,20
19,4645,0.0035464299870472736,6.352732260374285e-07,0.03809408365888924,0.9583588510808372,25,30,20
19,4646,0.0013543260890414143,7.277769876200995e-09,0.039999428123751034,0.9586462385094363,25,30,20
19,4647,0.0014104054894283327,6.9626952983455955e-09,0.03997720020132614,0.9586123873465489,25,30,20
19,4648,0.001460444312556168,6.942050071080755e-09,0.040129526889462246,0.9584100218559304,25,30,20
19,4649,0.0022612661838113815,7.459400621148994e-09,0.039990837164700525,0.9577478891920861,25,30,20
19,4650,0.0029208888483876674,4.148787763755852e-08,0.03964160519655785,0.9574374644671757,25,30,20
19,4651,0.004361571055918657,1.190920978267882e-08,0.03935318939424395,0.9562852276406271,25,30,20
19,4652,0.001917491241718742,3.0625905947891915e-09,0.039986087284941706,0.9580964184107489,25,30,20
19,4653,0.001672199880995479,5.225896418644236e-09,0.04015015211327445,0.958177642779833,25,30,20
19,4654,0.0030659752584494705,4.841918937338521e-08,0.03634850220585319,0.9605854741165064,25,30,20
19,4655,0.0013783429049667084,3.548440276047591e-09,0.039931775141180424,0.9586898784054118,25,30,20
19,4656,0.0014543500338307506,3.996779900187487e-09,0.03993731398011768,0.9586083319892704,25,30,20
19,4657,0.005195871181832735,9.631853313468007e-09,0.04037445330519612,0.9544296658811173,25,30,20
19,4658,0.0031160127100450024,4.526703776811807e-09,0.040256369103098946,0.9566276136601511,25,30,20
19,4659,0.00373788309246948,7.850421595785233e-07,0.03807116613826122,0.9581901657271085,25,30,20
19,4660,0.0031105817062918543,3.90093408393612e-09,0.03949800291619321,0.9573914114765815,25,30,20
19,4661,0.0030055893578185217,0.028701618772965013,0.009655881402006617,0.9586369104672099,25,30,20
19,4662,0.0019296526164671241,0.03006737947555065,0.00993744029628177,0.9580655276117005,25,30,20
19,4663,0.0013270112096738069,0.030067378383413463,0.00992249836700869,0.9586831120399039,25,30,20
19,4664,0.0013475872761609538,0.039941956754211125,4.2597611286010924e-05,0.9586678583583413,25,30,20
19,4665,0.0013322132000767835,0.020291135911092086,0.01968671545083638,0.9586899354379947,25,30,20
19,4666,0.001696221936823424,0.002058652755755347,0.03791980154011981,0.9583253237673018,25,30,20
19,4667,0.002274668897839431,5.817650791693334e-09,0.04018894053534828,0.9575363847491625,25,30,20
19,4668,0.026971988161737598,4.6427397663437066e-05,0.01568995694924231,0.9572916274913565,25,30,20
19,4669,0.027302448661837845,4.642852695797945e-05,0.015980836158298123,0.9566702866529045,25,30,20
19,4670,0.026056765172676494,4.642627773637335e-05,0.015957851473575778,0.9579389570760108,25,30,20
19,4671,0.03571441277502278,2.477257475206588e-07,0.005761791676575999,0.958523547822653,25,30,20
19,4672,0.0017880911462270026,1.6947857780598143e-08,0.0401419692962068,0.9580699226097069,25,30,20
19,4673,0.0017887302309205536,1.878095662323012e-08,0.04012536050787916,0.9580858904802428,25,30,20
19,4674,0.001525974453995271,7.297992487754902e-07,0.04014828296651664,0.9583250127802398,25,30,20
19,4675,0.006404030853857858,2.305241261364802e-08,0.038086470321693974,0.9555094757720352,25,30,20
19,4676,0.0028896121540622956,0.0019202374331323173,0.04695359719465525,0.9482365532181497,25,30,20
19,4677,0.005302380501097785,1.5786773742600222e-08,0.046346182051221305,0.9483514216609075,25,30,20
19,4678,0.006702906035434691,1.718716044551746e-08,0.036944444401205104,0.9563526323761994,25,30,20
19,4679,0.010169397538644452,0.000243884583431585,0.03249097341240412,0.9570957444655194,25,30,20
19,4680,0.008650016173213048,0.00024388234120793173,0.03304535789705723,0.9580607435885221,25,30,20
19,4681,0.017058384824183145,0.0003055204377676021,0.026516959439582898,0.9561191352984656,25,30,20
19,4682,0.03912559046195203,3.3816015750659818e-09,0.002248136532164264,0.9586262696242817,25,30,20
19,4683,0.0022316090349530776,2.3667777779657074e-08,0.03905976105537868,0.9587086062418898,25,30,20
19,4684,0.0013664010138992558,2.8735319266774076e-09,0.039978521671406184,0.9586550744411622,25,30,20
19,4685,0.0032672846563577677,3.867928868345644e-09,0.03999168541278511,0.9567410260629278,25,30,20
19,4686,0.00276816312868988,2.857415330037493e-09,0.04052443315962246,0.9567074008542726,25,30,20
19,4687,0.001744602118601863,3.79581479209352e-05,0.04046385019416777,0.9577535895393079,25,30,20
19,4688,0.013927453930698299,1.0711206218370178e-08,0.028272626530629574,0.9577999088274659,25,30,20
19,4689,0.0016057700120244655,6.538953288649499e-07,0.04023765670287789,0.958155919389767,25,30,20
19,4690,0.0016345083313031943,4.270780323731278e-09,0.08012268695416863,0.9182428004437468,25,30,20
19,4691,0.0014164773822459792,6.035201525486215e-09,0.07985033608292881,0.918733180499622,25,30,20
19,4692,0.0022271406454185743,4.209194264038611e-09,0.07936168680770193,0.9184111683376845,25,30,20
19,4693,0.002524136607521094,8.942975035479388e-09,0.07815252909995402,0.9193233253495491,25,30,20
19,4694,0.0017047896644185987,5.7147269848426275e-09,0.07864769056658082,0.9196475140542724,25,30,20
19,4695,0.003927636795718551,3.526056087803622e-08,0.07742761845539256,0.9186447094883274,25,30,20
19,4696,0.004674626868330061,3.9535716030013297e-05,0.077219695270168,0.9180661421454721,25,30,20
19,4697,0.0055214753679516245,3.7625417807267624e-05,0.047090356688426295,0.9473505425258145,25,30,20
19,4698,0.0013742590965914868,6.10677603783787e-08,0.03971982297384717,0.9589058568618013,25,30,20
19,4699,0.00206702740754162,6.34859594227288e-08,0.03976351452975199,0.9581693945767468,25,30,20
19,4700,0.0035584094486806285,5.382442439711602e-09,0.040009731060328096,0.9564318541085488,25,30,20
19,4701,0.0020005766205310723,5.199211641300042e-09,0.038460004425226596,0.9595394137550305,25,30,20
19,4702,0.0017594980377080643,3.948864072200708e-09,0.038657139073426994,0.9595833589400021,25,30,20
19,4703,0.0029663529122221665,5.777770856791272e-09,0.04000282464232319,0.9570308166676849,25,30,20
19,4704,0.006771725287973541,4.3634047423057e-09,0.04001917670639106,0.9532090936422314,25,30,20
19,4705,0.004391106454910967,2.2080871883868105e-06,0.039981467250116996,0.9556252182077836,25,30,20
19,4706,0.0014053551955099497,3.945203840639387e-09,0.04000064480215724,0.9585939960571281,25,30,20
19,4707,0.0016406647528100326,3.5509953855680384e-09,0.04701606777635057,0.951343263919844,25,30,20
19,4708,0.0013061737921738008,3.4540147920988544e-09,0.04700170742465695,0.9516921153291547,25,30,20
19,4709,0.001392404355809778,3.6514736692311948e-09,0.04700915878541534,0.9515984332073006,25,30,20
19,4710,0.0013922466962925603,4.496967737520445e-09,0.03999740296940474,0.9586103458373343,25,30,20
19,4711,0.003033117984803838,0.022145734037232478,0.01617876105967934,0.9586423869182843,25,30,20
19,4712,0.0014153809759183636,0.02008394342304216,0.05752490058463667,0.9209757750164043,25,30,20
19,4713,0.0013746549659344215,0.039953393958297986,0.03766062643430593,0.9210113246414616,25,30,20
19,4714,0.0022034884223249766,0.0399441906098575,0.037860891538664385,0.9199914294291538,25,30,20
19,4715,0.002232425320385109,0.039948457639279976,0.03779780128843263,0.9200213157519027,25,30,20
19,4716,0.0026560477848416183,0.03994845930827044,0.0004777895661985646,0.9569177033406904,25,30,20
19,4717,0.0013355431623627673,0.03994845518353277,0.0004368262842056098,0.9582791753698986,25,30,20
19,4718,0.004920701238729134,0.03889255690399671,0.007741445883662165,0.9484452959736128,25,30,20
19,4719,0.003995853661241695,0.03889255225613325,0.007179699225340299,0.9499318948572849,25,30,20
19,4720,0.003854914821310827,0.039940229992974904,0.00016939015372960487,0.9560354650319853,25,30,20
19,4721,0.0019664850442518075,0.03994022976089624,0.00023722974095436486,0.9578560554538973,25,30,20
19,4722,0.002212386414603106,0.03992957461253327,4.4169851158205796e-05,0.9578138691217059,25,30,20
19,4723,0.0037364949629189997,0.0399295769851852,0.00027412641753922934,0.9560598016343569,25,30,20
19,4724,0.0018961441189343032,0.039929573530019566,4.033095806033971e-05,0.9581339513929857,25,30,20
19,4725,0.0023366380570023254,0.03992957643989692,0.00024738345609923813,0.9574864020470025,25,30,20
19,4726,0.0016138426441302065,0.03994845726176197,5.158154823478453e-05,0.9583861185458722,25,30,20
19,4727,0.002193869153366598,0.03994342968909602,4.625238649972206e-05,0.9578164487710368,25,30,20
19,4728,0.0021678347045880376,0.03990557895457396,5.309529822939917e-05,0.9578734910426079,25,30,20
19,4729,0.003562752590697244,0.03994338859725152,0.00025100715578282667,0.9562428516562685,25,30,20
19,4730,0.004511874917870863,0.03994338961155266,0.0004637238682919724,0.9550810116022828,25,30,20
19,4731,0.002785773737151118,0.039943387529531416,0.00043737391274944033,0.9568334648205676,25,30,20
19,4732,0.0019931792731705043,0.03994380058349522,0.00023485048760478044,0.9578281696557284,25,30,20
19,4733,0.002292570369880635,0.03994380063514093,4.164898829057339e-05,0.9577219800066865,25,30,20
19,4734,0.0016704306191702035,0.039948624522155744,3.21733633266285e-05,0.9583487714953484,25,30,20
19,4735,0.002586972041000842,0.03991512875119602,4.403399525868984e-05,0.9574538652125456,25,30,20
19,4736,0.0028369944133205534,0.039915128253783856,0.0002081805434648925,0.9570396967894316,25,30,20
19,4737,0.002222551846377112,0.03991203638432791,0.007070403553219738,0.9507950082160742,25,30,20
19,4738,0.0019966869075173544,0.03992902032587406,0.007267254309501186,0.950807038457107,25,30,20
19,4739,0.004564397773204124,0.03977231004744529,0.00748703881696,0.9481762533623898,25,30,20
19,4740,0.0022548944893216504,0.03977230492646612,0.0002407965559055907,0.9577320040283063,25,30,20
19,4741,0.002153057969312158,0.03994843251314915,4.521988602721222e-05,0.9578532896315116,25,30,20
19,4742,0.0030304774300964265,0.038919136955337746,0.000237809793561733,0.957812575821005,25,30,20
19,4743,0.0021215962932031227,0.038919135247698515,0.00020728331814627796,0.9587519851409515,25,30,20
19,4744,0.0021382866772284726,0.03942482990350215,0.0005662145770644985,0.9578706688422045,25,30,20
19,4745,0.0016423271218755505,0.03942482892023668,0.0007537565743611414,0.958179087383527,25,30,20
19,4746,0.001632940338769816,0.03994424594155019,3.449371000547302e-05,0.9583883200096744,25,30,20
19,4747,0.0015810759073601622,0.03994424476856602,3.1989293892210754e-05,0.9584426900301827,25,30,20
19,4748,0.0029710081655628146,0.039944349005827384,0.012055430450127169,0.9450292123784828,25,30,20
19,4749,0.005511353710089868,0.039591257981304244,0.00017498509465935593,0.9547224032139464,25,30,20
19,4750,0.0031988000683635955,0.039953489928433436,0.00034560244128072656,0.9565021075619218,25,30,20
19,4751,0.001855874667082825,0.03995350277891343,0.000992770410765412,0.9571978521432375,25,30,20
19,4752,0.0019305938332707005,0.03995350409828535,0.0004979171756632452,0.9576179848927812,25,30,20
19,4753,0.002082851455573238,0.03995350286814178,0.00047608320863917725,0.9574875624676461,25,30,20
19,4754,0.002098587805266024,0.039424230401895084,0.00069947284304613,0.957777708949794,25,30,20
19,4755,0.0013935144344554154,0.03995368167981236,0.00018999097709876132,0.9584628129086344,25,30,20
19,4756,0.002265345774839368,0.0399536869959882,0.0006956910373479664,0.957085276191824,25,30,20
19,4757,0.0016540706629762838,0.03995370652088372,0.0006294177012019669,0.9577628051149376,25,30,20
19,4758,0.002231002733409598,0.03908347730241301,0.018236193141696545,0.9404493268224803,25,30,20
19,4759,0.0013125738467535022,0.039953732485834795,0.00879306729845908,0.9499406263689529,25,30,20
19,4760,0.0037441768007558927,0.03995373903665947,0.00039719484879940724,0.955904889313785,25,30,20
19,4761,0.00150241821230423,0.03994352870622161,0.0001941449594625529,0.958359908122012,25,30,20
19,4762,0.0021885316651230747,0.03994352912878046,0.00018865670135954706,0.9576792825047369,25,30,20
19,4763,0.0014509992565268851,0.03994321235071916,2.691415917782784e-05,0.9585788742335766,25,30,20
19,4764,0.004294469793117264,0.03995342342011079,0.00022496463686146124,0.9555271421499092,25,30,20
19,4765,0.0012930038060198184,0.03941926797462227,0.007790208995318558,0.9514975192240391,25,30,20
19,4766,0.0021449935931082925,0.03994178093275373,0.007273233924363729,0.9506399915497734,25,30,20
19,4767,0.001416698730169079,0.039915159294271474,0.007296822693401487,0.9513713192821585,25,30,20
19,4768,0.002986402239183701,0.03991517564799197,0.007317177255840287,0.9497812448569841,25,30,20
19,4769,0.002981334895111782,0.03994398974074659,0.007318880092759373,0.949755795271383,25,30,20
19,4770,0.0014312081625671286,0.03994445019248237,0.00017541847405615581,0.9584489231708945,25,30,20
19,4771,0.0013736025073675384,0.03994429282627737,2.921223409161614e-05,0.9586528924322631,25,30,20
19,4772,0.002538781394919871,0.039944449395636454,4.0727848267361245e-05,0.9574760413611765,25,30,20
19,4773,0.00407940581208648,0.03832927896671724,5.05854022357686e-05,0.9575407298189603,25,30,20
19,4774,0.0032741239419977934,0.03832927889813078,5.549432098487846e-05,0.9583411028388857,25,30,20
19,4775,0.0029770448540867227,0.038329278854448895,5.417604220789334e-05,0.9586395002492567,25,30,20
19,4776,0.0013830251242910102,0.039949582508092,5.169997863859646e-05,0.9586156923889783,25,30,20
19,4777,0.002286699085796676,0.03992805407503118,4.0569049533602884e-05,0.9577446777896392,25,30,20
19,4778,0.0012741045758785446,0.039717148963185935,0.000282106568115225,0.9587266398928207,25,30,20
19,4779,0.0012986973666915336,0.039424556188686254,0.0007200780718940844,0.9585566683727273,25,30,20
19,4780,0.0021824685912831747,0.039424558477908836,0.0005717961023126788,0.9578211768284949,25,30,20
19,4781,0.0022025447171179265,0.03942455854210517,0.0007636691735810364,0.9576092275671959,25,30,20
19,4782,0.0037165219696082916,0.03994386834057127,0.000732527220499234,0.9556070824693218,25,30,20
19,4783,0.001958115474926671,0.03994386515214774,0.000503444789287645,0.9575945745836375,25,30,20
19,4784,0.002068172175896347,0.03995353465451232,0.0007038496297385342,0.9572744435398519,25,30,20
19,4785,0.002335287001587404,0.0019915189889433463,0.05446349063422964,0.9412097033752396,25,30,20
19,4786,0.0019917906771426404,0.0019915159425538285,0.05422682046126366,0.94178987291904,25,30,20
19,4787,0.03945769123094442,4.6307065412721735e-09,0.0021782751016448214,0.9583640290367036,25,30,20
19,4788,0.002359726665620382,9.327018280541511e-09,0.03936416086337076,0.9582761031439904,25,30,20
19,4789,0.0022497439791664504,7.744709173870093e-09,0.03937335109546596,0.9583768971806578,25,30,20
19,4790,0.002843315224389334,8.909251270666795e-09,0.03886600600903448,0.9582906698573243,25,30,20
19,4791,0.00283008444690603,8.043525875109694e-09,0.03900977032164175,0.9581601371879271,25,30,20
19,4792,0.004872318887356256,9.106547870002437e-09,0.038803025356435775,0.9563246466496601,25,30,20
19,4793,0.004229076274558084,7.3173220669375e-09,0.039261584315602824,0.9565093320925174,25,30,20
19,4794,0.0023423927664777697,2.073959842241302e-08,0.040019804320808296,0.9576377821731143,25,30,20
19,4795,0.0405779492872096,8.07093705233678e-08,0.002615775140551741,0.9568061948628674,25,30,20
19,4796,0.03973378871808281,7.75356876083317e-08,0.0024661921924285022,0.9577999415538008,25,30,20
19,4797,0.043732099399538295,8.083331309242584e-09,0.00042576818630124145,0.9558421243308285,25,30,20
19,4798,0.008077468018138228,7.383580348544307e-07,0.03490133880735772,0.9570204548164694,25,30,20
19,4799,0.002656342285351104,4.5977839588964626e-05,0.039098246015832186,0.9581994338592286,25,30,20
19,4800,0.003765143860612485,4.5978652021125763e-05,0.039106895718212915,0.957081981769153,25,30,20
19,4801,0.003528539143297088,3.6194174332673316e-07,0.03859590533303959,0.9578751935819187,25,30,20
19,4802,0.0036623089377669283,3.604017184117837e-07,0.0390362619391073,0.957301068721406,25,30,20
19,4803,0.020580598796662325,5.072403250294578e-09,0.022224239375777787,0.9571951567551562,25,30,20
19,4804,0.02062138945285159,6.119145961957686e-09,0.02223659602730028,0.957142008400701,25,30,20
19,4805,0.022216128632372392,6.435925587308738e-09,0.022679224114105247,0.955104640817596,25,30,20
19,4806,0.002574299990009139,4.653121800007297e-09,0.04850222932410134,0.9489234660327669,25,30,20
19,4807,0.0034877398726196806,5.790031630179179e-09,0.0396450995550355,0.9568671547823125,25,30,20
19,4808,0.011248971491138342,1.1352326087585373e-08,0.03488321795043377,0.9538677992061007,25,30,20
19,4809,0.0030079340917928497,9.798036596095989e-08,0.04042113665148023,0.9565708312763596,25,30,20
19,4810,0.02544529729340655,2.7422814228166493e-08,0.017653511489833476,0.9569011637939459,25,30,20
19,4811,0.04265313337588164,4.5771936973501475e-09,0.00929492780420502,0.9480519342427206,25,30,20
19,4812,0.03625131358832254,7.552780811388348e-08,0.010770551278524474,0.9529780596053457,25,30,20
19,4813,0.036341949587861945,9.170258689460509e-08,0.010941329151179973,0.9527166295583718,25,30,20
19,4814,0.0013875367180762183,1.58481100350785e-08,0.040136616732387054,0.9584758307014277,25,30,20
19,4815,0.0029363323692057734,6.570114610973697e-07,0.03964776095197963,0.9574152496673527,25,30,20
19,4816,0.00403353421048718,0.0010422438144527622,0.038330993737433094,0.956593228237627,25,30,20
19,4817,0.0066353093684175125,0.0010422484358414508,0.03836215330570622,0.9539602888900346,25,30,20
19,4818,0.0034100174817484202,8.353809534958398e-09,0.04020521204359572,0.9563847621208457,25,30,20
19,4819,0.0024156039689967653,4.9356166847592325e-09,0.04019595831626165,0.9573884327791258,25,30,20
19,4820,0.0017634080588914435,4.797372619206513e-09,0.049037974333648024,0.9491986128100859,25,30,20
19,4821,0.002535639490146997,3.2276705772274223e-08,0.04036238023514029,0.9571019479980061,25,30,20
19,4822,0.002324171481079849,2.1552685347437142e-08,0.046979678587359276,0.9506961283788762,25,30,20
19,4823,0.002379355045808736,1.9410976242352372e-08,0.039973033315935845,0.957647592227278,25,30,20
19,4824,0.002304906435439817,1.693619975887645e-08,0.04049034250204585,0.9572047341263153,25,30,20
19,4825,0.0014213775636496065,1.5482230800633485e-08,0.04036838140817163,0.9582102255459484,25,30,20
19,4826,0.00509415447440139,2.9876656297671315e-07,0.040428454212879904,0.9544770925461558,25,30,20
19,4827,0.0036350133257034224,0.0003616367963497857,0.03738144870998424,0.9586219011679628,25,30,20
19,4828,0.0016988394699980717,0.038002024154750666,0.00886804694142917,0.9514310894338216,25,30,20
19,4829,0.0027890989805385135,0.02992351458664662,0.010252884795347894,0.957034501637467,25,30,20
19,4830,0.0021869030430447293,0.03907740309809708,5.202946372530006e-05,0.9586836643951316,25,30,20
19,4831,0.002242198611300105,0.03994422350380991,3.959030227464679e-05,0.9577739875826157,25,30,20
19,4832,0.002294264930915699,0.039948693521462596,0.0006892182199694593,0.9570678233276523,25,30,20
19,4833,0.002208750024259057,0.039948691823181975,0.001081045120513147,0.956761513032045,25,30,20
19,4834,0.0016894174801891635,0.03994429459928417,4.7424587330514287e-05,0.958318863333195,25,30,20
19,4835,0.001393694637964605,0.03994429105545551,2.6665836549034288e-05,0.9586353484700308,25,30,20
19,4836,0.002301612900817079,0.03995353248899954,3.9796595030483934e-05,0.9577050580151532,25,30,20
19,4837,0.003778095844413082,0.03970808808354957,0.0003008573678244395,0.9562129587042125,25,30,20
19,4838,0.002758676730742224,0.039708086895854096,0.0002805902698017433,0.9572526461036017,25,30,20
19,4839,0.0027325557913954234,0.03970808689897702,0.0008544486324549706,0.9567049086771721,25,30,20
19,4840,0.003584908711702683,0.039708107606559115,0.0011759324986347327,0.9555310511831027,25,30,20
19,4841,0.002488361672412699,0.03995354028871823,0.00025687199233674645,0.9573012260465328,25,30,20
19,4842,0.002532783998271779,0.039944194888215136,0.00012227121833862905,0.9574007498951742,25,30,20
19,4843,0.0021584922786147833,0.039953696526343695,3.445094201058852e-05,0.9578533602530304,25,30,20
19,4844,0.003230085186716568,0.038315209751513084,5.437841353452294e-05,0.9584003266482359,25,30,20
19,4845,0.0016131135416458397,0.039944454997275704,4.542310202466417e-05,0.9583970083590541,25,30,20
19,4846,0.0013252036909450907,0.03994446648743842,3.979823120096783e-05,0.9586905315904163,25,30,20
19,4847,0.0013545396765464643,0.03994381642318793,3.758532740317548e-05,0.9586640585728624,25,30,20
19,4848,0.0019732028871956957,0.03994381997011745,4.830986333525045e-05,0.9580346672793518,25,30,20
19,4849,0.0016434215280689754,0.029937605929481744,0.01004335168837954,0.9583756208540697,25,30,20
19,4850,0.0016804913712878786,0.039915103972972,4.385750154718262e-05,0.9583605471541939,25,30,20
19,4851,0.0017176290479528405,0.03991510456684479,0.008667798562855362,0.9496994678223465,25,30,20
19,4852,0.0021584439907184672,0.03969102761878836,0.0003164897271389843,0.9578340386633536,25,30,20
19,4853,0.0026544475455675654,0.03067654190302814,0.008012316162741603,0.9586566943886622,25,30,20
19,4854,0.0014298994837709778,0.0392852823976765,0.0008589849689450938,0.9584258331496077,25,30,20
19,4855,0.001312862051174319,0.03995355945744519,3.216089385667737e-05,0.9587014175975237,25,30,20
19,4856,0.0017108592254068509,0.039940251814728246,0.0072672730307486244,0.951081615929116,25,30,20
19,4857,0.001648289589287339,0.039941571946577624,0.009115589887381391,0.9492945485767535,25,30,20
19,4858,0.0024040963981889606,0.03994157309949112,0.00914383683061075,0.9485104936717089,25,30,20
19,4859,0.0019735408486510563,0.03994157086392028,5.980450043214018e-05,0.9580250837869966,25,30,20
19,4860,0.0020352947339183,0.039944170722840136,3.677288471072543e-05,0.9579837616585314,25,30,20
19,4861,0.002843588047070429,0.0399441718521368,5.591075278914204e-05,0.957156329348003,25,30,20
19,4862,0.002173772351456436,0.03994419062461373,3.3131280152449394e-05,0.9578489057437767,25,30,20
19,4863,0.0013473141682090006,0.03994418883469171,2.5034984714540683e-05,0.9586834620123844,25,30,20
19,4864,0.003852689999226791,0.03942445946253431,0.0005725718643360287,0.9561502786739026,25,30,20
19,4865,0.0021603708393878006,0.03991592057067411,5.644090958346193e-05,0.9578672676803549,25,30,20
19,4866,0.003512440467961564,0.03994860801257521,8.261865453083607e-05,0.9564563328649313,25,30,20
19,4867,0.005005954974655677,0.03994860519421372,6.110600561075448e-05,0.9549843338255185,25,30,20
19,4868,0.0023179076123174495,0.03994860879875637,5.09472476148033e-05,0.9576825363413112,25,30,20
19,4869,0.004788189663172886,0.0399441282087328,7.007949889727183e-05,0.9551976026291977,25,30,20
19,4870,0.003318784877252625,0.03994412613798815,0.001084227327616298,0.9556528616571426,25,30,20
19,4871,0.001661534979582591,0.039944256098601444,0.0004762852340845486,0.9579179236877312,25,30,20
19,4872,0.0022938949672360156,0.03993501486863372,0.0004917024931986053,0.9572793876709311,25,30,20
19,4873,0.002988603052112388,0.03994120895070366,0.0006571187065664888,0.9564130692906165,25,30,20
19,4874,0.00172680533699069,0.03994120550221129,5.2055356160370736e-05,0.9582799338046385,25,30,20
19,4875,0.003387063304538257,0.039941207684597725,0.0008283713754381918,0.9558433576354269,25,30,20
19,4876,0.003012702546711292,0.03995368642811572,0.0010088334639565067,0.9560247775612167,25,30,20
19,4877,0.003023145301600864,0.039953686514040805,0.00024537851588788193,0.9567777896684712,25,30,20
19,4878,0.002589682091762011,0.03995368900659099,0.012224482058547377,0.9452321468431001,25,30,20
19,4879,0.0013228744335731018,0.03994861355979897,0.018521485107047347,0.9402070268995801,25,30,20
19,4880,0.0016475988854531382,0.039948613072934486,0.01811405551091678,0.9402897325306948,25,30,20
19,4881,0.0018823060130678684,0.039948614218558796,0.0003089342089687499,0.9578601455594052,25,30,20
19,4882,0.0021876276136054275,0.039948614449737324,5.300724609623152e-05,0.9578107506905623,25,30,20
19,4883,0.0017178529763961512,0.03993202023705492,5.823311914535757e-05,0.9582918936674037,25,30,20
19,4884,0.0025676069523507456,0.039943237250520534,4.578606496965097e-05,0.9574433697321594,25,30,20
19,4885,0.002517482349322831,0.039936770424396056,0.0006221179240457998,0.9569236293022351,25,30,20
19,4886,0.002844024636217679,0.03995291544662629,0.00890934216707502,0.9482937177500803,25,30,20
19,4887,0.003008572228327443,0.03994423216209052,6.851449627845135e-05,0.9569786811133041,25,30,20
19,4888,0.0019964801976469493,0.03994423046114672,0.0002481290011571981,0.9578111603400491,25,30,20
19,4889,0.005075226447500925,0.039944245871999205,0.0005171389402584247,0.9544633887402414,25,30,20
19,4890,0.0022183144613670295,0.039885361362220276,0.00044578637125258655,0.9574505378051598,25,30,20
19,4891,0.0022062668253307036,0.03992986205900432,0.0006732692637804752,0.9571906018518844,25,30,20
19,4892,0.006077688165956673,0.03992986428346244,0.00025438501328348503,0.953738062537297,25,30,20
19,4893,0.002972072496965475,0.03994420172259647,5.753820499251538e-05,0.9570261875754451,25,30,20
19,4894,0.0022126585277219926,0.039944200208993294,4.619867772412967e-05,0.9577969425855599,25,30,20
19,4895,0.0031034409646356976,0.039092264017440106,7.708999982917589e-05,0.9577272050180952,25,30,20
19,4896,0.0022857289227262976,0.03995370069878341,5.775247906099478e-05,0.9577028178994298,25,30,20
19,4897,0.0025564008892232848,0.039418960433628004,0.0004076183785254054,0.9576170202986224,25,30,20
19,4898,0.0020221840519075098,0.03941896053565513,0.0002302708186083031,0.9583285845938283,25,30,20
19,4899,0.002693604299456717,0.0394335729308887,0.0007313902371644741,0.9571414325324895,25,30,20
19,4900,0.002343850162335094,0.03943357158150173,0.0005678093923313338,0.9576547688638323,25,30,20
19,4901,0.002046649467049631,0.03994444848502187,0.008883756101720531,0.9491251459462081,25,30,20
19,4902,0.0020204299624120943,0.039944446746010234,0.007266225831697029,0.9507688974598816,25,30,20
19,4903,0.0033991535769655958,0.03990032602354019,5.603524547031317e-05,0.956644485154024,25,30,20
19,4904,0.0013902514184785443,0.03994372551435068,0.0002200504969570952,0.9584459725702126,25,30,20
19,4905,0.004285226613218205,0.03994372955894496,0.000279697116124484,0.9554913467117133,25,30,20
19,4906,0.0038946400613192565,0.039953869812099384,0.0002558294159977384,0.9558956607105845,25,30,20
19,4907,0.0027859100579574092,0.03994393477249824,5.3101662111985206e-05,0.9572170535074325,25,30,20
19,4908,0.002754250480775899,0.0399494751091036,0.00021732324728068048,0.9570789511628383,25,30,20
19,4909,0.00188398234832603,0.03995370808616868,4.769605622675482e-05,0.9581146135092777,25,30,20
19,4910,0.005505679070168187,0.03995371036701676,7.212011577295041e-05,0.954468490447042,25,30,20
19,4911,0.0016562620960750413,0.03994416817846886,0.00023446442185156072,0.958165105303603,25,30,20
19,4912,0.0013453863738997248,0.03994416849151414,0.00046434530856346705,0.9582460998260218,25,30,20
19,4913,0.002270331515392792,0.03994416994903726,4.954735154885364e-05,0.9577359511840204,25,30,20
19,4914,0.0016849993469951793,0.03994429556090664,6.684930198788282e-05,0.9583038557901102,25,30,20
19,4915,0.0030835867879932892,0.03994433682744987,4.913948984680631e-05,0.95692293689471,25,30,20
19,4916,0.001396654900404402,0.039944384271169545,0.0002509507199887583,0.9584080101084372,25,30,20
19,4917,0.0014158683146430421,0.0399532299102973,6.120292419900033e-05,0.9585696988508591,25,30,20
19,4918,0.0013373972208452491,0.03994384406210001,3.517136184033231e-05,0.9586835873552131,25,30,20
19,4919,0.002117952610207996,0.03994384410741297,3.5717522906092934e-05,0.9579024857594721,25,30,20
19,4920,0.0016646101445596184,0.03994432836920404,3.233263621532715e-05,0.9583587288500207,25,30,20
19,4921,0.002962991037546974,0.039953710311795274,0.0006167249143445764,0.9564665737363122,25,30,20
19,4922,0.0013415804098573622,0.03977287848175147,0.0002060615128116367,0.9586794795955798,25,30,20
19,4923,0.001337127475272408,0.03977287790434659,0.0002061634085525309,0.9586838312118288,25,30,20
19,4924,0.0012825789805148491,0.03994444966749415,2.2970691382053905e-05,0.9587500006606081,25,30,20
19,4925,0.001403290348047069,0.03995358253112545,0.007247696777572037,0.9513954303432551,25,30,20
19,4926,0.0030109756964241613,0.03995358430653216,0.007292249045307202,0.9497431909517366,25,30,20
19,4927,0.004627703188164393,0.039953585855857406,0.007288245734864878,0.9481304652211141,25,30,20
19,4928,0.005151059158057227,0.039948362857752454,0.007706928449961721,0.9471936495342292,25,30,20
19,4929,0.0013463535933205054,0.03993255089377831,0.008899285932158786,0.9498218095807425,25,30,20
19,4930,0.002188888515887237,0.03995364989253239,0.009059159893162328,0.9487983016984184,25,30,20
19,4931,0.0013732714931235773,0.03995364686657109,4.059604530049281e-05,0.9586324855950058,25,30,20
19,4932,0.0016723112822803466,0.039943131980052955,0.0001955252081573421,0.9581890315295098,25,30,20
19,4933,0.003628884902705383,0.039953699944477526,7.208155548841551e-05,0.9563453335973287,25,30,20
19,4934,0.0016647435606294506,0.0399536962410899,3.583234760012795e-05,0.9583457278506806,25,30,20
19,4935,0.0016420429139183943,0.03994010414113895,6.415657993149542e-05,0.9583536963650116,25,30,20
19,4936,0.0033990441742619663,0.039932555924721315,0.0010979446409078524,0.9555704552601079,25,30,20
19,4937,0.0034134807458909766,0.039485619902809625,0.0015382534397256143,0.9555626459115726,25,30,20
19,4938,0.003032461019795634,0.039953754196529995,0.0010655719669631866,0.9559482128167112,25,30,20
19,4939,0.0016505147100432521,0.03992985124226816,0.00047652315119789905,0.9579431108964904,25,30,20
19,4940,0.0021465270151980603,0.03992985143694,3.2486090189730765e-05,0.9578911354576728,25,30,20
19,4941,0.002143622519569133,0.039929846673979315,3.859212115805378e-05,0.9578879386852941,25,30,20
19,4942,0.0019067269518599542,0.03992984619543131,5.3585341295859375e-05,0.9581098415114121,25,30,20
19,4943,0.0025166414148634015,0.03961493886990127,6.825620064748915e-05,0.9578001635145875,25,30,20
19,4944,0.0015716038745514967,0.0396515601813987,5.184553198299492e-05,0.9587249904120679,25,30,20
19,4945,0.0013513175734328037,0.039939312743116046,3.236460047314254e-05,0.9586770050829778,25,30,20
19,4946,0.00225871607964238,0.039953866771555276,0.0002442327403164123,0.9575431844084854,25,30,20
19,4947,0.002152166004896234,0.03994795897889439,0.00024184698736811851,0.9576580280288411,25,30,20
19,4948,0.004393801964014943,0.03994411551092317,0.00040690236583706594,0.9552551801592242,25,30,20
19,4949,0.0038149584876336646,0.03994411433751208,0.00039256286874485215,0.9558483643061091,25,30,20
19,4950,0.0014066349592055508,0.039944112292391656,4.5453486090648845e-05,0.9586037992623117,25,30,20
19,4951,0.002239394169224157,0.039943984298777435,4.712615261923475e-05,0.9577694953793779,25,30,20
19,4952,0.004692003828298587,0.03994398541736443,0.0004916932751324709,0.9548723174792041,25,30,20
19,4953,0.0030851395692116823,0.039943984297932375,5.5824307968521276e-05,0.9569150518248875,25,30,20
19,4954,0.001316290864341848,0.03994398263652195,0.008639393070806934,0.9501003334283287,25,30,20
19,4955,0.002196555999049394,0.039943984782843674,0.03703889089623583,0.9208205683218696,25,30,20
19,4956,0.0016238415890034276,0.03993992453548637,0.037038541252725696,0.9213976926227844,25,30,20
19,4957,0.0022274592257353655,0.03993992485753949,0.03704630766368372,0.9207863082530402,25,30,20
19,4958,0.002514847096070274,0.039953366363322425,0.03887972386779834,0.9186520626728083,25,30,20
19,4959,0.0030885153917159756,0.039953350032218574,0.05349118054980888,0.9034669540262571,25,30,20
19,4960,0.005500828300821414,0.03995335144926854,0.049715412461571636,0.904830407788338,25,30,20
19,4961,0.003046393811616519,0.03995348179277805,0.03544961379520207,0.9215505106004036,25,30,20
19,4962,0.0017066452601476004,0.03995348246199576,0.03964132105947947,0.9186985512183766,25,30,20
19,4963,0.0023969029485460132,0.03994432657988673,0.03965148254761831,0.9180072879239488,25,30,20
19,4964,0.0022672514217753643,0.0399447440294333,0.03956399223547024,0.9182240123133204,25,30,20
19,4965,0.0030077159501779665,0.039944746109025424,0.03955707439793455,0.9174904635428615,25,30,20
19,4966,0.0038615532151663897,0.039990130865881414,0.03962829249855034,0.9165200234204023,25,30,20
19,4967,0.0023733746351481478,0.03999012871362901,0.04846415600178315,0.9091723406494411,25,30,20
19,4968,0.002618254695089298,0.0399443443400828,0.05770244440005711,0.8997349565647716,25,30,20
19,4969,0.004814454263991448,0.0399203446409616,0.04000878912384926,0.9152564119711971,25,30,20
19,4970,0.001451027330763463,0.039920341618907666,0.039980946250885926,0.9186476847994434,25,30,20
19,4971,0.0017239710198002597,0.039953872280010364,0.03996617860017064,0.9183559781000167,25,30,20
19,4972,0.0015693010359878112,0.0399878329614579,0.03964968095493401,0.9187931850476201,25,30,20
19,4973,0.002078410906749287,0.039954373235247684,0.03948982086937094,0.9184773949886312,25,30,20
19,4974,0.013892558611287084,0.03995370423720921,0.02918520457016528,0.9169685325813375,25,30,20
19,4975,0.014491368648711067,0.039929858009294654,0.029197125654453697,0.91638164768754,25,30,20
19,4976,0.014728068494700939,0.03994991542189947,0.029194243125099398,0.9161277729582994,25,30,20
19,4977,0.012739298029443478,0.0399506511566301,0.029170118762504846,0.9181399320514216,25,30,20
19,4978,0.0128408260981508,0.03960803350866686,0.029195351965100466,0.9183557884280822,25,30,20
19,4979,0.0030271169703914268,0.03995851647305746,0.040146505241346005,0.9168678613152048,25,30,20
19,4980,0.0029784955967027825,0.03994909748085979,0.04013265128490363,0.9169397556375327,25,30,20
19,4981,0.0361917988860075,0.03995361874467125,0.005155195738987904,0.9186993866303329,25,30,20
19,4982,0.03702890755470271,0.03994426913024854,0.02322083214063832,0.8998059911744094,25,30,20
19,4983,0.015585468746827513,0.000710492061814745,0.08437079481026988,0.8993332443810886,25,30,20
19,4984,0.03057314952340485,0.0007462873364871725,0.06930559325365927,0.8993749698864495,25,30,20
19,4985,0.018333403944308515,7.040859508457608e-07,0.08107531140914392,0.9005905805605989,25,30,20
19,4986,0.00452273681241795,7.09373196798881e-07,0.07249945046965256,0.9229771033447328,25,30,20
19,4987,0.002565988832144008,0.0010472737841648472,0.07887245005802104,0.9175142873256696,25,30,20
19,4988,0.0013676601060963833,0.001047270677134754,0.058412456535926686,0.9391726126808412,25,30,20
19,4989,0.01555029386511949,1.0294027788056373e-06,0.06538430898629105,0.9190643677458101,25,30,20
19,4990,0.004419718418803096,3.053880426272821e-05,0.08073767753699819,0.914812065239936,25,30,20
19,4991,0.023280821824433966,4.553754868866723e-08,0.058028234152020006,0.9186908984859976,25,30,20
19,4992,0.009096332279736717,1.9183974731887328e-08,0.07306778811169584,0.9178358604245939,25,30,20
19,4993,0.0033044525177745327,4.956644044961435e-07,0.07372155274859854,0.9229734990692225,25,30,20
19,4994,0.004657217372627916,4.967924265218763e-07,0.07374637323991261,0.9215959125950336,25,30,20
19,4995,0.016341485941325354,5.655680642893654e-08,0.027096095915915948,0.9565623615859529,25,30,20
19,4996,0.0013776195287126753,1.6379600842370086e-07,0.039922842298335835,0.9586993743769453,25,30,20
19,4997,0.012441604294225903,2.825811491812977e-08,0.02918847533056374,0.9583698921170979,25,30,20
19,4998,0.012399632883951305,1.002536756755955e-08,0.028889111447545725,0.958711245643136,25,30,20
19,4999,0.00420877099843494,2.1332935271825463e-07,0.03710271205575906,0.9586883036164545,25,30,20
19,5000,0.0065072340463892715,2.1436047295667913e-07,0.037115920475158264,0.9563766311179787,25,30,20
