run,generation,degenerate,holistic,other,compositional,popsize,turnover_rounds,group_rounds
24,0,0.9987713554999793,1.4267839920713722e-08,0.0012266915175253483,1.938714656782331e-06,25,20,20
24,1,0.9175493261345293,6.550739726171496e-07,0.08244027215204708,9.746639447339496e-06,25,20,20
24,2,0.827408665699253,0.0001239776999626523,0.16948127605274185,0.002986080548040539,25,20,20
24,3,0.7317203646523454,0.00020046286058094873,0.2650124904561406,0.0030666820309358067,25,20,20
24,4,0.6433976867432071,1.4631637250791561e-06,0.31606800500161775,0.04053284509145186,25,20,20
24,5,0.6149162388809967,9.79829723566276e-07,0.3483088747019062,0.03677390658737253,25,20,20
24,6,0.5656296029864442,9.79141735533771e-06,0.4300967050704235,0.004263900525777098,25,20,20
24,7,0.5513720991964063,2.2127606735471882e-05,0.4485135236603035,9.224953655645659e-05,25,20,20
24,8,0.4387992770689882,0.000383822284224101,0.5514795533886361,0.009337347258151649,25,20,20
24,9,0.4770685773876371,2.0952808664011542e-05,0.5166599345673973,0.0062505352362969705,25,20,20
24,10,0.3460100053125514,1.3654216566765128e-05,0.6461790436764732,0.007797296794411412,25,20,20
24,11,0.4061084119252964,2.251642353800065e-05,0.577311072282059,0.0165579993691082,25,20,20
24,12,0.41959720249199933,1.0181229339372217e-05,0.5635764791170255,0.01681613716163729,25,20,20
24,13,0.3949253467608671,0.002429008915832348,0.5930663570836823,0.009579287239619117,25,20,20
24,14,0.29095213388260704,3.0119081062688785e-05,0.6992793590823757,0.009738387953958453,25,20,20
24,15,0.3709331197656647,1.684709876492551e-05,0.6222331209942176,0.006816912141353461,25,20,20
24,16,0.39021134391974527,6.271198854994426e-06,0.6029515602096303,0.006830824671769674,25,20,20
24,17,0.30970895040015856,2.4046523729776e-06,0.6838184496336691,0.0064701953137985295,25,20,20
24,18,0.4197340700978935,2.4003897643453113e-06,0.5737963200587689,0.006467209453574679,25,20,20
24,19,0.40562729125569275,0.000739194744326918,0.5871691101903185,0.00646440380966164,25,20,20
24,20,0.37533825355604483,0.000764797932867044,0.6134977044237456,0.010399244087341348,25,20,20
24,21,0.36559267592919836,0.0007528093934474029,0.6239269967947872,0.009727517882563892,25,20,20
24,22,0.4972597547978236,0.0007528852847942223,0.4894944006018779,0.012492959315501817,25,20,20
24,23,0.5188097039032538,0.0007614606771143989,0.47089002504761546,0.009538810372014057,25,20,20
24,24,0.6134671736601565,0.0007518773698985458,0.38221523861281936,0.0035657103571234807,25,20,20
24,25,0.4677325912927418,0.0007561941647399209,0.5279439667785986,0.003567247763918864,25,20,20
24,26,0.4007603990463441,0.0009230524008027759,0.5947514639456825,0.0035650846071690855,25,20,20
24,27,0.38077497377402897,1.3368351761373623e-05,0.5094015604426735,0.1098100974315322,25,20,20
24,28,0.4668212746814966,1.1145549220651543e-05,0.46334674375309537,0.06982083601618892,25,20,20
24,29,0.41003879313141245,1.116870900590144e-05,0.519621174814675,0.07032886334490313,25,20,20
24,30,0.4905889276343593,1.0478652778767544e-05,0.4395818350667821,0.0698187586460803,25,20,20
24,31,0.48569702736448717,1.2321525167907684e-05,0.43762909127058314,0.0766615598397607,25,20,20
24,32,0.47769568477396407,8.292344685851765e-06,0.4879097559554863,0.03438626692586678,25,20,20
24,33,0.5136063939399302,0.0007121919450460814,0.4513510684386111,0.03433034567641422,25,20,20
24,34,0.5332717774313761,0.0007113757066327951,0.43159249588124365,0.03442435098074842,25,20,20
24,35,0.5206999104744368,0.0006933059228909424,0.44105822425521646,0.03754855934745607,25,20,20
24,36,0.5328857552386349,0.00069059454951368,0.4316476426268935,0.03477600758495833,25,20,20
24,37,0.4546408236050762,0.0006900464406033486,0.5098896335464663,0.03477949640785464,25,20,20
24,38,0.4507745972861285,0.0006887970780759187,0.5137347718695724,0.0348018337662231,25,20,20
24,39,0.45408732920280587,0.0007370386294057299,0.51034587123649,0.03482976093129573,25,20,20
24,40,0.4874175812841531,0.0006991256956828271,0.47705360499407784,0.03482968802608527,25,20,20
24,41,0.4986433205259081,0.0006993283700865506,0.46582445502642533,0.034832896077580264,25,20,20
24,42,0.4837757987035337,0.000695088570075389,0.44073302309971246,0.07479608962667608,25,20,20
24,43,0.5239666720919636,0.0006950506106890009,0.440514878391382,0.03482339890596441,25,20,20
24,44,0.5217776925314632,0.0022913859006347868,0.44110405416617965,0.034826867401723145,25,20,20
24,45,0.4806174839935894,0.0007032718089511803,0.48106523898268144,0.037614005214776196,25,20,20
24,46,0.4813782084755587,0.0007022671065232975,0.4803028539325355,0.03761667048537906,25,20,20
24,47,0.45992563002624665,0.0006948682273826238,0.5045516322518846,0.03482786949448374,25,20,20
24,48,0.5318051636253299,0.0006990928810582658,0.43266867194669983,0.034827071546910636,25,20,20
24,49,0.5103049970220657,0.0007336566971885758,0.4541320310844041,0.03482931519634461,25,20,20
24,50,0.5068341123717519,0.0007607200732411318,0.4575731055489127,0.034832062006096,25,20,20
24,51,0.44431095789571806,0.000761062587467975,0.5201056736809161,0.03482230583589539,25,20,20
24,52,0.4835883956233249,0.0007341868849363297,0.48085544943609226,0.034821968055642735,25,20,20
24,53,0.42674947490811377,0.0007346873217417565,0.5369769023502189,0.035538935419922216,25,20,20
24,54,0.4982939488132812,0.0007336328011537173,0.4658336434290327,0.03513877495653188,25,20,20
24,55,0.5118980651640775,0.0007333412761866044,0.4518576754880914,0.035510918071640044,25,20,20
24,56,0.5484744660113631,0.0007324828231245227,0.41528214748246467,0.03551090368304132,25,20,20
24,57,0.5419941412576881,0.0007506756369102016,0.42173677964426703,0.03551840346113232,25,20,20
24,58,0.5819037634722395,0.0007493453361671891,0.38218244089906334,0.035164450292528966,25,20,20
24,59,0.510958873968332,0.0007506562274012733,0.4531297547493257,0.03516071505493892,25,20,20
24,60,0.4800026895643015,0.0007445089424831582,0.4841036613397112,0.035149140153503754,25,20,20
24,61,0.5515492015912029,0.0007445099587432663,0.4125570976947703,0.035149190755283194,25,20,20
24,62,0.5519292948331875,0.0007445129661940812,0.41217711756500053,0.03514907463561758,25,20,20
24,63,0.530440271077946,0.0007333633041753686,0.43365488120225004,0.03517148441562842,25,20,20
24,64,0.49134067596355785,0.0007330146262960741,0.43301771222537483,0.0749085971847705,25,20,20
24,65,0.4786432831801731,0.000752906101204258,0.4454669452371815,0.07513686548144048,25,20,20
24,66,0.521079087510742,0.0007529111078782138,0.4030319834047795,0.07513601797659966,25,20,20
24,67,0.5284593599760099,0.0007330392331699907,0.395634675897121,0.07517292489369765,25,20,20
24,68,0.5309775404303353,0.0007330119929734439,0.3931266563918141,0.07516279118487654,25,20,20
24,69,0.5353131479935771,0.0007392903045001808,0.3887842190734797,0.07516334262844197,25,20,20
24,70,0.49982834489642236,0.0007392900335503141,0.3844213170984973,0.11501104797152997,25,20,20
24,71,0.46621384393796683,0.0007392899808868946,0.3779421722440506,0.15510469383709302,25,20,20
24,72,0.4862982788213461,0.0007383691619490232,0.3978428209084153,0.115120531108288,25,20,20
24,73,0.5435327479009426,0.0006999539076616078,0.35084447689963666,0.1049228212917564,25,20,20
24,74,0.551321421769712,0.0007625264266649969,0.3727806135720474,0.0751354382315742,25,20,20
24,75,0.5502523879000388,0.0007821584518357734,0.37381888447698924,0.07514656917113514,25,20,20
24,76,0.5833903364786623,0.0007822902571975064,0.34068100566994636,0.07514636759419178,25,20,20
24,77,0.583386353312151,0.0007822902569221572,0.3406786342969355,0.07515272213398944,25,20,20
24,78,0.5510414392911953,0.0007824529674774706,0.3730194773149481,0.07515663042637719,25,20,20
24,79,0.5508160007052286,0.0007825153068557338,0.37324483408263903,0.07515664990527478,25,20,20
24,80,0.5508154850949745,9.742866586662203e-05,0.37393047193887263,0.07515661430028497,25,20,20
24,81,0.526995679574012,9.844382405748653e-05,0.398435771994442,0.07447010460748701,25,20,20
24,82,0.5515862597980024,9.843053714470577e-05,0.3340187189842056,0.11429659068064492,25,20,20
24,83,0.5351130942920662,0.00010588313311950173,0.3504234247660577,0.11435759780875507,25,20,20
24,84,0.5163439876899266,0.00011688168280847492,0.40895659084480046,0.07458253978246415,25,20,20
24,85,0.5147820861227217,0.00011709321677986026,0.4105272432400349,0.07457357742046294,25,20,20
24,86,0.570014960506304,0.00011646445262835316,0.35544403070819913,0.07442454433286688,25,20,20
24,87,0.5908491518947225,0.00011564497955642044,0.33461522278615236,0.07441998033956822,25,20,20
24,88,0.5908301520277695,0.00011564496117487715,0.32895757310236123,0.08009662990869496,25,20,20
24,89,0.5631489381842355,0.00011519970643228621,0.35663402566059615,0.0801018364487372,25,20,20
24,90,0.5911488393475747,0.00011506656413243097,0.3285416692760924,0.08019442481220042,25,20,20
24,91,0.5808496368267301,0.00011503325068279755,0.3389401301187285,0.08009519980385837,25,20,20
24,92,0.5606418614869514,0.00011503215834968675,0.3591488234688935,0.08009428288580552,25,20,20
24,93,0.5574999026409725,0.00011502498607238577,0.36229080695058874,0.08009426542236708,25,20,20
24,94,0.557882199036137,0.00010875542543993712,0.36191533910625784,0.08009370643216623,25,20,20
24,95,0.5903514068900687,0.00010875879388292903,0.3294461027841845,0.08009373153186411,25,20,20
24,96,0.5770946933274377,0.00010875880179694575,0.342702815560586,0.08009373231017954,25,20,20
24,97,0.5931819330958551,0.00010130585230219626,0.32668401389705287,0.08003274715479015,25,20,20
24,98,0.5762892925124059,0.00010091803894586526,0.3435767143655955,0.08003307508305309,25,20,20
24,99,0.5529393258885991,0.00010094190921633755,0.3654755902894086,0.08148414191277902,25,20,20
24,100,0.5529513597653203,0.00010094190935411468,0.36547571549559726,0.08147198282973157,25,20,20
24,101,0.5529504140006055,0.00010094190930136582,0.36547582570375925,0.08147281838633724,25,20,20
24,102,0.5531733619988661,0.00010041062401119301,0.36670318176203914,0.08002304561508362,25,20,20
24,103,0.5531763291149516,0.0001004106240241581,0.36670776806876126,0.08001549219226281,25,20,20
24,104,0.5685022963823727,0.0003034898398472068,0.3511737311401067,0.08002048263767426,25,20,20
24,105,0.6029466198125509,0.00010768821081647775,0.3168987515722351,0.08004694040439939,25,20,20
24,106,0.604342792249111,0.00012834276455970796,0.3155110987201846,0.08001776626614607,25,20,20
24,107,0.6273692193565484,0.00012153470214204914,0.29252289890431504,0.0799863470369957,25,20,20
24,108,0.6273692638286152,0.00012153470213773358,0.2925182793097184,0.0799909221595298,25,20,20
24,109,0.5886003010592289,0.00012154782056656712,0.33059012402542826,0.08068802709477688,25,20,20
24,110,0.5902306691852184,9.361572442538745e-05,0.32898776593811796,0.08068794915223909,25,20,20
24,111,0.5956257105500271,9.361564513862554e-05,0.3235919870219549,0.0806886867828803,25,20,20
24,112,0.60111490769925,9.361192332541396e-05,0.31810281805956975,0.08068866231785543,25,20,20
24,113,0.5898599661969048,9.360315954282031e-05,0.3293577766292872,0.08068865401426566,25,20,20
24,114,0.5898490245299852,9.360419653154017e-05,0.32936849132745344,0.08068887994602945,25,20,20
24,115,0.5769378589900127,9.360454373802683e-05,0.3422796791608672,0.08068885730538194,25,20,20
24,116,0.5767152035978715,9.363356089782354e-05,0.3114401447912145,0.11175101805001626,25,20,20
24,117,0.6064725983933666,3.216626308015945e-05,0.2817494470978072,0.11174578824574555,25,20,20
24,118,0.6232623489949861,3.2166260211175005e-05,0.2649596982700834,0.111745786474719,25,20,20
24,119,0.6110929087356647,3.209103110975175e-05,0.27713010158305396,0.11174489865017306,25,20,20
24,120,0.6507854387823443,3.209105730698021e-05,0.2374375680763556,0.11174490208399462,25,20,20
24,121,0.6507308149580752,3.2055870836582076e-05,0.22857259872186472,0.1206645304492235,25,20,20
24,122,0.6464330305358288,3.205676940775771e-05,0.23285630281056802,0.12067860988419675,25,20,20
24,123,0.6169296389002642,0.00011140519158495212,0.2622751899212255,0.12068376598692693,25,20,20
24,124,0.6169256599450844,0.00011140519155850901,0.2622751855272366,0.120687749336122,25,20,20
24,125,0.6166126632088266,0.00011140512921210034,0.2625658538409101,0.1207100778210527,25,20,20
24,126,0.6280904717765913,0.00011140507860648808,0.2510880462797401,0.1207100768650637,25,20,20
24,127,0.6229435699176221,0.00011269172900574578,0.256234352374537,0.12070938597883701,25,20,20
24,128,0.6229475469981398,0.00011269172903202504,0.2562343567304782,0.12070540454235172,25,20,20
24,129,0.6229478638744665,0.00011269173016785329,0.2562340398452488,0.12070540455011887,25,20,20
24,130,0.6230511662566779,0.0001126912171531595,0.25613081209363275,0.12070533043253828,25,20,20
24,131,0.6230361880961656,0.00011269121701508709,0.2561328840126869,0.1207182366741346,25,20,20
24,132,0.6133121864115744,0.00015772174382503804,0.2658181658935516,0.12071192595105064,25,20,20
24,133,0.5924856020192789,0.0001579473729870345,0.28327548948420583,0.12408096112353016,25,20,20
24,134,0.5899632303258169,0.00015795315354646022,0.28579776369603904,0.1240810528245999,25,20,20
24,135,0.5913933516040291,0.00015795315910689211,0.28436764087027866,0.12408105436658735,25,20,20
24,136,0.5913865007314653,0.00015795315910777013,0.2843742796811172,0.12408126642831149,25,20,20
24,137,0.5817072008194413,7.853014514840622e-05,0.294139822829984,0.12407444620542836,25,20,20
24,138,0.589384527230585,7.85302647880758e-05,0.28646246224100513,0.12407448026362426,25,20,20
24,139,0.5901994038994934,7.853010731373779e-05,0.28564979277339736,0.12407227321979736,25,20,20
24,140,0.5915137878511257,7.852978432220933e-05,0.2843353858389596,0.12407229652559408,25,20,20
24,141,0.5918911643489416,7.852978032559469e-05,0.28395803320840884,0.12407227266232577,25,20,20
24,142,0.6038201611070516,7.851420925815087e-05,0.27202905038826564,0.12407227429542654,25,20,20
24,143,0.6039404641700886,7.851511044708479e-05,0.27190874642298535,0.124072274296481,25,20,20
24,144,0.6116994912187598,7.722907974272569e-05,0.26415105281504664,0.12407222688645218,25,20,20
24,145,0.6116993933388083,7.722908177826945e-05,0.2641511502869566,0.12407222729245806,25,20,20
24,146,0.6108668340864978,7.722908228092013e-05,0.26498370966385587,0.12407222716736664,25,20,20
24,147,0.6286241952805688,3.2206627639663315e-05,0.2472692702271285,0.1240743278646648,25,20,20
24,148,0.6262756387069263,3.22260500769657e-05,0.24959904130107294,0.12409309394192541,25,20,20
24,149,0.6465770336839682,3.2272029062102e-05,0.22968433423524087,0.12370636005173007,25,20,20
24,150,0.6656307250013398,2.121196231753491e-05,0.21064173916114565,0.12370632387519823,25,20,20
24,151,0.6616894134764827,2.1459084447143515e-05,0.21460572711306716,0.12368340032600418,25,20,20
24,152,0.6825628328537051,2.1233423720929788e-05,0.19710157248058163,0.12031436124199336,25,20,20
24,153,0.6628201257220573,3.18941396887591e-06,0.21687322229723996,0.12030346256673434,25,20,20
24,154,0.6629027875071829,3.1892135914669385e-06,0.2167905624148358,0.1203034608643903,25,20,20
24,155,0.6629068346845907,3.189213645179948e-06,0.21679064995923927,0.12029932614252488,25,20,20
24,156,0.6654013113968326,3.057356770700977e-06,0.21429559400055223,0.12030003724584411,25,20,20
24,157,0.6651563866466222,3.057357297861148e-06,0.21454051819552636,0.12030003780055322,25,20,20
24,158,0.671000640589627,2.998892143435471e-06,0.2089987952598309,0.11999756525839772,25,20,20
24,159,0.6747928156329682,2.9986641694038493e-06,0.20522069881122873,0.11998348689163267,25,20,20
24,160,0.6747957602942166,2.998664169333578e-06,0.20521864982416138,0.1199825912174524,25,20,20
24,161,0.674804020511613,2.998664347822493e-06,0.20521038970013553,0.11998259112390336,25,20,20
24,162,0.6752582905797752,2.99866233914572e-06,0.20475611963811044,0.11998259111977493,25,20,20
24,163,0.6611713406500158,3.4297554138353982e-06,0.2163775178773911,0.12244771171717965,25,20,20
24,164,0.664304356525294,3.534420088878254e-06,0.21324439615444762,0.12244771290017063,25,20,20
24,165,0.6663347491428078,3.516478715590639e-06,0.21121407040926715,0.12244766396921072,25,20,20
24,166,0.666334166703937,3.516479862148368e-06,0.21121465269518563,0.12244766412101592,25,20,20
24,167,0.6679552069718447,3.410926148848462e-06,0.20959371906853708,0.12244766303346993,25,20,20
24,168,0.6695476266146447,3.4105706170910383e-06,0.20800204082937893,0.12244692198535975,25,20,20
24,169,0.6700184963867971,3.412567244920247e-06,0.2075311356989172,0.12244695534704123,25,20,20
24,170,0.6700143804181046,3.412567426445509e-06,0.2075375960837427,0.12244461093072662,25,20,20
24,171,0.6695493563798222,3.4105746189614803e-06,0.20800265476444996,0.12244457828110925,25,20,20
24,172,0.6690898417502504,3.410574120649902e-06,0.20846216224787145,0.12244458542775741,25,20,20
24,173,0.6690899632188687,3.410574112498316e-06,0.20846201249194873,0.12244461371506989,25,20,20
24,174,0.6611573752726747,3.409911238060293e-06,0.21639460134242516,0.12244461347366314,25,20,20
24,175,0.6221056187074203,3.4556259375629143e-06,0.25543478553505566,0.12245614013158698,25,20,20
24,176,0.6232378164815349,3.4403801097444283e-06,0.25430997184245596,0.12244877129589965,25,20,20
24,177,0.6030954649889609,3.5823963804901206e-06,0.27445166290236134,0.12244928971229738,25,20,20
24,178,0.6174206588570776,9.05816772763335e-06,0.26258339214632376,0.11998689082887135,25,20,20
24,179,0.6368708952732003,9.012462813439842e-06,0.24314472789136235,0.11997536437262424,25,20,20
24,180,0.6560184455424869,6.340869100271e-06,0.22399983206891894,0.11997538151949434,25,20,20
24,181,0.6515360743948686,6.39309114851069e-06,0.22848214251201537,0.11997539000196811,25,20,20
24,182,0.6515360922601174,6.393090940343173e-06,0.22847559669178455,0.11998191795715828,25,20,20
24,183,0.6273574445558047,6.39323787234838e-06,0.25265413288342825,0.1199820293228944,25,20,20
24,184,0.6284277793018683,6.3927830441459225e-06,0.25158380242837897,0.11998202548670812,25,20,20
24,185,0.6430715400568306,6.37013143997019e-06,0.2369400802370431,0.11998200957468594,25,20,20
24,186,0.6535787169970618,4.6570664654086586e-07,0.22644150397310642,0.11997931332318557,25,20,20
24,187,0.6548593157946274,4.632403582873457e-07,0.22516095729573504,0.11997926366927938,25,20,20
24,188,0.6548661682515312,4.6324039331686264e-07,0.22515440161900227,0.1199789668890738,25,20,20
24,189,0.6547925435969425,4.6396588130760963e-07,0.2252279150789914,0.11997907735818533,25,20,20
24,190,0.6783947020906413,4.6381989645367585e-07,0.20162586840764288,0.11997896568181977,25,20,20
24,191,0.6781283758326125,4.6432955247756e-07,0.20189218910600767,0.11997897073182782,25,20,20
24,192,0.7180035816776922,4.643474992115818e-07,0.16201697343812616,0.11997898053668252,25,20,20
24,193,0.7179966074260059,4.6434742865643316e-07,0.1620169684058071,0.11998595982075828,25,20,20
24,194,0.7095746953290728,4.643705034589169e-07,0.17043887273145286,0.11998596756897087,25,20,20
24,195,0.711252039069463,4.593851748546683e-07,0.16876162435720612,0.11998587718815593,25,20,20
24,196,0.7112384652836015,4.593884427101389e-07,0.1687751977084617,0.11998587761949447,25,20,20
24,197,0.7468839295316849,4.1624339944424943e-07,0.13312978332579356,0.11998587089912251,25,20,20
24,198,0.7467666747628453,4.1582067240822645e-07,0.13324704008934973,0.119985869327133,25,20,20
24,199,0.7441187446884817,4.200390944792551e-07,0.13589412315503485,0.11998671211738936,25,20,20
24,200,0.7440728559583957,4.1931584864754043e-07,0.13594003496719945,0.11998668975855663,25,20,20
24,201,0.7283283421317779,4.188258086105022e-07,0.151684637307251,0.11998660173516336,25,20,20
24,202,0.7472027248303971,4.1509529539561255e-07,0.1328110138493828,0.11998584622492509,25,20,20
24,203,0.7472026372842697,4.150953224648727e-07,0.13281104824747758,0.11998589937293065,25,20,20
24,204,0.7472026898597981,4.150953045009582e-07,0.13281111868442477,0.1199857763604732,25,20,20
24,205,0.7555250027556011,4.149785972427468e-07,0.12448884783002495,0.11998573443577717,25,20,20
24,206,0.7555280672491895,4.149786149048404e-07,0.12458102708257603,0.11989049068962004,25,20,20
24,207,0.7756716789809931,2.729652051541678e-07,0.10443807505270636,0.11988997300109584,25,20,20
24,208,0.7756740298848215,2.729671776671272e-07,0.10443570801553116,0.11988998913247027,25,20,20
24,209,0.7591040253111386,6.132456927501574e-07,0.12101676863569971,0.11987859280746967,25,20,20
24,210,0.7590885693594754,6.13483477239048e-07,0.12103221846147333,0.11987859869557481,25,20,20
24,211,0.7459543419993118,4.0375125570417703e-05,0.1341291959381669,0.11987608693695145,25,20,20
24,212,0.7459315374591554,4.037521968504518e-05,0.13415200045740044,0.11987608686375976,25,20,20
24,213,0.7346275035636731,4.039764162939734e-05,0.145455982144982,0.11987611664971673,25,20,20
24,214,0.734502177903088,4.0397642230212e-05,0.14558130319872423,0.11987612125595883,25,20,20
24,215,0.7334983520075951,4.039809147605846e-05,0.1465804373452783,0.1198808125556519,25,20,20
24,216,0.7334953240242353,4.039809169374535e-05,0.1465870253895835,0.11987725249448855,25,20,20
24,217,0.7337629386557798,4.0397616804207156e-05,0.14631938341623832,0.11987728031117889,25,20,20
24,218,0.7343257714688789,4.0396823658683105e-05,0.1457565524354276,0.11987727927203584,25,20,20
24,219,0.7396907471869764,4.040615823348466e-05,0.140388689031734,0.11988015762305729,25,20,20
24,220,0.7405151544657166,4.0396830904126174e-05,0.13956716967949137,0.119877279023889,25,20,20
24,221,0.740407647469219,4.039690583297438e-05,0.1396746574570375,0.11987729816791144,25,20,20
24,222,0.7407073556418361,4.03969037532915e-05,0.1393749495797062,0.11987729787470545,25,20,20
24,223,0.702629639185994,4.04214925416956e-05,0.17745263845210812,0.11987730086935658,25,20,20
24,224,0.702626625061284,4.042149253366724e-05,0.17745259763073196,0.11988035581545077,25,20,20
24,225,0.7022550696516912,4.0422023236497626e-05,0.1778241559337167,0.11988035239135618,25,20,20
24,226,0.7003599621579651,4.03983045347552e-05,0.17971929013804125,0.11988034939945959,25,20,20
24,227,0.700801722066804,4.296841035758314e-05,0.17927481529318817,0.11988049422965098,25,20,20
24,228,0.7003689809714926,4.039743244434243e-05,0.1797102673553469,0.11988035424071691,25,20,20
24,229,0.7004677155475006,4.039745965554356e-05,0.1796116289210859,0.11988025807175891,25,20,20
24,230,0.7039761732346289,4.039036571077243e-05,0.1761017660477232,0.1198816703519378,25,20,20
24,231,0.7037698008241677,4.039067007348422e-05,0.17630791116229105,0.11988189734346838,25,20,20
24,232,0.7040700123650422,4.0390269452504184e-05,0.17600768552227664,0.1198819118432294,25,20,20
24,233,0.714765459739964,4.0387010772838484e-05,0.16531224522651894,0.11988190802274536,25,20,20
24,234,0.7149471688933755,4.038509156255836e-05,0.1651319516822625,0.11988049433280044,25,20,20
24,235,0.71434704856457,4.042547643072635e-05,0.1657319565051958,0.11988056945380451,25,20,20
24,236,0.7145832590395943,4.042547961411686e-05,0.16564458118302627,0.119731734297766,25,20,20
24,237,0.7145901797832787,4.0425479629947704e-05,0.16565466647042854,0.11971472826666359,25,20,20
24,238,0.6955493339544994,4.267416180410204e-05,0.1843160075463149,0.12009198433738198,25,20,20
24,239,0.6745391552200504,4.267416348373264e-05,0.2053261861479927,0.12009198446847393,25,20,20
24,240,0.6745604601635976,4.2674045845780634e-05,0.20530489097372326,0.12009197481683398,25,20,20
24,241,0.6439579611818086,0.0005941682696983566,0.23535582983155146,0.1200920407169426,25,20,20
24,242,0.640049821654179,0.0005941597193834712,0.2392663373714896,0.12008968125494825,25,20,20
24,243,0.6392130886101963,0.0005941596052453246,0.24010308027297605,0.12008967151158254,25,20,20
24,244,0.6390991392033442,0.0005941596931621308,0.24021706088684627,0.1200896402166476,25,20,20
24,245,0.6467348600616686,0.0005947843780012305,0.23258068040578317,0.12008967515454737,25,20,20
24,246,0.6703838814517274,5.7085779323693726e-05,0.20946942316918346,0.12008960959976528,25,20,20
24,247,0.6701446063429743,5.7085776122563685e-05,0.20946453477387453,0.12033377310702857,25,20,20
24,248,0.6534139035849114,5.708600113518538e-05,0.2261952327708343,0.12033377764311867,25,20,20
24,249,0.6500334818683187,5.708618293529622e-05,0.2295756394728115,0.12033379247593398,25,20,20
24,250,0.6501601537140235,5.7085148696272316e-05,0.2294491933798681,0.1203335677574108,25,20,20
24,251,0.6511793813343855,5.70454213829987e-05,0.22843006101498325,0.12033351222924708,25,20,20
24,252,0.6673140179535016,5.704542291998901e-05,0.21229542406106097,0.12033351256251638,25,20,20
24,253,0.6883436048509708,5.7045425381108295e-05,0.19126583704478733,0.12033351267885989,25,20,20
24,254,0.688345603296486,5.7045425230847116e-05,0.19125933792884214,0.12033801334944033,25,20,20
24,255,0.6885999341424065,5.704531896476547e-05,0.19100500763330447,0.12033801290532375,25,20,20
24,256,0.684008512148001,5.763887974917635e-05,0.19559463049015627,0.12033921848209295,25,20,20
24,257,0.6466989608050074,5.765248224861749e-05,0.23290397332094798,0.12033941339179417,25,20,20
24,258,0.6466969841783978,5.765248240606371e-05,0.23290860879447223,0.12033675454472198,25,20,20
24,259,0.6463806447217765,5.76542690383005e-05,0.23322494616753395,0.12033675484164971,25,20,20
24,260,0.6471131112477192,0.00012054169042101605,0.23213692412191797,0.12062942293994004,25,20,20
24,261,0.6506187417025936,0.00011994832481619056,0.22863278132988057,0.1206285286427079,25,20,20
24,262,0.651089966061461,0.00011994833963252697,0.22816156313430214,0.12062852246460272,25,20,20
24,263,0.6514993534920234,0.00011991495528710505,0.2277524315789538,0.12062829997373405,25,20,20
24,264,0.655302413425791,0.0001176669655470994,0.22432874638480108,0.12025117322385893,25,20,20
24,265,0.6553054381734222,0.00011766696529493294,0.22432398905689455,0.12025290580438677,25,20,20
24,266,0.6556446935659124,0.00011766725529629067,0.22398417382139482,0.12025346535739506,25,20,20
24,267,0.6557046820606984,0.00011766663238162663,0.22392411053418596,0.12025354077273236,25,20,20
24,268,0.6553310668083873,0.00011769621056783138,0.22429009079432544,0.120261146186718,25,20,20
24,269,0.6599848891598967,0.00011769618820259018,0.21963625467414136,0.12026115997775781,25,20,20
24,270,0.6602220873288844,0.00011769619328071203,0.21963667179863047,0.12002354467920283,25,20,20
24,271,0.6601087833519295,0.00011769642780661066,0.21974988302162785,0.12002363719863447,25,20,20
24,272,0.6772838760061747,7.768775475517369e-05,0.2026155541528316,0.12002288208623729,25,20,20
24,273,0.670908294595439,7.769207949492823e-05,0.20899114514691808,0.1200228681781465,25,20,20
24,274,0.6927923145051481,7.726449645390987e-05,0.18705417281027956,0.12007624818811724,25,20,20
24,275,0.7091444508191972,7.72710331475841e-05,0.17070109835917724,0.12007717978847751,25,20,20
24,276,0.7090309270889514,7.727103316024995e-05,0.17081462173615652,0.12007718014173151,25,20,20
24,277,0.709022999714826,7.727101608830068e-05,0.17082253386831417,0.12007719540077122,25,20,20
24,278,0.7062628877202067,7.72733130586395e-05,0.17358273147090364,0.12007710749583003,25,20,20
24,279,0.7092481994472741,7.728119898148272e-05,0.17059671967816317,0.12007779967558091,25,20,20
24,280,0.7036047604481892,7.728340630500086e-05,0.17624084278293542,0.12007711336256956,25,20,20
24,281,0.7044491729503883,7.737554775141822e-05,0.1753963120604638,0.1200771394413956,25,20,20
24,282,0.7044601380660086,7.737554783131304e-05,0.17576921643897436,0.11969326994718518,25,20,20
24,283,0.704386354670442,9.031872330133892e-05,0.17583005694774656,0.11969326965850996,25,20,20
24,284,0.6910592184635332,9.106222861890253e-05,0.18899622882306827,0.11985349048477928,25,20,20
24,285,0.7036794467893237,9.106160385195354e-05,0.17638389961668136,0.1198455919901427,25,20,20
24,286,0.6796501231743595,9.191444714822456e-05,0.1997354594118265,0.120522502966665,25,20,20
24,287,0.6749999956732657,9.191494550379599e-05,0.20438571375184306,0.12052237562938625,25,20,20
24,288,0.6746432151877794,9.192086381236353e-05,0.2047424807516861,0.12052238319672127,25,20,20
24,289,0.680479916140735,9.157649629808312e-05,0.19890602524684364,0.1205224821161222,25,20,20
24,290,0.6819016919449824,9.154672349323478e-05,0.19749219581811547,0.12051456551340761,25,20,20
24,291,0.6822406108480159,9.154083824864222e-05,0.1971533067944221,0.12051454151931207,25,20,20
24,292,0.7217349558738299,9.15396433647781e-05,0.1576589399417509,0.12051456454105393,25,20,20
24,293,0.727886583527471,9.152925468739025e-05,0.1515073441674555,0.12051454305038542,25,20,20
24,294,0.7156776577055369,9.067641053396733e-05,0.16439403349254872,0.11983763239138004,25,20,20
24,295,0.7156768731196295,9.067641164143063e-05,0.16439481780680723,0.11983763266192154,25,20,20
24,296,0.7043732618980267,9.067642391972358e-05,0.17569838827240783,0.119837673405645,25,20,20
24,297,0.6901113130415665,0.00011848068771400696,0.1899316702438651,0.11983853602685376,25,20,20
24,298,0.6512261526987028,0.00011848077268387853,0.22881739055563957,0.1198379759729727,25,20,20
24,299,0.6513145637946803,0.00011938372996352291,0.22872807571846493,0.11983797675689006,25,20,20
24,300,0.6588985500088473,0.00011864018076215843,0.22130501295049007,0.11967779685989927,25,20,20
24,301,0.6409417305310673,0.00011865062664646472,0.2391133380016878,0.11982628084059681,25,20,20
24,302,0.6273275268664998,0.00010486249793889557,0.25261847840812696,0.11994913222743181,25,20,20
24,303,0.6200938757908933,0.00010485802205134681,0.2598530379557684,0.11994822823128481,25,20,20
24,304,0.640361450690758,0.00010485075514641542,0.23970824728295825,0.11982545127113531,25,20,20
24,305,0.6406582504015585,0.00010484904416862969,0.2394114485630909,0.11982545199118047,25,20,20
24,306,0.6482604615146381,0.00010484676919925313,0.23180927312121405,0.11982541859494705,25,20,20
24,307,0.6487049977954031,0.00010540899157212369,0.2313626139362117,0.11982697927681167,25,20,20
24,308,0.6452206103781072,0.00010540900425019929,0.23484700136625355,0.11982697925138758,25,20,20
24,309,0.6594947646505865,7.760476990659885e-05,0.22060151436139244,0.11982611621811387,25,20,20
24,310,0.6597875866246499,7.76047408099021e-05,0.2203086923165059,0.11982611631803375,25,20,20
24,311,0.6589275265101245,1.4717314916346021e-05,0.22152430909583018,0.1195334470791273,25,20,20
24,312,0.6549610532833101,1.4723594317317122e-05,0.2254888246655876,0.11953539845678346,25,20,20
24,313,0.655184221831683,1.472328642585704e-05,0.22526574851920725,0.11953530636268252,25,20,20
24,314,0.655312691935105,1.4723323155151424e-05,0.2251373021740499,0.1195352825676885,25,20,20
24,315,0.6555076588161965,1.7629650741230114e-05,0.2249394244209814,0.11953528711207916,25,20,20
24,316,0.6543171383287746,1.762964530680055e-05,0.22612994574276088,0.11953528628315635,25,20,20
24,317,0.6644873811894406,1.8574782284701778e-05,0.21595884805168283,0.11953519597659051,25,20,20
24,318,0.6654057478882958,1.8574967994757042e-05,0.2150404568534315,0.11953522029027681,25,20,20
24,319,0.6909617067402222,1.878289593215261e-05,0.18948426810314337,0.11953524226070115,25,20,20
24,320,0.691173683386127,1.8782725201731404e-05,0.18927234838895893,0.11953518549971133,25,20,20
24,321,0.6831051105102882,2.782405040017054e-05,0.1973299230304584,0.11953714240885213,25,20,20
24,322,0.6831566656408938,2.7823909471622305e-05,0.1972783650470587,0.11953714540257517,25,20,20
24,323,0.6884963136855972,2.7824217096172077e-05,0.1919387574755264,0.11953710462177959,25,20,20
24,324,0.6810700544551536,3.3451276300514114e-05,0.19935865718740042,0.11953783708114475,25,20,20
24,325,0.6808688559790032,3.345163809000366e-05,0.1995598468877503,0.11953784549515578,25,20,20
24,326,0.6486192952773774,3.906302346463077e-05,0.23180376971721312,0.11953787198194425,25,20,20
24,327,0.6452355357840827,3.3435922033308855e-05,0.23519388985326573,0.11953713844061775,25,20,20
24,328,0.6636619128547153,3.342503513823998e-05,0.216920615797697,0.11938404631244875,25,20,20
24,329,0.6638350984583806,3.342468808840829e-05,0.21674742205768474,0.11938405479584561,25,20,20
24,330,0.6560987955045104,2.782127891217075e-05,0.21740523368335096,0.12646814953322585,25,20,20
24,331,0.656138099424942,2.782117049268465e-05,0.21736593741347854,0.1264681419910861,25,20,20
24,332,0.6565157615660792,2.0978523112929267e-05,0.21699511829691548,0.12646814161389192,25,20,20
24,333,0.6667868470813739,2.0781529212618284e-05,0.20677763425418022,0.12641473713523266,25,20,20
24,334,0.6668035785546043,2.078157651002984e-05,0.20676091146818412,0.12641472840070092,25,20,20
24,335,0.6641093074151242,2.0788305532589258e-05,0.20945460679658934,0.12641529748275285,25,20,20
24,336,0.6640690623930287,2.0788351103968027e-05,0.20949485057248513,0.12641529868338136,25,20,20
24,337,0.677330120679248,1.7882027408279675e-05,0.1962367029449691,0.12641529434837376,25,20,20
24,338,0.6803420511062697,1.7875112614209252e-05,0.19322537284934685,0.12641470093176835,25,20,20
24,339,0.6804522427442149,1.787511326814241e-05,0.19311518141554387,0.1264147007269729,25,20,20
24,340,0.700974211361956,1.787521835433826e-05,0.1725932126475206,0.1264147007721688,25,20,20
24,341,0.7009663504766764,1.7875218337926875e-05,0.1722203530840756,0.12679542122090987,25,20,20
24,342,0.6805053741058579,1.770472487339359e-05,0.19267145574290162,0.12680546542636667,25,20,20
24,343,0.68061256976378,1.7704617840442516e-05,0.19256426052077433,0.12680546509760487,25,20,20
24,344,0.6803076629699919,1.7882853017028248e-05,0.19286898780530234,0.12680546637168844,25,20,20
24,345,0.6872264255432211,8.841189959017238e-06,0.18596142752665792,0.12680330574016166,25,20,20
24,346,0.6873344876917215,8.841081739796017e-06,0.18585338080465708,0.1268032904218814,25,20,20
24,347,0.6498395561498606,8.854726005249347e-06,0.22334456649636852,0.1268070226277663,25,20,20
24,348,0.6496361160506532,8.85469038527096e-06,0.22354801317045334,0.12680701608850894,25,20,20
24,349,0.6490538865565573,8.85462163167948e-06,0.22413024373688079,0.12680701508493125,25,20,20
24,350,0.6491646451184353,8.854756113466828e-06,0.22401944288180434,0.12680705724364796,25,20,20
24,351,0.6491540274745379,8.861206733393293e-06,0.2240300537857841,0.1268070575329456,25,20,20
24,352,0.6485164595178108,8.85635699357593e-06,0.2246680087616334,0.12680667536356297,25,20,20
24,353,0.6468704457358174,8.20218520445224e-06,0.22631482359748695,0.12680652848149163,25,20,20
24,354,0.6468704594587875,8.202185141321428e-06,0.23739250903448286,0.1157288293215888,25,20,20
24,355,0.6466371839374112,8.202180106904826e-06,0.2373920139962722,0.11596259988620955,25,20,20
24,356,0.6525352307384803,8.202177914687998e-06,0.23149396719346405,0.1159625998901409,25,20,20
24,357,0.6517510412720564,8.195978725815067e-06,0.2322780864760562,0.1159626762731614,25,20,20
24,358,0.654878277824843,8.19342038847296e-06,0.22915230042218945,0.11596122833257885,25,20,20
24,359,0.6545416232863629,8.193900602052907e-06,0.2294889471277709,0.115961235685264,25,20,20
24,360,0.654834582917943,8.015706391059011e-06,0.22919615699038856,0.11596124438527727,25,20,20
24,361,0.6548276110864396,8.015706347190333e-06,0.22919626770048665,0.11596810550672647,25,20,20
24,362,0.6564791256456957,8.015917528573782e-06,0.2275447480417644,0.11596811039501115,25,20,20
24,363,0.6366154115756756,8.097038173193465e-06,0.2377941099218014,0.12558238146435,25,20,20
24,364,0.6315484946888568,8.098310766507814e-06,0.2428610248039932,0.12558238219638385,25,20,20
24,365,0.6331389087950879,8.098278953723244e-06,0.24127065174729498,0.12558234117866385,25,20,20
24,366,0.5957977418955805,7.231813967393508e-06,0.2785919786573034,0.12560304763314878,25,20,20
24,367,0.5963347633386025,7.231805994071236e-06,0.27805505606345315,0.12560294879195016,25,20,20
24,368,0.595737367839418,7.231819492745529e-06,0.27865244919072163,0.12560295115036715,25,20,20
24,369,0.6071311867725836,7.231810645376461e-06,0.2672586704346697,0.12560291098210094,25,20,20
24,370,0.6054372835702472,7.480750484857179e-06,0.26895233655031275,0.1256028991289547,25,20,20
24,371,0.6054468804691713,2.1310872580634675e-05,0.2689289089015795,0.12560289975666822,25,20,20
24,372,0.6259119145568599,2.122974724146679e-05,0.2580782265623137,0.11598862913358454,25,20,20
24,373,0.626179811300262,2.122974317480362e-05,0.25781032217929495,0.11598863677726795,25,20,20
24,374,0.6141430139951182,2.1229935281452762e-05,0.26984705164001405,0.1159887044295859,25,20,20
24,375,0.619929011574735,2.11516311828004e-05,0.26408183152761416,0.11596800526646722,25,20,20
24,376,0.6193296031359561,0.0007703905126606731,0.2639319816189801,0.11596802473240259,25,20,20
24,377,0.6310269963190792,0.0007703903958481456,0.2522342824532133,0.11596833083185885,25,20,20
24,378,0.6409716557276515,0.0007704052513245772,0.2422895918534389,0.11596834716758449,25,20,20
24,379,0.6409469068144316,2.8251328331046444e-05,0.24305651450135232,0.11596832735588433,25,20,20
24,380,0.6039762488849585,2.8252315000082137e-05,0.28001509278263376,0.11598040601740768,25,20,20
24,381,0.5945798679333049,2.823753409950564e-05,0.2894085208604639,0.11598337367213243,25,20,20
24,382,0.5946508414027925,2.8238849838892448e-05,0.28933739445033846,0.11598352529703082,25,20,20
24,383,0.594650885092714,2.8238850092677444e-05,0.2893320306572811,0.11598884539991286,25,20,20
24,384,0.5944044378463283,2.8530153102643024e-05,0.2895781876716063,0.11598884432896295,25,20,20
24,385,0.5947746117194164,2.8530089294748302e-05,0.2892083879687916,0.11598847022249728,25,20,20
24,386,0.5873716671316466,2.8662726598702247e-05,0.2965291826715387,0.11607048747021582,25,20,20
24,387,0.5917942617513386,2.8661436380323355e-05,0.2921081588954506,0.11606891791683012,25,20,20
24,388,0.5540076479515841,3.0085060152998692e-05,0.3298933510197289,0.11606891596853383,25,20,20
24,389,0.5538940020351061,3.0085386987775386e-05,0.33000700596466465,0.1160689066132412,25,20,20
24,390,0.553919143128032,3.0085295074016708e-05,0.3299818648179807,0.11606890675891308,25,20,20
24,391,0.5612840636501714,2.9952660860318685e-05,0.32269909369789196,0.11598688999107659,25,20,20
24,392,0.5886074520841327,2.9952207560396768e-05,0.29537572180188865,0.11598687390641926,25,20,20
24,393,0.5881390122445315,2.9981642814804085e-05,0.2958439474291305,0.11598705868352409,25,20,20
24,394,0.5865920628045735,2.855821628149289e-05,0.29739230915378234,0.11598706982536344,25,20,20
24,395,0.5865951977659007,2.855821655337459e-05,0.2973945564536197,0.11598168756392686,25,20,20
24,396,0.5486912811615379,2.8558468879376924e-05,0.3352985500782435,0.11598161029134006,25,20,20
24,397,0.5486110210015155,2.8558595332856133e-05,0.3353788112692135,0.1159816091339387,25,20,20
24,398,0.5476565714406815,2.8529333299483252e-05,0.33633320493356456,0.1159816942924555,25,20,20
24,399,0.5473370896877193,2.8533733222331066e-05,0.3366516648914695,0.11598271168758986,25,20,20
24,400,0.5473301258134113,2.8533732942754936e-05,0.3366534335983938,0.1159879068552536,25,20,20
24,401,0.5493110307901733,2.9289458905941402e-05,0.3346717805430176,0.11598789920790419,25,20,20
24,402,0.547371320236186,2.928827082129805e-05,0.33638794219833057,0.11621144929466366,25,20,20
24,403,0.5419771609981866,2.9288094168875058e-05,0.34177933739745264,0.11621421351019348,25,20,20
24,404,0.5419771273829174,1.492980746811601e-05,0.3417937289174592,0.11621421389215741,25,20,20
24,405,0.5433243017647107,1.4929702132567564e-05,0.3404468189554194,0.11621394957773956,25,20,20
24,406,0.5510450076603121,1.4916524317992112e-05,0.33272985552663237,0.11621022028873985,25,20,20
24,407,0.5889557776529913,1.575800147541099e-05,0.29481438803081156,0.11621407631472418,25,20,20
24,408,0.5838679860604088,1.5720566622133906e-05,0.29991228323909536,0.11620401013387652,25,20,20
24,409,0.5736605122265062,1.5720600266888545e-05,0.31010914660280214,0.1162146205704273,25,20,20
24,410,0.5787626361981963,1.5719268856962074e-05,0.30500702426635073,0.11621462026659829,25,20,20
24,411,0.5710613769885048,1.573163724091163e-05,0.3125819008290124,0.11634099054524415,25,20,20
24,412,0.5678066597617683,1.5732948759058585e-05,0.31583660764504484,0.11634099964443001,25,20,20
24,413,0.5677346837501528,1.573292983922473e-05,0.3159085838994119,0.11634099942059807,25,20,20
24,414,0.5730264754184663,1.5732915400225826e-05,0.31061955658415186,0.11633823508198377,25,20,20
24,415,0.5892182519587896,1.631041997793514e-05,0.2936463622941901,0.11711907532704469,25,20,20
24,416,0.5892212121149288,1.631041998715035e-05,0.29363987435991795,0.11712260310516869,25,20,20
24,417,0.5899794256654356,2.8802170662032496e-05,0.29286916849500355,0.11712260366890156,25,20,20
24,418,0.6254007284811256,2.8804556398495827e-05,0.2574478520514333,0.11712261491104542,25,20,20
24,419,0.6255210294727088,2.880418991144843e-05,0.25732753276248865,0.11712263357489433,25,20,20
24,420,0.625528981778021,2.8804189976870844e-05,0.2573276188630601,0.11711459516894522,25,20,20
24,421,0.6253992747557041,2.8804189449528643e-05,0.2574573308807188,0.11711459017413077,25,20,20
24,422,0.6246432892921957,3.088698541406514e-05,0.25821123435220167,0.11711458937019198,25,20,20
24,423,0.622120599957539,3.088793029401968e-05,0.2607339079784739,0.11711460413369658,25,20,20
24,424,0.622117518938909,3.088793003083921e-05,0.26073814788941724,0.11711344524164606,25,20,20
24,425,0.6219166292576468,3.0890131746494394e-05,0.26086501769595966,0.11718746291465014,25,20,20
24,426,0.6212839291364477,3.089408998792865e-05,0.2614974639296968,0.11718771284387042,25,20,20
24,427,0.6210976512040528,3.089585644288565e-05,0.2616828058352823,0.11718864710422461,25,20,20
24,428,0.6210976661968818,3.0895856451933904e-05,0.26168285409727066,0.11718858384939823,25,20,20
24,429,0.583892259999416,3.0049063316283185e-05,0.29889397860118616,0.11718371233608403,25,20,20
24,430,0.5479510346880477,3.0156744543912123e-05,0.33480483393613825,0.11721397463126974,25,20,20
24,431,0.5540454185544824,3.014563614942963e-05,0.3288368304283168,0.11708760538105283,25,20,20
24,432,0.5489688498497636,3.0338905071874427e-05,0.3339101230678919,0.11709068817727226,25,20,20
24,433,0.5473959977360608,3.048895594018268e-05,0.335480673412816,0.11709283989518296,25,20,20
24,434,0.5473990472082247,3.048895616886608e-05,0.3354787649918084,0.11709169884379803,25,20,20
24,435,0.5473366380777508,3.0488966365255412e-05,0.3355411923054444,0.1170916806504396,25,20,20
24,436,0.55321039491396,3.051361092121426e-05,0.3296672475214237,0.11709184395369716,25,20,20
24,437,0.5518618874910632,3.0514238604377727e-05,0.33074198755401696,0.11736561071631714,25,20,20
24,438,0.5621105666481934,3.0514165610431855e-05,0.3204962926610253,0.1173626265251726,25,20,20
24,439,0.5691649740176355,3.054925577299866e-05,0.31345392842137376,0.1173505483052204,25,20,20
24,440,0.5691570222154468,3.054925571616747e-05,0.3134538407826699,0.11735858774616977,25,20,20
24,441,0.5686493007846117,3.0437555322322174e-05,0.3139848522308662,0.11733540942920198,25,20,20
24,442,0.5686491800568672,3.0437555331349895e-05,0.3029071221760868,0.12841326021171662,25,20,20
24,443,0.56865303592013,3.0437555120362957e-05,0.30290246338521654,0.12841406313953516,25,20,20
24,444,0.5321287907494804,0.00014285011765841912,0.3387828273214148,0.12894553181144802,25,20,20
24,445,0.49494835233481255,0.00014284946163489759,0.3762370316582773,0.1286717665452763,25,20,20
24,446,0.4588645714275167,0.00014292063646392862,0.4123207417260519,0.1286717662099675,25,20,20
24,447,0.4614050295856007,0.00014291968864737126,0.4097802997660008,0.1286717509597513,25,20,20
24,448,0.4644616320355769,0.00012885123326433003,0.40673775727960715,0.12867175945155263,25,20,20
24,449,0.4645455219756979,0.0001288507327911575,0.4066644813031225,0.12866114598838743,25,20,20
24,450,0.46172358435790356,0.003287078231645915,0.4063354484083681,0.12865388900208097,25,20,20
24,451,0.4649773983615942,0.003287076912644066,0.40308164634675236,0.12865387837900807,25,20,20
24,452,0.460843542137797,0.0032871375896755288,0.40696104070690287,0.12890827956562328,25,20,20
24,453,0.46187981296885317,0.003287135604999581,0.4062224881626173,0.12861056326352896,25,20,20
24,454,0.46157248984025934,0.0032871407745975966,0.4065298060659235,0.1286105633192188,25,20,20
24,455,0.4657025873381713,0.0032870801015522323,0.4026541697149932,0.12835616284528237,25,20,20
24,456,0.46570663303476745,0.0032870801015788993,0.40265420383444434,0.12835208302920942,25,20,20
24,457,0.4656117659342167,0.0032870800966961484,0.4027490714220239,0.12835208254706332,25,20,20
24,458,0.46751597829124913,0.00012887149592106544,0.4040030525932735,0.1283520976195563,25,20,20
24,459,0.4576143272187512,0.00012883924700167544,0.41390473563287744,0.1283520979013696,25,20,20
24,460,0.45796354682555923,0.00012884477914282461,0.4135554092253427,0.12835219916995508,25,20,20
24,461,0.4216474252026488,0.0001288448172252752,0.44987153072460573,0.12835219925551933,25,20,20
24,462,0.4179798282666073,0.0001288447775114549,0.453539127951461,0.12835219900441935,25,20,20
24,463,0.41821019605604426,0.0001288447796786157,0.4535458006687938,0.12811515849548225,25,20,20
24,464,0.41911515568082097,0.00012883887560980362,0.45264095884903705,0.12811504659453127,25,20,20
24,465,0.44661483257760887,1.6276106458754895e-05,0.42578395580839135,0.1275849355075401,25,20,20
24,466,0.4381658323954059,1.627097528729275e-05,0.43421516020519185,0.12760273642411407,25,20,20
24,467,0.41153606849397717,1.697673091618473e-05,0.4608444605827562,0.1276024941923488,25,20,20
24,468,0.4499004753079959,1.697682030861002e-05,0.4224795854328178,0.1276029624388767,25,20,20
24,469,0.45553458089276494,1.785998793150346e-05,0.4168445944624471,0.12760296465685658,25,20,20
24,470,0.45502577894689333,1.7859998582659056e-05,0.417353394660535,0.12760296639398905,25,20,20
24,471,0.4545474614593468,1.785999397812672e-05,0.41783171300149236,0.12760296554518272,25,20,20
24,472,0.41721641780048024,1.7861620514435005e-05,0.45516276277557716,0.1276029578034273,25,20,20
24,473,0.421577668924854,1.78592411169393e-05,0.4508015188297879,0.1276029530042404,25,20,20
24,474,0.42144898514627266,1.786270288241016e-05,0.450930111868764,0.12760304028208014,25,20,20
24,475,0.4226755169367694,1.943565910278518e-05,0.4497020020605398,0.12760304534358696,25,20,20
24,476,0.42260355274534456,1.9435890941718377e-05,0.44977392360315904,0.12760308776055398,25,20,20
24,477,0.4600020598298166,1.943621894068905e-05,0.4123753749434971,0.12760312900774592,25,20,20
24,478,0.45976484015462726,1.9436216756174097e-05,0.41236876190064164,0.12784696172797522,25,20,20
24,479,0.45975966264393486,1.1999771757208494e-05,0.41238137600420316,0.12784696158010286,25,20,20
24,480,0.45634128578369465,1.1928620916990257e-05,0.415799823922347,0.1278469616730408,25,20,20
24,481,0.45438786231026645,1.1904334134496498e-05,0.4177530254344461,0.127847207921149,25,20,20
24,482,0.4593559206774012,1.1714505186370686e-05,0.4127878283757972,0.12784453644161112,25,20,20
24,483,0.4783141730781068,1.1129023276968457e-05,0.40169512291148574,0.1199795749871267,25,20,20
24,484,0.4749143290296506,1.1179598668325787e-05,0.4050920196421161,0.11998247172956106,25,20,20
24,485,0.45890538653080964,1.1193445294578987e-05,0.42110094530511993,0.1199824747187717,25,20,20
24,486,0.45890930886793313,1.1193445346794752e-05,0.42110100164450154,0.1199784960422162,25,20,20
24,487,0.45905770202404583,1.1194090085101788e-05,0.42095264672367927,0.1199784571621875,25,20,20
24,488,0.459071532499096,1.1191671866841195e-05,0.4209388497450066,0.11997842608402935,25,20,20
24,489,0.42754097197586705,1.295672426552107e-05,0.45246749462624913,0.11997857667361587,25,20,20
24,490,0.4275446081221871,1.8281439820062365e-05,0.4524585337554845,0.11997857668250646,25,20,20
24,491,0.4662912794523973,1.8281512441084398e-05,0.4137116009627208,0.11997883807244003,25,20,20
24,492,0.46427052768553745,1.7525576479720333e-05,0.41573311257395895,0.11997883416402179,25,20,20
24,493,0.46427737711937445,1.7525576505335758e-05,0.41573305295521074,0.11997204434890747,25,20,20
24,494,0.45865370782408665,1.6642408498172386e-05,0.4213576071583384,0.11997204260907676,25,20,20
24,495,0.4604994637070987,1.685121917778237e-05,0.419510646900425,0.1199730381732988,25,20,20
24,496,0.46092468690437266,1.6851317855545302e-05,0.4190853818367358,0.1199730799410349,25,20,20
24,497,0.4590784536280835,1.6646424943426367e-05,0.42093279725836774,0.1199721026886035,25,20,20
24,498,0.459071552283091,1.6646424948553742e-05,0.4209350823356208,0.119976718956338,25,20,20
24,499,0.4585145225354848,1.6657644937994367e-05,0.42141779715036576,0.12005102266920988,25,20,20
24,500,0.4575522142528677,1.5112496360866841e-05,0.422381506373638,0.12005116687713238,25,20,20
24,501,0.4662851075681649,1.5112398934894644e-05,0.4136664133935325,0.12003336663936703,25,20,20
24,502,0.4662757469457274,1.5112399275619764e-05,0.41367577434507746,0.12003336630991895,25,20,20
24,503,0.4662720933611656,1.6577267000955942e-05,0.41367796307071997,0.12003336630111264,25,20,20
24,504,0.48172316162225065,1.6571184585374086e-05,0.39822689148890467,0.12003337570425883,25,20,20
24,505,0.4799637989550899,3.071508128653468e-05,0.399972207001069,0.12003327896255353,25,20,20
24,506,0.44229392936024714,4.050671215783074e-05,0.43763222638720045,0.1200333375403938,25,20,20
24,507,0.46559203709111174,4.051845650927442e-05,0.4143341055383833,0.12003333891399222,25,20,20
24,508,0.46562495681349786,2.6704083048651066e-05,0.4143149999962061,0.12003333910724369,25,20,20
24,509,0.4644388003148731,2.669277108024433e-05,0.4155759424436245,0.11995856447041811,25,20,20
24,510,0.4644925433110024,2.6692672913876562e-05,0.4155222408996888,0.11995852311639058,25,20,20
24,511,0.46242221102398906,2.599523405493814e-05,0.41755129981634553,0.12000049392560495,25,20,20
24,512,0.46282930788053184,2.602698819469714e-05,0.40678234679335673,0.13036231833791312,25,20,20
24,513,0.46273715960305717,2.6033773308833346e-05,0.4068739534003841,0.1303628532232464,25,20,20
24,514,0.4628676025897348,2.60336156153656e-05,0.40674402675127824,0.13036233704336772,25,20,20
24,515,0.4457722066979997,2.6033637966158728e-05,0.4238394222977329,0.13036233736629724,25,20,20
24,516,0.482689693726392,2.6032346538075254e-05,0.3869218863839021,0.13036238754316376,25,20,20
24,517,0.48267970888463424,2.603234648477896e-05,0.38692191804955806,0.13037234071932108,25,20,20
24,518,0.48267671202016643,2.6032346458273163e-05,0.38692188631960533,0.13037536931377022,25,20,20
24,519,0.48267790651912046,2.603220280477132e-05,0.3869207102774393,0.13037535100063313,25,20,20
24,520,0.48246865069501044,2.6004764002109665e-05,0.3869234447562207,0.1305818997847665,25,20,20
24,521,0.48308488519562437,2.6004428321929398e-05,0.38630726554565015,0.13058184483040317,25,20,20
24,522,0.4849048867151566,2.587845574938656e-05,0.3844873879245236,0.13058184690456906,25,20,20
24,523,0.48473595201581327,2.58726961816602e-05,0.3846905872463973,0.13054758804160696,25,20,20
24,524,0.47084234446172113,2.5872727252512805e-05,0.3985841937663249,0.13054758904469888,25,20,20
24,525,0.471164055784199,2.5860884743794747e-05,0.39826437302930573,0.13054571030174894,25,20,20
24,526,0.49283663265622324,2.5860626945756147e-05,0.37659174173259324,0.13054576498423617,25,20,20
24,527,0.49333276737064397,1.1707432799414063e-05,0.37610975214873604,0.1305457730478178,25,20,20
24,528,0.4933843405342273,1.170655180651868e-05,0.3760581836823777,0.1305457692315859,25,20,20
24,529,0.49305183951108567,1.1670969625376921e-05,0.3867525455876298,0.1201839439316567,25,20,20
24,530,0.493230732263221,1.1670971800269764e-05,0.3867507334985054,0.12000686326647202,25,20,20
24,531,0.4667834718445926,1.3124402945264849e-05,0.41319611281214624,0.12000729094031476,25,20,20
24,532,0.4612997045669587,2.5399876075819273e-05,0.41866625599743457,0.12000863955952971,25,20,20
24,533,0.46128703953338507,2.54030735876799e-05,0.4186789093710951,0.12000864802193119,25,20,20
24,534,0.46128933603276645,2.5403073577074067e-05,0.41868349252576176,0.12000176836789438,25,20,20
24,535,0.4606449045685549,2.5870010504207413e-05,0.419327446672109,0.12000177874883168,25,20,20
24,536,0.43461159452290693,1.3598770263712787e-05,0.4453742912817619,0.1200005154250669,25,20,20
24,537,0.43461751686909084,1.359877055765423e-05,0.4453762630186142,0.11999262134173684,25,20,20
24,538,0.43460864959476936,1.3598770294033929e-05,0.4457425867303447,0.1196351649045914,25,20,20
24,539,0.4338987917156098,0.0003737797877685557,0.4460923236323001,0.11963510486431694,25,20,20
24,540,0.4418384823220938,0.00037415282441759565,0.43815222676968996,0.11963513808379701,25,20,20
24,541,0.4422055554572743,0.00037414936967925666,0.43778524390361573,0.11963505126942944,25,20,20
24,542,0.4289032849587286,0.0003892388936653548,0.4510728587724072,0.11963461737519455,25,20,20
24,543,0.43255447290418436,0.00038924161582919636,0.4476279527218567,0.11942833275812546,25,20,20
24,544,0.444450579398565,0.00038936199976353917,0.43572174399548325,0.11943831460618715,25,20,20
24,545,0.4446326560073766,0.00038960943603233195,0.4355394083992393,0.11943832615735243,25,20,20
24,546,0.4449256604772239,0.0003878868168749458,0.43524736161019795,0.11943909109570296,25,20,20
24,547,0.4503299394189507,0.0003875136636966932,0.429840766350774,0.11944178056657785,25,20,20
24,548,0.45034934673630445,3.180823916874254e-05,0.4301770611250651,0.11944178389946096,25,20,20
24,549,0.46612533055764915,3.18156614056284e-05,0.4142894810419658,0.11955337273897974,25,20,20
24,550,0.46764482500305193,3.169518361757315e-05,0.41278012657900975,0.11954335323432108,25,20,20
24,551,0.4674397233885071,3.521117885646312e-05,0.4129817119446087,0.11954335348802857,25,20,20
24,552,0.46726794937894894,3.521117691533186e-05,0.41298600088246745,0.11971083856166956,25,20,20
24,553,0.4672786525799391,3.521117694915692e-05,0.41261309065578755,0.120073045587324,25,20,20
24,554,0.46409922131435666,0.00010004174572554757,0.41572843171798884,0.12007230522192852,25,20,20
24,555,0.46469552107761913,0.00010004180843751036,0.415131991686077,0.12007244542786397,25,20,20
24,556,0.4645182212031847,9.979073144537401e-05,0.41530955383439183,0.12007243423097497,25,20,20
24,557,0.46368700585284583,9.979112636298816e-05,0.41614343197557685,0.12006977104521166,25,20,20
24,558,0.463679946528585,9.979112610434129e-05,0.42079613844890595,0.11542412389640225,25,20,20
24,559,0.4640328793659748,0.0001140371410946606,0.4204289512837179,0.11542413220921013,25,20,20
24,560,0.47993455712949074,0.00011403832408085798,0.40452721731578384,0.11542418723064193,25,20,20
24,561,0.4800141380357157,0.00011356212816563713,0.3997080128566043,0.12016428697951274,25,20,20
24,562,0.4799575840739305,0.00011356796564229795,0.40450467990298905,0.11542416805743602,25,20,20
24,563,0.4849441561858379,0.00011351706540560687,0.39952109882737885,0.11542122792137555,25,20,20
24,564,0.48420853927889984,0.00011350181961006742,0.4002568872282545,0.11542107167323301,25,20,20
24,565,0.48421538500510186,0.00011350181963113936,0.39560594016909945,0.12006517300616512,25,20,20
24,566,0.483965235982537,0.00017657752402219863,0.3955836737130274,0.12027451278041211,25,20,20
24,567,0.5060395282254843,0.0001890825389925526,0.37349588959691027,0.12027549963861206,25,20,20
24,568,0.5060316285901767,0.00018908253912546246,0.37815328005607973,0.11562600881461577,25,20,20
24,569,0.5124177040584142,0.00018907621713179084,0.3718764965654238,0.11551672315902911,25,20,20
24,570,0.5126450401826725,0.00018909826348324793,0.37164144120251613,0.11552442035132689,25,20,20
24,571,0.5126330474109184,0.00019001602222774988,0.3714121614381961,0.11576477512865706,25,20,20
24,572,0.5126349022124816,0.00019001601654045004,0.3714102985170545,0.1157647832539228,25,20,20
24,573,0.5126327494893353,0.0001900160163856569,0.3667544458689045,0.12042278862537378,25,20,20
24,574,0.5125175698816328,0.00019001675933499087,0.3668693571591698,0.12042305619986174,25,20,20
24,575,0.5125743036133481,0.00017781092579469235,0.36682583492848797,0.12042205053236843,25,20,20
24,576,0.5113775999956754,0.00019415490807815982,0.368005206769279,0.12042303832696595,25,20,20
24,577,0.5110809332874635,0.00019415170536431166,0.36830188571183625,0.1204230292953347,25,20,20
24,578,0.5110929772292285,0.00019415170587558213,0.3711983775942679,0.11751449347062688,25,20,20
24,579,0.5109646232853554,0.00019412272948823823,0.3713347229443481,0.11750653104080698,25,20,20
24,580,0.5109640870002745,0.00019412272911591616,0.37133526189619587,0.11750652837441247,25,20,20
24,581,0.5110254581239999,0.00019412273540544097,0.37127029259598976,0.1175101265446037,25,20,20
24,582,0.5110214785242381,0.0001941227353690194,0.3712637707186081,0.1175206280217837,25,20,20
24,583,0.5129151128219704,0.00019320522749010486,0.36961140761266364,0.1172802743378747,25,20,20
24,584,0.5063007897109454,0.0001932063491113147,0.3761921524364471,0.11731385150349365,25,20,20
24,585,0.5063008072812477,0.0001932063491293804,0.3761920735715522,0.11731391279806822,25,20,20
24,586,0.47210234346434654,0.00019320686479490167,0.41039006816082113,0.11731438151003432,25,20,20
24,587,0.46983724760154266,0.0001944574949985886,0.4126543821687467,0.11731391273470901,25,20,20
24,588,0.47935438670083863,0.00019415399433963217,0.40313761448070695,0.11731384482411174,25,20,20
24,589,0.47872966918532356,0.00019430660045222924,0.4037498819050193,0.11732614230920174,25,20,20
24,590,0.4791739873028697,0.00019430659999030423,0.4008519847244226,0.1197797213727141,25,20,20
24,591,0.4803727701110562,0.00019430539199443206,0.3996532588923622,0.11977966560458399,25,20,20
24,592,0.4408065505836326,0.00019430546657553223,0.43921883376804927,0.11978031018173806,25,20,20
24,593,0.4571397723190702,0.00019429369999791877,0.42288562506216004,0.1197803089187675,25,20,20
24,594,0.4587221597804778,0.00019429330105637078,0.4213032996455341,0.11978024727292742,25,20,20
24,595,0.458161239717281,0.00019435129117604229,0.42186429564887823,0.11978011334266003,25,20,20
24,596,0.4581602673865526,0.00017430908680946935,0.42188531072968244,0.11978011279694974,25,20,20
24,597,0.4623408296885449,0.00017431000106974147,0.4177083413120469,0.1197765189983326,25,20,20
24,598,0.43464037223607477,0.00020034375902291816,0.44536353151883873,0.11979575248605606,25,20,20
24,599,0.4012324025649307,0.00020034393446547702,0.4787714993060221,0.11979575419457415,25,20,20
24,600,0.39851158380178703,0.00020034086439695516,0.4814927343991846,0.11979534093462348,25,20,20
24,601,0.360246748441751,0.0002003892106896806,0.5197572804332092,0.11979558191434098,25,20,20
24,602,0.347973461563635,0.00017435545325607182,0.5320758345960529,0.1197763483870466,25,20,20
24,603,0.34445665843684864,0.00017315233469099376,0.535593837227074,0.11977635200137686,25,20,20
24,604,0.3444606178943252,0.0001731523346992996,0.5355939165051753,0.11977231326579277,25,20,20
24,605,0.34437221456996925,0.00011007700296480727,0.5359652470270264,0.1195524614000318,25,20,20
24,606,0.3438812881989631,0.00011007870797803695,0.5364561001921526,0.11955253290089969,25,20,20
24,607,0.34430404864030556,4.5206360083943295e-05,0.5360982634879712,0.11955248151163213,25,20,20
24,608,0.3511698171508533,4.520869946218433e-05,0.5292660542518575,0.11951891989781994,25,20,20
24,609,0.3414865301108288,2.8872343352456443e-05,0.5389666341803289,0.1195179633654828,25,20,20
24,610,0.3414082976399837,2.887182371281677e-05,0.5390453470933444,0.1195174834429518,25,20,20
24,611,0.34852189763271335,2.8896282671134803e-05,0.5319319619510356,0.11951724413357193,25,20,20
24,612,0.3678630888860976,2.8895423237705262e-05,0.5125899273712519,0.11951808831940527,25,20,20
24,613,0.3592969347014601,2.882261874654767e-05,0.5211559237629763,0.11951831891680958,25,20,20
24,614,0.3589448207694236,2.8822516205410322e-05,0.5215086826582378,0.11951767405612648,25,20,20
24,615,0.32592517700331014,2.8823914682176553e-05,0.5545278456736271,0.11951815340837355,25,20,20
24,616,0.32596889806649976,2.8824100317478815e-05,0.5544841211767013,0.11951815665647401,25,20,20
24,617,0.32771608336145186,2.8825235967504087e-05,0.5527369400718388,0.11951815133073429,25,20,20
24,618,0.329941575958494,2.8782130133714134e-05,0.5505114713737123,0.11951817053765361,25,20,20
24,619,0.33036160750108984,2.8792284002856512e-05,0.5500908136567402,0.11951878655816045,25,20,20
24,620,0.32606860388587466,2.8852225458180033e-05,0.5543366151370708,0.11956592875159064,25,20,20
24,621,0.3539751029262115,0.0006725361747638864,0.5257864310257964,0.11956592987322175,25,20,20
24,622,0.36599103328563737,2.8852437078594472e-05,0.5144141838268669,0.11956593045041056,25,20,20
24,623,0.3637708056345971,2.8848205789485806e-05,0.5166344381340622,0.11956590802554454,25,20,20
24,624,0.3738796337460851,2.8791349875514045e-05,0.506199440762134,0.11989213414189909,25,20,20
24,625,0.37962883606804804,2.885902160114213e-05,0.5005096252763201,0.11983267963402432,25,20,20
24,626,0.4193120549633719,2.885883903755142e-05,0.4608264094759711,0.11983267672161282,25,20,20
24,627,0.4188547638922396,2.8858839173526984e-05,0.46109246538143034,0.1200239118871492,25,20,20
24,628,0.4188569367672907,2.8858595383047497e-05,0.46109029402854856,0.12002391060877036,25,20,20
24,629,0.4191061531846669,2.8858599639795412e-05,0.4609529678501024,0.11991202036558374,25,20,20
24,630,0.4099154240497663,2.8880500813931593e-05,0.47014278567442475,0.11991290977498759,25,20,20
24,631,0.43313967379476864,2.8956631872440346e-05,0.4469182624652369,0.1199131071081149,25,20,20
24,632,0.433153223383473,2.8956875824956903e-05,0.4469047079586621,0.11991311178203311,25,20,20
24,633,0.46570385152002175,2.9191390908171537e-05,0.41435382982612895,0.11991312726293449,25,20,20
24,634,0.4736676554040767,2.9627673918828236e-05,0.4063854250331551,0.11991729188884344,25,20,20
24,635,0.4880651657627758,2.955087616576792e-05,0.39198832406052125,0.1199169593005318,25,20,20
24,636,0.4881255701736379,2.9547415588373638e-05,0.39192793879075166,0.11991694362001665,25,20,20
24,637,0.4911011469980416,2.9547279930419645e-05,0.38895238097498414,0.11991692474703855,25,20,20
24,638,0.4911022884400096,2.9535724850512167e-05,0.388950751342685,0.11991742449244952,25,20,20
24,639,0.49117211025984725,0.0005386644397678824,0.38837105296284447,0.1199181723375354,25,20,20
24,640,0.5000558547320928,0.00053864257678438,0.379488185356742,0.11991731733437604,25,20,20
24,641,0.49986296147395753,0.0005386428176540056,0.37968107215218155,0.11991732355620187,25,20,20
24,642,0.48971796373377907,0.0005386416206892933,0.3901520294665858,0.11959136517894066,25,20,20
24,643,0.4841455745061054,0.0005386478853104156,0.3957244074297509,0.11959137017882833,25,20,20
24,644,0.48412554735017793,0.0005386479818802096,0.39574443350212973,0.11959137116580741,25,20,20
24,645,0.4896383368781837,0.0005386465030781037,0.3902316568038212,0.1195913598149122,25,20,20
24,646,0.49948277987814726,0.0005393462489622753,0.3803864170892459,0.11959145678363965,25,20,20
24,647,0.4997497379589747,0.0005393461489505105,0.3801194604377905,0.11959145545427942,25,20,20
24,648,0.5313957020148485,0.0005389098755505558,0.34847747340511326,0.11958791470448467,25,20,20
24,649,0.5471604962165346,0.0005389124375901616,0.3327135067480211,0.11958708459785125,25,20,20
24,650,0.5429843904635845,0.000538911973927919,0.33688968953532816,0.11958700802715663,25,20,20
24,651,0.5410774499384633,0.0005386606129157129,0.3387968719852505,0.11958701746336775,25,20,20
24,652,0.5412468647343934,0.0005386657574293172,0.3386274732715424,0.11958699623663208,25,20,20
24,653,0.5413713474838108,0.0005386607633735836,0.3385029836234146,0.11958700812939835,25,20,20
24,654,0.5413644995060032,0.0005386607633881174,0.33850290467871846,0.11959393505188715,25,20,20
24,655,0.5415894646988879,0.0005387265849897263,0.3382778764367449,0.1195939322793746,25,20,20
24,656,0.5416615349394593,0.0005387265768820936,0.3382064293658654,0.11959330911779029,25,20,20
24,657,0.5430347162243577,0.0005386900094767729,0.3368332933738911,0.11959330039227163,25,20,20
24,658,0.5594031578982628,0.0005386890673925839,0.32046678417902974,0.11959136885531192,25,20,20
24,659,0.5475176371502743,0.0005386902222209544,0.3323521198534729,0.11959155277402869,25,20,20
24,660,0.5592149513425269,0.0005386898703174752,0.3206549550267483,0.11959140376040453,25,20,20
24,661,0.5598476895611547,0.0005386872508941114,0.3200222378631698,0.11959138532477877,25,20,20
24,662,0.5608788497015165,0.0005379798809607929,0.31899191304172453,0.11959125737579761,25,20,20
24,663,0.5597311967673906,0.0005379792253839156,0.32013969080332116,0.11959113320390138,25,20,20
24,664,0.5359828745705635,0.0005388267472135579,0.34388666012840147,0.11959163855381874,25,20,20
24,665,0.5239101350556014,0.0005388275778233894,0.3559593967065357,0.11959164066003719,25,20,20
24,666,0.5239131859432191,0.000538827577867745,0.3559594304302693,0.11958855604864399,25,20,20
24,667,0.5143163922210587,0.0005451084988091333,0.3655355628139116,0.11960293646621993,25,20,20
24,668,0.5079609786725825,0.0005455305832032623,0.3718905582565542,0.11960293248766003,25,20,20
24,669,0.5019307348408568,0.0005455306373808263,0.37792080173323017,0.119602932788532,25,20,20
24,670,0.4739394301304612,0.0005455331222394269,0.4059120974727348,0.11960293927456526,25,20,20
24,671,0.47369466109183156,0.0005314131377002366,0.406170987221619,0.1196029385488496,25,20,20
24,672,0.4641047588174713,0.0005317228845332279,0.4157604615322421,0.11960305676575383,25,20,20
24,673,0.4641016924104915,0.0005317228844888633,0.41576046023498925,0.11960612447003087,25,20,20
24,674,0.4641935376658154,0.0005454466723490499,0.41565484152816595,0.11960617413367013,25,20,20
24,675,0.43540141181698305,0.0005452112277430182,0.44444722127891045,0.1196061556763631,25,20,20
24,676,0.4397127731374242,0.0005448494476499284,0.44013523116792513,0.11960714624700028,25,20,20
24,677,0.43946362721134924,0.0005448494431612871,0.44000633932396677,0.11998518402152213,25,20,20
24,678,0.43975754301461456,0.0005448494416084347,0.43971242407358474,0.11998518347019134,25,20,20
24,679,0.4401953153734545,0.0005448531301650361,0.4359996904487191,0.12326014104766018,25,20,20
24,680,0.4406544564342375,0.0005448531323811539,0.43600459821752324,0.12279609221585722,25,20,20
24,681,0.46831950722603205,0.0005448531817203664,0.40548112297595856,0.12565451661628843,25,20,20
24,682,0.4697907660283869,0.0005448532564047566,0.40401013650525763,0.1256542442099496,25,20,20
24,683,0.46934460532247635,0.0005448496455196496,0.40773122316003607,0.12237932187196694,25,20,20
24,684,0.49394520070010933,0.0005448570354136429,0.38313062655170144,0.12237931571277383,25,20,20
24,685,0.4938524335234666,0.0005453338949529135,0.38322296653005106,0.12237926605152807,25,20,20
24,686,0.5022601321834699,0.0005453340756969683,0.37767364646845464,0.11952088727237697,25,20,20
24,687,0.5018010605158165,0.0005453348615722047,0.3779984100449698,0.1196551945776399,25,20,20
24,688,0.5018040774155772,0.0005453340734814556,0.37767522688600297,0.11997536162493688,25,20,20
24,689,0.5113757208484675,0.0005390531537594982,0.36812424274969885,0.11996098324807235,25,20,20
24,690,0.5111347661344323,0.0005390547240207187,0.3683663555881529,0.11995982355339238,25,20,20
24,691,0.5111985868879678,0.0005390551466450545,0.36830233890142855,0.11996001906395724,25,20,20
24,692,0.4962060691245286,0.0005382075598022603,0.38329658154531215,0.11995914177035795,25,20,20
24,693,0.48614431235866484,0.0005382067571632426,0.3933583742207562,0.11995910666341697,25,20,20
24,694,0.4506317542171263,0.0005386078163555668,0.42886492911638874,0.11996470885013037,25,20,20
24,695,0.45040948736082853,0.0005386078193241376,0.4290871979996647,0.11996470682018337,25,20,20
24,696,0.4499812694602018,0.0005387135043085509,0.4295152276966671,0.11996478933882301,25,20,20
24,697,0.44978947665984603,0.000538624053471903,0.42970695664518016,0.11996494264150227,25,20,20
24,698,0.46010912998910347,0.0005386240574925092,0.41938730321883066,0.119964942734574,25,20,20
24,699,0.453249933470077,0.0005386816928952291,0.42624691098135076,0.11996447385567849,25,20,20
24,700,0.45293245345746647,0.0005292310825685372,0.4265738495586669,0.11996446590129774,25,20,20
24,701,0.45063227355024255,0.0005288443917097887,0.4288799355388818,0.11995894651916517,25,20,20
24,702,0.4600414076009015,0.0005288344963647565,0.4194708105756459,0.11995894732708626,25,20,20
24,703,0.4601960652137624,0.0005287752247570546,0.4193162241303679,0.11995893543111125,25,20,20
24,704,0.45727973177979275,0.0005287822423200319,0.4222316853035993,0.11995980067428666,25,20,20
24,705,0.4572397660892555,0.0005239867030383377,0.4222649730861615,0.11997127412154285,25,20,20
24,706,0.4569993850996494,0.0005239866696550798,0.42250535553083596,0.11997127269985819,25,20,20
24,707,0.4572426003805331,0.0005239861798002804,0.4222623364183286,0.11997107702133655,25,20,20
24,708,0.4600741575997396,0.0005239164750396719,0.41943184284660395,0.11997008307861533,25,20,20
24,709,0.45364132624905495,0.0005239225157498391,0.4258629800865058,0.11997177114868468,25,20,20
24,710,0.45320868934851555,0.0005239083878365362,0.42629576198850133,0.11997164027514211,25,20,20
24,711,0.44820851827964425,0.0005239084507382777,0.43129591505918846,0.11997165821042398,25,20,20
24,712,0.4481360593756987,3.215472598232233e-05,0.42713240575231126,0.1246993801460042,25,20,20
24,713,0.4481359682549067,3.215472599480527e-05,0.4274988640453621,0.12433301297373188,25,20,20
24,714,0.4481428851685896,3.21547262561222e-05,0.42750123930881956,0.1243237207963322,25,20,20
24,715,0.4471704714710609,3.215472670472005e-05,0.428473653103937,0.12432372069829482,25,20,20
24,716,0.4474899333198424,4.485934016704562e-05,0.4281414695416956,0.12432373779829263,25,20,20
24,717,0.44749007482207487,4.48593401994959e-05,0.42776841266395477,0.12469665317376841,25,20,20
24,718,0.4871279022091213,4.485932590420567e-05,0.3881305853332017,0.12469665313177018,25,20,20
24,719,0.49198409021071154,4.485934960653354e-05,0.38327439104385946,0.12469665939581967,25,20,20
24,720,0.49107429272798064,4.485747806733286e-05,0.3841842261794229,0.12469662361452649,25,20,20
24,721,0.4910824275953277,4.490578541639102e-05,0.3841760349025597,0.12469663171669396,25,20,20
24,722,0.49108240941724524,4.4905785375709994e-05,0.384182633458314,0.12469005133906289,25,20,20
24,723,0.5116577885744452,1.8352953152807285e-05,0.3636306700888233,0.12469318838357635,25,20,20
24,724,0.47493906213914405,1.8353436198324668e-05,0.4003493909223902,0.12469319350226496,25,20,20
24,725,0.4794170096098304,1.8353433160026275e-05,0.3958714588495639,0.12469317810744358,25,20,20
24,726,0.48925527992413465,1.8038657137651595e-05,0.38603361366435784,0.12469306775436802,25,20,20
24,727,0.47159013119929605,1.8487603263165846e-05,0.4022916074149383,0.12609977378250167,25,20,20
24,728,0.4322838969111317,1.8471187511715895e-05,0.4415981189813875,0.1260995129199688,25,20,20
24,729,0.432343780638117,1.8471189433651196e-05,0.44160275455493986,0.1260349936175093,25,20,20
24,730,0.43585963314626425,0.0006882077296380587,0.44214353304497855,0.12130862607911883,25,20,20
24,731,0.4415983490461345,0.0006968780298104268,0.4363951420179388,0.12130963090611545,25,20,20
24,732,0.44013161248409916,0.0006968779701648838,0.4378618802810816,0.1213096292646521,25,20,20
24,733,0.4385324428122581,0.0006969191878424313,0.43946082485239985,0.12130981314749675,25,20,20
24,734,0.45741712177447225,0.0006963526151800947,0.4205798371338145,0.1213066884765302,25,20,20
24,735,0.45753350444586405,0.0006963526175580007,0.4204634544178982,0.12130668851867654,25,20,20
24,736,0.45836322428165593,0.0006963567164183344,0.4196451441847568,0.12129527481716659,25,20,20
24,737,0.43114400532692554,0.0006967057431156912,0.4468622929875324,0.12129699594242407,25,20,20
24,738,0.4309273223021467,0.0006967057394034325,0.44707897625223203,0.12129699570621559,25,20,20
24,739,0.43092840772230223,0.000696705739439851,0.4471646452409591,0.12121024129729657,25,20,20
24,740,0.42522202573231277,0.000688092950800727,0.4528693242261388,0.12122055709074621,25,20,20
24,741,0.4251551169426947,0.0006880929485682132,0.4528689180875064,0.12128787202122901,25,20,20
24,742,0.425166220560539,0.000688051257684646,0.45285804009384045,0.12128768808793425,25,20,20
24,743,0.44282559039757013,0.0006876023435455212,0.43660582470151177,0.11988098255737122,25,20,20
24,744,0.4369388281495461,0.0006876024705388607,0.4424274721121253,0.11994609726778853,25,20,20
24,745,0.43693763801446844,0.0006876024705455154,0.44233528448876674,0.12003947502621831,25,20,20
24,746,0.43342906516998103,1.0515965150272796e-05,0.4465230312003319,0.12003738766453485,25,20,20
24,747,0.4318013136277441,1.0541289696974747e-05,0.4481507123963915,0.12003743268616578,25,20,20
24,748,0.43289461323777184,1.0541719915148294e-05,0.44705734783863504,0.12003749720367568,25,20,20
24,749,0.43321579585593334,1.0580164417641996e-05,0.4467374117671899,0.1200362122124576,25,20,20
24,750,0.43228268094646716,1.0590078758637431e-05,0.4476637734105473,0.12004295556422578,25,20,20
24,751,0.43232627117427536,1.0541802777781109e-05,0.4476202390906235,0.1200429479323244,25,20,20
24,752,0.47016612947162506,1.0542286662602539e-05,0.40978037616781515,0.12004295207389623,25,20,20
24,753,0.5098512721887822,1.0488525282072984e-05,0.3701066073687235,0.12003163191721195,25,20,20
24,754,0.49323977404492714,1.0488296928569536e-05,0.3826784374179472,0.12407130024019636,25,20,20
24,755,0.48467665198905124,1.0581867562793746e-05,0.3911027331333689,0.12421003301001711,25,20,20
24,756,0.48470717821159764,1.0582155801646532e-05,0.39107220519557906,0.1242100344370214,25,20,20
24,757,0.49079369141696744,1.0670780774190097e-05,0.3850275792082114,0.12416805859404689,25,20,20
24,758,0.5089770935743378,1.0683794613008297e-05,0.3668441566112746,0.12416806601977388,25,20,20
24,759,0.47892493649611007,1.0684749122183317e-05,0.3968961817229922,0.12416819703177544,25,20,20
24,760,0.47718422791620235,2.2262443561086144e-05,0.39862478971135806,0.1241687199288771,25,20,20
24,761,0.47704983416292357,2.2262297729731448e-05,0.39875922586523066,0.12416867767411453,25,20,20
24,762,0.4770468730474979,2.2262297690342603e-05,0.39875914337091123,0.12417172128389979,25,20,20
24,763,0.4771654516101445,2.21707312655913e-05,0.3987219377474184,0.1240904399111709,25,20,20
24,764,0.4674356314533333,2.2169809048267685e-05,0.4084517511300462,0.12409044760757192,25,20,20
24,765,0.4682560737129012,2.2159896590761547e-05,0.4076380613167764,0.12408370507373137,25,20,20
24,766,0.46847082323136163,2.207114413300978e-05,0.4074465395029329,0.12406056612157215,25,20,20
24,767,0.47003793094589325,2.2045880294293544e-05,0.40587950226466746,0.12406052090914452,25,20,20
24,768,0.4342162466368014,2.3378441124153267e-05,0.4416997439059098,0.12406063101616514,25,20,20
24,769,0.4354765831761931,2.2160125807841627e-05,0.43985377523562474,0.12464748146237477,25,20,20
24,770,0.43547892852922443,2.2160123128406798e-05,0.43985143031828267,0.12464748102936525,25,20,20
24,771,0.4441739402490159,2.2158119334028147e-05,0.4312138715846194,0.12459003004703183,25,20,20
24,772,0.4356247213982211,2.2157941510397384e-05,0.43976311941651824,0.12459000124375053,25,20,20
24,773,0.4574637686978903,2.2158181381231615e-05,0.4179240713858598,0.12459000173486814,25,20,20
24,774,0.4561225157898836,2.2160935921386003e-05,0.4192627040786639,0.12459261919553054,25,20,20
24,775,0.45619112944538087,0.022078377188000115,0.3971378749321252,0.12459261843449317,25,20,20
24,776,0.45618542685107066,0.022078377183664663,0.397143577957634,0.12459261800763008,25,20,20
24,777,0.47545780918289327,0.022078391103880334,0.37759805147808423,0.12486574823514054,25,20,20
24,778,0.48421149618345993,0.022078391106248093,0.36884436455721553,0.12486574815307483,25,20,20
24,779,0.4833900521549289,0.022078596985501013,0.3696646658123517,0.12486668504721724,25,20,20
24,780,0.4746110508531527,0.022078773745507672,0.37842187201494654,0.12488830338639138,25,20,20
24,781,0.4746120783793901,0.0220787741792226,0.37842073989106967,0.1248884075503179,25,20,20
24,782,0.4718423531473283,0.02207877420254253,0.38119046798026696,0.1248884046698598,25,20,20
24,783,0.472949207656193,0.022078771873075324,0.3800862295575472,0.1248857909131821,25,20,20
24,784,0.4998462953528501,0.02207842493131989,0.353191182939368,0.12488409677645892,25,20,20
24,785,0.4998461879759332,0.022078424931299995,0.3531911293607278,0.12488425773203535,25,20,20
24,786,0.490781497082734,0.022078422497133276,0.36225491279628697,0.12488516762384264,25,20,20
24,787,0.4907778255215658,0.0220784239908136,0.3622572810221646,0.1248864694654529,25,20,20
24,788,0.4929016633461601,0.022066846270496317,0.36014555929004877,0.12488593109329159,25,20,20
24,789,0.5107312521605751,0.02206742442281528,0.3423139991089058,0.12488732430770108,25,20,20
24,790,0.5054326206780959,0.02206731020307767,0.34819970205209594,0.1243003670667288,25,20,20
24,791,0.5019798947849062,0.022066738917011813,0.35165439243173424,0.12429897386634634,25,20,20
24,792,0.5027821034806532,0.022066781618685815,0.35085227561084237,0.1242988392898167,25,20,20
24,793,0.48170277117250637,0.0220667737771501,0.3719324808547968,0.12429797419554844,25,20,20
24,794,0.49986198181115676,0.022066773579255895,0.3578129426306142,0.12025830197897344,25,20,20
24,795,0.5212685034481861,0.022066763920954156,0.33640640579652553,0.12025832683433396,25,20,20
24,796,0.5607122379070472,0.02206671925891344,0.2969617592226728,0.12025928361136744,25,20,20
24,797,0.5607152867549273,0.0220667192589317,0.2969683563690743,0.12024963761706813,25,20,20
24,798,0.5607134530896742,0.02206671893172075,0.2969701891590339,0.1202496388195727,25,20,20
24,799,0.6003248955434828,0.02206671913741509,0.2573587506317992,0.12024963468730421,25,20,20
24,800,0.6095550455738118,0.022066717830370855,0.24812951209754314,0.12024872449827562,25,20,20
24,801,0.6095520312445782,0.022066717830360866,0.24812299137918015,0.12025825954588207,25,20,20
24,802,0.6095581549292413,0.02206671783074216,0.24812383539703997,0.12025129184297835,25,20,20
24,803,0.649040638739785,0.022066988783919498,0.2086412025220689,0.12025116995422806,25,20,20
24,804,0.6489715021712625,0.038717606988607954,0.19205973499543771,0.12025115584469298,25,20,20
24,805,0.6489640939573265,0.03871760704676627,0.19206713344088946,0.12025116555501811,25,20,20
24,806,0.6488459744016376,0.038717607110245626,0.19218523794678805,0.12025118054132916,25,20,20
24,807,0.6120880534276695,0.038717607717137795,0.22894304777146043,0.12025129108373318,25,20,20
24,808,0.6377030500643169,0.038717607125725625,0.20332815054523093,0.120251192264727,25,20,20
24,809,0.6376932722686884,0.03871739715978491,0.20327164917961998,0.12031768139190765,25,20,20
24,810,0.6120805207574784,0.03871739580783412,0.2288856351618206,0.12031644827286762,25,20,20
24,811,0.5800328153314936,0.038717432993901374,0.26093314355764485,0.12031660811695946,25,20,20
24,812,0.5800357987992232,0.03871743299414742,0.2609397638908163,0.12030700431581258,25,20,20
24,813,0.5658590371519855,0.03871743257256502,0.27511659277697365,0.12030693749847558,25,20,20
24,814,0.5641761480059985,0.03871743439815523,0.27528355047598035,0.12182286711986576,25,20,20
24,815,0.5721729309706342,0.03871744483593092,0.2673057513093109,0.12180387288412386,25,20,20
24,816,0.5916393034009543,0.03871743436916771,0.24811239229529117,0.12153086993458691,25,20,20
24,817,0.5916585377044509,0.03871746158864147,0.24809300535647993,0.12153099535042784,25,20,20
24,818,0.5815004367545846,0.03872598217225767,0.2582029439095208,0.12157063716363697,25,20,20
24,819,0.580589240730864,0.038725939433213466,0.2591141844624476,0.12157063537347543,25,20,20
24,820,0.5805626805132932,0.03872593958220815,0.25914072686335676,0.12157065304114263,25,20,20
24,821,0.6148800153103685,0.0387259123569201,0.22482354806790006,0.12157052426481169,25,20,20
24,822,0.6112108983346978,0.03872591284827407,0.2284849527748327,0.12157823604219561,25,20,20
24,823,0.6038188308735367,0.03872587365300663,0.23587724542679323,0.12157805004666347,25,20,20
24,824,0.6037424279836183,0.03872587369762495,0.2359518801641605,0.12157981815459634,25,20,20
24,825,0.608230773721417,0.03872587416292009,0.231463365507289,0.1215799866083744,25,20,20
24,826,0.6082317011590758,0.038725874163201245,0.23146820667327475,0.12157421800444856,25,20,20
24,827,0.6027127593332462,0.03872587392213195,0.23698891806088165,0.12157244868374038,25,20,20
24,828,0.6423310210543767,0.03872587384839576,0.19737066468501765,0.12157244041220987,25,20,20
24,829,0.6431892467801665,0.03872568656041471,0.19651525052865287,0.12156981613076573,25,20,20
24,830,0.6432032838963542,0.03872568656021387,0.19663562203047724,0.12143540751295469,25,20,20
24,831,0.6368955418460659,0.03872568866577356,0.2029433314650315,0.12143543802312877,25,20,20
24,832,0.6428430488209887,0.038717169733666054,0.19704394957564023,0.12139583186970501,25,20,20
24,833,0.6066982931212641,0.03871717020604091,0.23318870476642478,0.12139583190627062,25,20,20
24,834,0.6123213591090141,0.038717170208593735,0.22756563833545418,0.12139583234693845,25,20,20
24,835,0.5807616018286019,0.038717171040236996,0.2591254073343233,0.12139581979683953,25,20,20
24,836,0.5807625744409425,0.038717171039891835,0.2591179596076926,0.12140229491147433,25,20,20
24,837,0.577337174954151,0.038717171654132236,0.26254334600261264,0.12140230738910486,25,20,20
24,838,0.5628245281172508,0.03871717177503378,0.27705735384535024,0.12140094626236562,25,20,20
24,839,0.5629682823256335,0.0387171720989182,0.2769810674362121,0.12133347813923762,25,20,20
24,840,0.593555468475615,0.038717171178802565,0.2463938904263071,0.12133346991927638,25,20,20
24,841,0.5935774248542939,0.03871717117325448,0.2463719345139846,0.12133346945846821,25,20,20
24,842,0.6272312793853655,0.0387171707584406,0.21271806659441836,0.12133348326177636,25,20,20
24,843,0.6243948059036368,0.03871717870632323,0.21555452572505768,0.12133348966498325,25,20,20
24,844,0.6284149680534495,0.038717178019440496,0.2115343771050779,0.12133347682203313,25,20,20
24,845,0.6281171506031221,0.03871717802475968,0.2118321860858431,0.12133348528627613,25,20,20
24,846,0.6285667314386513,0.03871717637890563,0.21138264210471547,0.12133345007772871,25,20,20
24,847,0.6248278530492248,0.03871690519563959,0.21512055999751475,0.12133468175762196,25,20,20
24,848,0.5857880594264844,0.03871690495996639,0.25416035389073804,0.1213346817228121,25,20,20
24,849,0.5889002075171841,0.038716932539028706,0.23856050133263232,0.1338223586111565,25,20,20
24,850,0.5887536080330407,0.03871718046885234,0.23863865103164245,0.13389056046646614,25,20,20
24,851,0.5887543972419382,0.03871693260236582,0.2387063299043625,0.13382234025133496,25,20,20
24,852,0.6273605801976416,0.03872072401722001,0.2000963347322808,0.1338223610528587,25,20,20
24,853,0.6260538436200578,0.0387207574200827,0.20140303733144688,0.13382236162841366,25,20,20
24,854,0.6260467827825914,0.03872075742005558,0.2014031481710207,0.13382931162633305,25,20,20
24,855,0.6261880777481568,0.03872075731828423,0.20125108393154056,0.1338400810020193,25,20,20
24,856,0.6261757777902871,0.03872087276446992,0.2012633863569078,0.1338399630883363,25,20,20
24,857,0.6329202598953106,0.03872087279909932,0.19451887826310826,0.13383998904248254,25,20,20
24,858,0.6352965991239755,0.03872087719455074,0.19214251265621182,0.13384001102526263,25,20,20
24,859,0.6005019912907837,0.03872087795736172,0.22693701777739986,0.13384011297445497,25,20,20
24,860,0.6004978853114706,0.03995774175305245,0.225704259960728,0.13384011297474852,25,20,20
24,861,0.6036850268152866,0.03995774107596686,0.22251709577441103,0.13384013633433514,25,20,20
24,862,0.612711210891459,0.039957740956215536,0.21348984869271995,0.13384119945960543,25,20,20
24,863,0.609359067566018,0.03995792831445102,0.22933719553745846,0.12134580858207329,25,20,20
24,864,0.5713488757314064,0.03995413700039832,0.267350711481619,0.121346275786577,25,20,20
24,865,0.6067593987073715,0.03995413653632521,0.23194035887907305,0.12134610587723087,25,20,20
24,866,0.6052133792228167,0.03996932743809809,0.23344615497458204,0.12137113836450389,25,20,20
24,867,0.5909833412832174,0.03996932672154516,0.2491920044987516,0.11985532749648609,25,20,20
24,868,0.5910629866863824,0.03996932678146917,0.2491123444724838,0.11985534205966478,25,20,20
24,869,0.5913742654003429,0.039969323339162297,0.24880109181500656,0.11985531944548838,25,20,20
24,870,0.591548092723091,0.039971122610575616,0.24862546242957254,0.11985532223676108,25,20,20
24,871,0.591510615921686,0.04001287986318651,0.2484118773808096,0.12006462683431808,25,20,20
24,872,0.5876117087709547,0.040013424574533545,0.25231144049229565,0.12006342616221614,25,20,20
24,873,0.5803160704619926,0.04002022145551326,0.2586999884908448,0.12096371959164921,25,20,20
24,874,0.5837904179744087,0.04002031877136506,0.25522507804712136,0.12096418520710517,25,20,20
24,875,0.587748393953577,0.040020312272671055,0.25126716079396383,0.12096413297978803,25,20,20
24,876,0.5908175002621572,0.04002030422890103,0.248198073797261,0.12096412171168062,25,20,20
24,877,0.5938367135382141,0.04001350735078052,0.24608595031255034,0.12006382879845483,25,20,20
24,878,0.5996386719004458,0.04001350744767212,0.24028400684922332,0.12006381380265839,25,20,20
24,879,0.6305446730622906,0.040013510761939444,0.20937811256945651,0.12006370360631348,25,20,20
24,880,0.6305447191477949,0.03920361435518674,0.21018796259149286,0.12006370390552554,25,20,20
24,881,0.6304331109903787,0.039203614258349846,0.21029961158587215,0.12006366316539921,25,20,20
24,882,0.6700302155326363,0.039159842301203805,0.17095558504147024,0.11985435712468923,25,20,20
24,883,0.6856637276322914,0.039159841164616696,0.15532171232739198,0.11985471887569973,25,20,20
24,884,0.6937829339059128,0.03915929618056886,0.14720309912140947,0.11985467079210854,25,20,20
24,885,0.6999617212339172,0.039159295890928994,0.14103508070189943,0.11984390217325394,25,20,20
24,886,0.702376746417406,0.039159295799058746,0.13862054120997744,0.11984341657355672,25,20,20
24,887,0.7023647263249266,0.039159295798982724,0.13850007730675892,0.1199759005693307,25,20,20
24,888,0.6970274811258945,0.039159295810363016,0.14383732200229848,0.11997590106144326,25,20,20
24,889,0.7002561247098913,0.03915929287420762,0.14060863892874395,0.11997594348715608,25,20,20
24,890,0.6874833263428788,0.039159299945997914,0.15338145005525744,0.1199759236558659,25,20,20
24,891,0.6706118592140886,0.03916779726591713,0.1702430758562035,0.11997726766378998,25,20,20
24,892,0.6712372364592969,0.03916768241407066,0.1696168256035368,0.11997825552309518,25,20,20
24,893,0.6360356585221099,0.03917621362919282,0.20480985760417067,0.11997827024452631,25,20,20
24,894,0.5997007515559458,0.03917621852404985,0.2411449993780418,0.11997803054196153,25,20,20
24,895,0.5996333827852173,0.0391762184886168,0.24121237822232497,0.11997802050383989,25,20,20
24,896,0.5991258981239386,0.03916769365107749,0.24172840297886516,0.11997800524611772,25,20,20
24,897,0.6043924633576574,0.03916769881740565,0.23646169329413472,0.1199781445308013,25,20,20
24,898,0.6044300231188547,0.039167698541971635,0.2364241763543257,0.11997810198484687,25,20,20
24,899,0.5859666053118355,0.039167699996382865,0.25488369387121046,0.11998200082057116,25,20,20
24,900,0.5957168153326224,0.03916769545391221,0.24513373776983272,0.11998175144363155,25,20,20
24,901,0.5907319802235635,0.03923271756771159,0.2500534572799577,0.11998184492876708,25,20,20
24,902,0.5907527387412177,0.039232717560181936,0.2500326984212016,0.11998184527739907,25,20,20
24,903,0.5908665627863485,0.039232717555720026,0.249918875243897,0.11998184441403492,25,20,20
24,904,0.6127719376417619,0.039232829003713665,0.2279980638151079,0.11999716953941678,25,20,20
24,905,0.649161434327356,0.03923282899495643,0.19160856926489206,0.11999716741279533,25,20,20
24,906,0.6492352864300625,0.03923282899100218,0.19153471726440693,0.11999716731452847,25,20,20
24,907,0.6603281136167936,0.03923282919370459,0.18044141312889012,0.11999764406061261,25,20,20
24,908,0.6600793635823753,0.0392328338752122,0.18068888643633207,0.11999891610608136,25,20,20
24,909,0.6600764868619293,0.039232833875216956,0.1806841379553682,0.1200065413074867,25,20,20
24,910,0.6600902771502636,0.0392328336300261,0.18067083630022215,0.12000605291948928,25,20,20
24,911,0.660069464069123,0.039232833632782106,0.1806916499248366,0.1200060523732594,25,20,20
24,912,0.6600085897790788,0.03923282899260569,0.18073833147979962,0.12002024974851704,25,20,20
24,913,0.6600115336806325,0.039232828992605426,0.18073832909042536,0.12001730823633841,25,20,20
24,914,0.6548187093112589,0.03923282912190728,0.18594657310827967,0.12000188845855582,25,20,20
24,915,0.6422892726236711,0.03923292645878446,0.18148461578665911,0.1369931851308869,25,20,20
24,916,0.6476429407617011,0.039232926726769375,0.17613198553513137,0.13699214697639978,25,20,20
24,917,0.6473741161356746,0.03923292672675122,0.17640081014926737,0.1369921469883084,25,20,20
24,918,0.647407304721385,0.039232928401185634,0.1763675724150068,0.13699219446242394,25,20,20
24,919,0.6391924650133652,0.03923307044373811,0.18442714717735392,0.1371473173655441,25,20,20
24,920,0.6383235414163189,0.039233071289286756,0.18529599544862937,0.1371473918457663,25,20,20
24,921,0.6382608976955527,0.039233066239999836,0.18535878368891343,0.13714725237553516,25,20,20
24,922,0.6522666164981763,0.039233058700492845,0.17135311059331204,0.13714721420802006,25,20,20
24,923,0.6528745446153512,0.03923305464389245,0.17074618345500134,0.1371462172857562,25,20,20
24,924,0.6530059587172721,0.039233054643280835,0.1706147703057729,0.13714621633367538,25,20,20
24,925,0.6461540072579532,0.039242858647869285,0.17745576954217557,0.13714736455200363,25,20,20
24,926,0.6230381499305921,0.039234614042895535,0.2005124217408975,0.13721481428561627,25,20,20
24,927,0.623038148778937,0.03923461405175722,0.2144710472266026,0.1232561899427043,25,20,20
24,928,0.6191473591540743,0.03923461405659055,0.2183618361609984,0.12325619062833786,25,20,20
24,929,0.6191473657618999,0.04007595430228748,0.21752048961469725,0.12325619032111675,25,20,20
24,930,0.6195359465308605,0.04007595348707754,0.21713198371312548,0.12325611626893786,25,20,20
24,931,0.6280113737043886,0.04007581144593768,0.20881182123720354,0.12310099361247161,25,20,20
24,932,0.6189952094568381,0.0400758114444814,0.21782797516736285,0.12310100393131908,25,20,20
24,933,0.617803156596822,0.04007581144889047,0.21902002793623002,0.12310100401805914,25,20,20
24,934,0.6248650806451149,0.04006600729580298,0.21196907255874126,0.12309983950034235,25,20,20
24,935,0.6293166369766303,0.040065895635491906,0.207532938596928,0.1230845287909514,25,20,20
24,936,0.6169800357112271,0.04006590432567045,0.21986954728309197,0.12308451268001205,25,20,20
24,937,0.6071035068869183,0.040065927597134045,0.22969258000847714,0.12313798550747203,25,20,20
24,938,0.6071039306749728,0.040086019748364426,0.2296720635493867,0.12313798602727792,25,20,20
24,939,0.6071283943635678,0.04008601976241321,0.2296476002022685,0.12313798567175242,25,20,20
24,940,0.6071263271768688,0.040087676762854026,0.2296480103837228,0.12313798567655594,25,20,20
24,941,0.6071320000761701,0.03947312814559327,0.23025688610677458,0.12313798567146356,25,20,20
24,942,0.6068254161209311,0.03947342445938473,0.23056314254947996,0.12313801687020581,25,20,20
24,943,0.5690082874972215,0.039473470728729684,0.2683666471543728,0.12315159461967623,25,20,20
24,944,0.5688891435999168,0.03947347074239209,0.2684857901342648,0.12315159552342683,25,20,20
24,945,0.5689977462519727,0.03947347094982418,0.26837715941830337,0.1231516233799002,25,20,20
24,946,0.5303902081829116,0.03947349501838477,0.3069803719921429,0.12315592480656014,25,20,20
24,947,0.5308273647957644,0.03947319858077749,0.3065435523985885,0.12315588422486895,25,20,20
24,948,0.5326229442078239,0.03947941027358767,0.3048105452841083,0.12308710023447963,25,20,20
24,949,0.5417528492021138,0.03947941027342167,0.29568065105206515,0.12308708947239884,25,20,20
24,950,0.5417498230999677,0.03947941026430558,0.2817201196211876,0.1370506470145394,25,20,20
24,951,0.5417647823314333,0.03947941026441144,0.28171541474414236,0.13704039266001314,25,20,20
24,952,0.5112073874311525,0.03948575977682753,0.3122324699103373,0.13707438288168322,25,20,20
24,953,0.5112077378307887,0.039485759804972625,0.31223211970535053,0.13707438265888905,25,20,20
24,954,0.511107842559413,0.03948575980748689,0.3123319846372571,0.13707441299584405,25,20,20
24,955,0.5111079644630211,0.039485759807479905,0.31233358241345416,0.13707269331604602,25,20,20
24,956,0.5093161194874868,0.03947954852184715,0.3141316486599905,0.13707268333067688,25,20,20
24,957,0.5081934950446982,0.03947954849348232,0.31525426858494304,0.13707268787687765,25,20,20
24,958,0.5191064990566272,0.03947954767333251,0.3043387180498346,0.13707523522020731,25,20,20
24,959,0.5166447240068623,0.03947951380491536,0.3068005280545001,0.13707523413372266,25,20,20
24,960,0.5168761745726609,0.03950789344111888,0.30654069670684464,0.13707523527937643,25,20,20
24,961,0.5168780282646939,0.03948997279207297,0.30655676412605937,0.13707523481717465,25,20,20
24,962,0.5147255329457142,0.039489926505318296,0.3087228834944023,0.13706165705456363,25,20,20
24,963,0.514110840967473,0.03948992648285942,0.3093375755077103,0.13706165704195578,25,20,20
24,964,0.5140681786512905,0.03948992462060911,0.3093802887839061,0.1370616079441928,25,20,20
24,965,0.5140507236197606,0.039489929771154376,0.30939772597971166,0.13706162062937194,25,20,20
24,966,0.5215381516264348,0.03948990577087394,0.3019145572311603,0.1370573853715303,25,20,20
24,967,0.5152294984357804,0.03948991364986043,0.3082231659449996,0.13705742196935863,25,20,20
24,968,0.5151610353027051,0.0394899206323631,0.30829160357950597,0.13705744048542534,25,20,20
24,969,0.5064665359862286,0.03948982183518915,0.2939956621323679,0.1600479800462143,25,20,20
24,970,0.5176804897639397,0.039489893133212,0.2827724251872021,0.16005719191564588,25,20,20
24,971,0.5176834192443283,0.039489893133194426,0.28286471764456317,0.15996196997791334,25,20,20
24,972,0.4888884902005274,0.03949035731871734,0.31125166506644064,0.1603694874143143,25,20,20
24,973,0.5168109428146248,0.03949035731407581,0.28332921243827003,0.16036948743302884,25,20,20
24,974,0.5168108219181929,0.03949035731432743,0.2833342030820453,0.1603646176854341,25,20,20
24,975,0.5167290521488821,0.03949035731469104,0.2834159794013375,0.1603646111350892,25,20,20
24,976,0.5167172727900512,0.03949035731458601,0.2834159694559349,0.16037640043942844,25,20,20
24,977,0.5165356745205002,0.039479649625601694,0.28360827578740533,0.16037640006649315,25,20,20
24,978,0.5060444703090802,0.039479185435117775,0.29449416083278684,0.15998218342301487,25,20,20
24,979,0.5061074507849049,0.03947512249724847,0.2944351649692652,0.15998226174858166,25,20,20
24,980,0.5061112419319485,0.039475122497282224,0.29443671144860883,0.15997692412216064,25,20,20
24,981,0.5061802720787351,0.039475122490484404,0.29436722208763166,0.1599773833431491,25,20,20
24,982,0.5048747726343751,0.039475125252896745,0.2956724660424127,0.15997763607031626,25,20,20
24,983,0.5048681520976213,0.00010308599720491869,0.33505112583916336,0.15997763606600984,25,20,20
24,984,0.4677988645713115,0.00010308406261239703,0.37210813311283675,0.15998991825323824,25,20,20
24,985,0.4678018318560985,0.0007668059084674164,0.37144144368077364,0.1599899185546593,25,20,20
24,986,0.45977762023023966,0.0007668111919109445,0.3794136718122869,0.16004189676556238,25,20,20
24,987,0.4705649921238406,0.0007667420789015263,0.36863537730152696,0.16003288849573014,25,20,20
24,988,0.4697327691838444,0.0007674465744698589,0.3695189404282169,0.15998084381346817,25,20,20
24,989,0.4639796747697222,0.0007674464490467468,0.37527203546495275,0.1599808433162787,25,20,20
24,990,0.4745728656729728,0.00077426812477421,0.36467111693305027,0.15998174926920247,25,20,20
24,991,0.47378278266990487,0.0007092461328522565,0.3655262827072148,0.15998168849002906,25,20,20
24,992,0.4752538591869453,0.0007024244559281331,0.3640629331274743,0.15998078322965326,25,20,20
24,993,0.47525778034552596,0.0007024244562250594,0.3639792181862839,0.16006057701196652,25,20,20
24,994,0.47523423317349645,0.0007024245464105955,0.3640032259840892,0.16006011629600486,25,20,20
24,995,0.47592410620692993,0.0006866734410718801,0.3633291825777889,0.16006003777421055,25,20,20
24,996,0.47569311028275996,0.0006866664590684975,0.3635602040161676,0.16006001924200533,25,20,20
24,997,0.47582003024353703,2.978522796273821e-05,0.3640895695777903,0.16006061495071197,25,20,20
24,998,0.46154899662896814,2.9796764000041688e-05,0.3783576113206458,0.1600635952863869,25,20,20
24,999,0.46141995902777944,2.9796635759029976e-05,0.37848666119403335,0.1600635831424292,25,20,20
24,1000,0.4612910020782406,3.711836024646096e-05,0.3786088920536235,0.1600629875078904,25,20,20
24,1001,0.4378574966790558,3.71073167577102e-05,0.4020453892892572,0.16006000671492518,25,20,20
24,1002,0.4505321807209588,3.720650142460837e-05,0.3893703153170482,0.16006029746056463,25,20,20
24,1003,0.4505321811063316,3.720650119335743e-05,0.38936193557082044,0.16006867682165105,25,20,20
24,1004,0.4564193675605498,3.7206507595564975e-05,0.3834747486249988,0.1600686773068526,25,20,20
24,1005,0.4563713143827443,3.720256042579456e-05,0.38352280579251413,0.16006867726431281,25,20,20
24,1006,0.4642867816825704,3.719486400502839e-05,0.37560736326842464,0.16006866018499658,25,20,20
24,1007,0.4744792204676447,3.717143772422848e-05,0.3654684316675402,0.16001517642708724,25,20,20
24,1008,0.47931159220995345,3.707015544829551e-05,0.36063663280587294,0.16001470482872654,25,20,20
24,1009,0.47855798098700414,6.51010893199018e-05,0.36136217184733105,0.1600147460763447,25,20,20
24,1010,0.4785581038798761,6.510108906653288e-05,0.361360171138523,0.1600166238925343,25,20,20
24,1011,0.46350020537860026,6.526567239939172e-05,0.3764178740037289,0.1600166549452673,25,20,20
24,1012,0.46276626158752415,6.528058715284557e-05,0.37715122790310346,0.16001722992221531,25,20,20
24,1013,0.4776928485176837,6.511602700083906e-05,0.3622248422431242,0.16001719321219,25,20,20
24,1014,0.48461159630229383,6.510799536781528e-05,0.3553086824122103,0.16001461329012645,25,20,20
24,1015,0.4849053405827244,6.513582330217746e-05,0.3550147774793187,0.16001474611465308,25,20,20
24,1016,0.4836304140413784,6.514568507561711e-05,0.3562836845339584,0.1600207557395857,25,20,20
24,1017,0.4836273538642585,6.5145685088517e-05,0.35628368523263065,0.16002381521802034,25,20,20
24,1018,0.48302761357281687,6.514730951499506e-05,0.3568724844050125,0.16003475471265183,25,20,20
24,1019,0.4752360797758562,6.514736046425258e-05,0.36466402102681156,0.1600347518368641,25,20,20
24,1020,0.48944007113425547,6.514676302223797e-05,0.3504645570355589,0.160030225067162,25,20,20
24,1021,0.4915401886211632,6.512373331638897e-05,0.348371029155256,0.160023658490263,25,20,20
24,1022,0.4904356407059964,6.51237380458331e-05,0.3494754829500382,0.16002375260591817,25,20,20
24,1023,0.4907931793917921,5.0961876668514945e-05,0.34906407963976166,0.16009177909177819,25,20,20
24,1024,0.4749858744296984,5.09616466789134e-05,0.3648793927924062,0.1600837711312142,25,20,20
24,1025,0.43913974564276564,5.095657310896212e-05,0.400725281843702,0.16008401594041788,25,20,20
24,1026,0.4740634614662039,5.095652112318699e-05,0.3658017555310352,0.16008382648163597,25,20,20
24,1027,0.47513096020302675,5.095649334525147e-05,0.36473432486280044,0.16008375844082576,25,20,20
24,1028,0.476137543961323,5.0956545455135396e-05,0.3637276542902243,0.16008384520299596,25,20,20
24,1029,0.5152690555175721,5.095641547243938e-05,0.3245961763320928,0.1600838117348632,25,20,20
24,1030,0.5154154084567089,5.095632140438692e-05,0.324449839973162,0.1600837952487256,25,20,20
24,1031,0.5154223903384278,5.095632144474141e-05,0.324445256799095,0.16008139654103332,25,20,20
24,1032,0.5157332935391333,5.095632087566841e-05,0.3241343535995497,0.16008139654044226,25,20,20
24,1033,0.5161125902900568,3.5765419956369675e-05,0.323795280184155,0.1600563641058332,25,20,20
24,1034,0.5161781105163521,3.5365113208714116e-05,0.3237301593923767,0.16005636497806308,25,20,20
24,1035,0.5161545700084363,3.536521391473453e-05,0.3237537197161614,0.16005634506148816,25,20,20
24,1036,0.5161601868320351,3.5260787663325335e-05,0.32374867330627766,0.16005587907402435,25,20,20
24,1037,0.5092026795802514,3.527260817978476e-05,0.33070507487221307,0.16005697293935608,25,20,20
24,1038,0.4933426487206712,3.596788221212297e-05,0.3465595893054887,0.16006179409162832,25,20,20
24,1039,0.4933369428587529,3.5967986964948946e-05,0.34656527762624195,0.16006181152804067,25,20,20
24,1040,0.45766821157137977,3.6160181716850456e-05,0.3822332917756431,0.16006233647125814,25,20,20
24,1041,0.45766749615678903,3.616018411630131e-05,0.3822340065883949,0.1600623370706974,25,20,20
24,1042,0.45766510210623507,3.6160184180892644e-05,0.38236341924733597,0.15993531846224548,25,20,20
24,1043,0.4496350347900724,0.0004124561896052068,0.3900166275750956,0.15993588144522472,25,20,20
24,1044,0.449635090992747,0.00041245618960230603,0.3900183081554139,0.1599341446622347,25,20,20
24,1045,0.44134486261469924,0.0004124564423513347,0.39830013273073667,0.15994254821220732,25,20,20
24,1046,0.4414604535537162,0.0004124609530080202,0.3981936475019699,0.1599334379913007,25,20,20
24,1047,0.44019682076416555,0.0004124326281051049,0.39945744148075674,0.1599333051269679,25,20,20
24,1048,0.4373997149854443,0.0004124325619429508,0.4022545491229091,0.15993330332969907,25,20,20
24,1049,0.4395734255231847,3.6140598840250956e-05,0.4004576665992402,0.1599327672787302,25,20,20
24,1050,0.4400518404461262,3.614051118937909e-05,0.3999792745075171,0.15993274453516249,25,20,20
24,1051,0.44302904458848125,3.6140390051661105e-05,0.3970020710628549,0.15993274395860724,25,20,20
24,1052,0.44860491323207724,3.6156580331843945e-05,0.39142616502398647,0.1599327651636024,25,20,20
24,1053,0.44854181551149097,3.6156645355305244e-05,0.39148926253384664,0.159932765309305,25,20,20
24,1054,0.4513061012195948,3.61585572548302e-05,0.38872475558174235,0.15993298464140646,25,20,20
24,1055,0.47641402954703205,3.615898384838419e-05,0.36361677218806593,0.15993303928105243,25,20,20
24,1056,0.47545737929144993,3.6228796656069515e-05,0.3645726338605592,0.1599337580513333,25,20,20
24,1057,0.4383000915201772,0.00013631628908495429,0.40160808131262116,0.15995551087811163,25,20,20
24,1058,0.4340092795719762,0.00013612327337327802,0.40589963004680185,0.15995496710784374,25,20,20
24,1059,0.4340047570154046,0.0001361232734942189,0.406143033426579,0.15971608628451736,25,20,20
24,1060,0.4340078887791521,0.00013612327324368144,0.40577009946132536,0.16008588848627398,25,20,20
24,1061,0.4343350003466668,0.00013612275913704445,0.40544298831703934,0.16008588857715192,25,20,20
24,1062,0.41695844449244795,0.00013645141612161476,0.4228176430849226,0.16008746100650265,25,20,20
24,1063,0.41700226590911216,0.00015299034860476984,0.4227572510959378,0.16008749264634023,25,20,20
24,1064,0.43982635857083885,0.00015315778614000494,0.39993268011716265,0.16008780352585256,25,20,20
24,1065,0.4284515629561679,0.0001531057399202665,0.4111716250720036,0.16022370623190224,25,20,20
24,1066,0.42367067896618443,0.00015310589661610797,0.4159525073749325,0.16022370776226097,25,20,20
24,1067,0.4222446528592544,0.00015344992989622008,0.4173781354939098,0.16022376171693373,25,20,20
24,1068,0.4222375716982211,0.00015344992984632578,0.4173830684687107,0.16022590990321647,25,20,20
24,1069,0.4222466690836599,0.00015344992995907936,0.4173832170787386,0.16021666390763897,25,20,20
24,1070,0.42223461021515774,0.00015344993008730912,0.4173898461102499,0.16022209374450153,25,20,20
24,1071,0.4217956932139768,0.00015345028451810186,0.4178287609627996,0.16022209553870198,25,20,20
24,1072,0.4173469727533022,0.00015345004255938854,0.42227731072199853,0.16022226648213647,25,20,20
24,1073,0.4176171516114644,0.00015600854107297181,0.42199323000581485,0.16023360984164509,25,20,20
24,1074,0.4197428496114726,0.00015567417095284586,0.4198677127450803,0.16023376347249152,25,20,20
24,1075,0.41969808216841803,0.00015567416770204655,0.41992578102020317,0.16022046264367162,25,20,20
24,1076,0.4351788663435821,0.00015567424945790232,0.40445249539944866,0.16021296400750662,25,20,20
24,1077,0.43597904991331776,0.00015567384455822058,0.4036532176228549,0.1602120586192643,25,20,20
24,1078,0.4357345465958485,0.0001557616520807701,0.40389722418139284,0.1602124675706738,25,20,20
24,1079,0.4454420495800834,0.00015574388812168328,0.3943263605871957,0.16007584594459584,25,20,20
24,1080,0.4424055438018653,0.0001531834757837674,0.39737675550982665,0.16006451721252035,25,20,20
24,1081,0.44522513022007865,5.310209687414579e-05,0.39467902003653466,0.1600427476465084,25,20,20
24,1082,0.4597497784777289,5.3101770074998654e-05,0.38015170761196165,0.16004541214023052,25,20,20
24,1083,0.42197162689673534,5.3101865173261875e-05,0.4179298583471819,0.16004541289090732,25,20,20
24,1084,0.42199051646157654,5.301423785320155e-05,0.41791145310639394,0.16004501619417413,25,20,20
24,1085,0.4261517217680661,5.300441664183964e-05,0.41375044583743387,0.16004482797785585,25,20,20
24,1086,0.40739666683947307,5.304991584103691e-05,0.42461358815124706,0.16793669509343787,25,20,20
24,1087,0.40203219737983303,5.304743157689286e-05,0.42997990561321037,0.16793484957537874,25,20,20
24,1088,0.40203216280931786,5.3047431327112735e-05,0.4299731832917955,0.1679416064675587,25,20,20
24,1089,0.43961519307046515,5.3048251594946995e-05,0.3923901461034685,0.167941612574468,25,20,20
24,1090,0.39999548922183636,5.66567136562952e-05,0.4307134922839214,0.16923436178058515,25,20,20
24,1091,0.4004712447732658,5.663668381665153e-05,0.4302377777434514,0.16923434079946556,25,20,20
24,1092,0.4005296587446082,5.663671558952384e-05,0.4297940878991058,0.16961961664069566,25,20,20
24,1093,0.41911489014325215,5.659129147843844e-05,0.4191007695249354,0.16172774904033332,25,20,20
24,1094,0.4181694650398368,5.659122606202872e-05,0.4200463762461571,0.16172756748794323,25,20,20
24,1095,0.3807816921413798,5.6592007847161997e-05,0.4439651820516572,0.17519653379911554,25,20,20
24,1096,0.38043239488350156,6.941834906253451e-05,0.4408152123842505,0.1786829743831844,25,20,20
24,1097,0.37570007273231554,6.942144838351461e-05,0.4455502311789841,0.17868027464031555,25,20,20
24,1098,0.37113045632388336,6.943328437982416e-05,0.45011805293344714,0.17868205745828847,25,20,20
24,1099,0.3710858410189972,2.4578929516713915e-05,0.45020759579013647,0.17868198426134782,25,20,20
24,1100,0.3767702179853954,2.4575268683941586e-05,0.44452180998348567,0.17868339676243342,25,20,20
24,1101,0.37805406952117404,2.463846254583108e-05,0.44323789496000615,0.17868339705627193,25,20,20
24,1102,0.37805410434123055,2.4638462553740458e-05,0.44323127756792013,0.17868997962829314,25,20,20
24,1103,0.41550611699883616,1.1569563426056308e-05,0.4093467800954453,0.17513553334229237,25,20,20
24,1104,0.4160894754252405,1.156959975216009e-05,0.4087634131226835,0.17513554185232372,25,20,20
24,1105,0.3849405442213727,1.157092672416587e-05,0.43991234103085036,0.17513554382104995,25,20,20
24,1106,0.38961779442437733,1.1570765658952336e-05,0.4352352628608379,0.17513537194912254,25,20,20
24,1107,0.3898341267159273,1.157064801489834e-05,0.43501894286833076,0.1751353597677237,25,20,20
24,1108,0.3898272013063411,1.1570647997515324e-05,0.4350239195316886,0.17513730851397166,25,20,20
24,1109,0.38930508766522887,1.1970934489321148e-05,0.4293456269034101,0.1813373144968714,25,20,20
24,1110,0.3896057126722279,1.1970736579183991e-05,0.4290464174517988,0.18133589913939374,25,20,20
24,1111,0.38960254149712226,1.1970736578727513e-05,0.4290463363116154,0.1813391514546848,25,20,20
24,1112,0.3895946846922302,1.1970737412319211e-05,0.4290541840200617,0.18133916055029686,25,20,20
24,1113,0.3931875986355378,1.197082843007715e-05,0.42546126924494276,0.1813391612910904,25,20,20
24,1114,0.3913841371606236,1.1969973131353707e-05,0.44073371228776287,0.16787018057848244,25,20,20
24,1115,0.4290692951681383,1.1906355707127254e-05,0.4030486183444327,0.16787018013172247,25,20,20
24,1116,0.42756334863286005,1.1906488526511698e-05,0.4045541281011355,0.16787061677747858,25,20,20
24,1117,0.42750337296104973,1.1506922506518997e-05,0.410814517821712,0.1616706022947322,25,20,20
24,1118,0.42792712012471,1.1507188015903853e-05,0.4103907699269847,0.16167060276028983,25,20,20
24,1119,0.4067348549086264,1.1032072841851749e-05,0.4315838208105166,0.16167029220801485,25,20,20
24,1120,0.4067350313546024,1.1032072869313194e-05,0.4315904226819653,0.16166351389056305,25,20,20
24,1121,0.37200228384979284,1.1028907250767178e-05,0.46632222679692736,0.16166446044602828,25,20,20
24,1122,0.3717798568339727,2.715433829850749e-05,0.4665271716567856,0.16166581717094217,25,20,20
24,1123,0.36763084280981473,2.7160129038107267e-05,0.4706765825395744,0.1616654145215704,25,20,20
24,1124,0.3676308441309316,2.7160142850946815e-05,0.47105054491885917,0.16129145080735605,25,20,20
24,1125,0.36181625415868524,2.7160265475284247e-05,0.47686328066844025,0.161293304907395,25,20,20
24,1126,0.3618163057786583,2.7160251671366748e-05,0.4764892040192994,0.16166732995036664,25,20,20
24,1127,0.3791651016407608,2.683167994631756e-05,0.4591423085446324,0.16166575813465664,25,20,20
24,1128,0.3789965604879507,2.322311075775541e-05,0.46060721394446213,0.16037300245682531,25,20,20
24,1129,0.36741079558607864,2.3225962294392264e-05,0.4721929739440485,0.16037300450757475,25,20,20
24,1130,0.36741280393113707,3.7013483837589e-05,0.4721774120817955,0.16037277050322551,25,20,20
24,1131,0.37034711383349156,3.67032034703373e-05,0.46922157638758777,0.16039460657544663,25,20,20
24,1132,0.37060910367822514,3.670294017424093e-05,0.4689595857402521,0.16039460764134486,25,20,20
24,1133,0.36563176019225124,3.035353245254806e-05,0.47397724266349067,0.16036064361180039,25,20,20
24,1134,0.36813604689991836,3.0342616291977414e-05,0.47147289133566134,0.16036071914812283,25,20,20
24,1135,0.36813891993651526,3.0342616281875384e-05,0.4714662877581134,0.1603644496890848,25,20,20
24,1136,0.3676720300128945,3.0342517856503212e-05,0.47193320275660866,0.1603644247126356,25,20,20
24,1137,0.36750342331290875,3.0339483493143195e-05,0.4721018476378502,0.16036438956574353,25,20,20
24,1138,0.367506488881856,3.033948366665172e-05,0.48317297109693735,0.14929020053753786,25,20,20
24,1139,0.3720439762847769,3.0327578680367106e-05,0.4786372965048893,0.14928839963165053,25,20,20
24,1140,0.3718093543622989,0.0011361827993549736,0.4777674261027956,0.14928703673554714,25,20,20
24,1141,0.37181054188154666,0.0011361828668118269,0.47776623084464803,0.14928704440699053,25,20,20
24,1142,0.3716699771430729,0.001136192159054128,0.4779067860939415,0.14928704460392844,25,20,20
24,1143,0.3660384856639751,0.0011361868096528144,0.48353827839407826,0.1492870491322922,25,20,20
24,1144,0.3676675047329225,0.0011361860162725703,0.48190197725836387,0.14929433199243786,25,20,20
24,1145,0.36767050092346104,0.0011361860162638763,0.48190194231294325,0.14929137074733037,25,20,20
24,1146,0.3704800915825773,0.0011361858082263308,0.4790923381202403,0.14929138448895576,25,20,20
24,1147,0.39030952839442656,0.001135788996365341,0.45929104904596485,0.1492636335632431,25,20,20
24,1148,0.39045385624875045,0.0011357796255125412,0.45914673007052875,0.1492636340552081,25,20,20
24,1149,0.3939666275678537,0.0011358205714997085,0.45563392955279247,0.14926362230785384,25,20,20
24,1150,0.3562475150235227,0.001135823839109326,0.4933530156142209,0.1492636455231473,25,20,20
24,1151,0.32335527429993877,0.0011358212075907742,0.5262411633292592,0.14926774116320954,25,20,20
24,1152,0.3233522087841488,0.00113582120757312,0.526241164513925,0.14927080549435184,25,20,20
24,1153,0.35272626231255017,0.00113582622759309,0.49397638775163843,0.1521615237082174,25,20,20
24,1154,0.3268554753390226,0.001135823373688673,0.5198471762372187,0.15216152505006877,25,20,20
24,1155,0.36650147325259647,0.0011358250167157154,0.48020061380967116,0.1521620879210165,25,20,20
24,1156,0.3662759859289267,0.0011358285539685472,0.48042595070470634,0.1521622348123977,25,20,20
24,1157,0.36185580179733146,0.0011369711723310293,0.48457344474872427,0.15243378228161258,25,20,20
24,1158,0.3617640516261812,0.0011369711606888885,0.4846651968319071,0.15243378038122005,25,20,20
24,1159,0.36273603498489615,0.0011369713046078755,0.4836935987220159,0.15243339498847683,25,20,20
24,1160,0.3672398719676579,0.0011369754299343962,0.47919093196008056,0.15243222064232304,25,20,20
24,1161,0.3722466616177612,0.001145300402018722,0.47417580118377506,0.15243223679644138,25,20,20
24,1162,0.37255595100259975,0.0011452982837709773,0.4738670769460112,0.1524316737676145,25,20,20
24,1163,0.3978739078744291,0.0011453120343752803,0.44854618270912056,0.15243459738207155,25,20,20
24,1164,0.3979824865321766,0.0011453087751930233,0.4484376908556236,0.15243451383700246,25,20,20
24,1165,0.39308173630436877,0.0011452765667766187,0.4533384307678249,0.15243455636102526,25,20,20
24,1166,0.3930817359995738,0.0011452765667765436,0.45334507066368784,0.15242791676995812,25,20,20
24,1167,0.39308832821591877,0.0011452765671447387,0.4533384795599949,0.15242791565693792,25,20,20
24,1168,0.3935329109626638,0.0011452757158756958,0.4528939023597679,0.15242791096168795,25,20,20
24,1169,0.39353077324948815,0.0011452757157286919,0.44181625925511336,0.16350769177966754,25,20,20
24,1170,0.3935307707102031,2.3301408249313708e-05,0.44293823610354865,0.1635076917779974,25,20,20
24,1171,0.3925794599777375,2.330132816633051e-05,0.443890106780079,0.1635071319140136,25,20,20
24,1172,0.3922123130938304,2.330142177080635e-05,0.444257252604571,0.1635071328798242,25,20,20
24,1173,0.3944829222210351,2.329925379848516e-05,0.4419873248001359,0.1635064537250269,25,20,20
24,1174,0.3997977229338459,2.3299431523874707e-05,0.4366581863511062,0.16352079128352145,25,20,20
24,1175,0.3947944031616198,1.497446153059707e-05,0.40785438705784216,0.19733623531900488,25,20,20
24,1176,0.39846601651786423,1.3831919143698151e-05,0.4044554086281098,0.1970647429348798,25,20,20
24,1177,0.3986986097627095,1.3831919253286525e-05,0.4044620816565167,0.19682547666151806,25,20,20
24,1178,0.3984630236943665,1.3831919153796315e-05,0.4044619724173282,0.19706117196914907,25,20,20
24,1179,0.39846209617242856,1.383191911860644e-05,0.4044619159527988,0.19706215595565182,25,20,20
24,1180,0.3983408587401282,1.3875537359377625e-05,0.40456927204349524,0.19707599367901504,25,20,20
24,1181,0.39835184128181944,1.3875537448116478e-05,0.4045693952288329,0.19706488795189867,25,20,20
24,1182,0.39827135954897064,1.3875408295030115e-05,0.40464988529233503,0.19706487975039874,25,20,20
24,1183,0.39852779068682814,1.3875744988438295e-05,0.4043934716881602,0.19706486188002223,25,20,20
24,1184,0.3961404306512107,1.3875769585233512e-05,0.40678040818424605,0.1970652853949565,25,20,20
24,1185,0.39614032705781765,0.01071758777088623,0.39607679942148755,0.1970652857498063,25,20,20
24,1186,0.37309768904396956,0.010717588336344284,0.41911493707506203,0.19706978554462407,25,20,20
24,1187,0.3814977698644595,0.01072807919766739,0.41071163246478926,0.19706251847308426,25,20,20
24,1188,0.36855866724944447,0.010728074608090226,0.4269267295849942,0.19378652855747144,25,20,20
24,1189,0.3627841593425736,0.010728165484785892,0.432701208610474,0.19378646656216683,25,20,20
24,1190,0.3627871014592875,0.010728165484785718,0.43270118026836357,0.19378355278756387,25,20,20
24,1191,0.3646925154458408,0.010728168910421726,0.4307961555596812,0.19378316008405683,25,20,20
24,1192,0.365049729752182,0.01072816888340347,0.43043843096682244,0.19378367039759253,25,20,20
24,1193,0.37072429372002236,0.01072815397681371,0.42476678314079813,0.19378076916236686,25,20,20
24,1194,0.3706065165656173,0.010728153916880041,0.4248850710687692,0.19378025844873437,25,20,20
24,1195,0.3605739079732523,0.01071778958662901,0.43492806044710414,0.19378024199301516,25,20,20
24,1196,0.3530335395525351,0.010717789393162962,0.4424827672780771,0.19376590377622477,25,20,20
24,1197,0.350831694808045,0.010717786125070228,0.4446846387795061,0.19376588028737757,25,20,20
24,1198,0.3778280355140573,0.010717793857227764,0.41757004248858004,0.19388412814013425,25,20,20
24,1199,0.37831495439653273,0.010717790339769667,0.41708317470649475,0.19388408055720227,25,20,20
24,1200,0.378317948442232,0.010717790339759796,0.4170766129772664,0.19388764824074087,25,20,20
24,1201,0.3760277559869699,0.01071779059987295,0.4193667888559929,0.19388766455716339,25,20,20
24,1202,0.3760308389059142,0.010717790599891258,0.41936675275475893,0.1938846177394351,25,20,20
24,1203,0.37601983461036026,0.010717790600039159,0.4193714643369148,0.19389091045268522,25,20,20
24,1204,0.37551119874845074,0.010717791057791139,0.4198799710453691,0.19389103914838848,25,20,20
24,1205,0.3754578349895307,0.010718097782253595,0.41994368488887474,0.19388038233934154,25,20,20
24,1206,0.41356327502501633,0.010718098327594502,0.38183824502011243,0.19388038162727672,25,20,20
24,1207,0.41371910568666936,0.010718095919169475,0.3816824172545789,0.1938803811395822,25,20,20
24,1208,0.41371902038844227,0.010718095919159681,0.3816759259532222,0.1938869577391758,25,20,20
24,1209,0.410958066874793,0.01071810538890551,0.3844336969653852,0.19389013077091616,25,20,20
24,1210,0.4111862058758555,0.010718105230344898,0.3842055281524231,0.19389016074137624,25,20,20
24,1211,0.41118625713984974,0.010718105230340584,0.3842055346069776,0.19389010302283194,25,20,20
24,1212,0.41345742291639764,0.010718095792439864,0.38193754912471584,0.19388693216644637,25,20,20
24,1213,0.42344282227196056,0.01071809935897483,0.3719498123972307,0.1938892659718336,25,20,20
24,1214,0.43276156267464766,0.010718102804400852,0.3626310723765225,0.1938892621444285,25,20,20
24,1215,0.4280142870327,0.010718282098151576,0.3673781327895073,0.19388929807964086,25,20,20
24,1216,0.42719176123106306,0.010718291817110665,0.3595046719211726,0.20258527503065105,25,20,20
24,1217,0.4269230229651908,0.011227852228148419,0.35926627428732893,0.2025828505193295,25,20,20
24,1218,0.4273012460270314,0.011227851937961029,0.35888815783182026,0.20258274420318528,25,20,20
24,1219,0.4273561777820526,0.010717941171149483,0.35934220144641604,0.2025836796003798,25,20,20
24,1220,0.4271323764447123,0.010719588772181814,0.3595643851497684,0.20258364963333578,25,20,20
24,1221,0.42713532256626136,0.010719588772042533,0.3595596772197503,0.2025854114419448,25,20,20
24,1222,0.4272115106114188,0.010719588795124958,0.35948346818430055,0.2025854324091548,25,20,20
24,1223,0.42714182123564387,0.010719588790633538,0.3594585069806199,0.20268008299310167,25,20,20
24,1224,0.42714184022986956,0.010719588790536631,0.3594583821696166,0.2026801888099761,25,20,20
24,1225,0.42790686739352546,0.01071958870910982,0.35869341146333433,0.20268013243402946,25,20,20
24,1226,0.42796117135856404,0.010719588517367852,0.3586391510497118,0.20268008907435614,25,20,20
24,1227,0.427961241024598,0.0107195885173681,0.358639182967796,0.2026799874902376,25,20,20
24,1228,0.4285234886039296,0.010719578479215175,0.3667770099716847,0.19397992294516833,25,20,20
24,1229,0.428521427665614,0.01071957847925484,0.36677697335074755,0.19398202050438187,25,20,20
24,1230,0.428516559824046,0.010719578477148597,0.3606117423275206,0.2001521193712845,25,20,20
24,1231,0.4281640770286503,0.01071957846970739,0.36096025431419965,0.20015609018744243,25,20,20
24,1232,0.42203582527003713,0.010719578632949443,0.36708858584342624,0.20015601025358834,25,20,20
24,1233,0.4220401136224947,0.010737667056024601,0.3623336329326171,0.20488858638886295,25,20,20
24,1234,0.43924461269334614,0.010737666816884322,0.34513360362461154,0.20488411686515812,25,20,20
24,1235,0.45474086888637766,0.010737662745875847,0.3296373691500718,0.20488409921767337,25,20,20
24,1236,0.45474601231273204,0.010737662745914318,0.32964401100578933,0.20487231393556335,25,20,20
24,1237,0.4570828890748143,0.010737662483813547,0.32730669195922635,0.2048727564821448,25,20,20
24,1238,0.4567956727277733,0.010737951028788002,0.32759357789257587,0.20487279835086203,25,20,20
24,1239,0.4625678569350753,0.010737950708267637,0.3218214234452204,0.2048727689114357,25,20,20
24,1240,0.46256584332821843,0.010737950708310835,0.3218214270509008,0.204874778912569,25,20,20
24,1241,0.4675235809677934,0.010737771411469128,0.31686390522425417,0.2048747423964833,25,20,20
24,1242,0.46752253398895527,0.03995414664386027,0.2876485774422427,0.20487474192494207,25,20,20
24,1243,0.472807344700019,0.03995405578715961,0.28219799037265,0.20504060914017136,25,20,20
24,1244,0.4730387760933174,0.03995377048683637,0.2819668181525823,0.20504063526726388,25,20,20
24,1245,0.4735024540245602,0.03995377045869044,0.2815031414393269,0.2050406340774224,25,20,20
24,1246,0.4731216381067732,0.039953770432862974,0.28188793639492465,0.20503665506543978,25,20,20
24,1247,0.485661686309302,0.03995376227090277,0.26946614644475575,0.20491840497503994,25,20,20
24,1248,0.48572989583513587,0.03995376021583845,0.2693979391233699,0.20491840482565574,25,20,20
24,1249,0.48572163881524033,0.03995376021581404,0.2693928053229586,0.20493179564598696,25,20,20
24,1250,0.4740949156936027,0.03995376226294375,0.2810173622884296,0.2049339597550242,25,20,20
24,1251,0.47409697665767153,0.039953762262899775,0.28101728062074743,0.2049319804586817,25,20,20
24,1252,0.4741426677362226,0.03995375901825413,0.2809716607851555,0.20493191246036827,25,20,20
24,1253,0.4741418805825806,0.039953759018264784,0.2809717770915817,0.20493258330757327,25,20,20
24,1254,0.4742352554408673,0.03995174790397932,0.28563263274049233,0.2001803639146605,25,20,20
24,1255,0.4742360411917679,0.039951747903960284,0.2856326296469857,0.20017958125728563,25,20,20
24,1256,0.47423825979854073,0.03875195349311127,0.28683020546529997,0.20017958124304797,25,20,20
24,1257,0.4742387624263084,0.0387519534983971,0.2868297011933272,0.20017958288196752,25,20,20
24,1258,0.4801167206313222,0.0387519533681278,0.2809517588967267,0.20017956710382265,25,20,20
24,1259,0.49426271022475843,0.03875194946433176,0.2668057726609305,0.20017956764997816,25,20,20
24,1260,0.477343084804845,0.0387519442580259,0.2837254275918705,0.20017954334525792,25,20,20
24,1261,0.45138731159818574,0.03906345575413042,0.3078401704334933,0.20170906221419,25,20,20
24,1262,0.45138451658688106,0.03906345575414965,0.30784487162957624,0.20170715602939254,25,20,20
24,1263,0.4514158166087507,0.03904737852186117,0.3053431553693613,0.20419364950002625,25,20,20
24,1264,0.4514239942929334,0.03981378525585762,0.30456857093209777,0.20419364951911048,25,20,20
24,1265,0.42340858850559604,0.03981378777572762,0.33258338113458963,0.20419424258408791,25,20,20
24,1266,0.38924262047240243,0.03981378780456944,0.36674912303038837,0.20419446869264055,25,20,20
24,1267,0.385555948249179,0.0398137876393745,0.3704357930286609,0.2041944710827867,25,20,20
24,1268,0.3719147195004738,0.03950227613466442,0.3859109899077513,0.20267201445711133,25,20,20
24,1269,0.3935617960464046,0.03950229103648618,0.3642641212237238,0.202671791693386,25,20,20
24,1270,0.3857917761217373,0.039502295355877536,0.3720340985111052,0.2026718300112805,25,20,20
24,1271,0.3936317397935476,0.03950330720166782,0.36419294001527874,0.20267201298950674,25,20,20
24,1272,0.39363182102889477,0.03950330720168047,0.3641915490465212,0.20267332272290411,25,20,20
24,1273,0.3832207071050408,0.03950454571698606,0.37460190056011006,0.20267284661786383,25,20,20
24,1274,0.39335786463538375,0.03950453188357062,0.36446475651889343,0.20267284696215299,25,20,20
24,1275,0.3855076731389305,0.03950352091373509,0.37231614184162143,0.20267266410571388,25,20,20
24,1276,0.3859801031922163,0.03950352055431808,0.3720095813426048,0.20250679491086168,25,20,20
24,1277,0.3883334365349577,0.03950351945767313,0.36965624280759274,0.2025068011997773,25,20,20
24,1278,0.38733124567023275,0.03950353736016652,0.3706580800248399,0.2025071369447617,25,20,20
24,1279,0.3862752089063162,0.03950229632898339,0.3717154115619362,0.202507083202765,25,20,20
24,1280,0.38627374478731086,0.07776108247785367,0.33345808924298426,0.20250708349185306,25,20,20
24,1281,0.3862708172589947,0.07776108247787143,0.3335503926745075,0.20241770758862868,25,20,20
24,1282,0.3862698365595671,0.07776108247783188,0.3339233114048001,0.20204576955780343,25,20,20
24,1283,0.3858452822942756,0.07776110104706058,0.33434565078650025,0.20204796587216575,25,20,20
24,1284,0.3972152260100848,0.0777611056324114,0.32297724310052806,0.20204642525697802,25,20,20
24,1285,0.396717974601919,0.07776110563766735,0.323474557508082,0.20204636225233424,25,20,20
24,1286,0.3969052239963753,0.07776108706483631,0.3232895235590241,0.20204416537976694,25,20,20
24,1287,0.3930015891848742,0.0777610899910479,0.3271917908588085,0.20204552996527195,25,20,20
24,1288,0.3930362233232071,0.07776108998208868,0.32715715690716046,0.20204552978754495,25,20,20
24,1289,0.39403438801752605,0.07776107214251927,0.32615933939662384,0.2020452004433319,25,20,20
24,1290,0.39402607138516244,0.07776107223659944,0.32616763247812824,0.2020452239001111,25,20,20
24,1291,0.3979495041896823,0.07776106931611051,0.32224556809601024,0.20204385839819816,25,20,20
24,1292,0.39794657425347846,0.07776106931613824,0.32224553522865146,0.20204682120173265,25,20,20
24,1293,0.3979464523614715,0.07776106931613701,0.3222454524744017,0.2020470258479905,25,20,20
24,1294,0.397946503493025,0.07776106931614098,0.3218724168646229,0.2024200103262117,25,20,20
24,1295,0.40162801622202693,0.07776107187551833,0.31819172953038855,0.2024191823720673,25,20,20
24,1296,0.40163110726330176,0.07776107186540093,0.31818863601461655,0.202419184856682,25,20,20
24,1297,0.4013049512086452,0.07776107194517473,0.31851477660744854,0.20241920023873283,25,20,20
24,1298,0.40130495240168457,0.07776107194517495,0.3184224720174365,0.20251150363570558,25,20,20
24,1299,0.4014285551684927,0.07776107189239463,0.3182988516281806,0.2025115213109337,25,20,20
24,1300,0.4014314811091251,0.07776107189237705,0.31830126667180125,0.20250618032669818,25,20,20
24,1301,0.4283685239682729,0.07775942277691836,0.29136587253381885,0.20250618072099008,25,20,20
24,1302,0.42836858077308926,0.07775942277690967,0.2913650768855452,0.20250691956445618,25,20,20
24,1303,0.4283707136690679,0.07775942277694778,0.29173640877463414,0.20213345477935044,25,20,20
24,1304,0.3922122709275986,0.07775947167272054,0.3278919526617575,0.20213630473792335,25,20,20
24,1305,0.39221915794291573,0.077759471672755,0.3278918080774592,0.2021295623068702,25,20,20
24,1306,0.4269337237094167,0.07775942361490296,0.29318015413267173,0.20212669854300885,25,20,20
24,1307,0.4269223453256372,0.07824678992208808,0.29270416653546766,0.2021266982168072,25,20,20
24,1308,0.4269183952391458,0.0782468282700523,0.2987736063773434,0.19606117011345878,25,20,20
24,1309,0.4345681647730642,0.07824682395578178,0.29112387892817226,0.1960611323429818,25,20,20
24,1310,0.43456804220308703,0.07824682395576386,0.2911304803348328,0.19605465350631626,25,20,20
24,1311,0.4345086466256972,0.07824682399080492,0.29365686607840574,0.19358766330509258,25,20,20
24,1312,0.4337858410922223,0.07824682119190296,0.29426650654602216,0.19370083116985357,25,20,20
24,1313,0.42183915222968854,0.07824682135599707,0.30621319490575916,0.1937008315085561,25,20,20
24,1314,0.4230146243122044,0.07824682135799194,0.30503772493912684,0.19370082939067843,25,20,20
24,1315,0.42301067367578715,0.07824682136616437,0.30504167095758833,0.19370083400046137,25,20,20
24,1316,0.38902893126854565,0.07824682166556514,0.3390238675772881,0.19370037948860117,25,20,20
24,1317,0.3890318745495358,0.07873541850544884,0.33853232775707476,0.19370037918794014,25,20,20
24,1318,0.4229396560517681,0.07873541858358622,0.30462455006285444,0.19370037530179218,25,20,20
24,1319,0.43491202513097194,0.07873541839537473,0.29265218198647486,0.19370037448717922,25,20,20
24,1320,0.4350495779711767,0.07873541845537181,0.29251462833632985,0.1937003752371222,25,20,20
24,1321,0.43520119352918357,0.07873541807048907,0.292363014626205,0.19370037377412294,25,20,20
24,1322,0.4415278388217683,0.0787442815080341,0.28603299459127923,0.19369488507891913,25,20,20
24,1323,0.4416738309644939,0.07874428145916584,0.2858869993851226,0.19369488819121825,25,20,20
24,1324,0.4418716957717384,0.07874437574242844,0.28568859383271994,0.19369533465311325,25,20,20
24,1325,0.4418784669889029,0.07874437574245319,0.2856838990069872,0.193693258261656,25,20,20
24,1326,0.4418785462895267,0.07995977414871537,0.28446842130248606,0.19369325825927114,25,20,20
24,1327,0.442897845837033,0.07995977039951445,0.2835628878961049,0.19357949586734682,25,20,20
24,1328,0.44289487848114767,0.07995973205150214,0.2778663659280203,0.1992790235393295,25,20,20
24,1329,0.4431289659708924,0.0792852529113363,0.27830675728459897,0.1992790238331719,25,20,20
24,1330,0.44300992678004464,0.0792852529350194,0.2784257983801896,0.19927902190474633,25,20,20
24,1331,0.44313929422057086,0.07928525320278101,0.27829636603942604,0.19927908653722207,25,20,20
24,1332,0.43959823472112036,0.07928527781790785,0.2818372511270949,0.1992792363338769,25,20,20
24,1333,0.4413292779475644,0.07928527921628493,0.2801062334476479,0.19927920938850288,25,20,20
24,1334,0.4413322172762204,0.07928527921628009,0.2797332302252762,0.19964927328222334,25,20,20
24,1335,0.4413352293999165,0.07928527921630721,0.2797267091774886,0.1996527822062878,25,20,20
24,1336,0.44133527842294795,0.07930670566982351,0.2797052337009548,0.19965278220627375,25,20,20
24,1337,0.4413332647758834,0.07930670566984978,0.2797052366962266,0.19965479285804033,25,20,20
24,1338,0.4414533315614449,0.07930670567460904,0.27958516982501097,0.19965479293893612,25,20,20
24,1339,0.4415783331316143,0.07930670566524971,0.2794601693913391,0.1996547918117981,25,20,20
24,1340,0.44302705696461103,0.0793067048314264,0.2780114483432459,0.1996547898607174,25,20,20
24,1341,0.44356490574721713,0.07930670397275548,0.277473368786077,0.19965502149395087,25,20,20
24,1342,0.43366580968602925,0.07930674807016226,0.28736195137371473,0.19966549087009303,25,20,20
24,1343,0.44094822945699724,0.0793067004301959,0.2800923844651158,0.1996526856476904,25,20,20
24,1344,0.41894525667225047,0.07930671685281411,0.30209533400850663,0.1996526924664277,25,20,20
24,1345,0.41887856420618097,0.07930707124728628,0.3021615347731681,0.1996528297733654,25,20,20
24,1346,0.41887861805519955,0.0793070712472783,0.30216153320489025,0.19965277749263266,25,20,20
24,1347,0.4189441764318398,0.07930697698076777,0.30209651818397576,0.19965232840341635,25,20,20
24,1348,0.4190082758413795,0.07930697698601015,0.30209844173955097,0.19958630543305872,25,20,20
24,1349,0.41894556602808813,0.07930697692438629,0.3021610645352944,0.19958639251223112,25,20,20
24,1350,0.418962005933299,0.0793066225299509,0.30214469410602385,0.19958667743072644,25,20,20
24,1351,0.4180570636771737,0.0793066235343646,0.3030417900619988,0.1995945227264624,25,20,20
24,1352,0.3995462365525868,0.07930662477610989,0.3215525803804913,0.19959455829080772,25,20,20
24,1353,0.40081553556262856,0.07930817672986415,0.3202817220119036,0.1995945656955986,25,20,20
24,1354,0.41384996455858947,0.0793081720588402,0.30724729751510654,0.19959456586746196,25,20,20
24,1355,0.4136013646507798,0.0793081721064801,0.30749587934310246,0.19959458389963597,25,20,20
24,1356,0.4136013299100733,0.07930817210647269,0.307496309006469,0.19959418897698314,25,20,20
24,1357,0.41877336682986455,0.07930858518026414,0.30232384419871894,0.19959420379115095,25,20,20
24,1358,0.414627247040046,0.07930879180300718,0.3064114515209112,0.19965250963603462,25,20,20
24,1359,0.4144287142575246,0.07930879180619244,0.3066099842926897,0.1996525096435931,25,20,20
24,1360,0.39157065598006424,0.07931676875743184,0.32945677546292296,0.19965579979958176,25,20,20
24,1361,0.3917711279936381,0.07931676775574745,0.3292641500271335,0.1996479542234818,25,20,20
24,1362,0.3914839368041636,0.0793167676886985,0.32955158303528653,0.19964771247185262,25,20,20
24,1363,0.39324164803976047,0.07931653644770353,0.32785255860859963,0.1995892569039378,25,20,20
24,1364,0.3932406517280448,0.07931653644765124,0.3278524763844109,0.1995903354398944,25,20,20
24,1365,0.3723201201273686,0.07931653648633455,0.34877300595525057,0.19959033743104698,25,20,20
24,1366,0.37230679479335405,0.0793165366893987,0.348786315079788,0.1995903534374598,25,20,20
24,1367,0.3621854764778989,0.07931612360313445,0.358908063170091,0.19959033674887514,25,20,20
24,1368,0.32278971549651686,0.07931615793658127,0.39830364403875956,0.19959048252814007,25,20,20
24,1369,0.3389934411241757,0.07931615795633294,0.38209885745870376,0.19959154346078567,25,20,20
24,1370,0.3104183712748125,0.07931615796563621,0.4106738702876243,0.1995916004719252,25,20,20
24,1371,0.30978732443188084,0.0793161595678868,0.4113049323147323,0.19959158368549804,25,20,20
24,1372,0.30977419497450753,0.07931616106524887,0.4113172391079478,0.19959240485229388,25,20,20
24,1373,0.3106711704277052,0.07931616095383494,0.41051676390122827,0.1994959047172297,25,20,20
24,1374,0.3126521355117155,0.07931615954985798,0.40853580001123513,0.19949590492718935,25,20,20
24,1375,0.3289567476004506,0.07932375096113314,0.3922229201508718,0.19949658128754236,25,20,20
24,1376,0.33249759136137624,0.07932376283553912,0.388682759191721,0.1994958866113615,25,20,20
24,1377,0.3324977672597436,0.07932376283558301,0.3886823322214788,0.19949613768319158,25,20,20
24,1378,0.30794947112818355,0.079323763065828,0.413228054105825,0.19949871170016029,25,20,20
24,1379,0.30867368134980194,0.07932376145834229,0.41250390753832034,0.19949864965353256,25,20,20
24,1380,0.3086716134621091,0.07932376145862972,0.4126333945403302,0.19937123053892933,25,20,20
24,1381,0.2982896435540728,0.07932378478634035,0.4230153008028767,0.1993712708567083,25,20,20
24,1382,0.29828946698359293,0.07932378478629616,0.42301529855884035,0.19937144967126874,25,20,20
24,1383,0.28695314311033754,0.0793237740943688,0.43435175060233505,0.19937133219295755,25,20,20
24,1384,0.25060767672004647,0.07932377411410112,0.470697225795902,0.19937132336994728,25,20,20
24,1385,0.25060754471475305,0.07932377413223674,0.4706974416957038,0.19937123945730398,25,20,20
24,1386,0.2472073954113277,0.07932377882680347,0.4740270789636285,0.19944174679823848,25,20,20
24,1387,0.24713938867286012,0.07932377882152954,0.4740267729334823,0.19951005957212636,25,20,20
24,1388,0.24713634066369214,0.07932377882150884,0.47402526617918317,0.1995146143356141,25,20,20
24,1389,0.2469151445438822,0.07932377410646034,0.4743169492776197,0.19944413207203596,25,20,20
24,1390,0.24692127178211185,0.07932377410679856,0.47469081616020736,0.19906413795088038,25,20,20
24,1391,0.2565572488790696,0.0793158086879864,0.4650661766736286,0.19906076575931542,25,20,20
24,1392,0.25655626785915714,0.07931580868769882,0.46493677420462093,0.1991911492485235,25,20,20
24,1393,0.2570827080820241,0.07931581594508813,0.4641969616461721,0.19940451432671552,25,20,20
24,1394,0.2610947303054399,0.07931580145980816,0.460184955845656,0.1994045123890938,25,20,20
24,1395,0.26109574801701024,0.07931580145987491,0.4601915184006177,0.1993969321224949,25,20,20
24,1396,0.24130996191778287,0.07931581310310194,0.4439084878350347,0.23546573714407817,25,20,20
24,1397,0.2413129420600599,0.07931581310311094,0.44390848654674586,0.2354627582900809,25,20,20
24,1398,0.24136639082703581,0.07931581329059002,0.44385503314893376,0.23546276273343922,25,20,20
24,1399,0.2396805986152345,0.07931580034117149,0.44162256399994426,0.23938103704364855,25,20,20
24,1400,0.2394811819834423,0.07931580034083324,0.4418100678610341,0.23939294981468673,25,20,20
24,1401,0.2516911806669647,0.07933487413250603,0.42979445408595984,0.2391794911145658,25,20,20
24,1402,0.2516881240926791,0.07931684611539051,0.42981553867738254,0.23917949111454648,25,20,20
24,1403,0.27080063785661573,0.07931681902588006,0.410703179902916,0.2391793632145886,25,20,20
24,1404,0.2576071123197534,0.07929773797870882,0.4239158176004401,0.23917933210109762,25,20,20
24,1405,0.25760711230470634,0.07928657454338019,0.4239269809339444,0.23917933221796897,25,20,20
24,1406,0.2573730771438506,0.07992968774151248,0.4235179031307224,0.2391793319839134,25,20,20
24,1407,0.2573753910231887,0.07992968774209203,0.4235210445702371,0.2391738766644815,25,20,20
24,1408,0.257946299114445,0.07992968867837208,0.4229499124612021,0.23917409974597983,25,20,20
24,1409,0.2577982662493333,0.07992969302827359,0.4230979247354568,0.23917411598693533,25,20,20
24,1410,0.2706136151959345,0.07992968125279291,0.41028258619776714,0.2391741173535028,25,20,20
24,1411,0.2354476016059579,0.07993114031353056,0.44544713766206356,0.2391741204184455,25,20,20
24,1412,0.23545066921526364,0.07993114031352261,0.4457117446741097,0.23890644579710213,25,20,20
24,1413,0.24841996809778027,0.07993113763625687,0.43274245741897155,0.23890643684698934,25,20,20
24,1414,0.24715897461299874,0.0799295856883871,0.4340050149399194,0.23890642475869353,25,20,20
24,1415,0.2470308056986475,0.07992958567974458,0.4341331708843617,0.238906437737245,25,20,20
24,1416,0.2673106162251109,0.079929578517713,0.4138533429546372,0.23890646230253676,25,20,20
24,1417,0.26730233568175327,0.07992957895789157,0.4134787814714639,0.23928930388888925,25,20,20
24,1418,0.2677918985309114,0.07992957889403947,0.41298922118790626,0.23928930138714097,25,20,20
24,1419,0.2678018761628944,0.0799295788762385,0.4126178886535275,0.23965065630733787,25,20,20
24,1420,0.267291871018534,0.07992957977212437,0.4131278933118285,0.23965065589751172,25,20,20
24,1421,0.26729488125883827,0.07992957977214143,0.41312789551722523,0.23964764345179573,25,20,20
24,1422,0.2669586650003351,0.07992957883873156,0.4134643432903736,0.23964741287056113,25,20,20
24,1423,0.26696171497001386,0.04035586344640354,0.4530350088299804,0.23964741275360435,25,20,20
24,1424,0.2669595776136369,0.040355863446967434,0.4534078966570852,0.23927666228231245,25,20,20
24,1425,0.26695846218751806,0.03999504990539759,0.45376982560332846,0.23927666230375738,25,20,20
24,1426,0.2926254085994012,0.03999507206982402,0.4281028037555764,0.2392767155751999,25,20,20
24,1427,0.3066824505003366,0.03999504994394366,0.4140458368377523,0.23927666271796888,25,20,20
24,1428,0.3079494470708103,0.0399950491131381,0.41277792047533973,0.23927758334071317,25,20,20
24,1429,0.3079566890825606,0.03876415778077933,0.41400156983889114,0.2392775832977712,25,20,20
24,1430,0.306956576378629,0.03876413424177328,0.4150018112939264,0.2392774780856743,25,20,20
24,1431,0.3104224802773646,0.038764134244108024,0.4115359148895197,0.2392774705890098,25,20,20
24,1432,0.3331807127626059,0.038764152928125566,0.38878027498958134,0.23927485931969023,25,20,20
24,1433,0.29697299141013833,0.038764173624830436,0.4249878480993993,0.239274986865635,25,20,20
24,1434,0.3298901874023136,0.038762743743646876,0.39206334342375526,0.23928372543028742,25,20,20
24,1435,0.3298751562876315,0.03876274374327386,0.39206162265948763,0.23930047730961004,25,20,20
24,1436,0.32942361313772717,0.03876274407228817,0.39251321535379086,0.2393004274361969,25,20,20
24,1437,0.34535808100781606,0.03876274181627923,0.3765787469725441,0.23930043020336317,25,20,20
24,1438,0.37565390610190846,0.03876272107896714,0.3462830711292074,0.23930030168991917,25,20,20
24,1439,0.3732709185186937,0.038762743638818736,0.34831981970672493,0.239646518135765,25,20,20
24,1440,0.37326786755316976,0.03876274363796498,0.3479503812383819,0.2400190075704855,25,20,20
24,1441,0.37327485250978787,0.03876274363800887,0.3479503089567288,0.2400120948954763,25,20,20
24,1442,0.37327395766864646,0.03876274363797756,0.3479437792529804,0.2400195194403979,25,20,20
24,1443,0.36557637932647596,0.03876302542087245,0.3555562562184732,0.24010433903418046,25,20,20
24,1444,0.36494926271930156,0.03876304613481071,0.3561832547589986,0.24010443638689133,25,20,20
24,1445,0.36545495720950316,0.038763045640039746,0.3556775829811158,0.24010441416934333,25,20,20
24,1446,0.3654697934955854,0.03876304563986038,0.35567326349487305,0.24009389736968317,25,20,20
24,1447,0.36546370196680755,0.038763045639534276,0.3553017603582109,0.240471492035448,25,20,20
24,1448,0.36546363394600484,0.038763045639507936,0.35530168401173545,0.2404716364027525,25,20,20
24,1449,0.36546077796733095,0.03876304563952985,0.35512773442764767,0.24064844196549173,25,20,20
24,1450,0.36457915947461106,0.03876304678471113,0.35600083862767834,0.2406569551129999,25,20,20
24,1451,0.364521053256327,0.038763024229592845,0.35640518426172085,0.24031073825236024,25,20,20
24,1452,0.3520430438421617,0.03876302298911534,0.3688917233508754,0.24030220981784808,25,20,20
24,1453,0.37385423814641705,0.03876302306757264,0.3470815729001353,0.24030116588587544,25,20,20
24,1454,0.3738321858820843,0.03876302306272862,0.3471036251694074,0.24030116588578007,25,20,20
24,1455,0.37383193693699235,0.03997424447436351,0.34589265271480657,0.24030116587383815,25,20,20
24,1456,0.4135256767209801,0.03997424789699469,0.306210353202534,0.24028972217949068,25,20,20
24,1457,0.4223644509294077,0.03997427208126023,0.29774884454398803,0.23991243244534186,25,20,20
24,1458,0.42258872166937445,0.0399742686418739,0.29752504640382865,0.2399119632849209,25,20,20
24,1459,0.4225907820098578,0.039974268642606885,0.30857696112537364,0.22885798822215989,25,20,20
24,1460,0.4262183605666454,0.03995365463642969,0.3049699962831557,0.22885798851376726,25,20,20
24,1461,0.41609222788906264,0.03996538246447398,0.31508514771008433,0.22885724193638118,25,20,20
24,1462,0.41609894815601145,0.03994479496255463,0.3150990149409546,0.2288572419404815,25,20,20
24,1463,0.41609204590705035,0.03994515043677674,0.31510556172024473,0.22885724193593032,25,20,20
24,1464,0.41119172731632603,0.039945151142565576,0.3200114543633992,0.22885166717771133,25,20,20
24,1465,0.4090909491574596,0.03994651840038092,0.3221115077963838,0.22885102464577783,25,20,20
24,1466,0.41276816222356677,0.03993892744089873,0.31843752584779145,0.22885538448774548,25,20,20
24,1467,0.420287223651254,0.03993890500193867,0.31091846649842936,0.22885540484838043,25,20,20
24,1468,0.42028023609987075,0.0005666526475691005,0.3502977064090736,0.2288554048434893,25,20,20
24,1469,0.4198085583062356,0.0005666531437688198,0.35076933646908126,0.22885545208091698,25,20,20
24,1470,0.4221753566694098,0.0005666239886592964,0.3484112839220083,0.2288467354199254,25,20,20
24,1471,0.4221754916649488,1.8226520865805065e-05,0.348959546386744,0.2288467354274444,25,20,20
24,1472,0.42224312143078707,2.2455748460740245e-05,0.34888768710034557,0.22884673572040953,25,20,20
24,1473,0.43159895844173635,2.2155078295930073e-05,0.33961696446994943,0.22876192201002118,25,20,20
24,1474,0.44857920924405215,2.216340634269358e-05,0.3226367019831379,0.22876192536646972,25,20,20
24,1475,0.4480190402992978,2.2470527481677928e-05,0.3231965540780912,0.2287619350951317,25,20,20
24,1476,0.4656393773228398,2.2468561634256062e-05,0.3055762234789333,0.22876193063659478,25,20,20
24,1477,0.46563544128679213,2.2468561590682397e-05,0.3055762977317173,0.2287657924199012,25,20,20
24,1478,0.46611644756216686,2.246856679296081e-05,0.3050952906031867,0.2287657932678547,25,20,20
24,1479,0.46682460706852696,2.2468703893561262e-05,0.30438536356259566,0.22876756066498477,25,20,20
24,1480,0.4720356073405724,2.2468566128764906e-05,0.2991761272724656,0.2287657968208343,25,20,20
24,1481,0.4932261699658758,2.2460397166153144e-05,0.27798557571899213,0.22876579391796703,25,20,20
24,1482,0.4931966056073381,2.0634684065827627e-06,0.27803553724193497,0.22876579368232136,25,20,20
24,1483,0.4605807383171301,2.2705825400564332e-06,0.30377280039205307,0.2356441907082777,25,20,20
24,1484,0.46106318461437223,2.27086728181624e-06,0.30329035111187796,0.23564419340646892,25,20,20
24,1485,0.4901149135626065,2.0637613126884606e-06,0.281117203635688,0.22876581904039398,25,20,20
24,1486,0.49012596550997417,2.0637689807566767e-06,0.2811061604436584,0.22876581027738788,25,20,20
24,1487,0.49033156119978066,2.06378079147459e-06,0.2809005620210506,0.2287658129983784,25,20,20
24,1488,0.490332513996865,2.063780097776214e-06,0.2698489586767725,0.23981646354626585,25,20,20
24,1489,0.5096992814198996,2.7252360871289577e-06,0.2503094071964115,0.23998858614760263,25,20,20
24,1490,0.5454651776724807,2.725268941342755e-06,0.21454351106006198,0.23998858599851508,25,20,20
24,1491,0.545462359453092,2.7252689771455063e-06,0.21454367354289555,0.239991241735035,25,20,20
24,1492,0.5449298640809881,2.7467176441551764e-06,0.21506936481036187,0.23999802439100545,25,20,20
24,1493,0.5783863261526127,2.7467142308977533e-06,0.18161290336648642,0.23999802376667023,25,20,20
24,1494,0.5783863691742471,2.7467142355217557e-06,0.18161938846548178,0.23999149564603567,25,20,20
24,1495,0.570248830248917,2.80512618544584e-06,0.18975138395426078,0.23999698067063854,25,20,20
24,1496,0.570252779925004,2.805126233130866e-06,0.1897447848024847,0.23999963014628,25,20,20
24,1497,0.5935891680087233,2.8049089220802394e-06,0.16640793993922745,0.24000008714312884,25,20,20
24,1498,0.5833757759612149,2.8116284327826454e-06,0.17422395864344525,0.24239745376690916,25,20,20
24,1499,0.5839289197820975,2.7967783095428707e-06,0.1736775794045439,0.2423907040350512,25,20,20
24,1500,0.6041843861791321,2.13531054824798e-06,0.15359489984749689,0.24221857866282323,25,20,20
24,1501,0.6032046553968082,7.688745956086315e-07,0.15454558546859778,0.24224899025999894,25,20,20
24,1502,0.6167417153520434,4.618831661817429e-07,0.14100872987682758,0.24224909288796337,25,20,20
24,1503,0.6162567738812955,4.6189175363598947e-07,0.14149367278138378,0.24224909144556747,25,20,20
24,1504,0.6079585930711999,4.6083006972912217e-07,0.14979083878296146,0.24225010731576935,25,20,20
24,1505,0.6082663833279264,4.609429421219348e-07,0.14948301862557536,0.24225013710355664,25,20,20
24,1506,0.596826447764592,4.691605066720934e-07,0.16092296803918896,0.24225011503571434,25,20,20
24,1507,0.5968898145473758,4.730922073864192e-07,0.16085952934349138,0.2422501830169275,25,20,20
24,1508,0.5786166811720147,4.7324221346204726e-07,0.1791326410072006,0.24225020457857283,25,20,20
24,1509,0.578612635292328,4.7324217351527276e-07,0.1791328344869337,0.24225405697856617,25,20,20
24,1510,0.5744959131311141,4.732448998413536e-07,0.18324954904859503,0.24225406457539225,25,20,20
24,1511,0.5744951606878687,4.7324500038539364e-07,0.1832540627684298,0.24225030329870254,25,20,20
24,1512,0.5355842816458091,4.738187270713556e-07,0.22216493905378867,0.24225030548167734,25,20,20
24,1513,0.5337317238653103,4.7391417259131373e-07,0.22401750404354404,0.24225029817697494,25,20,20
24,1514,0.5442331339137343,4.653181540459428e-07,0.2159139455074655,0.23985245526064805,25,20,20
24,1515,0.5439358805483173,4.6557284895503194e-07,0.21621124550172266,0.23985240837711289,25,20,20
24,1516,0.5439358471431642,4.65572822608199e-07,0.21621768400761238,0.23984600327640226,25,20,20
24,1517,0.5332915796484371,4.6905716177580596e-07,0.22686195586061153,0.23984599543379118,25,20,20
24,1518,0.5460660111343967,5.326782727913108e-07,0.2140873067251417,0.23984614946219257,25,20,20
24,1519,0.5481089568980057,5.272949496648352e-07,0.21204541444154365,0.23984510136550496,25,20,20
24,1520,0.5664774675074461,5.271527456726377e-07,0.1936758123684261,0.2398461929713843,25,20,20
24,1521,0.5495416705206065,5.272349178089197e-07,0.21061269755944712,0.23984510468503234,25,20,20
24,1522,0.5495576887510927,1.918625692709121e-07,0.21059701470129266,0.23984510468504758,25,20,20
24,1523,0.5495546925945203,1.9186278064097582e-07,0.21059917994162305,0.23984593560107811,25,20,20
24,1524,0.5505329067017773,1.9165447244571577e-07,0.2096209857334701,0.23984591591028226,25,20,20
24,1525,0.5505328897167964,1.9165421760943128e-07,0.20974563744034336,0.23972128118864486,25,20,20
24,1526,0.5505329681368853,1.9165423573863773e-07,0.2096208471646296,0.2398459930442514,25,20,20
24,1527,0.5462190831347669,1.9785845661052143e-07,0.21387691909266157,0.23990379991411703,25,20,20
24,1528,0.5481745228400221,1.9759055598075008e-07,0.21173691343365675,0.24008836613576767,25,20,20
24,1529,0.553101755525116,1.984373082449826e-07,0.2068658807996538,0.24003216523792456,25,20,20
24,1530,0.5519218922129986,2.0721931836252945e-07,0.20823030073807916,0.23984759982960635,25,20,20
24,1531,0.5274351938311207,0.00011316067073689136,0.23259905793164648,0.23985258756649988,25,20,20
24,1532,0.5274420758949817,0.00011316067074456362,0.23259259862661583,0.23985216480766114,25,20,20
24,1533,0.5427578364593877,0.00011316293348904987,0.217276420453744,0.23985258015338162,25,20,20
24,1534,0.5427556642491959,0.00011316293367284329,0.2174011806295824,0.23972999218755134,25,20,20
24,1535,0.5427554701114198,0.00011316293366821647,0.21730901075310485,0.23982235620180842,25,20,20
24,1536,0.5503747007674376,0.00011309972103054852,0.2096899968925757,0.23982220261895734,25,20,20
24,1537,0.5503751850639588,0.0001130996929527602,0.2096895279719718,0.23982218727111732,25,20,20
24,1538,0.5503553102573132,0.00011445063383966935,0.20970805233789327,0.23982218677095576,25,20,20
24,1539,0.5503562223499384,0.00011445063387003593,0.2097081347049063,0.23982119231128687,25,20,20
24,1540,0.5509983503956782,0.00011445041743809592,0.20906612137198735,0.23982107781489823,25,20,20
24,1541,0.5509983503978797,0.00011445041743809825,0.20906609469180823,0.23982110449287575,25,20,20
24,1542,0.5610585143188243,0.00011444330850109152,0.19900075915125887,0.23982628322141775,25,20,20
24,1543,0.5245948374316484,0.0001144454698225069,0.23546024308213198,0.23983047401639865,25,20,20
24,1544,0.5305571683905906,0.00011444558310513219,0.22949791169330758,0.23983047433299798,25,20,20
24,1545,0.5305590347586291,0.00011444558318153633,0.22950211122601105,0.23982440843217998,25,20,20
24,1546,0.5282654888910383,0.0001145259894317205,0.23177335936858312,0.23984662575094856,25,20,20
24,1547,0.5291448646993786,0.00011316395110251528,0.2308951535167936,0.23984681783272777,25,20,20
24,1548,0.5306732217013814,0.00011315674464350369,0.22936840989513485,0.23984521165884165,25,20,20
24,1549,0.5234785714784793,3.677448796131139e-07,0.2366830963749481,0.23983796440169478,25,20,20
24,1550,0.5234808683866041,3.6774486423282707e-07,0.23668309617003053,0.23983566769850337,25,20,20
24,1551,0.5234819367433176,3.6774478762083887e-07,0.23667580979280556,0.23984188571909112,25,20,20
24,1552,0.5108618202312004,4.0196379118805685e-07,0.24930090387187814,0.23983687393313174,25,20,20
24,1553,0.5064410629954411,4.012115185458268e-07,0.25372166252258155,0.23983687327045955,25,20,20
24,1554,0.5196857919942878,4.012480637945956e-07,0.24047711249011075,0.2398366942675397,25,20,20
24,1555,0.4911126998591546,1.0239822512482943e-06,0.26907971801107206,0.23980655814752358,25,20,20
24,1556,0.48225425980020503,1.0126251565478269e-06,0.27793858883829076,0.23980613873634943,25,20,20
24,1557,0.478916970187903,1.2816654297272345e-06,0.27925194309440227,0.2418298050522663,25,20,20
24,1558,0.476011757057714,1.2944845135871324e-06,0.28207506878647537,0.24191187967129837,25,20,20
24,1559,0.47637495051243645,1.2680764815399366e-06,0.281497337604204,0.24212644380688048,25,20,20
24,1560,0.4794106795146185,1.2681077264500225e-06,0.2784616082765994,0.24212644410105746,25,20,20
24,1561,0.5050617315036514,6.444896913241759e-07,0.2528117328048936,0.24212589120176428,25,20,20
24,1562,0.5014302321347518,6.26517340202374e-07,0.2564433299231268,0.2421258114247815,25,20,20
24,1563,0.503233956212493,5.478438877190673e-07,0.25466187709709204,0.24210361884652742,25,20,20
24,1564,0.5148581764929498,3.5545095366567287e-06,0.24303194670772846,0.24210632228978518,25,20,20
24,1565,0.4859927149526353,3.6850470569795893e-06,0.27188616173796853,0.24211743826234042,25,20,20
24,1566,0.4495642109647056,3.6850439686821543e-06,0.30831466625434684,0.2421174377369814,25,20,20
24,1567,0.44956417291525935,3.685044286333781e-06,0.30832350724484614,0.2421086347956101,25,20,20
24,1568,0.487665261621303,3.685109106257446e-06,0.2704369673690555,0.24189408590053627,25,20,20
24,1569,0.5176540418027912,3.71340419726965e-06,0.2404480945796593,0.24189415021335237,25,20,20
24,1570,0.522612392939347,3.713130716468618e-06,0.22846920772982476,0.24891468620011217,25,20,20
24,1571,0.5226083460953661,3.713130689960469e-06,0.22846909000407506,0.2489188507698692,25,20,20
24,1572,0.5475266407729077,3.713147202398917e-06,0.2035507852984008,0.24891886078148923,25,20,20
24,1573,0.5492973952687799,4.1718515635810735e-06,0.20177933827673947,0.24891909460291678,25,20,20
24,1574,0.5391161393482266,4.041305265521373e-06,0.21126315176011004,0.24961666758639833,25,20,20
24,1575,0.5773517035092924,4.039935062045345e-06,0.1737363021887342,0.24890795436691054,25,20,20
24,1576,0.5396697308435047,4.085889971178715e-06,0.21141822878212196,0.2489079544844025,25,20,20
24,1577,0.5323100980770732,3.920955755780196e-06,0.21878080569219535,0.2489051752749754,25,20,20
24,1578,0.5300177591699375,3.8756961730579426e-06,0.22107318955902872,0.2489051755748605,25,20,20
24,1579,0.5354012677754505,4.0706261417932695e-06,0.21568849172781904,0.24890616987058803,25,20,20
24,1580,0.5354011976006025,4.070625844841744e-06,0.21555910426210886,0.2490356275114438,25,20,20
24,1581,0.5353994194067552,4.0706472878890015e-06,0.21556088287152012,0.24903562707443672,25,20,20
24,1582,0.49969958514175233,4.830897286285043e-06,0.25125633050990437,0.24903925345105699,25,20,20
24,1583,0.4998650896786352,5.252594429641826e-06,0.2531182611008775,0.24701139662605828,25,20,20
24,1584,0.46129060699853364,5.999669036626377e-06,0.29169201749917567,0.24701137583325444,25,20,20
24,1585,0.46128766347579,5.999669028185981e-06,0.2916904038733814,0.2470159329817998,25,20,20
24,1586,0.4620590536337465,5.99932883003313e-06,0.2909242543165664,0.24701069272085635,25,20,20
24,1587,0.46193552630637863,6.006201645199317e-06,0.2910477727935142,0.2470106946984611,25,20,20
24,1588,0.46193850547632226,6.006201326882077e-06,0.2910388910695114,0.24701659725283853,25,20,20
24,1589,0.43592512763779057,5.999298068836317e-06,0.31705227795424,0.24701659510989937,25,20,20
24,1590,0.4359241280217635,5.999298159058896e-06,0.317058887852435,0.24701098482764128,25,20,20
24,1591,0.4391830140868583,5.999323571299766e-06,0.31380001956262377,0.2470109670269456,25,20,20
24,1592,0.4391860611403646,5.9993235757492345e-06,0.3140661745105514,0.24674176502550718,25,20,20
24,1593,0.4576332870949961,6.012167529667879e-06,0.29561108021299143,0.24674962052448202,25,20,20
24,1594,0.45787323429993454,6.012171711673218e-06,0.2956198987050423,0.24650085482331124,25,20,20
24,1595,0.4578702734052433,6.012171740950796e-06,0.29535836522703185,0.24676534919598364,25,20,20
24,1596,0.4792849429269891,5.267866999202641e-06,0.2739436626335564,0.246766126572455,25,20,20
24,1597,0.4466724144158692,1.1397738755239753e-05,0.3065500530312784,0.24676613481409762,25,20,20
24,1598,0.4610649251353572,1.1397743348503067e-05,0.2991780783354828,0.23974559878581186,25,20,20
24,1599,0.46106392724389444,1.1397743311158988e-05,0.29917152474567005,0.2397531502671244,25,20,20
24,1600,0.4507791412821398,1.1423814234090717e-05,0.30944921759885274,0.23976021730477245,25,20,20
24,1601,0.4509639104357571,1.1229475162252295e-05,0.309265627954653,0.23975923213442676,25,20,20
24,1602,0.45094900333780535,1.1229475051227932e-05,0.30926324066729644,0.2397765265198462,25,20,20
24,1603,0.4561944759397239,8.413746528720437e-06,0.3040233424380553,0.23977376787569138,25,20,20
24,1604,0.45885385366243164,0.0008159348750575278,0.3004888935793835,0.23984131788312854,25,20,20
24,1605,0.45885385395029127,0.00081593487506613,0.3004889728696034,0.2398412383050403,25,20,20
24,1606,0.4586136776676165,0.0008159348708512316,0.3004799541133866,0.24009043334814678,25,20,20
24,1607,0.46329448530661643,0.0008159348349566876,0.2957991468364819,0.240090433021946,25,20,20
24,1608,0.4637613381766129,0.0008159348371512503,0.29579956674244806,0.23962316024378869,25,20,20
24,1609,0.4634413167242721,0.0008510938386072231,0.296078992794409,0.2396285966427121,25,20,20
24,1610,0.4634422106323304,0.0008510938386173123,0.2960742927610426,0.2396324027680107,25,20,20
24,1611,0.4634421437867349,0.0008510938386035247,0.2962036951662221,0.23950306720844036,25,20,20
24,1612,0.4598915123337528,0.0008510677670420002,0.2997614174141734,0.2394960024850324,25,20,20
24,1613,0.4598885690128132,0.0008510677670461425,0.2997616138772564,0.23949874934288493,25,20,20
24,1614,0.459888586203505,0.000851067767304536,0.300136633402999,0.2391237126261922,25,20,20
24,1615,0.4274232278936702,0.0008173463173586643,0.332641138345381,0.23911828744359118,25,20,20
24,1616,0.42695651509619564,0.0008173463151954457,0.3372982598068461,0.23492787878176294,25,20,20
24,1617,0.42702624183442484,0.0008173463173461222,0.3326511033252261,0.23950530852300417,25,20,20
24,1618,0.4270395855571205,0.0008173463171715623,0.3322776418418992,0.23986542628380994,25,20,20
24,1619,0.46479594418490777,0.0008159087743272536,0.2945227315848687,0.2398654154558977,25,20,20
24,1620,0.4828770026686369,0.0008159059424493803,0.27644245530019185,0.23986463608872327,25,20,20
24,1621,0.4828790168980149,0.0008159059426584719,0.27644728410009284,0.2398577930592351,25,20,20
24,1622,0.48264722480743416,0.0008152193875484868,0.2766797630340193,0.2398577927709978,25,20,20
24,1623,0.48286976948175636,0.0008152193555921116,0.2764572228393907,0.23985778832326066,25,20,20
24,1624,0.48285935188928564,0.0008152193555041384,0.27645558254138186,0.23986984621382837,25,20,20
24,1625,0.48286844518620387,0.0008152193542145035,0.2764464892431259,0.23986984621645568,25,20,20
24,1626,0.48286643008822994,0.0008152193539961893,0.27644166027097067,0.23987669028680306,25,20,20
24,1627,0.48511106884965116,0.0008148345279102004,0.27419729680864113,0.2398767998137972,25,20,20
24,1628,0.5012512398565143,0.0008148207914020671,0.2580649945304156,0.2398689448216672,25,20,20
24,1629,0.5007338221871054,0.0008148216583983986,0.2585824142313939,0.2398689419231016,25,20,20
24,1630,0.49948639906218745,0.0008643375239489538,0.25977978654237305,0.23986947687149057,25,20,20
24,1631,0.4994884834874901,0.0008643375239320351,0.25977989816236396,0.239867280826214,25,20,20
24,1632,0.5054254992441737,0.0008643382531869478,0.22070153091379072,0.273008631588849,25,20,20
24,1633,0.499495154963322,0.0008643375237910935,0.22019650669596774,0.27944400081691956,25,20,20
24,1634,0.4968458000721704,5.684237358037552e-05,0.22207806826280443,0.28101928929144554,25,20,20
24,1635,0.4967759342694237,5.6842371398443055e-05,0.2220678257779473,0.2810993975812311,25,20,20
24,1636,0.4924744246942636,5.684426963747223e-05,0.2263687043123287,0.2811000267237711,25,20,20
24,1637,0.49508313341147164,5.683867768217553e-05,0.22384206728221248,0.28101796062863427,25,20,20
24,1638,0.4714145084929949,5.7400194932854065e-05,0.24315238136748796,0.2853757099445848,25,20,20
24,1639,0.47680218905815414,5.740019569912705e-05,0.23776470112391515,0.285375709622232,25,20,20
24,1640,0.47664324821355875,5.740019409103125e-05,0.23792364237751015,0.2853757092148403,25,20,20
24,1641,0.47664030865419427,5.7400194090917315e-05,0.23792515086455032,0.28537714028716427,25,20,20
24,1642,0.4731036409712513,5.740112778810984e-05,0.241461813778722,0.28537714412223847,25,20,20
24,1643,0.46706160442189854,7.154522503668316e-05,0.2474897149119804,0.28537713544108295,25,20,20
24,1644,0.49089458867166735,7.098359149506619e-05,0.22801503207614637,0.2810193956606898,25,20,20
24,1645,0.49101497134911326,7.098359147026667e-05,0.22789464939978507,0.28101939565962986,25,20,20
24,1646,0.48922517435531193,7.022323606354978e-05,0.22968884820618438,0.28101575420243935,25,20,20
24,1647,0.4892221624475123,7.022323605433552e-05,0.22968877213801497,0.2810188421784178,25,20,20
24,1648,0.4892230933158587,7.022323621536547e-05,0.22969096255089463,0.2810157208970308,25,20,20
24,1649,0.48543877137879304,7.02231990368765e-05,0.2334752940694143,0.2810157113527553,25,20,20
24,1650,0.48416219635697305,7.022070877931259e-05,0.23475251014722867,0.28101507278701854,25,20,20
24,1651,0.5104893760111774,7.022071334234655e-05,0.2084253297610611,0.28101507351441796,25,20,20
24,1652,0.5104853289543756,7.022071335176964e-05,0.20802037322517375,0.28142407710709755,25,20,20
24,1653,0.5106368336124961,0.0009251129861944045,0.20701397578425124,0.2814240776170569,25,20,20
24,1654,0.5104672775768111,5.031893735455181e-05,0.2080583262073808,0.28142407727845226,25,20,20
24,1655,0.5079800290402037,9.552565939037333e-07,0.21059541025469372,0.28142360544850753,25,20,20
24,1656,0.4701385464749729,1.0141337750337974e-06,0.24843683971042815,0.28142359968082215,25,20,20
24,1657,0.4698788934639549,1.0142992544220617e-06,0.24869646646168492,0.281423625775104,25,20,20
24,1658,0.4505246285832347,1.014576516098303e-06,0.2680507276089359,0.2814236292313116,25,20,20
24,1659,0.45426007394970047,1.0145776250219558e-06,0.26431528235301605,0.28142362911965685,25,20,20
24,1660,0.43870724956539975,0.00010314676384845556,0.2797664443504674,0.28142315932028406,25,20,20
24,1661,0.4387102589507147,0.00010314676385786928,0.2797649388054047,0.28142165548002235,25,20,20
24,1662,0.43871020445910763,0.0001031467638449881,0.279635455275516,0.2815511935015311,25,20,20
24,1663,0.4389970454951261,0.00010314054930343076,0.2793486163842084,0.28155119757136216,25,20,20
24,1664,0.4399861838177139,0.0001031543782563156,0.2658193427052646,0.2940913190987651,25,20,20
24,1665,0.45529641813809363,0.00010313966614638971,0.2630475644394473,0.2815528777563124,25,20,20
24,1666,0.4553003243494033,0.00010313966640454964,0.2634205155354078,0.28117602044878387,25,20,20
24,1667,0.45541289789285794,0.00010313966224448782,0.26330794229438725,0.28117602015050974,25,20,20
24,1668,0.45541296655757985,0.00010313966224495666,0.26330794455618234,0.2811759492239926,25,20,20
24,1669,0.4744672541155635,0.00010313938060024197,0.24425366060014642,0.2811759459036899,25,20,20
24,1670,0.474464188307433,0.00010313938058641895,0.2442580272122484,0.28117464509973206,25,20,20
24,1671,0.4740205848807013,0.0001031555066933854,0.24465030279848538,0.28122595681411977,25,20,20
24,1672,0.4739215103678941,0.00010315580345673522,0.24474930093156502,0.28122603289708403,25,20,20
24,1673,0.4561991097444978,0.00010307943602433137,0.2624721385006324,0.2812256723188445,25,20,20
24,1674,0.42129615467143966,0.00010435674238204663,0.2973736054702434,0.28122588311593477,25,20,20
24,1675,0.421298153100522,0.00010435674232900828,0.297373547291221,0.2812239428659279,25,20,20
24,1676,0.41826076255114353,0.00010444321561848154,0.3004088286061635,0.2812259656270747,25,20,20
24,1677,0.41451676064672394,0.00010315859818774144,0.3041543153582782,0.2812257653968106,25,20,20
24,1678,0.4145198142419682,0.00010315859818800529,0.3044209807800741,0.2809560463797702,25,20,20
24,1679,0.4142238927959514,0.0001232946396462273,0.30469676972321763,0.28095604284118375,25,20,20
24,1680,0.4141322043493281,0.00012329434346702132,0.30478853439742337,0.28095596690978064,25,20,20
24,1681,0.41322426830112874,0.00012329824933224453,0.30224178535725466,0.28441064809228356,25,20,20
24,1682,0.41322426712715277,0.00012329824933193608,0.30224185932794706,0.28441057529556824,25,20,20
24,1683,0.41017269496854775,0.00012328623072828604,0.3053436184582748,0.28436040034244864,25,20,20
24,1684,0.4110870665839915,0.00010315007990956654,0.3044493835111798,0.2843603998249193,25,20,20
24,1685,0.4165260891767188,0.00010296959873723271,0.2990106690274769,0.2843602721970672,25,20,20
24,1686,0.41653419911370654,0.00010296959880426522,0.29901087479802657,0.2843519564894624,25,20,20
24,1687,0.41653421668838886,0.00010296959881833809,0.2990130412043134,0.2843497725084791,25,20,20
24,1688,0.4111448886211826,0.00010297291153745175,0.3043533827622688,0.28439875570501055,25,20,20
24,1689,0.4095247786163231,0.00010291316251912385,0.30597355243537316,0.2843987557857841,25,20,20
24,1690,0.3998349985692715,0.00010291602951626582,0.31566331277845827,0.28439877262275476,25,20,20
24,1691,0.4002535139731531,0.00010517504786756184,0.2819231038366146,0.31771820714236587,25,20,20
24,1692,0.4001645293657055,0.000104983990647182,0.28201226476899927,0.31771822187464915,25,20,20
24,1693,0.4001665505150487,0.0001049839904871266,0.28201001458798786,0.31771845090647727,25,20,20
24,1694,0.40040600481468647,0.00010462387710990193,0.2817709203044078,0.3177184510037968,25,20,20
24,1695,0.4003990507470453,0.0001046238770508322,0.28154872098291234,0.31794760439299247,25,20,20
24,1696,0.4003910140196657,0.00010462387740341547,0.2815533640595021,0.3179509980434301,25,20,20
24,1697,0.4003879438712352,0.00010462387697489471,0.2815532154254139,0.31795421682637726,25,20,20
24,1698,0.4003723748351707,0.00010462388259399046,0.2815687838456192,0.3179542174366179,25,20,20
24,1699,0.3999415805016023,0.00010233887481417712,0.2769763369015672,0.32297974372201776,25,20,20
24,1700,0.3999405054743867,0.00010233887491090275,0.2767097913630083,0.32324736428769574,25,20,20
24,1701,0.36019919457793087,0.00010254098813173458,0.31645090021840727,0.32324736421553213,25,20,20
24,1702,0.3837503098943216,0.00010254170780351161,0.2929014172639286,0.32324573113394856,25,20,20
24,1703,0.38339300899383216,0.00010256682098602946,0.2932118538936073,0.32329257029157626,25,20,20
24,1704,0.3833951145883102,0.00010256682094610292,0.2932184402598153,0.32328387833093,25,20,20
24,1705,0.3833919970606626,0.00010256682094571079,0.29321852687876204,0.32328690923963094,25,20,20
24,1706,0.38351215648317627,0.00010256682637220413,0.293098366567019,0.3232869101234334,25,20,20
24,1707,0.3835131436835482,0.0001025668266460765,0.29336015651598274,0.3230241329738242,25,20,20
24,1708,0.4214584398757223,3.4941196512308705e-07,0.2555170817024592,0.32302412900985467,25,20,20
24,1709,0.4214554219367394,3.4941198374034867e-07,0.25551067613141826,0.32303355251985977,25,20,20
24,1710,0.421570083291327,3.4941185591655234e-07,0.2553601411572475,0.3230694261395708,25,20,20
24,1711,0.42039950858823205,2.7522540214753044e-07,0.2564900295133004,0.3231101866730652,25,20,20
24,1712,0.41593595266145156,2.8659289270901405e-07,0.2608678822906074,0.32319587845504816,25,20,20
24,1713,0.4159329643543138,2.8659288458655306e-07,0.26086942338375857,0.3231973256690432,25,20,20
24,1714,0.415933000192976,2.865928919649457e-07,0.26086780114150415,0.32319891207262796,25,20,20
24,1715,0.4159330530397862,2.8659290580625115e-07,0.2608632981546911,0.32320336221261714,25,20,20
24,1716,0.39972149149157926,2.9296058749780757e-07,0.2770737270991511,0.3232044884486827,25,20,20
24,1717,0.4034326701962223,2.892691494627667e-07,0.27336371168017026,0.32320332885445824,25,20,20
24,1718,0.40343574038798025,2.8926914024750864e-07,0.27336580227955615,0.3231981680633237,25,20,20
24,1719,0.4157909310964385,2.8248580146728034e-07,0.2610117928006657,0.3231969936170944,25,20,20
24,1720,0.4162661035604623,2.825720224803227e-07,0.2605357223716223,0.3231978914958929,25,20,20
24,1721,0.416260385485009,1.4144928410119513e-05,0.2604605233180666,0.32326494626851326,25,20,20
24,1722,0.416152753307246,1.4144928357062138e-05,0.2604705033981958,0.32336259836620024,25,20,20
24,1723,0.4161526779296757,1.414492835242773e-05,0.2604682962939624,0.3233648808480092,25,20,20
24,1724,0.41304887633251014,1.4144993452320957e-05,0.2635720752102216,0.32336490346381547,25,20,20
24,1725,0.41304889293060854,1.4144993461221065e-05,0.26357867670395607,0.3233582853719737,25,20,20
24,1726,0.4130848267771558,1.4144991291913662e-05,0.26354274318450693,0.3233582850470449,25,20,20
24,1727,0.41261034000664315,1.4144874564823327e-05,0.26401811150752136,0.3233574036112705,25,20,20
24,1728,0.39662907165257943,1.4159914059979826e-05,0.2799991928336598,0.3233575755997004,25,20,20
24,1729,0.3966354856301734,1.4225131415567197e-05,0.24616821502480715,0.3571820742136045,25,20,20
24,1730,0.3973430848802906,1.4225215295025362e-05,0.24546063135440416,0.3571820585500109,25,20,20
24,1731,0.4133568914205604,1.4209605321046535e-05,0.22944701557441197,0.35718188339970836,25,20,20
24,1732,0.41335690026677674,1.4209605566700345e-05,0.22945176045851437,0.3571771296691438,25,20,20
24,1733,0.413354835211843,1.4209605628717665e-05,0.22945828682095382,0.35717266836157585,25,20,20
24,1734,0.4133497015598821,1.4144388197444683e-05,0.23435638906694378,0.35227976498497815,25,20,20
24,1735,0.4133443675836046,1.414438715300242e-05,0.23436172291042806,0.3522797651188158,25,20,20
24,1736,0.41334540234102035,1.4144387091439647e-05,0.23436160507642556,0.3522788481954637,25,20,20
24,1737,0.4179559820428598,8.221769808566986e-08,0.22790044682890914,0.3541434889105342,25,20,20
24,1738,0.41795605905428507,8.221766376239232e-08,0.2279070452524699,0.35413681347558246,25,20,20
24,1739,0.4179582102303155,8.221740794251355e-08,0.22764314406530034,0.35439856348697724,25,20,20
24,1740,0.40649528023599196,8.107279263695819e-08,0.23910608023356222,0.354398558457653,25,20,20
24,1741,0.4063511726919875,8.116033838201798e-08,0.239250154971013,0.354398591176661,25,20,20
24,1742,0.4164267989206076,7.399306698061769e-08,0.2292172717665932,0.354355855319732,25,20,20
24,1743,0.3821640895918169,1.246800554398513e-06,0.23942717372351688,0.37840748988411155,25,20,20
24,1744,0.3821670156186661,1.2468005404767442e-06,0.23942489153887864,0.37840684604191444,25,20,20
24,1745,0.38216715884055996,1.2468011036767174e-06,0.2394265219846068,0.3784050723737293,25,20,20
24,1746,0.3651317316904696,1.2510129387827066e-06,0.256461887532766,0.3784051297638249,25,20,20
24,1747,0.35053516849604605,1.3257536190097564e-06,0.26900061981126405,0.38046288593906963,25,20,20
24,1748,0.3722775795739362,3.755741730386277e-06,0.2491756678470633,0.37854299683726916,25,20,20
24,1749,0.3859106249159778,1.3234447509198562e-06,0.2355568615023872,0.37853119013688336,25,20,20
24,1750,0.38526884504900655,1.3753061933166098e-06,0.23619846422211388,0.3785313154226851,25,20,20
24,1751,0.38502824058079876,3.9987470650509236e-05,0.23640045683615463,0.37853131511239624,25,20,20
24,1752,0.3584151091861542,3.996946747003366e-05,0.263060134156777,0.3784847871895983,25,20,20
24,1753,0.3754718283340777,3.9957922553165226e-05,0.24600340667169227,0.37848480707167653,25,20,20
24,1754,0.34344371106749316,3.9958775637160334e-05,0.27803134369069527,0.3784849864661746,25,20,20
24,1755,0.3434457930503468,3.9958775593437374e-05,0.2780294373490106,0.3784848108250495,25,20,20
24,1756,0.3480173531367437,3.9952687434331796e-05,0.27354354472325393,0.3783991494525683,25,20,20
24,1757,0.347685734571127,3.87765671906943e-05,0.25799341445579804,0.39428207440588436,25,20,20
24,1758,0.3439091211634318,3.877144786409754e-05,0.26177007943459396,0.3942820279541104,25,20,20
24,1759,0.343909096980714,3.877144786984007e-05,0.27281745191913453,0.3832346796522823,25,20,20
24,1760,0.3380187688585356,3.8772886594146203e-05,0.27870659975462664,0.38323585850024533,25,20,20
24,1761,0.31096071481135573,3.877297333198323e-05,0.302770241696772,0.38623027051854186,25,20,20
24,1762,0.305719608791663,3.9863798251796086e-05,0.30771891209158797,0.38652161531849877,25,20,20
24,1763,0.30572332222542015,3.98637982814435e-05,0.2966649904204024,0.3975718235558965,25,20,20
24,1764,0.3057193462261657,3.9863798242381795e-05,0.29666968726785625,0.3975711027077362,25,20,20
24,1765,0.30572234221343414,3.986379824237405e-05,0.29666319883962866,0.3975745951486955,25,20,20
24,1766,0.31715485139187033,3.985986606610056e-05,0.2886851994770789,0.3941200892649855,25,20,20
24,1767,0.31739821415289426,9.452255021921897e-06,0.28847223192214133,0.39412010166994377,25,20,20
24,1768,0.3171393382524673,2.382903446649801e-05,0.29171114394412906,0.3911256887689384,25,20,20
24,1769,0.31713926971133305,2.382903445759296e-05,0.2917064450762319,0.3911304561779786,25,20,20
24,1770,0.3171391972772649,2.3829034700834703e-05,0.29171142049268245,0.3911255531953534,25,20,20
24,1771,0.3195897794464729,2.4489279906369295e-05,0.28926010890270343,0.39112562237091913,25,20,20
24,1772,0.32110063920712784,2.3828788709790213e-05,0.287749972578263,0.3911255594259012,25,20,20
24,1773,0.32085714421775363,3.5182638024019234e-05,0.28798212562234426,0.39112554752187967,25,20,20
24,1774,0.32085413215100794,3.51826382745345e-05,0.2770580706509791,0.40205261455974034,25,20,20
24,1775,0.32088287321051845,3.518239302529459e-05,0.27702940703343004,0.402052537363028,25,20,20
24,1776,0.28550419986329223,3.51770468407025e-05,0.3124081301430095,0.40205249294685935,25,20,20
24,1777,0.30015723533289834,3.5102243536017996e-05,0.2998126561865442,0.39999500623702333,25,20,20
24,1778,0.30596672731324565,3.51060202336309e-05,0.29400431446830555,0.3999938521982169,25,20,20
24,1779,0.294537711628735,3.5138934405352783e-05,0.3054334894906869,0.3999936599461742,25,20,20
24,1780,0.2945376573068459,3.5138934152068106e-05,0.30530832185364004,0.4001188819053635,25,20,20
24,1781,0.29689645683717386,3.5138792298848024e-05,0.30294953022191673,0.40011887414861186,25,20,20
24,1782,0.2928568601706703,3.513881878961151e-05,0.3069890296987992,0.40011897131174223,25,20,20
24,1783,0.29285691544791354,3.513881878070799e-05,0.30698902962132385,0.40011891611198314,25,20,20
24,1784,0.29285190764826546,3.513881877757256e-05,0.30698902130451355,0.40012393222844445,25,20,20
24,1785,0.2929293775413498,3.5133724694357174e-05,0.30691158086932663,0.40012390786463037,25,20,20
24,1786,0.2929323735320606,3.5133724699869664e-05,0.3069069467326371,0.40012554601060357,25,20,20
24,1787,0.2931797922269468,3.5081886383927775e-05,0.30665955916546084,0.40012556672120875,25,20,20
24,1788,0.3213032926521915,3.399069024605416e-05,0.2788286574512327,0.3998340592063308,25,20,20
24,1789,0.32130325495519346,3.3990690281774664e-05,0.27882874012778563,0.3998340142267401,25,20,20
24,1790,0.3213044722936572,3.399069005786076e-05,0.27882315754306375,0.39983837947322215,25,20,20
24,1791,0.31759315885684924,3.399074257123681e-05,0.2825344699444271,0.3998383804561534,25,20,20
24,1792,0.3175889382857188,3.3990742755619235e-05,0.2872055741727534,0.395171496798773,25,20,20
24,1793,0.3170944427630415,3.399120099510233e-05,0.28770021285156405,0.39517135318440055,25,20,20
24,1794,0.31711912854756874,1.4435100443139376e-05,0.287695057930311,0.39517137842167743,25,20,20
24,1795,0.3476679012554487,1.4435076526285325e-05,0.25714628728325456,0.3951713763847708,25,20,20
24,1796,0.3356434662975939,1.4435067669783595e-05,0.26917072136967723,0.3951713772650594,25,20,20
24,1797,0.33564748150326523,1.4435067695800088e-05,0.26916621892234566,0.39517186450669384,25,20,20
24,1798,0.3356474125278628,1.4435067677806112e-05,0.2691727063221927,0.3951654460822675,25,20,20
24,1799,0.37434641590689005,1.4436218036155339e-05,0.23047372619853193,0.3951654216765435,25,20,20
24,1800,0.3743464150941805,1.4436218036081024e-05,0.23046720409488766,0.39517194459289734,25,20,20
24,1801,0.37803066976367894,1.4436254132317204e-05,0.22678294172027003,0.39517195226192015,25,20,20
24,1802,0.37803458805417905,1.4436254637369694e-05,0.22678174539571508,0.3951692302954696,25,20,20
24,1803,0.3780376020418551,1.4436254646508497e-05,0.22678166359557686,0.3951662981079227,25,20,20
24,1804,0.37803462199582855,1.4436254637197079e-05,0.22691111247163653,0.39503982927789877,25,20,20
24,1805,0.3437206993257586,1.4436253692079936e-05,0.26122087112553516,0.39504399329501466,25,20,20
24,1806,0.335612025229301,1.5209808159746356e-05,0.26932394670954873,0.3950488182529919,25,20,20
24,1807,0.3356119556958596,1.5209808150680337e-05,0.2693239487000804,0.39504888579591046,25,20,20
24,1808,0.3446015343919891,1.521080768779093e-05,0.26033415586215497,0.39504909893816914,25,20,20
24,1809,0.3482037382176737,1.5212174924713936e-05,0.2567319496469423,0.3950490999604604,25,20,20
24,1810,0.34820369180773086,1.5212174703732872e-05,0.25206572041410163,0.3997153756034651,25,20,20
24,1811,0.3484369691918375,1.5212176808905645e-05,0.25206435390949994,0.3994834647218549,25,20,20
24,1812,0.34756921304197,1.5210208420589196e-05,0.25293212420138467,0.39948345254822437,25,20,20
24,1813,0.3479694111388615,7.751646501368955e-05,0.252469622079686,0.39948345031643895,25,20,20
24,1814,0.3479576487884546,7.902031397401152e-05,0.2524797572114702,0.3994835736861006,25,20,20
24,1815,0.34795022864439007,7.902089762647047e-05,0.2635655539918045,0.3884051964661782,25,20,20
24,1816,0.36810758417920697,7.82473417938195e-05,0.24341379736770974,0.3884003711112887,25,20,20
24,1817,0.3686838245662721,7.824708332236618e-05,0.24283702508225666,0.3884009032681487,25,20,20
24,1818,0.343598535595094,0.00010671249065298408,0.2678209394484156,0.388473812465836,25,20,20
24,1819,0.34359251173060557,0.0001067124906575718,0.26782082493785686,0.38847995084087855,25,20,20
24,1820,0.3435955605881269,0.00010671249068403327,0.2676959681527642,0.3886017587684232,25,20,20
24,1821,0.34344865426358967,0.0001067124911721876,0.2678428729240528,0.38860176032118326,25,20,20
24,1822,0.34344863799114267,0.00010671249115806352,0.2678427575541028,0.3886018919635941,25,20,20
24,1823,0.34344868086810415,0.00010671249092094062,0.2678379239174237,0.38860668272354915,25,20,20
24,1824,0.3434462748774032,0.00010671190671987165,0.25674316131696434,0.3997038518989118,25,20,20
24,1825,0.343451665226642,0.00033916691376220805,0.2565053159365547,0.39970385192304014,25,20,20
24,1826,0.343448652381162,0.000339166913744242,0.25650072019342496,0.3997114605116678,25,20,20
24,1827,0.3434626776425922,0.000339197820998185,0.2691829363183524,0.38701518821805564,25,20,20
24,1828,0.343058936656036,0.0003391982637920241,0.2695908386680072,0.3870110264121633,25,20,20
24,1829,0.3430579247407453,0.00033919830062155415,0.2695916172393164,0.38701125971931505,25,20,20
24,1830,0.34305685409529146,0.000339198300619768,0.2695916621484703,0.3870122854556169,25,20,20
24,1831,0.34256924851736686,0.000339198445537467,0.2700792667351723,0.38701228630192136,25,20,20
24,1832,0.34265793104919184,0.0003391984169405176,0.26999088687955286,0.3870119836543126,25,20,20
24,1833,0.3103640029325591,0.00033988777421620447,0.30228423969925033,0.38701186959397155,25,20,20
24,1834,0.3103609906666663,0.00033988777420714266,0.30228424044137364,0.38701488111775056,25,20,20
24,1835,0.3103610260762887,0.00033988777421057687,0.3022777157981047,0.38702137035139395,25,20,20
24,1836,0.30427881284097785,0.00033988631081421347,0.3083599325847097,0.38702136826349637,25,20,20
24,1837,0.30427590391103265,0.0003398863108329835,0.3083598979108592,0.38702431186727304,25,20,20
24,1838,0.3010318456170236,0.0003391955411456641,0.31160474262909704,0.3870242162127316,25,20,20
24,1839,0.30583325804903255,0.0003391982368053192,0.30680316169642874,0.38702438201773165,25,20,20
24,1840,0.3058432351991806,0.00033919823684123383,0.3068031126871168,0.38701445387685973,25,20,20
24,1841,0.3022601060310302,0.0003391981969656833,0.3103862506397622,0.38701444513224054,25,20,20
24,1842,0.3022601759372094,0.0003391981969838291,0.3103862513685726,0.3870143744972335,25,20,20
24,1843,0.31380616251601295,0.0003391982164504597,0.29884025150025517,0.3870143877672809,25,20,20
24,1844,0.3032194627749573,0.0003391977776940391,0.3094204309756979,0.38702090847165016,25,20,20
24,1845,0.3032155435392184,0.0003391977914707498,0.3098145019913357,0.3866307566779734,25,20,20
24,1846,0.3032155429522155,0.0003391977914702799,0.3098166670790566,0.38662859217725626,25,20,20
24,1847,0.3032130963100228,0.00033919779955489236,0.3098191013907307,0.38662860449968994,25,20,20
24,1848,0.3032126552188387,9.953637383237752e-05,0.310059193228766,0.3866286151785631,25,20,20
24,1849,0.3033395946469988,9.953638199905231e-05,0.3099322147225103,0.3866286542484921,25,20,20
24,1850,0.30595500926521224,9.953722534332293e-05,0.3073167991018201,0.38662865440762384,25,20,20
24,1851,0.29513368999235384,7.107168733549535e-05,0.31823959986008893,0.3865556384602213,25,20,20
24,1852,0.3165018712697801,6.39019930668546e-05,0.2968701264190373,0.38656410031811606,25,20,20
24,1853,0.3164770557051633,6.390199321181883e-05,0.2968949418903171,0.38656410041130795,25,20,20
24,1854,0.3123637936957281,6.39021473269257e-05,0.30100822428514673,0.38656407987179753,25,20,20
24,1855,0.31238523106190813,6.39039640640023e-05,0.3009868251442465,0.3865640398297807,25,20,20
24,1856,0.3451451584567299,6.394689171396176e-05,0.2682258816227645,0.3865650130287912,25,20,20
24,1857,0.3449495995131569,6.394506785476481e-05,0.2684214428124862,0.38656501260650167,25,20,20
24,1858,0.3431635140854528,6.400935872751537e-05,0.2702073800030432,0.38656509655277604,25,20,20
24,1859,0.3442515868777483,6.40085953395146e-05,0.26911930776079107,0.38656509676612066,25,20,20
24,1860,0.343311296127169,6.40102587651752e-05,0.27006590451976925,0.3865587890942954,25,20,20
24,1861,0.34329739193908126,6.397935152940738e-05,0.2573858847417179,0.39925274396766997,25,20,20
24,1862,0.34329040091018403,6.397933792613515e-05,0.25699661135243523,0.3996490083994532,25,20,20
24,1863,0.34329135790204335,6.39793369454064e-05,0.25699565352008064,0.3996490092409294,25,20,20
24,1864,0.34323426259863526,6.398120304834728e-05,0.257052705037488,0.3996490511608271,25,20,20
24,1865,0.34323428012591656,6.398120305772982e-05,0.25705065666436716,0.39965108200665755,25,20,20
24,1866,0.36604255171159367,6.39805023035853e-05,0.23424235640574195,0.3996511113803596,25,20,20
24,1867,0.3660434636861582,6.398050232098058e-05,0.23424873087726528,0.3996438249342543,25,20,20
24,1868,0.3662397330689825,6.398049961137708e-05,0.23405246167017008,0.3996438247612349,25,20,20
24,1869,0.3662616321642306,6.398049948688902e-05,0.23403056265949929,0.39964382467678256,25,20,20
24,1870,0.3683285108614704,6.393829120389028e-05,0.23196464120465304,0.3996429096426724,25,20,20
24,1871,0.3868600998412565,6.39375908567987e-05,0.21344152435878627,0.39963443820910105,25,20,20
24,1872,0.41537137284722525,1.5983286071196903e-06,0.1849925894297425,0.3996344393944266,25,20,20
24,1873,0.3807707225900423,1.5973831669579948e-06,0.2195932833567897,0.39963439666999917,25,20,20
24,1874,0.38077166779106525,1.5973832113869858e-06,0.21959336921325281,0.39963336561246854,25,20,20
24,1875,0.3410457902166486,1.4536727680886515e-05,0.25924706014211046,0.39969261291355823,25,20,20
24,1876,0.36830527044206635,1.4529617750704837e-05,0.23198789859169777,0.39969230134848344,25,20,20
24,1877,0.36825908751569214,1.452959222606508e-05,0.23203408238259585,0.39969230050948423,25,20,20
24,1878,0.3683094988335244,1.452959264694466e-05,0.2321633709878003,0.399512600586027,25,20,20
24,1879,0.3685576817194922,1.3025258650383295e-05,0.2319168144220945,0.3995124785997634,25,20,20
24,1880,0.36656186672379315,1.3047344372419589e-05,0.23391259553722088,0.3995124903946135,25,20,20
24,1881,0.3665617969334592,1.3047344345365575e-05,0.2339172222576918,0.3995079334645036,25,20,20
24,1882,0.366562722078577,1.3047344126796397e-05,0.23391242002391593,0.39951181055337975,25,20,20
24,1883,0.366389935454669,1.4023560314814392e-05,0.2341434903265623,0.39945255065845336,25,20,20
24,1884,0.36737315416331257,1.4020793870900037e-05,0.23316042349184074,0.3994524015509755,25,20,20
24,1885,0.3276746426719987,1.728692846707855e-05,0.2728556563084128,0.39945241409112014,25,20,20
24,1886,0.32748541162026784,1.729034315845461e-05,0.2730439450420751,0.3994533529944972,25,20,20
24,1887,0.32748835564814377,1.729034315838322e-05,0.27304394645396934,0.39945040755472755,25,20,20
24,1888,0.3274922285941997,1.729031016460901e-05,0.2730304963549445,0.3994599847406876,25,20,20
24,1889,0.3274224521171629,1.754646269460813e-05,0.27310001697035813,0.39945998444978054,25,20,20
24,1890,0.36689003182417607,1.7546550730889516e-05,0.2336324523091001,0.39945996931598876,25,20,20
24,1891,0.3668900351440854,1.7546550734475664e-05,0.2336389453253437,0.3994534729798324,25,20,20
24,1892,0.3669495865768754,1.7544685094888087e-05,0.23357943850883292,0.39945343022919283,25,20,20
24,1893,0.36695258353393684,1.7544685122909902e-05,0.2335763380809619,0.3994535336999745,25,20,20
24,1894,0.3779692206933195,1.7545422800485617e-05,0.22255969659547895,0.3994535372883973,25,20,20
24,1895,0.3779682911925329,1.7545423018840963e-05,0.22255979433439158,0.399454369050054,25,20,20
24,1896,0.3779653296092445,1.754542299911936e-05,0.22255841615203234,0.3994587088157213,25,20,20
24,1897,0.38022437581924584,1.74810156749974e-05,0.22029945004941504,0.39945869311566135,25,20,20
24,1898,0.3804636053418011,1.7481017793506398e-05,0.2202995790719403,0.3992193345684629,25,20,20
24,1899,0.3802303514396692,1.7481015692141357e-05,0.22029948154437828,0.3994526860002582,25,20,20
24,1900,0.38018000881894615,1.748101527995161e-05,0.22017019157231005,0.3996323185934612,25,20,20
24,1901,0.34036529686401906,1.7480992230364358e-05,0.25998476374784557,0.39963245839590344,25,20,20
24,1902,0.34036913615634945,1.748099222488469e-05,0.2599890893471723,0.39962429350425166,25,20,20
24,1903,0.34062244848833784,1.74810077515083e-05,0.259735772524282,0.39962429797962784,25,20,20
24,1904,0.3584560620510445,1.74858459376578e-05,0.24184422398706315,0.3996822281159539,25,20,20
24,1905,0.35845722624137816,1.7485845993823992e-05,0.2418378385866548,0.39968744932597255,25,20,20
24,1906,0.35822380595766856,1.7485843325686813e-05,0.2419670544824086,0.39979165371659675,25,20,20
24,1907,0.3582271263083836,2.2726020018758687e-05,0.24195849347107537,0.39979165420052026,25,20,20
24,1908,0.38033162926225805,2.2721263247820377e-05,0.21991206532873478,0.3997335841457588,25,20,20
24,1909,0.37653462083165073,2.28830083619672e-05,0.22370889764576252,0.3997335985142228,25,20,20
24,1910,0.37636340695376497,2.288226141900521e-05,0.2238801175659187,0.39973359321889546,25,20,20
24,1911,0.3801569399679836,2.2720514275926287e-05,0.22008673726626093,0.39973360225147764,25,20,20
24,1912,0.38023369845688465,3.3125415818967584e-06,0.22002936228594167,0.39973362671558965,25,20,20
24,1913,0.38036291370849695,3.3124489822653075e-06,0.2199001708347534,0.39973360300776617,25,20,20
24,1914,0.3420426230711625,3.314193874360346e-06,0.25822016123867386,0.39973390149628735,25,20,20
24,1915,0.3293706076879974,3.856114982844895e-06,0.2708915616964309,0.3997339745005859,25,20,20
24,1916,0.3293814559941518,3.8561150354079665e-06,0.27089148771706517,0.3997232001737448,25,20,20
24,1917,0.32938347082134145,3.856115009195196e-06,0.27089153882035116,0.39972113424329586,25,20,20
24,1918,0.3293971130232583,3.856115015275164e-06,0.3070341959571701,0.363564834904553,25,20,20
24,1919,0.33160353775294654,3.8561723300396986e-06,0.3048375809205473,0.36355502515417404,25,20,20
24,1920,0.33160832146786745,0.016828989650535923,0.2918400078738421,0.3597226810077522,25,20,20
24,1921,0.33133303067005826,0.01682898962661138,0.29211530270410463,0.35972267699922333,25,20,20
24,1922,0.3313178165048249,0.03955257324653414,0.2694069333132617,0.3597226769353774,25,20,20
24,1923,0.34161778149390515,0.039549307359319344,0.2591101983629435,0.3597227127838296,25,20,20
24,1924,0.3016434409569378,0.039550527026347225,0.29908331731110754,0.3597227147056061,25,20,20
24,1925,0.3015774839808142,0.039550527034794454,0.29914910973191317,0.3597228792524772,25,20,20
24,1926,0.30157054355849194,0.03955052703474647,0.299142505239113,0.3597364241676481,25,20,20
24,1927,0.303200671106763,0.03955050995007157,0.2975123902189933,0.3597364287241715,25,20,20
24,1928,0.3030959193370245,0.039550510901563384,0.2976169450361775,0.359736624725234,25,20,20
24,1929,0.30308514130479214,0.0395505109015514,0.2979899385460273,0.35937440924762853,25,20,20
24,1930,0.3427277676280733,0.03955050765642986,0.25834825796730526,0.3593734667481913,25,20,20
24,1931,0.34283577443534585,0.03955050667648688,0.2582405169631712,0.3593732019249958,25,20,20
24,1932,0.33227201346712804,0.039550506568261326,0.2688043264084229,0.3593731535561876,25,20,20
24,1933,0.3322771877826445,0.039550506568383687,0.2686749777310046,0.35949732791796785,25,20,20
24,1934,0.3321632223691205,0.03955061203287489,0.26878827435230934,0.35949789124569587,25,20,20
24,1935,0.3321632233219862,0.039550612032875354,0.2687880438465316,0.35949812079860777,25,20,20
24,1936,0.3320866962879711,0.03955060818413918,0.26883053393696804,0.3595321615909215,25,20,20
24,1937,0.33156527101105737,0.03955060702042085,0.26935225632076665,0.3595318656477543,25,20,20
24,1938,0.3315651311946233,0.039550607020375675,0.26898099151593946,0.3599032702690609,25,20,20
24,1939,0.3442319117014887,0.03955006507408379,0.25631480908645793,0.35990321413796905,25,20,20
24,1940,0.38002138617460973,0.03955007285148588,0.22052530610130172,0.3599032348726022,25,20,20
24,1941,0.37887984367836935,0.03955007226889227,0.22166684894126423,0.3599032351114738,25,20,20
24,1942,0.3786932391323258,0.03955007232278604,0.22185339863920883,0.35990328990567905,25,20,20
24,1943,0.3787004240340336,0.03955007232263665,0.22184674385477307,0.35990275978855624,25,20,20
24,1944,0.3786934496452733,0.03955007232256685,0.22197611907508197,0.35978035895707705,25,20,20
24,1945,0.37056382698172413,0.0395500784030432,0.2301057825590648,0.3597803120561671,25,20,20
24,1946,0.3720516075916963,0.039550070686316635,0.22861798998294766,0.3597803317390387,25,20,20
24,1947,0.3720546078333999,0.03955007068634993,0.22862298656825536,0.359772334911994,25,20,20
24,1948,0.3888443066453346,0.03955055377706643,0.21183305876193192,0.35977208081566603,25,20,20
24,1949,0.38884319224470515,0.03955055377699829,0.21183753331825092,0.3597687206600441,25,20,20
24,1950,0.38856968529892344,0.039550629610272954,0.21210982841216058,0.3597698566786416,25,20,20
24,1951,0.38856250150218236,0.039550629610181826,0.21237603842262265,0.3595108304650117,25,20,20
24,1952,0.3885625207560682,0.03955062961022232,0.21237145657071235,0.3595153930629957,25,20,20
24,1953,0.3885544209102229,0.03955062961011771,0.21237132952337087,0.35952361995628723,25,20,20
24,1954,0.388915556669765,0.039550624563760024,0.21201021539097917,0.35952360337549427,25,20,20
24,1955,0.3889224755543123,0.03955062456379444,0.21201682013082007,0.3595100797510719,25,20,20
24,1956,0.38867754072926447,0.0395504279399735,0.212264178427898,0.35950785290286286,25,20,20
24,1957,0.37607871706703266,0.039550428413402866,0.2248629085552029,0.35950794596436003,25,20,20
24,1958,0.3760817124585212,0.039550428413389925,0.22459664979416707,0.35977120933392015,25,20,20
24,1959,0.37607850041779783,0.03995895684548414,0.22419133340315386,0.35977120933356227,25,20,20
24,1960,0.37607941477327733,0.021239585288511723,0.24290979060174664,0.35977120933646206,25,20,20
24,1961,0.37666155468155466,0.021238365687337665,0.2423288635541406,0.3597712160769646,25,20,20
24,1962,0.377034531453323,0.02123995757924522,0.241954173030309,0.35977133793712035,25,20,20
24,1963,0.4097361515135891,0.021239957529642348,0.20925255259801015,0.3597713383587562,25,20,20
24,1964,0.4097348011889319,0.021239961795198346,0.20921495085536523,0.3598102861605003,25,20,20
24,1965,0.4096561851051554,0.021239477885508777,0.20929403900135202,0.3598102980079798,25,20,20
24,1966,0.40965709557539426,0.021239477885521055,0.20966926436201813,0.35943416217706287,25,20,20
24,1967,0.4096549693651961,0.02123947361902152,0.2097444080086866,0.3593611490070925,25,20,20
24,1968,0.41300132888712,0.02124083678655126,0.2063966834514094,0.35936115087491716,25,20,20
24,1969,0.42128442893274676,0.02124083087279243,0.19811106158430059,0.3593636786101574,25,20,20
24,1970,0.41416168168709283,0.02125187103883159,0.20522182449181792,0.3593646227822582,25,20,20
24,1971,0.41415570758851616,0.02125187103882771,0.20558822897193635,0.3590041924007201,25,20,20
24,1972,0.4140058022591981,0.021251870906317444,0.20573814134462204,0.3590041854898627,25,20,20
24,1973,0.41425781824177926,0.021251870687302082,0.20548866119933484,0.35900164987158406,25,20,20
24,1974,0.4142577684829909,0.021251870687555203,0.2054959938572081,0.35899436697224607,25,20,20
24,1975,0.3749314843249574,0.021251883574510112,0.24481882540367916,0.35899780669685327,25,20,20
24,1976,0.37493062538415595,0.021251883574488914,0.24444359941111574,0.3593738916302393,25,20,20
24,1977,0.3750863018393208,0.02125188360885713,0.24428791714591214,0.35937389740590936,25,20,20
24,1978,0.3718108740836389,0.021250520443262505,0.24756470995531976,0.3593738955177775,25,20,20
24,1979,0.3718130658029012,0.021250520443468365,0.24719653601816446,0.3597398777354647,25,20,20
24,1980,0.37181299586851935,0.021250520443463,0.2471966884630679,0.3597397952249484,25,20,20
24,1981,0.37155346684423174,0.021250524303274388,0.24745549675249234,0.3597405121000001,25,20,20
24,1982,0.3726056447039226,0.02125051140782935,0.24640693364422117,0.3597369102440253,25,20,20
24,1983,0.37260787482970914,0.039959033868242386,0.22769618105988837,0.35973691024215904,25,20,20
24,1984,0.3726080141775048,0.03995903386830892,0.22781905615850692,0.359613895795678,25,20,20
24,1985,0.35298443440474936,0.03995923395664784,0.24744217955419645,0.35961415208440456,25,20,20
24,1986,0.3529844869150142,0.039959233956660054,0.24731288286898448,0.35974339625933943,25,20,20
24,1987,0.3537282275733257,0.0399592337766628,0.2465691400124762,0.359743398637533,25,20,20
24,1988,0.36633079887239034,0.03995923343134504,0.23396667737574683,0.3597432903205158,25,20,20
24,1989,0.36672029067746886,0.03995922953640497,0.23357790662828645,0.3597425731578378,25,20,20
24,1990,0.36671739437740336,0.03995922953642953,0.23366531489313733,0.3596580611930278,25,20,20
24,1991,0.37380716963340904,0.03994818940253879,0.22658753981726798,0.35965710114678245,25,20,20
24,1992,0.373889223474376,0.03996100422433058,0.22301600484196832,0.363133767459323,25,20,20
24,1993,0.33623419343830874,0.03996265430517206,0.26066938198824685,0.3631337702682708,25,20,20
24,1994,0.33623395412942547,0.03996265430491079,0.260577146340881,0.3632262452247813,25,20,20
24,1995,0.3362369856786555,0.03996265430495596,0.2605818471635267,0.3632185128528605,25,20,20
24,1996,0.3579816525915524,0.03996265434502133,0.23883718227137266,0.3632185107920511,25,20,20
24,1997,0.3548611346311334,0.03996265484536395,0.2419573484094342,0.36321886211406657,25,20,20
24,1998,0.3182575476646716,0.03996269325603932,0.27856077425787795,0.36321898482140974,25,20,20
24,1999,0.3182332195650239,0.03996269325643269,0.2785850985442843,0.3632189886342578,25,20,20
24,2000,0.31823120573361136,0.03996269325647216,0.2788512706540918,0.3629548303558234,25,20,20
24,2001,0.32509058874250385,0.03996278758884337,0.2719904816138719,0.36295614205477955,25,20,20
24,2002,0.3209753832996163,0.03996282253043218,0.27610434915726756,0.3629574450126824,25,20,20
24,2003,0.3342506769128286,0.03996282321188793,0.2628290515804619,0.3629574482948194,25,20,20
24,2004,0.33425068480711956,0.039962823212123584,0.26283373352299066,0.36295275845776387,25,20,20
24,2005,0.3342477386658082,0.03996282321187925,0.26282644299520536,0.3629629951271051,25,20,20
24,2006,0.3342497921558917,0.03996282321184444,0.26256679203306726,0.36322059259919454,25,20,20
24,2007,0.3543678969170953,0.039962622994211376,0.2424491849310018,0.36322029515768944,25,20,20
24,2008,0.35437084116208994,0.03996262299420768,0.24245571929692844,0.36321081654677195,25,20,20
24,2009,0.3592668626954106,0.03996262296091956,0.23755969764940169,0.363210816694266,25,20,20
24,2010,0.3284592524109358,0.039963615965730705,0.2683617730840111,0.36321535853932085,25,20,20
24,2011,0.3512232299314014,0.03996357745723354,0.24559795792559858,0.36321523468576494,25,20,20
24,2012,0.3512314926961828,0.03996357745468446,0.24558969898879243,0.36321523086033886,25,20,20
24,2013,0.35122844384297613,0.03996357745463883,0.24558507801912735,0.3632229006832563,25,20,20
24,2014,0.351233626311453,0.03996357745824733,0.24557989484593637,0.363222901384362,25,20,20
24,2015,0.35123656909578665,0.039963577458251215,0.24558461364711082,0.3632152397988498,25,20,20
24,2016,0.34784555289069696,0.039963483077413764,0.24897702627674215,0.3632139377551455,25,20,20
24,2017,0.34817583290879184,0.039963483673866804,0.2590246462072197,0.3528360372101199,25,20,20
24,2018,0.34817579600662185,0.039963483673858276,0.25902467074168056,0.35283604957783765,25,20,20
24,2019,0.34823284857275555,0.039963483673963254,0.2590223475977089,0.3527813201555706,25,20,20
24,2020,0.3488014138858259,0.03996348358319197,0.258453790741428,0.3527813117895524,25,20,20
24,2021,0.34880119667874515,0.03994869530531286,0.25846879591338767,0.3527813121025535,25,20,20
24,2022,0.3478339493359143,0.03994884608104893,0.2594371191189563,0.35278008546407963,25,20,20
24,2023,0.3478309498805387,0.03994884608103064,0.25943723907716554,0.3527829649612641,25,20,20
24,2024,0.30831172271964513,0.03995545739454574,0.2971718904281987,0.3545609294576096,25,20,20
24,2025,0.30831464984437174,0.03995545739476383,0.297176722764594,0.35455316999627073,25,20,20
24,2026,0.29973919727619747,0.039954464765060524,0.305757705366366,0.3545486325923761,25,20,20
24,2027,0.30125758695513666,0.03995427908120552,0.30417016171906486,0.3546179722445928,25,20,20
24,2028,0.2664221819490515,0.03995459349171883,0.33859213849445546,0.3550310860647739,25,20,20
24,2029,0.2664331316317633,0.039954593491806925,0.3385920923754121,0.3550201825010172,25,20,20
24,2030,0.2664311178928588,0.03999934507607464,0.3385493548439673,0.3550201821870987,25,20,20
24,2031,0.2773619328904076,0.039999345137885306,0.3276185231167201,0.3550201988549865,25,20,20
24,2032,0.2768938555790889,0.03999279033627695,0.3298711204228293,0.35324223366180474,25,20,20
24,2033,0.27652605275869724,0.0399934625399481,0.33008634258508535,0.35339414211626924,25,20,20
24,2034,0.28336213839715924,0.039993406034563785,0.3232098787616037,0.3534345768066729,25,20,20
24,2035,0.2766795257095105,0.03999352662526409,0.3298607742848912,0.3534661733803339,25,20,20
24,2036,0.26984709203298946,0.03999352661499464,0.33673364260624794,0.35342573874576766,25,20,20
24,2037,0.2726159964848991,0.03999352621573686,0.33396506753520755,0.35342540976415626,25,20,20
24,2038,0.2732754746383374,0.039992853974530715,0.33345817903666236,0.3532734923504693,25,20,20
24,2039,0.27328324836090906,0.03999285397449692,0.3333332779034337,0.3533906197611602,25,20,20
24,2040,0.2721594665559885,0.03999268144793941,0.33487035503733,0.35297749695874153,25,20,20
24,2041,0.27459016610574993,0.04001672933177085,0.3324134032974159,0.3529797012650631,25,20,20
24,2042,0.27267728252309703,0.04001507906460255,0.3343279401136921,0.3529796982986078,25,20,20
24,2043,0.2742876895007135,0.04001507907978548,0.3327175252246086,0.35297970619489144,25,20,20
24,2044,0.27474499128602153,0.04001507907989238,0.33271769711813265,0.35252223251595227,25,20,20
24,2045,0.2746647941199689,0.04000251689186987,0.3362871227914567,0.349045566196703,25,20,20
24,2046,0.30478790261583955,0.040002517249149924,0.3061604637907344,0.3490491163442744,25,20,20
24,2047,0.3047849546234842,0.0400025172491643,0.3061540156347615,0.3490585124925877,25,20,20
24,2048,0.30445467311903424,0.04000251665271511,0.2961014156943969,0.35944139453385104,25,20,20
24,2049,0.30630209441874595,0.04000251597624558,0.2942539847491867,0.35944140485581977,25,20,20
24,2050,0.30377834434685186,0.040002515942499234,0.2967777084499223,0.35944143126072475,25,20,20
24,2051,0.3037693757968531,0.04000251594249973,0.296773047823324,0.35945506043732167,25,20,20
24,2052,0.3037685152627826,0.03999186096767095,0.2967845633370912,0.35945506043245345,25,20,20
24,2053,0.31347810829711115,0.03999186061166662,0.28707852082833174,0.35945151026288874,25,20,20
24,2054,0.3134780744879409,0.03999186061165233,0.28708306769050645,0.35944699720989837,25,20,20
24,2055,0.33448452885061797,0.03999026868897316,0.26607833087613675,0.35944687158426997,25,20,20
24,2056,0.33191721492662957,0.03999027324102329,0.26864561435990947,0.3594468974724359,25,20,20
24,2057,0.33186623627687234,0.039990273253264444,0.26869659051787764,0.3594468999519836,25,20,20
24,2058,0.29215835421325653,0.039991680426789154,0.30803347008065285,0.35981649527930026,25,20,20
24,2059,0.3149743059733438,0.03999169896044552,0.2849626217046105,0.36007137336159856,25,20,20
24,2060,0.314519984721351,0.039991698960347564,0.2849624193929051,0.3605258969253946,25,20,20
24,2061,0.31633490902446687,0.039991680421068695,0.28340239925177185,0.36027101130269096,25,20,20
24,2062,0.31633490288979393,0.03999168042107689,0.2834042671636378,0.36026914952549144,25,20,20
24,2063,0.3301913072193285,0.039991680422649716,0.26954786285476784,0.3602691495032539,25,20,20
24,2064,0.3301944446524898,0.039991680422394545,0.2695411898624864,0.36027268506262916,25,20,20
24,2065,0.3301944604459224,0.039991680422167525,0.269536357445097,0.36027750168681394,25,20,20
24,2066,0.33688311434153007,0.039991559800780195,0.26287942074281323,0.36024590511487703,25,20,20
24,2067,0.33478383293599434,0.03999155981281906,0.26504812637045744,0.3601764808807297,25,20,20
24,2068,0.33515543875414994,0.05445213750960286,0.2502155695899839,0.36017685414626277,25,20,20
24,2069,0.335156402083108,0.05445213750965201,0.2502108730747182,0.3601805873325214,25,20,20
24,2070,0.33515326315847394,0.054452137509659625,0.2502108416848053,0.36018375764706073,25,20,20
24,2071,0.36993498290471377,0.05442809472059722,0.21544522640399028,0.3601916959706985,25,20,20
24,2072,0.3683211751877103,0.05442809556509135,0.21705904124486136,0.3601916880023372,25,20,20
24,2073,0.36832112288960794,0.054428095565091754,0.2535498171280488,0.3237009644172504,25,20,20
24,2074,0.36832103473570804,0.05440865115708164,0.25356934968988504,0.32370096441732493,25,20,20
24,2075,0.368086936117647,0.0544085092912159,0.2538035912695068,0.3237009633216298,25,20,20
24,2076,0.3680338631164144,0.054408509291132647,0.25380123939967864,0.3237563881927727,25,20,20
24,2077,0.3681019809023624,0.05440850928017727,0.2537331237995296,0.3237563860179292,25,20,20
24,2078,0.39692224444971846,0.05440851612204242,0.2248599637095406,0.32380927571869733,25,20,20
24,2079,0.3969282712863251,0.05440851612201535,0.22486475688849858,0.3237984557031601,25,20,20
24,2080,0.4028028753910518,0.0544085169726785,0.21898998556719115,0.3237986220690774,25,20,20
24,2081,0.4061942643979479,0.054407109809797655,0.21596959680826078,0.3234290289839906,25,20,20
24,2082,0.39824378384129333,0.05440711282625946,0.2239189191654932,0.3234301841669512,25,20,20
24,2083,0.397958878658989,0.05440711280250052,0.2242038318174981,0.32343017672101,25,20,20
24,2084,0.3979559340044011,0.054407112802500074,0.22421043373620608,0.32342651945689094,25,20,20
24,2085,0.3694217492022136,0.05440871318725702,0.2527959128906588,0.3233736247198675,25,20,20
24,2086,0.3694227823103672,0.054408713187204534,0.252795950932349,0.32337255357007694,25,20,20
24,2087,0.3694158088704959,0.05440871320106667,0.2529211354922444,0.32325434243619094,25,20,20
24,2088,0.35954247257001254,0.054408713224072945,0.2627944356065346,0.32325437859937767,25,20,20
24,2089,0.3463012429777055,0.05440870763374173,0.2760458187875201,0.32324423060103075,25,20,20
24,2090,0.3481580093799079,0.0544090468491412,0.2741898640555438,0.3232430797154052,25,20,20
24,2091,0.38442439188426547,0.05440904722850869,0.23792337888590775,0.32324318200131663,25,20,20
24,2092,0.38455330449814157,0.05440904727982355,0.24003654177002487,0.321001106452008,25,20,20
24,2093,0.3698578291622033,0.05440905002902948,0.2547320003817132,0.3210011204270509,25,20,20
24,2094,0.36985784718149217,0.054409050029043345,0.25473252684765435,0.3210005759418077,25,20,20
24,2095,0.3502565599882306,0.05441060578671173,0.2743274870428424,0.321005347182213,25,20,20
24,2096,0.36560466133666236,0.05441060308126208,0.2589793815160714,0.3210053540660018,25,20,20
24,2097,0.34535759848178765,0.0544104355387769,0.27923138302170986,0.3210005829577232,25,20,20
24,2098,0.3453583299272577,0.054410434694236114,0.2792306524186218,0.32100058295988343,25,20,20
24,2099,0.34495376583537685,0.054410434116220395,0.2796353837771793,0.32100041627122244,25,20,20
24,2100,0.32088369172929854,0.054410451501087136,0.3037050595424952,0.3210007972271183,25,20,20
24,2101,0.32087664900539825,0.05441045150105662,0.3037068974661147,0.3210060020274296,25,20,20
24,2102,0.3207648480582515,0.05441045146063621,0.27568192873662856,0.34914277174448294,25,20,20
24,2103,0.32075576448334325,0.05441178175242253,0.2756896738741162,0.34914277989011766,25,20,20
24,2104,0.3212434410490255,0.05441178140288349,0.27520199807358775,0.3491427794745028,25,20,20
24,2105,0.3146011359131586,0.0544117880922971,0.2818443555448133,0.34914272044973077,25,20,20
24,2106,0.317009761438751,0.054412839287121206,0.2631662972241289,0.36541110204999844,25,20,20
24,2107,0.3225751695239196,0.05441249733074804,0.2576011763650574,0.36541115678027425,25,20,20
24,2108,0.3222016376610411,0.07990851539132204,0.23247906379893205,0.3654107831487046,25,20,20
24,2109,0.3197910503390299,0.07990746418136244,0.21117705442150098,0.3891244310581057,25,20,20
24,2110,0.31978423253742017,0.07990746418129993,0.2111817228085414,0.3891265804727373,25,20,20
24,2111,0.3159488167348154,0.07990746853534285,0.21501481298240166,0.38912890174743886,25,20,20
24,2112,0.3160165469942388,0.0799074685400479,0.21501315116334901,0.3890628333023633,25,20,20
24,2113,0.31601835545557555,0.07990758590790559,0.21501066301176844,0.38906339562474934,25,20,20
24,2114,0.3187836225924386,0.07990758583737567,0.21224544526128675,0.38906334630889716,25,20,20
24,2115,0.3286834455943981,0.07990758581494349,0.20234565026831397,0.3890633183223426,25,20,20
24,2116,0.3286864226236092,0.07990758581529538,0.20234385886505013,0.38906213269604367,25,20,20
24,2117,0.32868954139220313,0.07866502577481443,0.2035833001301722,0.38906213270280887,25,20,20
24,2118,0.3286896817195519,0.07866502577445812,0.20357853817422225,0.38906675433176635,25,20,20
24,2119,0.3442047101860982,0.07866502584454756,0.18806350204218952,0.3890667619271634,25,20,20
24,2120,0.34408743469788483,0.07866230738219343,0.18818350124346736,0.38906675667645346,25,20,20
24,2121,0.34408447397667813,0.07866230738218852,0.18818361475982676,0.3890696038813058,25,20,20
24,2122,0.3505686601853131,0.07866230080035413,0.18169946291331876,0.3890695761010133,25,20,20
24,2123,0.3505716275455616,0.07746288593368135,0.1828959104173779,0.3890695761033788,25,20,20
24,2124,0.35057877545968497,0.07746288593395423,0.18316259534944596,0.38879574325691457,25,20,20
24,2125,0.35056171397921093,0.07746288592304208,0.1725859013007101,0.39938949879703706,25,20,20
24,2126,0.34978591585432994,0.0774628892913176,0.17336166174209477,0.39938953311225783,25,20,20
24,2127,0.34998748092320187,0.07746288885685122,0.17316011322152447,0.3993895169984226,25,20,20
24,2128,0.34921392931034007,0.07746289400464247,0.1739336595423411,0.3993895171426766,25,20,20
24,2129,0.34920985024513684,0.07746289401855763,0.1740585769632067,0.3992686787730993,25,20,20
24,2130,0.3499961131684773,0.07746288886736796,0.17327231934819254,0.39926867861596277,25,20,20
24,2131,0.3500032706177011,0.07746288886768778,0.1732791244430627,0.39925471607154894,25,20,20
24,2132,0.3505246290732929,0.07746288862920338,0.17275780098064097,0.3992546813168633,25,20,20
24,2133,0.35010261882816324,0.07746128136801989,0.17318142199196396,0.39925467781185203,25,20,20
24,2134,0.33435601912485297,0.07746126399050492,0.18892842396679074,0.39925429291785053,25,20,20
24,2135,0.3342102600441739,0.07746126408152082,0.18907418232319503,0.39925429355110853,25,20,20
24,2136,0.3342102266757349,0.0774612640815214,0.18907410472954658,0.3992544045131957,25,20,20
24,2137,0.33177501121513764,0.07746126081128207,0.1914892514835643,0.3992744764900148,25,20,20
24,2138,0.33178591180017103,0.0774612608113769,0.19149385691143894,0.3992589704770119,25,20,20
24,2139,0.3317859022947514,0.07746126081137672,0.19149182264731116,0.3992610142465597,25,20,20
24,2140,0.3317828718053068,0.07746126081138464,0.19149181667514203,0.39926405070816556,25,20,20
24,2141,0.33111535585289226,0.07746126266126281,0.19215889953394844,0.3992644819518955,25,20,20
24,2142,0.35119703849562767,0.07746125807386227,0.17207725220631936,0.39926445122418974,25,20,20
24,2143,0.35126011144574115,0.07703510859485707,0.17244032845030083,0.39926445150910006,25,20,20
24,2144,0.3511969239298159,0.07870104255612054,0.17083758230251675,0.3992644512115459,25,20,20
24,2145,0.3511978808922477,0.07870104255616767,0.17083949001624496,0.39926158653533883,25,20,20
24,2146,0.34547233817543643,0.0787010425204003,0.1765650570285349,0.3992615622756275,25,20,20
24,2147,0.3454724815229421,0.07991743597396204,0.175348520215525,0.39926156228756987,25,20,20
24,2148,0.34533465388617096,0.07991743597461057,0.17548634783607292,0.39926156230314436,25,20,20
24,2149,0.3453344162875564,0.07991743597432695,0.17547969924880363,0.3992684484893121,25,20,20
24,2150,0.34532756605591813,0.0799174359743001,0.17548424390595763,0.39927075406382323,25,20,20
24,2151,0.3446484031595143,0.07991743843044725,0.17615270619466902,0.39928145221536854,25,20,20
24,2152,0.3451016214635779,0.07991743845007726,0.17569948588075623,0.39928145420558764,25,20,20
24,2153,0.34511754150418633,0.0799174384516971,0.17578717476696404,0.39917784527715156,25,20,20
24,2154,0.3450567319202722,0.07991743844704534,0.17591170052851324,0.3991141291041679,25,20,20
24,2155,0.34505977893237977,0.0799174384331489,0.17578651123591757,0.39923627139855244,25,20,20
24,2156,0.3450598321837773,0.07991743841923477,0.17565712217125962,0.39936560722572706,25,20,20
24,2157,0.34505685318189955,0.07991743841925275,0.17565715622030886,0.3993685521785376,25,20,20
24,2158,0.3450460559190581,0.0799174384182367,0.17556501019538676,0.39947149546731725,25,20,20
24,2159,0.3451027642961191,0.07991744325709559,0.1754397720357792,0.39954002041100567,25,20,20
24,2160,0.34510659206509514,0.07991303274054276,0.17544035479307263,0.3995400204012893,25,20,20
24,2161,0.30555250643331133,0.07991304180159314,0.20193148159704893,0.41260297016804626,25,20,20
24,2162,0.30554956541283373,0.07991304180161034,0.20192920648869336,0.41260818629686213,25,20,20
24,2163,0.3042811798245067,0.0799130808133299,0.20319745753785803,0.41260828182430487,25,20,20
24,2164,0.3042860592515907,0.07991308081335545,0.20307027323656407,0.41273058669848917,25,20,20
24,2165,0.3014149645379857,0.07991331068531823,0.20594343966638895,0.4127282851103049,25,20,20
24,2166,0.3014069903700922,0.07991331068520977,0.20594333647232357,0.41273636247237233,25,20,20
24,2167,0.28545177489174767,0.07991331080970167,0.22189855939995712,0.4127363548985904,25,20,20
24,2168,0.285679953723406,0.07992701017909874,0.22165608776489912,0.4127369483325945,25,20,20
24,2169,0.27632349803997963,0.07992739784833719,0.23101065985972347,0.41273844425195816,25,20,20
24,2170,0.27631176732909596,0.07992739784854734,0.23138175640854375,0.4123790784138114,25,20,20
24,2171,0.27615474720321515,0.07992739793871702,0.23153876516094749,0.41237908969711895,25,20,20
24,2172,0.27616572879531853,0.0799273979387969,0.2315434705664317,0.41236340269945154,25,20,20
24,2173,0.28549857083711366,0.0799270086771711,0.22221290687560535,0.4123615136101084,25,20,20
24,2174,0.2867495626545145,0.07992696966665865,0.22096204101386838,0.4123614266649571,25,20,20
24,2175,0.2867557317366846,0.07992696966772493,0.22095727168376644,0.4123600269118228,25,20,20
24,2176,0.2867495616904287,0.07992696966664574,0.22095555029557398,0.41236791834735037,25,20,20
24,2177,0.2542560268286103,0.07992696997786618,0.2534489458993279,0.41236805729419546,25,20,20
24,2178,0.217027812317207,0.07993276393355533,0.29068155136442064,0.4123578723848182,25,20,20
24,2179,0.21567252952530042,0.07992696746582748,0.29204314547802457,0.41235735753084873,25,20,20
24,2180,0.21537704471860855,0.07992696928398862,0.2923386198404817,0.4123573661569224,25,20,20
24,2181,0.21538002466718545,0.07992696928397097,0.29233850724919785,0.41235449879964653,25,20,20
24,2182,0.21630981421498838,0.07992696894369829,0.29140875550673273,0.4123544613345812,25,20,20
24,2183,0.21608381235166582,0.07991315612924041,0.28815488862635913,0.415848142892734,25,20,20
24,2184,0.21607954931028167,0.07991315612866226,0.28815468828516905,0.41585260627588605,25,20,20
24,2185,0.21065307075466883,0.07991316237563373,0.29358117179762805,0.41585259507206884,25,20,20
24,2186,0.21035988916352616,0.07991315331262001,0.2669516254291844,0.4427753320946684,25,20,20
24,2187,0.2159894510617461,0.07991314695544391,0.26132207229770066,0.44277532968510774,25,20,20
24,2188,0.21622190960971466,0.07991314695546171,0.26131749725958636,0.4425474461752357,25,20,20
24,2189,0.21622569052448454,0.07991314695566232,0.2723713131126662,0.43148984940718627,25,20,20
24,2190,0.2170160455796183,0.0799131693474019,0.27164945781339095,0.43142132725958937,25,20,20
24,2191,0.21700529436111482,0.07991316933802385,0.27166021161891263,0.43142132468194744,25,20,20
24,2192,0.21700228717460227,0.07933720030964801,0.2722391878315837,0.4314213246841641,25,20,20
24,2193,0.21700265614922182,0.07933720030994379,0.2724478654859931,0.43121227805483947,25,20,20
24,2194,0.21700558275081164,0.07933720030991687,0.2724477138487122,0.4312095030905585,25,20,20
24,2195,0.21841489746384213,0.07933720038868754,0.27103837115122287,0.4312095309962465,25,20,20
24,2196,0.21841489782984688,0.07933720038893162,0.2711635822700397,0.43108431951118037,25,20,20
24,2197,0.2184102584775985,0.07933720038871409,0.2601097702764234,0.442142770857262,25,20,20
24,2198,0.21840723318506305,0.0793372003887146,0.2601143912065569,0.4421411752196637,25,20,20
24,2199,0.2184052032476814,0.07933720038873139,0.2601121445166948,0.44214545184689086,25,20,20
24,2200,0.21840184720316425,0.07933720038844387,0.25990816594642413,0.44235278646196624,25,20,20
24,2201,0.21908416204561423,0.0793369661218199,0.259226126142248,0.44235274569031724,25,20,20
24,2202,0.2190871491096311,0.07933696612181525,0.25931385077482927,0.4422620339937237,25,20,20
24,2203,0.18323108315054137,0.07933696695586773,0.295176485581228,0.4422554643123634,25,20,20
24,2204,0.18322404605893844,0.07933696297389485,0.26502292986785475,0.47241606109931233,25,20,20
24,2205,0.18321982644528476,0.07933696297360818,0.26475612323100345,0.47268708735010384,25,20,20
24,2206,0.1832178109059643,0.07933696297364402,0.26475609138945466,0.4726891347309371,25,20,20
24,2207,0.18321782747820545,0.07933696297368846,0.2646638649631116,0.47278134458499443,25,20,20
24,2208,0.18322457399764316,0.07933696298740883,0.2646571183503837,0.47278134466456256,25,20,20
24,2209,0.18322255853238287,0.07933696298719073,0.26452721246027144,0.47291326602015366,25,20,20
24,2210,0.2205212222680442,0.07933698548976706,0.22722858631502316,0.4729132059271643,25,20,20
24,2211,0.22003577244281278,0.0793369860394854,0.22758216556100766,0.47304507595669315,25,20,20
24,2212,0.22014986198832534,0.07933698603957696,0.22758246342731223,0.47293068854478465,25,20,20
24,2213,0.22015191445695745,0.0793369860395423,0.2275890244204548,0.47292207508304507,25,20,20
24,2214,0.21991041702284536,0.07933698603950629,0.22759119264120684,0.47316140429644127,25,20,20
24,2215,0.21964820785029235,0.07933698423639626,0.22785341942296797,0.4731613884903429,25,20,20
24,2216,0.21993478431025412,0.079336984224414,0.2275668437963225,0.47316138766900884,25,20,20
24,2217,0.2199349346821967,0.07933698422468276,0.22765979370554884,0.4730682873875714,25,20,20
24,2218,0.195473101070917,0.07933714108246696,0.25203167498726714,0.4731580828593483,25,20,20
24,2219,0.19590817809111433,0.07933713099294751,0.2515961951084831,0.4731584958074546,25,20,20
24,2220,0.19590519878291685,0.07933713099293967,0.25160069952589864,0.47315697069824414,25,20,20
24,2221,0.23578068185590595,0.07933713094987156,0.21172521911412331,0.47315696808009905,25,20,20
24,2222,0.2020029426504076,0.08023107007892845,0.2446089957457613,0.4731569915249028,25,20,20
24,2223,0.22670744829771475,0.08023091322040825,0.21999444294863055,0.47306719553324605,25,20,20
24,2224,0.2258695006334603,0.08024166873169643,0.22077022751640318,0.47311860311844006,25,20,20
24,2225,0.22587645733254,0.08024166873169084,0.22103173912960375,0.4728501348061651,25,20,20
24,2226,0.22587651088899527,0.08024166873169915,0.21469837500369293,0.4791834453756124,25,20,20
24,2227,0.2258774421775641,0.08024166873198425,0.21482861855695187,0.47905227053349875,25,20,20
24,2228,0.22496808532395607,0.08024166872517086,0.21574434877010187,0.4790458971807714,25,20,20
24,2229,0.22496913665898627,0.08024166872510007,0.21574213064742362,0.47904706396849034,25,20,20
24,2230,0.22496617174502342,0.08024166872510884,0.21573564175032542,0.4790565177795429,25,20,20
24,2231,0.2528037277046967,0.08025295903471251,0.18788676069091712,0.479056552569674,25,20,20
24,2232,0.2527768947756768,0.08024218080882564,0.18797578221608213,0.47900514219941576,25,20,20
24,2233,0.2527849451546523,0.0796366445214647,0.18857326811401198,0.4790051422098715,25,20,20
24,2234,0.2527699584272719,0.05151982696620758,0.21670507241169165,0.4790051421948292,25,20,20
24,2235,0.2527728349785132,0.05151982696628415,0.21670978197567586,0.47899755607952677,25,20,20
24,2236,0.2531451400855565,0.05151982995068688,0.21646934411364874,0.47886568585010814,25,20,20
24,2237,0.2531491143441748,0.05151982995063673,0.2164647191664522,0.47886633653873645,25,20,20
24,2238,0.25315011848322605,0.051519829950716564,0.21637338525137154,0.4789566663146858,25,20,20
24,2239,0.25314913361991903,0.05151982995042283,0.21624314413031415,0.47908789229934423,25,20,20
24,2240,0.2531493491634824,0.051520588446877964,0.21624934148849084,0.4790807209011485,25,20,20
24,2241,0.2531494019150505,0.05152058844687843,0.21624922500780705,0.4790807846302638,25,20,20
24,2242,0.2931105117855511,0.051519829022905375,0.17628887460360032,0.47908078458794234,25,20,20
24,2243,0.293113535803787,0.051519829022904695,0.1762841746136009,0.4790824605597066,25,20,20
24,2244,0.29322625905861327,0.061461776613696,0.16622950362755737,0.47908246070013244,25,20,20
24,2245,0.29323225115200746,0.06146177661368627,0.16622953834169596,0.4790764338926094,25,20,20
24,2246,0.29333348161015,0.0614617766142585,0.16612830801735476,0.47907643375823583,25,20,20
24,2247,0.2933375893742429,0.06206052234226567,0.16552545451998554,0.47907643376350534,25,20,20
24,2248,0.2933393621721517,0.062060522341899134,0.16552371921447723,0.47907639627147147,25,20,20
24,2249,0.309787810539086,0.06206052216966801,0.14907526304949012,0.4790764042417554,25,20,20
24,2250,0.30936422647657535,0.06206053157310762,0.14949737614136158,0.47907786580895495,25,20,20
24,2251,0.32142804489314636,0.062049241283178465,0.13744488258169896,0.4790778312419757,25,20,20
24,2252,0.31830764093959396,0.062049406869594766,0.14056509079151394,0.47907786139929703,25,20,20
24,2253,0.3182989270813794,0.06115547206429161,0.1414665721694366,0.47907902868489316,25,20,20
24,2254,0.31873435357427704,0.06115546269923082,0.14103261601647415,0.47907756771001886,25,20,20
24,2255,0.318746435647021,0.061155462701658225,0.14140552643036353,0.478692575220958,25,20,20
24,2256,0.3187590831484449,0.06115546270169252,0.14153549096796125,0.478549963181902,25,20,20
24,2257,0.3187551594927242,0.061155462701649836,0.1415354062206444,0.4785539715849822,25,20,20
24,2258,0.3186401392519251,0.06115546270152371,0.14153507636389373,0.4786693216826581,25,20,20
24,2259,0.31805226842345347,0.06115546266438091,0.14212295589053148,0.4786693130216346,25,20,20
24,2260,0.318055177389793,0.061155462664566854,0.15608786787371054,0.46470149207193034,25,20,20
24,2261,0.31804813424541656,0.061155462664531396,0.15582173295120755,0.46497467013884475,25,20,20
24,2262,0.2833843906208919,0.061155449950267525,0.19048598077561862,0.4649741786532213,25,20,20
24,2263,0.27739234276711433,0.06115575347482695,0.1964776545485878,0.46497424920946984,25,20,20
24,2264,0.2773925713300358,0.061155753474869096,0.18251757852462755,0.4789340966704662,25,20,20
24,2265,0.2774034146246854,0.06115575347465943,0.18223644821960996,0.47920438368104423,25,20,20
24,2266,0.2805479530328593,0.06115558808766469,0.17909208698012488,0.47920437189935006,25,20,20
24,2267,0.2608553716423977,0.06115699221996623,0.19878270987625662,0.47920492626137834,25,20,20
24,2268,0.26137806188901036,0.06115699222625762,0.1987879900314143,0.47867695585331643,25,20,20
24,2269,0.26137806312138906,0.061156992226257804,0.1987879893950403,0.4786769552573116,25,20,20
24,2270,0.2608523768236103,0.06115699221997508,0.19878281699921074,0.47920781395720263,25,20,20
24,2271,0.2608444212197598,0.061156992219896116,0.1986929677818509,0.47930561877849187,25,20,20
24,2272,0.26084745126750136,0.061156992220004654,0.19869950001133674,0.479296056501156,25,20,20
24,2273,0.2564599895336472,0.06115767940770071,0.20289951825301308,0.4794828128056382,25,20,20
24,2274,0.2564579238663547,0.06115767940776957,0.20289952318051646,0.47948487354535835,25,20,20
24,2275,0.2564580645789713,0.06115767940777002,0.20289949094211523,0.47948476507114257,25,20,20
24,2276,0.2564600253559007,0.06115767940783689,0.20302899375240727,0.479353301483854,25,20,20
24,2277,0.25647587655103155,0.06115737588467276,0.20301351661292522,0.4793532309513699,25,20,20
24,2278,0.2564759302924886,0.06115737588468137,0.2030135952532889,0.4793530985695409,25,20,20
24,2279,0.256463795948773,0.06115737588226335,0.20264072115253393,0.47973810701642955,25,20,20
24,2280,0.25646379555400073,0.06115737588226356,0.20264072403755842,0.47973810452617693,25,20,20
24,2281,0.24231344749354983,0.061168199357586016,0.21678007939940802,0.47973827374945605,25,20,20
24,2282,0.24231354190266122,0.06116819937143676,0.2170685287758662,0.4794497299500356,25,20,20
24,2283,0.24218856945802625,0.061168199334656254,0.21719350184846742,0.4794497293588497,25,20,20
24,2284,0.24219152935663232,0.06116819933494369,0.21756641495347256,0.47907385635495076,25,20,20
24,2285,0.24777828853036318,0.06116819954538691,0.21197835828879563,0.4790751536354537,25,20,20
24,2286,0.26206627492705403,0.06115737253651201,0.1977013676370644,0.47907498489936906,25,20,20
24,2287,0.26207049880731215,0.06115737246079856,0.19769714385770257,0.47907498487418665,25,20,20
24,2288,0.26207048886937306,0.061157372460795535,0.1977017380747936,0.47907040059503786,25,20,20
24,2289,0.2539054038111064,0.06115737752925923,0.2058653249095995,0.4790718937500353,25,20,20
24,2290,0.2539044651483817,0.06115737770770934,0.20586625709599748,0.47907190004791184,25,20,20
24,2291,0.25390234435896575,0.061157377693928455,0.20557870272378587,0.4793615752233203,25,20,20
24,2292,0.2540171321224991,0.061157377540587185,0.20546382969488167,0.4793616606420324,25,20,20
24,2293,0.25401972836502507,0.06116313644620372,0.2054566656657149,0.47936046952305555,25,20,20
24,2294,0.2538339661615119,0.0611631364617338,0.20563116489845143,0.4793717324783026,25,20,20
24,2295,0.2538266140655574,0.061163380748812876,0.2056382727119742,0.47937173247365517,25,20,20
24,2296,0.25828597828937044,0.06116337564731715,0.20118040685813093,0.47937023920518124,25,20,20
24,2297,0.25828395559341594,0.06116337564734296,0.20117809016904548,0.47937457859019506,25,20,20
24,2298,0.25828391682961316,0.06116337566132502,0.20130759792224706,0.4792451095868142,25,20,20
24,2299,0.2587517283251174,0.061163375663745835,0.20167637156443777,0.4784085244466987,25,20,20
24,2300,0.2587538071930394,0.06116337566372884,0.20168108551018094,0.47840173163305044,25,20,20
24,2301,0.26253696551152317,0.06116337566340585,0.19789792737059336,0.4784017314544773,25,20,20
24,2302,0.25626449458830924,0.06116338360644447,0.2041703892022756,0.4784017326029704,25,20,20
24,2303,0.2562646012546029,0.0611633836061486,0.2037974776203299,0.4787745375189185,25,20,20
24,2304,0.25626755468540735,0.06116338360615584,0.2100401372275976,0.4725289244808394,25,20,20
24,2305,0.2576303892170249,0.061163383523229795,0.2086773304112435,0.472528896848502,25,20,20
24,2306,0.25763040630556516,0.061163383523240224,0.20269620634860813,0.47851000382258646,25,20,20
24,2307,0.2241583694096,0.06116352237823583,0.23170835061900083,0.48296975759316346,25,20,20
24,2308,0.23680036971007176,0.06116353246960844,0.2190663327792791,0.4829697650410408,25,20,20
24,2309,0.23680325119733162,0.06116802429702704,0.21905895946745935,0.48296976503818206,25,20,20
24,2310,0.2368032693819713,0.06116802429691888,0.2190523752194,0.4829763311017102,25,20,20
24,2311,0.23680326926363418,0.061146013624541376,0.21907438601011475,0.48297633110171007,25,20,20
24,2312,0.2368043483597383,0.06114601362478702,0.21880997585981013,0.4832396621556648,25,20,20
24,2313,0.23680128347335935,0.0611460136247734,0.22505300905033945,0.47699969385152824,25,20,20
24,2314,0.2563915043186097,0.06114460929308561,0.20546476402663696,0.47699912236166825,25,20,20
24,2315,0.25618172889884055,0.061144609329136144,0.2056745322714079,0.4769991295006159,25,20,20
24,2316,0.2563072275469096,0.061144609614947144,0.20556029528082578,0.476987867557318,25,20,20
24,2317,0.2561947522357232,0.07994626717129494,0.18687111317348118,0.4769878674195008,25,20,20
24,2318,0.25619382293025816,0.07994626717123335,0.18687580676992824,0.4769841031285801,25,20,20
24,2319,0.2561998795929421,0.07994626715723457,0.18674540643899035,0.47710844681083237,25,20,20
24,2320,0.2561969002973361,0.07994626715725199,0.18674549473748722,0.4771113378079239,25,20,20
24,2321,0.25619692105127745,0.07994626683850846,0.18674547430215757,0.4771113378080562,25,20,20
24,2322,0.2561967076599377,0.07813567772941633,0.18855529221501244,0.4771123223956335,25,20,20
24,2323,0.2564636561172063,0.07813567751764888,0.18828964125959619,0.47711102510554854,25,20,20
24,2324,0.25114934478110706,0.0781356813805298,0.19360365043559669,0.4771113234027663,25,20,20
24,2325,0.24262650333020697,0.07813569540840991,0.20211577445135784,0.4771220268100243,25,20,20
24,2326,0.24262651766921625,0.0781356954084368,0.20211577421710822,0.477122012705238,25,20,20
24,2327,0.24262247177260382,0.07813569540863652,0.20212244053245365,0.4771193922863053,25,20,20
24,2328,0.2424092225954215,0.07813554861113678,0.20293337969742256,0.47652184909601686,25,20,20
24,2329,0.24242031913923132,0.07813554861121436,0.20293751715796027,0.47650661509159176,25,20,20
24,2330,0.24242338126427662,0.07892940255223267,0.20214060062426406,0.47650661555922474,25,20,20
24,2331,0.24241724709451698,0.07892940255223233,0.20226997501215752,0.4763833753410907,25,20,20
24,2332,0.24241714649010715,0.07892940255200691,0.20692259891403975,0.47173085204384285,25,20,20
24,2333,0.2424181278435159,0.07892940255205493,0.2006748859057498,0.4779775836986759,25,20,20
24,2334,0.24242238816543107,0.07892940255310765,0.20054564869590671,0.4781025605855519,25,20,20
24,2335,0.2424899675222649,0.07814985982561559,0.20125761185660995,0.4781025607955069,25,20,20
24,2336,0.233848167352179,0.07814985952786832,0.209899413466091,0.4781025596538592,25,20,20
24,2337,0.2333773592730115,0.07814985952543783,0.20953052432934155,0.4789422568722069,25,20,20
24,2338,0.23337363253848178,0.07814986560745826,0.2133020190590457,0.47517448279501223,25,20,20
24,2339,0.2030142816087513,0.07814986323485457,0.24367208106008142,0.47516377409631183,25,20,20
24,2340,0.203016350986834,0.07814986324875399,0.2435549366311736,0.47527884913323754,25,20,20
24,2341,0.2058524714175935,0.07814821487929441,0.24072046522375756,0.47527884847935326,25,20,20
24,2342,0.20542016708210045,0.07814752768098024,0.24134021338355918,0.47509209185335943,25,20,20
24,2343,0.20542008040841606,0.07814752768095351,0.24134013311738567,0.475092258793244,25,20,20
24,2344,0.205422635493474,0.07814752768608327,0.24133757089508126,0.47509226592536075,25,20,20
24,2345,0.20541974406142002,0.07814752768663295,0.24133907938948326,0.4750936488624637,25,20,20
24,2346,0.20541971185719188,0.07814752768667747,0.24134378008558044,0.4750889803705502,25,20,20
24,2347,0.20542071060369094,0.0781475276867308,0.2413437852406256,0.4750879764689525,25,20,20
24,2348,0.2054175686032476,0.07814752768671016,0.23668632896381495,0.47974857474622723,25,20,20
24,2349,0.21695679158829695,0.07814754617584524,0.22514709061405408,0.47974857162180407,25,20,20
24,2350,0.21695680815579194,0.07814754617561054,0.22514050318338744,0.4797551424852103,25,20,20
24,2351,0.22219726121730518,0.07814754229923172,0.2199004414833376,0.47975475500012593,25,20,20
24,2352,0.22219724484859615,0.07814754229922193,0.21990198280932802,0.4797532300428543,25,20,20
24,2353,0.22304494813661863,0.07814753638889842,0.21914155239562078,0.47966596307886306,25,20,20
24,2354,0.22303378389152248,0.0781475363888129,0.21914394149064967,0.4796747382290153,25,20,20
24,2355,0.2230379133363366,0.07814753638887428,0.21923195631729953,0.47958259395748987,25,20,20
24,2356,0.18472567247910482,0.07814754183345218,0.2575440439336089,0.47958274175383386,25,20,20
24,2357,0.1847274999654382,0.07814754183243236,0.25754386816891073,0.4795810900332188,25,20,20
24,2358,0.18472037929872875,0.07814754183235818,0.25755038492039084,0.4795816939485223,25,20,20
24,2359,0.18471726933035845,0.07814754183214147,0.26380462185533127,0.4733305669821679,25,20,20
24,2360,0.1618374821656179,0.07815115484191637,0.28667064158376937,0.47334072140869543,25,20,20
24,2361,0.16144626139231452,0.07815115626872825,0.2870673837679388,0.4733351985710169,25,20,20
24,2362,0.16150078376983598,0.07815115626928242,0.28706500571294924,0.473283054247931,25,20,20
24,2363,0.1614937957892633,0.0781796106432223,0.28704353932429194,0.4732830542432216,25,20,20
24,2364,0.16149284875465003,0.07817961064317758,0.2870436487600961,0.4732838918420758,25,20,20
24,2365,0.14456486638658242,0.07817599763368062,0.3039853984500505,0.47327373752968493,25,20,20
24,2366,0.1338640423975516,0.07817603551864948,0.3146841164394078,0.47327580564438976,25,20,20
24,2367,0.1338125180985471,0.07817603552177181,0.31477412148441825,0.47323732489526127,25,20,20
24,2368,0.14558881642287694,0.07817600701758072,0.30299774364200227,0.4732374329175385,25,20,20
24,2369,0.1455948202685906,0.078176007809311,0.3031328461710089,0.473096325751088,25,20,20
24,2370,0.1455958348406963,0.07817600780933467,0.29687698386675726,0.47935117348321055,25,20,20
24,2371,0.1454077256996315,0.07817619959030699,0.29407496818122164,0.48234110652883777,25,20,20
24,2372,0.18482019057536983,0.07817600621663455,0.25765289077028763,0.4793509124377071,25,20,20
24,2373,0.1848271611891831,0.07817600621666851,0.25764850416707613,0.47934832842707176,25,20,20
24,2374,0.18483195232098318,0.07817053444797212,0.2576491605720909,0.47934835265895204,25,20,20
24,2375,0.18324613303291254,0.07817052931655821,0.259235047951669,0.4793482896988579,25,20,20
24,2376,0.183250055221811,0.0781705293026676,0.2592227630760673,0.4793566523994518,25,20,20
24,2377,0.18246285159774867,0.07817051760363766,0.26000998162233563,0.47935664917627674,25,20,20
24,2378,0.17275528763203915,0.0781708547513579,0.26971722304586754,0.4793566345707338,25,20,20
24,2379,0.1698549056522972,0.07815794401878366,0.2726305157726276,0.4793566345562905,25,20,20
24,2380,0.17067307848848795,0.07815799080094261,0.2718123621644645,0.4793565685461042,25,20,20
24,2381,0.17067302375035193,0.07815799079726912,0.2717201515325647,0.47944883391981397,25,20,20
24,2382,0.17067317483080746,0.07815799079729906,0.27171539600933153,0.47945343836256166,25,20,20
24,2383,0.177625262119819,0.07815770280111672,0.26476267777976187,0.47945435729930247,25,20,20
24,2384,0.17185693623163434,0.07815770287175546,0.27053239040229127,0.47945297049431906,25,20,20
24,2385,0.17185805889265243,0.07815770287168008,0.27053230346591983,0.479451934769748,25,20,20
24,2386,0.17209436630297803,0.07815770286888644,0.27029600258010567,0.47945192824803096,25,20,20
24,2387,0.17209442179369475,0.07815770207715676,0.2701608667040683,0.47958700942508115,25,20,20
24,2388,0.13270188271160072,0.0781577539868045,0.3095454947561091,0.47959486854548655,25,20,20
24,2389,0.13289409651327022,0.07816913818162347,0.3093406391798476,0.47959612612525876,25,20,20
24,2390,0.13289211458432906,0.07816913818164822,0.30934064145412554,0.47959810577989725,25,20,20
24,2391,0.14618098359760348,0.0781691032089618,0.29605346500641133,0.47959644818702274,25,20,20
24,2392,0.14617793638825388,0.07816910320897957,0.2960533793859978,0.4795995810167683,25,20,20
24,2393,0.14617692635145876,0.07816910322282164,0.29622401517579894,0.47942995524992027,25,20,20
24,2394,0.18603088065976692,0.07816910279870791,0.2563700607028067,0.4794299558387188,25,20,20
24,2395,0.19570081906029718,0.0781687658247115,0.2467005523793247,0.47942986273566673,25,20,20
24,2396,0.19570773902761876,0.07816876581085772,0.24652807055912057,0.479595424602403,25,20,20
24,2397,0.1887011377513326,0.07816911538033222,0.25343935232205217,0.4796903945462836,25,20,20
24,2398,0.18870406334202564,0.07816911538032265,0.2534440228508473,0.4796827984268051,25,20,20
24,2399,0.18870406436150414,0.0781691153803227,0.2534424793853977,0.47968434087277634,25,20,20
24,2400,0.18870496979575513,0.07816911528430609,0.25344157464514855,0.4796843402747913,25,20,20
24,2401,0.1887049497465968,0.0764515254703809,0.25515918450287617,0.4796843402801476,25,20,20
24,2402,0.18319590190249627,0.07645154771334291,0.26062029878527876,0.47973225159888344,25,20,20
24,2403,0.18320192852318062,0.0764515477136133,0.26062192139919416,0.47972460236401304,25,20,20
24,2404,0.22296012752762656,0.07645154786418287,0.22086370470512587,0.47972461990306564,25,20,20
24,2405,0.22295618660336067,0.07645154786416705,0.2208637903974026,0.47972847513507055,25,20,20
24,2406,0.19465747464623956,0.07649806480195226,0.24911556657752193,0.4797288939742881,25,20,20
24,2407,0.1946594050310766,0.07706977034829374,0.24854291522160032,0.47972790939903126,25,20,20
24,2408,0.2340123229545576,0.0770697703644689,0.20918457596343829,0.4797333307175375,25,20,20
24,2409,0.2209885902487084,0.07714300498209749,0.22213472753548985,0.47973367723370663,25,20,20
24,2410,0.22098451305847827,0.07714300498200492,0.2220486860874615,0.47982379587205726,25,20,20
24,2411,0.22098256420232748,0.0783590782549712,0.2208345616856937,0.4798237958570096,25,20,20
24,2412,0.22098576415789256,0.07835907825501531,0.22083250455728035,0.4798226530298134,25,20,20
24,2413,0.22118853125529359,0.07835907843373863,0.22063510757216467,0.47981728273880475,25,20,20
24,2414,0.22119152885919025,0.0783590784337301,0.22064159628029606,0.47980779642678534,25,20,20
24,2415,0.23280074442095497,0.07835905327775561,0.20908070290304154,0.4797594993982496,25,20,20
24,2416,0.23858488306651016,0.07835905327816639,0.20329656419885303,0.47975949945647,25,20,20
24,2417,0.2516386606742037,0.07828581869289003,0.19031622208273224,0.47975929855017485,25,20,20
24,2418,0.2516387630798464,0.07828581869306178,0.19044101241804415,0.47963440580904837,25,20,20
24,2419,0.25163586913034847,0.07828546577235089,0.190447051549015,0.4796316135482859,25,20,20
24,2420,0.2516387778776311,0.0782854657856632,0.19081851873978195,0.4792572375969242,25,20,20
24,2421,0.25164174275046375,0.0408217700499211,0.22827924960800122,0.4792572375916141,25,20,20
24,2422,0.25163869607426137,0.040821770049754215,0.22815636303225198,0.4793831708437324,25,20,20
24,2423,0.25160193295080346,0.04082176986873835,0.2281932891653684,0.4793830080150897,25,20,20
24,2424,0.25162590755343245,0.04082177011718396,0.22816928329185854,0.479383039037525,25,20,20
24,2425,0.25162983223144286,0.04082177011720115,0.22816920608036717,0.4793791915709885,25,20,20
24,2426,0.2516328450877715,0.001136793088360049,0.2678511701250885,0.4793791916987791,25,20,20
24,2427,0.25095919280613144,0.0011367985279913386,0.2685247122523557,0.4793792964135201,25,20,20
24,2428,0.24995453527121814,0.0019167369217675781,0.26874954903206205,0.4793791787749502,25,20,20
24,2429,0.2499614541678033,0.0019167369217980258,0.26874306088191763,0.47937874802847913,25,20,20
24,2430,0.24995082452688921,0.001916736921737881,0.2686130929943496,0.47951934555702136,25,20,20
24,2431,0.24991915473623677,0.0019167369209461904,0.2686447873071079,0.4795193210357074,25,20,20
24,2432,0.24991919511586516,0.0019167369209459014,0.2686462680828212,0.47951779988036614,25,20,20
24,2433,0.24991914487602554,0.0019167369209547938,0.2686443636153076,0.47951975458771096,25,20,20
24,2434,0.2499171373455598,0.0019167369071398943,0.2684012805703629,0.47976484517693607,25,20,20
24,2435,0.2500762913725826,0.0019167367130290991,0.26824217766770025,0.4797647942466867,25,20,20
24,2436,0.25006911558668093,0.0019167367129497145,0.2682420947227618,0.479772052977606,25,20,20
24,2437,0.2501385251312012,0.0019168805867048975,0.26822676092463654,0.47971783335745627,25,20,20
24,2438,0.2501355962613729,0.001916880586720856,0.2742983890513501,0.47364913410055515,25,20,20
24,2439,0.2501355950105373,0.0019168805867215996,0.2742983904983878,0.4736491339043525,25,20,20
24,2440,0.25013552271038614,0.0019168805867163896,0.27429171627559873,0.47365588042729795,25,20,20
24,2441,0.25019054959211373,0.0011106337308816978,0.2750429362396366,0.47365588043736595,25,20,20
24,2442,0.2507418840916236,0.001110632751068659,0.2744893388407654,0.47365814431654085,25,20,20
24,2443,0.2509564736936118,0.0011106282144801663,0.27427712694929646,0.4736557711426101,25,20,20
24,2444,0.25103585469819995,0.0011106282616446602,0.27419773923846574,0.47365577780168855,25,20,20
24,2445,0.25102886792310564,0.001110628261347081,0.27419611463696636,0.4736643891785799,25,20,20
24,2446,0.25102886139852726,0.0011106282613417508,0.2745674937980443,0.47329301654208566,25,20,20
24,2447,0.25102490225431323,0.001110628261315713,0.2746968557943639,0.47316761369000665,25,20,20
24,2448,0.2510290194903187,0.0011106282613421673,0.2746969424984183,0.47316340974991994,25,20,20
24,2449,0.2183285914785299,0.0011106437602305035,0.3073905320678582,0.4731702326933808,25,20,20
24,2450,0.21832247061500376,0.0011106437602798331,0.30739085099231245,0.4731760346324033,25,20,20
24,2451,0.21808913209887812,0.0011106439351101867,0.30762417309599177,0.4731760508700191,25,20,20
24,2452,0.2108686310020805,0.0011106283891543633,0.31485127603625246,0.4731694645725114,25,20,20
24,2453,0.21086868543978565,0.0011106283891548071,0.31472649748830495,0.4732941886827533,25,20,20
24,2454,0.2109677026646147,0.0003458696809876917,0.31526644644632457,0.47341998120807327,25,20,20
24,2455,0.2101939297284208,0.00034586970971149905,0.316040219389914,0.47341998117195294,25,20,20
24,2456,0.18443906534236668,0.0003458703923959673,0.3417934541007607,0.4734216101644735,25,20,20
24,2457,0.1843717150832042,0.0003460881909943467,0.3418994879430868,0.47338270878271316,25,20,20
24,2458,0.18436876772952965,0.00034608819099396395,0.3418947893900177,0.47339035468945695,25,20,20
24,2459,0.18437267662524115,0.00034608819101600774,0.34152181523613,0.4737594199476112,25,20,20
24,2460,0.18461442305086564,0.00034572650867491434,0.34128043019332455,0.4737594202471335,25,20,20
24,2461,0.18461449193805093,0.0003457265086842942,0.3412805113898317,0.4737592701634319,25,20,20
24,2462,0.17893264378928003,0.00034572633144121305,0.34696237604458624,0.47375925383469136,25,20,20
24,2463,0.17911746183728258,0.000345473797818911,0.34677781024183374,0.47375925412306397,25,20,20
24,2464,0.17912554783452436,0.00034547381182588587,0.34690735412666557,0.4736216242269837,25,20,20
24,2465,0.17911757726457586,0.00034547381176848544,0.3469139507722201,0.47362299815143466,25,20,20
24,2466,0.17911674585817888,0.0003454738117064831,0.34692006655750923,0.4736177137726055,25,20,20
24,2467,0.1850507229268743,0.00034547387679854534,0.34098608973331307,0.4736177134630143,25,20,20
24,2468,0.18505072390266544,0.00034547387679894384,0.340979683266887,0.4736241189536488,25,20,20
24,2469,0.18505070693064585,0.00034547387678096354,0.3409796270142335,0.47362419217833995,25,20,20
24,2470,0.18481110753088414,0.0003458291950900605,0.34121887125193046,0.47362419202209616,25,20,20
24,2471,0.14580663477071412,0.0003571387665319715,0.38021201965477913,0.4736242068079762,25,20,20
24,2472,0.14580957686859283,0.0003571387665316354,0.38021190391103565,0.4736213804538405,25,20,20
24,2473,0.14589260773560705,0.0013282187240829149,0.3791577928550571,0.47362138068525345,25,20,20
24,2474,0.1690919448369922,0.0013287218915440354,0.35585904813281294,0.47372028513865055,25,20,20
24,2475,0.17177005954116675,0.0013282180401148567,0.353281971597871,0.47361975082084706,25,20,20
24,2476,0.17963392248417148,0.0013016070697259815,0.3455715244787463,0.4734929459673557,25,20,20
24,2477,0.17963399030062066,0.001301607069735558,0.34556682503994696,0.47349757758969635,25,20,20
24,2478,0.17973265413329945,0.0013016070847552499,0.3454684044933578,0.47349733428858665,25,20,20
24,2479,0.1797896517120125,0.0013016070847727535,0.3457131200119715,0.4731956211912427,25,20,20
24,2480,0.17979259747738208,0.001301607084773846,0.3457197980296041,0.4731859974082396,25,20,20
24,2481,0.17979557707617094,0.00130160708474912,0.33964816917545176,0.4792546466636269,25,20,20
24,2482,0.17979258749645946,0.0013016070849842314,0.3396463230693735,0.47925948234918153,25,20,20
24,2483,0.17978860977766087,0.0013016070849527109,0.33964859816190773,0.4792611849754776,25,20,20
24,2484,0.17978561449121078,0.0013016070849613329,0.33964862602084167,0.4792641524029851,25,20,20
24,2485,0.17978568499104797,0.0013016070849975637,0.3396486015133465,0.47926410641060685,25,20,20
24,2486,0.1788125623225781,0.002078184092223608,0.3398451619079452,0.4792640916772518,25,20,20
24,2487,0.17880977848515867,0.0020781840922117155,0.3398449659884531,0.4792670714341756,25,20,20
24,2488,0.1792959038247464,0.0020781839144144764,0.33935884114049236,0.4792670711203455,25,20,20
24,2489,0.17929576672596956,0.0020781839144726278,0.34401623560389616,0.47460981375566047,25,20,20
24,2490,0.17943075235827585,0.0011167385791739893,0.3448426949592994,0.4746098141032485,25,20,20
24,2491,0.17961705751593374,0.0011067768954781457,0.344666211545165,0.4746099540434209,25,20,20
24,2492,0.17964587779871458,0.0011083494445920604,0.3446436757286163,0.4746020970280756,25,20,20
24,2493,0.17958885503973726,0.0011083494445529717,0.3442755581253678,0.47502723739034053,25,20,20
24,2494,0.17972339316493585,0.0011085914315063393,0.34413962368467266,0.47502839171888267,25,20,20
24,2495,0.17972362508890882,0.0011085914314575209,0.33948696713312815,0.4796808163465036,25,20,20
24,2496,0.17972044711594864,0.001108591431421215,0.33948454384237114,0.47968641761025693,25,20,20
24,2497,0.17971746489611679,0.0008435117246968757,0.33975259530932156,0.4796864280698625,25,20,20
24,2498,0.17972844760808218,0.0008435117247235,0.3397526813332113,0.47967535933398153,25,20,20
24,2499,0.17972844888627115,0.0008435117249536825,0.34440792137644033,0.47502011801233235,25,20,20
24,2500,0.2079116883816841,0.0008436166441942109,0.31622571416974615,0.47501898080437643,25,20,20
24,2501,0.20791181008741058,0.000843616644181766,0.316223518294335,0.4750210549740737,25,20,20
24,2502,0.207932186707857,0.0008436163963528137,0.316203172982881,0.47502102391290996,25,20,20
24,2503,0.22342505559664358,0.0008436166685966219,0.3007104272776422,0.47502090045711803,25,20,20
24,2504,0.2234279287705428,0.0008436166685825322,0.3007104258622015,0.4750180286986727,25,20,20
24,2505,0.22343178288613738,0.0008436166686257897,0.30071505395140496,0.47500954649383154,25,20,20
24,2506,0.22341674158660696,0.000843616654606877,0.30058564992848186,0.47515399183030416,25,20,20
24,2507,0.21778491043211315,0.0007971253733003768,0.30626439119845705,0.4751535729961288,25,20,20
24,2508,0.21778802879916503,0.0007971253733276536,0.3062694884952321,0.4751453573322746,25,20,20
24,2509,0.21779085046283,0.0007971253733638365,0.3062696135642898,0.4751424105995159,25,20,20
24,2510,0.2177827396694861,0.0007971253733012655,0.3062696079532024,0.47515052700400945,25,20,20
24,2511,0.21779391575267024,0.0007899165091090828,0.306265632702911,0.47515053503530935,25,20,20
24,2512,0.21744824371283136,0.0007899165888860312,0.306603580652989,0.47515825904529335,25,20,20
24,2513,0.2316389262011706,0.0007899183419607561,0.2924118458485886,0.4751593096082793,25,20,20
24,2514,0.1936968647916855,0.000790263622125361,0.33035353373637355,0.47515933784981285,25,20,20
24,2515,0.1939303420913249,0.0007902636222492063,0.3303554652561697,0.4749239290302533,25,20,20
24,2516,0.19393034443453147,0.000790263622266893,0.33034886348734177,0.47493052845585737,25,20,20
24,2517,0.22366504771098528,0.0007902379527287263,0.30061417741973995,0.4749305369165451,25,20,20
24,2518,0.22366490793964464,0.0007902379527097688,0.30060918670430714,0.4749356674033375,25,20,20
24,2519,0.2093558341683066,0.0007902361845175567,0.3148506720269985,0.47500325762017737,25,20,20
24,2520,0.20491817650665908,0.0007916073591298453,0.3192869276921942,0.4750032884420169,25,20,20
24,2521,0.20491426951775746,0.0007916073593487885,0.3192907956904511,0.47500332743244283,25,20,20
24,2522,0.1950460628962615,0.0007916077963936401,0.3291586185238197,0.4750037107835237,25,20,20
24,2523,0.19504308399584425,0.0007916077963855599,0.32915866512955994,0.47500664307820856,25,20,20
24,2524,0.19504303330444103,0.0007916077966388109,0.32916629393488933,0.4749990649640289,25,20,20
24,2525,0.1950566051254739,0.0007916077970051798,0.3292082746013855,0.47494351247613364,25,20,20
24,2526,0.20647385144700572,0.0007912607358455495,0.31779139141155005,0.474943496405599,25,20,20
24,2527,0.21222265403761592,0.0008000665075503836,0.31203381089529614,0.47494346855953806,25,20,20
24,2528,0.2122199565778325,0.0008000665075232176,0.3120353481030568,0.4749446288115874,25,20,20
24,2529,0.2122226840782373,0.0008000665075350684,0.3120383872261487,0.47493886218807874,25,20,20
24,2530,0.21221970230510473,0.0008000665077819022,0.3124048400894504,0.4745753910976619,25,20,20
24,2531,0.2122227015988923,0.000800066507531275,0.31203198187024594,0.4749452500233293,25,20,20
24,2532,0.21221975826835832,0.0008000665075311421,0.31203206364735353,0.47494811157675587,25,20,20
24,2533,0.21221996746837013,0.0008000665075590831,0.3120386229873969,0.4749413430366724,25,20,20
24,2534,0.21222192833245498,0.0008000665074213953,0.30751213519878434,0.47946586996133816,25,20,20
24,2535,0.21222094653319687,0.0008000665075792888,0.31358348021748006,0.47339550674174263,25,20,20
24,2536,0.2122249952158146,0.0008000665078370751,0.31367109520030223,0.47330384307604517,25,20,20
24,2537,0.21222497830493814,0.0008000665075744152,0.31366251814000995,0.4733124370474766,25,20,20
24,2538,0.1830543242148484,0.000800066104423792,0.3428334383921635,0.4733121712885615,25,20,20
24,2539,0.18305824561518785,0.000800066104457737,0.3428379478859041,0.47330374039444734,25,20,20
24,2540,0.18305824481551553,0.0008000661042472687,0.33676659661453945,0.4793750924656946,25,20,20
24,2541,0.1830619815917953,0.0008000661042641319,0.3368955412924226,0.47924241101151493,25,20,20
24,2542,0.1830661172767632,0.0008000661043141812,0.33690208346057593,0.4792317331583434,25,20,20
24,2543,0.18367377552602013,0.0007999489666902848,0.3362873431376416,0.4792389323696458,25,20,20
24,2544,0.15965803664060874,0.0008001999468175624,0.3603028133134875,0.47923895009908357,25,20,20
24,2545,0.1523189995168601,0.000798621450885826,0.3676433926433329,0.47923898638891865,25,20,20
24,2546,0.15231388289274617,0.0007986214506946776,0.36755119774586953,0.479336297910687,25,20,20
24,2547,0.14971721835251267,0.0008446210233109424,0.3700979502621433,0.4793402103620305,25,20,20
24,2548,0.1497070411773358,0.0008447104170756506,0.37012070411720616,0.47932754428837937,25,20,20
24,2549,0.14973736009338828,0.0008432031211261469,0.37009902502756764,0.47932041175791434,25,20,20
24,2550,0.14414285161214088,0.0008432031226793698,0.37569352921503807,0.4793204160501405,25,20,20
24,2551,0.14413922105446128,0.0008432031229247122,0.3755692632764853,0.47944831254612746,25,20,20
24,2552,0.14413727711699884,0.0008432031228449605,0.37556914004729736,0.4794503797128579,25,20,20
24,2553,0.14414085360671886,0.0008433667516191591,0.3755646158067226,0.47945116383493863,25,20,20
24,2554,0.11838026211782292,0.0008617206414380394,0.40121907452739697,0.47953894271334074,25,20,20
24,2555,0.11838443934787943,0.0008617206455150627,0.4010946731925219,0.4796591668140824,25,20,20
24,2556,0.1183803960689595,0.0008617206454616824,0.40109461814860853,0.4796632651369685,25,20,20
24,2557,0.11838037844320745,0.0008617206454389005,0.401094473914315,0.47966342699703896,25,20,20
24,2558,0.11837730538283037,0.0008617206412689056,0.40108788977838855,0.4796730841975124,25,20,20
24,2559,0.11835404118400213,0.0008616922031273704,0.4011190418700459,0.4796652247428239,25,20,20
24,2560,0.1183239928574611,0.0008616922220976526,0.40073884674475946,0.4800754681756809,25,20,20
24,2561,0.11143880004490248,0.0008525413165219107,0.40763319083462496,0.48007546780394933,25,20,20
24,2562,0.11203846407247646,0.0008525414001830506,0.4070335111959818,0.4800754833313565,25,20,20
24,2563,0.11202993878753112,0.0008526638039511968,0.40700761027058197,0.4801097871379264,25,20,20
24,2564,0.11202678721128102,0.0008526638039231602,0.4070010756241391,0.4801194733606495,25,20,20
24,2565,0.11054803333452477,0.0008066591163765803,0.40852982883428396,0.4801154787148084,25,20,20
24,2566,0.11056124848373602,1.929976523890189e-05,0.40930397310510813,0.4801154786459071,25,20,20
24,2567,0.11055818268642041,1.9299765247598717e-05,0.4093039597924582,0.4801185577558638,25,20,20
24,2568,0.11032774665730058,1.9299764883567907e-05,0.4093018957858773,0.4803510577919293,25,20,20
24,2569,0.12267098321660472,9.459961655306685e-07,0.39706478540866735,0.48026328537855306,25,20,20
24,2570,0.1226680964251964,9.459962342627792e-07,0.3970630769708996,0.48026788060765996,25,20,20
24,2571,0.12278572034130734,6.930431291782873e-07,0.39694691173305185,0.4802666748825024,25,20,20
24,2572,0.12390874249869759,1.699511097864388e-07,0.39582434443743664,0.48026674311274564,25,20,20
24,2573,0.11595899056294735,1.7576351208253546e-07,0.40377353744548794,0.4802672962280425,25,20,20
24,2574,0.15570084479487947,1.7576288616468845e-07,0.36403168768351724,0.48026729175871075,25,20,20
24,2575,0.15596734274266827,1.757362337461077e-07,0.3637653039707873,0.4802671775503021,25,20,20
24,2576,0.15597040776758095,1.7573622566519962e-07,0.36376530423067055,0.4802641122655161,25,20,20
24,2577,0.1559683452677981,1.7573630064570627e-07,0.3637606387616683,0.4802708402342262,25,20,20
24,2578,0.1559711405270032,1.7573648441093487e-07,0.3637605792388075,0.48026810449769874,25,20,20
24,2579,0.15597408354013426,1.7573648393994766e-07,0.36376527939467285,0.48026046132870326,25,20,20
24,2580,0.15597412189674992,1.7573648448960232e-07,0.36376722290006147,0.48025847946669836,25,20,20
24,2581,0.1672328613789367,1.0405870350352095e-05,0.35244825482850467,0.48030847792220294,25,20,20
24,2582,0.1672343580374683,1.0405868681774103e-05,0.3524467581713793,0.4803084779224651,25,20,20
24,2583,0.15606807429480346,1.7561903769457706e-07,0.3636696178585677,0.4802621322275856,25,20,20
24,2584,0.15516775145877088,4.2254291016888904e-07,0.364569762007733,0.4802620639905812,25,20,20
24,2585,0.15506352278701832,3.8399930656781893e-07,0.36467402945146554,0.4802620637622032,25,20,20
24,2586,0.1549423273066224,3.843857643757221e-07,0.3647952232668362,0.4802620650407712,25,20,20
24,2587,0.15494252189577565,3.8438575184533656e-07,0.3648831170183402,0.4801739767001269,25,20,20
24,2588,0.15530305516958717,3.879172977096513e-07,0.36452205783210095,0.4801744990810086,25,20,20
24,2589,0.16821110773173145,3.8791836278079633e-07,0.3516176623218393,0.4801708420280604,25,20,20
24,2590,0.1676106092927371,3.8790597479626814e-07,0.35221822652474166,0.4801707762765368,25,20,20
24,2591,0.1782796756824899,1.2249947741922269e-05,0.33878415534850975,0.4829239190212504,25,20,20
24,2592,0.17828266968700746,1.2249947732956676e-05,0.338784085383315,0.4829209949819364,25,20,20
24,2593,0.17853363390944182,1.2249950626006613e-05,0.3387812136208057,0.4826729025191198,25,20,20
24,2594,0.17853375550557352,1.2249950644224316e-05,0.33878129749963243,0.4826726970441442,25,20,20
24,2595,0.17852683449650872,1.2249950613949009e-05,0.33878319438228266,0.48267772117059105,25,20,20
24,2596,0.17852678110751077,1.2249950605332165e-05,0.33878324777395974,0.48267772116791996,25,20,20
24,2597,0.17852476700381772,1.224995092811652e-05,0.338876479435947,0.4825865036093039,25,20,20
24,2598,0.17852458739955918,1.2249950692685614e-05,0.3387860306685425,0.48267713198120255,25,20,20
24,2599,0.17853154761972578,1.2249950718842992e-05,0.3387795451434121,0.4826766572861401,25,20,20
24,2600,0.17853153111336714,1.2249950717805223e-05,0.3387773202472018,0.48267889868871017,25,20,20
24,2601,0.1787699081731151,1.224995260240421e-05,0.3389489534540938,0.48226888842018545,25,20,20
24,2602,0.17876487456685924,1.2249952638170211e-05,0.3389489564960778,0.48227391898442157,25,20,20
24,2603,0.1789314895810958,1.225140865925639e-05,0.30252773156724844,0.518528527442997,25,20,20
24,2604,0.18689213082055128,1.2245550898279411e-05,0.29456765064944096,0.5185279729791098,25,20,20
24,2605,0.1621402814582704,1.2771139861945171e-05,0.30158988039232054,0.5362570670095472,25,20,20
24,2606,0.16214422023168296,1.277113988752329e-05,0.30158797527609876,0.5362550333523308,25,20,20
24,2607,0.12573709593923948,1.2806511987061107e-05,0.33798306866139577,0.5362670288873745,25,20,20
24,2608,0.11385956997852861,9.44460762738786e-07,0.35262560322346626,0.5335138823372383,25,20,20
24,2609,0.11385833451003498,9.444384122783007e-07,0.3530226086412759,0.533118112410274,25,20,20
24,2610,0.11362048525923713,9.420407295712505e-07,0.3532604605862826,0.533118112113748,25,20,20
24,2611,0.11361848769715238,9.420525176058449e-07,0.3595081113746793,0.5268724588756473,25,20,20
24,2612,0.12309141660400376,9.419381469874545e-07,0.35003519843963987,0.5268724430182059,25,20,20
24,2613,0.12284730291467309,9.419350262047098e-07,0.3500333192572719,0.5271184358930251,25,20,20
24,2614,0.12286581627306127,9.419634338189606e-07,0.35538451642066876,0.5217487253428323,25,20,20
24,2615,0.12286487124322015,9.419516457044553e-07,0.34913689232403916,0.5279972944810912,25,20,20
24,2616,0.12044376460258827,9.065921954436814e-07,0.35156263182775044,0.5279926969774626,25,20,20
24,2617,0.12044462464498035,9.066045394482104e-07,0.35623589801730093,0.5233185707331762,25,20,20
24,2618,0.13014874965809772,1.1655632518740017e-05,0.3465215475985554,0.5233180471108246,25,20,20
24,2619,0.13015962617031498,1.1411427342632665e-05,0.3465109152780785,0.5233180471242601,25,20,20
24,2620,0.1301566828161727,1.141142709830509e-05,0.3465033420731094,0.5233285636836177,25,20,20
24,2621,0.16477041497500308,1.1411540723548398e-05,0.31188960919073755,0.523328564293535,25,20,20
24,2622,0.16477036372604686,1.1411540732238368e-05,0.31188971300776414,0.5233285117254561,25,20,20
24,2623,0.16477821118598807,1.1411540802065911e-05,0.3118896341116532,0.5233207431615557,25,20,20
24,2624,0.16477924737805352,1.1411540766967068e-05,0.31188963157815586,0.5233197095030231,25,20,20
24,2625,0.16477239718774733,1.1411540750393537e-05,0.31189425056504044,0.5233219407064611,25,20,20
24,2626,0.1647726259992853,1.1411528434380177e-05,0.3072210343618728,0.5279949281104074,25,20,20
24,2627,0.16477146844732526,1.141152840140711e-05,0.3072301883351325,0.5279869316891407,25,20,20
24,2628,0.15470368461769612,9.127045656791717e-07,0.317308471644942,0.5279869310327957,25,20,20
24,2629,0.15499528168939655,7.865060468926893e-07,0.2999456951242376,0.545058236680318,25,20,20
24,2630,0.15499521341877232,7.865060419433997e-07,0.30031401877415626,0.5446899813010286,25,20,20
24,2631,0.15490596446956742,7.865475273032908e-07,0.3004032682584539,0.5446899807244493,25,20,20
24,2632,0.15490902995738312,7.865475227301947e-07,0.3004033963148145,0.5446867871802781,25,20,20
24,2633,0.15491694885001805,7.865599329700566e-07,0.30507532999025844,0.5400069345997888,25,20,20
24,2634,0.15903491738210698,7.900885281947909e-07,0.3009559351582629,0.5400083573711002,25,20,20
24,2635,0.15903775020759314,6.976774536400859e-05,0.30088412464090003,0.5400083574061408,25,20,20
24,2636,0.14430561058707628,6.924214638393506e-05,0.29336383913789615,0.5622613081286417,25,20,20
24,2637,0.14436946283719104,6.924214675103648e-05,0.29330645749689616,0.5622548375191596,25,20,20
24,2638,0.14435001886405618,6.924211828215634e-05,0.28795534159359837,0.5676253974240614,25,20,20
24,2639,0.14435296320444738,6.924211827767867e-05,0.2879460539466546,0.5676317407306182,25,20,20
24,2640,0.14427988797456265,6.92421179001662e-05,0.2880271372409775,0.5676237326665577,25,20,20
24,2641,0.14781347801792255,6.932612466778532e-05,0.2839615665801124,0.5681556292772952,25,20,20
24,2642,0.14870862201936272,7.088058595767465e-05,0.28306474063940856,0.56815575675527,25,20,20
24,2643,0.14995537303470358,7.08769453045594e-05,0.2818194166512209,0.5681543333687699,25,20,20
24,2644,0.18628464647613563,7.079292956297173e-05,0.24602212388253616,0.5676224367117632,25,20,20
24,2645,0.18628469973268783,7.079292955900026e-05,0.24602872787580282,0.5676157794619482,25,20,20
24,2646,0.18628471513058475,7.079292956797519e-05,0.24603092557417106,0.5676135663656745,25,20,20
24,2647,0.18622610868824271,7.07929398256879e-05,0.24608953723984311,0.5676135611320865,25,20,20
24,2648,0.18622905160910258,7.07929398258526e-05,0.24571670793999142,0.5679834475110782,25,20,20
24,2649,0.1862269840985145,7.079294034423595e-05,0.24580284340386382,0.5678993795572755,25,20,20
24,2650,0.18604821696303442,7.079148397289886e-05,0.24224744167714912,0.5716335498758421,25,20,20
24,2651,0.18603527409568796,7.10429561976418e-05,0.24226013308556965,0.571633549862544,25,20,20
24,2652,0.18564121728038593,7.104330602682038e-05,0.24265414952969167,0.5716335898838948,25,20,20
24,2653,0.18516734908229524,6.955971808300544e-05,0.2431295192615692,0.5716335719380514,25,20,20
24,2654,0.18539280863050908,0.00031473278886942125,0.24265888609379438,0.5716335724868261,25,20,20
24,2655,0.1853859075940541,0.0003147327888754152,0.2426542649671774,0.5716450946498921,25,20,20
24,2656,0.18528944274495354,0.000314661906089162,0.24275091342486416,0.5716449819240923,25,20,20
24,2657,0.22045415524330314,0.00031770415490260364,0.2075802999287067,0.5716478406730859,25,20,20
24,2658,0.22295616698282353,0.00031770437265696185,0.2050856850095947,0.571640443634924,25,20,20
24,2659,0.22308044048680567,0.0003177044060759185,0.2049614114471928,0.5716404436599247,25,20,20
24,2660,0.22307751212560784,0.00031770440608521415,0.20496141001188609,0.5716433734564198,25,20,20
24,2661,0.22284927768526405,0.0003177044039857168,0.20470327722310958,0.5721297406876393,25,20,20
24,2662,0.22284548564346976,0.000317704407750508,0.20470706842235,0.5721297415264285,25,20,20
24,2663,0.21254767118640774,0.0003177040582649226,0.2150049227321081,0.5721297020232181,25,20,20
24,2664,0.21254774018182215,0.00031770405827843425,0.21500503902845533,0.5721295167314433,25,20,20
24,2665,0.2122604527783561,0.00031770401051177936,0.19241628554874612,0.5950055576623857,25,20,20
24,2666,0.21295402200542368,0.00024847268832274436,0.19179194148804707,0.5950055638182061,25,20,20
24,2667,0.21295493149274328,0.0002484726883304538,0.19179202495019326,0.5950045708687332,25,20,20
24,2668,0.2129449286064441,0.0002484726760005462,0.18712009866370433,0.5996865000538516,25,20,20
24,2669,0.21294093526442354,0.000248472675964744,0.1871202113691275,0.5996903806904846,25,20,20
24,2670,0.21296175204121362,0.0002484735739700212,0.1870993929548857,0.5996903814299283,25,20,20
24,2671,0.2129792595186673,0.00024847357409866236,0.18709739811034998,0.5996748687968815,25,20,20
24,2672,0.2129821677250265,0.00024847427616813095,0.19175585961445268,0.5950134983843509,25,20,20
24,2673,0.19472869187435904,0.0002484739936312876,0.21000121840063815,0.5950216157313699,25,20,20
24,2674,0.19472198088121812,0.00024847399363324917,0.2100012190591717,0.5950283260659751,25,20,20
24,2675,0.19858168007163635,0.00024543240055526877,0.20614685793801787,0.5950260295897888,25,20,20
24,2676,0.19857870304681072,0.0002454316984726764,0.20148820056525818,0.5996876646894567,25,20,20
24,2677,0.19850155742121145,0.0002454316968278137,0.2015653057594486,0.5996877051225102,25,20,20
24,2678,0.2081650428325552,0.0002454316951781131,0.19190182086940244,0.5996877046028622,25,20,20
24,2679,0.20815808837699556,0.0002454316951639158,0.1920317390714666,0.5995647408563721,25,20,20
24,2680,0.20865593380844197,0.0002454317107135238,0.1915338899686261,0.5995647445122166,25,20,20
24,2681,0.20903616748388415,0.0002454539870230143,0.19081882286594248,0.5998995556631478,25,20,20
24,2682,0.20903524138078172,0.00024545398698833586,0.1908217663977274,0.5998975382345001,25,20,20
24,2683,0.20880902587371916,0.0004029561949249721,0.19089048016240043,0.5998975377689535,25,20,20
24,2684,0.19296976209484662,0.00040295562565579224,0.20672399915325726,0.5999032831262388,25,20,20
24,2685,0.19297773162398874,0.00040295562573539,0.20672405341731157,0.5998952593329625,25,20,20
24,2686,0.19298070888381713,0.0004029556257428144,0.20668834903206673,0.5999279864583711,25,20,20
24,2687,0.19297771199240452,0.00040295562573818716,0.20669064162132128,0.5999286907605348,25,20,20
24,2688,0.19298461453439308,0.0004029556257640727,0.2066883664445941,0.5999240633952485,25,20,20
24,2689,0.18284714940909141,0.00040295588182055883,0.21682580769115414,0.5999240870179336,25,20,20
24,2690,0.18284765469449177,5.584079783537923e-05,0.21717241615231178,0.5999240883553618,25,20,20
24,2691,0.18284765125347963,5.5840797834550095e-05,0.217169469610543,0.5999270383381432,25,20,20
24,2692,0.18284978635651786,5.584079731184026e-05,0.21708143229760712,0.6000129405485638,25,20,20
24,2693,0.18492633330816863,0.00015983231876881893,0.2149003412675182,0.6000134931055452,25,20,20
24,2694,0.18492945206116293,0.0001598323187600938,0.2148978557952536,0.6000128598248241,25,20,20
24,2695,0.1849293997333324,0.0001598323187581036,0.21480367266893372,0.6001070952789762,25,20,20
24,2696,0.18493032758765485,0.0001598323188213227,0.21480364233803256,0.6001061977554913,25,20,20
24,2697,0.18371877912683232,2.670043757094654e-08,0.2161755454738438,0.6001056486988865,25,20,20
24,2698,0.22165365463410747,4.479286947664685e-08,0.1782406579251424,0.6001056426478811,25,20,20
24,2699,0.22164945163270836,4.479286648190243e-08,0.1782386338504096,0.6001118697240162,25,20,20
24,2700,0.22164943349530378,4.4792951153753914e-08,0.17824513051323046,0.6001053911985151,25,20,20
24,2701,0.22164945098749855,4.479297813673952e-08,0.17824982956327773,0.6001006746562466,25,20,20
24,2702,0.22165036644499025,4.479322987582938e-08,0.1783746478264975,0.5999749409352835,25,20,20
24,2703,0.2221226541369202,4.5199450257682865e-08,0.1779023456506541,0.5999749550129764,25,20,20
24,2704,0.23345767422576913,4.5820827966519906e-08,0.16657544857392662,0.5999668313794777,25,20,20
24,2705,0.23345755183098849,4.582083672150107e-08,0.16657556068486648,0.5999668416633095,25,20,20
24,2706,0.24754420884479778,4.4643373661025855e-07,0.15248751478540132,0.599967829936062,25,20,20
24,2707,0.2448928466234961,1.8393014648614038e-06,0.1551373828343305,0.5999679312407062,25,20,20
24,2708,0.237481581619863,1.855864060560916e-06,0.16254854618698514,0.5999680163290908,25,20,20
24,2709,0.23746705389569162,1.855863939998499e-06,0.16254850858939204,0.5999825816509761,25,20,20
24,2710,0.23747058116044162,1.8558640042246966e-06,0.1670678895030412,0.5954596734725128,25,20,20
24,2711,0.23747354220230935,1.8558640131350597e-06,0.16706800659453383,0.5954565953391433,25,20,20
24,2712,0.24307653967410053,7.129204653701775e-05,0.16166723436811195,0.5951849339112488,25,20,20
24,2713,0.24307004080705943,7.129262057209464e-05,0.1727746848023476,0.58408398177002,25,20,20
24,2714,0.24392854349094129,7.127400759430247e-05,0.17191619921285398,0.5840839832886097,25,20,20
24,2715,0.21642356804836782,7.12575716556215e-05,0.1994212534367531,0.5840839209432223,25,20,20
24,2716,0.21648133309739287,7.125757174963906e-05,0.19942143859441047,0.5840259707364452,25,20,20
24,2717,0.21648443490659372,7.12575717507865e-05,0.19942143920223004,0.5840228683194233,25,20,20
24,2718,0.21586415270026588,7.125548259750801e-05,0.2000417276464907,0.5840228641706452,25,20,20
24,2719,0.21586623289919032,7.125548233206251e-05,0.20017845803461,0.5838840535838661,25,20,20
24,2720,0.2306685338498055,7.125575444272161e-05,0.1853824639606747,0.5838777464350752,25,20,20
24,2721,0.2306645753892937,7.125575441700077e-05,0.18538257753872311,0.5838815913175647,25,20,20
24,2722,0.21679585696210624,6.986311463581362e-05,0.19925280467896098,0.5838814752442966,25,20,20
24,2723,0.21808017803976182,6.986279368834453e-05,0.19796848246034354,0.5838814767062059,25,20,20
24,2724,0.21807716578592065,6.98627936761029e-05,0.19770462658984048,0.5841483448305624,25,20,20
24,2725,0.21807583463049882,6.986221958486581e-05,0.1867264691863259,0.5951278339635893,25,20,20
24,2726,0.21807590431584267,6.98622195044092e-05,0.1867245591640213,0.5951296743006309,25,20,20
24,2727,0.21807793693944647,6.986221968024656e-05,0.18699061308246334,0.5948615877584096,25,20,20
24,2728,0.2183648716972318,6.986226217486112e-05,0.18670363775647972,0.5948616282841133,25,20,20
24,2729,0.21841099452063759,6.994619653167986e-05,0.15006094860934577,0.6314581106734825,25,20,20
24,2730,0.2441644978086665,6.954447236835003e-05,0.12430751154009062,0.6314584461788719,25,20,20
24,2731,0.24416441360737803,6.954447261982507e-05,0.1243142126019848,0.6314518293180146,25,20,20
24,2732,0.24398546580446953,6.954443881424924e-05,0.12449319999058277,0.6314517897661309,25,20,20
24,2733,0.24398190282387525,6.954443873747343e-05,0.119980225336137,0.6359683274012476,25,20,20
24,2734,0.24398862562982082,6.954445259512693e-05,0.12024746862293303,0.6356943612946486,25,20,20
24,2735,0.24398568149931654,6.954445259933325e-05,0.12062035596853717,0.6353244180795445,25,20,20
24,2736,0.20448144310956234,6.958703187819774e-05,0.16011431771981446,0.6353346521387446,25,20,20
24,2737,0.2044178242124281,6.958699362022243e-05,0.16017792331522462,0.6353346654787271,25,20,20
24,2738,0.2043659726819657,6.958698745540105e-05,0.16022982953476841,0.6353346107958104,25,20,20
24,2739,0.2041972102456831,6.958698363761668e-05,0.16039859141189514,0.6353346113587811,25,20,20
24,2740,0.20385222968768893,6.95443969450531e-05,0.16075517297474232,0.6353230529406207,25,20,20
24,2741,0.20385216153037006,6.954439692301075e-05,0.16075065253739068,0.6353276415353135,25,20,20
24,2742,0.2038522309172347,6.954439719261377e-05,0.16101672866082226,0.6350614960247476,25,20,20
24,2743,0.20385209073894286,6.954439716917462e-05,0.16088735559899134,0.635191009264894,25,20,20
24,2744,0.22006846166518862,7.00922353796206e-05,0.14459286602398114,0.6352685800754497,25,20,20
24,2745,0.23014886222783246,7.009244803695013e-05,0.1345123755399133,0.6352686697842164,25,20,20
24,2746,0.23009395570563648,7.009244790648566e-05,0.13451215688997775,0.6353237949564785,25,20,20
24,2747,0.23000961262589137,7.009222199488538e-05,0.13459661237074974,0.6353236827813632,25,20,20
24,2748,0.23000659957262862,7.009222199016466e-05,0.13470878619540705,0.6352145220099736,25,20,20
24,2749,0.2300096306205167,7.009222200465741e-05,0.13459657775612185,0.6353236994013564,25,20,20
24,2750,0.23000954169579216,7.009222185890323e-05,0.13433033055456964,0.6355900355277785,25,20,20
24,2751,0.2157082001792191,7.084284838351899e-05,0.14836747216064,0.6358534848117565,25,20,20
24,2752,0.21571918314491634,7.08428484621685e-05,0.1483651127856591,0.6358448612209618,25,20,20
24,2753,0.21571512222797615,7.084284840822415e-05,0.1484573154028269,0.635756719520788,25,20,20
24,2754,0.18629308712212597,7.08461395344816e-05,0.17787934014177825,0.6357567265965617,25,20,20
24,2755,0.18629017889332772,7.084613943785055e-05,0.1778794929104394,0.6357594820567951,25,20,20
24,2756,0.18421644445838184,7.087999275989077e-05,0.17995318291489287,0.6357594926339657,25,20,20
24,2757,0.1842202957132672,7.087999280413686e-05,0.17995970331112954,0.6357491209827993,25,20,20
24,2758,0.18421631678782902,7.087999277871957e-05,0.17986758003911388,0.6358452231802787,25,20,20
24,2759,0.18246526771996027,6.994024497708275e-05,0.18196058945314156,0.6355042025819216,25,20,20
24,2760,0.18575395885454654,4.947038847894889e-07,0.17880080404942483,0.6354447423921435,25,20,20
24,2761,0.18575390571597158,4.947039021563215e-07,0.17879610455395814,0.6354494950261675,25,20,20
24,2762,0.18575691196528832,4.947041559498089e-07,0.1788889781051008,0.6353536152254544,25,20,20
24,2763,0.18576827454767386,4.946906045130791e-07,0.17862650060415647,0.6356047301575646,25,20,20
24,2764,0.18582385890323333,4.942708931256563e-07,0.17857093324759152,0.6356047135782812,25,20,20
24,2765,0.18581799948887145,4.942716233925092e-07,0.17857277986152678,0.6356087263779776,25,20,20
24,2766,0.18582101242395982,4.942716019507856e-07,0.17832976773910925,0.6358487255653281,25,20,20
24,2767,0.18581803269750705,4.942715894876068e-07,0.17832506709217236,0.63585640593873,25,20,20
24,2768,0.17891492906571588,3.449494717861264e-05,0.185194170339322,0.6358564056477825,25,20,20
24,2769,0.18768112691726876,4.1674405101083213e-05,0.17507430410319563,0.6372028945744357,25,20,20
24,2770,0.1876840886819756,4.1674405060558914e-05,0.17507438547121343,0.637199851441752,25,20,20
24,2771,0.18768405698552637,4.1674405060536614e-05,0.1749444740735213,0.6373297945358931,25,20,20
24,2772,0.18475462743858845,2.779494864281355e-05,0.1778877913563056,0.6373297862564643,25,20,20
24,2773,0.1847479034600471,2.7794948585277373e-05,0.17788308792517793,0.6373412136661905,25,20,20
24,2774,0.18474795638716357,2.7794948602738418e-05,0.17787659886889393,0.6373476497953404,25,20,20
24,2775,0.18475193798247636,2.779494862881475e-05,0.17787656865147386,0.6373436984174218,25,20,20
24,2776,0.21178817160174834,2.7781803321581924e-05,0.15084403824751946,0.6373400083474103,25,20,20
24,2777,0.21173071457517106,2.778179388511718e-05,0.15090149462247976,0.6373400090084639,25,20,20
24,2778,0.21143338702934902,2.7782155679059165e-05,0.15119882018661598,0.6373400106283562,25,20,20
24,2779,0.2109158024453187,2.7790267041771417e-05,0.1517156834043504,0.6373407238832894,25,20,20
24,2780,0.23445539421595935,2.7816607550866644e-05,0.1281693619935138,0.6373474271829754,25,20,20
24,2781,0.19645432743872754,2.7817561045601746e-05,0.16616921385070588,0.6373486411495195,25,20,20
24,2782,0.19645129329160566,2.7817561045262808e-05,0.16616924629348,0.6373516428538679,25,20,20
24,2783,0.18298661670111066,2.7809555192647353e-05,0.1796345143126277,0.6373510594310672,25,20,20
24,2784,0.18297969087258978,2.7809555166500856e-05,0.17963913587310543,0.6373533636991364,25,20,20
24,2785,0.19674654103705824,2.7809453324103744e-05,0.16587236468865338,0.6373532848209633,25,20,20
24,2786,0.19913115417384947,2.7855661573906325e-05,0.16348891696547926,0.6373520731990971,25,20,20
24,2787,0.19912813037172655,2.785566131025898e-05,0.16339596198388764,0.6374480519830754,25,20,20
24,2788,0.19912830590417946,2.7855661368063075e-05,0.16340066627454547,0.6374431721599071,25,20,20
24,2789,0.19911816083277106,2.7855660268229116e-05,0.1634005699749926,0.6374534135319684,25,20,20
24,2790,0.19912029839201367,2.7855660297650616e-05,0.16377334017675263,0.6370785057709353,25,20,20
24,2791,0.19911338196322684,2.78556602629001e-05,0.16376673845553769,0.6370920239209721,25,20,20
24,2792,0.19911336618966385,2.785566024522648e-05,0.16376673566277908,0.6370920424873118,25,20,20
24,2793,0.19495075048651483,2.0682889473271505e-05,0.16928168652398692,0.6357468801000241,25,20,20
24,2794,0.19495747282703604,2.0682889714241232e-05,0.16928831359731447,0.6357335306859345,25,20,20
24,2795,0.19495540781292836,2.0682890001799163e-05,0.1692930798759628,0.6357308294211063,25,20,20
24,2796,0.19495566943327178,2.0682889994115314e-05,0.16929304718845323,0.6357306004882802,25,20,20
24,2797,0.19495567184227625,2.0682903665280297e-05,0.1692941493950592,0.6357294958589995,25,20,20
24,2798,0.1950845993581919,2.0682721450204193e-05,0.16916522152657168,0.6357294963937864,25,20,20
24,2799,0.15863867351787359,2.0649041141388217e-05,0.20561117899910997,0.6357294984418754,25,20,20
24,2800,0.15830515957827654,2.0652805784908058e-05,0.2059446885427037,0.6357294990732352,25,20,20
24,2801,0.15830523093463283,2.065280553192572e-05,0.20593806002577833,0.6357360562340572,25,20,20
24,2802,0.15830836821633285,2.065280552424082e-05,0.2060260743059156,0.6356449046722275,25,20,20
24,2803,0.14891327780203753,0.022436201006315083,0.19300692571326802,0.6356435954783807,25,20,20
24,2804,0.14891022891531752,0.022436201006315337,0.1930070422163684,0.6356465278619998,25,20,20
24,2805,0.148910018928418,0.022436201006313744,0.19300707591462415,0.635646704150645,25,20,20
24,2806,0.16190302253718747,0.022436153830539856,0.18001412228640842,0.6356467013458645,25,20,20
24,2807,0.16167728032658135,0.022436505620224537,0.18023951352461054,0.635646700528583,25,20,20
24,2808,0.16170384594265116,0.022436505634232936,0.18155144919295324,0.634308199230162,25,20,20
24,2809,0.1617106299942403,0.022436505634209493,0.18155144665765438,0.6343014177138953,25,20,20
24,2810,0.1616645374876141,0.00029325738503721663,0.20374083041215763,0.6343013747151895,25,20,20
24,2811,0.15624425293768668,0.0002949836391224671,0.20915859837607215,0.634302165047118,25,20,20
24,2812,0.16090593404915535,0.00029325764764357793,0.20449943263539552,0.6343013756678046,25,20,20
24,2813,0.1608793478117845,0.0002932576336275352,0.20319211508896318,0.6356352794656236,25,20,20
24,2814,0.16087636561874902,0.0002932576333826718,0.2031855282751488,0.6356448484727175,25,20,20
24,2815,0.16087636682480022,0.00029325763338290597,0.20318552754409705,0.6356448479977178,25,20,20
24,2816,0.14132775119268598,0.0002932313914591341,0.2227408725603915,0.6356381448554607,25,20,20
24,2817,0.14132977035932223,0.0002932313911440186,0.22273602664330497,0.6356409716062261,25,20,20
24,2818,0.14133057577269098,0.0002932313919189494,0.223159980675512,0.6352162121598756,25,20,20
24,2819,0.14132539122534182,0.0002932313918857142,0.22278705202971316,0.635594325353058,25,20,20
24,2820,0.141320402737308,0.00029323139195764253,0.22278896284515184,0.6355974030255812,25,20,20
24,2821,0.14131735630677986,0.0002932313919483481,0.22278485194313277,0.6356045603581375,25,20,20
24,2822,0.14166303599578825,0.0002932275695059905,0.2224391781011338,0.6356045583335704,25,20,20
24,2823,0.14166298337419034,0.0002932275694890855,0.22243917788860268,0.6356046111677163,25,20,20
24,2824,0.14159522154173168,0.00029314277777358846,0.2191225442236393,0.6389890914568533,25,20,20
24,2825,0.14160216359399602,0.0002931427778075176,0.21938407314345262,0.6387206204847418,25,20,20
24,2826,0.14143352992510683,0.00031341020432245454,0.2195324392542223,0.638720620616348,25,20,20
24,2827,0.14144473967076782,0.0003134102043426124,0.21953237238668946,0.6387094777381997,25,20,20
24,2828,0.140478012855844,0.0003134143685582935,0.22049791186022114,0.638710660915375,25,20,20
24,2829,0.14038678374066116,0.00031341068351621864,0.1878893504658636,0.6714104551099586,25,20,20
24,2830,0.1565747193746214,4.13943759982828e-05,0.17197272549280576,0.671411160756574,25,20,20
24,2831,0.14038882886830867,4.110387479960429e-05,0.18460052780882563,0.6749695394480646,25,20,20
24,2832,0.1403958384977359,4.1103875143627416e-05,0.1843388586955787,0.6752241989315401,25,20,20
24,2833,0.14039897369857002,4.110387541466532e-05,0.1843436538326216,0.6752162685933918,25,20,20
24,2834,0.13639939366897222,4.110379183716187e-05,0.18834323426243904,0.6752162682767496,25,20,20
24,2835,0.1363962591185745,4.1103791854941226e-05,0.18825055104117655,0.6753120860483929,25,20,20
24,2836,0.13639720247190465,4.110379190269058e-05,0.18825074887008864,0.6753109448661039,25,20,20
24,2837,0.13640032078222006,4.110379193977512e-05,0.1882507581634594,0.675307817262381,25,20,20
24,2838,0.13444056981646138,4.225603804749993e-05,0.19020919493928784,0.6753079792062038,25,20,20
24,2839,0.13614985948294653,4.110440007472563e-05,0.18850119904874402,0.6753078370682352,25,20,20
24,2840,0.13614687301223471,4.110440008375786e-05,0.18850578335397153,0.6753062392337104,25,20,20
24,2841,0.13614785416293215,4.110440011957519e-05,0.18864020681161342,0.6751708346253351,25,20,20
24,2842,0.13613666188515622,4.110440010002556e-05,0.18864016175866843,0.6751820719560752,25,20,20
24,2843,0.13613667332757726,4.110440011750759e-05,0.18864027396481667,0.6751819483074887,25,20,20
24,2844,0.13613665636133054,4.110440012543108e-05,0.18850347635721335,0.6753187628813307,25,20,20
24,2845,0.136161647993103,4.110523209028501e-05,0.18847848387780836,0.6753187628969991,25,20,20
24,2846,0.13616070339281275,4.110523204219135e-05,0.18847828360044075,0.6753199077747049,25,20,20
24,2847,0.1361618563568502,4.1105233008763075e-05,0.1884783611588334,0.6753186772513082,25,20,20
24,2848,0.1360952754397444,0.00038211673261304103,0.18820392091164678,0.6753186869159972,25,20,20
24,2849,0.1360931838169672,0.0003821167315414079,0.1883267431177471,0.6751979563337457,25,20,20
24,2850,0.13609311287865605,0.0003821167315630711,0.18832693896015545,0.6751978314296264,25,20,20
24,2851,0.13609313075099785,0.00038211673158988107,0.1883268669165255,0.6751978856008879,25,20,20
24,2852,0.1360923413760898,0.00038211673081542104,0.1879029113164623,0.6756226305766337,25,20,20
24,2853,0.1360914145408208,0.0003821167308413174,0.1877734820688733,0.6757529866594658,25,20,20
24,2854,0.13640419140863075,0.00038211609284654447,0.18081382955520328,0.6823998629433196,25,20,20
24,2855,0.1364051738657912,0.00038211609290771364,0.18081383348864757,0.6823988765526536,25,20,20
24,2856,0.13646903150664808,0.00038211608141174356,0.180551487461368,0.6825973649505719,25,20,20
24,2857,0.1364660696260755,0.000382116081386337,0.18055155762147806,0.6826002566710598,25,20,20
24,2858,0.13657037431477576,0.0003821161510955569,0.18044725121906013,0.6826002583150703,25,20,20
24,2859,0.13673923094987667,0.00038211557868369074,0.18027840206175874,0.6826002514096828,25,20,20
24,2860,0.11313130134936479,0.0003821234342647991,0.20388632404934348,0.6826002511670266,25,20,20
24,2861,0.11315237896096375,0.0003821234378511868,0.2074243306242429,0.6790411669769402,25,20,20
24,2862,0.11308850294138505,0.00038212343539787514,0.20741931547759043,0.6791100581456252,25,20,20
24,2863,0.1132564037278873,0.00038212409068052593,0.21601755784842708,0.6703439143330033,25,20,20
24,2864,0.11325934585894196,0.0003821240906802147,0.2160190921453038,0.6703394379050728,25,20,20
24,2865,0.07433327681743135,0.0003821240649921493,0.25494517440406506,0.6703394247135093,25,20,20
24,2866,0.07433621977934007,0.00038212406498269166,0.2549450903143247,0.6703365658413506,25,20,20
24,2867,0.07445698970443221,0.0005487770507205032,0.25426811078856465,0.6707261224562805,25,20,20
24,2868,0.07464427471584262,0.0005487766825747268,0.2540808781917903,0.6707260704097903,25,20,20
24,2869,0.0746303451743797,0.0005487766822099016,0.25408102038672203,0.6707398577566867,25,20,20
24,2870,0.07835652848980003,0.0005488091641495372,0.25034647894031314,0.6707481834057357,25,20,20
24,2871,0.07836043543245216,0.000548809164175191,0.25034659619677757,0.6707441592065934,25,20,20
24,2872,0.07837157728900643,0.0005488091643038574,0.2503532452354607,0.6707263683112274,25,20,20
24,2873,0.07837152419937037,0.0005488091642897064,0.2503486229416956,0.6707310436946426,25,20,20
24,2874,0.07837159150373259,0.000548809164289684,0.25034862343962666,0.6707309758923493,25,20,20
24,2875,0.07837065386235938,0.0005488091642427601,0.25035320831601954,0.6707273286573767,25,20,20
24,2876,0.07837361332407995,0.000548809164286805,0.2503532878328993,0.6707242896787325,25,20,20
24,2877,0.07812747174942673,0.00038215614581587205,0.2511556407033247,0.6703347314014316,25,20,20
24,2878,0.07812056339266758,0.000382156145785637,0.25116022553040585,0.6703370549311398,25,20,20
24,2879,0.07813659509351291,0.00038215614615173685,0.25127070997165657,0.6702105387886786,25,20,20
24,2880,0.07813374314208633,0.0003821561461892387,0.25127082698277614,0.670213273728948,25,20,20
24,2881,0.07813386767215516,0.00038215614620729576,0.2512723852447378,0.6702115909368994,25,20,20
24,2882,0.07813386615698462,0.0003821561459619776,0.25126763582327966,0.670216341873773,25,20,20
24,2883,0.07813393905131327,0.0003821561481176171,0.25135978544930804,0.6701241193512598,25,20,20
24,2884,0.0781300583206586,0.0003821561480804366,0.25136186516864784,0.6701259203626124,25,20,20
24,2885,0.07811707319443756,0.00038145188243247664,0.251375554574709,0.6701259203484173,25,20,20
24,2886,0.07810601931143771,0.00038145188232071914,0.2513690669970505,0.6701434618091875,25,20,20
24,2887,0.07810293459166057,0.00038145188205743517,0.25136434627384713,0.6701512672524319,25,20,20
24,2888,0.07795249807223381,0.00038145222851104424,0.2515140980988161,0.6701519516004366,25,20,20
24,2889,0.07802620799046095,0.00038145223073163953,0.2518887830418831,0.6697035567369225,25,20,20
24,2890,0.07802615802553502,0.0003814522307214819,0.2518902917892827,0.6697020979544597,25,20,20
24,2891,0.0780261055090875,0.00038145223072157195,0.2518902440224941,0.6697021982376957,25,20,20
24,2892,0.07801321440103164,0.00038145223061458863,0.251777418180813,0.6698279151875394,25,20,20
24,2893,0.07793951924491843,0.00038145222864680045,0.251409436476956,0.6702695920494774,25,20,20
24,2894,0.0861599015025377,0.000381561958925426,0.24318605676236352,0.6702724797761715,25,20,20
24,2895,0.07516839570213187,0.00038155391012952163,0.2541775625797542,0.6702724878079853,25,20,20
24,2896,0.07516552161094603,0.0003815539101477653,0.2541791004643468,0.6702738240145608,25,20,20
24,2897,0.0747101543292357,0.00038155389426354285,0.25400077628158557,0.670907515494916,25,20,20
24,2898,0.07454438870805452,0.0003815532389291653,0.24540249757574212,0.679671560477274,25,20,20
24,2899,0.07454738170517974,0.0003815532389375277,0.24540099010314628,0.6796700749527362,25,20,20
24,2900,0.0745474358448911,0.0003815532389341822,0.24540409291002543,0.6796669180061496,25,20,20
24,2901,0.07454720549336172,0.00038155323684642016,0.24531843350031454,0.6797528077694779,25,20,20
24,2902,0.07454721885908812,0.0003815532368393022,0.24531908948937697,0.6797521384146961,25,20,20
24,2903,0.07167236621950844,0.0003814436976691226,0.2481938106432377,0.6797523794395853,25,20,20
24,2904,0.07236003943057101,4.543644360266201e-08,0.24788754561325355,0.6797523695197324,25,20,20
24,2905,0.07235700180386326,4.543643277934939e-08,0.24788688820253046,0.6797560645571739,25,20,20
24,2906,0.07235702054216815,4.543646838100806e-08,0.24788526824563462,0.6797576657757292,25,20,20
24,2907,0.06788512736210958,0.0010872666788771454,0.25127820919324817,0.6797493967657637,25,20,20
24,2908,0.06883663367294321,5.8486066380021775e-08,0.251413963690916,0.6797493441500729,25,20,20
24,2909,0.08414469659678903,5.850264122679051e-08,0.23610691405440357,0.6797483308461645,25,20,20
24,2910,0.08414909055280885,8.149766177270295e-08,0.2361024944974853,0.6797483334520416,25,20,20
24,2911,0.08414916104426057,8.149766604443297e-08,0.23610438772720088,0.6797463697308701,25,20,20
24,2912,0.08414916565495602,8.149766659677948e-08,0.2361043564315207,0.6797463964158544,25,20,20
24,2913,0.08596730847459448,8.363446255155145e-08,0.23428824169299994,0.6797443661979414,25,20,20
24,2914,0.08596734371017456,8.363437510713121e-08,0.23428163129851667,0.6797509413569323,25,20,20
24,2915,0.08596825248881583,8.363437431171106e-08,0.23428171359701275,0.6797499502797955,25,20,20
24,2916,0.08596805571672754,8.363469285484756e-08,0.23428931292136412,0.6797425477272132,25,20,20
24,2917,0.08646037756501405,8.329079091208823e-08,0.23379767632483475,0.6797418628193581,25,20,20
24,2918,0.09297229672962545,3.7746713156664625e-08,0.22728580672693308,0.6797418587967263,25,20,20
24,2919,0.13267978044133955,3.6976680752931674e-08,0.18757831105384007,0.679741871528137,25,20,20
24,2920,0.13267568884192266,3.7009457017433004e-08,0.18758240229660278,0.679741871852015,25,20,20
24,2921,0.14639290011448047,7.781966121213999e-09,0.1738652224729856,0.6797418696305659,25,20,20
24,2922,0.14639291332431864,7.782220669157476e-09,0.1738699747840933,0.6797371041093655,25,20,20
24,2923,0.14638970958119063,7.781948165557614e-09,0.1738742183512934,0.6797360642855658,25,20,20
24,2924,0.14639259272833352,7.781940118585591e-09,0.17396418367857167,0.6796432158111524,25,20,20
24,2925,0.1463995051457548,7.78196985402191e-09,0.1739641828404762,0.679636304231797,25,20,20
24,2926,0.1464024850447274,7.781951938157543e-09,0.17396406715323146,0.6796334400200871,25,20,20
24,2927,0.14640548101249723,7.782120278438757e-09,0.18792237887829674,0.6656721323270834,25,20,20
24,2928,0.14640640103452254,7.78191379617867e-09,0.18791774431539682,0.6656758468681646,25,20,20
24,2929,0.14647895205555012,8.581751563887992e-09,0.18804834379124,0.6654726955714557,25,20,20
24,2930,0.14648101040690492,8.581694334266118e-09,0.18804814535672798,0.6654708356546702,25,20,20
24,2931,0.14647806736588587,8.58153935764602e-09,0.17408793167785552,0.6794339923747167,25,20,20
24,2932,0.14662690072317874,8.466979597420198e-09,0.17393911116645647,0.6794339796433826,25,20,20
24,2933,0.14663388048111356,8.467023531366156e-09,0.17393453011384843,0.679431580938013,25,20,20
24,2934,0.14663386189698993,8.466969622551517e-09,0.17393449344184375,0.6794316361941952,25,20,20
24,2935,0.14595770640753097,3.986661832956871e-09,0.13929013307083615,0.7147521565349712,25,20,20
24,2936,0.1459556917195252,3.986687728433765e-09,0.13929005477592055,0.7147542495178668,25,20,20
24,2937,0.14595558636430933,3.986704934158508e-09,0.13929005479147322,0.7147543548575126,25,20,20
24,2938,0.14595355978376554,3.986742893154549e-09,0.13919865122967934,0.714847784999812,25,20,20
24,2939,0.14595358075185128,3.98780706743851e-09,0.13919205943576526,0.7148543558245761,25,20,20
24,2940,0.14663884114461098,1.0828125676261238e-06,0.138505631045217,0.7148544449976031,25,20,20
24,2941,0.1466387587878175,1.082812561045975e-06,0.138503549921182,0.7148566084784386,25,20,20
24,2942,0.14664170214365735,1.0828125567467712e-06,0.13849892481691004,0.7148582902268749,25,20,20
24,2943,0.1465751422333027,1.082012719119902e-06,0.13836835929123628,0.7150554164627408,25,20,20
24,2944,0.14657514357587073,1.0820127238029081e-06,0.13836827915887753,0.7150554952525269,25,20,20
24,2945,0.16676706275125416,1.0820065232073209e-06,0.11817634087475543,0.7150555143674664,25,20,20
24,2946,0.16676425799436376,1.0820203595221558e-06,0.11855033967034403,0.7146843203149319,25,20,20
24,2947,0.15907763919010587,1.0820215014719805e-06,0.12623695846339603,0.7146843203249946,25,20,20
24,2948,0.11956836188861011,1.5627289410664503e-06,0.16574580132953884,0.714684274052907,25,20,20
24,2949,0.11956857238467972,1.562728977828365e-06,0.16574588625583772,0.714683978630502,25,20,20
24,2950,0.11956871134802473,1.5627292407276636e-06,0.16583819004365652,0.7145915358790751,25,20,20
24,2951,0.11956643328631265,1.5627292483119185e-06,0.16583822304298207,0.7145937809414541,25,20,20
24,2952,0.11944939561864847,0.0007781829618074418,0.16517868060698862,0.7145937408125523,25,20,20
24,2953,0.11945251944389995,1.3082175225043535e-06,0.16558757218855155,0.7149586001500231,25,20,20
24,2954,0.1194555842517681,1.3082175097399001e-06,0.1655873773956054,0.714955730135114,25,20,20
24,2955,0.11945159278639302,1.3082174612846979e-06,0.16559196028527065,0.7149551387108724,25,20,20
24,2956,0.11565735608707131,1.308564035517238e-06,0.1693862064512876,0.7149551288976034,25,20,20
24,2957,0.12172891859896846,1.3085643748471325e-06,0.16331466299828334,0.7149551098383731,25,20,20
24,2958,0.12172889815682084,1.3085643974206126e-06,0.16331007774320622,0.7149597155355752,25,20,20
24,2959,0.12173979611249791,1.3085641116058412e-06,0.16330706557586327,0.7149518297475262,25,20,20
24,2960,0.12199942963970503,2.3329479979058824e-07,0.16304852078983792,0.7149518162756564,25,20,20
24,2961,0.12147923079124334,0.0005589365067859085,0.16296335776799778,0.7149984749339722,25,20,20
24,2962,0.121481244206194,0.0005589365067461519,0.16296793948351088,0.7149918798035481,25,20,20
24,2963,0.12147713898703388,0.0005589365067230172,0.16297252167574564,0.7149914028304966,25,20,20
24,2964,0.12105021030385449,0.02122360113140612,0.14278152014253487,0.7149446684222034,25,20,20
24,2965,0.12104628613032369,0.021223601131366468,0.1427815977841097,0.7149485149541991,25,20,20
24,2966,0.10453253076497453,0.02122360320839772,0.157642768057151,0.7166010979694758,25,20,20
24,2967,0.10452853687148296,0.02122360320837581,0.15764466945404965,0.7166031904660906,25,20,20
24,2968,0.10452652237155056,0.021223603217464887,0.1716110451972872,0.7026388292136947,25,20,20
24,2969,0.10452654047031956,0.021223603217492136,0.1716064035382779,0.7026434527739078,25,20,20
24,2970,0.10452354457413592,0.021223603231433637,0.17161872303864112,0.7026341291557869,25,20,20
24,2971,0.10451962075546806,0.021223603231385137,0.17161691359207673,0.7026398624210677,25,20,20
24,2972,0.1045127085058258,0.02122360323135415,0.1716169136659413,0.7026467745968765,25,20,20
24,2973,0.10450974785213464,0.021223603231331954,0.17187846991885183,0.7023881789976791,25,20,20
24,2974,0.10450969487891504,0.0212236032313364,0.1718783009677251,0.7023884009220208,25,20,20
24,2975,0.10450669878965695,0.021223603231318718,0.1718782243243184,0.7023914736547039,25,20,20
24,2976,0.10450662928985713,0.021223603231318732,0.17187984439029236,0.7023899230885298,25,20,20
24,2977,0.10450551707437981,0.02122337467537426,0.1721774036507709,0.702093704599473,25,20,20
24,2978,0.10450953019741581,0.021223374675405058,0.17218389375068344,0.7020832013764939,25,20,20
24,2979,0.10450655219725237,0.021223374675397408,0.17218398715276145,0.7020860859745869,25,20,20
24,2980,0.12101096806492975,0.021223372675291664,0.15733215554698313,0.700433503712796,25,20,20
24,2981,0.12101096500519791,0.021223372675021054,0.1572420143006914,0.7005236480190902,25,20,20
24,2982,0.12100916048405765,0.02122337267628103,0.15731244198488825,0.7004550248547747,25,20,20
24,2983,0.12101134893454121,0.021223372686410263,0.1683763544981586,0.689388923880889,25,20,20
24,2984,0.12100749517525063,0.021223372686357475,0.16836994588624196,0.6893991862521489,25,20,20
24,2985,0.121005427208866,0.02122337268664975,0.16836998817180404,0.6894012119326787,25,20,20
24,2986,0.12124565334816005,0.02122337268855949,0.16836350207557588,0.6891674718877031,25,20,20
24,2987,0.12124784816093417,0.021223372689409038,0.16873483516168047,0.6887939439879744,25,20,20
24,2988,0.12124863889378398,0.021223372675616154,0.16836090569978662,0.689167082730812,25,20,20
24,2989,0.1212507925695314,0.02122337267535087,0.1683561834854902,0.689169651269626,25,20,20
24,2990,0.12125082818193146,0.021223372675359394,0.16835614506004024,0.6891696540826673,25,20,20
24,2991,0.1212537521160497,0.021223372675452063,0.16835369187426977,0.6891691833342266,25,20,20
24,2992,0.12125891105205827,0.021223372661619583,0.16834140779939644,0.689176308486924,25,20,20
24,2993,0.12083089357209836,0.021223375728074412,0.168769376741437,0.6891763539583886,25,20,20
24,2994,0.12106421155643464,0.021223375731366997,0.16876906634327696,0.6889433463689199,25,20,20
24,2995,0.12106622655036943,0.021223375731340997,0.16877376172580758,0.6889366359924811,25,20,20
24,2996,0.12106419421450304,0.021223375731357828,0.1687737648207609,0.6889386652333771,25,20,20
24,2997,0.12082794606174244,0.021223375727967776,0.16877182616406683,0.6891768520462217,25,20,20
24,2998,0.12082579267127137,0.02122337571779855,0.15771255450796812,0.7002382771029623,25,20,20
24,2999,0.12093452752789843,0.021223375747068344,0.1576038196293543,0.7002382770956784,25,20,20
24,3000,0.12093359793158441,0.021223375747184237,0.17156961691765832,0.6862734094035718,25,20,20
24,3001,0.12061655945821456,0.021233048133441228,0.1718759043146061,0.6862744880937357,25,20,20
24,3002,0.12062255060076506,0.021233048133462454,0.17224872538060051,0.6858956758851701,25,20,20
24,3003,0.12078098201196315,0.03806997415170629,0.15525336747889443,0.6858956763574358,25,20,20
24,3004,0.12077406132446378,0.03806997415164956,0.154887032752841,0.6862689317710453,25,20,20
24,3005,0.12049295379931974,0.038060655638404634,0.15517853728236297,0.6862678532799126,25,20,20
24,3006,0.11203434605977655,0.03807130369306831,0.16362652418520326,0.6862678260619524,25,20,20
24,3007,0.11202271662058123,0.03807130299218464,0.15897015934879485,0.6909358210384398,25,20,20
24,3008,0.11178541757526507,0.038071302990025445,0.1589765456821403,0.6911667337525693,25,20,20
24,3009,0.10208412036869753,0.03807130316007495,0.16867783061463204,0.6911667458565942,25,20,20
24,3010,0.08394665647838886,0.038074139194386486,0.18680799879203472,0.6911712055351868,25,20,20
24,3011,0.08394141370230386,0.03807413919353661,0.1864350442613869,0.6915494028427696,25,20,20
24,3012,0.08394633864939324,0.03807413919370522,0.1864286853659607,0.6915508367909378,25,20,20
24,3013,0.08394928198397737,0.03807413919370978,0.18642880028234976,0.69154777853996,25,20,20
24,3014,0.0839514201009837,0.03807413919499892,0.18655816359269242,0.6914162771113219,25,20,20
24,3015,0.08394939773220793,0.038074139194891145,0.18655820775574727,0.6914182553171507,25,20,20
24,3016,0.08394626706876503,0.03807413919489094,0.18668503957524127,0.6912945541610999,25,20,20
24,3017,0.08394430496860529,0.03807413919494821,0.18681098233985124,0.6911705734965925,25,20,20
24,3018,0.0839462840647799,0.03807413919490017,0.18668694475093645,0.6912926319893806,25,20,20
24,3019,0.08377014135552599,0.03875959687864109,0.1861776303365626,0.6912926314292676,25,20,20
24,3020,0.08376828761271893,0.038759596878669325,0.18617579609165297,0.6912963194169562,25,20,20
24,3021,0.08376828760461182,0.03875959687866412,0.18617568112210958,0.6912964343946121,25,20,20
24,3022,0.08400562529416902,0.03877137332117409,0.1858713860353418,0.691351615349313,25,20,20
24,3023,0.08400569366718705,0.03877137332117877,0.18560982884451172,0.6916131041671204,25,20,20
24,3024,0.08400767116392503,0.03877137332125729,0.18548084166960208,0.6917401138452134,25,20,20
24,3025,0.08396560249574177,0.03877102016485126,0.1855232394326955,0.6917401379067091,25,20,20
24,3026,0.09378568518820073,0.038771019994828085,0.1757031689994811,0.6917401258174876,25,20,20
24,3027,0.09378973080302297,0.03877101999487226,0.17570308963453107,0.6917361595675711,25,20,20
24,3028,0.09378776894557349,0.03877101999479327,0.17570308312628782,0.6917381279333428,25,20,20
24,3029,0.0937876611910646,0.03877101999475216,0.17570312667618146,0.6917381921379989,25,20,20
24,3030,0.09169351729127305,0.03877103975366091,0.1777972490097782,0.6917381939452854,25,20,20
24,3031,0.09169043787917809,0.03877103975364369,0.1777971616946017,0.6917413606725736,25,20,20
24,3032,0.09169039896734743,0.03877103975363395,0.17779942577311222,0.6917391355059036,25,20,20
24,3033,0.09747493788284169,0.03877104263834415,0.1720148982478037,0.6917391212310082,25,20,20
24,3034,0.09150646884906974,0.0387710386194989,0.17798338137576383,0.6917391111556648,25,20,20
24,3035,0.09150646959711983,0.03877103861952827,0.17798342731687877,0.6917390644664703,25,20,20
24,3036,0.09150928317187895,0.0400061625352034,0.17674548983753624,0.6917390644553781,25,20,20
24,3037,0.09151118953268748,0.04000616253516658,0.17674091833909553,0.6917417295930472,25,20,20
24,3038,0.1002766001133265,0.039995511385964945,0.1679861615060343,0.6917417269946717,25,20,20
24,3039,0.1002766901508714,0.03998373494666112,0.16805202903307814,0.6916875458693859,25,20,20
24,3040,0.10027672559279704,0.03998373494666972,0.16805851880256747,0.6916810206579624,25,20,20
24,3041,0.10027772331854937,0.03998373494670516,0.16805863974385712,0.6916799019908849,25,20,20
24,3042,0.10027768826174795,0.03998373494673248,0.16805844626521427,0.6916801305263014,25,20,20
24,3043,0.10028062853626593,0.03998373494673224,0.1680585163235141,0.691677120193484,25,20,20
24,3044,0.1002815924956379,0.039983734946766665,0.16805855464766492,0.6916761179099269,25,20,20
24,3045,0.07844488047309311,0.039980899481600995,0.1899024947747208,0.691671725270581,25,20,20
24,3046,0.07844794709194569,0.03998089948143274,0.17593659152384572,0.7056345619027722,25,20,20
24,3047,0.07845187065104535,0.039980899480161855,0.17580719524225277,0.7057600346265359,25,20,20
24,3048,0.07845188699854545,0.03998089948022472,0.1758026444429773,0.7057645690782486,25,20,20
24,3049,0.0784539379375657,0.03998089947111719,0.16183626656661526,0.7197288960246986,25,20,20
24,3050,0.07844992513070319,0.039980899471091604,0.16183626517331676,0.7197329102248853,25,20,20
24,3051,0.07844705579120538,0.039980899471111477,0.16220919411082962,0.7193628506268509,25,20,20
24,3052,0.07844405903260053,0.039980899471129684,0.1622092692922526,0.7193657722040144,25,20,20
24,3053,0.07820549066866178,0.03998115261787618,0.1624486019978497,0.7193647547156086,25,20,20
24,3054,0.07820449294707331,0.039981152617840826,0.16244859572142833,0.7193657587136542,25,20,20
24,3055,0.07820435724171469,0.03998115261784023,0.16245022412225674,0.7193642660181855,25,20,20
24,3056,0.07820828113973459,0.03998115261787512,0.1624502265016218,0.7193603397407655,25,20,20
24,3057,0.07821127574022632,0.039981152617847286,0.16207731117874197,0.7197302604631818,25,20,20
24,3058,0.07821819681734993,0.039981152617882404,0.1620873558481293,0.7197132947166368,25,20,20
24,3059,0.07821435757674107,0.039981152617878615,0.16207734451601646,0.719727145289362,25,20,20
24,3060,0.07821439557186526,0.03998115261789177,0.1620816552767689,0.7197227965334722,25,20,20
24,3061,0.07820838647115418,0.039981152617875264,0.16208177575272878,0.7197286851582401,25,20,20
24,3062,0.0783264776887118,0.039981152622428226,0.16196369916164866,0.7197286705272102,25,20,20
24,3063,0.07832335174930002,0.03998115262135949,0.16222990429106146,0.7194655913382788,25,20,20
24,3064,0.07832536933752715,0.03998115262132352,0.16222986306617945,0.7194636149749697,25,20,20
24,3065,0.07834433721610762,0.039981152621470166,0.16222335639250612,0.7194511537699158,25,20,20
24,3066,0.07834651151481642,0.03998115262207348,0.1622218873213375,0.7194504485417721,25,20,20
24,3067,0.11807970477767821,0.03998115268398906,0.12248869257253128,0.7194504499658007,25,20,20
24,3068,0.1180942639522557,0.03998806724283037,0.12246720865365056,0.7194504601512633,25,20,20
24,3069,0.11809026957819975,0.03996058847492489,0.12249868178824658,0.719450460158629,25,20,20
24,3070,0.11789716523808483,0.039960595675411846,0.1226917393283801,0.7194504997581235,25,20,20
24,3071,0.11802901378935095,0.039960588382427116,0.12255993055164453,0.7194504672765777,25,20,20
24,3072,0.11802903073492356,0.039960588382436574,0.12255572504294399,0.7194546558396963,25,20,20
24,3073,0.1579962787729919,0.03996058773604729,0.0825885447451292,0.7194545887458327,25,20,20
24,3074,0.1579933956394919,0.039972924904746805,0.08257909072405674,0.7194545887317056,25,20,20
24,3075,0.15798239988200985,0.039965760967647854,0.08253982015841542,0.7195120189919281,25,20,20
24,3076,0.15798235887776135,0.03935186733068432,0.08315375448198928,0.7195120193095663,25,20,20
24,3077,0.15798235833036595,0.039956714404453406,0.08254890827359301,0.7195120189915889,25,20,20
24,3078,0.1579832337875707,0.039956714404441374,0.08267417111121088,0.7193858806967784,25,20,20
24,3079,0.15798331999796722,0.0399567144047322,0.08267879892798181,0.7193811666693197,25,20,20
24,3080,0.15798140970189187,0.0399567144045856,0.08268528372160219,0.7193765921719213,25,20,20
24,3081,0.15797841336842522,0.03995671440457256,0.09664462869136975,0.7054202435356334,25,20,20
24,3082,0.15797532962813843,0.039956714404563075,0.09665122895444364,0.7054167270128557,25,20,20
24,3083,0.15797529473680616,0.03995671440455049,0.0966533590514353,0.7054146318072089,25,20,20
24,3084,0.12799828300486948,0.03995674987699239,0.12663033626246695,0.7054146308556714,25,20,20
24,3085,0.1279982829092857,0.03996635357064163,0.12662073266209728,0.7054146308579753,25,20,20
24,3086,0.16596357336234746,0.0399665915538576,0.08865519098838437,0.7054146440954105,25,20,20
24,3087,0.16595846781660462,0.039966591553271855,0.08865506616131089,0.7054198744688125,25,20,20
24,3088,0.16595547128698585,0.039966591553267594,0.08864833635684326,0.705429600802903,25,20,20
24,3089,0.1659524034804942,0.039966591553275393,0.08864833505295854,0.7054326699132719,25,20,20
24,3090,0.16595619429039388,0.03933382348073407,0.08927731230775052,0.7054326699211215,25,20,20
24,3091,0.16595710542670553,0.03933382348075126,0.08927731601805707,0.7054317550744861,25,20,20
24,3092,0.16549957303920343,0.03933382354107937,0.08973484849676115,0.7054317549229561,25,20,20
24,3093,0.16550262314353645,0.03933382354109688,0.08947033399846366,0.7056932193169032,25,20,20
24,3094,0.16550256814514414,0.039333823541105255,0.08947025309911454,0.7056933552146358,25,20,20
24,3095,0.16550470457922625,0.03933382354106175,0.08947032948831579,0.7056911423913961,25,20,20
24,3096,0.16550687101764244,0.03933382354169673,0.08947689972422967,0.705682405716431,25,20,20
24,3097,0.15596849784729155,0.03933378814891986,0.09900868272949907,0.7056890312742897,25,20,20
24,3098,0.1559653968950707,0.03933378814888469,0.09900868237202744,0.7056921325840176,25,20,20
24,3099,0.19399660623450404,0.03933380673574842,0.06098408531673531,0.7056855017130127,25,20,20
24,3100,0.19399660748649972,0.03933380673575801,0.060990647759748245,0.7056789380179945,25,20,20
24,3101,0.19399513036592128,0.03933380740905492,0.06104954375637666,0.7056215184686492,25,20,20
24,3102,0.19397915703295354,0.03933380740889494,0.06104944559578709,0.7056375899623659,25,20,20
24,3103,0.19397927846985916,0.03933380740889923,0.061042922619322405,0.7056439915019206,25,20,20
24,3104,0.19483258974105389,0.039333794816588594,0.06018958074582405,0.705644034696535,25,20,20
24,3105,0.19482733937564936,0.03933379481595871,0.06018312795599431,0.7056557378523992,25,20,20
24,3106,0.1948244658845178,0.03933379481597638,0.06018312849383989,0.7056586108056674,25,20,20
24,3107,0.19482737506645637,0.03933379481569446,0.06018498973429381,0.7056538403835566,25,20,20
24,3108,0.19482052373439515,0.03933379539336686,0.07127027872210892,0.6945754021501306,25,20,20
24,3109,0.19482339794021414,0.03933379539360183,0.07127189999425432,0.6945709066719311,25,20,20
24,3110,0.19482253955801357,0.03933379539360194,0.0712652973319504,0.6945783677164354,25,20,20
24,3111,0.19481961676799842,0.039333795407334976,0.07163178199269252,0.6942148058319754,25,20,20
24,3112,0.1949907872812188,0.03933379541060897,0.07786549635144635,0.687809920956727,25,20,20
24,3113,0.19499694608924092,0.039334039019359876,0.07785791101390531,0.6878111038774958,25,20,20
24,3114,0.19500392326683702,0.03933403901940754,0.0778578302055954,0.6878042075081617,25,20,20
24,3115,0.1950038900230388,0.03933403901938018,0.0778624459447686,0.6877996250128143,25,20,20
24,3116,0.19370511175119973,0.039334681423031904,0.07915663662285322,0.687803570202917,25,20,20
24,3117,0.15686956983455827,0.039334664019187206,0.11598870711880498,0.6878070590274493,25,20,20
24,3118,0.15669635093136539,0.03933466401606563,0.12371833380535226,0.6802506512472162,25,20,20
24,3119,0.15669631567759754,0.03933466401609202,0.12371822346532206,0.6802507968409879,25,20,20
24,3120,0.1567651810147506,0.03933466401875379,0.1235885199629542,0.680311635003541,25,20,20
24,3121,0.15849364372746444,0.039334716768588504,0.12186001685258091,0.6803116226513656,25,20,20
24,3122,0.15848648979479393,0.0393344687167673,0.1218674161265606,0.6803116253618778,25,20,20
24,3123,0.15849041422943347,0.03933446871679828,0.12213386114858038,0.6800412559051877,25,20,20
24,3124,0.15839259536056396,0.03933446866412089,0.12223166137518655,0.6800412746001281,25,20,20
24,3125,0.15839261190556295,0.039334468663894125,0.1222299268348837,0.6800429925956591,25,20,20
24,3126,0.14453636752194252,0.039346088751725336,0.13607436421727692,0.6800431795090551,25,20,20
24,3127,0.14453934654554898,0.0393460887517293,0.12210841391731715,0.6940061507854044,25,20,20
24,3128,0.14453934817289993,0.03934608875173823,0.1221087276734212,0.6940058354019405,25,20,20
24,3129,0.14453927839829733,0.03934608875174668,0.12210876164797774,0.6940058712019775,25,20,20
24,3130,0.14454220514350355,0.039346088751719764,0.12210895873112153,0.6940027473736545,25,20,20
24,3131,0.14453621362971508,0.039346088751728334,0.1218470187410763,0.6942706788774795,25,20,20
24,3132,0.14351153770225772,0.039346086959300954,0.12287518631658767,0.6942671890218521,25,20,20
24,3133,0.14351148547374837,0.03934608695929264,0.12287521970416038,0.6942672078627972,25,20,20
24,3134,0.14350849068626487,0.03934608695927078,0.1228768399019213,0.6942685824525415,25,20,20
24,3135,0.14351148575790457,0.03934608695927958,0.12288554872649979,0.6942568785563147,25,20,20
24,3136,0.14351446203711782,0.039346086945537866,0.12251257082581357,0.6946268801915292,25,20,20
24,3137,0.14358320313218229,0.03934608702328471,0.12244383215882726,0.6946268776857045,25,20,20
24,3138,0.15483948909208264,0.03933446696562903,0.11119933399166762,0.6946267099506181,25,20,20
24,3139,0.15483948875165973,0.03933446696562856,0.11119921168422157,0.6946268325984875,25,20,20
24,3140,0.15484241602530566,0.039334466965601965,0.11119921097132975,0.6946239060377603,25,20,20
24,3141,0.15484443078492044,0.03933446696557159,0.11119470475600904,0.6946263974934968,25,20,20
24,3142,0.15484657467406449,0.039334466965585284,0.10190443952162413,0.703914518838724,25,20,20
24,3143,0.15484752115577582,0.039334466965614705,0.10190435937601665,0.7039136525025911,25,20,20
24,3144,0.15484454094150804,0.03933446696563221,0.10190436564100822,0.7039166264518496,25,20,20
24,3145,0.15484056107808153,0.03933446696556136,0.10190435651637682,0.7039206154399784,25,20,20
24,3146,0.15484045568601285,0.039334466387854386,0.09081918012512868,0.7150058978010025,25,20,20
24,3147,0.154837510687097,0.039334466387853956,0.09081458938936725,0.7150134335356805,25,20,20
24,3148,0.15483679043683074,0.038747857602175605,0.09140191843522755,0.715013433525765,25,20,20
24,3149,0.15483372591361091,0.038747857602153685,0.09140028988195896,0.7150181266022748,25,20,20
24,3150,0.15483791361137828,0.03874785760213749,0.09166666622707759,0.7147475625594057,25,20,20
24,3151,0.1548490006842334,0.038747857602204616,0.091669764809304,0.7147333769042571,25,20,20
24,3152,0.15484900072208116,0.03874785760245644,0.09166999797041486,0.7147331437050467,25,20,20
24,3153,0.1548470024130619,0.038747857602483136,0.0916745069753275,0.7147306330091263,25,20,20
24,3154,0.1340695195811678,0.0387479738850422,0.11245191217077535,0.7147305943630142,25,20,20
24,3155,0.13406948302114963,0.03874797388506017,0.1124520336371059,0.7147305094566839,25,20,20
24,3156,0.13400066338697347,0.038747973805286204,0.11245588675306903,0.7147954760546719,25,20,20
24,3157,0.13422448566542733,0.0387479732551354,0.11223206312423527,0.7147954779551995,25,20,20
24,3158,0.13422466178844447,0.03874797325511834,0.1123242032255006,0.714703161730934,25,20,20
24,3159,0.1342216827713748,0.03874797325510987,0.11231552188674543,0.7147148220867672,25,20,20
24,3160,0.1343080788986628,0.038747999854137814,0.11205751815572902,0.7148864030914678,25,20,20
24,3161,0.13430802625837468,0.038747999854120446,0.11205748180435116,0.7148864920831512,25,20,20
24,3162,0.1561108194387149,0.038747902783867985,0.0902495396651665,0.7148917381122483,25,20,20
24,3163,0.15611383213321373,0.038747902783886366,0.0902494266315521,0.7148888384513457,25,20,20
24,3164,0.15824345875007295,0.038747883600377835,0.08812454795557607,0.7148841096939713,25,20,20
24,3165,0.15822095462825006,0.03874788421297634,0.0881469108194583,0.7148842503393135,25,20,20
24,3166,0.15821682179097601,0.038747884212939204,0.08814219299203473,0.7148931010040482,25,20,20
24,3167,0.15821685671107757,0.03874788421292028,0.08814227117859477,0.7148929878974056,25,20,20
24,3168,0.15833838304085907,0.038747884215058856,0.08813793735074775,0.7147757953933322,25,20,20
24,3169,0.15833838503683656,0.03874788421505901,0.08813790574935924,0.7147758249987431,25,20,20
24,3170,0.15851316238504132,0.0387478578111071,0.08819319383797371,0.7145457859658759,25,20,20
24,3171,0.15851310234668983,0.03874785781091162,0.09457180936164948,0.7081672304807484,25,20,20
24,3172,0.15862406231320425,0.03874785780882375,0.09457157071790422,0.708056509160067,25,20,20
24,3173,0.15861989061195853,0.03874785780908391,0.09457113922581283,0.7080611123531433,25,20,20
24,3174,0.15838947395778485,0.03874785780903787,0.09457580496963315,0.7082868632635427,25,20,20
24,3175,0.15801861444752374,0.03874795917018755,0.09494622697303529,0.708287199409252,25,20,20
24,3176,0.15802159413816363,0.03874795917019554,0.09494614749327379,0.7082842991983656,25,20,20
24,3177,0.15813415938301373,0.02117732372433826,0.11240421335434167,0.7082843035383057,25,20,20
24,3178,0.158134229668401,0.021177323724383107,0.1124042149999395,0.7082842316072755,25,20,20
24,3179,0.15813133834281173,0.021177323724142973,0.11679550493553649,0.7038958329975077,25,20,20
24,3180,0.15813147628190294,0.02117732372417494,0.1167956263101258,0.7038955736837947,25,20,20
24,3181,0.15813152884380244,0.021177323724130365,0.11679562838336198,0.7038955190487036,25,20,20
24,3182,0.1581283404042864,0.021177323724129598,0.11670336534454152,0.7039909705270411,25,20,20
24,3183,0.17120590207855801,0.02117840790056689,0.10362735069949924,0.703988339321375,25,20,20
24,3184,0.1712087754772331,0.02117840790055379,0.09896980353498225,0.7086430130872299,25,20,20
24,3185,0.17121164863209956,0.021178407900518413,0.09896980438388298,0.7086401390834983,25,20,20
24,3186,0.17122759036884688,0.021178407900669587,0.09896981814130201,0.7086241835891809,25,20,20
24,3187,0.1712275908072448,0.021178407900674313,0.09897373751530662,0.7086202637767741,25,20,20
24,3188,0.1712246111106577,0.0211784079006654,0.09897385083836399,0.7086231301503128,25,20,20
24,3189,0.17131994168377154,0.021178117166835445,0.0988788118811546,0.7086231292682382,25,20,20
24,3190,0.17130396693803962,0.02117811716669372,0.09887895308987246,0.708638962805394,25,20,20
24,3191,0.19579042184854323,0.02117703287161646,0.07439865667743258,0.7086338886024083,25,20,20
24,3192,0.19770587069459342,0.02117638445898449,0.07248782203357894,0.7086299228128438,25,20,20
24,3193,0.19770885005370517,0.02117638445899301,0.07249240649634169,0.7086223589909608,25,20,20
24,3194,0.19759570915736469,0.021203835472113134,0.07257809112526956,0.7086223642452534,25,20,20
24,3195,0.1976064827515249,0.021203835472152214,0.07257798098737882,0.7086117007889448,25,20,20
24,3196,0.19800717680390106,0.02120373351968094,0.07217786715693576,0.7086112225194828,25,20,20
24,3197,0.19800712401510373,0.021203733519923697,0.06113059846072961,0.7196585440042433,25,20,20
24,3198,0.1980070186973931,0.021203733519906107,0.06113048295677121,0.7196587648259297,25,20,20
24,3199,0.15823991107649643,0.021218172281071025,0.10088312810164007,0.7196587885407927,25,20,20
24,3200,0.15823982475041212,0.02121817228102587,0.10101262889879377,0.7195293740697681,25,20,20
24,3201,0.158228913226042,0.02121817228095911,0.10101725583043773,0.7195356586625609,25,20,20
24,3202,0.15823190849312052,0.021218172280946357,0.10101254233506532,0.7195373768908675,25,20,20
24,3203,0.1582710121028419,0.021218172959631226,0.10707645848786522,0.7134343564496615,25,20,20
24,3204,0.15826894810485118,0.02121817295968403,0.10707866081106221,0.7134342181244024,25,20,20
24,3205,0.15826596843622215,0.021218172959676037,0.10707865984793212,0.7134371987561695,25,20,20
24,3206,0.1585185130148627,0.02121817296242705,0.10717085120880247,0.7130924628139077,25,20,20
24,3207,0.15978731744389588,0.021218173100160276,0.10589882333086686,0.7130956861250768,25,20,20
24,3208,0.18130896535700664,0.021218175416479426,0.08437716451097863,0.7130956947155334,25,20,20
24,3209,0.18131401778882908,0.021218175418069335,0.08464341297352757,0.7128243938195721,25,20,20
24,3210,0.18125512080046136,0.021218175415460217,0.0846431143344445,0.7128835894496326,25,20,20
24,3211,0.18213182656188587,0.02121817552614088,0.0837696389641621,0.7128803589478099,25,20,20
24,3212,0.1819310921992437,0.02157760662186107,0.08361041757219506,0.712880883606699,25,20,20
24,3213,0.18193806215361344,0.0215776066218955,0.08361043246040722,0.7128738987640831,25,20,20
24,3214,0.18193297424013832,0.021577606620577325,0.08334901662006308,0.7131404025192206,25,20,20
24,3215,0.18192212997710644,0.021577606620515874,0.08334909178676675,0.7131511716156101,25,20,20
24,3216,0.18192908585533318,0.021577606620567815,0.08334909442867283,0.7131442130954254,25,20,20
24,3217,0.18192908682422715,0.021577606620576555,0.0833490617900832,0.7131442447651126,25,20,20
24,3218,0.1819343343849339,0.021577606627762747,0.08335371537030874,0.7131343436169941,25,20,20
24,3219,0.181932354714653,0.02157760662806986,0.08361528986035452,0.7128747487969221,25,20,20
24,3220,0.18193435225806173,0.021577606627780712,0.08334905492577452,0.7131389861883826,25,20,20
24,3221,0.18193278716421502,0.02157760714487051,0.0973375055501668,0.699152100140747,25,20,20
24,3222,0.18192795412710924,0.02157760664455721,0.0887972490903691,0.707697190137964,25,20,20
24,3223,0.18192494111430565,0.021577606644293507,0.08879054535819009,0.7077069068832103,25,20,20
24,3224,0.18192523624333465,0.02157760664431809,0.0888828322204594,0.7076143248918872,25,20,20
24,3225,0.1820449990778933,0.02157760665820671,0.09510978005552839,0.701267614208371,25,20,20
24,3226,0.18204499904916685,0.021577606658206704,0.09510981802036778,0.7012675762722579,25,20,20
24,3227,0.18204539184303686,0.021577606641438853,0.089661634019251,0.7067153674962726,25,20,20
24,3228,0.21709061997355836,0.021205753531506093,0.05498880582221845,0.7067148206727176,25,20,20
24,3229,0.23525385907216698,0.021205751206609783,0.036825579161777505,0.7067148105594458,25,20,20
24,3230,0.23525854880121538,0.02120575120638497,0.03707467598098509,0.7064610240114146,25,20,20
24,3231,0.2352615994404569,0.021205751206391406,0.03708132763628099,0.7064513217168705,25,20,20
24,3232,0.2352586007454914,0.02120575120663884,0.037081379448022665,0.706454268599847,25,20,20
24,3233,0.23500603726848138,0.02120575120388714,0.03698911120306756,0.706799100324564,25,20,20
24,3234,0.23473685405599828,0.021205760788681586,0.03725818516741865,0.7067991999879014,25,20,20
24,3235,0.23474370684093673,0.021205760788725384,0.037258189564160285,0.7067923428061779,25,20,20
24,3236,0.23474170572145436,0.02120576078851034,0.0372534408217907,0.7067990926682448,25,20,20
24,3237,0.19619867879832234,0.02124396788396719,0.07575749149217709,0.7067998618255349,25,20,20
24,3238,0.19619914413707082,0.04000076785077086,0.057000235769939886,0.70679985224222,25,20,20
24,3239,0.19620388667454872,0.04000076784362074,0.05700210674428364,0.7067932387375484,25,20,20
24,3240,0.19620690059048213,0.04000076784365193,0.0570021903451963,0.706790141220671,25,20,20
24,3241,0.1964118651025315,0.040000767779192044,0.05679725076795769,0.7067901163503203,25,20,20
24,3242,0.19640094793444557,0.04000076777912173,0.056790723243156316,0.7068075610432778,25,20,20
24,3243,0.19629396093891444,0.04000076757579121,0.056897702066967065,0.7068075694183287,25,20,20
24,3244,0.19640928192096194,0.040000767460007906,0.05678238887314315,0.7068075617458885,25,20,20
24,3245,0.1964113670226669,0.040000767459999774,0.0567822218898253,0.7068056436275092,25,20,20
24,3246,0.19641132917793386,0.04000076745999106,0.05678214030331812,0.7068057630587581,25,20,20
24,3247,0.19614244028025352,0.040000919092338307,0.05705013979472946,0.7068065008326798,25,20,20
24,3248,0.19615042715776881,0.04000091909240992,0.05704542776019768,0.7068032259896249,25,20,20
24,3249,0.1961503738405948,0.040000919092396385,0.057045623943283254,0.7068030831237269,25,20,20
24,3250,0.1961513633711238,0.0400009190934493,0.057050275500868226,0.7067974420345599,25,20,20
24,3251,0.19612336672227976,0.04000091841485521,0.05098880268442642,0.7128869121784401,25,20,20
24,3252,0.19612341850123324,0.040000918414847264,0.05098959536536654,0.7128860677185541,25,20,20
24,3253,0.18828255001348748,0.040000766784753825,0.058831352241182244,0.7128853309605779,25,20,20
24,3254,0.18690423007884197,0.039962568401420734,0.06024864085181461,0.7128845606679255,25,20,20
24,3255,0.18689725566599416,0.03996256840135033,0.06024855536992847,0.7128916205627297,25,20,20
24,3256,0.18688627085796217,0.039962568401295015,0.06025275675016977,0.7128984039905754,25,20,20
24,3257,0.18689319158986037,0.03996256840129467,0.06024623137753621,0.712898008631311,25,20,20
24,3258,0.1868914282903732,0.03996256840125868,0.059994664916447664,0.7131513383919231,25,20,20
24,3259,0.1868884769147151,0.03827278022889912,0.061687404475140706,0.7131513383812478,25,20,20
24,3260,0.186887540307773,0.038272780231235176,0.06168897828399987,0.7131507011769948,25,20,20
24,3261,0.18688457943180528,0.038272780231217544,0.06169363743927181,0.7131490028977078,25,20,20
24,3262,0.18687256390148999,0.03827305515888734,0.06170537806883776,0.7131490028707881,25,20,20
24,3263,0.1917934395379841,0.03827103837990671,0.056786520727371254,0.7131490013547409,25,20,20
24,3264,0.1917854199209872,0.038271038379835434,0.05679303352798468,0.7131505081711955,25,20,20
24,3265,0.19178543884744517,0.03827103837980382,0.05679761267694262,0.713145910095811,25,20,20
24,3266,0.19178838312085983,0.038271038379803425,0.0567929127309323,0.7131476657684068,25,20,20
24,3267,0.21470865887808846,0.038270908147498374,0.03387276708025533,0.7131476658941581,25,20,20
24,3268,0.21470866767190114,0.00894033512898644,0.06320333130541327,0.713147665893702,25,20,20
24,3269,0.2032532727239543,0.008940216494265832,0.07465883503672228,0.7131476757450605,25,20,20
24,3270,0.20325039941505696,0.008940216494275377,0.0746589982077293,0.713150385882941,25,20,20
24,3271,0.20325039789282281,0.03995729295885695,0.04364192326046202,0.7131503858878593,25,20,20
24,3272,0.20325159568189793,0.039957292956753994,0.04373320878743203,0.7130579025739169,25,20,20
24,3273,0.2032443816413665,0.039957292956707635,0.04401391660786581,0.7127844087940608,25,20,20
24,3274,0.20323833812547368,0.03995729295671699,0.044265410731962086,0.7125389581858481,25,20,20
24,3275,0.2032414935698741,0.039957292956721895,0.04414035921032866,0.712660854263076,25,20,20
24,3276,0.20324051516025574,0.03995729295691331,0.04423113431761596,0.7125710575652152,25,20,20
24,3277,0.20324254975898637,0.03995729295694292,0.04460041637328411,0.7121997409107869,25,20,20
24,3278,0.20324254954002424,0.039957292956697664,0.044593714420995204,0.7122064430822832,25,20,20
24,3279,0.20324265777304124,0.03995729295672037,0.04459391881162926,0.7122061304586093,25,20,20
24,3280,0.2046360015004365,0.03995730206374124,0.04320038731655588,0.7122063091192666,25,20,20
24,3281,0.19281765942817164,0.0399575106638518,0.05501752189926621,0.7122073080087121,25,20,20
24,3282,0.1928137349445717,0.039957510664080716,0.0552837780839669,0.711944976307382,25,20,20
24,3283,0.19281073844008415,0.039957510664089105,0.05527907891973235,0.7119526719760954,25,20,20
24,3284,0.1928088589239101,0.03995751066327283,0.05527918004327958,0.7119544503695383,25,20,20
24,3285,0.1928087736873259,0.03995751066350798,0.05565244645437829,0.7115812691947885,25,20,20
24,3286,0.19274785516042667,0.03995751068415229,0.055713362279539075,0.7115812718758828,25,20,20
24,3287,0.1890873409423318,0.03995752191192315,0.05934590137245206,0.7116092357732939,25,20,20
24,3288,0.18908627138198128,0.039957521911988134,0.059341199207448216,0.7116150074985832,25,20,20
24,3289,0.18908414282466343,0.03995752191195399,0.05896962659364905,0.7119887086697342,25,20,20
24,3290,0.18908410452766763,0.03995752191195509,0.05896302896975708,0.7119953445906206,25,20,20
24,3291,0.1890851215618813,0.03995752191213767,0.059056072079279084,0.7119012844467023,25,20,20
24,3292,0.18908510134557763,0.039957521911885154,0.05905564072882405,0.7119017360137135,25,20,20
24,3293,0.1890831461528018,0.03995752191165258,0.05896268737207655,0.7119966445634696,25,20,20
24,3294,0.18908682558053055,0.03995752191174512,0.06361982519783341,0.7073358273098913,25,20,20
24,3295,0.18785418775348528,0.03995752425633043,0.06485285312806412,0.7073354348621202,25,20,20
24,3296,0.18785322472522062,0.0399575242562919,0.06460286612559143,0.7075863848928963,25,20,20
24,3297,0.18785301657183695,0.039957524256539784,0.0648828925513607,0.7073065666202629,25,20,20
24,3298,0.18785314183840732,0.039957524256531186,0.06488758604926126,0.7073017478558,25,20,20
24,3299,0.18785240673516745,0.039957524256439114,0.060230448834814904,0.7119596201735784,25,20,20
24,3300,0.1878523532063292,0.039957524255954245,0.05985744732760364,0.7123326752101129,25,20,20
24,3301,0.18785233669141746,0.03995752425594458,0.059857474557823746,0.7123326644948142,25,20,20
24,3302,0.18785245781319543,0.039957524255936266,0.05985752021432763,0.7123324977165406,25,20,20
24,3303,0.18785445137987755,0.03995752425592515,0.05986402449656593,0.7123239998676313,25,20,20
24,3304,0.18785446748980875,0.03995752425592612,0.05986406581507594,0.7123239424391885,25,20,20
24,3305,0.18785964723079807,0.039957524255719815,0.06014396059739907,0.7120388679160818,25,20,20
24,3306,0.1878595768279445,0.03995752425570573,0.06014379469234255,0.7120391042240061,25,20,20
24,3307,0.18786262724454805,0.03995752425574057,0.06014386987737765,0.7120359786223327,25,20,20
24,3308,0.18786965791041857,0.03995752425634888,0.06014187977039351,0.7120309380628383,25,20,20
24,3309,0.1878765078508584,0.03995752425609933,0.06013704626610743,0.712028921626934,25,20,20
24,3310,0.18787344195602323,0.039957524256107664,0.06013700375162296,0.7120320300362454,25,20,20
24,3311,0.18787353441726648,0.03995752425607284,0.060143488226670455,0.7120254530999895,25,20,20
24,3312,0.1886267189651899,0.03995752184524756,0.05939043107051031,0.7120253281190516,25,20,20
24,3313,0.17163104547853364,0.039957527638368844,0.07638608380183037,0.7120253430812666,25,20,20
24,3314,0.17679488793853795,0.03995731909530031,0.07122344983910145,0.7120243431270601,25,20,20
24,3315,0.16692192544299453,0.03995728433882043,0.08109645687252798,0.7120243333456586,25,20,20
24,3316,0.1664596907153654,0.03995729109913386,0.08155822846095308,0.712024789724549,25,20,20
24,3317,0.1664567736074074,0.03995729109910542,0.08138502058801618,0.7122009147054723,25,20,20
24,3318,0.13065516916836942,0.03995728680465445,0.11689308071612149,0.7124944633108516,25,20,20
24,3319,0.1307220581606375,0.039957286808086113,0.11689812141885417,0.7124225336124195,25,20,20
24,3320,0.14339324172053913,0.03995728422659978,0.10422682645540063,0.7124226475974578,25,20,20
24,3321,0.14339529223677827,0.039957284226586724,0.10385617067419407,0.7127912528624382,25,20,20
24,3322,0.1397644278934959,0.041030792756629256,0.1066171762699534,0.7125876030799185,25,20,20
24,3323,0.16626211848767017,0.04103079284557776,0.08011867823119007,0.7125884104355632,25,20,20
24,3324,0.1662756734557074,0.041013481997024995,0.08012243410116866,0.7125884104461,25,20,20
24,3325,0.1661529309155863,0.04101348198315021,0.07389537068772217,0.7189382164135426,25,20,20
24,3326,0.16620401771656096,0.0410134819831883,0.07389544418772717,0.7188870561125249,25,20,20
24,3327,0.16620703008287507,0.04101348198319773,0.07390196618328115,0.7188775217506473,25,20,20
24,3328,0.16620392405751971,0.041013481983205986,0.07389536590447421,0.718887228054801,25,20,20
24,3329,0.16621487433650578,0.04101348198328533,0.07389533461896378,0.7188763090612457,25,20,20
24,3330,0.16978089919376693,0.039958092030761574,0.07147502884095937,0.718785979934513,25,20,20
24,3331,0.16618986458179524,0.04102939048515151,0.07399479327906623,0.7187859516539877,25,20,20
24,3332,0.16625637579552258,0.04102939048954411,0.07451278714910707,0.7182014465658275,25,20,20
24,3333,0.16624647519006697,0.041029390488984775,0.07451910733974242,0.7182050269812075,25,20,20
24,3334,0.17033939906821088,0.0410293696877,0.07045425091495405,0.7181769803291366,25,20,20
24,3335,0.17034731530142705,0.041029369687777685,0.07045429127014811,0.7181690237406484,25,20,20
24,3336,0.1703779486892479,0.04102936967645425,0.07042367480432885,0.7181690068299703,25,20,20
24,3337,0.17043152558982677,0.03994012930639467,0.07145933906755986,0.7181690060362206,25,20,20
24,3338,0.17043450436339463,0.0399401293064025,0.07108634199426761,0.7185390243359366,25,20,20
24,3339,0.1752308572681848,0.03994012977896157,0.0662900484067634,0.7185389645460919,25,20,20
24,3340,0.17523777586936318,0.03994012977899596,0.0662901298177149,0.7185319645339271,25,20,20
24,3341,0.17522980174320243,0.03994012977895228,0.06629672617637303,0.7185333423014734,25,20,20
24,3342,0.1752169088857295,0.03955170713798292,0.06669804168309236,0.7185333422931968,25,20,20
24,3343,0.17515156467448612,0.039551707920693666,0.06618358693059138,0.7191131404742301,25,20,20
24,3344,0.17515168609512094,0.039551707920684964,0.06618828554731096,0.719108320436884,25,20,20
24,3345,0.15893871564835524,0.03955172017658106,0.08239800979894722,0.7191115543761173,25,20,20
24,3346,0.15893153217491357,0.039551720176570215,0.08239590977868262,0.7191208378698342,25,20,20
24,3347,0.1655900809466197,0.039551720115096195,0.07573736064706064,0.7191208382912241,25,20,20
24,3348,0.1711789766920941,0.03955173690762013,0.07014922181583434,0.7191200645844519,25,20,20
24,3349,0.17112852070475587,0.03957174777126738,0.07017966694729132,0.719120064576687,25,20,20
24,3350,0.17112552496670458,0.039571747771258936,0.07018616277907802,0.7191165644829599,25,20,20
24,3351,0.1711285378003385,0.03957174777151664,0.0704522244474064,0.7188474899807396,25,20,20
24,3352,0.17113164319785976,0.03957174777153853,0.07045720282009128,0.7188394062105119,25,20,20
24,3353,0.17113149653407794,0.039571747771519214,0.07045287890867628,0.718843876785728,25,20,20
24,3354,0.1711238149209814,0.039551557767029843,0.07048075049197121,0.7188438768200196,25,20,20
24,3355,0.1711268204873219,0.039551557766808486,0.07038782090000498,0.7189338008458668,25,20,20
24,3356,0.17022211931686979,0.0395515580655674,0.07129251936502326,0.718933803252542,25,20,20
24,3357,0.17021912806333814,0.039551558065559905,0.07129259792411517,0.7189367159469895,25,20,20
24,3358,0.17021616702044798,0.039551558065552384,0.07129031759318076,0.7189419573208212,25,20,20
24,3359,0.170675290570989,0.03955155806769764,0.07129506826001887,0.7184780831012967,25,20,20
24,3360,0.17067241510421952,0.03955155806770702,0.07129523209001755,0.7184807947380571,25,20,20
24,3361,0.14873343384362683,0.03955154744237476,0.09323745618320219,0.7184775625307946,25,20,20
24,3362,0.14872550877465826,0.03955154744232783,0.09325141521981677,0.7184715285631958,25,20,20
24,3363,0.14872950456254164,0.03955154744235473,0.09325141817874401,0.7184675298163584,25,20,20
24,3364,0.14872943510853834,0.03955154744234556,0.09324481831621485,0.7184741991329002,25,20,20
24,3365,0.1487284680034419,0.03955154744349955,0.09324643710669202,0.7184735474463657,25,20,20
24,3366,0.14873148126007288,0.039551547443490896,0.09350606980679618,0.7182109014896395,25,20,20
24,3367,0.14873155138959634,0.039551547443517694,0.0934995487286225,0.7182173524382626,25,20,20
24,3368,0.14872854714322573,0.03955154744349945,0.0932381238919085,0.7184817815213651,25,20,20
24,3369,0.13528054923385158,0.039551550090887906,0.10668613656001102,0.7184817641152482,25,20,20
24,3370,0.13528054925448652,0.039551550090887594,0.10668616438996509,0.7184817362646595,25,20,20
24,3371,0.13527760586501048,0.03955155009088752,0.10668621637217067,0.7184846276719301,25,20,20
24,3372,0.13527700184313576,0.03951315323689526,0.10672521711286319,0.7184846278071046,25,20,20
24,3373,0.13528010009436173,0.039513153236895665,0.10672521968931348,0.7184815269794277,25,20,20
24,3374,0.13527610509721194,0.03951315323688644,0.10672513759186471,0.7184856040740355,25,20,20
24,3375,0.13521804595998776,0.039513153236804335,0.10672514136367454,0.7185436594395317,25,20,20
24,3376,0.1352180132424343,0.03996577646963692,0.10627255098806161,0.7185436592998655,25,20,20
24,3377,0.1352181362052869,0.03996577646967252,0.1062725511161878,0.7185435362088513,25,20,20
24,3378,0.13522108306461644,0.03996577646994459,0.10627917274848303,0.7185339677169544,25,20,20
24,3379,0.1486869156465109,0.03996577013727532,0.09281339827658747,0.7185339159396249,25,20,20
24,3380,0.14868798953809378,0.03996577013699601,0.09280683829030315,0.7185394020346055,25,20,20
24,3381,0.14823179516752805,0.039965770134840664,0.09280660065543808,0.718995834042192,25,20,20
24,3382,0.1487666656520549,0.0399657612658674,0.09227082425240109,0.718996748829675,25,20,20
24,3383,0.1472216154969691,0.039965763100545136,0.09381583868371923,0.7189967827187648,25,20,20
24,3384,0.14722046392446217,0.03996576231344759,0.09343945778883139,0.7193743159732571,25,20,20
24,3385,0.14722132345812916,0.03996576231347379,0.09343937944711712,0.7193735347812783,25,20,20
24,3386,0.18086332223091542,0.039966129055582694,0.05979678165771413,0.719373767055788,25,20,20
24,3387,0.18079643220872416,0.03996612906605662,0.05992134113579346,0.7193160975894262,25,20,20
24,3388,0.18079740571025826,0.03996612906608457,0.05991675135164107,0.7193197138720161,25,20,20
24,3389,0.18079826396333573,0.03996612906609269,0.05991675398180611,0.7193188529887655,25,20,20
24,3390,0.1871372287926469,0.03996576232260349,0.05357838728236977,0.71931862160238,25,20,20
24,3391,0.18713437036863603,0.039965762322648805,0.0535737355659721,0.7193261317427431,25,20,20
24,3392,0.18713428081042166,0.03996576232266534,0.05357373359483939,0.7193262232720737,25,20,20
24,3393,0.18714099342392468,0.03996576232265453,0.05366616513015269,0.7192270791232683,25,20,20
24,3394,0.187138032640498,0.03996576232264517,0.05366611442221756,0.7192300906146393,25,20,20
24,3395,0.19344257662692865,0.039965745423249176,0.047361621014579774,0.7192300569352423,25,20,20
24,3396,0.19343961175397464,0.039965745423258196,0.047355133598027066,0.7192395092247407,25,20,20
24,3397,0.19344068107882326,0.03996574542331064,0.047358430616854665,0.719235142881012,25,20,20
24,3398,0.1934406638569092,0.03996574542330119,0.04735843137257285,0.7192351593472174,25,20,20
24,3399,0.15690283968342358,0.03996576831192148,0.0838961242279096,0.7192352677767463,25,20,20
24,3400,0.15690585657539843,0.039965768311931035,0.0838961576359133,0.7192322174767581,25,20,20
24,3401,0.15674154544731153,0.03996576835152339,0.08406045814418169,0.7192322280569842,25,20,20
24,3402,0.15675034252223707,0.039965768350408166,0.08406345898685266,0.7192204301405027,25,20,20
24,3403,0.15674715462250932,0.039965768350367636,0.08379745195633208,0.7194896250707913,25,20,20
24,3404,0.15675018538741647,0.03996576835036732,0.0837972228404044,0.7194868234218121,25,20,20
24,3405,0.1567502028710548,0.03996576835037685,0.08379730906986513,0.7194867197087035,25,20,20
24,3406,0.15675038702194702,0.03996576835039602,0.08388958505936815,0.719394259568289,25,20,20
24,3407,0.15675340065138668,0.039965768336781664,0.08376668843250465,0.7195141425793272,25,20,20
24,3408,0.1567958821480107,0.039965768303221454,0.08372421680704692,0.7195141327417212,25,20,20
24,3409,0.15679188863744703,0.03996576830321301,0.09477237682336012,0.7084699662359809,25,20,20
24,3410,0.15679500545911595,0.03874731830087338,0.09598771000631556,0.7084699662336965,25,20,20
24,3411,0.1567947869883047,0.038747318300852956,0.0958955477885276,0.7085623469223161,25,20,20
24,3412,0.15679478626270407,0.03874731830084372,0.09589558045680702,0.7085623149796464,25,20,20
24,3413,0.1567948385647995,0.03874731830085257,0.09589546631768751,0.7085623768166616,25,20,20
24,3414,0.15679191535673828,0.038747318301062456,0.09589556536887223,0.7085652009733281,25,20,20
24,3415,0.15679510453317932,0.03874731830503968,0.09589121128126575,0.7085663658805162,25,20,20
24,3416,0.1568032883862605,0.0387473183211951,0.09580702313272801,0.7086423701598172,25,20,20
24,3417,0.15679650758076327,0.03874731832116099,0.09580713599904087,0.7086490380990353,25,20,20
24,3418,0.15679641201181874,0.038747318348524254,0.0958062998874301,0.7086499697522274,25,20,20
24,3419,0.18437701639881326,0.03874729548633643,0.06822582769718592,0.7086498604176644,25,20,20
24,3420,0.18439750414423173,0.038747295487922793,0.10811498749972973,0.6687402128681174,25,20,20
24,3421,0.18439741449043165,0.039962280616592884,0.10690009201971379,0.6687402128732632,25,20,20
24,3422,0.18439638501984315,0.03996228061656935,0.1069022605122752,0.6687390738513139,25,20,20
24,3423,0.1844004578976829,0.03996228061657285,0.1071544718726981,0.668482789613048,25,20,20
24,3424,0.18440340530916843,0.03996228061657301,0.10715447329570078,0.6684798407785596,25,20,20
24,3425,0.18440953806182797,0.03996228061657401,0.10742057002201827,0.6682076112995812,25,20,20
24,3426,0.18441346317960622,0.039962280616608906,0.10742526871169651,0.6681989874920893,25,20,20
24,3427,0.184413497389617,0.03996228061660123,0.10742530289868692,0.6681989190950958,25,20,20
24,3428,0.1848723761574189,0.039962280736540755,0.1071662338518853,0.6679991092541558,25,20,20
24,3429,0.186530992903305,0.03996227885518115,0.10550764640957666,0.6679990818319382,25,20,20
24,3430,0.18653924657853935,0.03996227887071166,0.10559983982290218,0.6678986347278477,25,20,20
24,3431,0.1865270241092468,0.03996227885517953,0.10551423376939992,0.6679964632661747,25,20,20
24,3432,0.19206461541741576,0.03996264040027203,0.09995589524847645,0.6680168489338365,25,20,20
24,3433,0.1920646122097386,0.014171603336979371,0.12574693541250587,0.6680168490407743,25,20,20
24,3434,0.19206157390831494,0.039957051471897806,0.09996452566916794,0.6680168489506201,25,20,20
24,3435,0.19113004297268843,0.039956690853472955,0.10091679576516377,0.6679964704086756,25,20,20
24,3436,0.19112392878452789,0.03995669085349905,0.10065070048499716,0.6682686798769767,25,20,20
24,3437,0.1909234149661706,0.0399566908599862,0.10085121315371495,0.6682686810201289,25,20,20
24,3438,0.19092732278118227,0.03995669085972138,0.10084451132749091,0.668271475031606,25,20,20
24,3439,0.19104983698057534,0.039956690979960664,0.10072197310301234,0.6682714989364521,25,20,20
24,3440,0.19105780019176863,0.039956690980033314,0.1007220257444008,0.668263483083798,25,20,20
24,3441,0.19105385752725965,0.03995669097999866,0.08966912708147218,0.6793203244112702,25,20,20
24,3442,0.1905931595420814,0.039956690860120235,0.09003494895528451,0.6794152006425146,25,20,20
24,3443,0.19059521287071907,0.03995669086009321,0.09003710695526657,0.6794109893139219,25,20,20
24,3444,0.19494778309118693,0.0399566899936688,0.08568453622718258,0.6794109906879625,25,20,20
24,3445,0.18950568681740215,0.03995669018067412,0.09112555836061823,0.6794120646413062,25,20,20
24,3446,0.18950170955145546,0.039956690180648145,0.09112567578441713,0.6794159244834799,25,20,20
24,3447,0.18949865694232934,0.03995669018063018,0.09112567757488339,0.6794189753021578,25,20,20
24,3448,0.18950065451543935,0.03995669018058637,0.09112702134559618,0.6794156339583788,25,20,20
24,3449,0.1895036507322825,0.03995669018058213,0.09113160781846222,0.6794080512686737,25,20,20
24,3450,0.18950354438352765,0.039956690180582004,0.0911268112555841,0.6794129541803068,25,20,20
24,3451,0.18950367960524375,0.039956690194423876,0.09150086025044082,0.6790387699498918,25,20,20
24,3452,0.1605233228231427,0.039957304690175235,0.12047777647069711,0.6790415960159852,25,20,20
24,3453,0.16052530270536297,0.039957304690250176,0.12047790334514424,0.6790394892592428,25,20,20
24,3454,0.1605262956222896,0.03995730469029109,0.1204773275080774,0.6790390721793419,25,20,20
24,3455,0.1600727200520564,0.039957382119706446,0.12093137740746819,0.6790385204207691,25,20,20
24,3456,0.16007664508923392,0.03995738211973673,0.12092675966683554,0.6790392131241938,25,20,20
24,3457,0.1600828419384177,0.039957382121613316,0.1213198437689898,0.6786399321709795,25,20,20
24,3458,0.160080824691094,0.03995738212169504,0.12756741603952002,0.6723943771476901,25,20,20
24,3459,0.16007753749963272,0.03995738211746352,0.12756976644476384,0.6723953139381392,25,20,20
24,3460,0.1600765319396844,0.039957382117417894,0.1275681458411845,0.6723979401017124,25,20,20
24,3461,0.16007562237692402,0.03995738211734609,0.12132515309657205,0.678641842409158,25,20,20
24,3462,0.16007253916686692,0.03995738210350373,0.12095110401230613,0.6790189747173235,25,20,20
24,3463,0.16007152710687234,0.03995738210349969,0.12095746894657626,0.679013621843052,25,20,20
24,3464,0.16006854978577148,0.0399573821037239,0.12133053170116646,0.6786435364093384,25,20,20
24,3465,0.16006423829754507,0.03995738210392425,0.12096240110835406,0.6790159784901769,25,20,20
24,3466,0.16005920432292012,0.039957382103825344,0.12096223518345543,0.6790211783897995,25,20,20
24,3467,0.16005636917609808,0.03995738210383998,0.12105442913592214,0.6789318195841401,25,20,20
24,3468,0.16003586490112948,0.03995738211612589,0.0813454195629331,0.7186613334198116,25,20,20
24,3469,0.16003279645701354,0.03995738211613388,0.08134541573091329,0.7186644056959395,25,20,20
24,3470,0.16003574056267567,0.039957382116133054,0.08134087243167507,0.7186660048895164,25,20,20
24,3471,0.16004041191395912,0.039957382116176686,0.08134099839039578,0.7186612075794685,25,20,20
24,3472,0.19758995832057102,0.03995740064462693,0.043791179350134615,0.7186614616846673,25,20,20
24,3473,0.19759507975722992,0.03995740064473561,0.04379130349697194,0.7186562161010625,25,20,20
24,3474,0.19758091882580495,0.039957400628580796,0.04378958302121563,0.7186720975243989,25,20,20
24,3475,0.1975739618685175,0.03995740062854638,0.043789613275057176,0.7186790242278789,25,20,20
24,3476,0.19780727961100453,0.039957400628614005,0.043697555590427595,0.718537764169954,25,20,20
24,3477,0.19780210597152392,0.03995740062849661,0.04369751446052107,0.7185429789394584,25,20,20
24,3478,0.2057956820492324,0.0399576127010947,0.03570648628974539,0.7185402189599279,25,20,20
24,3479,0.2058027433214572,0.03995761270087928,0.03533342622927579,0.7189062177483883,25,20,20
24,3480,0.2058009400524849,0.03995761270090739,0.035334943145236504,0.7189065041013716,25,20,20
24,3481,0.20579480390720978,0.0399576126987954,0.034937108785903635,0.7193104746080913,25,20,20
24,3482,0.20579366730162008,0.0399576126987628,0.034937814940788396,0.7193109050588287,25,20,20
24,3483,0.20579359644512557,0.039957612698746404,0.034931085104160764,0.7193177057519674,25,20,20
24,3484,0.20657870209615758,0.039957614189093285,0.03414597060175653,0.7193177131129928,25,20,20
24,3485,0.17212992811730551,0.039961615228315824,0.06859085900345303,0.7193175976509271,25,20,20
24,3486,0.17214205860514295,0.03996161522842443,0.0685907545994764,0.7193055715669574,25,20,20
24,3487,0.1721441394077946,0.03996161522837181,0.06858422633765894,0.7193100190261756,25,20,20
24,3488,0.15334412801456326,0.039960789386807374,0.08738515063722899,0.719309931961401,25,20,20
24,3489,0.15333719236820595,0.039960789387278706,0.08751814674739253,0.7191838714971239,25,20,20
24,3490,0.15332948588284936,0.03996078938723133,0.08751594112978536,0.7191937836001349,25,20,20
24,3491,0.15332952973028843,0.03996078938723961,0.08751124402718008,0.7191984368552928,25,20,20
24,3492,0.1533295456044976,0.0399607893872397,0.08751776440210798,0.7191919006061557,25,20,20
24,3493,0.15332955673658216,0.03993877524017747,0.08753976743679626,0.7191919005864452,25,20,20
24,3494,0.15332343102164347,0.03993877524018529,0.0875398454843515,0.7191979482538204,25,20,20
24,3495,0.1341640483509725,0.03993871246131782,0.10669885501250588,0.7191983841752034,25,20,20
24,3496,0.1341600709532704,0.03993871246129201,0.10669415359482087,0.7192070629906162,25,20,20
24,3497,0.13416404474766097,0.03993871246133216,0.10668953077832086,0.7192077120126856,25,20,20
24,3498,0.13415888696424266,0.039938712461006165,0.10655883071134901,0.7193435698634019,25,20,20
24,3499,0.13415594330051453,0.03993871246100586,0.10655882959453343,0.719346514643946,25,20,20
24,3500,0.13415888578230328,0.03993871246100631,0.10655894356826198,0.7193434581884282,25,20,20
24,3501,0.1343922370044355,0.03993871246466645,0.1065590383394892,0.7191100121914086,25,20,20
24,3502,0.13439015337994056,0.03993871246469168,0.1065589595945134,0.7191121745608539,25,20,20
24,3503,0.13439032807592718,0.039953324504557616,0.10654417253295119,0.7191121748865636,25,20,20
24,3504,0.1343923698436167,0.03995332451849248,0.10655108823874805,0.7191032173991423,25,20,20
24,3505,0.134395335093776,0.03995332450461177,0.10637096807699743,0.7192803723246145,25,20,20
24,3506,0.12947773015575406,0.039949308674145964,0.11129272921854921,0.7192802319515514,25,20,20
24,3507,0.1256634037929774,0.0399494632242008,0.11510589393513863,0.7192812390476839,25,20,20
24,3508,0.12542803741634986,0.03994946322056615,0.11510568776850166,0.719516811594583,25,20,20
24,3509,0.13159267162319993,0.03994946311187,0.10894212977738423,0.7195157354875467,25,20,20
24,3510,0.13159568538590422,0.039949463111924884,0.10894213240240934,0.7195127190997623,25,20,20
24,3511,0.1315958452663592,0.039949463097947,0.10893983472486031,0.7195148569108342,25,20,20
24,3512,0.1315908520662773,0.03994946309797375,0.1089420455842621,0.7195176392514874,25,20,20
24,3513,0.15343757765120508,0.03994945817214128,0.08709528566792595,0.7195176785087278,25,20,20
24,3514,0.15343757897185528,0.03994945817238639,0.08710003770247945,0.7195129251532788,25,20,20
24,3515,0.15344450043165053,0.0399494581724374,0.08710664181361945,0.7194993995822925,25,20,20
24,3516,0.15344844378125438,0.03994945817271569,0.0871090009707245,0.7194930970753055,25,20,20
24,3517,0.1534596013652455,0.03994945817455467,0.08736063465385525,0.7192303058063442,25,20,20
24,3518,0.1682732655393424,0.03994945777264116,0.07254699662886656,0.71923028005915,25,20,20
24,3519,0.16827613985074874,0.03994945777238735,0.07254216076730706,0.719232241609557,25,20,20
24,3520,0.17372026473190771,0.03994945755595075,0.06709911854411763,0.719231159168024,25,20,20
24,3521,0.17371725128197815,0.03994945755590063,0.06709931118532035,0.7192339799768012,25,20,20
24,3522,0.17371725040050204,0.03994945755589182,0.06709934150385116,0.7192339505397551,25,20,20
24,3523,0.17371830287293366,0.03994945670041548,0.06709829412618114,0.7192339463004713,25,20,20
24,3524,0.17372434815304416,0.03994945670040672,0.06710287740811843,0.7192233177384321,25,20,20
24,3525,0.17372413498818362,0.01469761694483495,0.09235493065252674,0.7192233174144558,25,20,20
24,3526,0.17373123075511576,0.014697616944940282,0.09234861446966408,0.7192225378302811,25,20,20
24,3527,0.17373217753984338,0.014697616946653969,0.12763832256811253,0.6839318829453882,25,20,20
24,3528,0.17373282757934128,0.014697616882066474,0.12763767262872416,0.6839318829098663,25,20,20
24,3529,0.17374480703074155,0.01469761688240931,0.1276359189752528,0.6839216571115947,25,20,20
24,3530,0.17351145217854966,0.014697616882350857,0.12776525325646212,0.6840256776826352,25,20,20
24,3531,0.1735193762925683,0.014697616882441054,0.1277652582620403,0.6840177485629485,25,20,20
24,3532,0.17397847477129713,0.014697616884603575,0.12776551482064927,0.6835583935234485,25,20,20
24,3533,0.1739724120369105,0.014697616884594278,0.1277609308288449,0.6835690402496486,25,20,20
24,3534,0.17397626604349392,0.014697616884567919,0.1277606476793346,0.6835654693926019,25,20,20
24,3535,0.17421501917019133,0.01469761688775645,0.127852753978803,0.6832346099632477,25,20,20
24,3536,0.17421796116333327,0.014697616887510803,0.12785048750536812,0.6832339344437866,25,20,20
24,3537,0.174332645887086,0.014697616887592723,0.12785067326747346,0.6831190639578465,25,20,20
24,3538,0.17432450367936855,0.014697616885763676,0.1276037421428461,0.6833741372920202,25,20,20
24,3539,0.17408482168005734,0.014697616882546213,0.1275118032434211,0.6837057581939741,25,20,20
24,3540,0.17408402547692517,0.014697616883006765,0.12760564273191038,0.6836127149081566,25,20,20
24,3541,0.17407311327560418,0.014697616882936256,0.12760563935065897,0.6836236304907995,25,20,20
24,3542,0.17407304095769024,0.014697616882923066,0.12760337268772384,0.6836259694716617,25,20,20
24,3543,0.1740541574596363,0.014697616882545483,0.1275985199443485,0.6836497057134686,25,20,20
24,3544,0.174046459523798,0.014697617674346939,0.12772905519620456,0.6835268676056494,25,20,20
24,3545,0.17405737204958086,0.014697617674408614,0.12773566093495858,0.6835093493410508,25,20,20
24,3546,0.1736017003962093,0.01469761767227793,0.12773748733209625,0.6839631945994153,25,20,20
24,3547,0.1736583197624145,0.014697617672303358,0.12768086761196135,0.6839631949533203,25,20,20
24,3548,0.17499213220778567,0.0146976179786785,0.12634691488361147,0.6839633349299248,25,20,20
24,3549,0.17499508280787726,0.014697617978681637,0.12646665753756126,0.6838406416758803,25,20,20
24,3550,0.17499701002591167,0.01469761797873466,0.12647326862460875,0.6838321033707451,25,20,20
24,3551,0.17501567456915762,0.03991552529756199,0.1012366960227928,0.6838321041104893,25,20,20
24,3552,0.1750177043580523,0.03991552529728256,0.10123194848870172,0.6838348218559649,25,20,20
24,3553,0.15522375256554918,0.039916317553425354,0.12102554994421943,0.6838343799368043,25,20,20
24,3554,0.15535675670148566,0.039916318573630497,0.12089254412030388,0.6838343806045785,25,20,20
24,3555,0.15535680926655643,0.03991631857362181,0.12089258701448005,0.6838342851453403,25,20,20
24,3556,0.15536076342862898,0.03991631857365574,0.12115955758213252,0.6835633604155812,25,20,20
24,3557,0.14070041952333795,0.03991631822738429,0.13581655036721535,0.6835667118820606,25,20,20
24,3558,0.14081985523819654,0.03991631822956155,0.1358122408565129,0.6834515856757273,25,20,20
24,3559,0.1408178209319094,0.039916317437975496,0.13568183700597117,0.6835840246241421,25,20,20
24,3560,0.14085925921116796,0.057816169243855235,0.1224379715117933,0.6788866000331817,25,20,20
24,3561,0.14084066393247127,0.05785801139954149,0.12241472537882588,0.6788865992891592,25,20,20
24,3562,0.1403919538343087,0.05785720445782186,0.12286461698324937,0.6788862247246183,25,20,20
24,3563,0.1507154357558694,0.05785720600857541,0.11254458056804154,0.6788827776675119,25,20,20
24,3564,0.15058570157881415,0.05785720601037196,0.11267431082454024,0.6788827815862717,25,20,20
24,3565,0.14073346904874623,0.057857049901304664,0.12252769861855238,0.6788817824313944,25,20,20
24,3566,0.14072651308413986,0.057857049900999345,0.12252545894438611,0.6788909780704726,25,20,20
24,3567,0.14072949668034512,0.05785704990100838,0.12279244484768448,0.67862100857096,25,20,20
24,3568,0.1427620215032074,0.05785704990632626,0.12075989508205322,0.678621033508411,25,20,20
24,3569,0.14276368738481587,0.05785704990606521,0.1207550618431159,0.6786242008660011,25,20,20
24,3570,0.14276069242481815,0.0578570499060284,0.12075513670076714,0.6786271209683844,25,20,20
24,3571,0.14275769662997392,0.05785704990601064,0.12076165338754967,0.6786236000764637,25,20,20
24,3572,0.14262006728842624,0.057857048901059915,0.12089928473956917,0.6786235990709425,25,20,20
24,3573,0.14250744562709555,0.057857048900943224,0.12090138045225421,0.6787341250197052,25,20,20
24,3574,0.1425104254276546,0.057857048901196625,0.12090147630437516,0.6787310493667718,25,20,20
24,3575,0.14251434937425272,0.05785704890124066,0.12090149256866818,0.6787271091558363,25,20,20
24,3576,0.14251438452235765,0.057857048901761694,0.120778546053644,0.6788500205222348,25,20,20
24,3577,0.14239494642906111,0.05785704889958357,0.12077823478245793,0.6789697698888955,25,20,20
24,3578,0.14239773285736404,0.05785704891289834,0.12103908849120906,0.6787061297385268,25,20,20
24,3579,0.12496453993840172,0.057857057239759466,0.13838911077132965,0.6787892920505071,25,20,20
24,3580,0.12495861926073763,0.05785705723974648,0.14277947442437622,0.6744048490751379,25,20,20
24,3581,0.12495976970917413,0.05785705723967818,0.14277514032018257,0.6744080327309634,25,20,20
24,3582,0.12496176620820601,0.05785705723964742,0.13811773967659838,0.6790634368755464,25,20,20
24,3583,0.12496880721276442,0.05785705723970901,0.13838384135979925,0.6787902941877255,25,20,20
24,3584,0.12520198878882566,0.05785705724239279,0.13838839270148598,0.6785525612672937,25,20,20
24,3585,0.12519997045797215,0.05785705724243635,0.13812140543409915,0.6788215668654906,25,20,20
24,3586,0.12543580599881315,0.05785705724462549,0.13821323601421753,0.678493900742342,25,20,20
24,3587,0.12520298267598393,0.05785705724244548,0.1381213279666711,0.6788186321148976,25,20,20
24,3588,0.12520303474395972,0.05785705722859027,0.13786047011435082,0.6790794379130974,25,20,20
24,3589,0.12520009005508856,0.05785705722834938,0.13786037203585796,0.6790824806807022,25,20,20
24,3590,0.1252029551740468,0.05785705722785431,0.13776669234556727,0.6791732952525297,25,20,20
24,3591,0.12522186318451467,0.056631218859198924,0.13897362237065713,0.6791732955856277,25,20,20
24,3592,0.12522188039952342,0.05663121885922579,0.13897362652328055,0.6791732742179686,25,20,20
24,3593,0.12522400074973541,0.05663121885919145,0.13897172101713784,0.6791730593739338,25,20,20
24,3594,0.1252209912308067,0.05663126355686363,0.13949465432725638,0.6786530908850719,25,20,20
24,3595,0.12522098634188686,0.056631263556863036,0.13937482064944567,0.678772929451803,25,20,20
24,3596,0.12522107212820838,0.05663126355689007,0.13937465828839987,0.6787730060265003,25,20,20
24,3597,0.12511211217905766,0.05663126401837544,0.13948363872472153,0.678772985077844,25,20,20
24,3598,0.12511609206138222,0.056631264018707085,0.1397497674922541,0.6785028764276553,25,20,20
24,3599,0.12510824342648197,0.05663126401863701,0.13974327666504377,0.678517215889836,25,20,20
24,3600,0.12510820546610163,0.05663126401865072,0.13973675561250942,0.6785237749027373,25,20,20
24,3601,0.12510514064880401,0.056631264018650256,0.13973675416383752,0.6785268411687072,25,20,20
24,3602,0.125105085303918,0.056631219320951345,0.13921385210770576,0.6790498432674239,25,20,20
24,3603,0.12506564338683168,0.07869436272158235,0.1171906204286509,0.6790493734629344,25,20,20
24,3604,0.12483231742761093,0.07869436271890531,0.11718387337354126,0.6792894464799416,25,20,20
24,3605,0.1248253972463099,0.07869436271886117,0.11691768846085747,0.6795625515739705,25,20,20
24,3606,0.12482453610950989,0.07869436271882684,0.11729056791459871,0.6791905332570635,25,20,20
24,3607,0.12482564393340632,0.07869436271878456,0.1172948748043605,0.679185118543448,25,20,20
24,3608,0.12482571740853628,0.07869436271877589,0.11729717509670705,0.67918274477598,25,20,20
24,3609,0.12529196545796628,0.078694362719186,0.11738386315506076,0.678629808667786,25,20,20
24,3610,0.1252889549238421,0.0786943627191821,0.11739038690027648,0.6786262954566985,25,20,20
24,3611,0.12481930014646364,0.07869436271874354,0.11730141773721588,0.679184919397576,25,20,20
24,3612,0.11594793041963167,0.0786943548902106,0.09246468383739863,0.7128930308527592,25,20,20
24,3613,0.11594799910028916,0.0786943548902286,0.09246464926773591,0.7128929967417463,25,20,20
24,3614,0.14787750761281712,0.07869435496177402,0.060533998361957636,0.7128941390634509,25,20,20
24,3615,0.1476388841278417,0.07869435960382526,0.060772594274281194,0.7128941619940516,25,20,20
24,3616,0.14764274187241325,0.07869435960387736,0.060767927444217315,0.7128949710794918,25,20,20
24,3617,0.11471201279472934,0.07869435964131398,0.09369975306880216,0.7128938744951564,25,20,20
24,3618,0.11470901714211885,0.07869435964155916,0.09370645428573207,0.7128901689305914,25,20,20
24,3619,0.1147119599417484,0.07869435964155531,0.0936999701352737,0.712893710281424,25,20,20
24,3620,0.11470498822174134,0.07869435964151136,0.09370003664664607,0.7129006154901023,25,20,20
24,3621,0.11470590081650313,0.0786943596415375,0.09369999676667953,0.7128997427752809,25,20,20
24,3622,0.11470879170077294,0.07869435964153668,0.0933270795330347,0.7132697691246567,25,20,20
24,3623,0.1147087907794467,0.07869435964153591,0.09332713346176998,0.713269716117249,25,20,20
24,3624,0.11472516050050986,0.07869435965802034,0.09334322361573275,0.7132372562257387,25,20,20
24,3625,0.11470613058945874,0.07991993393339081,0.09213667957908911,0.7132372558980624,25,20,20
24,3626,0.1147061327602188,0.07991993393339135,0.09213477783129978,0.7132391554750914,25,20,20
24,3627,0.11470611464164561,0.07991993393337794,0.09213491882667904,0.7132390325982986,25,20,20
24,3628,0.1147071118206363,0.07991993393341358,0.09213958416477638,0.7132333700811748,25,20,20
24,3629,0.11471016157645925,0.0799199339331509,0.09213288133638584,0.7132370231540051,25,20,20
24,3630,0.11471405842018574,0.07991993393318987,0.09250111740126261,0.7128648902453629,25,20,20
24,3631,0.1543901666778547,0.0799199339338937,0.052825008697944646,0.7128648906903081,25,20,20
24,3632,0.1545197162145246,0.0799199339203185,0.05269545882517836,0.7128648910399796,25,20,20
24,3633,0.14222165260863315,0.07992462885591883,0.06497561053108161,0.7128781080043676,25,20,20
24,3634,0.14222168919493364,0.07992462885590396,0.07602950507860268,0.7018241768705614,25,20,20
24,3635,0.1422216717929289,0.07992462885589466,0.07602942581867611,0.7018242735325021,25,20,20
24,3636,0.1422216899069741,0.07992462885590798,0.0760294000708493,0.7018242811662705,25,20,20
24,3637,0.14222170601653272,0.07992462885591825,0.07603405505488897,0.7018196100726619,25,20,20
24,3638,0.14219843159385095,0.07992462883939884,0.07601804557263718,0.7018588939941149,25,20,20
24,3639,0.14219651045321732,0.07992462883957377,0.07601507956704984,0.7018637811401608,25,20,20
24,3640,0.14220745806865023,0.07992462883938972,0.07601342932135158,0.7018544837706102,25,20,20
24,3641,0.14220936564628003,0.07992462883945121,0.07602000889632647,0.7018459966179439,25,20,20
24,3642,0.14220936648651078,0.07992462883969285,0.06497461098693826,0.7128913936868595,25,20,20
24,3643,0.14221748031758777,0.07992462815634288,0.058784278294585504,0.7190736132314849,25,20,20
24,3644,0.14221755254884838,0.0799246281563532,0.05878435905239069,0.7190734602424088,25,20,20
24,3645,0.14221723314439583,0.07992462815726006,0.06503168674934975,0.7128264519489956,25,20,20
24,3646,0.14221723065538255,0.07992462815725951,0.06503824545176483,0.7128198957355942,25,20,20
24,3647,0.1422163529748824,0.07992462815732582,0.0650401492748149,0.7128188695929782,25,20,20
24,3648,0.14243786783879758,0.07992462789730272,0.06481863524053355,0.7128188690233673,25,20,20
24,3649,0.1424377473563899,0.07992462789728513,0.0648186864887076,0.7128189382576186,25,20,20
24,3650,0.14244466584404755,0.0799246278973154,0.06481878272856126,0.7128119235300768,25,20,20
24,3651,0.14244268003056745,0.07992462789737757,0.06481870385944202,0.7128139882126137,25,20,20
24,3652,0.142442680457586,0.07992462789737774,0.06481865252715693,0.7128140391178799,25,20,20
24,3653,0.1424447144280203,0.07992462789730652,0.06481876985852686,0.7128118878161469,25,20,20
24,3654,0.14244467795500773,0.07992462789726955,0.06481224493188498,0.7128184492158379,25,20,20
24,3655,0.16085974581985588,0.07991993142085145,0.046415148228766814,0.712805174530526,25,20,20
24,3656,0.1608596759567101,0.07991993142082478,0.046415032330979863,0.7128053602914858,25,20,20
24,3657,0.16085760727148812,0.07991993142062372,0.04641306198053676,0.712809399327352,25,20,20
24,3658,0.160859852003698,0.07991993142060766,0.04640657165053244,0.7128136449251624,25,20,20
24,3659,0.16085990373003536,0.07991993142061705,0.04640811309998646,0.7128120517493618,25,20,20
24,3660,0.16085789042938026,0.07994418195995967,0.04638587585407066,0.7128120517565901,25,20,20
24,3661,0.16086083162164058,0.0799441819599595,0.046385879967651346,0.7128091064507491,25,20,20
24,3662,0.15984864477208044,0.07994418184571397,0.047398137696199834,0.712809035686008,25,20,20
24,3663,0.15984868666255359,0.07994418185956866,0.047666365625301715,0.7125407658525786,25,20,20
24,3664,0.1598426909231063,0.07994418185974664,0.047773133390934114,0.7124399938262158,25,20,20
24,3665,0.15983666535010566,0.07994418185977309,0.04777528775338146,0.7124438650367427,25,20,20
24,3666,0.15983666292867607,0.07994418185977278,0.04777528296641104,0.7124438722451429,25,20,20
24,3667,0.15983857130466345,0.07994418186054611,0.04777535569075424,0.712441891144039,25,20,20
24,3668,0.15984286577163886,0.07994418185967286,0.04153261098051085,0.7186803413881802,25,20,20
24,3669,0.15985595602812552,0.07994418184591236,0.041262881751258224,0.7189369803747067,25,20,20
24,3670,0.15985600759332663,0.07994418184592511,0.04126296462199508,0.7189368459387556,25,20,20
24,3671,0.1599307787113584,0.07994418185321685,0.0412633569025408,0.7188616825328862,25,20,20
24,3672,0.1601001521345168,0.0799441818486532,0.041269694967757634,0.7186859710490745,25,20,20
24,3673,0.16009901641800325,0.0799441818486301,0.04126308993845511,0.7186937117949135,25,20,20
24,3674,0.1600991591423015,0.07994418184863955,0.041263256103195964,0.7186934029058648,25,20,20
24,3675,0.1601012971191728,0.07994418184813147,0.04089033438097653,0.7190641866517206,25,20,20
24,3676,0.1598571504430198,0.079944181845408,0.05193750699505146,0.7082611607165227,25,20,20
24,3677,0.1600491934491613,0.07994418183613776,0.051745463604764674,0.7082611611099381,25,20,20
24,3678,0.16004696618407485,0.0799441818361634,0.05174535166852885,0.7082635003112351,25,20,20
24,3679,0.16084269811296437,0.07994422863207043,0.0509494614530668,0.708263611801901,25,20,20
24,3680,0.16083181639042032,0.07994422863201818,0.050949455108471965,0.7082744998690922,25,20,20
24,3681,0.15950199472977672,0.07994425683917264,0.05227914418307785,0.7082746042479758,25,20,20
24,3682,0.15950504048374112,0.07994425684071484,0.052276098523955115,0.7082746041515919,25,20,20
24,3683,0.1594991870102891,0.07994425685465044,0.05227954692092828,0.7082770092141351,25,20,20
24,3684,0.1594972083356877,0.07994425685481533,0.05227955641280595,0.7082789783966938,25,20,20
24,3685,0.159497137502616,0.0799442568548054,0.052279586708932665,0.7082790189336486,25,20,20
24,3686,0.15949927365576197,0.07994425685478794,0.052286185354291664,0.708270284135161,25,20,20
24,3687,0.15950741551579106,0.07994425685580685,0.05228633886256913,0.7082619887658352,25,20,20
24,3688,0.15951055449833043,0.07994425685562752,0.052279757124925955,0.7082654315211184,25,20,20
24,3689,0.15951263605531169,0.07990247798881574,0.05231945443614791,0.708265431519727,25,20,20
24,3690,0.15889751494365345,0.07990247845200893,0.05293343076919672,0.7082665758351433,25,20,20
24,3691,0.15888440059885287,0.07990247845219463,0.05294001409392227,0.7082731068550323,25,20,20
24,3692,0.1596615997474479,0.07990244991982834,0.05216285206720648,0.7082730982655194,25,20,20
24,3693,0.16028447586343905,0.0799024499550175,0.052166987636274836,0.7076460865452706,25,20,20
24,3694,0.16028429483074233,0.07990244995551188,0.052260028906242144,0.7075532263075058,25,20,20
24,3695,0.16034810971732938,0.07984634745773293,0.05225231618644511,0.7075532266384948,25,20,20
24,3696,0.16034811104841007,0.07984634745773384,0.05225234166366563,0.7075531998301922,25,20,20
24,3697,0.16035924766848228,0.07984634746890237,0.05693610112118214,0.7028583037414345,25,20,20
24,3698,0.1603562744064303,0.07984634746893098,0.056939904912805914,0.7028574732118341,25,20,20
24,3699,0.1606082887617226,0.07984634747161685,0.056944763018306845,0.7026006007483548,25,20,20
24,3700,0.1608173526646137,0.0798463474690414,0.05693996548614656,0.7023963343801995,25,20,20
24,3701,0.16000197553843,0.0798463016591319,0.05775549990976007,0.7023962228926809,25,20,20
24,3702,0.16000197555033993,0.07984630165912315,0.057755499282762746,0.702396223507777,25,20,20
24,3703,0.15937198569664207,0.07984630162295676,0.0639987167504291,0.6967829959299742,25,20,20
24,3704,0.15937381994881591,0.07984630162300738,0.06399491976241532,0.6967849586657637,25,20,20
24,3705,0.15937400016786019,0.07984630162250438,0.06390629985626782,0.69687339835337,25,20,20
24,3706,0.15937498541469494,0.07984630162241854,0.057658786803353526,0.7031199261595357,25,20,20
24,3707,0.1593760190324044,0.07984630162235659,0.05765877885422332,0.7031189004910184,25,20,20
24,3708,0.15938119484304875,0.07984630162248385,0.05765875510318114,0.7031137484312889,25,20,20
24,3709,0.12106716115191872,0.0798463980562809,0.09597028325012331,0.7031161575416749,25,20,20
24,3710,0.1210649456042431,0.07984639805640625,0.09623645069234402,0.7028522056470046,25,20,20
24,3711,0.12106175575195209,0.07984639805640548,0.09623402264325635,0.7028578235483839,25,20,20
24,3712,0.12106266684670938,0.07984639805616016,0.09622732254565568,0.7028636125514726,25,20,20
24,3713,0.15690445337911044,0.07984634290033334,0.060388892674688666,0.7028603110458695,25,20,20
24,3714,0.15690841377181122,0.07984634291417204,0.060763056465007785,0.7024821868490108,25,20,20
24,3715,0.15735600505287325,0.07984634366994524,0.06229718963242406,0.7005004616447593,25,20,20
24,3716,0.15735903856190694,0.07815675165517558,0.06398374814358922,0.7005004616393298,25,20,20
24,3717,0.15782027840825344,0.0781567516760207,0.06361887637331311,0.7004040935424143,25,20,20
24,3718,0.15779912657834608,0.07815675166301468,0.05893932974486727,0.7051047920137734,25,20,20
24,3719,0.15779913058287875,0.07815675166300567,0.05893943557284298,0.7051046821812739,25,20,20
24,3720,0.1577981499313914,0.07815675166296598,0.05894603434590271,0.7050990640597411,25,20,20
24,3721,0.15779517089552567,0.07987737105254328,0.0572283939921549,0.7050990640597774,25,20,20
24,3722,0.1578050177329587,0.07987737103863453,0.05722485947719105,0.7050927517512169,25,20,20
24,3723,0.15763397026210804,0.07987737138056496,0.0573958656398974,0.7050927927174306,25,20,20
24,3724,0.15751143715748653,0.07987819360660582,0.05751763285959707,0.7050927363763116,25,20,20
24,3725,0.15751064871665105,0.07987819360661925,0.068565793302019,0.6940453643747116,25,20,20
24,3726,0.15751369693711337,0.0798781936066195,0.06856363884933868,0.6940444706069293,25,20,20
24,3727,0.15751766088723196,0.07987819360663644,0.06856822733649297,0.6940359181696395,25,20,20
24,3728,0.1575166433217501,0.07987819360670632,0.06856820380614774,0.6940369592653965,25,20,20
24,3729,0.157516640455783,0.07987819360666895,0.06856816588147033,0.6940370000560782,25,20,20
24,3730,0.15751672569095532,0.0798781936069362,0.0686538461517097,0.6939512345503992,25,20,20
24,3731,0.12153770494447158,0.07987818862983635,0.10463292908322297,0.6939511773424689,25,20,20
24,3732,0.12109472028271051,0.07987818787408822,0.10309459586713396,0.6959324959760671,25,20,20
24,3733,0.1558471621382428,0.07987818691717613,0.06833501244071835,0.6959396385038653,25,20,20
24,3734,0.1558470919324302,0.0798781869171662,0.0683350499165685,0.6959396712338376,25,20,20
24,3735,0.15584311138716564,0.07987818691714006,0.0683304627482074,0.6959482389474891,25,20,20
24,3736,0.15584104575579757,0.07987818691743295,0.05728318775686328,0.7069975795699083,25,20,20
24,3737,0.15607156590354887,0.0798781869172512,0.05701876942316113,0.7070314777560405,25,20,20
24,3738,0.15606853308141905,0.07987818691725587,0.05702525252655886,0.707028027474768,25,20,20
24,3739,0.15583803000311397,0.07987818691720375,0.057023413640471005,0.707260369439213,25,20,20
24,3740,0.15583801553075113,0.07987818691718584,0.057016772212088125,0.7072670253399765,25,20,20
24,3741,0.14990233389159022,0.07987818702559887,0.06295245431350882,0.7072670247693037,25,20,20
24,3742,0.14990520720018322,0.07987818702557731,0.05189768788443798,0.7183189178898032,25,20,20
24,3743,0.14989425774081733,0.07987818702550724,0.0518929772753782,0.7183345779582989,25,20,20
24,3744,0.14990031824351613,0.07987818702528046,0.05188635636225979,0.7183351383689454,25,20,20
24,3745,0.1499073616811862,0.07987818702555877,0.052152736003047595,0.7180617152902089,25,20,20
24,3746,0.1499074326181369,0.07987818702558667,0.05215289351151392,0.7180614868447638,25,20,20
24,3747,0.1499073764495361,0.07987818702558512,0.05252570926535269,0.7176887272595275,25,20,20
24,3748,0.149907374668621,0.07987818702536015,0.0522594488405027,0.7179549894655175,25,20,20
24,3749,0.14991037902541643,0.07984410880881382,0.05229052269469606,0.7179549894710752,25,20,20
24,3750,0.1499073289790823,0.07984410880883144,0.052290603332392244,0.7179579588796955,25,20,20
24,3751,0.14994342700776683,0.07984410882096736,0.0583559309321931,0.7118565332390743,25,20,20
24,3752,0.14993939748188884,0.07984410882092391,0.05848534022371021,0.7117311534734785,25,20,20
24,3753,0.1499404151024071,0.07984410882109923,0.058751592362584454,0.7114638837139101,25,20,20
24,3754,0.14993840253930737,0.07984410882090594,0.058485452875211646,0.711732035764576,25,20,20
24,3755,0.1530267822683152,0.07984406707549702,0.055397367509952,0.7117317831462369,25,20,20
24,3756,0.15780867094690074,0.0798440723683389,0.05062261273524613,0.7117246439495152,25,20,20
24,3757,0.15780399483259727,0.0798440723821325,0.050994315929512826,0.7113576168557583,25,20,20
24,3758,0.15780490726525323,0.07984407238215817,0.050994239203470855,0.7113567811491187,25,20,20
24,3759,0.15773808616167986,0.07990972390529615,0.05099540911271411,0.7113567808203106,25,20,20
24,3760,0.1577459858114788,0.07990972390533922,0.05099695434654893,0.7113473359366336,25,20,20
24,3761,0.15774609231639097,0.07990972390533994,0.05100165623682261,0.7113425275414467,25,20,20
24,3762,0.15361532700479122,0.07990972776791015,0.0551324202618214,0.7113425249654775,25,20,20
24,3763,0.15361739479893977,0.07990972776786666,0.05513249630248404,0.7113403811307099,25,20,20
24,3764,0.15362537157551648,0.078215645879486,0.05681860110717914,0.7113403814378185,25,20,20
24,3765,0.1536213931495911,0.07821564587946002,0.05681390803827492,0.7113490529326738,25,20,20
24,3766,0.15361037421626705,0.07821564587938934,0.05681892732456979,0.7113550525797736,25,20,20
24,3767,0.1531522425770241,0.07821564587927543,0.05681878404368044,0.7118133275000198,25,20,20
24,3768,0.1531523124945978,0.07821564587936126,0.05682336517332647,0.7118086764527143,25,20,20
24,3769,0.15908980075619458,0.07821564577715544,0.0508858525415086,0.7118087009251413,25,20,20
24,3770,0.15908582560179876,0.07821564577712009,0.05088585400949061,0.7118126746115905,25,20,20
24,3771,0.15908586205842204,0.0782156457771237,0.05087933190250796,0.7118191602619465,25,20,20
24,3772,0.15908290139785866,0.07821564577710496,0.050754535077589605,0.711946917747447,25,20,20
24,3773,0.15861787860645918,0.07821564574240449,0.051011479913434014,0.7121549957377025,25,20,20
24,3774,0.15820193796410426,0.07821564601574983,0.05142732168233863,0.7121550943378072,25,20,20
24,3775,0.1582941445429747,0.07821482452731063,0.05133057179925922,0.7121604591304553,25,20,20
24,3776,0.15829631697153373,0.07821482452735071,0.05170354038617548,0.7117853181149397,25,20,20
24,3777,0.1582961942076316,0.07821482452727337,0.051698840048441747,0.7117901412166528,25,20,20
24,3778,0.15773955926581748,0.07821484023550297,0.05225525393047322,0.7117903465682061,25,20,20
24,3779,0.1577395588517304,0.07821484023553044,0.05226174001020259,0.7117838609025362,25,20,20
24,3780,0.15774048762979143,0.07821484023556587,0.052268265021436465,0.7117764071132059,25,20,20
24,3781,0.16223979245237768,0.07821483110751308,0.04776896955760859,0.7117764068825005,25,20,20
24,3782,0.16224384019807708,0.07821483110753967,0.047769051990827274,0.7117722767035558,25,20,20
24,3783,0.15872988386551842,0.07821483161382227,0.0512830144311981,0.7117722700894623,25,20,20
24,3784,0.15872988488422712,0.0782148316138312,0.05128301280886921,0.7117722706930736,25,20,20
24,3785,0.15872587838628702,0.07821483161380031,0.05091235285355007,0.7121469371463638,25,20,20
24,3786,0.15872279405782602,0.07821483161378112,0.050907734069008406,0.7121546402593856,25,20,20
24,3787,0.1587307640093019,0.07821483161385126,0.06198318060509509,0.701071223771753,25,20,20
24,3788,0.15869168711749,0.0782148316017071,0.05591773802840873,0.7071757432523955,25,20,20
24,3789,0.15869082481854158,0.07821483160166802,0.05592422460177558,0.7071701189780157,25,20,20
24,3790,0.15869394471826884,0.07821483160194012,0.05592905743802936,0.707162166241763,25,20,20
24,3791,0.15869106246464146,0.07821483160195519,0.05593139708762994,0.7071627088457746,25,20,20
24,3792,0.1586910633953486,0.07821483158814911,0.05593026294364762,0.7071638420728559,25,20,20
24,3793,0.15868805103764436,0.07821483158789501,0.05592543250618489,0.7071716848682769,25,20,20
24,3794,0.15869106534979824,0.07821483158816661,0.05592771911662358,0.7071663839454126,25,20,20
24,3795,0.15781767811554415,0.07821482328507533,0.056800928281058656,0.7071665703183229,25,20,20
24,3796,0.15781676447816428,0.07821482328504042,0.05679432315470957,0.7071740890820868,25,20,20
24,3797,0.15773647562035534,0.07821483642137854,0.05687459780902638,0.7071740901492416,25,20,20
24,3798,0.15773640442940975,0.07821483642136876,0.05687471021470281,0.7071740489345205,25,20,20
24,3799,0.1577393997406453,0.07821483642136015,0.056870124001472275,0.7071756398365241,25,20,20
24,3800,0.1419883819530955,0.07821483968313504,0.07262580001123056,0.7071709783525406,25,20,20
24,3801,0.14220176936763032,0.07821483968681205,0.07776205154873732,0.7018213393968219,25,20,20
24,3802,0.1422021301334861,0.04829326482080674,0.10766854215521056,0.701836062890494,25,20,20
24,3803,0.11979937913656867,0.048497310991895116,0.129867343773014,0.7018359660985195,25,20,20
24,3804,0.11980232188748387,0.04849731099189534,0.1298672271629719,0.701833139957646,25,20,20
24,3805,0.11980513283640544,0.048497310991892834,0.1298650032621467,0.701832552909552,25,20,20
24,3806,0.11980225778407189,0.04849731099190221,0.12986496790899993,0.7018354633150232,25,20,20
24,3807,0.0967681761539632,0.048497307466791255,0.15289979457427136,0.7018347218049712,25,20,20
24,3808,0.0967604779993823,0.01101661581827256,0.19038818467380156,0.701834721508541,25,20,20
24,3809,0.09676047648524651,0.011016615818497388,0.19075454898492647,0.7014683587113276,25,20,20
24,3810,0.09676238626605851,0.011016615818559013,0.1907545538093427,0.7014664441060379,25,20,20
24,3811,0.09675942475944244,0.011016615818551179,0.19075459520857294,0.701469364213431,25,20,20
24,3812,0.09675345169389475,0.011016615818556286,0.19075447975464482,0.7014754527329018,25,20,20
24,3813,0.09675043887266847,0.011016615818538395,0.190381508629615,0.7018514366791757,25,20,20
24,3814,0.11953807279288306,0.01081256940861403,0.16779792187040346,0.7018514359280956,25,20,20
24,3815,0.11954177682016175,0.010812569408623143,0.16792735669965606,0.7017182970715552,25,20,20
24,3816,0.11954076032525743,0.010812569408690601,0.16792905717794393,0.7017176130881043,25,20,20
24,3817,0.12039353790174115,0.010812581396753743,0.16669160470453342,0.7021022759969682,25,20,20
24,3818,0.12039362659650653,0.010812581396798948,0.1669578229779637,0.7018359690287272,25,20,20
24,3819,0.12039061408783475,0.010812581396767718,0.1665848507871792,0.7022119537282149,25,20,20
24,3820,0.12039716805303882,0.04072949557876189,0.13667610613695286,0.7021972302312449,25,20,20
24,3821,0.12038717972386136,0.04072949557871712,0.12560058791013703,0.7132827367872833,25,20,20
24,3822,0.12038620194282147,0.04072949557881096,0.12534100086128536,0.7135433016170813,25,20,20
24,3823,0.1203861673285521,0.0407294955788377,0.1253408885089531,0.7135434485836564,25,20,20
24,3824,0.12038615377636155,0.040729495578953674,0.125338852133683,0.7135454985110005,25,20,20
24,3825,0.15640449829325073,0.04072949526058019,0.08932049153164032,0.7135455149145281,25,20,20
24,3826,0.1564015015534898,0.04072949526079943,0.08932723268141855,0.7135417705042915,25,20,20
24,3827,0.1564015715258853,0.0407294952606925,0.08932699435563832,0.7135419388577833,25,20,20
24,3828,0.11788768279961608,0.04072951088193932,0.1278412552987652,0.7135415510196779,25,20,20
24,3829,0.11794483506663225,0.04072951088202152,0.1278413255603363,0.7134843284910087,25,20,20
24,3830,0.11793964952144931,0.04072951088196347,0.12747305556130997,0.7138577840352758,25,20,20
24,3831,0.11802229493406538,0.040729510832304,0.12739041000392107,0.7138577842297081,25,20,20
24,3832,0.11802222436896653,0.04072951083226656,0.12712426559047363,0.7141239992082916,25,20,20
24,3833,0.11802224127895633,0.040729510832275544,0.1271241504201336,0.7141240974686326,25,20,20
24,3834,0.11802522060038503,0.04072951083225817,0.12712423211770194,0.714121036449653,25,20,20
24,3835,0.11797009987596313,0.04072951084610895,0.1271364054465962,0.7141639838313298,25,20,20
24,3836,0.11797518721690325,0.04072951084642778,0.12705306054777454,0.7142422413888931,25,20,20
24,3837,0.11815215182413695,0.04072951084860125,0.1274230911606879,0.7136952461665734,25,20,20
24,3838,0.11815616585820016,0.04072951083465075,0.1274107662507965,0.7137035570563522,25,20,20
24,3839,0.10040854119087539,0.04072951103141435,0.1451583784793792,0.7137035692983305,25,20,20
24,3840,0.10064568937604382,0.040729511034847364,0.14516336423852608,0.7134614353505827,25,20,20
24,3841,0.10696084635047182,0.04072948802388851,0.13923288127946606,0.713076784346172,25,20,20
24,3842,0.10695790312477733,0.04072948802363614,0.1388600254780122,0.7134525833735732,25,20,20
24,3843,0.09045800790546744,0.040729488197053784,0.1553599215623539,0.7134525823351235,25,20,20
24,3844,0.09047291629469223,0.04072948819715143,0.15535993879176094,0.7134376567163939,25,20,20
24,3845,0.09046999353667096,0.04072948819741793,0.15536659940035116,0.7134339188655581,25,20,20
24,3846,0.09046308087848515,0.037676760382867165,0.15842528993448435,0.7134348688041615,25,20,20
24,3847,0.09046400958448504,0.03767676038291097,0.15842529500269487,0.713433935029907,25,20,20
24,3848,0.09070210862382971,0.03767676038549352,0.15841668276785534,0.7132044482228196,25,20,20
24,3849,0.09070214435905072,0.0376767603855018,0.15841668276139662,0.7132044124940498,25,20,20
24,3850,0.09070935339792915,0.037676760385563265,0.1582873345350831,0.7133265516814232,25,20,20
24,3851,0.09070935237919814,0.03767676038555613,0.15866034067022783,0.7129535465650167,25,20,20
24,3852,0.0907073371842775,0.036897658013439055,0.15937408672320497,0.7130209180790787,25,20,20
24,3853,0.09053133594952247,0.03689765801120672,0.15900254418902054,0.7135684618502504,25,20,20
24,3854,0.0902970915787007,0.036897658007806984,0.1589997744970394,0.7138054759164525,25,20,20
24,3855,0.09029611395141615,0.0368976580080027,0.15937278711977768,0.7134334409208029,25,20,20
24,3856,0.09029906855840525,0.038244439945073955,0.15802400051900065,0.7134324909775195,25,20,20
24,3857,0.09029905123341356,0.03824443994479371,0.15802171240513954,0.7134347964166525,25,20,20
24,3858,0.09030301086322046,0.0011172681373576578,0.19514492457801158,0.7134347964214081,25,20,20
24,3859,0.09030591955511243,0.0011172681373505025,0.19540498586599056,0.7131718264415443,25,20,20
24,3860,0.09030891059387025,0.0011172681371113592,0.1950366677529757,0.7135371535160405,25,20,20
24,3861,0.09031586551334263,0.0011172681369088424,0.1950299297844553,0.7135369365652913,25,20,20
24,3862,0.09031493713318564,0.0011172681368826476,0.1950365300711553,0.7135312646587753,25,20,20
24,3863,0.09031200961472446,0.0011172681369009223,0.19503872538289788,0.7135319968654755,25,20,20
24,3864,0.0900986056854957,0.001117268133469866,0.18989748836255557,0.7188866378184785,25,20,20
24,3865,0.07009279741788857,0.0011174012364680403,0.2099031627531324,0.7188866385925097,25,20,20
24,3866,0.0629237573137645,0.0011176515983180365,0.21707196553952826,0.7188866255483888,25,20,20
24,3867,0.06329318708308633,0.0011176285684440014,0.21670258678421003,0.718886597564261,25,20,20
24,3868,0.06658294108763158,0.0011176285624675728,0.21341285054780815,0.7188865798020942,25,20,20
24,3869,0.06659378110142285,0.0011176285622888054,0.21340611495777662,0.7188824753785126,25,20,20
24,3870,0.06659390357614932,0.0011176285620613069,0.21340456665835905,0.718883901203431,25,20,20
24,3871,0.0665968286574544,0.0011176285620425374,0.21340607224665356,0.7188794705338504,25,20,20
24,3872,0.06659177019754123,0.0011176285620971564,0.21340619152027615,0.718884409720086,25,20,20
24,3873,0.0665956953419852,0.0011176285621369584,0.21340932597912032,0.7188773501167581,25,20,20
24,3874,0.06658772550548303,0.0011176285620576913,0.21340943303856683,0.7188852128938932,25,20,20
24,3875,0.06659165280863898,0.0014817657329121913,0.21304136848486785,0.7188852129735818,25,20,20
24,3876,0.06657981134696019,0.0014817657328104466,0.2131289268887204,0.7188094960315096,25,20,20
24,3877,0.06658366463555314,0.001481765733102841,0.21312967134204677,0.7188048982892977,25,20,20
24,3878,0.06658158102389103,0.0014817657331288147,0.21312967170574043,0.7188069815372401,25,20,20
24,3879,0.06703439516727794,0.001481765733203846,0.2132531329182653,0.7182307061812533,25,20,20
24,3880,0.06665367926429862,0.0014817665428909805,0.2129259291359144,0.7189386250568964,25,20,20
24,3881,0.08282001089781404,0.0014817663547703446,0.19675961030884576,0.7189386124385703,25,20,20
24,3882,0.08372335616492207,0.006318861768921233,0.19101903827356168,0.7189387437925955,25,20,20
24,3883,0.08372328747207476,0.006318861768911619,0.19101676197756157,0.7189410887814526,25,20,20
24,3884,0.08372128958777081,0.006318861768938046,0.19102325747614216,0.7189365911671496,25,20,20
24,3885,0.08371727510157269,0.00595472195198728,0.19139141185498734,0.7189365910914535,25,20,20
24,3886,0.08371636277046815,0.005954721951961315,0.19139164005358061,0.7189372752239909,25,20,20
24,3887,0.08371338796771814,0.005954721951922784,0.191389463994704,0.7189424260856556,25,20,20
24,3888,0.08371631550797133,0.005954721951905978,0.19138938783846254,0.7189395747016601,25,20,20
24,3889,0.08370836318202204,0.005954721951844307,0.19138941372449828,0.7189475011416354,25,20,20
24,3890,0.0837205110806087,0.005954721952951968,0.19139399557719078,0.7189307713892487,25,20,20
24,3891,0.08371134346435603,0.005954721951826662,0.1913938842370339,0.7189400503467834,25,20,20
24,3892,0.08325467462111968,0.005954721951712371,0.19126794748448475,0.7195226559426833,25,20,20
24,3893,0.08325073324655886,0.005954721965602857,0.19139752599555546,0.7193970187922833,25,20,20
24,3894,0.04704273777621292,0.005954722740869346,0.22760551956168895,0.7193970199212302,25,20,20
24,3895,0.04704252527011376,0.005954722740868165,0.22759907368656696,0.7194036783024529,25,20,20
24,3896,0.04704352224403432,0.005954722740782895,0.22760053530821256,0.719401219706972,25,20,20
24,3897,0.04705062633555196,0.005954722741100633,0.22768697228745466,0.7193076786358944,25,20,20
24,3898,0.04704768424815972,0.005954722741100641,0.2279529760268775,0.7190446169838632,25,20,20
24,3899,0.04704771806418268,0.005954722741124538,0.22832428181515965,0.7186732773795343,25,20,20
24,3900,0.04862807201275027,0.005954722726750592,0.22674392809272617,0.7186732771677743,25,20,20
24,3901,0.04863925218710288,0.005954724653135611,0.22673274598854623,0.7186732771712169,25,20,20
24,3902,0.04863925259205099,0.00595472465314297,0.22635985430985575,0.7190461684449524,25,20,20
24,3903,0.048639444459444355,0.005954724653134744,0.22635985793245922,0.7190459729549639,25,20,20
24,3904,0.04863830471920468,0.005954724653204813,0.22636418816711326,0.7190427824604794,25,20,20
24,3905,0.04911750620817701,0.005954758408055115,0.19243359599967166,0.7524941393840965,25,20,20
24,3906,0.04911054307953549,0.005954758407758842,0.19234527752569508,0.7525894209870113,25,20,20
24,3907,0.049110526253791996,0.0059547583938516346,0.19222040367692667,0.7527143116754305,25,20,20
24,3908,0.05877939286736833,0.005986088057442365,0.18322645848156674,0.7520080605936232,25,20,20
24,3909,0.08857384171170034,0.005954757580684451,0.153465008276683,0.7520063924309316,25,20,20
24,3910,0.08857762710913406,0.00595475758073751,0.1534650428139711,0.7520025724961568,25,20,20
24,3911,0.08847369866236576,0.005954757585666263,0.15356897038056086,0.7520025733714065,25,20,20
24,3912,0.08847366375200821,0.005954757585659934,0.15330700394261385,0.7522645747197174,25,20,20
24,3913,0.08847475130828669,0.005954757585599288,0.1534364837126325,0.7521340073934816,25,20,20
24,3914,0.08847769530775101,0.005954757585603585,0.15317040778513577,0.7523971393215095,25,20,20
24,3915,0.08847197743293073,0.004837520160341332,0.15429336308085323,0.7523971393258749,25,20,20
24,3916,0.08856474718587207,0.004837520156932942,0.1542005936911568,0.7523971389660385,25,20,20
24,3917,0.08834160023202749,0.004837520171028201,0.15448950624555943,0.7523313733513851,25,20,20
24,3918,0.0883214749552922,0.004837520153760196,0.1542002971330317,0.7526407077579162,25,20,20
24,3919,0.088319462630814,0.004837520167642963,0.15446296826181047,0.7523800489397324,25,20,20
24,3920,0.08831947870379152,0.004837520167652497,0.15446304959097845,0.7523799515375776,25,20,20
24,3921,0.08831949512672073,0.004837520180065381,0.1591459472983156,0.7476970373948985,25,20,20
24,3922,0.088319758407161,0.004837520180093324,0.15915057547961423,0.7476921459331315,25,20,20
24,3923,0.08783935624741558,0.004837482075873604,0.15316106794401035,0.7541620937327005,25,20,20
24,3924,0.0878404359600969,0.004837482075829492,0.153161069769558,0.7541610121945156,25,20,20
24,3925,0.08784357212982283,0.004837482075817769,0.15316106006725153,0.754157885727108,25,20,20
24,3926,0.08784653647541457,0.004837482075854019,0.15316566119032282,0.7541503202584084,25,20,20
24,3927,0.08784953320078814,0.0048374820758512165,0.1531595942314362,0.754153390491925,25,20,20
24,3928,0.08785150294664805,0.0048374820759392164,0.15316150371817452,0.7541495112592387,25,20,20
24,3929,0.08784853203414787,0.0048374820759521054,0.15279082220251866,0.7545231636873819,25,20,20
24,3930,0.08785645068793736,0.004837482076016513,0.15279033502561515,0.7545157322104317,25,20,20
24,3931,0.0899002947633189,0.004837230406047268,0.15074667905620895,0.7545157957744247,25,20,20
24,3932,0.08989729810693921,0.004837230406019163,0.1507531969024982,0.754512274584543,25,20,20
24,3933,0.09488499234281993,0.0048372348966988984,0.14575850005215008,0.7545192727083315,25,20,20
24,3934,0.09488292375089227,0.004837234896732376,0.14575857816036394,0.754521263192012,25,20,20
24,3935,0.09402561545013795,0.004837244626435254,0.14661583511385723,0.7545213048095699,25,20,20
24,3936,0.09536803952962213,0.004837234899510261,0.14527346206884548,0.7545212635020225,25,20,20
24,3937,0.09536770782873441,0.004837234899464259,0.14526886633812716,0.7545261909336743,25,20,20
24,3938,0.09536870676836534,0.0048372348997823104,0.14526902390473093,0.7545250344271213,25,20,20
24,3939,0.13037971772341897,6.69676818252067e-09,0.11509528151212352,0.7545249940676894,25,20,20
24,3940,0.13037676504909812,7.367810163361109e-09,0.12137323567522273,0.7482499919078685,25,20,20
24,3941,0.16212276515133273,1.3687384467035598e-07,0.08961793635660177,0.7482591616182218,25,20,20
24,3942,0.16212379837864888,1.3687391615515671e-07,0.08962030387976844,0.7482557608676674,25,20,20
24,3943,0.16212182076180034,1.3687382815437472e-07,0.08961380665894866,0.7482642357054234,25,20,20
24,3944,0.16212190649614752,1.368738596187386e-07,0.08960930348511162,0.7482686531448821,25,20,20
24,3945,0.16191168469060155,1.3687128488324539e-07,0.08981952593508619,0.7482686525030282,25,20,20
24,3946,0.16191077335292928,1.3687126843876542e-07,0.08981940872879327,0.7482696810470096,25,20,20
24,3947,0.16191173101477818,1.3687128663601752e-07,0.0898237248948401,0.7482644072190956,25,20,20
24,3948,0.16191169725645163,1.3685885559729349e-07,0.0851361175623742,0.7529520483223189,25,20,20
24,3949,0.16324144174946867,6.322715030033679e-06,0.08380018081104425,0.7529520547244559,25,20,20
24,3950,0.1632414938492025,6.322715038419916e-06,0.08380006660554723,0.7529521168302103,25,20,20
24,3951,0.16324149355312334,6.322715038037766e-06,0.08380018193971256,0.7529520017921246,25,20,20
24,3952,0.16324443701900404,6.3227150379652295e-06,0.0838000950093983,0.7529491452565583,25,20,20
24,3953,0.16324469831408325,6.322715270968207e-06,0.08380473453579883,0.7529442444348458,25,20,20
24,3954,0.1632446542204011,6.3220442116194676e-06,0.07752666617993809,0.7592223575554502,25,20,20
24,3955,0.1632515578025579,6.322044237194718e-06,0.07752002879817027,0.7592220913550349,25,20,20
24,3956,0.16325059339178005,6.322044182123153e-06,0.07751357592186588,0.7592295086421723,25,20,20
24,3957,0.16324747428735606,6.322044198938977e-06,0.077513465100762,0.7592327385676834,25,20,20
24,3958,0.16324455019454442,6.32204381947821e-06,0.0775133033583519,0.7592358244032844,25,20,20
24,3959,0.16325544764872574,6.322043872032256e-06,0.07751338902894647,0.7592248412784559,25,20,20
24,3960,0.16325248330123976,6.322043835877888e-06,0.07750882661232893,0.7592323680425956,25,20,20
24,3961,0.1502230711808614,6.322047648061412e-06,0.09053603811160514,0.7592345686598847,25,20,20
24,3962,0.15083585140139147,6.321525604104736e-06,0.08992335020971254,0.7592344768632913,25,20,20
24,3963,0.14498645345479097,6.316462086430609e-06,0.09577945390457793,0.7592277761785455,25,20,20
24,3964,0.14498649007747916,6.316462339684354e-06,0.09578615620512668,0.7592210372550552,25,20,20
24,3965,0.14521990339284252,6.316462413179917e-06,0.09578787123509308,0.7589859089096518,25,20,20
24,3966,0.1452268240486572,6.31646247492772e-06,0.09579432428298365,0.7589725352058846,25,20,20
24,3967,0.1452267248193294,6.316462457507054e-06,0.09580077047133757,0.7589661882468755,25,20,20
24,3968,0.14522579576189146,6.316462511053184e-06,0.095545717362344,0.7592221704132538,25,20,20
24,3969,0.14522500972128463,6.316464616466821e-06,0.09541627092635128,0.7593524028877482,25,20,20
24,3970,0.14522901723887136,6.316464655517332e-06,0.09540963048653328,0.7593550358099403,25,20,20
24,3971,0.14522209692285876,6.31646461061163e-06,0.09540497321634771,0.7593666133961837,25,20,20
24,3972,0.14947270624435358,6.186026661865044e-06,0.09116366538360511,0.7593574423453798,25,20,20
24,3973,0.1489606287265784,6.186026714843568e-06,0.09167574234325382,0.7593574429034533,25,20,20
24,3974,0.1477733525251273,6.186001027159033e-06,0.09286337951819747,0.7593570819556489,25,20,20
24,3975,0.14777428084679778,6.186001066051053e-06,0.09286349935610484,0.7593560337960322,25,20,20
24,3976,0.14779040037738148,6.18640930924556e-06,0.09284734687500233,0.7593560663383079,25,20,20
24,3977,0.14779116836734507,6.186407189520713e-06,0.09311355802448112,0.759089087200985,25,20,20
24,3978,0.1477942493028315,6.187095248288085e-06,0.09775935946220528,0.7544402041397156,25,20,20
24,3979,0.14778725899781026,6.187095204242152e-06,0.09776595900182868,0.7544405949051574,25,20,20
24,3980,0.1479102030125356,6.186809281901354e-06,0.09764258809389478,0.7544410220842882,25,20,20
24,3981,0.14792418255530612,6.186809349272815e-06,0.09764247936407613,0.754427151271269,25,20,20
24,3982,0.14840700250341637,6.186856277700905e-06,0.09715958792549172,0.7544272227148149,25,20,20
24,3983,0.14840696592030792,6.18685602498643e-06,0.09715300098388159,0.754433846239786,25,20,20
24,3984,0.14839608720358655,6.186855964357162e-06,0.09715294539412836,0.7544447805463208,25,20,20
24,3985,0.14840327704233736,6.186855984075112e-06,0.0971552556419619,0.7544352804597174,25,20,20
24,3986,0.14707539942396855,8.898096914634911e-10,0.09848760510565971,0.754436994580561,25,20,20
24,3987,0.14753132518659393,7.054735808372288e-09,0.09803280034672739,0.7544358674119418,25,20,20
24,3988,0.14748578049902125,6.9925385720230124e-09,0.09807878025727632,0.7544354322511627,25,20,20
24,3989,0.14748565620082243,6.992565001490437e-09,0.09808064874348817,0.7544336880631234,25,20,20
24,3990,0.14748562963573092,6.992564415676871e-09,0.09808531590188185,0.7544290474698218,25,20,20
24,3991,0.14725414226793565,6.992552747469109e-09,0.09808372110188177,0.7546621296376295,25,20,20
24,3992,0.1097457383836513,7.259258162685372e-09,0.13538873763036874,0.7548655167267206,25,20,20
24,3993,0.1097417625863867,7.259467728299357e-09,0.13548146221731408,0.7547767679368305,25,20,20
24,3994,0.10974172671403241,7.2594808245750555e-09,0.1352153281369721,0.7550429378895137,25,20,20
24,3995,0.10972976220844882,7.259374570790998e-09,0.13521523797713125,0.7550549925550443,25,20,20
24,3996,0.10928286605045599,1.307637501263014e-06,0.13566142680086832,0.7550543995111741,25,20,20
24,3997,0.10927601651266591,1.3076374751762814e-06,0.13565482238328747,0.7550678534665716,25,20,20
24,3998,0.10875319999808963,4.09954127507398e-05,0.13614793546718762,0.7550578691219719,25,20,20
24,3999,0.10874522403808118,4.099541292348959e-05,0.13615180709687125,0.755061973452124,25,20,20
24,4000,0.10879691314428964,4.099541267296612e-05,0.13610011805833636,0.7550619733847006,25,20,20
24,4001,0.108807634702455,4.099541248825133e-05,0.1363582073770424,0.7547931625080139,25,20,20
24,4002,0.10879672090765262,4.099541241832449e-05,0.13609385009397454,0.755068433585954,25,20,20
24,4003,0.10879168394677276,4.09954120874855e-05,0.13600550631638855,0.7551618143247504,25,20,20
24,4004,0.10879455806261201,4.099541205165745e-05,0.13600550513185053,0.7551589413934849,25,20,20
24,4005,0.1087916857304754,4.099541184766652e-05,0.1359129754152938,0.7552543434423822,25,20,20
24,4006,0.10878870600513882,4.099541183890247e-05,0.135913088723796,0.7552572098592253,25,20,20
24,4007,0.10834758787560254,4.099536485438193e-05,0.13635427890606208,0.7552571378534801,25,20,20
24,4008,0.10654681702866556,1.3357757867914333e-06,0.13838813417923232,0.7550637130163149,25,20,20
24,4009,0.10653889978696787,1.3357757164178197e-06,0.138388047123091,0.7550717173142243,25,20,20
24,4010,0.10655098227008031,1.33577631053712e-06,0.13851738266305938,0.7549302992905492,25,20,20
24,4011,0.10662469495919717,1.3357797577949221e-06,0.13864105625662201,0.7547329130044222,25,20,20
24,4012,0.1066246332881345,1.3357797488945818e-06,0.1386457560889193,0.754728274843197,25,20,20
24,4013,0.10655797966762685,1.3357763548119988e-06,0.1385155640894667,0.7549251204665514,25,20,20
24,4014,0.10655810235169265,1.3357764138614027e-06,0.13851565050143141,0.754924911370462,25,20,20
24,4015,0.10655801538847866,1.3357763629728e-06,0.1388884464599074,0.754552202375251,25,20,20
24,4016,0.10655799926621386,1.3357763541208049e-06,0.13889003922453538,0.7545506257328967,25,20,20
24,4017,0.10655501905441478,1.3357763720222942e-06,0.13889012308817594,0.7545535220810373,25,20,20
24,4018,0.10655304100771695,1.3357763017330135e-06,0.13889000463884507,0.7545556185771366,25,20,20
24,4019,0.10655304072621904,1.335776301354679e-06,0.13888838415928365,0.7545572393381963,25,20,20
24,4020,0.10655295717852732,1.3357760476048078e-06,0.1388884123346631,0.7545572947107622,25,20,20
24,4021,0.10655296874157097,1.335776275360231e-06,0.13901472593433675,0.754430969547817,25,20,20
24,4022,0.1065500244195894,1.3357762756653378e-06,0.13901472735968576,0.754433912444449,25,20,20
24,4023,0.10654804548882703,1.3357762593456832e-06,0.13901464568076285,0.7544359730541502,25,20,20
24,4024,0.14013801486436658,1.3738434886639433e-06,0.10536466769656211,0.7544959435955824,25,20,20
24,4025,0.1401379551887449,1.3738434798889009e-06,0.10535996836022642,0.7545007026075485,25,20,20
24,4026,0.15269011266699167,1.37384348722649e-06,0.09281001112694173,0.7544985023625792,25,20,20
24,4027,0.15269202237664714,1.373843539710569e-06,0.092810164531199,0.7544964392486138,25,20,20
24,4028,0.15269202205372664,1.373843539159396e-06,0.09243716586531861,0.7548694382374151,25,20,20
24,4029,0.15292132642095954,1.3738481662624522e-06,0.09243732365018233,0.7546399760806914,25,20,20
24,4030,0.15292435420283776,1.3738484027191154e-06,0.09244120201549423,0.7546330699332651,25,20,20
24,4031,0.14088796183057656,1.3822630228508715e-06,0.1044753236427969,0.7546353322636032,25,20,20
24,4032,0.15340604801501456,1.3739466742897903e-06,0.09195949088705513,0.7546330871512559,25,20,20
24,4033,0.15340618811580614,1.3739466971909845e-06,0.09205234742061753,0.7545400905168791,25,20,20
24,4034,0.15316978803342238,1.3739420081430802e-06,0.09205210719777146,0.7547767308267979,25,20,20
24,4035,0.15316880861135523,1.3739420159017677e-06,0.09205223717676933,0.7547775802698595,25,20,20
24,4036,0.15316872842727552,1.373941774810709e-06,0.09192122101141019,0.7549086766195395,25,20,20
24,4037,0.1531687459129639,1.3739417930861638e-06,0.09192115057464284,0.7549087295706006,25,20,20
24,4038,0.15316605092352564,1.3739418263712598e-06,0.09192123782300653,0.7549113373116418,25,20,20
24,4039,0.11968607219495446,1.3094136793989473e-06,0.12546077061870803,0.7548518477726595,25,20,20
24,4040,0.11968309093914081,1.3094136873954853e-06,0.1254540389469023,0.7548615607002703,25,20,20
24,4041,0.11967791618800656,2.6337662445031046e-07,0.1254545128843245,0.754867307551044,25,20,20
24,4042,0.1196779152691932,2.633766244427269e-07,0.1254545109096698,0.7548673104445123,25,20,20
24,4043,0.11969280409858601,2.633767258366412e-07,0.1254592198513792,0.7548477126733085,25,20,20
24,4044,0.11970813903786279,2.633784690646798e-07,0.1574443190288809,0.7228472785547854,25,20,20
24,4045,0.11965107992364662,2.6337884911700895e-07,0.1575013781320557,0.7228472785654475,25,20,20
24,4046,0.15867240852616796,2.634469889864458e-07,0.1184799209358957,0.7228474070909455,25,20,20
24,4047,0.1586724094795435,2.634469886907632e-07,0.11847991951195175,0.7228474075615146,25,20,20
24,4048,0.1586753529344415,2.634469888485353e-07,0.11848008386587537,0.7228442997526926,25,20,20
24,4049,0.15867540606007494,2.6344702594373176e-07,0.11848022817205398,0.7228441023208435,25,20,20
24,4050,0.1586605009603867,2.634469067297011e-07,0.11847551991164383,0.722863715681061,25,20,20
24,4051,0.15865410897535884,2.9481138924661098e-09,0.11848791382929363,0.7228579742472321,25,20,20
24,4052,0.15870458701277926,3.3674548225346948e-09,0.11805966426176026,0.7232357453580042,25,20,20
24,4053,0.16063433448740627,1.3175618282793967e-09,0.11613034266351749,0.7232353215315125,25,20,20
24,4054,0.16063713994531842,1.3175390849095362e-09,0.11603756877119988,0.7233252899659408,25,20,20
24,4055,0.16266243358196866,5.058610638435036e-07,0.1143895449428288,0.722947515614137,25,20,20
24,4056,0.16265027802124404,5.05860426513445e-07,0.11426015457123156,0.7230890615470957,25,20,20
24,4057,0.16265797941846757,5.058608767552193e-07,0.11435278816652182,0.7229887265541318,25,20,20
24,4058,0.16266092506708155,5.058608805573185e-07,0.11448032693486253,0.7228582421371736,25,20,20
24,4059,0.16266065794412404,5.058608393073085e-07,0.11448047207773598,0.7228583641172986,25,20,20
24,4060,0.16266365211207667,5.058608304130999e-07,0.11448052686009225,0.7228553151669986,25,20,20
24,4061,0.16265889404516057,5.058603795936848e-07,0.12544213639116317,0.7118984637032942,25,20,20
24,4062,0.16265992778378016,5.058603270226246e-07,0.12544190130861294,0.7118976650472777,25,20,20
24,4063,0.16103220698051213,5.274505593768147e-07,0.12706955479210763,0.7118977107768198,25,20,20
24,4064,0.1610341515490884,5.274506420580618e-07,0.12706952620501066,0.7118957947952577,25,20,20
24,4065,0.1637368519522886,5.058582085706968e-07,0.1243669527871221,0.7118956894023794,25,20,20
24,4066,0.16373690489411868,5.058582264000476e-07,0.12436703355310184,0.7118955556945521,25,20,20
24,4067,0.16469311507687884,5.057919833505067e-07,0.12341095153711608,0.7118954275940209,25,20,20
24,4068,0.16469108661186116,5.057920448609234e-07,0.12341107093544246,0.7118973366606507,25,20,20
24,4069,0.16467075596477584,5.057881957483148e-07,0.12343140226067559,0.711897335986352,25,20,20
24,4070,0.16467073967922768,5.057881955855475e-07,0.12343128825098384,0.7118974662815922,25,20,20
24,4071,0.16467195165547488,5.057881487433638e-07,0.12343116888816821,0.7118963736682076,25,20,20
24,4072,0.16467200774765714,5.057884114252309e-07,0.12343352963421006,0.7118939568297208,25,20,20
24,4073,0.16466901288984534,5.05788424479654e-07,0.12343366948474792,0.7118968118369815,25,20,20
24,4074,0.1646801408455023,5.057895140870248e-07,0.12343359462029328,0.7118857587446898,25,20,20
24,4075,0.16467714379257178,5.057895053125414e-07,0.12380732541331575,0.7115150250046063,25,20,20
24,4076,0.16467718043474563,5.057900502761799e-07,0.12380895064625869,0.7115133631289448,25,20,20
24,4077,0.16467941033461486,5.057901327725712e-07,0.12380904650378363,0.7115110373714677,25,20,20
24,4078,0.12574868477273607,5.05867508440259e-07,0.16273977176813978,0.7115110375916143,25,20,20
24,4079,0.12470529448826319,5.179839161010156e-07,0.16359536872452704,0.7116988188032927,25,20,20
24,4080,0.12470528967908756,5.179839117392926e-07,0.16346563184933896,0.7118285604876613,25,20,20
24,4081,0.12471219148035238,5.179839357498449e-07,0.16346720426250375,0.7118200862732083,25,20,20
24,4082,0.12470703766098783,5.17983864121784e-07,0.1634671508705386,0.7118252934846097,25,20,20
24,4083,0.12470708854178966,5.17983855731263e-07,0.15241278426382177,0.7228796092105331,25,20,20
24,4084,0.12470721126469453,5.179838512629919e-07,0.15241737301215613,0.7228748977392985,25,20,20
24,4085,0.12471921956161722,5.179839412139467e-07,0.15251002915843295,0.722770233296009,25,20,20
24,4086,0.12471226506727287,5.179838913980824e-07,0.15293243369293222,0.722354783255904,25,20,20
24,4087,0.12381620776584867,5.198068205079941e-07,0.1538284693530319,0.7223548030742993,25,20,20
24,4088,0.12381627639043316,5.198068381715635e-07,0.15345457483110622,0.7227286289716226,25,20,20
24,4089,0.12381629338297227,5.198068520781067e-07,0.15345461091468748,0.7227285758954883,25,20,20
24,4090,0.12067753506103593,5.198224243999458e-07,0.1565933691945175,0.7227285759220216,25,20,20
24,4091,0.1209427668534044,5.081298362655533e-07,0.1562962328676101,0.7227604921491476,25,20,20
24,4092,0.12094574395879626,5.081299515444776e-07,0.1562962427387426,0.7227575051725083,25,20,20
24,4093,0.12095103708993112,5.081299658466645e-07,0.15630096219645198,0.7227474925836507,25,20,20
24,4094,0.1209519500056178,5.081299836886548e-07,0.1563009640403339,0.722746577824064,25,20,20
24,4095,0.12102076664435661,5.081169787805625e-07,0.15623214266876798,0.7227465825698964,25,20,20
24,4096,0.1209561114304939,5.081143111797262e-07,0.15629680258931353,0.7227465778658813,25,20,20
24,4097,0.10310160546198854,5.322156243633796e-07,0.17415128120316595,0.7227465811192216,25,20,20
24,4098,0.10310159026656074,5.322156148495293e-07,0.1741512799196099,0.7227465975982151,25,20,20
24,4099,0.10310357348605911,5.322156226574909e-07,0.20944140575619652,0.687454488542121,25,20,20
24,4100,0.10310050869213307,5.315136498366866e-07,0.204787990547716,0.6921109692465002,25,20,20
24,4101,0.1031261025034914,5.605230458067352e-07,0.20945103903504234,0.6874222979384197,25,20,20
24,4102,0.10312715508687266,5.605231177391612e-07,0.24591892350231745,0.6509533608876921,25,20,20
24,4103,0.10313010008400117,5.605231174709492e-07,0.2459124322431981,0.650956907149683,25,20,20
24,4104,0.10313006344665673,5.605225725885876e-07,0.24591088946188613,0.6509584865688847,25,20,20
24,4105,0.1012931966558753,5.561129334683658e-08,0.24774826335613642,0.6509584843766936,25,20,20
24,4106,0.08227201117172328,5.379369303352214e-08,0.2667694703437705,0.6509584646908122,25,20,20
24,4107,0.08226905010742967,5.379357813963283e-08,0.2667695754630062,0.6509613206359853,25,20,20
24,4108,0.08226091628604712,5.379249653940761e-08,0.26677423639747566,0.6509647935239801,25,20,20
24,4109,0.08226919329909524,5.37926135020963e-08,0.2667788025395345,0.6509519503687567,25,20,20
24,4110,0.08213237325387127,5.374432469713704e-08,0.26691561891728727,0.6509519540845168,25,20,20
24,4111,0.08213243077217902,5.374431731519659e-08,0.26691102857264976,0.6509564869108538,25,20,20
24,4112,0.08214337911783698,5.374438697176505e-08,0.2667531741804659,0.6511033929573096,25,20,20
24,4113,0.0821413339140134,5.374468741838633e-08,0.26701940814248487,0.6508392041988138,25,20,20
24,4114,0.08265104728562608,6.310830434799207e-08,0.2665141120417794,0.6508347775642891,25,20,20
24,4115,0.09986707012071834,3.267375742843248e-08,0.24930157193379124,0.6508313252717319,25,20,20
24,4116,0.10068179164115307,3.2234947706656126e-08,0.2487060192168944,0.650612156907005,25,20,20
24,4117,0.10068387588076361,3.2234921016205575e-08,0.24870586727921817,0.6506102246050977,25,20,20
24,4118,0.09228479542361662,3.25188847879574e-08,0.25710299734176345,0.6506121747157355,25,20,20
24,4119,0.09227689445911955,3.25188320840889e-08,0.2568369073671116,0.650886165654937,25,20,20
24,4120,0.09234667656024938,3.252511426166959e-08,0.25683736837209137,0.650815922542546,25,20,20
24,4121,0.09234662400560315,1.392122396496898e-05,0.2603431769752724,0.6472962777951621,25,20,20
24,4122,0.09236135113193927,5.8581886096927044e-08,0.2603423328310717,0.6472962574551054,25,20,20
24,4123,0.09236448419274444,5.858162436866125e-08,0.2603400892665218,0.6472953679591116,25,20,20
24,4124,0.09236442930649547,5.8581801802272756e-08,0.27139400241075373,0.6362415097009513,25,20,20
24,4125,0.09236435956129267,5.858179770478727e-08,0.27138941542594347,0.6362461664309681,25,20,20
24,4126,0.09247985036963081,5.8581809293251154e-08,0.27127392468112543,0.6362461663674351,25,20,20
24,4127,0.09248203789671043,5.858151479058847e-08,0.271007847599303,0.6365100559224725,25,20,20
24,4128,0.09238058702891466,5.8585609567082394e-08,0.2711092983034995,0.636510056081977,25,20,20
24,4129,0.10966800403355755,3.449869767758237e-08,0.2538219251470851,0.6365100363206604,25,20,20
24,4130,0.1097095582372597,3.449683548713347e-08,0.22182846909471057,0.6684619381711941,25,20,20
24,4131,0.10970627719391667,3.449675031901413e-08,0.22182370921290634,0.6684699790964261,25,20,20
24,4132,0.10971424434725983,3.449685671614112e-08,0.2218302045622106,0.6684555165936722,25,20,20
24,4133,0.10972121608918602,3.4496887547794936e-08,0.22182565929625825,0.6684530901176673,25,20,20
24,4134,0.10965148709925476,3.4490857515038124e-08,0.22209147263884074,0.668257005771046,25,20,20
24,4135,0.10971828588396612,3.4493056092007407e-08,0.22209169455475844,0.6681899850682185,25,20,20
24,4136,0.10971534263128055,3.4493056021096085e-08,0.22209160714679815,0.6681930157288644,25,20,20
24,4137,0.10971538016353279,3.44930642793036e-08,0.22209809381530288,0.6681864915280987,25,20,20
24,4138,0.1097131707193556,3.449307415760607e-08,0.2220981324759358,0.6681886623116321,25,20,20
24,4139,0.11828817157423438,3.439875392323512e-08,0.21352505454285756,0.6681867394841522,25,20,20
24,4140,0.1182852403191194,3.439877048847636e-08,0.2135250275848758,0.6681896976972321,25,20,20
24,4141,0.11903108016042367,3.4401428204340374e-08,0.21950427990380272,0.6614646055343435,25,20,20
24,4142,0.11903200995016969,3.440259931809698e-08,0.2195064987486916,0.6614614568985375,25,20,20
24,4143,0.119021098241271,3.4402737352571455e-08,0.21950224806238403,0.6614766192936057,25,20,20
24,4144,0.11902549493334418,3.4475316818854336e-08,0.21949787815393573,0.6614765924374013,25,20,20
24,4145,0.11908712154072058,3.475308917128594e-08,0.21943625165665076,0.6614765920495376,25,20,20
24,4146,0.11909022414162898,3.4752910580354786e-08,0.2191765848082283,0.6617331562972306,25,20,20
24,4147,0.1478671394554216,3.8767131421303e-08,0.19040005219902462,0.6617327695784208,25,20,20
24,4148,0.14786492917248475,3.876715998533709e-08,0.19040645963094466,0.661728572429409,25,20,20
24,4149,0.14786179178677514,3.8767168346316216e-08,0.19077935573401153,0.6613588137120433,25,20,20
24,4150,0.1478057948733274,3.876769188459978e-08,0.19078582820033302,0.6614083381586461,25,20,20
24,4151,0.14780181608884016,3.876652026665562e-08,0.1907835740975205,0.6614145710471174,25,20,20
24,4152,0.14566973404178465,9.19109749157391e-08,0.19291516894520364,0.6614150051020353,25,20,20
24,4153,0.1456727854064049,9.191097555775785e-08,0.19291508867053195,0.661412034012086,25,20,20
24,4154,0.14515244135264996,9.270854551654417e-08,0.18713881815404207,0.6677086477847609,25,20,20
24,4155,0.15509475042525284,8.881471994978893e-08,0.1771966321654496,0.6677085285945766,25,20,20
24,4156,0.15509576540882059,8.881476197447433e-08,0.17719651827508687,0.6677076275013296,25,20,20
24,4157,0.15491031831344426,8.863116727023198e-08,0.17738198934684124,0.6677076037085462,25,20,20
24,4158,0.15491434697580916,8.863114043807318e-08,0.17737701859463248,0.6677085457984169,25,20,20
24,4159,0.15491325085875732,8.866134841325331e-08,0.17737728608005754,0.6677093743998357,25,20,20
24,4160,0.15527416383762924,8.875638629506676e-08,0.17701637081244978,0.6677093765935335,25,20,20
24,4161,0.15526213513370565,8.875629024509491e-08,0.1769301962437554,0.6678075798662481,25,20,20
24,4162,0.17127770656886124,7.825648881401155e-08,0.160910469530017,0.6678117456446331,25,20,20
24,4163,0.17127746271171243,7.816000628497231e-08,0.16091071567558682,0.6678117434526948,25,20,20
24,4164,0.17128837656664475,7.816007696131464e-08,0.1609154349395495,0.6677961103337292,25,20,20
24,4165,0.1710546053986597,7.735968741830435e-08,0.16070785988841405,0.6682374573532391,25,20,20
24,4166,0.1710515893357588,7.735968770626121e-08,0.1607077442597541,0.6682405890447997,25,20,20
24,4167,0.17104859333792227,7.735949259486241e-08,0.14965383007258262,0.6792974992300023,25,20,20
24,4168,0.17104855803874375,7.73594877475093e-08,0.14928317552696035,0.6796681890748079,25,20,20
24,4169,0.17105235163458535,7.735959630277213e-08,0.14941263575046262,0.6795349352553554,25,20,20
24,4170,0.17105536374925637,7.735936521889429e-08,0.14941497978801394,0.679529579103364,25,20,20
24,4171,0.1710563089599206,7.735941383130989e-08,0.14941500305882735,0.6795286106218377,25,20,20
24,4172,0.17105432903167583,7.735932568152672e-08,0.14942159734392216,0.6795239962650759,25,20,20
24,4173,0.1710582496671938,7.73593687264459e-08,0.1494263010346744,0.6795153719387627,25,20,20
24,4174,0.17105530742065725,7.735937311016053e-08,0.14942644554428916,0.6795181696756805,25,20,20
24,4175,0.17105330406036984,7.735879337247312e-08,0.14954924370284906,0.6793973748779877,25,20,20
24,4176,0.17105337272695376,7.735879767107009e-08,0.14954263971381868,0.6794039102004297,25,20,20
24,4177,0.17105245291531848,7.735868005380913e-08,0.1494162216408602,0.6795312480851412,25,20,20
24,4178,0.17105243739706108,7.735867649283766e-08,0.14978686106495764,0.6791606241793045,25,20,20
24,4179,0.15917852826611506,7.736572589481868e-08,0.16166076979022562,0.679160624577933,25,20,20
24,4180,0.1617366927968162,2.4177837589497596e-08,0.1591030335325238,0.6791602494928222,25,20,20
24,4181,0.16172577893345363,2.417776738138817e-08,0.1590983469800273,0.6791758499087517,25,20,20
24,4182,0.16172285309706752,2.4177776627391912e-08,0.15909539284171248,0.6791817298834434,25,20,20
24,4183,0.1617229079194734,2.417781470534751e-08,0.15909552499767615,0.6791815429050356,25,20,20
24,4184,0.1740799721381904,1.1395492689863185e-08,0.14674261601684235,0.6791774004494746,25,20,20
24,4185,0.17407611811095092,1.1395436030501496e-08,0.14674265500092637,0.6791812154926866,25,20,20
24,4186,0.17407617973136336,1.1395448479727364e-08,0.14674723996379238,0.6791765689093958,25,20,20
24,4187,0.1740760567294195,1.1395461312768903e-08,0.14674716050077874,0.6791767713743404,25,20,20
24,4188,0.1745166828279386,2.53144567202875e-08,0.14626012691000964,0.6792231649475962,25,20,20
24,4189,0.17451586307061612,2.5314402987384163e-08,0.14634564072476705,0.6791384708902148,25,20,20
24,4190,0.18637700157021986,2.7215240981922686e-08,0.13448447409062994,0.6791384971239102,25,20,20
24,4191,0.18637705367264065,2.7215222327728106e-08,0.1455337322610137,0.6680891868511246,25,20,20
24,4192,0.18637320323214868,2.7215183107611292e-08,0.14553374156629692,0.6680930279863719,25,20,20
24,4193,0.18638024389106927,2.7215479727624823e-08,0.14516248278631472,0.6684572461071366,25,20,20
24,4194,0.18683916524435407,2.7217620577230547e-08,0.14507060030068308,0.6680902072373425,25,20,20
24,4195,0.16741563302504395,4.894296153855563e-08,0.16449388231100306,0.6680904357209893,25,20,20
24,4196,0.16741849786738555,4.894293953173312e-08,0.16448926125065896,0.6680921919390141,25,20,20
24,4197,0.20663206950779564,4.894801479464073e-08,0.12527569353198723,0.6680921880122004,25,20,20
24,4198,0.20663406788440095,4.8947966165536534e-08,0.12527069247383615,0.6680951906937952,25,20,20
24,4199,0.20663709981119677,4.894796593845232e-08,0.1252642031455717,0.6680986480952639,25,20,20
24,4200,0.2065704976054752,4.8945767438850856e-08,0.12992110597023615,0.6635083474785196,25,20,20
24,4201,0.2067393995958476,5.63566809402519e-08,0.12975215056234876,0.6635083934851218,25,20,20
24,4202,0.2067394011306543,5.635669886101367e-08,0.13012518685954422,0.6631353556531018,25,20,20
24,4203,0.20674314907540814,5.637056607866273e-08,0.12988173198750355,0.6633750625665212,25,20,20
24,4204,0.20674318545952208,5.637059680989365e-08,0.13025473055163875,0.6630020276182413,25,20,20
24,4205,0.21833617080851153,5.363514476166863e-08,0.11866175529539408,0.6630020202609488,25,20,20
24,4206,0.21833217685253406,5.363484708016316e-08,0.11866001658393074,0.6630077529286872,25,20,20
24,4207,0.21833252082071053,5.3621013347801974e-08,0.11853065881760144,0.6631367667406738,25,20,20
24,4208,0.21832652101630795,5.35907802783773e-08,0.11865875597752736,0.6630146694153837,25,20,20
24,4209,0.21832639915417648,5.3590785946603134e-08,0.10760487787186646,0.6740686693831703,25,20,20
24,4210,0.2183264698599764,5.3590786726372546e-08,0.10760476650840012,0.674068710040836,25,20,20
24,4211,0.21833332176959946,5.3590830423712316e-08,0.10760473947949778,0.6740618851600716,25,20,20
24,4212,0.21833642079231472,5.359085321850963e-08,0.10760465450452664,0.6740588711123054,25,20,20
24,4213,0.21833929483459852,5.359084874916605e-08,0.10761125735621001,0.6740493942183429,25,20,20
24,4214,0.2183392578343955,5.359083580419167e-08,0.10748136918682642,0.6741793193879421,25,20,20
24,4215,0.21804003014840811,3.966827442623255e-08,0.1078270004096345,0.6741329297736814,25,20,20
24,4216,0.2180371033380074,3.96682838679888e-08,0.10782700124152811,0.674135855752179,25,20,20
24,4217,0.21813727357001564,3.941572452682379e-08,0.10772682636444073,0.6741358606498176,25,20,20
24,4218,0.2181372747900764,3.941572109417344e-08,0.1077221978011061,0.6741404879930948,25,20,20
24,4219,0.22925417765105788,1.1148410526005748e-07,0.09660468315878738,0.6741410277060492,25,20,20
24,4220,0.22292516284076577,1.1373202132178649e-07,0.10293357920218989,0.6741411442250227,25,20,20
24,4221,0.2229222530011166,1.1373203932967467e-07,0.10293358067551729,0.6741440525913263,25,20,20
24,4222,0.259647516581077,1.1373151382650507e-07,0.06620832004849886,0.6741440496389113,25,20,20
24,4223,0.2596544376030844,1.1373153970198911e-07,0.06620828878521348,0.6741371598801633,25,20,20
24,4224,0.26505746971236477,1.1156922227470238e-07,0.06080537490189366,0.67413704381652,25,20,20
24,4225,0.2650555599205668,1.1156917026113705e-07,0.06067600630295042,0.674268322207313,25,20,20
24,4226,0.26505158355329067,1.1156914467020048e-07,0.06076512514994966,0.6741831797276154,25,20,20
24,4227,0.2461000443937765,1.1267248679502667e-07,0.0797131195286056,0.6741867234051316,25,20,20
24,4228,0.245887037607655,1.162504198782309e-07,0.07992602952151558,0.6741868166204104,25,20,20
24,4229,0.24588393716531837,1.1625039279758268e-07,0.07992588957523016,0.6741900570090594,25,20,20
24,4230,0.24589485072208614,1.1625047193828177e-07,0.07992592208693408,0.6741791109405085,25,20,20
24,4231,0.2456897971005849,2.829995264861458e-07,0.07709735746962863,0.6772125624302621,25,20,20
24,4232,0.2456788388063938,2.8299944283044907e-07,0.0771020250371439,0.6772188531570216,25,20,20
24,4233,0.24567596578522824,2.8299945191891396e-07,0.07710199079909834,0.6772217604162236,25,20,20
24,4234,0.24567892724312723,2.829995849228027e-07,0.07710860088951127,0.6772121888677783,25,20,20
24,4235,0.2456760011179268,2.829994648456959e-07,0.07710864186775279,0.6772150740148574,25,20,20
24,4236,0.2456791074716287,2.8299969757366984e-07,0.0771086117734222,0.6772119977552533,25,20,20
24,4237,0.24567616571497808,2.829996972658845e-07,0.07710670925141545,0.677216842033911,25,20,20
24,4238,0.24567620997704398,2.8299970154146566e-07,0.07710208961418653,0.6772214174090696,25,20,20
24,4239,0.2456791685134049,2.8299970692180084e-07,0.07709738927987612,0.6772231592070138,25,20,20
24,4240,0.2456820258621578,2.8299967978089914e-07,0.0770973927952723,0.6772202983428919,25,20,20
24,4241,0.24865460806045367,2.830663658822393e-07,0.0741248101036265,0.6772202987695555,25,20,20
24,4242,0.24865066732421695,2.830685169009408e-07,0.0743911431987575,0.6769579064085101,25,20,20
24,4243,0.2486505446479465,2.8306852901981334e-07,0.07439774441778903,0.6769514278657364,25,20,20
24,4244,0.24865146770228605,2.8306856556829705e-07,0.074770662452487,0.6765775867766625,25,20,20
24,4245,0.24866251165272213,2.8306887023743904e-07,0.07440437072833223,0.6769328345500764,25,20,20
24,4246,0.2486593305354737,2.830688446538833e-07,0.07440422847662503,0.6769361579190574,25,20,20
24,4247,0.24865931451767215,2.830688351338153e-07,0.07440424654193781,0.6769361558715556,25,20,20
24,4248,0.24865926429164556,2.830688447222726e-07,0.07449028984370752,0.6768501627958027,25,20,20
24,4249,0.24866129667638792,2.8306883260961724e-07,0.07449490963417593,0.676843510620604,25,20,20
24,4250,0.24866128146542688,2.8306882293128294e-07,0.07449490897815453,0.6768435264875963,25,20,20
24,4251,0.2489007289089655,2.8307150127143705e-07,0.074624551798608,0.676474436220926,25,20,20
24,4252,0.24999827988711693,2.794147670634004e-07,0.07352711088002724,0.6764743298180896,25,20,20
24,4253,0.24999819566666293,2.7941474525733093e-07,0.07352728637328668,0.6764742385453054,25,20,20
24,4254,0.24953914639318278,2.7941265702464547e-07,0.07352723555696172,0.676933338637199,25,20,20
24,4255,0.2475234476128273,3.4506377658384555e-07,0.07554215174543552,0.6769340555779612,25,20,20
24,4256,0.24752742322167415,3.450638070097646e-07,0.07553555117856653,0.6769366805359528,25,20,20
24,4257,0.24752442548629985,3.450637975738778e-07,0.07544942040101515,0.6770258090488879,25,20,20
24,4258,0.24752447786292073,3.450638014225874e-07,0.0754557631877011,0.6770194138855772,25,20,20
24,4259,0.24751636097612334,3.450634737863853e-07,0.07544917073226397,0.6770341232281392,25,20,20
24,4260,0.2472838336183604,3.45060821401095e-07,0.07532408832918437,0.6773917329916344,25,20,20
24,4261,0.23190901848081616,3.4531642494692214e-07,0.09056662782012519,0.6775240083826323,25,20,20
24,4262,0.23188622816471316,3.460261982141939e-07,0.09058944359044706,0.67752398221864,25,20,20
24,4263,0.2318862478396147,3.4602624305223553e-07,0.09058944496252704,0.6775239611716138,25,20,20
24,4264,0.23188624782477826,3.460262432017011e-07,0.09059172130220298,0.6775216848467742,25,20,20
24,4265,0.2423300229700843,2.826951020376393e-07,0.08014423257618462,0.6775254617586287,25,20,20
24,4266,0.24233316842334493,2.826952159309924e-07,0.0801483831400703,0.6775181657413686,25,20,20
24,4267,0.21717794849558303,2.6602567710853594e-07,0.1053078518639619,0.6775139336147774,25,20,20
24,4268,0.217180946001844,2.660256865053683e-07,0.10530785217449028,0.6775109357979787,25,20,20
24,4269,0.21707729626781044,7.020865973275007e-08,0.10837812950378856,0.6745445040197385,25,20,20
24,4270,0.2170771334880823,7.020842244010896e-08,0.10837154219798917,0.6745512541055037,25,20,20
24,4271,0.2170813439062535,7.020841562950812e-08,0.10837158687543771,0.6745469990098907,25,20,20
24,4272,0.21798793939704805,7.09831854311317e-08,0.1084692630057777,0.6735427266139866,25,20,20
24,4273,0.21798779474998115,7.098317674679558e-08,0.10381205766890605,0.6782000765979344,25,20,20
24,4274,0.21798263246898475,7.098308898737602e-08,0.10381007074189337,0.678207225806031,25,20,20
24,4275,0.21215949106962748,7.071772064963335e-08,0.10976549348222982,0.6780749447304197,25,20,20
24,4276,0.21212454405481102,6.810537361427007e-08,0.10980044358530393,0.6780749442545091,25,20,20
24,4277,0.1924455809593107,4.4588066699914413e-07,0.1294797323353939,0.6780742408246262,25,20,20
24,4278,0.19154003896356384,4.4510585348768593e-07,0.12938190819078862,0.6790776077397921,25,20,20
24,4279,0.19153696869860964,4.451058609090896e-07,0.12938198685476393,0.6790805993407639,25,20,20
24,4280,0.19153402756149482,4.4510586704084873e-07,0.12929447039174857,0.6791710569408882,25,20,20
24,4281,0.2109429468109072,2.7617539149686243e-09,0.10987907561256419,0.6791779748147733,25,20,20
24,4282,0.21093994965503257,2.7617448264432014e-09,0.10987915738799638,0.6791808901952249,25,20,20
24,4283,0.21093995141440733,2.7617448432999643e-09,0.10987921748416658,0.6791808283396799,25,20,20
24,4284,0.21094825879390589,2.761784641381289e-09,0.10987283122328345,0.679178907221025,25,20,20
24,4285,0.2109441845697927,2.761818047197319e-09,0.10987278838178037,0.6791830242866075,25,20,20
24,4286,0.21094714410021756,2.761809657378346e-09,0.10987930715973819,0.6791735459782333,25,20,20
24,4287,0.20617622592737495,8.023075333255525e-07,0.11464863593897916,0.6791743358261119,25,20,20
24,4288,0.2061730912827859,8.023074971769926e-07,0.11464863580837914,0.6791774706013369,25,20,20
24,4289,0.20617170238894464,8.023074829994572e-07,0.11465312183819827,0.6791743734653732,25,20,20
24,4290,0.193808579152089,8.023465984564901e-07,0.12701630678188192,0.6791743117194292,25,20,20
24,4291,0.19381152144265393,8.023465924390194e-07,0.12701473448998604,0.6791729417207663,25,20,20
24,4292,0.19304259702499438,8.023418457343958e-07,0.12778364914948337,0.6791729514836752,25,20,20
24,4293,0.19303958056290058,8.023396331765478e-07,0.1275172296857547,0.6794423874117106,25,20,20
24,4294,0.193039565431821,8.023396148584995e-07,0.12751726438698294,0.6794423678415802,25,20,20
24,4295,0.19303968818007897,8.02339606487733e-07,0.12751714896291633,0.6794423605173973,25,20,20
24,4296,0.19304373384947024,8.023396332785908e-07,0.12752032338135677,0.6794351404295387,25,20,20
24,4297,0.1930406862226744,8.023396338938177e-07,0.12752693012671837,0.6794315813109723,25,20,20
24,4298,0.19303371325938024,8.023396250721978e-07,0.12752213185395947,0.679443352547034,25,20,20
24,4299,0.19303672590675283,8.023396436844368e-07,0.12752225324291686,0.6794402185106853,25,20,20
24,4300,0.1930366913140916,8.023396252522032e-07,0.12752225416805152,0.6794402521782301,25,20,20
24,4301,0.19303376487535445,8.023535697175792e-07,0.12752796821713785,0.6794374645539365,25,20,20
24,4302,0.19303676123221064,8.023535614144394e-07,0.12752780504275615,0.6794346313714706,25,20,20
24,4303,0.1930426622329793,8.023535863684835e-07,0.12752772149066874,0.679428813922764,25,20,20
24,4304,0.21741501519279627,1.6886571284692322e-09,0.10316050279585104,0.679424480322695,25,20,20
24,4305,0.21809501745552837,1.6908551751747777e-09,0.10315870298143448,0.6787462778721814,25,20,20
24,4306,0.20022929335903444,0.0014865351641815184,0.11953348887414805,0.6787506826026355,25,20,20
24,4307,0.20022930724281504,0.001486535164186356,0.11953535341840338,0.6787488041745949,25,20,20
24,4308,0.2002223354236967,0.0014865351641522528,0.11953065208346976,0.6787604773286811,25,20,20
24,4309,0.20022233417083068,0.0014865351823174203,0.13348991066789764,0.6648012199789534,25,20,20
24,4310,0.20022231694581794,0.001486535168372643,0.13347759439324072,0.6648135534925678,25,20,20
24,4311,0.20022531296713705,0.001486535168369633,0.1334822987085328,0.6648058531559593,25,20,20
24,4312,0.20023648877961225,0.0014865351687273212,0.13349092778008084,0.6647860482715784,25,20,20
24,4313,0.20023443850846653,0.0014865351687802608,0.13349321045363008,0.6647858158691219,25,20,20
24,4314,0.2002275182366205,0.0014865351687777045,0.13349782541275323,0.6647881211818474,25,20,20
24,4315,0.20022066860128118,0.001486535168779164,0.13349794234050474,0.6647948538894336,25,20,20
24,4316,0.20022068794316306,0.0014865351688331985,0.1335045495815448,0.6647882273064575,25,20,20
24,4317,0.2002236667773338,0.0014865351687707127,0.13349817024041333,0.6647916278134807,25,20,20
24,4318,0.23834569421971163,0.0014865351237746693,0.09537616440203749,0.6647916062544752,25,20,20
24,4319,0.23834771504625543,0.0014865351237383028,0.09500328106339115,0.6651624687666142,25,20,20
24,4320,0.23824071600062102,0.0014865352139476976,0.09511027894580897,0.6651624698396215,25,20,20
24,4321,0.23458427481066121,0.0014865340727759498,0.09877365288124046,0.6651555382353216,25,20,20
24,4322,0.2346500285218283,0.0014867494960354353,0.0987749773589856,0.6650882446231512,25,20,20
24,4323,0.23464799740720926,0.001486749496061186,0.09876837787518225,0.6650968752215479,25,20,20
24,4324,0.23535736133000434,0.0014867496062889796,0.09805900056808672,0.6650968884956207,25,20,20
24,4325,0.23535832526222156,0.0014867496063275401,0.09806127968904242,0.6650936454424093,25,20,20
24,4326,0.2353613192712331,0.0014867496063186692,0.09806113636996416,0.665090794752485,25,20,20
24,4327,0.23536126597414075,0.0014867496062915561,0.09806113165274281,0.6650908527668256,25,20,20
24,4328,0.23536124920492377,0.0014867496062866475,0.09806571762583868,0.6650862835629515,25,20,20
24,4329,0.2353582007574349,0.001486749606287113,0.0980677646498381,0.6650872849864403,25,20,20
24,4330,0.2562239209230844,0.0014870275713865103,0.07720085858144245,0.6650881929240878,25,20,20
24,4331,0.2562269179411277,0.0014870275713948042,0.07719866382676278,0.665087390660716,25,20,20
24,4332,0.25622691737177133,0.001487027571394984,0.07719650195670202,0.6650895531001327,25,20,20
24,4333,0.2561581711272733,0.0014868120717587544,0.07376121885051751,0.6685937979504516,25,20,20
24,4334,0.2561561927029502,0.0014868120718128464,0.07375890016845861,0.668598095056779,25,20,20
24,4335,0.2561582616276299,0.0014868120717784357,0.0737568156785984,0.6685981106219937,25,20,20
24,4336,0.2561542870605239,0.0014868120535870633,0.05979755451602435,0.6825613463698658,25,20,20
24,4337,0.2561563540396563,0.001486812053543346,0.05979763450221756,0.6825591994045839,25,20,20
24,4338,0.2561562332228249,0.0014868120535516524,0.05979779803905896,0.6825591566845656,25,20,20
24,4339,0.25615831903651554,0.0014868120535347508,0.0597957496527111,0.6825591192572397,25,20,20
24,4340,0.2551385469833599,0.0014870188302691292,0.060815379428606334,0.6825590547577655,25,20,20
24,4341,0.25512737240753364,0.0014870188299114526,0.06080679103377559,0.6825788177287799,25,20,20
24,4342,0.2556311934084479,0.00150091884318302,0.06372616112535395,0.6791417266230166,25,20,20
24,4343,0.2556312622489198,0.0015009188432242818,0.06385547461594228,0.679012344291915,25,20,20
24,4344,0.23360603223882742,0.001501851959922896,0.0856307298875961,0.6792613859136545,25,20,20
24,4345,0.23360604906253798,0.001501851964959772,0.08582395832339909,0.6790681406491039,25,20,20
24,4346,0.23959832296807207,0.0015018519571454456,0.07983168580799543,0.6790681392667886,25,20,20
24,4347,0.23959841383222888,0.0015018519571326338,0.07983358559661585,0.679066148614024,25,20,20
24,4348,0.2395954787013453,0.0015018519571372456,0.07983358828578745,0.6790690810557314,25,20,20
24,4349,0.23959659483620194,0.0015018519575304744,0.07983176651950258,0.6790697866867663,25,20,20
24,4350,0.23959952907507356,0.0015018527478618832,0.08026379031137361,0.6786348278656915,25,20,20
24,4351,0.25642552480790576,1.5319313059568974e-05,0.06492873200344321,0.6786304238755929,25,20,20
24,4352,0.25642344689967067,1.5319313053495145e-05,0.06479933862363599,0.6787618951636412,25,20,20
24,4353,0.2559275879453765,2.2571801552218492e-06,0.05237808606001118,0.691692068814459,25,20,20
24,4354,0.25592680141940966,2.257180236943223e-06,0.052378207549692274,0.6916927338506628,25,20,20
24,4355,0.2559259253699475,2.257180206286621e-06,0.052382530472069255,0.6916892869777784,25,20,20
24,4356,0.2559281379393563,2.2571807766128435e-06,0.052511927943298245,0.6915576769365697,25,20,20
24,4357,0.21707861041491963,2.257180857289368e-06,0.09136145933949184,0.6915576730647308,25,20,20
24,4358,0.21218929849542445,2.2651273427157043e-06,0.09624897172483386,0.6915594646523988,25,20,20
24,4359,0.2122042061338557,2.265127399058572e-06,0.09624897879274381,0.6915445499460015,25,20,20
24,4360,0.21220198163754098,2.265127075943512e-06,0.09661808186057576,0.691177671374807,25,20,20
24,4361,0.21219896734753982,2.265122042990356e-06,0.09642468678063747,0.6913740807497792,25,20,20
24,4362,0.21219591802132556,2.2651220252304263e-06,0.09643106306888431,0.6913707537877647,25,20,20
24,4363,0.21224536315904352,2.2650323956434136e-06,0.09638161894067183,0.6913707528678885,25,20,20
24,4364,0.21225134726748088,2.265032395458425e-06,0.0963862376173536,0.6913601500827697,25,20,20
24,4365,0.21230434114638747,2.2650743166905992e-06,0.09633322955018456,0.6913601642291107,25,20,20
24,4366,0.21613325696543484,2.2655480190339554e-06,0.0921240859276978,0.6917403915588478,25,20,20
24,4367,0.2510796745832738,2.2651271611022948e-06,0.057557895910660115,0.6913601643789055,25,20,20
24,4368,0.2569069135837703,2.2605573422136535e-06,0.05173175704347144,0.6913590688154165,25,20,20
24,4369,0.25684165570491024,2.2579578204604934e-06,0.05179771400674383,0.691358372330526,25,20,20
24,4370,0.23896323081421664,1.3247961578385338e-06,0.06992611696990433,0.6911093274197233,25,20,20
24,4371,0.23896328442578357,1.324796187186461e-06,0.06991963228318547,0.6911157584948459,25,20,20
24,4372,0.23902014094543972,1.324796192970962e-06,0.06954822422874013,0.6914303100296288,25,20,20
24,4373,0.23904943720217303,1.3256288554429197e-06,0.06951784236656262,0.6914313948024109,25,20,20
24,4374,0.23905243389899483,1.3256288637435035e-06,0.06951791495120588,0.6914283255209375,25,20,20
24,4375,0.23903745727517867,1.3256287654687801e-06,0.06951320675421276,0.6914480103418448,25,20,20
24,4376,0.23904038436291333,1.3256287603597978e-06,0.06977934491700051,0.6911789450913274,25,20,20
24,4377,0.23904045057865322,1.3256290210668726e-06,0.07004550964614772,0.6909127141461795,25,20,20
24,4378,0.23903750839810395,1.325629016963051e-06,0.06977925581259337,0.6911819101602873,25,20,20
24,4379,0.19980590093569103,1.0481777252486941e-06,0.10901191429918984,0.6911811365873934,25,20,20
24,4380,0.1999183557580229,1.0473699985572741e-06,0.10889945910415687,0.6911811377678211,25,20,20
24,4381,0.19992231753038106,1.0473700146052796e-06,0.10890413472255413,0.6911725003770498,25,20,20
24,4382,0.19991717898607841,1.0473694741396583e-06,0.10877466406456632,0.6913071095798802,25,20,20
24,4383,0.19923815780770032,1.0473673194354195e-06,0.10876985972627988,0.6919909350987001,25,20,20
24,4384,0.1992352153162367,1.0465769835082862e-06,0.10833324960814648,0.6924304884986331,25,20,20
24,4385,0.19923814207152207,1.0465769626149785e-06,0.1083331288354342,0.6924276825160809,25,20,20
24,4386,0.1996158175801443,8.399170155287544e-07,0.10795567485990432,0.6924276676429362,25,20,20
24,4387,0.19961299298551663,8.399170165912765e-07,0.10804741487573803,0.6923387522217291,25,20,20
24,4388,0.19961491914862176,8.399170783637578e-07,0.10804742183421304,0.6923368191000869,25,20,20
24,4389,0.2000730093656672,8.399192261888506e-07,0.10804568217131694,0.6918804685437903,25,20,20
24,4390,0.20009373093731966,8.400027208594326e-07,0.10802497312576899,0.691880455934191,25,20,20
24,4391,0.20140800845018006,8.635848340810867e-07,0.10671160666149794,0.6918795213034896,25,20,20
24,4392,0.2014089358625196,8.635848736358268e-07,0.10671169047099288,0.6918785100816155,25,20,20
24,4393,0.2014089382280771,8.635849048110803e-07,0.10671359622468658,0.6918766019623329,25,20,20
24,4394,0.22774520859853137,8.57710598642093e-07,0.08037748033530451,0.6918764533555667,25,20,20
24,4395,0.22773828646171665,8.577105725313029e-07,0.08037928600802385,0.6918815698196884,25,20,20
24,4396,0.2256462305350631,8.58598470576817e-07,0.08246534257533361,0.6918875682911342,25,20,20
24,4397,0.22564623207783047,8.585984709346851e-07,0.08247931481876238,0.6918735945049375,25,20,20
24,4398,0.22564917517850602,8.585984713074826e-07,0.08247271028614414,0.6918772559368798,25,20,20
24,4399,0.22564924539955528,8.585984763238496e-07,0.08273236283005772,0.691617533171912,25,20,20
24,4400,0.226312538878457,2.0718112497057158e-08,0.09506723535518496,0.6786202050482464,25,20,20
24,4401,0.22632129569643894,2.0718096684402358e-08,0.09506720113781553,0.6786114824476498,25,20,20
24,4402,0.22626252031124638,2.0718029277403916e-08,0.09506942610379687,0.6786680328669283,25,20,20
24,4403,0.2262694353151325,2.071805606532374e-08,0.09507133029406893,0.6786592136727434,25,20,20
24,4404,0.22626738646821487,2.0718354309449367e-08,0.09520082271520706,0.6785317700982249,25,20,20
24,4405,0.22650321021435704,2.0722482950505748e-08,0.09525109903659398,0.6782456700265672,25,20,20
24,4406,0.2265041421164752,2.0722515427045644e-08,0.09540973330242762,0.6780861038585826,25,20,20
24,4407,0.2260482050856018,2.0720333579507143e-08,0.10938370822252017,0.6645680659715453,25,20,20
24,4408,0.1864149635745614,2.151712852307612e-06,0.14901481861513358,0.6645680660974503,25,20,20
24,4409,0.18641226108081327,2.1517131203360114e-06,0.14901009863810794,0.6645754885679561,25,20,20
24,4410,0.18640834639569473,2.151712815578908e-06,0.14901486164915925,0.6645746402423282,25,20,20
24,4411,0.18640834779428417,2.1517128157478535e-06,0.14901494263167325,0.664574557861225,25,20,20
24,4412,0.1895618245683271,7.495957604669191e-05,0.14578806350878643,0.6645751523468378,25,20,20
24,4413,0.18956384043149327,7.495957601148815e-05,0.14578806449996468,0.6645731354925293,25,20,20
24,4414,0.17406512966221588,7.494224583933411e-05,0.16128587640197864,0.6645740516899649,25,20,20
24,4415,0.17406799316500662,7.49422460874975e-05,0.16120083883543782,0.6646562257534666,25,20,20
24,4416,0.17407416116977045,7.494224605927052e-05,0.16120070866741565,0.6646501879167535,25,20,20
24,4417,0.174067202808752,7.494224602387238e-05,0.16119638595984903,0.6646614689853737,25,20,20
24,4418,0.17406748932890248,7.494224761606996e-05,0.16120422759995187,0.6646533408235282,25,20,20
24,4419,0.17406750601516446,7.494224762534977e-05,0.16119682853535922,0.6646607232018498,25,20,20
24,4420,0.17407056095253837,7.494224762675737e-05,0.16119195576521275,0.664662541034621,25,20,20
24,4421,0.1740693489314836,7.49422463511336e-05,0.16155717606539766,0.6642985327567665,25,20,20
24,4422,0.17407210952139235,7.494224631337634e-05,0.16155060740168298,0.6643023408306101,25,20,20
24,4423,0.1725976267712304,7.495610566581093e-05,0.16302501212169454,0.6643024050014086,25,20,20
24,4424,0.17697869931698523,7.529595572319686e-05,0.15864244973035663,0.6643035549969349,25,20,20
24,4425,0.17698768620321648,7.529595572341656e-05,0.1586425311540757,0.6642944866869847,25,20,20
24,4426,0.17698461495768897,7.52959557124416e-05,0.15864740573587974,0.664292683350719,25,20,20
24,4427,0.17227700926849482,7.495611260388678e-05,0.16335649944258093,0.6642915351763206,25,20,20
24,4428,0.17227676555950777,7.495611257312245e-05,0.14938658020464007,0.6782616981232792,25,20,20
24,4429,0.16169596110168694,7.495509619863742e-05,0.1599683032393694,0.6782607805627451,25,20,20
24,4430,0.16169581984122883,7.495588410046157e-05,0.16029796127525484,0.6779312629994152,25,20,20
24,4431,0.16169284004698586,7.495588409656473e-05,0.16651612086966136,0.6717160831992552,25,20,20
24,4432,0.16168991430439614,7.495588413571408e-05,0.166516203255655,0.6717189265558124,25,20,20
24,4433,0.1616930270690954,7.495588414788108e-05,0.16635757310662805,0.6718744439401277,25,20,20
24,4434,0.16169295843236292,7.495588412630967e-05,0.16636211069108547,0.6718699749924245,25,20,20
24,4435,0.16372728431537134,7.496032378880806e-05,0.16433375371302628,0.6718640016478126,25,20,20
24,4436,0.16372122146619772,7.496032377028584e-05,0.16433378492245898,0.671870033287572,25,20,20
24,4437,0.15192768248563218,7.49603151108161e-05,0.1761273253594365,0.6718700318398194,25,20,20
24,4438,0.11859435415810353,7.589826515793024e-05,0.20944943559324428,0.6718803119834906,25,20,20
24,4439,0.1185915800523934,7.589826494569418e-05,0.20944281736927153,0.6718897043133855,25,20,20
24,4440,0.09684102132271612,7.589826455291546e-05,0.2311933759782175,0.6718897044345096,25,20,20
24,4441,0.09804232126039049,7.588791361869861e-05,0.22999214950126426,0.6718896413247226,25,20,20
24,4442,0.09803831050494344,7.588712570577912e-05,0.2296625308125163,0.6722232715568304,25,20,20
24,4443,0.09802832493623619,7.588712567450807e-05,0.22966240721515543,0.6722333807229296,25,20,20
24,4444,0.09802527617204332,7.588712540542484e-05,0.22939624431156144,0.6725025923909855,25,20,20
24,4445,0.1312760582274201,7.61429678088676e-05,0.19614531625028725,0.6725024825544798,25,20,20
24,4446,0.12780886843385642,1.2046003680885066e-06,0.19919389530374484,0.672996031662026,25,20,20
24,4447,0.1278090793522416,1.2046004084256898e-06,0.19297582468173044,0.6792138913656146,25,20,20
24,4448,0.10472519754113938,1.1992223422347582e-06,0.21605973718589716,0.6792138660506175,25,20,20
24,4449,0.10472306216609936,1.199222401836018e-06,0.21606626324788983,0.6792094753636049,25,20,20
24,4450,0.0988626551082419,2.607137194849408e-07,0.22193789183436316,0.679199192343671,25,20,20
24,4451,0.09886358264956101,2.6071374577963733e-07,0.22193319271258816,0.679202963924101,25,20,20
24,4452,0.0988636180784815,2.607137585172749e-07,0.2219396798622359,0.6791964413455196,25,20,20
24,4453,0.09885268616462804,2.607136888379492e-07,0.22193970680250819,0.6792073463191707,25,20,20
24,4454,0.09885291854632719,2.6071371458880954e-07,0.22193311067690305,0.679213710063051,25,20,20
24,4455,0.09926271686977607,2.572329215522931e-07,0.22152331662753094,0.6792137092697671,25,20,20
24,4456,0.09787241005182716,3.6453934267276593e-07,0.22291281894068607,0.67921440646814,25,20,20
24,4457,0.09787538645519976,3.6453940141117293e-07,0.22327918864007426,0.6788450603653211,25,20,20
24,4458,0.09911552806324525,2.5734717676630206e-07,0.22203982802454714,0.6788443865650273,25,20,20
24,4459,0.09912227193540522,2.5734719162525e-07,0.22204136495276944,0.6788361057646307,25,20,20
24,4460,0.09912032339026554,2.5734688411430957e-07,0.22167490821161187,0.6792045110512356,25,20,20
24,4461,0.09912248290647285,2.5734699426815254e-07,0.2217672555624057,0.6791100041841248,25,20,20
24,4462,0.09888569387356869,2.5734256853879046e-07,0.22159413013269816,0.6795199186511626,25,20,20
24,4463,0.09888576190259324,2.573425871600237e-07,0.22159408993248186,0.6795198908223368,25,20,20
24,4464,0.09888595252124004,2.573425799449419e-07,0.2216816491032015,0.6794321410329777,25,20,20
24,4465,0.09888593714281654,2.573425800573446e-07,0.22167944946521384,0.6794343560493887,25,20,20
24,4466,0.09887903384423799,2.5734253821563574e-07,0.22167796330773196,0.679442745505491,25,20,20
24,4467,0.09251615893246697,2.5887854091456704e-07,0.22804083677442788,0.6794427454145641,25,20,20
24,4468,0.09251829525697794,2.588784976449654e-07,0.22804075701267212,0.6794406888518526,25,20,20
24,4469,0.09217699572239597,2.593460487721698e-07,0.22838205791129085,0.6794406870202626,25,20,20
24,4470,0.09218020849224393,2.593460862012326e-07,0.22838208955599762,0.6794374426056704,25,20,20
24,4471,0.09218224317609923,2.5934608723475216e-07,0.22838217082347703,0.679435326654335,25,20,20
24,4472,0.09218539711254953,2.5934632737945167e-07,0.22864837585092168,0.6791659676901993,25,20,20
24,4473,0.09218923035185422,2.5934621714152665e-07,0.22856061475343037,0.6792498955484967,25,20,20
24,4474,0.09220412638223131,2.593472683030408e-07,0.2285606762024673,0.679234938068031,25,20,20
24,4475,0.09220714116895687,2.5934726872237674e-07,0.2285605939127076,0.6792320055710639,25,20,20
24,4476,0.0922738704354649,2.593496962095519e-07,0.22830346047491978,0.679422409739917,25,20,20
24,4477,0.0922876433780454,2.578142717256512e-07,0.22828968911034397,0.6794224096973364,25,20,20
24,4478,0.0922914302288057,2.578143980455965e-07,0.2282040401991084,0.6795042717576854,25,20,20
24,4479,0.09229237799607702,2.5781444069815893e-07,0.22819740006626948,0.6795099641232102,25,20,20
24,4480,0.09232726989782297,1.0124977267565976e-06,0.22815816153894608,0.6795135560655021,25,20,20
24,4481,0.10019805230425867,1.0280069260290425e-06,0.2202871608310793,0.6795137588577331,25,20,20
24,4482,0.13226064228969295,1.495169704937606e-06,0.18822297138844285,0.6795148911521584,25,20,20
24,4483,0.13186363392353245,1.4961669900867312e-06,0.18861996929970626,0.679514900609767,25,20,20
24,4484,0.13186787856645477,1.4961670400546165e-06,0.18861539024338128,0.6795152350231197,25,20,20
24,4485,0.13187173309954456,1.4961670923055883e-06,0.18861547453249514,0.6795112962008644,25,20,20
24,4486,0.13187467481682047,1.4961670800991433e-06,0.18861551468831653,0.6795083143277795,25,20,20
24,4487,0.13187462245545722,1.4961670810659389e-06,0.18860902540374777,0.6795148559737106,25,20,20
24,4488,0.13187668764892094,1.4961670757473444e-06,0.1886090222707904,0.6795127939132101,25,20,20
24,4489,0.131873480576753,1.4961668473399663e-06,0.18834748382402627,0.6797775394323707,25,20,20
24,4490,0.1318724434590618,1.4961668994877235e-06,0.18834751987680715,0.679778540497229,25,20,20
24,4491,0.13180559007760428,1.496164462371098e-06,0.1883383977330456,0.6798545160248851,25,20,20
24,4492,0.13180864174233034,1.49616444899894e-06,0.18834310127272386,0.6798467608204942,25,20,20
24,4493,0.13180659459484878,1.4961644523258834e-06,0.1879702141649793,0.680221695075717,25,20,20
24,4494,0.13195007516607274,1.496017988800971e-06,0.18782675726350892,0.6802216715524267,25,20,20
24,4495,0.13195314793724408,1.4960179933274474e-06,0.18783324645788635,0.6802121095868734,25,20,20
24,4496,0.1319491856490845,1.4960178793022634e-06,0.18782666096163772,0.6802226573713961,25,20,20
24,4497,0.13194609625702755,1.4960178644547578e-06,0.18782017034093715,0.6802322373841685,25,20,20
24,4498,0.13194317158296823,1.4960179133453152e-06,0.18782026143561897,0.6802350709634968,25,20,20
24,4499,0.13195225408548644,1.4960189259444325e-06,0.18782031927764822,0.6802259306179367,25,20,20
24,4500,0.13195617869322043,1.4960189153965737e-06,0.18781383342513971,0.6802284918627217,25,20,20
24,4501,0.13195822577516084,1.4960188722436274e-06,0.18781844699423003,0.680221831211734,25,20,20
24,4502,0.1307186358623163,1.4948419049676238e-06,0.1890580431911329,0.680221826104644,25,20,20
24,4503,0.13071841930705586,1.4948418938281946e-06,0.18905789958319663,0.680222186267852,25,20,20
24,4504,0.1307104070529458,1.4948407885625046e-06,0.1890624223596822,0.6802256757465817,25,20,20
24,4505,0.13071345622916478,1.4948407883755386e-06,0.1890623418700715,0.6802227070599736,25,20,20
24,4506,0.13062203496546684,1.4948395394502313e-06,0.18915376344714155,0.6802227067478508,25,20,20
24,4507,0.13082267361261285,7.46037607906624e-07,0.18895497768055494,0.6802216026692233,25,20,20
24,4508,0.13081450629467992,7.460375232993831e-07,0.18895493347804654,0.680229814189749,25,20,20
24,4509,0.1308114580768333,7.460377657204424e-07,0.1889525855441034,0.6802352103412963,25,20,20
24,4510,0.13080856674225605,7.46037775390086e-07,0.18895262835486296,0.6802380588651041,25,20,20
24,4511,0.1308156076387084,7.460376039335492e-07,0.1893232126186157,0.6798604337050684,25,20,20
24,4512,0.12828529331689467,8.463043980537734e-07,0.19185174837266036,0.679862112006044,25,20,20
24,4513,0.12827316326243615,8.463033080172619e-07,0.19194598999341114,0.679780000440842,25,20,20
24,4514,0.12827837373158754,8.463035530052305e-07,0.19231921451473957,0.6794015654501174,25,20,20
24,4515,0.1282753064619139,8.463035575477864e-07,0.1924067761987547,0.6793170710357718,25,20,20
24,4516,0.128268333519861,8.463035002495056e-07,0.19203387895108487,0.6796969412255517,25,20,20
24,4517,0.12050827979106782,8.30783604987775e-07,0.19979415106474693,0.6796967383605782,25,20,20
24,4518,0.12294656440642747,3.697101576062314e-07,0.1973563535874735,0.6796967122959395,25,20,20
24,4519,0.12421758371714027,3.637466168077702e-07,0.18326168294519227,0.6925203695910482,25,20,20
24,4520,0.12422642920080491,3.6374877637786036e-07,0.18325283330857445,0.6925203737418419,25,20,20
24,4521,0.12422436035717829,3.6374882033443854e-07,0.18325294891434463,0.6925223269796544,25,20,20
24,4522,0.12422637603895037,3.6374878560650963e-07,0.18325294604638642,0.6925203141658755,25,20,20
24,4523,0.12594003176940013,3.6373572850884463e-07,0.1815392905345535,0.6925203139603144,25,20,20
24,4524,0.12593705036165395,3.637359912432158e-07,0.18144981501492524,0.6926127708874265,25,20,20
24,4525,0.1259370506391834,3.637359915543796e-07,0.18144993068314058,0.6926126549416814,25,20,20
24,4526,0.12422337712383424,3.637339941373046e-07,0.1831636082344203,0.6926126509077484,25,20,20
24,4527,0.125289809550664,3.645152420554199e-07,0.15049459043705476,0.7242152354970379,25,20,20
24,4528,0.12528978911162966,3.6451519729565593e-07,0.15049458703531574,0.7242152593378564,25,20,20
24,4529,0.12528980469767134,3.6451520597725e-07,0.15040231936121984,0.724307511425902,25,20,20
24,4530,0.12414610518257689,4.924353648667672e-08,0.1515476622170517,0.724306183356833,25,20,20
24,4531,0.12414616493624785,4.924375445994468e-08,0.15155436086454852,0.7242994249554475,25,20,20
24,4532,0.12414611240511367,4.9243763261373385e-08,0.15155898010739094,0.7242948582437304,25,20,20
24,4533,0.12294893972388131,4.8460352645691024e-08,0.14474299302838062,0.7323080187873837,25,20,20
24,4534,0.12294606383594403,4.846036140131969e-08,0.14474287991058027,0.7323110077931125,25,20,20
24,4535,0.1214369556191922,4.806805099529915e-08,0.11909692345812158,0.7594660728546363,25,20,20
24,4536,0.12143781438135232,4.806806774224904e-08,0.11909692560426692,0.7594652119463141,25,20,20
24,4537,0.12143480197589394,4.8068049617195656e-08,0.119096900309296,0.7594682496467614,25,20,20
24,4538,0.12143571433537356,4.806807506022311e-08,0.1190968410754822,0.75946739652107,25,20,20
24,4539,0.12150159046899162,4.807023058950681e-08,0.11909710478117351,0.7594012566796051,25,20,20
24,4540,0.12150528692475315,4.807022357721496e-08,0.11910180407642133,0.7593928609286031,25,20,20
24,4541,0.12152418724179662,4.807037453334222e-08,0.11910181759237759,0.7593739470954529,25,20,20
24,4542,0.12152414601909285,4.807013012857496e-08,0.11909511493583218,0.7593806909749463,25,20,20
24,4543,0.1215232514125477,4.80839606539632e-08,0.11936237288022056,0.7591143276232725,25,20,20
24,4544,0.12152414602694957,4.8070129662350884e-08,0.1190951155804138,0.7593806903225083,25,20,20
24,4545,0.12154797094963656,4.8070204755876994e-08,0.11907129066252634,0.7593806903176338,25,20,20
24,4546,0.12154797037264004,4.807018586911256e-08,0.11907124721762394,0.7593807343395511,25,20,20
24,4547,0.144179017978511,4.853412630308223e-08,0.09644019913539914,0.7593807343519647,25,20,20
24,4548,0.1441820683486402,4.853410847477448e-08,0.09644015999850204,0.7593777231187501,25,20,20
24,4549,0.14418233748796327,4.8534156380697476e-08,0.09619668043074096,0.75962093354714,25,20,20
24,4550,0.14418233864100735,4.8534156943878446e-08,0.09619675427198503,0.7596208585528514,25,20,20
24,4551,0.14417836514219348,4.8534113807678304e-08,0.09619667107218166,0.7596249152515111,25,20,20
24,4552,0.1441784060873527,4.853409972645085e-08,0.0962844049997549,0.7595371403787926,25,20,20
24,4553,0.14418238148462056,4.8534129786071914e-08,0.09637196864986412,0.7594456013313856,25,20,20
24,4554,0.1441732644012585,4.853385862529163e-08,0.09600333330158495,0.7598233537632985,25,20,20
24,4555,0.14418346765985945,4.853395001809381e-08,0.09600378614372061,0.7598126976624703,25,20,20
24,4556,0.1441804184833467,4.8533981532049605e-08,0.0960084962419511,0.7598110367407207,25,20,20
24,4557,0.14425300886519976,4.853388707504184e-08,0.09593590586129228,0.7598110367396209,25,20,20
24,4558,0.14425618387205708,4.853495709723156e-08,0.09602845800670953,0.7597153095862761,25,20,20
24,4559,0.14528335492081937,4.7924014870246213e-08,0.09549543233750361,0.759221164817663,25,20,20
24,4560,0.14528604738862566,4.792397473711407e-08,0.09536592751855016,0.7593479771688494,25,20,20
24,4561,0.14528597921492317,4.7923965471817176e-08,0.09549530523687935,0.7592186676242326,25,20,20
24,4562,0.14529295105977785,4.792400933503639e-08,0.0954953888244216,0.7592116121917916,25,20,20
24,4563,0.15060880602376378,4.734728864950957e-08,0.09018016082633715,0.7592109858026116,25,20,20
24,4564,0.15061570935628205,4.73473241910186e-08,0.09018024487949347,0.7592039984169016,25,20,20
24,4565,0.15061249849301878,4.7346241412743875e-08,0.0900876505477371,0.7592998036130038,25,20,20
24,4566,0.15061547943040593,4.734625002115704e-08,0.09008758060492551,0.7592968926184197,25,20,20
24,4567,0.1894071962141117,4.782190626332817e-08,0.05129494486767508,0.7592978110963087,25,20,20
24,4568,0.18940731989465548,4.7821897958788357e-08,0.05129503144902366,0.7592976008344248,25,20,20
24,4569,0.18938836715644186,4.782198744253251e-08,0.051301606393103,0.7593099786284689,25,20,20
24,4570,0.189390380694815,4.78219522373245e-08,0.05130157067603177,0.7593080008072022,25,20,20
24,4571,0.18939735234040428,4.7821751466583665e-08,0.05156111615838571,0.7590414836794597,25,20,20
24,4572,0.1893891649876793,4.782162517071911e-08,0.05156058079221957,0.7590502063984769,25,20,20
24,4573,0.18938222591796122,4.7821587487861e-08,0.05147059543475729,0.7591471308256945,25,20,20
24,4574,0.14947733270203645,2.2103665919312645e-06,0.09137332583598543,0.759147131095385,25,20,20
24,4575,0.14947728030978102,2.2103663337637347e-06,0.09174149071164113,0.7587790186122432,25,20,20
24,4576,0.1494772577049708,2.210366320628983e-06,0.09164913863236059,0.7588713932963472,25,20,20
24,4577,0.14950952700977463,5.116006162538038e-08,0.09156836972157141,0.7589220521085916,25,20,20
24,4578,0.15014146065753042,5.0694199368113714e-08,0.09093643650739423,0.7589220521408753,25,20,20
24,4579,0.15014756036118806,5.0694519510130894e-08,0.09094119576147644,0.7589111931828151,25,20,20
24,4580,0.15015054246979342,5.069474487831453e-08,0.09120275678695798,0.7586466500485036,25,20,20
24,4581,0.1501485827880448,5.0694772349277204e-08,0.09120045433132454,0.7586509121858588,25,20,20
24,4582,0.1214411949691487,3.495878445492398e-08,0.11990810618017703,0.758650663891889,25,20,20
24,4583,0.12024714209059456,9.342436388744537e-09,0.12110230731410374,0.7586505412528634,25,20,20
24,4584,0.131504393368544,9.717668664686007e-09,0.1098450534292469,0.7586505434845408,25,20,20
24,4585,0.13140236843606393,7.218588242510558e-05,0.10992545347558386,0.758599992205928,25,20,20
24,4586,0.13147607865598945,7.218588462361782e-05,0.10980080247396193,0.7586509329854257,25,20,20
24,4587,0.13141221844621842,7.218588244228214e-05,0.1098006483386465,0.7587149473326942,25,20,20
24,4588,0.1314122720119497,7.218588247294143e-05,0.10951992635600098,0.7589956157495777,25,20,20
24,4589,0.12375679150896442,7.218552126568872e-05,0.11717528660988391,0.7589957363598873,25,20,20
24,4590,0.12382658209620095,7.21855239092654e-05,0.11716912494469062,0.7589321074352005,25,20,20
24,4591,0.12381754244644226,7.21855235946433e-05,0.11716444467001344,0.7589458273599509,25,20,20
24,4592,0.12374689694494931,7.218552139167803e-05,0.11716436271364154,0.7590165548200186,25,20,20
24,4593,0.12367617748549888,7.218551871706527e-05,0.11716403139014789,0.7590876056056374,25,20,20
24,4594,0.12367767502099261,7.218553273254533e-05,0.11741605040881421,0.7588340890374616,25,20,20
24,4595,0.1236737155494763,7.218553270206123e-05,0.1171498046025345,0.7591042943152879,25,20,20
24,4596,0.1236667595872427,7.21855326491432e-05,0.11715645303171023,0.7591046018483985,25,20,20
24,4597,0.12366285172994679,7.218553264995767e-05,0.11715645420608269,0.7591085085313213,25,20,20
24,4598,0.12366979060294322,7.218553269685931e-05,0.11716078222339274,0.7590972416409677,25,20,20
24,4599,0.12367669266434227,7.218553271012477e-05,0.11715607837222468,0.7590950434307243,25,20,20
24,4600,0.1236767286886246,7.218553271859768e-05,0.11714934581462973,0.7591017399640285,25,20,20
24,4601,0.11143442445378925,7.246840889909724e-05,0.12939133161017258,0.7591017755271398,25,20,20
24,4602,0.11166674262286454,7.246841304315229e-05,0.12939375455559776,0.7588670344084951,25,20,20
24,4603,0.12381518107936623,7.218553760940808e-05,0.11724563422338552,0.7588669991596396,25,20,20
24,4604,0.12381218795815775,7.218553762286753e-05,0.1172409462369637,0.7588746802672565,25,20,20
24,4605,0.12380533664548585,7.218553759238382e-05,0.11723442490291927,0.7588880529140033,25,20,20
24,4606,0.12380521387528139,7.218553760098496e-05,0.11723430726499498,0.7588882933221234,25,20,20
24,4607,0.12380517562529947,7.218553758717928e-05,0.11723437778471744,0.7588882610523966,25,20,20
24,4608,0.12380824223497226,7.218553782328016e-05,0.11723921135426998,0.7588803608729351,25,20,20
24,4609,0.12380917048800112,7.218553785368225e-05,0.11724570423346417,0.7588729397406817,25,20,20
24,4610,0.16001809795198585,7.218558464694518e-05,0.08103690261067435,0.7588728138526936,25,20,20
24,4611,0.16013093674434145,7.21857072917494e-05,0.0809240628010195,0.758872814747348,25,20,20
24,4612,0.18810886570280355,6.208392751549659e-09,0.0530184091817024,0.7588727189071015,25,20,20
24,4613,0.18810888341913543,6.208401855055704e-09,0.05301843689760051,0.7588726734748623,25,20,20
24,4614,0.18810687344276084,6.208428332221237e-09,0.05301852155645559,0.7588745987923555,25,20,20
24,4615,0.1881090113091333,6.208390241016469e-09,0.0530166164580267,0.75887436602445,25,20,20
24,4616,0.18810904290462685,6.2269623204158834e-09,0.05328434985553417,0.7586066010128768,25,20,20
24,4617,0.1881091186792338,6.226946524735234e-09,0.05329095087071809,0.7585999242231019,25,20,20
24,4618,0.18810904922401164,6.2269151513626605e-09,0.053286327477449456,0.7586046170716237,25,20,20
24,4619,0.18810612337817031,6.22693329600743e-09,0.053286250330624056,0.7586076200642724,25,20,20
24,4620,0.18717857769681348,3.0982443730053603e-07,0.05413192082382166,0.7586891916549274,25,20,20
24,4621,0.18717862836425692,3.098244282311802e-07,0.054131916643659544,0.7586891451676548,25,20,20
24,4622,0.188998298302301,3.102473504059181e-07,0.05231224599203314,0.7586891454583173,25,20,20
24,4623,0.18960020659834867,1.1404547991870781e-09,0.05179269794553864,0.7586070943156596,25,20,20
24,4624,0.18960712676385458,1.140506504440043e-09,0.05179430654241163,0.758598565553229,25,20,20
24,4625,0.1896070937232043,1.1219336894037252e-09,0.05153127189016213,0.7588616332647016,25,20,20
24,4626,0.1896001264317866,1.122126914210881e-09,0.05153797136333197,0.7588619010827558,25,20,20
24,4627,0.18960008337766443,1.1221094243805004e-09,0.05180249295582309,0.7585974225444043,25,20,20
24,4628,0.1907966226244476,6.498852007112744e-10,0.05060687264895682,0.7585965040767114,25,20,20
24,4629,0.1907976302922231,6.497087305167811e-10,0.05060025543180893,0.7586021136262603,25,20,20
24,4630,0.18797073620959917,1.3122020215009236e-06,0.053425732941827085,0.7586022186465534,25,20,20
24,4631,0.18797294958017413,1.3122020605751156e-06,0.053793986317474334,0.758231751900292,25,20,20
24,4632,0.18797211182288215,1.3122036944195593e-06,0.05379398239368622,0.7582325935797383,25,20,20
24,4633,0.1879751622555176,1.3122037125620716e-06,0.053798453014636094,0.758225072526135,25,20,20
24,4634,0.1879729523711134,1.3122020788715878e-06,0.05379837647512966,0.7582273589516793,25,20,20
24,4635,0.18796781094885462,1.3122022937548566e-06,0.05342778384447632,0.7586030930043763,25,20,20
24,4636,0.18688068851775672,1.3144689909547192e-06,0.05451489885932447,0.7586030981539293,25,20,20
24,4637,0.18687769283042205,1.3144689991146916e-06,0.05451481670935997,0.7586061759912198,25,20,20
24,4638,0.18688159961258435,1.314469016246193e-06,0.05451023291996189,0.7586068529984386,25,20,20
24,4639,0.18687660423776353,1.3144691465800962e-06,0.05451486785764507,0.7586072134354458,25,20,20
24,4640,0.18687357174875543,1.3144689376724043e-06,0.05451474021927287,0.7586103735630352,25,20,20
24,4641,0.18686660676074116,1.3144688864623289e-06,0.05424864323391451,0.7588834355364589,25,20,20
24,4642,0.18686368792289815,1.3143457639889486e-06,0.054251563489169236,0.7588834342421695,25,20,20
24,4643,0.18686661496653365,1.314345990940864e-06,0.054253298216508886,0.7588787724709674,25,20,20
24,4644,0.17348706506001974,1.314345503327865e-06,0.06763284734440393,0.7588787732500737,25,20,20
24,4645,0.17348700892092073,1.3143454996261283e-06,0.06736831094663034,0.7591433657869505,25,20,20
24,4646,0.17349086425211788,1.3143455601796988e-06,0.06736361497829606,0.7591442064240269,25,20,20
24,4647,0.1734879021050096,1.3143455528070703e-06,0.06736586790954557,0.7591449156398931,25,20,20
24,4648,0.17307536797459985,1.514121853939067e-05,0.06763140258349966,0.7592780882233617,25,20,20
24,4649,0.17307532815299503,1.5141218537406065e-05,0.06762483921183027,0.7592846914166378,25,20,20
24,4650,0.17307930465015015,1.5141218349702552e-05,0.06762538496364245,0.7592801691678582,25,20,20
24,4651,0.17307850922254997,1.5141218346283096e-05,0.06763190430128616,0.759274445257818,25,20,20
24,4652,0.1732622194650145,1.5141220787226365e-05,0.06763604353708995,0.759086595777108,25,20,20
24,4653,0.1732654458006132,1.5141220796784413e-05,0.06763612641489868,0.759083286563691,25,20,20
24,4654,0.17326758578323073,1.5141222367804567e-05,0.06763149620062105,0.7590857767937803,25,20,20
24,4655,0.18731729619204457,1.3145155219342883e-06,0.053728230451487245,0.7589531588409463,25,20,20
24,4656,0.18731930766709812,1.314515477059276e-06,0.05372582479672322,0.7589535530207014,25,20,20
24,4657,0.18732233957667066,1.314515530005251e-06,0.05372579078296327,0.7589505551248359,25,20,20
24,4658,0.1989027364719741,1.3150641427425424e-06,0.04214539558328677,0.7589505528805964,25,20,20
24,4659,0.19889880678087793,1.315064144274499e-06,0.042148184040986775,0.7589516941139908,25,20,20
24,4660,0.19890173007899942,1.3150641265299633e-06,0.04215467403141258,0.7589422808254613,25,20,20
24,4661,0.19890150148898272,1.315064108684754e-06,0.04215469944170296,0.7589424840052057,25,20,20
24,4662,0.19871779126748962,1.315061668036572e-06,0.042155156061140515,0.7591257376097018,25,20,20
24,4663,0.19871477846492824,1.3150616232532422e-06,0.042155152914644625,0.7591287535588038,25,20,20
24,4664,0.19680495075271082,1.3556902195714692e-06,0.04406482666848462,0.7591288668885849,25,20,20
24,4665,0.1832688952017693,1.385603657464786e-06,0.05751110298207527,0.7592186162124978,25,20,20
24,4666,0.1832302742088693,1.3850572643075954e-06,0.05754973251854003,0.7592186082153262,25,20,20
24,4667,0.1832273483984686,1.3850570464332192e-06,0.057548110312902266,0.7592231562315825,25,20,20
24,4668,0.1832251792896961,1.385055484666587e-06,0.057550312602316814,0.7592231230525023,25,20,20
24,4669,0.18322237536805924,1.3850674042491863e-06,0.06379284981842803,0.7529833897461086,25,20,20
24,4670,0.183222322462488,1.385067141927691e-06,0.06416392571919403,0.7526123667511762,25,20,20
24,4671,0.18322229881584218,1.3850676502960495e-06,0.06429617526242669,0.7524801408540811,25,20,20
24,4672,0.18322443752978956,1.3850679409273338e-06,0.06430012740257561,0.7524740499996941,25,20,20
24,4673,0.18322447513068998,1.3850679492238337e-06,0.06392669255236197,0.7528474472489991,25,20,20
24,4674,0.18322957088243735,1.3850680045165866e-06,0.063920212850575,0.7528488311989834,25,20,20
24,4675,0.1832325827495141,1.385068043694017e-06,0.06392681599720391,0.7528392161852385,25,20,20
24,4676,0.1833530190577318,1.385069704454411e-06,0.06379483809557986,0.7528507577769841,25,20,20
24,4677,0.1833529621642359,1.3850696593434058e-06,0.06379264306294417,0.7528530097031607,25,20,20
24,4678,0.18334989664895598,1.3850696158451465e-06,0.0637926424149623,0.752856075866466,25,20,20
24,4679,0.18334991311354076,1.385069617408007e-06,0.06379332978908767,0.7528553720277543,25,20,20
24,4680,0.1833498602547372,1.3850696354794191e-06,0.0641663003144938,0.7524824543611337,25,20,20
24,4681,0.1833507909743464,1.3850699209571369e-06,0.06429350763179947,0.7523543163239331,25,20,20
24,4682,0.1833509135718762,1.3850699345009358e-06,0.06428690582742913,0.7523607955307603,25,20,20
24,4683,0.18334893613392697,1.3850697691156153e-06,0.06428377812771756,0.7523659006685866,25,20,20
24,4684,0.18310984751256523,1.3850656488179657e-06,0.0642829840437837,0.7526057833780024,25,20,20
24,4685,0.18311268893846375,1.385053733207783e-06,0.05804234074962107,0.7588435852581816,25,20,20
24,4686,0.18311946901066592,1.3850537454949706e-06,0.05803576679861276,0.7588433791369756,25,20,20
24,4687,0.18311952106213947,1.3850537616405468e-06,0.058034995116190015,0.7588440987679087,25,20,20
24,4688,0.18311945019230155,1.385053752416987e-06,0.058034994978708315,0.7588441697752376,25,20,20
24,4689,0.18311851934536832,1.3850534645961605e-06,0.0579055090052622,0.7589745865959047,25,20,20
24,4690,0.1831185055764336,1.3850534384910995e-06,0.057905509972857254,0.7589745993972704,25,20,20
24,4691,0.183118536876436,1.3850534518879096e-06,0.05790361509472186,0.75897646297539,25,20,20
24,4692,0.18312337133085926,1.3850532447962007e-06,0.05790436849591338,0.7589708751199824,25,20,20
24,4693,0.18312435722986983,1.3850532870980396e-06,0.058168998223201186,0.7587052594936416,25,20,20
24,4694,0.18146793474242937,1.3528115874826593e-06,0.05991520811594784,0.758615504330035,25,20,20
24,4695,0.18186323768531978,1.3531112032541453e-06,0.05951989937719701,0.7586155098262798,25,20,20
24,4696,0.1818641662152163,1.3531112295389135e-06,0.05952001465148762,0.7586144660220664,25,20,20
24,4697,0.18186409900025846,1.3531112158634236e-06,0.05951550253047233,0.7586190453580531,25,20,20
24,4698,0.18284684150226063,4.1142647784482605e-08,0.058534177605241676,0.7586189397498516,25,20,20
24,4699,0.1828468543453425,4.114267390216492e-08,0.05853414726194568,0.7586189572500396,25,20,20
24,4700,0.18284386355155952,4.114262424664978e-08,0.058536055390380703,0.758620039915437,25,20,20
24,4701,0.1828466803022861,4.11428108168324e-08,0.05854197900061019,0.7586112995542945,25,20,20
24,4702,0.18284962511670355,4.114281073706436e-08,0.058543517227567426,0.7586068165129197,25,20,20
24,4703,0.18286451514969343,4.114290804632248e-08,0.05845136570624953,0.7586840780011503,25,20,20
24,4704,0.18286053677449185,4.11428330294176e-08,0.058446742724862825,0.7586926793578138,25,20,20
24,4705,0.18286053620610165,4.1142811181789784e-08,0.058444463639447726,0.7586949590116407,25,20,20
24,4706,0.17684569700778296,4.09924252520194e-08,0.06445928930722947,0.7586949726925641,25,20,20
24,4707,0.18281338709765513,4.083876989440248e-08,0.05849161993565294,0.7586949521279233,25,20,20
24,4708,0.18280982421331265,4.0824824374107474e-08,0.05824430632825383,0.7589458286336104,25,20,20
24,4709,0.1820250799418518,4.081756094777707e-08,0.05902905049131629,0.7589458287492724,25,20,20
24,4710,0.21017500606863782,2.5491225539455423e-06,0.030876609082572216,0.7589458357262363,25,20,20
24,4711,0.2101720276202811,2.5491225462086557e-06,0.030883130089335995,0.7589422931678369,25,20,20
24,4712,0.22044353967569516,5.3886251509969164e-08,0.02061405326818325,0.7589423531698699,25,20,20
24,4713,0.22043658438174288,5.388620803132313e-08,0.020614102701706837,0.7589492590303419,25,20,20
24,4714,0.22043274848157704,5.3886192158601174e-08,0.020620741617618395,0.7589464560146121,25,20,20
24,4715,0.21820289339778928,5.395198043605285e-08,0.02282591551800124,0.7589711371322291,25,20,20
24,4716,0.2112403924084791,2.5424416295289536e-08,0.02978850028079294,0.7589710818863117,25,20,20
24,4717,0.20507563547974922,2.387174567246332e-08,0.03588858484186078,0.7590357558066443,25,20,20
24,4718,0.2050756201669678,2.3871728170948004e-08,0.03551573111911462,0.7594086248421895,25,20,20
24,4719,0.20495515699960404,2.3869567681808873e-08,0.03552011874752095,0.7595247003833073,25,20,20
24,4720,0.20495810010713972,2.386956751871133e-08,0.03552019862164352,0.759521677401649,25,20,20
24,4721,0.20495807797109844,2.3869321926676702e-08,0.03551256153187883,0.7595293366277006,25,20,20
24,4722,0.20495709109421387,2.3869279593192906e-08,0.035246499325999395,0.759796385710507,25,20,20
24,4723,0.20495714127045178,2.3869298659076766e-08,0.03524650618365935,0.75979632867659,25,20,20
24,4724,0.20496904984520387,2.386942233556456e-08,0.035253006910522584,0.7597779193748504,25,20,20
24,4725,0.204955074215402,2.4657337202966086e-08,0.035576175382699866,0.7594687257445599,25,20,20
24,4726,0.20495891112730147,2.4657344018849386e-08,0.03556961806670502,0.7594714461486484,25,20,20
24,4727,0.20495804940640075,2.3869327516232765e-08,0.03524644462077014,0.7597954821035006,25,20,20
24,4728,0.20495806388541435,2.386933312092227e-08,0.035246331296480256,0.7597955809487711,25,20,20
24,4729,0.2049501167485067,2.386924014648128e-08,0.03561915406350999,0.7594307053187422,25,20,20
24,4730,0.20494610001443692,2.3869218595054595e-08,0.035246314622815064,0.7598075614935285,25,20,20
24,4731,0.21241616745689004,1.2477867658937373e-08,0.027840990472552066,0.7597428295926894,25,20,20
24,4732,0.2122930061266256,1.2466526559663265e-08,0.027964142472885888,0.7597428389339609,25,20,20
24,4733,0.21229319947846664,1.2466730324610906e-08,0.036134109420800295,0.7515726786340017,25,20,20
24,4734,0.2122932007055805,1.2466726415018348e-08,0.036127619895771804,0.7515791669319204,25,20,20
24,4735,0.21460399952801854,1.6526592890470036e-08,0.03384147938771573,0.7515545045576719,25,20,20
24,4736,0.21460730242706688,1.652826663586613e-08,0.03383817605613556,0.75155450498853,25,20,20
24,4737,0.21460723255522168,1.6528257332929447e-08,0.03383821623913208,0.751554534677388,25,20,20
24,4738,0.21427250837430262,1.784973874261458e-08,0.03417209666603623,0.7515553771099215,25,20,20
24,4739,0.21449264114158634,1.7683566733714612e-08,0.033952519477934,0.7515548216969121,25,20,20
24,4740,0.2145077291312517,1.7698534899660896e-08,0.03396479695585533,0.7515274562143575,25,20,20
24,4741,0.2145078573706739,1.769853590185241e-08,0.033964883759348474,0.7515272411714408,25,20,20
24,4742,0.2145077165491499,1.769832362319297e-08,0.025790217951244504,0.7597020478012811,25,20,20
24,4743,0.21495865031150277,1.770044484877132e-08,0.025791976104873177,0.759249355883179,25,20,20
24,4744,0.2149647094839562,1.770043610413525e-08,0.025787390192720572,0.759247882622887,25,20,20
24,4745,0.21496868688427537,1.77004711348212e-08,0.0257873113087412,0.7592439841065121,25,20,20
24,4746,0.21496767550779972,1.7700402291229954e-08,0.025787339730452663,0.7592449670613456,25,20,20
24,4747,0.21496751212869658,1.7700388914027127e-08,0.025787452533813853,0.7592450176371011,25,20,20
24,4748,0.21466309447078424,1.3635243438527081e-08,0.026091890490327774,0.7592450014036448,25,20,20
24,4749,0.21468199556483977,1.3635402753038887e-08,0.02609190170816947,0.7592260890915884,25,20,20
24,4750,0.2146859751865541,1.3635419170633168e-08,0.026091835978122466,0.7592221751999049,25,20,20
24,4751,0.21475284362868696,1.3637862495466427e-08,0.026093758239998446,0.7591533844934524,25,20,20
24,4752,0.214755823010035,1.3637870258996293e-08,0.026087185260911427,0.7591569780911835,25,20,20
24,4753,0.21475583901228665,1.3637870909158446e-08,0.026460102431544105,0.758784044918299,25,20,20
24,4754,0.2147497792251061,1.3637861560613838e-08,0.02646468705405932,0.7587855200829735,25,20,20
24,4755,0.2147437879551738,1.3637861565024863e-08,0.026464689065179906,0.7587915093417853,25,20,20
24,4756,0.22361499376228033,1.5406239482630855e-09,0.017593536955128254,0.7587914677419682,25,20,20
24,4757,0.22361798979707165,1.5406406182886475e-09,0.017220428966669622,0.7591615796956187,25,20,20
24,4758,0.22361806049782587,1.540590892921589e-09,0.01758873299271557,0.7587932049688682,25,20,20
24,4759,0.22361806049438449,1.5405910489481128e-09,0.017593277564969242,0.7587886604000558,25,20,20
24,4760,0.2236181284445002,1.5406106052733996e-09,0.0175979388330188,0.7587839311818709,25,20,20
24,4761,0.22362014226677832,1.5405755731984642e-09,0.017597933226013468,0.7587819229666332,25,20,20
24,4762,0.223086689186683,1.544761891523345e-09,0.018131402161374183,0.7587819071071814,25,20,20
24,4763,0.2230876538773635,1.5448052176644133e-09,0.018131323713307345,0.7587810208645241,25,20,20
24,4764,0.22309371327892458,1.544874049971479e-09,0.017758437640571834,0.75914784753563,25,20,20
24,4765,0.22263563321374735,1.5427505470938314e-09,0.017756560573451693,0.7596078046700506,25,20,20
24,4766,0.22256881693928407,1.5402986236885958e-09,0.017754676717208432,0.7596765048032091,25,20,20
24,4767,0.2225688160222052,1.5402985229274767e-09,0.017754647676268484,0.7596765347612283,25,20,20
24,4768,0.222569141891982,1.5403238192213345e-09,0.05306431140295901,0.7243665451647362,25,20,20
24,4769,0.22255496471994726,1.525363611620186e-09,0.05305195047259208,0.724393083282098,25,20,20
24,4770,0.22254804317734073,1.5253315366095426e-09,0.053047443385360236,0.7244045119119684,25,20,20
24,4771,0.22254806449856446,1.5253348654230777e-09,0.05304732702007032,0.7244046069560313,25,20,20
24,4772,0.2225471191089836,1.5393524467668147e-09,0.053421604765918465,0.7240312745857461,25,20,20
24,4773,0.22254413767450024,1.5393701220280322e-09,0.05342168545526331,0.7240341753308672,25,20,20
24,4774,0.22254322534968807,1.539344149143065e-09,0.053421836926493854,0.7240349361844747,25,20,20
24,4775,0.22253619942461886,1.5395437066798908e-09,0.05368840513070133,0.7237753939051369,25,20,20
24,4776,0.22253614497479624,1.5395554156504412e-09,0.05369489380963755,0.7237689596760116,25,20,20
24,4777,0.21661323132128185,1.5653583380458626e-09,0.05961780711350961,0.7237689599998525,25,20,20
24,4778,0.21661690576207365,0.00011126344375400245,0.033942616671771314,0.7493292141224014,25,20,20
24,4779,0.21650259920611614,0.0001112633385278878,0.03405694179469217,0.7493291956606641,25,20,20
24,4780,0.21650258230809719,0.00011126333876214297,0.034430480203551904,0.7489556741495891,25,20,20
24,4781,0.2165016194278187,0.00011126335263828902,0.0347188723206028,0.7486682448989406,25,20,20
24,4782,0.21650163704645484,0.00011126335264877629,0.03472357435495208,0.7486635252459449,25,20,20
24,4783,0.21649876170042842,0.00011126335289394587,0.03472832643858124,0.7486616485080967,25,20,20
24,4784,0.2165025660777763,0.00011126336652366822,0.03487767945795641,0.7485084910977439,25,20,20
24,4785,0.21650269106671072,0.00011126336651117506,0.03487118972272837,0.7485148558440501,25,20,20
24,4786,0.21650563654000807,0.0001112633524537146,0.03458933915736674,0.7487937609501718,25,20,20
24,4787,0.21695734685594917,0.00011126335582776026,0.03413318403086996,0.7487982057573536,25,20,20
24,4788,0.2170250907066933,0.00011126335799129311,0.034133433524623905,0.7487302124106918,25,20,20
24,4789,0.21702214855339824,0.00011126335799161072,0.034133433545938466,0.7487331545426719,25,20,20
24,4790,0.21702206456103135,0.0001112633580005039,0.03413991934016289,0.7487267527408055,25,20,20
24,4791,0.21701908020410393,0.00011126335799981712,0.03413332081154548,0.7487363356263511,25,20,20
24,4792,0.21675817149946963,0.00011127012288073269,0.03439402049427888,0.7487365378833709,25,20,20
24,4793,0.21675816993022234,0.00011127012288607933,0.03430396797481528,0.7488265919720765,25,20,20
24,4794,0.1902730132440811,0.000111262064164545,0.06079017772135594,0.7488255469704006,25,20,20
24,4795,0.1902730015461755,0.0001112620643901991,0.06079525411316577,0.7488204822762701,25,20,20
24,4796,0.19027899325460304,0.00011126206439895881,0.06079983957158869,0.7488099051094107,25,20,20
24,4797,0.19028193629541526,0.0001112620643982533,0.06079522144685225,0.7488115801933359,25,20,20
24,4798,0.19028190085758026,0.0001112620643901017,0.06079529890484516,0.7488115381731862,25,20,20
24,4799,0.19027797613250072,0.0001112620504973352,0.060641254851455724,0.7489695069655479,25,20,20
24,4800,0.19027805061718556,0.00011126205048290036,0.06064315787491299,0.7489675294574204,25,20,20
24,4801,0.19027912400645616,0.00011126203660781858,0.0603613291273317,0.7492482848296055,25,20,20
24,4802,0.19027912685486073,0.00011126203635672226,0.06011982758434601,0.7494897835244376,25,20,20
24,4803,0.19021231611555403,0.00011126203422828861,0.06011961966077515,0.7495568021894438,25,20,20
24,4804,0.19020537689299752,0.00011126203419456137,0.06011965182235973,0.7495637092504489,25,20,20
24,4805,0.18974148460698984,0.00011127591053917271,0.060587892641689886,0.7495593468407818,25,20,20
24,4806,0.18974155436053775,0.00011127591057450026,0.06058786484147613,0.7495593048874124,25,20,20
24,4807,0.18974361533349945,0.00011127591053095472,0.060587822353593654,0.7495572864023768,25,20,20
24,4808,0.18998172225147505,0.0001112759108445267,0.0605889324907954,0.7493180693468858,25,20,20
24,4809,0.18998485799595013,0.00011127591083653259,0.060589015619939506,0.7493148504732748,25,20,20
24,4810,0.18974385696910331,0.00011127591055007935,0.06058133445332287,0.7495635326670248,25,20,20
24,4811,0.1897478358180814,0.00011127591057023,0.06084517381940869,0.7492957144519408,25,20,20
24,4812,0.18974392505253757,0.00011127591057040512,0.06057903982118419,0.7495657592157089,25,20,20
24,4813,0.18975086757638618,0.0001112759105623448,0.06058064680166566,0.7495572097113867,25,20,20
24,4814,0.18975086804773253,0.00011127591056722172,0.060582876107924157,0.7495549799337772,25,20,20
24,4815,0.18975077837659904,0.0001112759105719498,0.0605763522709907,0.7495615934418395,25,20,20
24,4816,0.18975378053976746,0.00011127591058429003,0.06058283898544772,0.7495521045642015,25,20,20
24,4817,0.18055035362377514,0.0001331072652689659,0.06976176280904288,0.7495547763019139,25,20,20
24,4818,0.18054619569588032,0.00013310726524907475,0.06976024463363852,0.7495604524052331,25,20,20
24,4819,0.18054613782142517,0.00013310726511064162,0.06975604028381074,0.7495647146296543,25,20,20
24,4820,0.18054317809545897,0.0001331072651014208,0.06975603955051377,0.749567675088927,25,20,20
24,4821,0.18054605112015568,0.00013310726508795588,0.06975600526357234,0.7495648363511844,25,20,20
24,4822,0.18053014619476598,0.00013310726491527953,0.06975131813560487,0.7495854284047138,25,20,20
24,4823,0.18053035541152063,0.0001331080575064747,0.06985111745814172,0.7494854190728312,25,20,20
24,4824,0.18053028670682267,0.00013310805747647868,0.0698557355663364,0.7494808696693644,25,20,20
24,4825,0.18059876385966211,0.00013310806397982483,0.06971910507093171,0.7495490230054265,25,20,20
24,4826,0.18060172482310188,0.00013310806399812256,0.06971914495822255,0.7495460221546776,25,20,20
24,4827,0.1805987061597632,0.00013310806398505884,0.06971262642767044,0.7495555593485815,25,20,20
24,4828,0.18059882639272165,0.00013310806397644483,0.06971254764250535,0.7495555179007966,25,20,20
24,4829,0.18059903787306278,0.0001331080638624041,0.0697147520661813,0.7495531019968934,25,20,20
24,4830,0.18053347127368474,0.0001331080570965231,0.06958469360454522,0.7497487270646735,25,20,20
24,4831,0.18053339913969244,0.00013310805709581226,0.06984622883056639,0.7494872639726452,25,20,20
24,4832,0.1805334680977522,0.0001331080570958723,0.0698462307035062,0.7494871931416458,25,20,20
24,4833,0.1805335075562218,0.00013310805734493175,0.06959014906397895,0.7497432353224545,25,20,20
24,4834,0.1805267982614524,0.00013310805735128092,0.06958784495837976,0.7497522487228168,25,20,20
24,4835,0.18052689197401675,0.00013310808600092898,0.06957761868540398,0.7497623812545783,25,20,20
24,4836,0.1809373714391854,0.00013309635897133492,0.0691672005688041,0.7497623316330393,25,20,20
24,4837,0.18094408184936983,0.00013309635895627028,0.08021811417243072,0.7387047076192431,25,20,20
24,4838,0.18094383914357992,0.00013309556633809644,0.08011831499738323,0.7388047502926987,25,20,20
24,4839,0.1537390396772537,0.0001919899688017004,0.10697823952681786,0.7390907308271266,25,20,20
24,4840,0.153739055482263,0.0001919899688141066,0.11322090732922416,0.7328480472196994,25,20,20
24,4841,0.1537389093384817,0.00019198994016440878,0.11309894161552345,0.7329701591058313,25,20,20
24,4842,0.15373890788963201,0.00019198994015616445,0.1130989095744369,0.7329701925957756,25,20,20
24,4843,0.14729611565088208,0.00019200018050388742,0.11954164252933602,0.7329702416392793,25,20,20
24,4844,0.1472959761577023,0.0001920001805034271,0.11954155986327698,0.7329704637985186,25,20,20
24,4845,0.14729891859677827,0.0001920001805078632,0.1195416398095045,0.7329674414132105,25,20,20
24,4846,0.14729592341120454,0.00019200018048658778,0.11329427519247487,0.7392178012158349,25,20,20
24,4847,0.14729378858689687,0.00019200018057442865,0.11329436210877214,0.7392198491237578,25,20,20
24,4848,0.13336065938791852,0.0001701940401936147,0.12725196791641266,0.7392171786554745,25,20,20
24,4849,0.1333666495335374,0.00017019404014020846,0.1272565812012923,0.7392065752250291,25,20,20
24,4850,0.13336779748570324,0.00017019404046282328,0.12725607251485851,0.7392059359589748,25,20,20
24,4851,0.13315056431194783,0.00017023001892084615,0.12747303004662774,0.7392061756225026,25,20,20
24,4852,0.1331326059958008,0.00017019556037035818,0.12749117318286995,0.7392060252609584,25,20,20
24,4853,0.1331296779402442,0.0001701955603798836,0.12749128707065296,0.7392088394287226,25,20,20
24,4854,0.1251347280701549,0.00017120382391770385,0.13548509082947063,0.7392089772764556,25,20,20
24,4855,0.12513569082021034,0.00017120382395654729,0.13548528584086314,0.7392078195149686,25,20,20
24,4856,0.1251357330379572,0.00017120382395685357,0.12443209477861034,0.7502609683594749,25,20,20
24,4857,0.12514548450040644,0.00017120382368999632,0.1244304954219169,0.7502528162539857,25,20,20
24,4858,0.12514255734588867,0.00017120382371797337,0.12443273258581558,0.7502535062445765,25,20,20
24,4859,0.15177651985368842,0.00011233343467785389,0.09814365443013097,0.7499674922815014,25,20,20
24,4860,0.1517846880781937,0.00011233343623962373,0.09814364960482916,0.7499593288807366,25,20,20
24,4861,0.15178675611949188,0.00011233343620440004,0.09823594401822926,0.7498649664260735,25,20,20
24,4862,0.15436606995020563,0.00011249059010885253,0.09565645344996336,0.7498649860097215,25,20,20
24,4863,0.1543621617494491,0.00011249059009169009,0.09565186734077664,0.7498734803196818,25,20,20
24,4864,0.15460501985881758,0.00011249059044240368,0.09565899988789567,0.7496234896628435,25,20,20
24,4865,0.15466492988864333,0.00011249059360823466,0.09565921831906792,0.7495633611986797,25,20,20
24,4866,0.1546618266374291,0.00011249059336810155,0.09565376255897627,0.7495719202102258,25,20,20
24,4867,0.15466868421764018,0.0001124905933744315,0.0956516107971549,0.7495672143918297,25,20,20
24,4868,0.15466588062675216,0.00011249059339728346,0.09602441288357078,0.7491972158962789,25,20,20
24,4869,0.1553729619802871,0.00011246441557989078,0.09531735798378445,0.7491972156203484,25,20,20
24,4870,0.1553759433829656,0.00011246441583365744,0.0953221103719923,0.7491894818292083,25,20,20
24,4871,0.1553760123375374,0.00011246441583389012,0.09532199124727514,0.7491895319993533,25,20,20
24,4872,0.15537394560522583,0.00011246441587884052,0.09523610660935201,0.7492774833695431,25,20,20
24,4873,0.15094467081718632,0.00011149625200657917,0.06547599542988675,0.7834678375009209,25,20,20
24,4874,0.1509476128789964,0.00011149625200620458,0.06547141131065827,0.7834694795583398,25,20,20
24,4875,0.15094768294466449,0.00011149625226008457,0.06547799884171288,0.7834628219613633,25,20,20
24,4876,0.15048051192487993,0.0001114561233140938,0.06015917201266624,0.7892488599391406,25,20,20
24,4877,0.15041658224921062,0.00011145612012224922,0.06015883244239575,0.7893131291882723,25,20,20
24,4878,0.1504137084629436,0.00011145612014931781,0.060158866399601676,0.789315969017306,25,20,20
24,4879,0.1504167036892183,0.00011145612016726068,0.060158864047103806,0.7893129761435109,25,20,20
24,4880,0.15041670429826326,0.00011145612016755884,0.06015874899753771,0.7893130905840319,25,20,20
24,4881,0.15089139755218792,0.00011145465396091973,0.059684145559473885,0.7893130022343776,25,20,20
24,4882,0.1508943934523618,0.00011145465392570881,0.0596840315489256,0.7893101203447874,25,20,20
24,4883,0.15089132709061753,0.00011145465393386251,0.05968411090907803,0.7893131073463708,25,20,20
24,4884,0.13309791785984565,0.00011283813839842035,0.07747279007102867,0.7893164539307277,25,20,20
24,4885,0.133086823666469,0.00011283813683756104,0.07747935965220709,0.7893209785444862,25,20,20
24,4886,0.13308680723221925,0.00011283813657111418,0.07747493630387495,0.7893254183273346,25,20,20
24,4887,0.1371577951677252,0.00011267068539548138,0.07340418695828264,0.7893253471885963,25,20,20
24,4888,0.13716177039322688,0.0001126706856738678,0.07378003834640151,0.7889455205746977,25,20,20
24,4889,0.13716276774571243,0.00011267068570045187,0.0737800418259093,0.7889445197426777,25,20,20
24,4890,0.13716790701333642,0.00011267069969677508,0.07415389093308516,0.7885655313538813,25,20,20
24,4891,0.1371689409082973,0.0001126706998945928,0.07430348742589886,0.788414900965909,25,20,20
24,4892,0.13692913579789362,0.00011267069954383223,0.07456260861967828,0.7883955848828841,25,20,20
24,4893,0.09737276088214966,0.00011271654415601607,0.11323654126564386,0.7892779813080522,25,20,20
24,4894,0.09737263920743641,0.00011271654414633266,0.1128635452361919,0.7896510990122271,25,20,20
24,4895,0.10316948778981433,0.00011267077566884066,0.10793816931483016,0.7887796721196885,25,20,20
24,4896,0.11794057547920117,0.00011133740877668967,0.0931717426982194,0.788776344413803,25,20,20
24,4897,0.11794059261372336,0.0001113374088118622,0.09317361432027979,0.7887744556571853,25,20,20
24,4898,0.1181798747086974,0.00011133741248155517,0.093175363468082,0.788533424410739,25,20,20
24,4899,0.11818398665014654,0.00011133741249184146,0.0931841712743254,0.7885205046630362,25,20,20
24,4900,0.11818102385023596,0.00011133741221137474,0.09317758292896175,0.7885300558085911,25,20,20
24,4901,0.11818501921800106,0.00011133741223741649,0.0931776267305548,0.7885260166392071,25,20,20
24,4902,0.11818594776841382,0.00011133741225668328,0.093180154750896,0.7885225600684335,25,20,20
24,4903,0.11772460293118597,0.00011131219615245347,0.09364152621261482,0.7885225586600483,25,20,20
24,4904,0.11772461239331325,0.0001113121961693945,0.09337997503884984,0.7887841003716686,25,20,20
24,4905,0.11771771074532382,0.00011131220981698683,0.09309344222578089,0.7890775348190799,25,20,20
24,4906,0.11771466119337022,0.00011131221007546459,0.09309790479514556,0.7890761218014104,25,20,20
24,4907,0.11747832269438518,0.00011131220641035931,0.0932255504867315,0.7891848146124745,25,20,20
24,4908,0.1174762904364795,0.00011131220618117431,0.09320544571172341,0.7892069516456176,25,20,20
24,4909,0.11747229695367874,0.00011131220615539489,0.09320552297094416,0.7892108678692231,25,20,20
24,4910,0.11748226377618218,0.00011131283786595716,0.10139072699052189,0.7810156963954294,25,20,20
24,4911,0.11699937050667034,0.00011131284071838332,0.1018736199587875,0.7810156966938233,25,20,20
24,4912,0.08437209928834616,0.00011261189563530686,0.13415286064815382,0.7813624281678656,25,20,20
24,4913,0.0843720994988956,0.0001126118956442936,0.13414827528183237,0.7813670133236286,25,20,20
24,4914,0.08437116315662353,1.3500172560453263e-06,0.12917049937482003,0.786456987451301,25,20,20
24,4915,0.08437836480268018,1.3500172845675195e-06,0.1291750886991484,0.7864451964808876,25,20,20
24,4916,0.08572142038082768,1.350017506743234e-06,0.1290485283294648,0.7852287012722013,25,20,20
24,4917,0.08571423590323027,1.3500174871905869e-06,0.12904390504305588,0.7852405090362272,25,20,20
24,4918,0.08571129513894102,1.3500174873861195e-06,0.12892103368963148,0.7853663211539404,25,20,20
24,4919,0.08571515124752727,1.3500175218862575e-06,0.12892565447757057,0.7853578442573809,25,20,20
24,4920,0.08870833893301844,1.2998861410177041e-06,0.12593252490678625,0.785357836274055,25,20,20
24,4921,0.08870437170575396,1.2998863687921502e-06,0.12593914038324916,0.785355188024628,25,20,20
24,4922,0.08871228796683284,1.299886452698893e-06,0.1259393173430147,0.7853470948036996,25,20,20
24,4923,0.088702350189152,1.2998867042596335e-06,0.1259458183072227,0.7853505316169209,25,20,20
24,4924,0.08869238343271457,1.2992550054735005e-06,0.11775828427210805,0.7935480330401719,25,20,20
24,4925,0.08869757909633581,1.2992565854730626e-06,0.11775831513169298,0.7935428065153854,25,20,20
24,4926,0.08868673592091562,1.299256546172855e-06,0.11775822964369595,0.7935537351788419,25,20,20
24,4927,0.08868764811368468,1.299256827673165e-06,0.11776047665344316,0.7935505759760442,25,20,20
24,4928,0.08868241992945985,1.2992552288639425e-06,0.1177539238555935,0.7935623569597173,25,20,20
24,4929,0.0886813916807524,1.299254907241445e-06,0.11774733272624063,0.7935699763380994,25,20,20
24,4930,0.08868144331638657,1.2992549206099162e-06,0.1177474489130922,0.7935698085156002,25,20,20
24,4931,0.08868049532843104,1.2992546217113093e-06,0.11774520128120364,0.7935730041357432,25,20,20
24,4932,0.1285642997375529,1.303044196655438e-06,0.0778613922570237,0.7935730049612278,25,20,20
24,4933,0.1285633520739906,1.3030441488226235e-06,0.07785490120773153,0.7935804436741292,25,20,20
24,4934,0.12677907841902558,1.3221170873281072e-06,0.07963396906151661,0.7935856304023708,25,20,20
24,4935,0.12677222875105976,1.3221170704716878e-06,0.07963089033043991,0.7935955588014305,25,20,20
24,4936,0.1254313291068964,1.3221170998520485e-06,0.07975820107515891,0.7948091477008454,25,20,20
24,4937,0.1254343081211862,1.3221171000501895e-06,0.07976472113479054,0.7947996486269236,25,20,20
24,4938,0.12543441599612193,1.3221171545512535e-06,0.07976922811661277,0.7947950337701114,25,20,20
24,4939,0.12543732590660903,1.3221171362740365e-06,0.07976922543833119,0.794792126537924,25,20,20
24,4940,0.12537509478348238,1.322449889839674e-06,0.079830612421597,0.7947929703450314,25,20,20
24,4941,0.11945575246990156,1.3223836875393066e-06,0.08576092451826021,0.7947820006281506,25,20,20
24,4942,0.11945366858660064,1.3223836989390141e-06,0.09972687617389944,0.7808181328558009,25,20,20
24,4943,0.11945179900756496,1.3223982235310042e-06,0.09982217174926317,0.7807247068449483,25,20,20
24,4944,0.11945183492339582,1.3223979615094608e-06,0.09981717189409067,0.7807296707845518,25,20,20
24,4945,0.11945482925508928,1.3223979440176467e-06,0.09981563128264645,0.78072821706432,25,20,20
24,4946,0.11946194473265648,1.3223980118355814e-06,0.10018848625048106,0.7803482466188508,25,20,20
24,4947,0.11934820671978114,1.3223848575323022e-06,0.1003022239868863,0.7803482469084758,25,20,20
24,4948,0.11934817158091615,1.3223845945676856e-06,0.10030477074067784,0.7803457352938126,25,20,20
24,4949,0.1193451592193122,1.3223845889563161e-06,0.09564804327729638,0.7850054751188033,25,20,20
24,4950,0.11911416002000323,1.3236202256614846e-06,0.0958790413479292,0.7850054750118426,25,20,20
24,4951,0.11911119482840934,1.3236202342851425e-06,0.09587262987442065,0.785014851676936,25,20,20
24,4952,0.1190992397516687,1.323619145313078e-06,0.0958724407792901,0.785026995849897,25,20,20
24,4953,0.11910715831668005,1.32361921532704e-06,0.09587074402493193,0.7850207740391738,25,20,20
24,4954,0.11911008350123159,1.3236052887217528e-06,0.09578142473878457,0.785107168154696,25,20,20
24,4955,0.11910913874349444,1.32360523969686e-06,0.0957813044750569,0.7851082331762096,25,20,20
24,4956,0.11910920667285102,1.3236052842766581e-06,0.09577941247643385,0.7851100572454315,25,20,20
24,4957,0.11910917335127646,1.3236052835289406e-06,0.09577933212001902,0.7851101709234216,25,20,20
24,4958,0.11768791106950412,4.8431192887154496e-08,0.09754859835282352,0.7847634421464784,25,20,20
24,4959,0.11925647705411821,2.6886711331962057e-08,0.0959800473631524,0.7847634486960178,25,20,20
24,4960,0.11925849306314186,2.6886681880653576e-08,0.08201414349734318,0.7987273365528336,25,20,20
24,4961,0.11925842242443116,2.688663259000982e-08,0.08200951383617724,0.7987320368527594,25,20,20
24,4962,0.11842998822848731,5.915714762761834e-08,0.08282850327440411,0.7987414493399604,25,20,20
24,4963,0.11842287441711113,5.915710120325032e-08,0.08245573113917688,0.7991213352866109,25,20,20
24,4964,0.12243900374555416,5.9155136362428735e-08,0.0784396021895248,0.7991213349097861,25,20,20
24,4965,0.12243600649964619,5.915512760382327e-08,0.07843943912100296,0.7991244952242245,25,20,20
24,4966,0.12243497278611848,5.915519761186001e-08,0.07843947946012554,0.7991254885985595,25,20,20
24,4967,0.12243488455430769,5.9154906901098285e-08,0.07831393088196927,0.7992511254088172,25,20,20
24,4968,0.12243502566060618,5.915491687572718e-08,0.07830951225186214,0.7992554029326158,25,20,20
24,4969,0.1220588233327161,5.878019568416589e-08,0.07868657012455565,0.7992545477625335,25,20,20
24,4970,0.12206308777781173,5.878022378213995e-08,0.07868665858516262,0.7992501948568025,25,20,20
24,4971,0.12207229671411442,5.878130720893898e-08,0.07877888852180182,0.799148755982777,25,20,20
24,4972,0.12207128002570011,5.879518070059874e-08,0.07915300001755084,0.7987756611615688,25,20,20
24,4973,0.12206831644086642,5.8795172380598466e-08,0.07957694934966575,0.7983546754142956,25,20,20
24,4974,0.12240098558912109,5.377047243460762e-08,0.07924428555136749,0.7983546750890393,25,20,20
24,4975,0.12240483841912723,5.377051546371498e-08,0.07924400989647963,0.7983510979138778,25,20,20
24,4976,0.1226371145350377,5.3786027449641744e-08,0.08389139541872691,0.7934714362602066,25,20,20
24,4977,0.12262791470820131,5.378494858599945e-08,0.08380383483356063,0.7935681966732883,25,20,20
24,4978,0.12262791499379545,5.37849545233034e-08,0.09776978860781554,0.7796022426134332,25,20,20
24,4979,0.12261979669715473,5.377095043652868e-08,0.09739589205301748,0.7799842574788768,25,20,20
24,4980,0.12261558433828554,5.377093077213044e-08,0.09739588244378115,0.7799884794470019,25,20,20
24,4981,0.12262252398760501,5.377100033827211e-08,0.09765281002295063,0.7797246122184434,25,20,20
24,4982,0.12285883348720873,5.377376801071322e-08,0.09791788681007134,0.7792232259289517,25,20,20
24,4983,0.12286087993745498,5.377323140187856e-08,0.09765953902362595,0.7794795272656875,25,20,20
24,4984,0.12286075853182366,5.3773239940166133e-08,0.0976595372737129,0.7794796504212236,25,20,20
24,4985,0.12286473645038613,5.3773265892930536e-08,0.09765942503901315,0.779475784737335,25,20,20
24,4986,0.13992931478026902,1.915468086820433e-08,0.08060421196768316,0.7794664540973685,25,20,20
24,4987,0.13992239272732576,1.9154612089119305e-08,0.08034459880881036,0.7797329893092529,25,20,20
24,4988,0.13992539706650178,1.915462119263973e-08,0.0806060853926003,0.7794684983862781,25,20,20
24,4989,0.13992837666829053,1.9154605875591e-08,0.08060597567412332,0.7794656285029815,25,20,20
24,4990,0.13653291366834672,5.364465077704677e-08,0.08399731159709622,0.7794697210899066,25,20,20
24,4991,0.13879062517373164,3.457356003593916e-08,0.08174480500798233,0.7794645352447263,25,20,20
24,4992,0.13879062998350877,3.4573560179559525e-08,0.0817514155265604,0.7794579199163707,25,20,20
24,4993,0.13880161032845315,3.457471686480622e-08,0.0813297544193155,0.7798686006775141,25,20,20
24,4994,0.16265071631752698,3.95573027202145e-08,0.057443788473706674,0.7799054556514642,25,20,20
24,4995,0.16241236151253152,3.955507189759622e-08,0.057437094319274726,0.7801505046131224,25,20,20
24,4996,0.16240140108734402,3.9553928708373854e-08,0.057700943966864655,0.7798976153918632,25,20,20
24,4997,0.16240449936561643,3.9553862076067735e-08,0.05769640679748112,0.7798990542830413,25,20,20
24,4998,0.16240847449900883,3.9553941302508284e-08,0.05770102957767173,0.7798904563693791,25,20,20
24,4999,0.18456392404346736,3.965678582176987e-08,0.03554567039515419,0.7798903659045923,25,20,20
24,5000,0.18456567241459865,3.964227054873003e-08,0.0354550726928681,0.7799792152502627,25,20,20
24,5001,0.18456873995583783,3.964226908852093e-08,0.03544857877211001,0.7799826416297831,25,20,20
24,5002,0.18456481361584665,3.96422340552573e-08,0.035448657944557385,0.7799864887973622,25,20,20
24,5003,0.18456481502177366,3.964223415089718e-08,0.03544854481791464,0.7799866005180779,25,20,20
24,5004,0.1845578423597942,3.964220420588697e-08,0.03545325132567273,0.7799888666723291,25,20,20
24,5005,0.18455885970426641,3.962833056932649e-08,0.035079141241613404,0.7803619594257899,25,20,20
24,5006,0.1845589293122083,3.9628335579319284e-08,0.03481950682347832,0.7806215242359777,25,20,20
24,5007,0.1845618237490794,3.962853337182458e-08,0.048784696444804536,0.7666534401775835,25,20,20
24,5008,0.18455808884334884,3.96285239464757e-08,0.04904203022523016,0.7663998413028977,25,20,20
24,5009,0.18456985896062672,3.962863348499712e-08,0.049042069833742916,0.7663880315769976,25,20,20
24,5010,0.18456703490162027,3.962845397785576e-08,0.03507696258209221,0.7803559628878338,25,20,20
24,5011,0.18432684358613977,3.961287193617489e-08,0.030429734125639662,0.7852433826753485,25,20,20
24,5012,0.18432498663882385,3.9612810383449834e-08,0.03042972762160912,0.7852452461267565,25,20,20
24,5013,0.19637385342035937,3.472110101942158e-08,0.018417719770556156,0.7852083920879831,25,20,20
24,5014,0.19637094423456805,3.4721125261348225e-08,0.018790866902773935,0.7848381541415326,25,20,20
24,5015,0.19591084388283395,3.482725906689756e-08,0.019250942609021684,0.7848381786808852,25,20,20
24,5016,0.19591370015114637,3.482722379761465e-08,0.01925094054573263,0.7848353244758971,25,20,20
24,5017,0.195910701447195,3.482723265061541e-08,0.019517035032696247,0.784572228692876,25,20,20
24,5018,0.19590763545309225,3.4827241716808274e-08,0.019516926572366255,0.7845754031472997,25,20,20
24,5019,0.19590459565833104,3.482724136044963e-08,0.019521544035492607,0.7845738254789348,25,20,20
24,5020,0.19597556230190682,3.483098209804917e-08,0.01989402323357975,0.7841303796335312,25,20,20
24,5021,0.1959751864708624,3.483099860978415e-08,0.019629389478373786,0.784395389219765,25,20,20
24,5022,0.19597842787855732,3.483117599982262e-08,0.030683355583549964,0.7733381817067165,25,20,20
24,5023,0.19598135671989378,3.4831146013582024e-08,0.03068327320664352,0.7733353352423166,25,20,20
24,5024,0.1959822676362647,3.4831153991976506e-08,0.03068165463257113,0.77333604290001,25,20,20
24,5025,0.19598521203849345,3.483113518187593e-08,0.030681572424926463,0.7733331807054445,25,20,20
24,5026,0.19597535713875366,3.4831614923089524e-08,0.030681491618100663,0.7733431164115306,25,20,20
24,5027,0.19599001692481502,3.483212126976162e-08,0.03675127392008552,0.7672586743229779,25,20,20
24,5028,0.19598603934417785,3.4832041421849765e-08,0.036746607901222375,0.7672673179225579,25,20,20
24,5029,0.1782603037640809,4.146440983356254e-05,0.05443081409300239,0.7672674177330835,25,20,20
24,5030,0.17826042885331744,4.1464409825274264e-05,0.054430856620744164,0.7672672501161134,25,20,20
24,5031,0.17825530785284804,4.146440924356462e-05,0.05452300783433657,0.7671802199035721,25,20,20
24,5032,0.19045128254115753,1.1492268224269978e-07,0.04236808512774583,0.7671805174084148,25,20,20
24,5033,0.19045124715457273,1.1492290442542857e-07,0.042493632212503726,0.7670550057100196,25,20,20
24,5034,0.19045813377265586,1.1492318422185101e-07,0.042374657894217044,0.767167093409943,25,20,20
24,5035,0.1904377152925964,1.1491850290523764e-07,0.04239507755941965,0.7671670922294811,25,20,20
24,5036,0.19043771445775318,1.1491850289669189e-07,0.042395077036372485,0.7671670935873715,25,20,20
24,5037,0.19042398231282978,1.1491802190514982e-07,0.036325411161150845,0.7732504916079971,25,20,20
24,5038,0.19042697759479776,1.1491801302850722e-07,0.03605915475267721,0.773513752734512,25,20,20
24,5039,0.19042988567568112,1.1491801804182073e-07,0.036060782625129996,0.7735092167811709,25,20,20
24,5040,0.1904377773361818,1.1570589598279615e-07,0.036390398999818024,0.7731717079581043,25,20,20
24,5041,0.19043782559201067,1.1570588668592434e-07,0.036390396286800394,0.773171662415302,25,20,20
24,5042,0.19043782560558373,1.1570588675923389e-07,0.03639504980615326,0.7731670088823762,25,20,20
24,5043,0.19043775555038384,1.1570587729786825e-07,0.03639504834744552,0.7731670803962932,25,20,20
24,5044,0.19043770250828185,1.1570586840822226e-07,0.03630937481017854,0.7732528069756711,25,20,20
24,5045,0.1904407106664246,1.1570587130603819e-07,0.022345697134261128,0.7872134764934435,25,20,20
24,5046,0.1900310509509074,1.1589870159394742e-07,0.022755348173478924,0.7872134849769128,25,20,20
24,5047,0.19030745295872048,1.1603918557516214e-07,0.022478970366171434,0.7872134606359231,25,20,20
24,5048,0.1903105638309142,1.1603918569508326e-07,0.02247427034319323,0.7872150497867074,25,20,20
24,5049,0.19030658666765882,1.1603888194983267e-07,0.022220136193227203,0.7874731611002325,25,20,20
24,5050,0.19030658291048919,1.1603887448382393e-07,0.02222013945443219,0.7874731615962044,25,20,20
24,5051,0.19030655183461867,1.1603898075976741e-07,0.022218101120199518,0.7874752310062011,25,20,20
24,5052,0.1903066924654204,1.1603923865410678e-07,0.02195854686994189,0.7877346446253993,25,20,20
24,5053,0.190305727413622,1.1603919545916934e-07,0.02195865802436485,0.7877354985228179,25,20,20
24,5054,0.17371695273040616,7.90484992965854e-07,0.03854667859302221,0.7877355781915789,25,20,20
24,5055,0.17371695180960522,7.904849931269051e-07,0.03854667785854499,0.7877355798468567,25,20,20
24,5056,0.17372501156342218,7.904849494207462e-07,0.03854647430354724,0.7877277236480812,25,20,20
24,5057,0.17395577753439645,7.904850388909034e-07,0.03891358271157774,0.7871298492689867,25,20,20
24,5058,0.17395858026090658,7.904847750867591e-07,0.038908498960646215,0.7871321302936721,25,20,20
24,5059,0.17394952182114232,7.90484774052378e-07,0.038908584233192614,0.7871411034608911,25,20,20
24,5060,0.1739492620966837,7.904846184982989e-07,0.027856893791408165,0.7981930536272895,25,20,20
24,5061,0.1743554815597532,7.906224527349647e-07,0.027450682179208458,0.7981930456385854,25,20,20
24,5062,0.17816405976892574,7.561575864242763e-07,0.023646229609372727,0.798188954464115,25,20,20
24,5063,0.1781670392105898,7.561575946547342e-07,0.02364622987505114,0.7981859747567641,25,20,20
24,5064,0.1781640429995449,7.561578280843889e-07,0.02401924644014737,0.7978159544024795,25,20,20
24,5065,0.17816411310805308,7.56157595372119e-07,0.023652834389053898,0.7981822963452976,25,20,20
24,5066,0.19458568760753994,8.378832160045097e-08,0.007231955247755435,0.7981822733563828,25,20,20
24,5067,0.19435290868661417,8.380220680493957e-08,0.0069854183215832776,0.7986615891895955,25,20,20
24,5068,0.1943559741177367,8.380222477293252e-08,0.006978815196674451,0.7986651268833639,25,20,20
24,5069,0.19428497132233044,8.379849957250028e-08,0.006612855600280538,0.7991020892788899,25,20,20
24,5070,0.19428504411245842,8.379850909841342e-08,0.006610829044557826,0.7991040430444749,25,20,20
24,5071,0.19428809418606405,8.379850934324377e-08,0.00660430646771346,0.7991075155477135,25,20,20
24,5072,0.19425824086692117,9.759205526052092e-08,0.006634188908566147,0.7991074726324578,25,20,20
24,5073,0.19425836324575801,9.759204710541266e-08,0.006634102566459473,0.7991074365957357,25,20,20
24,5074,0.19425836387948128,9.759204765670004e-08,0.006632564808246074,0.7991089737202252,25,20,20
24,5075,0.1942583602169694,9.75920334123727e-08,0.006630403845068674,0.7991111383459287,25,20,20
24,5076,0.1942583287959048,9.759178909554326e-08,0.006500146410060291,0.7992414272022456,25,20,20
24,5077,0.19449354274039693,9.759403039738124e-08,0.0065003405801706705,0.7990060190854024,25,20,20
24,5078,0.1944935100092169,9.759400739595084e-08,0.006498678667910151,0.7990077137288658,25,20,20
24,5079,0.1944546515184441,8.20211459100534e-08,0.006537046389574193,0.799008220070836,25,20,20
24,5080,0.19468069452291029,8.160804166115862e-08,0.00631152457059353,0.7990076992984548,25,20,20
24,5081,0.1944434153909425,8.160586247987006e-08,0.006311449384404022,0.7992450536187913,25,20,20
24,5082,0.1944404585432895,8.160585750771452e-08,0.006306580999857142,0.7992528788509962,25,20,20
24,5083,0.19444450597680568,8.160588415714381e-08,0.006311272518321885,0.7992441398989887,25,20,20
24,5084,0.194455420535351,8.160619776103544e-08,0.006313518947709682,0.7992309789107419,25,20,20
24,5085,0.19445543688071215,8.160621566213255e-08,0.006313439139650161,0.7992310423734225,25,20,20
24,5086,0.19446059145988573,8.160726036313787e-08,0.0063135563186594865,0.7992257706141948,25,20,20
24,5087,0.19431347062552667,8.136217924128456e-08,0.0064606195613025755,0.7992258284509919,25,20,20
24,5088,0.194315535832199,8.134819501980775e-08,0.006335464290984876,0.7993489185286213,25,20,20
24,5089,0.1943156550210998,8.134821207630604e-08,0.006335465091202145,0.799348798539486,25,20,20
24,5090,0.19431373019662648,8.134815062206929e-08,0.00633542482195814,0.7993507636332646,25,20,20
24,5091,0.1943217707539111,8.134819504920058e-08,0.006335413626226329,0.7993427342716676,25,20,20
24,5092,0.1943187209566176,8.134819495993979e-08,0.006337737636435164,0.7993434600587527,25,20,20
24,5093,0.19431882633645872,8.134816853077834e-08,0.017415473262058157,0.7882656190533148,25,20,20
24,5094,0.19427154573888508,8.134667732299981e-08,0.017462746184459796,0.7882656267299781,25,20,20
24,5095,0.19931011471654145,1.1665202633147467e-09,0.01242465527488401,0.7882652288420544,25,20,20
24,5096,0.1993101140766646,1.166520298423491e-09,0.012426975001871201,0.7882629097549443,25,20,20
24,5097,0.19093473960229468,1.352200307732263e-09,0.020802340767648676,0.7882629182778572,25,20,20
24,5098,0.19093765852616557,1.3521821057183805e-09,0.02079772247494186,0.7882646176467114,25,20,20
24,5099,0.19092981193998704,1.3518675795514489e-09,0.0207953877713207,0.7882747989368258,25,20,20
24,5100,0.19092672928342247,1.3518541361902467e-09,0.020795506268757674,0.7882777630959668,25,20,20
24,5101,0.19092967112267725,1.3518580663151257e-09,0.020793302630085896,0.7882770248953799,25,20,20
24,5102,0.19092168093010387,1.3520491640278856e-09,0.020885494198462574,0.7881928235193854,25,20,20
24,5103,0.19093359253501635,1.3521643579617227e-09,0.020880849429043287,0.7881855566837772,25,20,20
24,5104,0.19093353956699638,1.352195188146518e-09,0.020885524826233463,0.788180934254576,25,20,20
24,5105,0.1909315049842096,1.3543989681664859e-09,0.02713323859779412,0.7819352550635985,25,20,20
24,5106,0.19092852501024243,1.3543905150559708e-09,0.027133200207006096,0.781938273428362,25,20,20
24,5107,0.19090388657979016,1.5587224249748228e-09,0.027157827048678605,0.7819382848128099,25,20,20
24,5108,0.19090599010248038,1.5565188700682125e-09,0.02091007827485775,0.7881839300661438,25,20,20
24,5109,0.19090335101056702,1.5567458767910486e-09,0.02557654809184007,0.7835200993408482,25,20,20
24,5110,0.19090330234863065,1.5567371480688394e-09,0.025576574808184,0.7835201212864491,25,20,20
24,5111,0.15254052970001408,5.8788896988217767e-08,0.06393928194889044,0.7835201295622015,25,20,20
24,5112,0.15254758719630973,5.878947368071695e-08,0.06393697736512403,0.7835153766490951,25,20,20
24,5113,0.15254455458935537,5.878947384074283e-08,0.06394349823987447,0.7835118883812988,25,20,20
24,5114,0.15254448886781471,5.878947465323013e-08,0.05287048953754521,0.7945849628051679,25,20,20
24,5115,0.1525445116657641,5.8789243446206983e-08,0.052779978621095985,0.7946754509238988,25,20,20
24,5116,0.1525444720145556,5.8789284318654743e-08,0.052778345797723024,0.7946771233984394,25,20,20
24,5117,0.15253749896141883,5.878927573253078e-08,0.05277353915823366,0.794688903091074,25,20,20
24,5118,0.15253448065758282,5.8788168763307496e-08,0.052773383017913206,0.7946920775363374,25,20,20
24,5119,0.15128222799837182,5.8779371799479904e-08,0.054025537589353495,0.7946921756329048,25,20,20
24,5120,0.15128515484735755,5.877935860170773e-08,0.054025732781316574,0.7946890535919693,25,20,20
24,5121,0.15946192316414987,5.915197402281215e-08,0.04584882245195028,0.7946891952319278,25,20,20
24,5122,0.1594588730821285,5.915199556678229e-08,0.045849020181780366,0.7946920475840973,25,20,20
24,5123,0.15945892072220755,5.9152188852850574e-08,0.052097119279219534,0.7884439008463857,25,20,20
24,5124,0.1594589023409455,5.915215358678362e-08,0.052101700375148524,0.7884393381317542,25,20,20
24,5125,0.1594627584542799,5.915218802959019e-08,0.05210162383613728,0.7884355585573966,25,20,20
24,5126,0.1594597097232063,5.9152157130011523e-08,0.0520970004456557,0.7884432306789827,25,20,20
24,5127,0.15970284048984024,5.91543112408442e-08,0.052097281594879544,0.7881998187609708,25,20,20
24,5128,0.15914320725138803,5.938291154307569e-08,0.05265694483510182,0.7881997885306007,25,20,20
24,5129,0.15890000379976815,5.93807526352556e-08,0.052663278077101826,0.7884366587423794,25,20,20
24,5130,0.15889798866063537,5.938078320943826e-08,0.05266972543026361,0.7884322265283197,25,20,20
24,5131,0.15890418929016834,5.9381350322029155e-08,0.05266322867360991,0.7884325226548732,25,20,20
24,5132,0.15890616927306683,5.938142993875055e-08,0.05265674801148726,0.7884370233340176,25,20,20
24,5133,0.15890844800168805,5.9396362042540053e-08,0.05291749903413361,0.7881739935678179,25,20,20
24,5134,0.15891354482188386,5.939620217780495e-08,0.04704215593456904,0.7940442398473465,25,20,20
24,5135,0.15890259407548535,5.8608333160751363e-08,0.046717159838034476,0.7943801874781476,25,20,20
24,5136,0.15890272990722712,5.860941119216491e-08,0.04684649927667601,0.7942507122066863,25,20,20
24,5137,0.1589027302362518,5.860941195679366e-08,0.04684642663862538,0.7942507845157118,25,20,20
24,5138,0.15890283779551923,5.8609393124597536e-08,0.04684642943693218,0.7942506741581564,25,20,20
24,5139,0.15890061017241747,5.859445809906707e-08,0.06160425357672043,0.7794950776564048,25,20,20
24,5140,0.15889561345963865,5.859450271620175e-08,0.06160437014459488,0.7794999578012647,25,20,20
24,5141,0.1588806702671476,5.859438837939415e-08,0.061610882683760464,0.7795083884547043,25,20,20
24,5142,0.15887872635764713,5.859431698351234e-08,0.06161087594146547,0.7795103391065709,25,20,20
24,5143,0.16018938163988064,5.8068096270266884e-08,0.06030033116240448,0.7795102291296192,25,20,20
24,5144,0.16018631741819317,5.8068104586046956e-08,0.060306903251110905,0.7795067212625922,25,20,20
24,5145,0.16018619949807142,5.806707230499616e-08,0.06055044221369611,0.7792633002211611,25,20,20
24,5146,0.16019312277699294,5.806714545378351e-08,0.04553183167844217,0.7942749874774205,25,20,20
24,5147,0.16020211011815738,5.8067145681558764e-08,0.045531830944808026,0.79426600086989,25,20,20
24,5148,0.1602021262511541,5.8067172783852265e-08,0.045530295510218276,0.7942675201714561,25,20,20
24,5149,0.16019920114986566,5.8067182032464766e-08,0.04552564821089512,0.7942750925720585,25,20,20
24,5150,0.1487192628367942,5.791336329171845e-08,0.05700205299326269,0.794278626256581,25,20,20
24,5151,0.14872017147544983,5.7913362899986e-08,0.057131355787605205,0.7941484148235831,25,20,20
24,5152,0.14871409472667918,5.7912834071148495e-08,0.05713145611855973,0.794154391241928,25,20,20
24,5153,0.14872015605087013,5.7912852890942615e-08,0.05713145785560966,0.7941483281806673,25,20,20
24,5154,0.14871494584255093,5.7913071023084245e-08,0.05676024147950442,0.7945247547648734,25,20,20
24,5155,0.14871457177223027,5.7912834717477065e-08,0.05208716915839148,0.7991982011565435,25,20,20
24,5156,0.14871753215988873,5.791284401804454e-08,0.05208716923732717,0.7991952406899402,25,20,20
24,5157,0.14873631305041513,6.772797381138287e-08,0.05206852726034624,0.7991950919612648,25,20,20
24,5158,0.1110622770291832,2.5415395567971805e-06,0.08971677927707511,0.7992184021541857,25,20,20
24,5159,0.11492244841786567,6.921949942943701e-08,0.08588236894268043,0.7991951134199553,25,20,20
24,5160,0.11492246557718057,6.921953431905784e-08,0.08588247704476874,0.7991949881585172,25,20,20
24,5161,0.1264094090166511,6.917240823551087e-08,0.07439902743057988,0.7991914943803617,25,20,20
24,5162,0.1264096755810829,6.91724449439826e-08,0.07439911028712426,0.7991911449593492,25,20,20
24,5163,0.1264239137516579,6.917247523857049e-08,0.07440552099444166,0.7991704960814264,25,20,20
24,5164,0.12642401905442138,6.917249244848854e-08,0.07439892031612504,0.7991769914569627,25,20,20
24,5165,0.1264089218581663,6.917243670706607e-08,0.07439250992998489,0.7991984990394139,25,20,20
24,5166,0.12640895662124904,6.917274430238136e-08,0.07465879141027448,0.7989321827957336,25,20,20
24,5167,0.12528078079005786,1.293917558267033e-08,0.07578702978553487,0.7989321764852351,25,20,20
24,5168,0.12528081840294328,1.2938878700060363e-08,0.07552075053454463,0.7991984181236365,25,20,20
24,5169,0.12528083685855818,1.2938896575744276e-08,0.07539595485136218,0.7993231953511858,25,20,20
24,5170,0.10761697767345525,3.483976540203455e-05,0.0930250493597866,0.7993231332013552,25,20,20
24,5171,0.1076168568398315,3.48397654161688e-05,0.09311722972609898,0.799231073668652,25,20,20
24,5172,0.10761685719730639,3.483976541149232e-05,0.09311873277131838,0.799229570265963,25,20,20
24,5173,0.10761482557539649,3.4839765437315944e-05,0.09312522208170128,0.799225112577464,25,20,20
24,5174,0.10760066737498572,3.483977133847721e-05,0.09313937882430863,0.799225114029366,25,20,20
24,5175,0.10759979392154868,3.483977131774937e-05,0.09313467564024938,0.7992306906668831,25,20,20
24,5176,0.10759984887283171,3.483977136217965e-05,0.09313471265150744,0.7992305987042977,25,20,20
24,5177,0.10759282327044524,3.483977130931171e-05,0.09314119575941236,0.7992311411988324,25,20,20
24,5178,0.10758982431126121,3.4839771331461724e-05,0.09314313663350396,0.7992321992839031,25,20,20
24,5179,0.10971296136177636,1.3757431437499974e-08,0.09105482387416741,0.7992322010066243,25,20,20
24,5180,0.10969551220140517,1.376059678506457e-08,0.09107220537507149,0.7992322686629262,25,20,20
24,5181,0.10970262439937187,1.3760609946107922e-08,0.09107982214872759,0.7992175396912903,25,20,20
24,5182,0.10971275005841039,1.3760637834637935e-08,0.09107338940344695,0.7992138467775044,25,20,20
24,5183,0.10970470784678236,1.3760584040854912e-08,0.09107329950254978,0.7992219788900834,25,20,20
24,5184,0.10970463833702392,1.3760569846731028e-08,0.09107317952708614,0.7992221683753198,25,20,20
24,5185,0.10973807029362505,1.3102091501102044e-08,0.0910397578498697,0.7992221587544134,25,20,20
24,5186,0.10974105424093963,1.3113748905545144e-08,0.0981051314469241,0.7921538011983873,25,20,20
24,5187,0.10993464174300378,2.7393072238838137e-09,0.09791155624187985,0.7921537992758091,25,20,20
24,5188,0.10503055348306965,9.273760629403024e-09,0.10281387935906375,0.792155557884106,25,20,20
24,5189,0.10503754260607419,9.273805031876075e-09,0.10281380201507506,0.7921486461050457,25,20,20
24,5190,0.1050404222120846,9.287600018520911e-09,0.10318120592674511,0.7917783625735703,25,20,20
24,5191,0.10503751238718577,9.276221746740435e-09,0.09637550882833905,0.7985869695082535,25,20,20
24,5192,0.12111344767084375,9.097590362376727e-09,0.08029957853662886,0.7985869646949378,25,20,20
24,5193,0.12111056622734409,9.097554697845625e-09,0.07993120651560995,0.7989582181594933,25,20,20
24,5194,0.12131854042263436,9.099851924012745e-09,0.08614209954953418,0.7925393509279793,25,20,20
24,5195,0.1213255955819286,9.100415719117334e-09,0.08651499283906412,0.7921594024785911,25,20,20
24,5196,0.1213156121265507,9.100393637331852e-09,0.08651507320825122,0.792169305564804,25,20,20
24,5197,0.12131561114928335,9.100388121008487e-09,0.08642281345286125,0.792261566297467,25,20,20
24,5198,0.08931638744118262,3.978511753450815e-05,0.11838368376724384,0.7922601436740391,25,20,20
24,5199,0.08934045035620157,3.9785122859679244e-05,0.11801803519746366,0.7926017293234751,25,20,20
24,5200,0.08934066803149315,3.9785122893019884e-05,0.11801866147109619,0.7926008853745177,25,20,20
24,5201,0.08934058914489011,3.978512287865357e-05,0.11801395803853622,0.7926056676936949,25,20,20
24,5202,0.08934049998286199,3.978512284618207e-05,0.11812069644263153,0.7924990184516603,25,20,20
24,5203,0.08633397991715609,2.5714992130457746e-09,0.12116733465354187,0.7924986828578036,25,20,20
24,5204,0.08632691824146381,2.570943913730179e-09,0.12079436257989386,0.7928787166076989,25,20,20
24,5205,0.08631987508340241,2.570379519297299e-09,0.12079430108735174,0.7928858212588669,25,20,20
24,5206,0.08631980370931248,2.570334624992343e-09,0.12079429689185979,0.7928858968284938,25,20,20
24,5207,0.08638666559374844,1.6047552804690548e-09,0.12072716794258072,0.792886164858915,25,20,20
24,5208,0.08637949823460536,1.604740777595472e-09,0.12071955102224335,0.79290094913841,25,20,20
24,5209,0.08051325341305296,8.217465010585739e-11,0.12658581812167552,0.7929009283830972,25,20,20
24,5210,0.08052420064227826,8.274774014383541e-11,0.12658794790678715,0.7928878513681872,25,20,20
24,5211,0.07134610524884147,3.9288136318898547e-10,0.13576249800850226,0.7928913963497741,25,20,20
24,5212,0.07133911538901355,3.928414020173802e-10,0.13576263717694453,0.7928982470412003,25,20,20
24,5213,0.07134006693023057,3.9311175192410145e-10,0.13585392019889878,0.792806012477759,25,20,20
24,5214,0.05061126476453641,5.391767867538248e-10,0.15658272004544194,0.7928060146508449,25,20,20
24,5215,0.05055899028148124,5.351922259728213e-10,0.15663499500812217,0.7928060141752049,25,20,20
24,5216,0.05177833437605817,5.038414354886195e-10,0.1554157987018459,0.7928058664182548,25,20,20
24,5217,0.051772541354600736,5.033564740840927e-10,0.15540881705203882,0.7928186410900041,25,20,20
24,5218,0.060968076570463936,1.9574648877280846e-10,0.14621689619527747,0.7928150270385124,25,20,20
24,5219,0.0609684815455409,2.0539492582246575e-10,0.1462164912109226,0.7928150270381416,25,20,20
24,5220,0.060971460091369584,2.053529939163915e-10,0.14630866668161122,0.7927198730216665,25,20,20
24,5221,0.06889221718307245,3.04480190586533e-07,0.13838613466656635,0.7927213436701709,25,20,20
24,5222,0.0688942621745522,3.044799113815384e-07,0.13829334176309907,0.7928120915824378,25,20,20
24,5223,0.0688942915210885,3.0447993176443876e-07,0.1444649426666134,0.7866404613323668,25,20,20
24,5224,0.0688972519313198,3.0447994121312575e-07,0.1444650590482487,0.7866373845404905,25,20,20
24,5225,0.06890033976985785,3.044796945488278e-07,0.14409864315559656,0.7870007125948512,25,20,20
24,5226,0.0691345443544805,3.0448455806299734e-07,0.14410191611497206,0.7867632350459896,25,20,20
24,5227,0.0691306346267448,3.0448450182900163e-07,0.14409533689279172,0.7867737239959623,25,20,20
24,5228,0.061198401001023306,2.0066123576794882e-10,0.1520293452784632,0.7867722535198535,25,20,20
24,5229,0.0611984631366388,2.0067042405998595e-10,0.15203403673253765,0.7867674999301544,25,20,20
24,5230,0.06099051515342754,1.984000862091534e-10,0.14582314394976184,0.7931863406984112,25,20,20
24,5231,0.060987623948944705,1.9840159326895314e-10,0.14582306915337417,0.7931893066992801,25,20,20
24,5232,0.06098755600748928,1.9837531906384716e-10,0.14582306732817216,0.7931893764659635,25,20,20
24,5233,0.060987553666083265,1.9835276180380098e-10,0.14582516096734316,0.7931872851682208,25,20,20
24,5234,0.08081687791280208,6.997060149052521e-10,0.12599583890688426,0.7931872824806078,25,20,20
24,5235,0.08081873500035235,6.997707393963295e-10,0.12600244515576023,0.7931788191441171,25,20,20
24,5236,0.079085625789071,2.0356276344518468e-08,0.12773544112178162,0.7931789127328714,25,20,20
24,5237,0.07908561210360773,2.0356267382319127e-08,0.12773552156253554,0.79317884597759,25,20,20
24,5238,0.07909655951363631,2.035666457009588e-08,0.1278287374046145,0.7930746827250853,25,20,20
24,5239,0.07909656665870128,2.0356673351562772e-08,0.1278262113964857,0.7930772015881402,25,20,20
24,5240,0.07909362222749192,2.0356672883514874e-08,0.12782617797743523,0.7930801794384007,25,20,20
24,5241,0.0790975516284273,2.0356707087990333e-08,0.12809228195130465,0.7928101460635619,25,20,20
24,5242,0.07910054721308052,2.0356707258922326e-08,0.12809011732485162,0.7928093151053617,25,20,20
24,5243,0.07910049544065136,2.0356694438197417e-08,0.12809009150947653,0.7928093926931788,25,20,20
24,5244,0.08110730704811923,2.0440283447619435e-08,0.12608327125144905,0.7928094012601492,25,20,20
24,5245,0.08110424236099278,2.0440266012028035e-08,0.126083279423534,0.7928124577752083,25,20,20
24,5246,0.08110524101138022,2.0440297685340388e-08,0.1260813792795129,0.7928133592688101,25,20,20
24,5247,0.0811253517655214,7.899333279091672e-08,0.12606120171145735,0.7928133675296895,25,20,20
24,5248,0.08112307503209241,7.899385096388408e-08,0.16221025265176156,0.7566665933222977,25,20,20
24,5249,0.08112407282375901,7.899388609277709e-08,0.16221025448170867,0.7566655937006485,25,20,20
24,5250,0.08109798896041844,7.897477826422263e-08,0.16220188644033454,0.7567000456244702,25,20,20
24,5251,0.08086160533170621,7.896984606049e-08,0.16219694690771536,0.7569413687907339,25,20,20
24,5252,0.06734639738334526,7.480840966406828e-08,0.17571220021701475,0.7569413275912301,25,20,20
24,5253,0.06734554244858632,7.480839326101635e-08,0.17571217100420988,0.7569422117388102,25,20,20
24,5254,0.06734640316057554,7.480842634705198e-08,0.17571221602046516,0.7569413060105329,25,20,20
24,5255,0.06758657646894223,7.481058983545045e-08,0.175712351148356,0.7567009975721121,25,20,20
24,5256,0.0675879961493011,3.0217421568351006e-07,0.17578518745304927,0.7566265142234346,25,20,20
24,5257,0.06759078184389454,3.0217419681793253e-07,0.17579530043364858,0.7566136155482606,25,20,20
24,5258,0.06764965742452947,3.021742523260064e-07,0.1758019938806363,0.7565480465205825,25,20,20
24,5259,0.0676495487452533,3.021742158608887e-07,0.17580864219773168,0.7565415068828,25,20,20
24,5260,0.0676465347450102,3.0217418806331625e-07,0.17580864184748712,0.7565445212333151,25,20,20
24,5261,0.06765349112873546,3.02174205548836e-07,0.17580864278483488,0.7565375639122253,25,20,20
24,5262,0.06769267181578245,3.021745185111114e-07,0.18204827850922567,0.750258747500475,25,20,20
24,5263,0.06777569040723419,6.921231623190031e-05,0.18538493664037642,0.7467701606361601,25,20,20
24,5264,0.06777642171605111,6.921231648249582e-05,0.1855078135458111,0.7466465524216581,25,20,20
24,5265,0.0677726530435914,6.921231623989615e-05,0.18537841802233154,0.74677971661784,25,20,20
24,5266,0.06777945859968591,6.921231646045394e-05,0.1852133272111767,0.74693800187268,25,20,20
24,5267,0.06777655726058375,6.921231685940735e-05,0.1852148235431412,0.7469394068794185,25,20,20
24,5268,0.06684408270588367,6.928499344663782e-05,0.18614694615085126,0.7469396861498181,25,20,20
24,5269,0.06555838841735498,6.928504029465365e-05,0.18743276270321996,0.7469395638391298,25,20,20
24,5270,0.0655505059561658,6.928503988877247e-05,0.18733954780081702,0.7470406612031278,25,20,20
24,5271,0.0655503377076966,6.928503959063207e-05,0.18733718578852887,0.7470431914641829,25,20,20
24,5272,0.06531015508390275,6.92850376649654e-05,0.18734367428230606,0.747276885596125,25,20,20
24,5273,0.0653132200565732,6.928503769118515e-05,0.18734355576079229,0.7472739391449423,25,20,20
24,5274,0.06525735844670308,6.928503765382271e-05,0.18733697808543956,0.7473363784302027,25,20,20
24,5275,0.06525336477285026,6.92850376004485e-05,0.18733239175123587,0.7473449584383132,25,20,20
24,5276,0.06537533006343925,6.929876437655428e-05,0.18721034680682866,0.7473450243653568,25,20,20
24,5277,0.06533615040997376,6.929876407312802e-05,0.1809685347412303,0.7536260160847246,25,20,20
24,5278,0.06533613223403574,6.929876405521954e-05,0.1809584194247955,0.7536361495771153,25,20,20
24,5279,0.06534303447959657,6.929876419941517e-05,0.18108792946288932,0.7534997372933165,25,20,20
24,5280,0.06534719679865972,6.929876422842373e-05,0.181087976131316,0.7534955283057976,25,20,20
24,5281,0.06534927937488338,6.929876420718317e-05,0.18108803432037196,0.7534933875405393,25,20,20
24,5282,0.09192400079678005,6.92260393467623e-05,0.15451367421875564,0.7534930989451185,25,20,20
24,5283,0.09192698047697108,6.922603935591461e-05,0.15450710572011966,0.7534966877635547,25,20,20
24,5284,0.0919338288853038,6.922603937233099e-05,0.15450710698997727,0.7534898380853484,25,20,20
24,5285,0.09193081786341636,6.92260393542054e-05,0.15450938188742933,0.7534905742098017,25,20,20
24,5286,0.09193756919980181,6.922603964056514e-05,0.15451595890584607,0.7534772458547131,25,20,20
24,5287,0.09193756990343871,6.922603964087697e-05,0.15451607179497454,0.753477132261947,25,20,20
24,5288,0.06502357261434365,6.92598321104611e-05,0.181430036806503,0.753477130747045,25,20,20
24,5289,0.06501372949291201,6.925983197071209e-05,0.18130710289646298,0.7536099077786563,25,20,20
24,5290,0.07332246988424664,1.4549414217536796e-07,0.17306710428579236,0.7536102803358201,25,20,20
24,5291,0.07418155556228759,8.629394358944983e-08,0.17220808647451943,0.7536102716692505,25,20,20
24,5292,0.07418143178914138,8.62941693852684e-08,0.17686391676137636,0.7489545651553147,25,20,20
24,5293,0.07417148050239485,8.629416901336078e-08,0.17076988497201095,0.7550585482314262,25,20,20
24,5294,0.10568952181739993,6.361869667057855e-08,0.13925799538413378,0.7550524191797705,25,20,20
24,5295,0.10569249636110241,6.361819593832959e-08,0.13925648923971473,0.7550509507809876,25,20,20
24,5296,0.10569654193485281,6.361824393355621e-08,0.13926301336528982,0.755040381081614,25,20,20
24,5297,0.10569655679756332,6.361850868758527e-08,0.13963130430624035,0.7546720752776882,25,20,20
24,5298,0.10569357568683861,6.361851962139566e-08,0.13976071666172127,0.7545456440329211,25,20,20
24,5299,0.10569364327011078,6.361829253099735e-08,0.13975600558936496,0.7545502875222323,25,20,20
24,5300,0.10578240196995889,6.364981048415612e-08,0.13966724644696685,0.7545502879332644,25,20,20
24,5301,0.10601662449576472,6.365200811287055e-08,0.13966743379355523,0.7543158780586721,25,20,20
24,5302,0.10600970251615664,6.36519861582205e-08,0.13966762768886176,0.7543226061429952,25,20,20
24,5303,0.10601266343547881,6.365199551945843e-08,0.1396676024166699,0.7543196704958555,25,20,20
24,5304,0.10601267945802506,6.365200466563971e-08,0.13966771690608473,0.7543195399838858,25,20,20
24,5305,0.10601176737193312,6.36519783084166e-08,0.13966760131864744,0.754320567657441,25,20,20
24,5306,0.10601309192831158,6.365203507140468e-08,0.13967002884817742,0.7543168155714759,25,20,20
24,5307,0.1060151417637353,6.366599756039559e-08,0.13968223112178538,0.754302563448482,25,20,20
24,5308,0.1060150735560468,6.366572808079753e-08,0.1393094036708834,0.754675459107342,25,20,20
24,5309,0.10601905017412436,6.36655462236311e-08,0.13465357481606055,0.7593273113442695,25,20,20
24,5310,0.10602006799438529,6.366562255504711e-08,0.13465824916039149,0.7593216191796014,25,20,20
24,5311,0.10602066802610675,6.366588388298432e-08,0.13491981312015397,0.7590594551878563,25,20,20
24,5312,0.10602461025527841,6.366590875998818e-08,0.13491992817530166,0.759055397903512,25,20,20
24,5313,0.10602152851830925,6.366588130987396e-08,0.13491992557391982,0.7590584822418898,25,20,20
24,5314,0.10257973613632408,6.319262161930114e-08,0.13836171778884715,0.7590584828822072,25,20,20
24,5315,0.10259464349538824,6.319272791397726e-08,0.1383616584426287,0.7590436348692552,25,20,20
24,5316,0.10258486833930704,6.319264698706744e-08,0.13873447306719,0.7586805954008561,25,20,20
24,5317,0.10258832683372891,6.319724935323755e-08,0.13882512244172138,0.7585864875273005,25,20,20
24,5318,0.10258927837528298,6.319725204326006e-08,0.13882037211243042,0.7585902863150347,25,20,20
24,5319,0.10258721346244687,6.318331575724671e-08,0.13880805524696044,0.7586046681072769,25,20,20
24,5320,0.10258335896009861,6.318326358747747e-08,0.13880801859975653,0.7586085592568815,25,20,20
24,5321,0.11265650768190971,2.935737585858093e-08,0.12873489771257982,0.7586085652481352,25,20,20
24,5322,0.11254149575853686,1.5629961352492294e-08,0.12884998940874876,0.7586084992027554,25,20,20
24,5323,0.11254157427958118,1.562977712143027e-08,0.12884337179191954,0.7586150382987248,25,20,20
24,5324,0.11261422431731273,1.563569904270512e-08,0.1289738605344887,0.758411899512502,25,20,20
24,5325,0.11261217391067227,1.5635751906121643e-08,0.1289738657849951,0.7584139446685834,25,20,20
24,5326,0.11261511707093243,1.5635751821650406e-08,0.12898046559312815,0.7584044017001897,25,20,20
24,5327,0.11261499480875908,1.563568930963361e-08,0.12898038032311865,0.7584046092324352,25,20,20
24,5328,0.11255232726107021,1.5629794089122417e-08,0.12885459323821669,0.7585930638709213,25,20,20
24,5329,0.112545337085304,1.5629738265498878e-08,0.1288481450083812,0.7586065022765786,25,20,20
24,5330,0.11254227328099553,1.5629963842667673e-08,0.12910057403014247,0.7583571370589002,25,20,20
24,5331,0.11254432245634062,1.5629910740602714e-08,0.1291004528145051,0.7583552090992454,25,20,20
24,5332,0.11283546703044843,1.55943211522293e-08,0.12880930870600366,0.7583552086692287,25,20,20
24,5333,0.11339744350857002,1.649416291495009e-08,0.12786169357495702,0.7587408464223117,25,20,20
24,5334,0.12865406189224787,9.906803415335221e-10,0.11260514282601776,0.7587407942910557,25,20,20
24,5335,0.12865113596581607,9.90698409951136e-10,0.11259865614942129,0.7587502068940659,25,20,20
24,5336,0.13071297397381604,9.442825888653461e-10,0.11053301860770505,0.7587540064741967,25,20,20
24,5337,0.13071104820373144,9.44207721179915e-10,0.11053302508359186,0.7587559257684697,25,20,20
24,5338,0.13069218365405927,9.505079421758177e-10,0.11055188834148241,0.7587559270539511,25,20,20
24,5339,0.1342045638648742,9.317580386187968e-10,0.10703950870611922,0.7587559264972492,25,20,20
24,5340,0.13420550998388492,9.315638175993638e-10,0.10677343200475585,0.7590210570797958,25,20,20
24,5341,0.1342024633981923,9.315642952543622e-10,0.10677351186999125,0.7590240238002525,25,20,20
24,5342,0.13420050202453754,9.314854127606891e-10,0.10677820462485496,0.7590212924191222,25,20,20
24,5343,0.13420256782870738,9.314455136382724e-10,0.10704424387733258,0.7587531873625148,25,20,20
24,5344,0.13419165567845243,9.412167701872448e-10,0.1180928735381416,0.7477154698421902,25,20,20
24,5345,0.1339310970427671,1.8274674580490523e-09,0.11835342642407262,0.7477154747056938,25,20,20
24,5346,0.13235955754634368,1.825591762599009e-09,0.11992875791141236,0.7477116827166532,25,20,20
24,5347,0.1323625176083571,2.5906354849932193e-09,0.12141977745586725,0.7462177023451417,25,20,20
24,5348,0.1323594521984959,2.5906440003748548e-09,0.12141977649904691,0.7462207687118151,25,20,20
24,5349,0.13250197948057102,3.2208023566538832e-09,0.1212772394471911,0.7462207778514375,25,20,20
24,5350,0.13250197898907146,3.2205595099516608e-09,0.12102484209506391,0.7464731756953068,25,20,20
24,5351,0.13250504498755342,3.220558332285217e-09,0.1210246841208075,0.7464702676710823,25,20,20
24,5352,0.1325079334408058,3.2205577501755393e-09,0.12101827663352983,0.7464737867051078,25,20,20
24,5353,0.1323160955958574,3.3844138003441802e-09,0.12121009942912864,0.7464738015906014,25,20,20
24,5354,0.13231010294633117,3.384404428074677e-09,0.12121001885371192,0.7464798748155537,25,20,20
24,5355,0.13207992726746462,3.3824913916661355e-09,0.12121639364531311,0.7467036757047322,25,20,20
24,5356,0.132081012688648,3.3825286183715923e-09,0.12158926920547936,0.7463297147233454,25,20,20
24,5357,0.1320809801685294,3.3826499612327513e-09,0.12148252324231917,0.746436493206503,25,20,20
24,5358,0.1320730131145881,3.382570615830089e-09,0.12148251913917896,0.7464444643636639,25,20,20
24,5359,0.12800508950825673,2.7175728660983434e-07,0.12555015171513856,0.7464444870193198,25,20,20
24,5360,0.12801200837040516,2.7174747877760885e-07,0.11462471460456777,0.7573630052775495,25,20,20
24,5361,0.12828494715177102,2.717613935533504e-07,0.11448945019897788,0.7572253308878585,25,20,20
24,5362,0.12771548589515577,2.7086162237363236e-07,0.11544455017593128,0.7568396930672925,25,20,20
24,5363,0.12771254253753495,2.708616224527058e-07,0.11544442823815196,0.7568427583626922,25,20,20
24,5364,0.1277135180901721,2.7086184067461524e-07,0.1294054872596932,0.7428807237882958,25,20,20
24,5365,0.12770754380864438,2.7086183510151316e-07,0.12964860024177208,0.7426435850877501,25,20,20
24,5366,0.12770745736506303,2.7086179897665576e-07,0.12964859807434434,0.7426436736987957,25,20,20
24,5367,0.12771856516816413,2.708757399960873e-07,0.12982097245034602,0.7424601915057518,25,20,20
24,5368,0.12777930310231964,2.7088834965759033e-07,0.1297602317755708,0.7424601942337623,25,20,20
24,5369,0.12778140775154423,2.7088806827699904e-07,0.12940122033418577,0.7428171010262039,25,20,20
24,5370,0.1277953886114326,2.7088813942312497e-07,0.14047567136062775,0.7317286691398024,25,20,20
24,5371,0.1277923616576993,2.708956419267147e-07,0.14057895179901522,0.7316284156476456,25,20,20
24,5372,0.12779236177757902,2.708956419902495e-07,0.14523646689540123,0.7269709004313796,25,20,20
24,5373,0.12779236204301664,2.7089564214801185e-07,0.14523650652262307,0.72697086053872,25,20,20
24,5374,0.12779933557410977,2.7089577059172237e-07,0.14534434627932902,0.7268560472507924,25,20,20
24,5375,0.12779134741220063,2.7089570843633777e-07,0.13426997642537422,0.7379384052667187,25,20,20
24,5376,0.1277908682072898,2.70891088328395e-07,0.13417921366396546,0.7380296472376583,25,20,20
24,5377,0.12316208162007745,2.722975140962593e-07,0.1388071332882534,0.738030512794157,25,20,20
24,5378,0.12315996373871807,2.7229749392206687e-07,0.13843418141214042,0.7384055825516498,25,20,20
24,5379,0.12316008673309169,2.722975119275262e-07,0.1384341495720343,0.7384054913973641,25,20,20
24,5380,0.12645211659573763,2.9742526504325465e-07,0.1351425809297643,0.7384050050492351,25,20,20
24,5381,0.12676130342097836,2.957425945435776e-07,0.13483342479573954,0.7384049760406896,25,20,20
24,5382,0.12676142038825497,2.957426152127433e-07,0.1349179217916295,0.738320362077502,25,20,20
24,5383,0.12676434648726426,2.9574261280464384e-07,0.13478851161001093,0.7384468461601134,25,20,20
24,5384,0.08942258185952777,2.998207751955639e-07,0.17213064870040767,0.7384464696192891,25,20,20
24,5385,0.08942461672325078,2.998207771997178e-07,0.17213992608822096,0.7384351573677508,25,20,20
24,5386,0.08941755740725171,2.9982046996577315e-07,0.1721333363306396,0.7384488064416384,25,20,20
24,5387,0.08941755682165782,2.99820469402552e-07,0.17213322335758263,0.7384489200002905,25,20,20
24,5388,0.08941760814237569,2.990557401486724e-07,0.17064692716010646,0.7399351656417774,25,20,20
24,5389,0.08942062130050774,2.9905600249714707e-07,0.17065175975629152,0.7399273198871981,25,20,20
24,5390,0.08942070664082193,2.99056003200921e-07,0.17063942189357748,0.7399395724095972,25,20,20
24,5391,0.08942348045885334,2.990751195869406e-07,0.17063664753847788,0.739939572927549,25,20,20
24,5392,0.08915054303319637,2.990612284499744e-07,0.17050587143439408,0.7403432864711809,25,20,20
24,5393,0.08902396984224094,2.990456053038704e-07,0.17063244474092557,0.7403432863712279,25,20,20
24,5394,0.0890279412597737,2.990598235056799e-07,0.1706454233284194,0.7403263363519832,25,20,20
24,5395,0.08902487324060218,2.9905969997932583e-07,0.1703791844878193,0.7405956432118782,25,20,20
24,5396,0.08901371312470437,2.9904574998129027e-07,0.17020684245560042,0.7407791453739453,25,20,20
24,5397,0.08901572634545447,2.990457141526009e-07,0.17020691774496932,0.7407770568638622,25,20,20
24,5398,0.0929506024076203,3.241896030182289e-08,0.1662723214605586,0.7407770437128609,25,20,20
24,5399,0.12548177317732406,1.93224437849422e-09,0.13374116413008924,0.7407770607603426,25,20,20
24,5400,0.1254797603808769,1.9326147848039066e-09,0.13390826869220263,0.7406119689943061,25,20,20
24,5401,0.12547867329791315,1.9326706196515357e-09,0.13390819222654815,0.7406131325428685,25,20,20
24,5402,0.12467302310235485,1.178989782532917e-08,0.13471179947390854,0.7406151656338392,25,20,20
24,5403,0.12467214498408533,1.1789696724286659e-08,0.1207460692224183,0.7545817740038002,25,20,20
24,5404,0.12467214593611123,1.1789696973614819e-08,0.12074623057031704,0.7545816117038753,25,20,20
24,5405,0.1246692005841317,1.178944083341712e-08,0.12074612915615138,0.7545846584702767,25,20,20
24,5406,0.08498445193720798,1.1800804637245915e-08,0.16042692034380152,0.7545886159181889,25,20,20
24,5407,0.08491414582550272,1.1788527194373725e-08,0.16050118364607804,0.7545846587398951,25,20,20
24,5408,0.08548674960952297,1.2252420721389906e-06,0.14114193300402567,0.773370092144383,25,20,20
24,5409,0.08548258763984355,1.2252278621016895e-06,0.14112729283412595,0.7733888942981717,25,20,20
24,5410,0.08548045661372455,1.2252278990909404e-06,0.14128971729610448,0.773228600862275,25,20,20
24,5411,0.07616809252911874,2.6562993345294297e-06,0.15059370353753765,0.7732355476340065,25,20,20
24,5412,0.07616416768219207,2.656299291348477e-06,0.15059832003701076,0.7732348559815034,25,20,20
24,5413,0.07616914371312608,2.6562993424135323e-06,0.15058911929707108,0.7732390806904579,25,20,20
24,5414,0.07616913990937428,2.6562993108838735e-06,0.15034410389070743,0.7734840999006048,25,20,20
24,5415,0.0761690207382652,2.656299380669528e-06,0.15658520358749528,0.7672431193748563,25,20,20
24,5416,0.07641145657574532,2.6562994021711117e-06,0.15658570843567735,0.7670001786891727,25,20,20
24,5417,0.10599433597293462,1.228215684456459e-06,0.1270111961761585,0.7669932396352217,25,20,20
24,5418,0.10599332001068831,1.2282157553511183e-06,0.1270157159564082,0.7669897358171472,25,20,20
24,5419,0.10598643109171203,1.2282157977653192e-06,0.12710787987095595,0.7669044608215333,25,20,20
24,5420,0.1059865870562062,1.2282158055922139e-06,0.1272000346082371,0.7668121501197501,25,20,20
24,5421,0.10598744661795548,1.228215836001049e-06,0.1272047112369864,0.7668066139292209,25,20,20
24,5422,0.10599646051883596,1.2282156256643601e-06,0.1272000851923486,0.7668022260731889,25,20,20
24,5423,0.105996305243204,1.2282156179333403e-06,0.12711441902063556,0.7668880475205416,25,20,20
24,5424,0.10599728930550645,1.228234253307672e-06,0.1273774393006258,0.7666240431596135,25,20,20
24,5425,0.1060002846528251,1.22823424915175e-06,0.12737746473843609,0.766621022374489,25,20,20
24,5426,0.10793973778546745,1.22812153441461e-06,0.12543802939774662,0.7666210046952502,25,20,20
24,5427,0.10794073757484272,1.2281214502800293e-06,0.12543342694621595,0.7666246073574898,25,20,20
24,5428,0.10793970289016035,1.2281028090276182e-06,0.12517252405115883,0.7668865449558706,25,20,20
24,5429,0.1079436798328543,1.2281028391978506e-06,0.12517469178696106,0.7668804002773442,25,20,20
24,5430,0.10794376558345715,1.2281028711539845e-06,0.12517045670588783,0.7668845496077827,25,20,20
24,5431,0.10794283531241979,1.2281025066093832e-06,0.12501209422436027,0.7670438423607122,25,20,20
24,5432,0.1079398023945009,1.2281025063361551e-06,0.12501193121705306,0.7670470382859382,25,20,20
24,5433,0.10799706349443486,1.2165496295121037e-06,0.12495668890143502,0.7670450310544994,25,20,20
24,5434,0.10866114505827705,1.2167371593378104e-06,0.12429264054756406,0.7670449976569997,25,20,20
24,5435,0.10866410716661715,1.2167371279108872e-06,0.12429027472296691,0.7670444013732882,25,20,20
24,5436,0.10866407101620944,1.216737145269542e-06,0.12429027749975663,0.7670444347468889,25,20,20
24,5437,0.12643247791661646,1.2168771796987794e-06,0.10652186577072342,0.7670444394354814,25,20,20
24,5438,0.12643333548083735,1.2168771964325908e-06,0.10652838944485818,0.7670370581971093,25,20,20
24,5439,0.12643356507604483,1.216877500737091e-06,0.1065306111990083,0.7670346068474474,25,20,20
24,5440,0.12643163981062044,1.2168774121282062e-06,0.10653049123682098,0.7670366520751475,25,20,20
24,5441,0.12643458213156492,1.2168774130527533e-06,0.10187464756175903,0.7716895534292643,25,20,20
24,5442,0.12643458242350453,1.2168774171689472e-06,0.10224764624052188,0.7713165544585577,25,20,20
24,5443,0.1264315872142684,1.2168773995916947e-06,0.10224993508211157,0.7713172608262217,25,20,20
24,5444,0.1264284315039691,1.2168771175943692e-06,0.10225227239666879,0.7713180792222458,25,20,20
24,5445,0.12642450759520357,1.2168772935435491e-06,0.10223678710660813,0.7713374884208954,25,20,20
24,5446,0.11695539152739653,1.4487766856002783e-06,0.11170567368471936,0.771337486011199,25,20,20
24,5447,0.11695245030993673,1.448776686086148e-06,0.11170559615378792,0.7713405047595893,25,20,20
24,5448,0.11718864933671419,1.448780480565436e-06,0.11170895441693088,0.7711009474658741,25,20,20
24,5449,0.11719518563574888,1.4487806985404696e-06,0.11171504181580999,0.7710883237677423,25,20,20
24,5450,0.11655674411756556,2.3531441911902446e-07,0.09115231996249214,0.7922907006055233,25,20,20
24,5451,0.1165567978162213,2.353143772646078e-07,0.09115237514316206,0.7922905917262395,25,20,20
24,5452,0.11655679719534202,2.3531429946056674e-07,0.09106021019244512,0.7923827572979135,25,20,20
24,5453,0.11655596957463212,2.3531419570447032e-07,0.08481780646774183,0.7986259886434302,25,20,20
24,5454,0.11655158695006636,2.3531420118047726e-07,0.0848137167558006,0.7986344609799315,25,20,20
24,5455,0.11655483022816608,2.353141976510633e-07,0.08444084286728128,0.7990040915903546,25,20,20
24,5456,0.11655482994263922,2.353141921148425e-07,0.08443213216275293,0.7990128025804155,25,20,20
24,5457,0.11655472688924773,2.3532797538873827e-07,0.08480150720083944,0.7986435305819373,25,20,20
24,5458,0.1165545394864809,2.3532798914389477e-07,0.08480608378607407,0.7986391413994557,25,20,20
24,5459,0.1381881375510818,2.3520051342583348e-07,0.06317249133990187,0.7986391359085028,25,20,20
24,5460,0.13794969536578125,2.352005624376467e-07,0.0631674069074196,0.7988826625262369,25,20,20
24,5461,0.13795281266703607,2.3518681520326752e-07,0.06279997637226666,0.7992469757738822,25,20,20
24,5462,0.13795570341937702,2.3518681558022436e-07,0.06280646371904659,0.7992375976747609,25,20,20
24,5463,0.13795580810515173,2.351868333468175e-07,0.06279965444664592,0.7992443022613693,25,20,20
24,5464,0.1455421625810837,2.3221096851885882e-07,0.055213111428541274,0.7992444937794064,25,20,20
24,5465,0.14530596232958295,2.322071743450174e-07,0.05521635500695517,0.7994774504562873,25,20,20
24,5466,0.1452244993317206,2.3200628134470385e-07,0.05529781614781831,0.7994774525141795,25,20,20
24,5467,0.14522745777395912,2.3199877845693552e-07,0.055194619150174484,0.7995776910770878,25,20,20
24,5468,0.1452344458069476,2.3199882238265918e-07,0.05519461938337131,0.7995707028108582,25,20,20
24,5469,0.14523353630693892,2.3199884877778368e-07,0.055194604024343376,0.7995716276698686,25,20,20
24,5470,0.14523364077157694,2.319988666680011e-07,0.05519231177027684,0.7995738154592792,25,20,20
24,5471,0.14523148076446316,2.3199895183688972e-07,0.06143340902415708,0.7933348782124277,25,20,20
24,5472,0.14486993482885333,5.250557327641092e-07,0.061793290205322184,0.7933362499100916,25,20,20
24,5473,0.1448852914394917,5.250557786646256e-07,0.05581176779946587,0.7993024157052635,25,20,20
24,5474,0.14488921229218985,5.250555177435435e-07,0.05571941779913512,0.7993908448531569,25,20,20
24,5475,0.14467687934357099,5.25553612362686e-07,0.05593175359065583,0.7993908415121629,25,20,20
24,5476,0.1446758999829975,5.255535779284995e-07,0.05592522844320417,0.7993983460202222,25,20,20
24,5477,0.14525635403509296,5.256058547211307e-07,0.05534496379442129,0.799398156564633,25,20,20
24,5478,0.14583303158829777,5.256700261631272e-07,0.055356156672716886,0.798810286068961,25,20,20
24,5479,0.1458331198679784,5.256700436201655e-07,0.05535097664790209,0.7988153778140777,25,20,20
24,5480,0.1458360611519983,5.256700256763353e-07,0.05535983111543777,0.79880358206254,25,20,20
24,5481,0.14538427595911854,2.3257723538871063e-07,0.05581328293304828,0.7988022085305996,25,20,20
24,5482,0.14538513600382924,2.3257725171584635e-07,0.05581977004800171,0.7987948613709192,25,20,20
24,5483,0.14538339088325494,2.3257778068740967e-07,0.05581985275863363,0.7987965237803322,25,20,20
24,5484,0.1453803440400021,2.3257778146797467e-07,0.055811074022507325,0.7988083493597106,25,20,20
24,5485,0.14536924611985905,2.3257771648287528e-07,0.05581556660871805,0.7988149546937087,25,20,20
24,5486,0.1453692461129779,2.325777121411051e-07,0.05581746887582652,0.7988130524334857,25,20,20
24,5487,0.1453662836824278,2.325780104205573e-07,0.05582409110009968,0.7988093926394642,25,20,20
24,5488,0.14536327549356837,2.3257800649505513e-07,0.05594699228735858,0.7986894996410685,25,20,20
24,5489,0.15966459193789026,1.0952174014553192e-06,0.0416406896996369,0.7986936231450724,25,20,20
24,5490,0.15967157843756757,1.0952174396461235e-06,0.04164725344732633,0.7986800728976674,25,20,20
24,5491,0.15967154272082926,1.0952174310105396e-06,0.04164945658991929,0.7986779054718215,25,20,20
24,5492,0.1596644313297374,1.0952173646533398e-06,0.041642877076911174,0.7986915963759879,25,20,20
24,5493,0.15967805344775937,1.0954888229576667e-06,0.041629269037377965,0.7986915820260408,25,20,20
24,5494,0.15967492163737468,1.0954887606588216e-06,0.041625016314332124,0.7986989665595339,25,20,20
24,5495,0.1590962290495781,1.0954246234209711e-06,0.04161222956557339,0.7992904459602262,25,20,20
24,5496,0.1590953182568533,1.0954246160909782e-06,0.04161032408895152,0.7992932622295805,25,20,20
24,5497,0.15909007532823055,1.0954240473901152e-06,0.04161043559533395,0.7992983936523896,25,20,20
24,5498,0.1590831581189941,1.0954240270310867e-06,0.04160818177448857,0.7993075646824919,25,20,20
24,5499,0.15896777094018635,1.1552901899252838e-06,0.04172350404564165,0.7993075697239838,25,20,20
24,5500,0.15896771170788473,1.1552901973352862e-06,0.041718999033156526,0.7993121339687626,25,20,20
24,5501,0.1589677113940432,1.1552901970073432e-06,0.041719087023329895,0.7993120462924311,25,20,20
24,5502,0.15896778145835835,1.1552902062279232e-06,0.04171900725588626,0.7993120559955499,25,20,20
24,5503,0.15896483609719475,1.1552902098191157e-06,0.04171924270532533,0.799314765907271,25,20,20
24,5504,0.1590872354080254,1.1552923604211389e-06,0.04171492710566459,0.7991966821939505,25,20,20
24,5505,0.1590942932030255,1.155292386740381e-06,0.04158562610873887,0.7993189253958498,25,20,20
24,5506,0.1591052423003885,1.1552924650892308e-06,0.04158551729988339,0.7993080851072638,25,20,20
24,5507,0.15934459932279613,1.1552946549742322e-06,0.041585783917328235,0.799068461465221,25,20,20
24,5508,0.15934452924540612,1.1552946321609022e-06,0.04159226745331945,0.7990620480066423,25,20,20
24,5509,0.15934163768189813,1.1552946288345256e-06,0.04159207144390436,0.7990651355795688,25,20,20
24,5510,0.15910222730829915,1.1552924303518239e-06,0.04159650194554187,0.7993001154537288,25,20,20
24,5511,0.1589827875556149,1.1552904604630474e-06,0.05265010751234648,0.788365949641578,25,20,20
24,5512,0.15898273396228543,1.1552904426713774e-06,0.05265008177423909,0.7883660289730323,25,20,20
24,5513,0.1589830672819443,1.155290460857682e-06,0.052650050127651206,0.7883657272999431,25,20,20
24,5514,0.1589830170760875,1.1552905177550494e-06,0.052656658380525696,0.7883591692528685,25,20,20
24,5515,0.1736427005719841,2.9220509434792406e-07,0.038001964994675765,0.7883550422282457,25,20,20
24,5516,0.17364564589980627,2.922050902840962e-07,0.03800642826769883,0.7883476336274046,25,20,20
24,5517,0.1736445698964442,2.92205411232123e-07,0.03799996559674307,0.7883551723014015,25,20,20
24,5518,0.17364458787043577,2.9220595029102524e-07,0.038002007604199445,0.7883531123194145,25,20,20
24,5519,0.1736356187241519,2.922059600120372e-07,0.03800226636562444,0.7883618227042638,25,20,20
24,5520,0.1736365965277261,2.922059982373984e-07,0.03800463198885851,0.7883584792774172,25,20,20
24,5521,0.1736436937092731,2.922060339630057e-07,0.038094672095031056,0.7882613419896619,25,20,20
24,5522,0.17364468142859932,2.922060780566532e-07,0.03809005579540438,0.7882649705699181,25,20,20
24,5523,0.17364690618726994,2.9220608454596846e-07,0.03808780679376996,0.7882649948128756,25,20,20
24,5524,0.17364903809314847,2.9220604059985913e-07,0.03808772414717856,0.7882629455536323,25,20,20
24,5525,0.1736423283240631,2.922060289686497e-07,0.03808112167794548,0.7882762577919624,25,20,20
24,5526,0.1736413465097113,2.922059943504466e-07,0.038074626474446906,0.7882837348098474,25,20,20
24,5527,0.1736372671298891,2.922059672928469e-07,0.03798886920699441,0.7883735714571491,25,20,20
24,5528,0.173640261352774,2.9220543752381477e-07,0.03798682715091097,0.7883726192908773,25,20,20
24,5529,0.17364125984345052,2.9220550500690755e-07,0.03825345755759223,0.7881049903934522,25,20,20
24,5530,0.17363728154332161,2.9220549582423427e-07,0.038519508684966904,0.7878429175662157,25,20,20
24,5531,0.172358280539722,5.997704715670473e-05,0.03973262422533638,0.7878491181877851,25,20,20
24,5532,0.17235530233062474,5.9977046948371e-05,0.02867874758855255,0.7989059730338747,25,20,20
24,5533,0.17278895267867653,5.9976841224872926e-05,0.028245097045980057,0.7989059734341188,25,20,20
24,5534,0.1737749103245922,5.997840028519469e-05,0.027259043629351724,0.7989060676457711,25,20,20
24,5535,0.17377683535469457,5.99784002802174e-05,0.027252561312913485,0.798910624932112,25,20,20
24,5536,0.17378347478990516,5.997840029682079e-05,0.027254102303449695,0.7989024445063486,25,20,20
24,5537,0.17378361483222537,5.997840031534847e-05,0.027253989235531673,0.7989024175319281,25,20,20
24,5538,0.1737927542280229,5.9978400402175385e-05,0.027255714327097808,0.7988915530444771,25,20,20
24,5539,0.17403273406823147,5.99784025457447e-05,0.0276266702933582,0.7982806172358649,25,20,20
24,5540,0.17402967107519798,5.997840253735666e-05,0.027755958681383416,0.7981543918408814,25,20,20
24,5541,0.17402946140065137,5.997840250045184e-05,0.027755839302231942,0.7981547208946167,25,20,20
24,5542,0.17379245983239727,5.9978400371635335e-05,0.02738724961373362,0.7987603121534979,25,20,20
24,5543,0.1737955283640277,5.997840087086875e-05,0.027125066095479326,0.799019427139623,25,20,20
24,5544,0.17377630349656104,5.997840023103669e-05,0.027121186136782445,0.7990425319664264,25,20,20
24,5545,0.17376927822713648,5.9978400178490145e-05,0.027121220877854565,0.7990495224948313,25,20,20
24,5546,0.16362870427276455,2.3370324307516366e-07,0.037327745161156785,0.7990433168628367,25,20,20
24,5547,0.1636307186712239,2.3370320840389228e-07,0.03732790669432892,0.7990411409312397,25,20,20
24,5548,0.16363159782947234,2.337034641664174e-07,0.041984999564745974,0.7943831689023181,25,20,20
24,5549,0.16388700344922383,2.337524144944954e-07,0.03733625832068933,0.7987765044776729,25,20,20
24,5550,0.16388800353023442,2.3375233471590506e-07,0.03733599211016897,0.7987757706072623,25,20,20
24,5551,0.1638859884299027,2.3375236076333844e-07,0.037336110235064675,0.7987776675826724,25,20,20
24,5552,0.17457628643436338,2.337204593590558e-07,0.026645809785131692,0.7987776700600462,25,20,20
24,5553,0.1740534966833747,2.446050667769924e-07,0.027167830715615727,0.7987784279959435,25,20,20
24,5554,0.169618419599166,2.580250570033375e-07,0.03159954879742311,0.7987817735783547,25,20,20
24,5555,0.169703270425462,2.4703229897773636e-07,0.03151546831980188,0.7987810142224379,25,20,20
24,5556,0.18302334516444968,1.6558533793913516e-08,0.018194934980174746,0.7987817032968423,25,20,20
24,5557,0.17082918808466233,1.6538977442034737e-08,0.030389095210146082,0.7987817001662144,25,20,20
24,5558,0.17082918685504894,1.6538977447721382e-08,0.03039379484338207,0.7987770017625918,25,20,20
24,5559,0.17083021079286367,1.6538928632191746e-08,0.030398370029483014,0.798771402638725,25,20,20
24,5560,0.17083014809203648,1.653845593845018e-08,0.030404780556579313,0.7987650548129283,25,20,20
24,5561,0.17083398626831867,1.6538472558276792e-08,0.030141694049591602,0.7990243031436174,25,20,20
24,5562,0.1708348834098111,1.653823983732098e-08,0.03013518890805501,0.7990299111438941,25,20,20
24,5563,0.1708408784927108,1.6538239626964052e-08,0.030135075525598735,0.7990240294434509,25,20,20
24,5564,0.17084084065176156,1.6538239341738343e-08,0.030128556147838083,0.7990305866621619,25,20,20
24,5565,0.1708369334967734,1.653822713846904e-08,0.030258031831966677,0.7989050181330336,25,20,20
24,5566,0.17082785310748266,1.6538163141283727e-08,0.03025631210244904,0.7989158182519059,25,20,20
24,5567,0.17083078889427036,1.6538148609372502e-08,0.030256225782843264,0.7989129687847387,25,20,20
24,5568,0.17083781600407402,1.653816816184455e-08,0.030260837747057824,0.7989013297107008,25,20,20
24,5569,0.15435977347684648,1.6568868488739343e-08,0.046738870747229655,0.7989013392070575,25,20,20
24,5570,0.15436289191331007,1.6569099142418147e-08,0.04661422120444841,0.799022870313144,25,20,20
24,5571,0.15435982687651925,1.6569111881752712e-08,0.046616124804562696,0.7990240317498079,25,20,20
24,5572,0.15435385160430604,1.656911664252005e-08,0.04662112287905022,0.7990250089475281,25,20,20
24,5573,0.13894957096774876,2.5189919957084573e-08,0.062025123889607625,0.7990252799527262,25,20,20
24,5574,0.13894830969765393,2.5190193499367233e-08,0.062027593683227744,0.7990240714289273,25,20,20
24,5575,0.15460624677400325,1.1752856946098774e-08,0.046373014794544386,0.7990207266785978,25,20,20
24,5576,0.1545993357930677,1.1752817998386727e-08,0.04637455532448562,0.7990260971296311,25,20,20
24,5577,0.1546023840149016,1.1752835815905896e-08,0.04637463002325318,0.7990229742090116,25,20,20
24,5578,0.15472428371647004,1.0344935078497867e-08,0.04625341157919606,0.7990222943594012,25,20,20
24,5579,0.154724342451286,1.0344952810828659e-08,0.04624878759801786,0.7990268596057456,25,20,20
24,5580,0.17890667046378061,2.0028177494497248e-08,0.022061780088344144,0.7990315294196978,25,20,20
24,5581,0.1789067082041212,2.0027933720199522e-08,0.022063546225476318,0.799029725542469,25,20,20
24,5582,0.17890584591188863,2.0041698158762656e-08,0.022437421053037587,0.7986567129933759,25,20,20
24,5583,0.178915813769176,2.004174848430071e-08,0.02243083765896834,0.7986533285301074,25,20,20
24,5584,0.17891574604650096,2.002792703065666e-08,0.0220567628768964,0.7990274710486759,25,20,20
24,5585,0.17892571266324592,2.00281814424974e-08,0.0220562279054543,0.7990180394031187,25,20,20
24,5586,0.17893264165169828,2.0028728213343687e-08,0.022148413752444744,0.798918924567129,25,20,20
24,5587,0.17893659310795987,2.002874994684028e-08,0.02214379683147124,0.7989195900318192,25,20,20
24,5588,0.1789364465521482,2.002876717135787e-08,0.022137275730853306,0.7989262576882317,25,20,20
24,5589,0.17892941204143095,2.0028193662514047e-08,0.022045008390601827,0.7990255595397738,25,20,20
24,5590,0.1789274856255456,2.0027877206662777e-08,0.022040170256316015,0.7990323240902615,25,20,20
24,5591,0.17892743425406096,2.002786948959823e-08,0.02204677423833726,0.7990257714797326,25,20,20
24,5592,0.1560470205156101,4.460724304826042e-08,0.044927171409882234,0.7990257634672671,25,20,20
24,5593,0.15604708934882672,4.460725257871423e-08,0.04492717411915576,0.799025691924767,25,20,20
24,5594,0.15605022498355517,4.4621213642745394e-08,0.04493288672300841,0.7990168436722249,25,20,20
24,5595,0.11642255637918902,4.46033676120601e-08,0.045010009706248535,0.8385673893111973,25,20,20
24,5596,0.1164225729380232,4.4603394587858606e-08,0.045010093149085245,0.8385672893094994,25,20,20
24,5597,0.11641570085143499,4.460337356953558e-08,0.045383006032783973,0.8382012485124102,25,20,20
24,5598,0.11631427372819765,4.458426368427453e-08,0.045050883978321694,0.8386347977092194,25,20,20
24,5599,0.11606484324254872,4.4535074045767796e-08,0.04504253694784122,0.8388925752745391,25,20,20
24,5600,0.1160688045101778,4.4535090641079034e-08,0.04504473718600224,0.8388864137687324,25,20,20
24,5601,0.11608160707753204,4.4536162808264006e-08,0.04517414535134654,0.8387442030349616,25,20,20
24,5602,0.1160815537638534,4.453615006182404e-08,0.04516754259938199,0.8387508591006173,25,20,20
24,5603,0.11608477957451449,4.511042026549323e-08,0.056251788750479564,0.827663386564588,25,20,20
24,5604,0.11608176525725579,4.511040656712311e-08,0.05612242358242924,0.8277957660499103,25,20,20
24,5605,0.11608854646982697,4.511041876211664e-08,0.05612403823294583,0.8277873701868106,25,20,20
24,5606,0.11610050932812997,4.5110760469464175e-08,0.05612887896493163,0.8277705665961801,25,20,20
24,5607,0.11610362308965932,4.511076043363905e-08,0.05612648580792948,0.827769845991653,25,20,20
24,5608,0.11609959128281147,4.5110732267507504e-08,0.05612187369574669,0.8277784899107118,25,20,20
24,5609,0.11609964307435014,4.5110983114897184e-08,0.056495308627328,0.8274050031873409,25,20,20
24,5610,0.11608382739362032,4.510990111960465e-08,0.05636578789481028,0.8275503396016702,25,20,20
24,5611,0.1159443341687226,0.00013097680338693596,0.05637434785497374,0.827550341172921,25,20,20
24,5612,0.11940664501451038,0.00013095849941197792,0.052916994923123746,0.8275454015629583,25,20,20
24,5613,0.11941454602085103,0.0001309584994465287,0.05292007508166228,0.8275344203980444,25,20,20
24,5614,0.11941456137439686,0.00013095849970513518,0.052922710269370725,0.8275317698565314,25,20,20
24,5615,0.11667807615421641,0.0001312589049760963,0.05565685719350641,0.8275338077473054,25,20,20
24,5616,0.11667110431000227,0.00013125890493722876,0.05566188136048671,0.8275357554245781,25,20,20
24,5617,0.11666812520462046,0.00013125890492817952,0.05566183175740675,0.8275387841330487,25,20,20
24,5618,0.11666403412492901,3.276054583781656e-07,0.05579685802732011,0.8275387802422967,25,20,20
24,5619,0.11666496150623765,3.2760549332826954e-07,0.055796747868497275,0.827537963019776,25,20,20
24,5620,0.11745413181566508,3.2769684049243846e-07,0.055007577076923,0.8275379634105756,25,20,20
24,5621,0.11745226675826963,3.271226191297124e-07,0.04392803259675551,0.8386193735223597,25,20,20
24,5622,0.11545054752793256,3.2769597991884395e-07,0.04592969944941458,0.8386194253266771,25,20,20
24,5623,0.1154557205382126,3.27696814680634e-07,0.04592988393246949,0.8386140678325072,25,20,20
24,5624,0.11545595468202798,3.276968447229842e-07,0.04592996586418915,0.838613751756942,25,20,20
24,5625,0.11545889796801248,3.27696602635518e-07,0.045556643513984564,0.8389841308214039,25,20,20
24,5626,0.07828055451108898,1.884407326759275e-06,0.08273347880454468,0.8389840822770381,25,20,20
24,5627,0.07827954196446157,1.8844072510185035e-06,0.08272688546920925,0.838991688159077,25,20,20
24,5628,0.07828050713463433,1.8844072949840627e-06,0.08273334754951148,0.838984260908558,25,20,20
24,5629,0.07827651279557521,1.8844072600319763e-06,0.08273334377951563,0.838988259017648,25,20,20
24,5630,0.07828455262941712,1.8844073397799536e-06,0.08273331706910282,0.8389802458941392,25,20,20
24,5631,0.07828250343405188,1.884407392891894e-06,0.0827332037176971,0.8389824084408573,25,20,20
24,5632,0.0781968496096646,3.271357385357444e-07,0.08282040357556499,0.8389824196790312,25,20,20
24,5633,0.06632860320216467,3.271623219425899e-07,0.09468865055777634,0.8389824190777375,25,20,20
24,5634,0.06633857117382833,3.271625996519263e-07,0.09469600214395398,0.8389650995196182,25,20,20
24,5635,0.0663407927627847,3.2716255630684524e-07,0.09469822338418638,0.8389606566904727,25,20,20
24,5636,0.06632882892652918,3.2716221413744704e-07,0.09469349769114178,0.8389773462201151,25,20,20
24,5637,0.06632092877167393,3.271621598648748e-07,0.09469354936186238,0.8389851947043035,25,20,20
24,5638,0.06632476440908264,3.2714824155629634e-07,0.09468123437428537,0.8389936740683901,25,20,20
24,5639,0.06747449247287206,1.674856538583718e-06,0.0935238579258744,0.8389999747447132,25,20,20
24,5640,0.06747721903754741,1.6748567628550358e-06,0.09352768838925257,0.8389934177164357,25,20,20
24,5641,0.06746635822458004,1.6748564459947702e-06,0.0932681230324543,0.839263843886518,25,20,20
24,5642,0.06746634414543481,1.6748561921527335e-06,0.09326235754302516,0.8392696234553461,25,20,20
24,5643,0.07906399180558382,1.6747301349404877e-06,0.08166470422820504,0.8392696292360757,25,20,20
24,5644,0.07906363064654827,1.6747301266564012e-06,0.08178998106058737,0.8391447135627372,25,20,20
24,5645,0.07931776224874704,1.6747324886409263e-06,0.08187569675954391,0.8388048662592199,25,20,20
24,5646,0.07861290082622857,1.6747254913053902e-06,0.08258043417443314,0.8388049902738476,25,20,20
24,5647,0.07861286628921031,1.6747254830018042e-06,0.08258262452825647,0.8388028344570506,25,20,20
24,5648,0.07860601937159557,1.6747254931209e-06,0.08258732472987158,0.83880498117304,25,20,20
24,5649,0.07860603712733873,1.6747254660508202e-06,0.08258732129026466,0.8388049668569308,25,20,20
24,5650,0.04181384060544685,1.3733005943009539e-06,0.1193819478184012,0.8388028382755561,25,20,20
24,5651,0.042325803856493704,1.3742536370314221e-06,0.11887012306965866,0.83880269882021,25,20,20
24,5652,0.04232869528442601,1.3742536403559862e-06,0.11886348013513116,0.8388064503268018,25,20,20
24,5653,0.04232876191473785,1.3742536534904465e-06,0.11886851338083497,0.838801350450773,25,20,20
24,5654,0.04233567826366958,1.3742536621079033e-06,0.11886385702120203,0.8387990904614654,25,20,20
24,5655,0.042332681627042845,1.3742536747703904e-06,0.11899107837138248,0.838674865747899,25,20,20
24,5656,0.042332788149832205,1.3742534122348343e-06,0.11898724736122061,0.8386785902355338,25,20,20
24,5657,0.04233483716405522,1.374253398262795e-06,0.11885726975987028,0.8388065188226744,25,20,20
24,5658,0.042334888896587826,1.374253426640714e-06,0.11886196908615337,0.8388017677638304,25,20,20
24,5659,0.041183643326310394,4.075513188698957e-08,0.11942429134975076,0.8393920245688045,25,20,20
24,5660,0.04066762817405682,3.979330224560216e-08,0.11994030573964148,0.8393920262929985,25,20,20
24,5661,0.038493731590314606,1.3354480874022939e-06,0.12211275279569582,0.8393921801658984,25,20,20
24,5662,0.03878426211613957,1.3352046738273164e-06,0.12182222834671631,0.8393921743324664,25,20,20
24,5663,0.03878142616826088,1.3352062484348415e-06,0.12182450831282758,0.8393927303126594,25,20,20
24,5664,0.03877835151272041,1.3352065147158397e-06,0.12182697233445668,0.8393933409463044,25,20,20
24,5665,0.03884463113150791,1.3349077863329985e-06,0.12176069278410066,0.8393933411766012,25,20,20
24,5666,0.03883765763236557,1.3349077522155365e-06,0.12176068881929675,0.8394003186405814,25,20,20
24,5667,0.019013035162003228,4.842105482066272e-07,0.14158628470516826,0.8394001959222767,25,20,20
24,5668,0.019016152576705983,4.84210513610137e-07,0.14158634375372114,0.8393970194590565,25,20,20
24,5669,0.01901904910221389,4.842105001338214e-07,0.14121804505661584,0.8397624216306678,25,20,20
24,5670,0.019016125156636525,4.842107455507247e-07,0.14121573920794817,0.8397676514246675,25,20,20
24,5671,0.019015949223199,4.842091621234404e-07,0.14121357242483262,0.8397699941428042,25,20,20
24,5672,0.01902195796394524,4.842091575587443e-07,0.14121532191217775,0.8397622359147177,25,20,20
24,5673,0.019020116578245216,4.842094403086358e-07,0.14130689276512348,0.8396725064471897,25,20,20
24,5674,0.018768230691343018,4.842070356299455e-07,0.14121460068425257,0.8400166844173679,25,20,20
24,5675,0.01876511290356642,4.842070350342559e-07,0.14121930230485047,0.8400151005845479,25,20,20
24,5676,0.018766905458308152,4.8420676115928e-07,0.14112764871884145,0.8401049616160889,25,20,20
24,5677,0.018764890613621975,4.842067961349493e-07,0.14113227070519777,0.8401023544743833,25,20,20
24,5678,0.01876863604120417,4.842068471115287e-07,0.1411322736064623,0.8400986061454857,25,20,20
24,5679,0.019264513159012227,4.842076132693372e-07,0.1406363986675651,0.8400986039658087,25,20,20
24,5680,0.019263583755386962,4.842075780737902e-07,0.14063181002416597,0.8401041220128685,25,20,20
24,5681,0.019267653982887652,4.842075815973602e-07,0.14062948432781536,0.8401023774817153,25,20,20
24,5682,0.019260588029655273,4.842075498632667e-07,0.14062722223563853,0.8401117055271563,25,20,20
24,5683,0.01925949843082404,4.842076249161441e-07,0.1410002144312084,0.8397398029303424,25,20,20
24,5684,0.027092730347503258,4.842402834253172e-07,0.13316389340716844,0.8397428920050448,25,20,20
24,5685,0.0270888051948339,4.842402666978731e-07,0.13316881489367463,0.8397418956712247,25,20,20
24,5686,0.027082460237083578,4.842402462230164e-07,0.13343583211383642,0.8394812234088337,25,20,20
24,5687,0.02708354457669488,4.842401800384608e-07,0.13306944183842162,0.8398465293447035,25,20,20
24,5688,0.027079533084237967,4.84240145492293e-07,0.13306947959767987,0.839850503077937,25,20,20
24,5689,0.02719789218738457,4.84241506226794e-07,0.1330695680281688,0.8397320555429405,25,20,20
24,5690,0.027205901510438044,4.842415255193775e-07,0.1330712171393738,0.839722397108663,25,20,20
24,5691,0.027206809560993608,4.842415511065882e-07,0.13307740489475972,0.8397153013026957,25,20,20
24,5692,0.02720283219643587,4.842415243489923e-07,0.13307740148246713,0.8397192820795724,25,20,20
24,5693,0.06626107621774223,4.843002039919211e-07,0.0940191576024174,0.8397192818796365,25,20,20
24,5694,0.0662636586431634,4.4506020363924e-07,0.09461316922292799,0.8391227270737057,25,20,20
24,5695,0.06626364886436431,4.4506019879214454e-07,0.09461775519231459,0.8391181508831229,25,20,20
24,5696,0.06626063785885823,4.450601897690969e-07,0.09461585383543696,0.8391230632455156,25,20,20
24,5697,0.06626060121695401,4.4506018091764723e-07,0.09461574044517175,0.8391232132776939,25,20,20
24,5698,0.06639005184522725,4.455410911076717e-07,0.0944861639405045,0.8391233386731777,25,20,20
24,5699,0.06638714574640349,4.4554110885238715e-07,0.09448608257393723,0.8391263261385508,25,20,20
24,5700,0.06649997754904682,4.455410931977969e-07,0.09447938533484158,0.8390201915750188,25,20,20
24,5701,0.06648897202922967,4.455410654609841e-07,0.09447784744073828,0.8390327349889668,25,20,20
24,5702,0.06649302081564734,4.4554111469529295e-07,0.09456999613077971,0.8389365375124587,25,20,20
24,5703,0.0664929419011525,4.455408562540003e-07,0.09456687487538087,0.8389397376826109,25,20,20
24,5704,0.0664919248811236,4.4554091805014636e-07,0.09456229970989699,0.8389453298680618,25,20,20
24,5705,0.06649499178721191,4.4554090989376145e-07,0.09456234971637756,0.8389422129555011,25,20,20
24,5706,0.06649401169345381,4.455406306770125e-07,0.09456037272497853,0.8389451700409372,25,20,20
24,5707,0.06643309817214074,4.455637147010188e-07,0.09462141406474686,0.8389450421993985,25,20,20
24,5708,0.06643104307529649,4.455639833568765e-07,0.10080712531646732,0.8327613860442549,25,20,20
24,5709,0.0664310572312269,4.4556398303915587e-07,0.10080724149296855,0.8327612557118235,25,20,20
24,5710,0.0666029802910027,4.455661963973187e-07,0.10071768778447444,0.8326788863583284,25,20,20
24,5711,0.06660309900982929,4.4556621954776814e-07,0.10072232635953002,0.8326741290644232,25,20,20
24,5712,0.06660248763886513,4.455661921033178e-07,0.1008281892830921,0.832568877511853,25,20,20
24,5713,0.06642393672002771,4.4556411815847e-07,0.10083022559863876,0.8327453921172178,25,20,20
24,5714,0.0664918215905645,4.455662376337353e-07,0.10083028992901627,0.832677442914184,25,20,20
24,5715,0.06649495733842715,4.455662301028106e-07,0.10070549306790348,0.8327991040274416,25,20,20
24,5716,0.06649794017683884,4.455662071007121e-07,0.10070073879542424,0.8328008754615323,25,20,20
24,5717,0.0664995026134661,4.455660891531106e-07,0.10069607896883874,0.8328039728516085,25,20,20
24,5718,0.06649650532021892,4.455661063664236e-07,0.10069591776593839,0.8328071313477386,25,20,20
24,5719,0.06656339477426348,4.4556979176973925e-07,0.1006915130865609,0.8327446465693857,25,20,20
24,5720,0.06656341203530744,4.455697883602627e-07,0.10031851701033144,0.8331176253845746,25,20,20
24,5721,0.06655237695650448,4.455696998028731e-07,0.10031851282217982,0.833128664651618,25,20,20
24,5722,0.06655330574202767,4.4556971739072726e-07,0.10032500392148024,0.8331212447667766,25,20,20
24,5723,0.06655642345550408,4.455697179011133e-07,0.10032492218818714,0.8331182087865927,25,20,20
24,5724,0.06655635201053656,4.455696813919561e-07,0.1003249183983332,0.8331182840214505,25,20,20
24,5725,0.06655321646663738,4.455696891646172e-07,0.10032481500503483,0.8331215229586397,25,20,20
24,5726,0.06655316443602069,4.455696804679243e-07,0.10057694512746401,0.8328694448668359,25,20,20
24,5727,0.06655015075394777,4.4608720009594205e-07,0.11456743380755625,0.8188819693512964,25,20,20
24,5728,0.06655938504847456,4.4608959531562846e-07,0.1497219206388103,0.7837182482231203,25,20,20
24,5729,0.06667853467640539,4.4774026998197226e-07,0.14960276828055818,0.7837182493027671,25,20,20
24,5730,0.066678517448192,4.4774026905943067e-07,0.14960936798645594,0.7837116668250836,25,20,20
24,5731,0.06667849262702491,4.4774027037449416e-07,0.1496124511585376,0.7837086084741678,25,20,20
24,5732,0.08849562319305707,5.36606845824596e-07,0.12779523480931532,0.7837086053907827,25,20,20
24,5733,0.08849562541855471,5.366068500595471e-07,0.12780183947803148,0.7837019984965644,25,20,20
24,5734,0.08843190244129184,5.366170998330823e-07,0.12781386089433516,0.7837537000472742,25,20,20
24,5735,0.08843190237295294,5.366170954536127e-07,0.12780725624025144,0.7837603047697012,25,20,20
24,5736,0.08833230040999882,5.35244683854258e-07,0.12790685925130188,0.7837603050940164,25,20,20
24,5737,0.08832928928733028,5.352446658035271e-07,0.12790033801717635,0.7837698374508283,25,20,20
24,5738,0.08833732754501065,5.352457784978244e-07,0.12790227167673307,0.7837598655324785,25,20,20
24,5739,0.08840012129496846,5.359143614059247e-07,0.12798199298096302,0.7836173498097075,25,20,20
24,5740,0.08833961767816476,5.352455469629017e-07,0.12171442296433513,0.7899454241119536,25,20,20
24,5741,0.08834058235043145,5.352455906990314e-07,0.1217145025899755,0.7899443798140027,25,20,20
24,5742,0.08810426896299846,5.352434189162628e-07,0.12171428656959841,0.7901809092239841,25,20,20
24,5743,0.08810122124656006,5.35243396811119e-07,0.12170769531330011,0.7901905481967435,25,20,20
24,5744,0.08810901989629301,5.352295452907715e-07,0.12170202474124198,0.7901884201329203,25,20,20
24,5745,0.08833828385680847,5.352318868252908e-07,0.1216996446024938,0.7899615363088113,25,20,20
24,5746,0.080106391390369,5.362280727119107e-07,0.12992918188149127,0.7899638905000647,25,20,20
24,5747,0.08010753164182338,5.36227993726765e-07,0.12992918371667367,0.7899627484135071,25,20,20
24,5748,0.08009957856826468,5.36227927934038e-07,0.1299226540611733,0.7899772311426319,25,20,20
24,5749,0.08010054269254484,5.362279713246014e-07,0.12992257421158737,0.7899763468678941,25,20,20
24,5750,0.08009963190872658,5.36227986064485e-07,0.12992277145975753,0.7899770604035276,25,20,20
24,5751,0.08055442943599159,2.405764663179268e-09,0.12946854174691885,0.7899770264113226,25,20,20
24,5752,0.08055437570705705,2.4057560489243812e-09,0.12946854035221375,0.789977081534971,25,20,20
24,5753,0.080550162106832,2.405693186837372e-09,0.1294684790212096,0.7899813564662632,25,20,20
24,5754,0.08055114310266533,2.405736913574109e-09,0.1292163132375178,0.7902325412540783,25,20,20
24,5755,0.08055119365224822,2.4058364168751956e-09,0.1292163581770109,0.7902324457649028,25,20,20
24,5756,0.08055413969182734,1.88831688294012e-09,0.11531813009624535,0.8041277283236106,25,20,20
24,5757,0.08056571719767196,1.887816489669587e-09,0.12003693857146558,0.7993973423430447,25,20,20
24,5758,0.08056146540576842,1.886733470234253e-09,0.12003038540337106,0.7994081473041258,25,20,20
24,5759,0.08056156455898238,1.886741983508377e-09,0.12011811093532954,0.7993203226189455,25,20,20
24,5760,0.08056455742522063,1.8867331315720413e-09,0.12011822730919736,0.7993172133788486,25,20,20
24,5761,0.08056756280157032,1.8867663509648997e-09,0.12011361002430926,0.7993188252873539,25,20,20
24,5762,0.08056453143942663,1.8870544842923656e-09,0.12037988792426756,0.7990555787492498,25,20,20
24,5763,0.08057145507143386,1.887072450258375e-09,0.12064609980586731,0.7987824432356248,25,20,20
24,5764,0.08057140637201309,1.887064108732022e-09,0.12064771943865964,0.7987808723022617,25,20,20
24,5765,0.08062243893834165,1.88734544518232e-09,0.121020214205393,0.7983573449689187,25,20,20
24,5766,0.08108341514997688,1.8874421260534994e-09,0.12093028622917737,0.7979862967334026,25,20,20
24,5767,0.08108248776076417,1.887406850312447e-09,0.12092360525084639,0.7979939051009821,25,20,20
24,5768,0.08108260632350188,1.8874245582889477e-09,0.12092198630178058,0.7979954054872925,25,20,20
24,5769,0.080628545948526,1.887380342727793e-09,0.12092418941015227,0.798447262753941,25,20,20
24,5770,0.08063452122159187,1.8873885591206986e-09,0.12091761532935104,0.7984478615616674,25,20,20
24,5771,0.08068227512441484,1.887923803727982e-09,0.12105428079927863,0.7982634421883817,25,20,20
24,5772,0.0806792783675607,1.8929792620374797e-09,0.12132085601997793,0.7979998637194811,25,20,20
24,5773,0.08061241208258563,1.890798236061979e-09,0.12141294476417368,0.7979746412624418,25,20,20
24,5774,0.08061645857926764,1.8908455800742536e-09,0.1324657369610731,0.7869178025688127,25,20,20
24,5775,0.0806134790033359,1.89083760450372e-09,0.13237350078508217,0.7870130183207433,25,20,20
24,5776,0.08061345925075637,1.8908649063699336e-09,0.1322813581015371,0.7871051807568402,25,20,20
24,5777,0.08066317085113983,8.116429539129762e-09,0.13232461993245004,0.787012201099981,25,20,20
24,5778,0.08066322528166432,8.116437398861515e-09,0.13232461771917486,0.7870121488827244,25,20,20
24,5779,0.08065618488909065,8.11636714799749e-09,0.1323231543256262,0.787020652668917,25,20,20
24,5780,0.08060515109629059,8.116094878364836e-09,0.13195069304684778,0.7874441477407675,25,20,20
24,5781,0.08055741413703728,8.115577379770857e-09,0.13181399286947582,0.7876285848779103,25,20,20
24,5782,0.0805575512322273,8.115622483965817e-09,0.13180750835828792,0.7876349322938633,25,20,20
24,5783,0.0805545394529006,8.115604989966026e-09,0.13180747278264474,0.7876379796488504,25,20,20
24,5784,0.08055739678716992,8.115551187333748e-09,0.13181206266546674,0.787630532431813,25,20,20
24,5785,0.08056551464829509,8.115634056624927e-09,0.13181676669460932,0.7876177105414623,25,20,20
24,5786,0.08050037344451567,8.102827812123379e-09,0.13188357127354747,0.7876160471791099,25,20,20
24,5787,0.08050133866730663,8.102897290596606e-09,0.1318836487605214,0.7876150044692755,25,20,20
24,5788,0.08050431807959496,8.10262661804092e-09,0.13161748353781605,0.787878190279963,25,20,20
24,5789,0.08074076022986232,8.108692068984416e-09,0.13162003314909201,0.7876391985123543,25,20,20
24,5790,0.08074072280357894,8.108687718025567e-09,0.13161552901384446,0.7876437400738895,25,20,20
24,5791,0.08075049922212761,8.109269714033134e-09,0.13162222882004831,0.7876272638485555,25,20,20
24,5792,0.08074352354878765,8.109248841375523e-09,0.13148550689318395,0.7877709614487803,25,20,20
24,5793,0.0807425080276202,8.109109635234359e-09,0.13773357606893244,0.7815239077943381,25,20,20
24,5794,0.08073558775131262,8.109075607039022e-09,0.1266873060002046,0.7925770981394074,25,20,20
24,5795,0.08049540877823227,8.106411785942514e-09,0.1266823327964679,0.7928222503188893,25,20,20
24,5796,0.08016611148152625,8.20111095345312e-09,0.12697393754541814,0.7928599427719459,25,20,20
24,5797,0.08016707657679704,8.201150733066123e-09,0.12072590594642801,0.7991070092756254,25,20,20
24,5798,0.08017399831219695,8.201208369970798e-09,0.12073251325700823,0.7990934802295877,25,20,20
24,5799,0.0801771165671492,8.201194380032423e-09,0.12060306233309623,0.7992198128985613,25,20,20
24,5800,0.079940625252299,8.195100792519838e-09,0.12060051067858168,0.7994588558740197,25,20,20
24,5801,0.06367566572462838,1.6074529152220555e-07,0.13682133383037431,0.7995028396997071,25,20,20
24,5802,0.06368254203366819,1.607405507279351e-07,0.13655950795807908,0.7997577892677024,25,20,20
24,5803,0.06368254265706624,1.6074076121782932e-07,0.13656665719892536,0.7997506394032476,25,20,20
24,5804,0.06367866182439817,1.607404465340967e-07,0.1365619017727575,0.7997592756623981,25,20,20
24,5805,0.0636717222120722,1.607403813715321e-07,0.1365554098265393,0.7997727072210077,25,20,20
24,5806,0.06367383550072793,1.615328486111118e-07,0.13665522040971967,0.7996707825567043,25,20,20
24,5807,0.06343300557156117,1.6307323115453127e-07,0.13689597060017797,0.79967086075503,25,20,20
24,5808,0.07651641070770046,1.6325046443806019e-07,0.1238125612839265,0.7996708647579085,25,20,20
24,5809,0.07651949864917418,1.6325048464487632e-07,0.12381713077732824,0.799663207323013,25,20,20
24,5810,0.0765225164153866,1.632505026266981e-07,0.12382361802567089,0.79965370230844,25,20,20
24,5811,0.07651958050015517,1.6325050494220468e-07,0.12382820500355184,0.7996520512457879,25,20,20
24,5812,0.07651945815681968,1.6325051332632094e-07,0.1238282386679037,0.7996521399247633,25,20,20
24,5813,0.07651854418917026,1.6325046088685563e-07,0.12382812068577966,0.7996531718745894,25,20,20
24,5814,0.07650479102083359,1.6324984361983544e-07,0.12382143071567754,0.7996736150136453,25,20,20
24,5815,0.07650472093614714,1.632498432566719e-07,0.13487576336923127,0.7886193524447783,25,20,20
24,5816,0.07651668882435342,1.6325069225692402e-07,0.13514190547282087,0.7883412424521334,25,20,20
24,5817,0.07651973763404561,1.6325067480778397e-07,0.13979941589848702,0.7836806832167922,25,20,20
24,5818,0.07655126877380292,2.941122490249691e-05,0.1349869018844543,0.7884324181168411,25,20,20
24,5819,0.07654823404574343,2.941122488374904e-05,0.1349803006522222,0.7884420540771512,25,20,20
24,5820,0.07654679003005567,2.9411225159584045e-05,0.12404037309509369,0.7993834256496914,25,20,20
24,5821,0.07654081560829046,2.9411225155458365e-05,0.1240449618660982,0.7993848113004566,25,20,20
24,5822,0.0765376612043075,2.941122512627853e-05,0.12404053340843889,0.7993923941621278,25,20,20
24,5823,0.07654065814077794,2.941122537918588e-05,0.12404528529921349,0.7993846453346302,25,20,20
24,5824,0.0765377148146332,2.9411225379189822e-05,0.1240454018628878,0.7993874720971006,25,20,20
24,5825,0.07653480594378431,2.9411225368952192e-05,0.12404532273557115,0.7993904600952768,25,20,20
24,5826,0.0765318112584727,2.941122538643125e-05,0.11939260873593673,0.804046168780205,25,20,20
24,5827,0.07653470206846627,2.941122538225424e-05,0.11938611851642728,0.804049768189725,25,20,20
24,5828,0.07652658420721535,2.941122529937422e-05,0.11938149448336438,0.804062510084122,25,20,20
24,5829,0.07652663463523823,2.9411225046065167e-05,0.11937677387265301,0.8040671802670638,25,20,20
24,5830,0.07652066224133426,2.9410195892209437e-05,0.11938819065522961,0.8040617369075457,25,20,20
24,5831,0.07675241574038799,2.9408686451570954e-05,0.1191565174132275,0.8040616581599349,25,20,20
24,5832,0.07675541313882236,2.940868644304003e-05,0.11915640681371893,0.8040587713610176,25,20,20
24,5833,0.07716509098553437,2.9407900740723353e-05,0.11905716228626441,0.803748338827462,25,20,20
24,5834,0.07717204641884835,2.940790077959776e-05,0.11905705013325873,0.8037414955471146,25,20,20
24,5835,0.07717338535202636,2.94079005211743e-05,0.11894260600113267,0.8038546007463211,25,20,20
24,5836,0.07717338663961484,2.9407900576552258e-05,0.11894257138557494,0.8038546340742349,25,20,20
24,5837,0.07717632877214077,2.9407900576468205e-05,0.11894909131524015,0.8038451720120436,25,20,20
24,5838,0.077174296629125,2.940790059308717e-05,0.11894898308334621,0.8038473123869367,25,20,20
24,5839,0.07717718597225658,2.940790059320452e-05,0.11894418594538005,0.8038492201817712,25,20,20
24,5840,0.077177255798389,2.940790060219863e-05,0.11894414667298214,0.8038491896280273,25,20,20
24,5841,0.09358128778405334,2.925516833722712e-05,0.1026218896025846,0.8037675674450263,25,20,20
24,5842,0.09361622863943715,1.0182504959177868e-09,0.10736625927578901,0.799017511066524,25,20,20
24,5843,0.09361623811274666,1.0182520263231392e-09,0.10737081874039946,0.7990129421286027,25,20,20
24,5844,0.09320444614730286,1.0114778118260945e-09,0.10737028432646761,0.7994252685147525,25,20,20
24,5845,0.09361175320672369,7.695845105078362e-10,0.10696303206194781,0.7994252139617452,25,20,20
24,5846,0.09354255393761131,1.957137235351151e-05,0.10701434014312744,0.7994235345469088,25,20,20
24,5847,0.09354046908694949,1.9571372379397594e-05,0.10701445630322785,0.7994255032374444,25,20,20
24,5848,0.09353747352741264,1.957137238817503e-05,0.10701433243960352,0.7994286226605967,25,20,20
24,5849,0.09353742548514836,1.9571372377951082e-05,0.10701623610343948,0.7994267670390351,25,20,20
24,5850,0.09353746153314231,1.957137240397267e-05,0.10701190964497677,0.7994310574494778,25,20,20
24,5851,0.09353839048953652,1.957137243544383e-05,0.10701125601129403,0.799430782126735,25,20,20
24,5852,0.09354125598859919,1.9571372427610855e-05,0.11325392559180582,0.7931852470471683,25,20,20
24,5853,0.09342322601854029,1.9571404475313356e-05,0.11337195554534824,0.7931852470316372,25,20,20
24,5854,0.0934261520835365,1.9571404406532367e-05,0.11337214868408052,0.7931821278279776,25,20,20
24,5855,0.09342712226909768,1.9571418287971337e-05,0.11363845992141668,0.7929148463911991,25,20,20
24,5856,0.09344139178489753,1.9571419339011e-05,0.11363694392070689,0.7929020928750581,25,20,20
24,5857,0.08597084465020698,1.95811905152341e-05,0.12110638898960298,0.7929031851696763,25,20,20
24,5858,0.08595858931075001,1.9581189414998214e-05,0.12110650948357149,0.792915320016265,25,20,20
24,5859,0.0728043336101844,1.9830926854680826e-05,0.134260519368706,0.7929153160942551,25,20,20
24,5860,0.07280340598599122,1.983092682971785e-05,0.1342670470010174,0.7929097160861618,25,20,20
24,5861,0.07280657868399147,1.9830941788383558e-05,0.13435945525202392,0.7928141351221961,25,20,20
24,5862,0.06355000824470408,2.386558630869948e-05,0.1436112931285808,0.7928148330404063,25,20,20
24,5863,0.06361578917827723,2.3865589460265907e-05,0.14361154007536472,0.792748805156898,25,20,20
24,5864,0.06361782276637878,2.386558951491648e-05,0.1436114310787482,0.7927468805653579,25,20,20
24,5865,0.06362076579128445,2.3866261056640533e-05,0.14985298325008856,0.7865023846975702,25,20,20
24,5866,0.06360890499748613,2.3866260227206464e-05,0.14958871699266485,0.786778511749622,25,20,20
24,5867,0.06384814879672283,2.3866262367735646e-05,0.14958428120439712,0.7865437037365127,25,20,20
24,5868,0.06384809117501199,2.3866262339238506e-05,0.14958240533758532,0.786545637225064,25,20,20
24,5869,0.06377934984902482,2.3866259178319216e-05,0.1495821596899426,0.7866146242018547,25,20,20
24,5870,0.06378332634365404,2.386625921374574e-05,0.14957556431257857,0.7866172430845537,25,20,20
24,5871,0.06378332638995768,2.3865587670850855e-05,0.14332736534691679,0.7928654426754548,25,20,20
24,5872,0.06378327631419817,2.3865587679824146e-05,0.14333207891529823,0.792860779182824,25,20,20
24,5873,0.06376425743605915,2.386594081627995e-05,0.14335109582791192,0.7928607807952127,25,20,20
24,5874,0.06376821848045655,2.3865940752575608e-05,0.14335117287966448,0.7928567426991266,25,20,20
24,5875,0.06377123191725595,2.3865940779551785e-05,0.1433577753090061,0.7928471268329583,25,20,20
24,5876,0.06377126616761915,2.3865940807065688e-05,0.14336224692589222,0.7928426209656816,25,20,20
24,5877,0.06376832242659074,2.386594080714679e-05,0.14336236157148569,0.7928454500611168,25,20,20
24,5878,0.06376539555149403,2.3865940812567743e-05,0.13711510505065808,0.7990956334570359,25,20,20
24,5879,0.06376938636917892,2.3865940879128812e-05,0.13748792255644068,0.7987188251335019,25,20,20
24,5880,0.06377152505251374,2.386594084492242e-05,0.13748803192078168,0.7987165770858604,25,20,20
24,5881,0.06376842008907371,2.3865925895156927e-05,0.1373957401288407,0.7988119738561914,25,20,20
24,5882,0.06870643503274013,1.9832056479747958e-05,0.13246162581359627,0.7988121070971849,25,20,20
24,5883,0.06871249115237205,1.983204263334015e-05,0.13219534501178618,0.7990723317932097,25,20,20
24,5884,0.07296119836041236,1.983125903357049e-05,0.1279474707492484,0.799071499631307,25,20,20
24,5885,0.07295919959769105,1.9831259095734766e-05,0.12794276024368742,0.7990782088995269,25,20,20
24,5886,0.07295914675994022,1.983125910434807e-05,0.12794264999216734,0.7990783719887895,25,20,20
24,5887,0.07296608252724306,1.9831259371803573e-05,0.12803480810268814,0.7989792781106984,25,20,20
24,5888,0.07994451670565357,1.9833739452794174e-05,0.12105726320513321,0.7989783863497617,25,20,20
24,5889,0.0799415556360603,1.9833739438947814e-05,0.12105731631905871,0.7989812943054431,25,20,20
24,5890,0.07993258535648849,1.983373965175399e-05,0.12068769264461165,0.7993598882592491,25,20,20
24,5891,0.07993260470206683,1.983373965687268e-05,0.12068936718645189,0.7993581943718254,25,20,20
24,5892,0.07993674907979101,1.98337396242579e-05,0.12068292139155203,0.7993604957890337,25,20,20
24,5893,0.07993707775181075,1.9840960495620593e-05,0.12068261423038232,0.799360467057313,25,20,20
24,5894,0.07993912786072038,1.9840960424618e-05,0.1206825307475538,0.7993585004313026,25,20,20
24,5895,0.07994207141854255,1.984096043345415e-05,0.12068902163716641,0.7993490659838589,25,20,20
24,5896,0.07994506517290441,1.9840960182558774e-05,0.12068175144294979,0.7993533424239646,25,20,20
24,5897,0.07994799132811639,1.9840960168882933e-05,0.12067699761507056,0.7993551700966454,25,20,20
24,5898,0.07994804323730964,1.9840960160270132e-05,0.1206770786307837,0.7993550371717482,25,20,20
24,5899,0.07994797369569494,1.9840960155502567e-05,0.12068364115706506,0.7993485441870858,25,20,20
24,5900,0.08015769837298149,1.9840607022930276e-05,0.12047373546392787,0.7993487255560686,25,20,20
24,5901,0.08015050548059598,1.9840607020658866e-05,0.12048022016763836,0.7993494337447458,25,20,20
24,5902,0.0799412425282166,2.0094245799515644e-05,0.1187661402824654,0.8012725229435206,25,20,20
24,5903,0.07970411847893191,2.009424362362827e-05,0.1187675315641026,0.8015082557133434,25,20,20
24,5904,0.04050929835862844,2.6558274216251047e-05,0.15619575199231325,0.8032683913748415,25,20,20
24,5905,0.04050943823034285,2.6558274235013274e-05,0.1561958330141538,0.8032681704812679,25,20,20
24,5906,0.040350275820946864,2.0290171778261555e-05,0.15806500141569013,0.8015644325915843,25,20,20
24,5907,0.040273166956125823,2.028958347640825e-05,0.1600653831875779,0.7996411602728182,25,20,20
24,5908,0.04026931491597167,2.0289583986739082e-05,0.1600675800546038,0.7996428154454351,25,20,20
24,5909,0.040269246278417874,2.0289583969064967e-05,0.16006746609325526,0.7996429980443552,25,20,20
24,5910,0.040267232209108904,2.0289584000437122e-05,0.16006082688313644,0.7996516513237517,25,20,20
24,5911,0.0402671636671331,2.0289583986580124e-05,0.16005892339814165,0.7996536233507362,25,20,20
24,5912,0.040265183986978925,2.028958367310456e-05,0.16005572627837886,0.799658800150967,25,20,20
24,5913,0.040280389495678685,3.4456360460109735e-05,0.16002635399958137,0.7996588001442777,25,20,20
24,5914,0.04028038949569789,3.4456360460116464e-05,0.16002635387027092,0.7996588002735688,25,20,20
24,5915,0.040283647128371125,3.4456360461510504e-05,0.16002643718305232,0.7996554593281128,25,20,20
24,5916,0.04074192209812288,3.445636260769159e-05,0.16003136422303502,0.799192257316232,25,20,20
24,5917,0.04080910317620012,1.5574181801783053e-05,0.15998306503128748,0.7991922576107097,25,20,20
24,5918,0.04081294111030414,1.5574181826991797e-05,0.15998302701262707,0.7991884576952407,25,20,20
24,5919,0.0414923928544763,1.5574195615989326e-05,0.16010004010522494,0.7983919928446788,25,20,20
24,5920,0.04148951837680492,1.5574195627068076e-05,0.1603616037808577,0.7981333036467064,25,20,20
24,5921,0.04148630530597372,1.5574195370556166e-05,0.16039886086580954,0.7980992596328426,25,20,20
24,5922,0.04147125615170257,1.4126851245478949e-06,0.16042807152112792,0.7980992596420416,25,20,20
24,5923,0.041470951507784216,1.0783238032304365e-06,0.16042871038957318,0.7980992597788348,25,20,20
24,5924,0.04146704351795588,1.0783237684809728e-06,0.16042866972203298,0.7981032084362384,25,20,20
24,5925,0.04146411749983396,1.0783237952394572e-06,0.16042859273449284,0.7981062114418737,25,20,20
24,5926,0.041460142566232566,1.078323988371062e-06,0.16667596878311353,0.7918628103266613,25,20,20
24,5927,0.04169520857302711,8.279184471195738e-07,0.1664410611865929,0.791862902321932,25,20,20
24,5928,0.04169528000312267,8.279184473200444e-07,0.17751408238524127,0.7807898096931888,25,20,20
24,5929,0.04169529480902431,8.279182280531323e-07,0.17126670194959842,0.7870371753231491,25,20,20
24,5930,0.041695364956750816,8.279182238446094e-07,0.17126650712847014,0.7870372999965549,25,20,20
24,5931,0.04169231697344171,8.279182684986033e-07,0.1712666212681327,0.7870402338401569,25,20,20
24,5932,0.04176609577440869,8.279214830718959e-07,0.17126689745009094,0.7869661788540165,25,20,20
24,5933,0.04176915912600076,8.27921500604538e-07,0.17126376955630626,0.7869662433961918,25,20,20
24,5934,0.04177618427339724,8.279217977517098e-07,0.17127039170924352,0.7869525960955612,25,20,20
24,5935,0.04132390108864944,8.279196420362726e-07,0.171265543565715,0.7874097274259934,25,20,20
24,5936,0.04132089008193218,8.279196334560986e-07,0.1712656542810868,0.7874126277173472,25,20,20
24,5937,0.041314393264558,6.196746647042634e-07,0.1713288468052726,0.7873561402555062,25,20,20
24,5938,0.041312648647741625,6.196792869760621e-07,0.17132894201084,0.7873577896621329,25,20,20
24,5939,0.041312528122480686,6.19679295201643e-07,0.17132890682372692,0.7873579453744989,25,20,20
24,5940,0.041309494839733014,6.196788015354867e-07,0.1713332387440807,0.7873566467373863,25,20,20
24,5941,0.041307018696383854,7.770223250657375e-06,0.1713286647002076,0.7873565463801594,25,20,20
24,5942,0.04130694732864414,7.770223205676263e-06,0.1713285466802197,0.7873567357679317,25,20,20
24,5943,0.041310134868433934,7.770223206440283e-06,0.17133326359793546,0.7873488313104258,25,20,20
24,5944,0.04131805195520424,7.770223023534216e-06,0.17159272589723096,0.7870814519245429,25,20,20
24,5945,0.04125947585860572,7.770221388434808e-06,0.17159260020922396,0.7871401537107836,25,20,20
24,5946,0.04119264875962832,0.0011296005919206997,0.17053759737227764,0.7871401532761753,25,20,20
24,5947,0.04118968821778182,0.001129600591920042,0.17053611606109892,0.787144595129201,25,20,20
24,5948,0.041174577953454736,0.0011296005904545936,0.17053170940940401,0.7871641120466886,25,20,20
24,5949,0.04124614973513156,0.0011296005916545601,0.17046013745902516,0.7871641122141909,25,20,20
24,5950,0.04124092249720576,0.0011296005869977097,0.17046669094798347,0.7871627859678155,25,20,20
24,5951,0.04122909842811359,0.0011296005869101213,0.1702071266037125,0.7874341743812662,25,20,20
24,5952,0.040876640088496015,0.001129601122389436,0.17055957955690274,0.7874341792322141,25,20,20
24,5953,0.0408776249959725,0.0011296011226781554,0.17055948151461817,0.7874332923667334,25,20,20
24,5954,0.04087554040687264,0.0011296011226947717,0.17055952314400613,0.7874353353264288,25,20,20
24,5955,0.04087548200633557,0.0011296011366722788,0.17057018147635689,0.7874247353806372,25,20,20
24,5956,0.0409431258115482,0.0011296011401037492,0.1705722999546772,0.7873549730936727,25,20,20
24,5957,0.040943252078815065,0.0011296011403069363,0.17057052123587352,0.7873566255450062,25,20,20
24,5958,0.0409463868594341,0.0011296011402948786,0.17057040997213468,0.787353602028138,25,20,20
24,5959,0.040945407487191776,0.0011296011402649989,0.1705704525632329,0.7873545388093117,25,20,20
24,5960,0.040952257188631755,0.0011296011405307574,0.17030592848180046,0.7876122131890385,25,20,20
24,5961,0.040949261259589136,0.0011296011405305297,0.17030596841863943,0.7876151691812419,25,20,20
24,5962,0.0409483278612377,0.001129601140250127,0.17029933443256332,0.7876227365659498,25,20,20
24,5963,0.040951271196337326,0.001129601140269575,0.17030593869016689,0.7876131889732276,25,20,20
24,5964,0.04095410676862724,0.0011295960233483587,0.17030310823947112,0.7876131889685557,25,20,20
24,5965,0.04096102919477276,0.001129596023373865,0.17030308027305563,0.7876062945088007,25,20,20
24,5966,0.04096101347400456,0.0011295960233650014,0.17030319277202646,0.7876061977306068,25,20,20
24,5967,0.04096101351520066,0.0011295960233649437,0.1703030736789932,0.787606316782444,25,20,20
24,5968,0.07953311116771031,0.0011306489445774654,0.13172996429166728,0.7876062755960445,25,20,20
24,5969,0.07953387862906953,0.0011306489443488798,0.13172513166804528,0.7876103407585359,25,20,20
24,5970,0.07953095068781905,0.0011306489446578694,0.12674960080712336,0.7925887995603997,25,20,20
24,5971,0.0795279371764173,0.0011306489446202682,0.12674299465159347,0.7925984192273685,25,20,20
24,5972,0.07952793645490552,0.0011306489446204055,0.12674299458352542,0.7925984200169482,25,20,20
24,5973,0.07952572914222497,0.0011306489446633527,0.12674302891876293,0.7926005929943483,25,20,20
24,5974,0.0795257343216515,0.0011306497226848393,0.12686596797091826,0.7924776479847452,25,20,20
24,5975,0.0800080098102816,1.0895222358098614e-05,0.12750344575014233,0.792477649217218,25,20,20
24,5976,0.08001205326325801,1.0895222415409883e-05,0.12750997252711013,0.7924670789872167,25,20,20
24,5977,0.080015034175188,1.0895222398443496e-05,0.12751661113757234,0.7924574594648413,25,20,20
24,5978,0.08001098819949616,1.0895222376306065e-05,0.1275212812634816,0.7924568353146456,25,20,20
24,5979,0.08022617300567692,4.931596503718261e-06,0.12731206999010625,0.7924568254077121,25,20,20
24,5980,0.08022635126281039,4.931596550543722e-06,0.12732139826244548,0.7924473188781924,25,20,20
24,5981,0.08022626427532233,4.931596523182044e-06,0.1273147957691265,0.7924540083590267,25,20,20
24,5982,0.0802331841032669,4.931596805052669e-06,0.12732153941813457,0.792440344881792,25,20,20
24,5983,0.08139595666154265,4.678784781040435e-06,0.1261587761671087,0.7924405883865654,25,20,20
24,5984,0.08139519500632046,4.6787847792341055e-06,0.126029325461937,0.7925708007469612,25,20,20
24,5985,0.08139221633162627,4.678784753736379e-06,0.12602924727949774,0.79257385760412,25,20,20
24,5986,0.08139619226217003,4.678784798480622e-06,0.1260307585446771,0.7925683704083524,25,20,20
24,5987,0.08139707113187171,4.6787847277040845e-06,0.12602845615542616,0.7925697939279728,25,20,20
24,5988,0.08139730691959052,4.678786389695481e-06,0.16132058433941668,0.7572774299546032,25,20,20
24,5989,0.11668195029760707,2.241685574963436e-06,0.12603837750853011,0.7572774305082858,25,20,20
24,5990,0.11667804458856747,2.241699241360787e-06,0.1260489548658967,0.7572707588462927,25,20,20
24,5991,0.11667426268768885,2.241698951981581e-06,0.12616212163202148,0.7571613739813359,25,20,20
24,5992,0.12785286421109857,2.251482819560269e-06,0.11498107254791277,0.7571638117581679,25,20,20
24,5993,0.11575128578720807,2.2413134004340124e-06,0.12708534212604294,0.7571611307733473,25,20,20
24,5994,0.11581123586538963,2.241315577724939e-06,0.12708706583483437,0.7570994569841978,25,20,20
24,5995,0.11580823985389208,2.2413155860850345e-06,0.12708050559680747,0.7571090132337142,25,20,20
24,5996,0.11587510681495744,2.2413177626787926e-06,0.12707607273734595,0.7570465791299335,25,20,20
24,5997,0.11587210872323488,2.241317824430085e-06,0.12695628161331146,0.7571693683456285,25,20,20
24,5998,0.11587007793523667,2.242108457954839e-06,0.12708718096008842,0.7570404989962164,25,20,20
24,5999,0.1441368965153055,1.0554249338225772e-06,0.09882154951417814,0.7570404985455801,25,20,20
24,6000,0.14345423886997077,1.055411152057121e-06,0.09870456892028426,0.7578401367985909,25,20,20
24,6001,0.14345498945748497,1.0554111314443225e-06,0.09906823197332755,0.7574757231580544,25,20,20
24,6002,0.14346098138963756,1.0554111402650727e-06,0.09869524224270859,0.7578427209565121,25,20,20
24,6003,0.14420958435050468,2.585204451338488e-09,0.09794774171961204,0.7578426713446773,25,20,20
24,6004,0.14421065844362235,2.5991470151426644e-09,0.09832188916409768,0.7574674497931311,25,20,20
24,6005,0.14421343429298905,2.597491385347794e-09,0.10291919627678842,0.7528673668327295,25,20,20
24,6006,0.1442163776751936,2.5974909248026564e-09,0.10291911577648566,0.7528645039508279,25,20,20
24,6007,0.1827126794537204,2.9586898810199796e-09,0.06442281121353069,0.7528645063740607,25,20,20
24,6008,0.18271174388168418,2.958654387261043e-09,0.0644228408545739,0.7528654123050893,25,20,20
24,6009,0.18271454722679484,2.958353634576026e-09,0.05832724458991226,0.7589582052249406,25,20,20
24,6010,0.18693333695953168,2.8686651195356278e-09,0.05410845673289079,0.7589582034389138,25,20,20
24,6011,0.1868705146862187,2.866532937408047e-09,0.054108387973218895,0.7590210944740307,25,20,20
24,6012,0.18721656161639494,2.881616167078127e-09,0.05384688634469052,0.7589365491572998,25,20,20
24,6013,0.18721656104033435,2.8816202528397515e-09,0.053847080745131094,0.7589363553329158,25,20,20
24,6014,0.18721656066709053,2.8816235692659035e-09,0.05384565518432462,0.7589377812669623,25,20,20
24,6015,0.18721959455286896,2.881646291793706e-09,0.05385024269383267,0.7589301598716532,25,20,20
24,6016,0.1879956891189094,3.678695271607222e-09,0.05308575313678043,0.7589185540656161,25,20,20
24,6017,0.1992393788451733,3.6525856742212255e-09,0.04184202864467648,0.7589185888575659,25,20,20
24,6018,0.19958634626585273,3.117631946583299e-09,0.04149506660951494,0.7589185840070017,25,20,20
24,6019,0.1995794283050677,3.1175971014868034e-09,0.04149668612246369,0.7589238824548729,25,20,20
24,6020,0.1600886772105788,3.024007352104974e-09,0.08098743875341205,0.7589238810120004,25,20,20
24,6021,0.16009162725710266,3.024375717123603e-09,0.0809922782832205,0.7589160914352999,25,20,20
24,6022,0.16009176618595858,3.0244165385343245e-09,0.08099246158084583,0.7589157692087777,25,20,20
24,6023,0.16008863028449788,3.0243670935546015e-09,0.08099227758525027,0.7589190891058835,25,20,20
24,6024,0.16009164239748885,3.0243849093460124e-09,0.08099228092695741,0.7589160736511675,25,20,20
24,6025,0.16009169606662066,3.02438538703661e-09,0.08099231836686804,0.7589159825421246,25,20,20
24,6026,0.12701176259040337,0.0038396159215948935,0.11022128759467717,0.7589273338933213,25,20,20
24,6027,0.12700969521445002,0.003839615921634334,0.11035057320406598,0.7588001156598465,25,20,20
24,6028,0.1270094663154593,0.0038396159215622807,0.11034598693787863,0.7588049308250967,25,20,20
24,6029,0.157511292814107,1.0969786111427876e-06,0.08369386970619877,0.75879374050108,25,20,20
24,6030,0.14882474165749493,1.1013077420691984e-06,0.09237936451207317,0.7587947925226867,25,20,20
24,6031,0.14882677275869446,1.100517109711049e-06,0.09224854692468684,0.7589235797995062,25,20,20
24,6032,0.14882374048102734,1.1005170924175759e-06,0.09224862305836279,0.7589265359435146,25,20,20
24,6033,0.1488259661065764,1.1005204040821554e-06,0.0922502495868672,0.7589226837861501,25,20,20
24,6034,0.14882793993808102,1.100506465820876e-06,0.09188080402731068,0.7592901555281406,25,20,20
24,6035,0.14883191050411448,1.1005061444323984e-06,0.0922510687565219,0.7589159202332172,25,20,20
24,6036,0.1488309856665744,1.1005247436235795e-06,0.0922659466967596,0.7589019671119215,25,20,20
24,6037,0.1488320631940949,1.1005108116932717e-06,0.09225377511366029,0.7589130611814325,25,20,20
24,6038,0.1488311508823565,1.1005107860109302e-06,0.092130896671569,0.7590368519352877,25,20,20
24,6039,0.14883012536585397,1.1005107621980259e-06,0.0921308316437555,0.7590379424796276,25,20,20
24,6040,0.14889685199811753,1.0997209701113555e-06,0.09199806930076158,0.7591039789801499,25,20,20
24,6041,0.15671103811024026,1.0962904801600216e-06,0.08418484505093733,0.7591030205483413,25,20,20
24,6042,0.15668037625437012,1.096292020173839e-06,0.0842155029959303,0.7591030244576796,25,20,20
24,6043,0.1566733507198937,1.0962919548689893e-06,0.08420901001490932,0.7591165429732426,25,20,20
24,6044,0.1919742985164883,1.1425570793189773e-06,0.04889551694811228,0.7591290419783224,25,20,20
24,6045,0.19197724152723905,1.1425573236902458e-06,0.04890014296244291,0.7591214729529967,25,20,20
24,6046,0.1909005584692422,1.1426657588190306e-06,0.04997679772968758,0.7591215011353136,25,20,20
24,6047,0.19090048826041797,1.1426657583635937e-06,0.04997671669840533,0.7591216523754207,25,20,20
24,6048,0.19086775531159264,1.1432057652667768e-06,0.05000929946845111,0.7591218020141937,25,20,20
24,6049,0.19086481130007907,1.1432057654222923e-06,0.05000270044067108,0.7591313450534872,25,20,20
24,6050,0.1752882870305254,1.1423081980909927e-06,0.06557931427853216,0.7591312563827473,25,20,20
24,6051,0.17528721787168444,1.142308522429316e-06,0.0655859404769067,0.7591256993428891,25,20,20
24,6052,0.17522328683077426,1.1423065255175605e-06,0.07183266285600755,0.7529429080066954,25,20,20
24,6053,0.17522330093974042,1.1422879187777241e-06,0.0718224878881069,0.7529530688842361,25,20,20
24,6054,0.17522048523228562,1.1422882201899985e-06,0.07182435598676624,0.7529540164927301,25,20,20
24,6055,0.17522341353661003,1.1422882110618903e-06,0.07182254949864807,0.7529528946765329,25,20,20
24,6056,0.21517574926516614,1.1418046314253867e-06,0.03187036667375036,0.7529527422564533,25,20,20
24,6057,0.2144401156077741,1.1417452521554613e-06,0.032606001328050735,0.7529527413189243,25,20,20
24,6058,0.2144371752149718,1.1417452476548644e-06,0.032606023423683156,0.7529556596160987,25,20,20
24,6059,0.20791224799415065,1.1203315093178721e-06,0.03914209494638851,0.7529445367279528,25,20,20
24,6060,0.2079122854956422,1.1203315171546618e-06,0.03914198011840937,0.7529446140544325,25,20,20
24,6061,0.20791920349346893,1.1203315521815338e-06,0.03914198453387921,0.7529376916411009,25,20,20
24,6062,0.19818667892671615,1.140345574688704e-06,0.04887199762874071,0.7529401830989706,25,20,20
24,6063,0.19818068826137097,1.1403455614941657e-06,0.04887188087021764,0.7529462905228516,25,20,20
24,6064,0.19825253821979621,1.1403486139085612e-06,0.049022551830637535,0.7527237696009533,25,20,20
24,6065,0.1982487095189641,1.1403486215565049e-06,0.04902928351070859,0.7527208666217067,25,20,20
24,6066,0.20856691888684523,1.221841999278822e-06,0.03871163485112359,0.7527202244200321,25,20,20
24,6067,0.20856684308726564,1.2218419659954867e-06,0.03870490087053718,0.7527270342002313,25,20,20
24,6068,0.2085637954502986,1.2218419691137008e-06,0.044948046598069835,0.7464869361096629,25,20,20
24,6069,0.20856679277719387,1.2218419749742201e-06,0.03870034151530191,0.7527316438655292,25,20,20
24,6070,0.20856693422635494,1.2218419540492633e-06,0.03870497261468401,0.7527268713170068,25,20,20
24,6071,0.20857001978285225,1.2218419535164412e-06,0.03870493871755604,0.7527238196576378,25,20,20
24,6072,0.20857103791265075,1.2218416377932115e-06,0.038698346108089254,0.7527293941376219,25,20,20
24,6073,0.20857902559511893,1.2218417265740989e-06,0.04975011766569674,0.741669634897458,25,20,20
24,6074,0.2085820056247744,1.22184169978295e-06,0.049752014079015645,0.7416647584545102,25,20,20
24,6075,0.20858598182853855,1.2218417259199377e-06,0.049756584019398566,0.741656212310337,25,20,20
24,6076,0.20858200398531573,1.2218416951853285e-06,0.04975198692950841,0.7416647872434807,25,20,20
24,6077,0.20857899460283627,1.2218419321530796e-06,0.04975527493897691,0.7416645086162549,25,20,20
24,6078,0.20857899421946832,1.2218419318238916e-06,0.049748755575128215,0.7416710283634719,25,20,20
24,6079,0.21072496533748555,2.975654877992478e-07,0.047603886234363645,0.7416708508626632,25,20,20
24,6080,0.22028235536722904,2.7190923161216836e-07,0.03804789796259904,0.7416694747609399,25,20,20
24,6081,0.19724521126113806,2.719138793678911e-07,0.061085046674151676,0.7416694701508328,25,20,20
24,6082,0.1972480961273041,2.7191334323262903e-07,0.06107858376964583,0.7416730481897089,25,20,20
24,6083,0.19724809705044138,2.7191313740475454e-07,0.05483016775962116,0.747921463276802,25,20,20
24,6084,0.18440859406904728,4.552333645047637e-07,0.06766947078546458,0.747921479912126,25,20,20
24,6085,0.18441159190018783,4.552333559044043e-07,0.0676695837232434,0.7479183691432151,25,20,20
24,6086,0.18441563787779217,4.559038143950445e-07,0.07391811586445397,0.7416657903539416,25,20,20
24,6087,0.18442355509644087,4.5590390010407643e-07,0.07392040049381741,0.7416555885058438,25,20,20
24,6088,0.18442064527458427,4.559039271911601e-07,0.07392038324030842,0.7416585155811822,25,20,20
24,6089,0.18441972303590398,4.559038967724187e-07,0.0785853893989863,0.7369944316612147,25,20,20
24,6090,0.1854193963347317,4.568286059194673e-07,0.07758571123565097,0.736994435601013,25,20,20
24,6091,0.18541142558390888,4.568424700714563e-07,0.06654625572037104,0.7480418618532516,25,20,20
24,6092,0.18540723945774526,4.5684244213438477e-07,0.06654150618560006,0.7480507975142138,25,20,20
24,6093,0.1854101490005391,4.5684241435198976e-07,0.06654140737142347,0.7480479867856245,25,20,20
24,6094,0.18540615373955865,4.5617194615100126e-07,0.0602974586528858,0.7542959314356109,25,20,20
24,6095,0.18540627636817777,4.5616859720976954e-07,0.060300416361377306,0.7542928511018491,25,20,20
24,6096,0.1854062873545611,4.5616836021660345e-07,0.060297126911995534,0.7542961295650837,25,20,20
24,6097,0.18533743299084343,4.5616558011644675e-07,0.06015304370467105,0.7545090671389059,25,20,20
24,6098,0.18534151919438377,4.561655951081865e-07,0.055488102069826996,0.7591699225701946,25,20,20
24,6099,0.18533459991054177,4.5616555503931134e-07,0.05511299419512146,0.759551949728782,25,20,20
24,6100,0.18550420429200568,4.561653004169808e-07,0.05511290121313086,0.7593824383295634,25,20,20
24,6101,0.18574138132535967,4.561547789579172e-07,0.055471632965066464,0.7587865295547955,25,20,20
24,6102,0.18550101427952245,4.561516194864474e-07,0.055471451860409464,0.7590270777084492,25,20,20
24,6103,0.1854980687943708,4.561516194221763e-07,0.055471452463331676,0.7590300225906788,25,20,20
24,6104,0.18595235806878374,4.5615173963261685e-07,0.055476249316972384,0.758570936462505,25,20,20
24,6105,0.1936500210061775,2.7282592043538945e-07,0.047778765301553554,0.758570940866349,25,20,20
24,6106,0.19365765697748538,2.728259933451652e-07,0.04777406888022069,0.7585680013163008,25,20,20
24,6107,0.19365460965409936,2.7282571255862426e-07,0.047767481330429434,0.7585776361897589,25,20,20
24,6108,0.19407802550961914,1.712081638984603e-07,0.04734604468650665,0.7585757585957106,25,20,20
24,6109,0.19362380631152112,1.7120805322550234e-07,0.04734132904111929,0.7590346934393066,25,20,20
24,6110,0.1936238404251901,1.712080756532028e-07,0.0473366334255196,0.7590393549412152,25,20,20
24,6111,0.19375228411554052,1.712121245021894e-07,0.04734160745237599,0.7589059372199597,25,20,20
24,6112,0.19443886000993005,1.7121333065895248e-07,0.04734346495178932,0.7582175038249503,25,20,20
24,6113,0.1944377901611799,1.7121341443468996e-07,0.0473451220712985,0.7582169165541075,25,20,20
24,6114,0.19443593244709187,1.712133491954978e-07,0.047343385421988404,0.7582205109175707,25,20,20
24,6115,0.19442496568170242,1.712132634818853e-07,0.04734109883342771,0.7582337642716068,25,20,20
24,6116,0.19435618919038672,1.712110879238672e-07,0.04733860669909662,0.7583050328994286,25,20,20
24,6117,0.18388786486611314,1.5430855642441923e-09,0.05780711234207402,0.7583050212487273,25,20,20
24,6118,0.20003716594137824,1.8291041846427758e-09,0.0416578111788538,0.758305021050665,25,20,20
24,6119,0.19990866855130193,1.8250551642661524e-09,0.04165275753229027,0.7584385720913539,25,20,20
24,6120,0.19991070369437963,1.8250193598842183e-09,0.0416527548912982,0.7584365395893039,25,20,20
24,6121,0.22274125968577554,1.648018133949823e-09,0.018822185567212747,0.758436553098993,25,20,20
24,6122,0.2220577462834856,1.6468034142420843e-09,0.01882498257920373,0.7591172694905067,25,20,20
24,6123,0.22255363908948048,1.6704492079039783e-09,0.018329089955848143,0.7591172692842219,25,20,20
24,6124,0.23148120122285967,1.100465989522023e-06,0.009395185443064016,0.7591225128680863,25,20,20
24,6125,0.2316007331324202,1.1004681808692033e-06,0.009395535916688916,0.7590026304827099,25,20,20
24,6126,0.23160175756105306,1.100468186475268e-06,0.0093957009193659,0.7590014410513944,25,20,20
24,6127,0.23159869215358417,1.1004681946294716e-06,0.0093956200643513,0.7590045873138699,25,20,20
24,6128,0.23159591212235417,1.100468209928839e-06,0.009483608929078376,0.7589193784803575,25,20,20
24,6129,0.23159704984274757,1.101255158148223e-06,0.009859242917307394,0.7585426059847865,25,20,20
24,6130,0.2315979800948598,1.1012675234339792e-06,0.014532525738153095,0.7538683928994633,25,20,20
24,6131,0.2262150308873662,1.1914944570579687e-06,0.019915375721591383,0.753868401896585,25,20,20
24,6132,0.2248524266860284,1.1914983522645416e-06,0.021277975108581346,0.7538684067070378,25,20,20
24,6133,0.22485435093952755,1.1914984140168067e-06,0.021282961078543952,0.7538614964835145,25,20,20
24,6134,0.22485142241466288,1.1914984405219686e-06,0.0212830762789739,0.7538643098079225,25,20,20
24,6135,0.2248478898737608,1.1914986940285756e-06,0.021549203947637728,0.753601714679907,25,20,20
24,6136,0.2248457525323425,1.1914987382377596e-06,0.021544527917544617,0.7536085280513745,25,20,20
24,6137,0.22484778216319223,1.191486382383912e-06,0.01687132779731264,0.7582796985531126,25,20,20
24,6138,0.22230897445281494,1.1913520397087873e-06,0.019409992985024223,0.758279841210121,25,20,20
24,6139,0.2224247667712344,1.1913534814050504e-06,0.019322957853570376,0.7582510840217138,25,20,20
24,6140,0.22241392278498195,1.1913636837320368e-06,0.03037826855034304,0.7472066173009912,25,20,20
24,6141,0.22241390715548653,1.1913636666900837e-06,0.030378288806114803,0.7472066126747319,25,20,20
24,6142,0.22218252853254927,1.1913609277349774e-06,0.03818019686187421,0.7396360832446495,25,20,20
24,6143,0.22242670056513006,1.1913641004533205e-06,0.03818031995910818,0.7393917881116614,25,20,20
24,6144,0.22242880402486212,1.1913635052790584e-06,0.030007486134638578,0.7475625184769941,25,20,20
24,6145,0.2246458639938897,9.235792064695267e-08,0.027796774097925164,0.7475572695502646,25,20,20
24,6146,0.22961003069839933,3.3927208296384005e-09,0.022830745246090238,0.7475592206627896,25,20,20
24,6147,0.22961104922945846,3.3926591394941216e-09,0.022824220359509182,0.7475647270183734,25,20,20
24,6148,0.22686190754139843,3.4130222367761115e-09,0.025573382905508146,0.7475647061400714,25,20,20
24,6149,0.22686482471794772,3.424804706032833e-09,0.031834781513605755,0.7413003903436426,25,20,20
24,6150,0.22686476610852357,3.424787928236166e-09,0.03183283959377956,0.7413023908729102,25,20,20
24,6151,0.22686172731659127,3.4129787835167657e-09,0.025571479252774955,0.747566790017656,25,20,20
24,6152,0.22686057358013542,2.6260215140165747e-09,0.025195886678032086,0.7479435371158121,25,20,20
24,6153,0.22686344824089275,2.6260117362825556e-09,0.025195966324924685,0.7479405828081717,25,20,20
24,6154,0.22939727527127338,2.75016028321335e-07,0.022661989514563677,0.7479404601981353,25,20,20
24,6155,0.2294002187946873,2.750057780651279e-07,0.01161137452773495,0.7589881316717999,25,20,20
24,6156,0.22939816967340437,2.7500583015601176e-07,0.011611330909352704,0.7589902244114133,25,20,20
24,6157,0.22939032310082014,2.7500573312720646e-07,0.011611289638187926,0.7589981122552595,25,20,20
24,6158,0.2293902880194948,2.7500576920996393e-07,0.011613193972848646,0.7589962430018881,25,20,20
24,6159,0.1935973102236254,5.037585341897723e-07,0.0474058473751012,0.7589963386427412,25,20,20
24,6160,0.1936042315447116,5.037585605315233e-07,0.04740576778986716,0.7589894969068628,25,20,20
24,6161,0.19371748108263465,5.040301593213791e-07,0.0472924573116655,0.7589895575755424,25,20,20
24,6162,0.19372151167836896,5.0403017685318e-07,0.047294088589329375,0.7589838957021269,25,20,20
24,6163,0.19361036909192186,5.091426149373452e-07,0.04740528388419234,0.7589838378812729,25,20,20
24,6164,0.19361036909268695,5.091426191221278e-07,0.04767150039823131,0.7587176213664645,25,20,20
24,6165,0.19367739868410205,5.091458170412727e-07,0.04767180552002011,0.758650286650063,25,20,20
24,6166,0.1936796305228886,5.091484453333006e-07,0.047671900790035714,0.7586479595386324,25,20,20
24,6167,0.19367961405964318,5.091484044863595e-07,0.047665295378783445,0.7586545814131704,25,20,20
24,6168,0.20232256403821633,5.091220644237153e-07,0.039022217072098714,0.7586547097676217,25,20,20
24,6169,0.20232261677077779,5.091220737332836e-07,0.03902214492193394,0.7586547291852155,25,20,20
24,6170,0.20238929922854706,5.091252324829892e-07,0.039022241809601135,0.75858794983662,25,20,20
24,6171,0.2024285112288819,5.091378563804273e-07,0.045189579480923774,0.752381400152339,25,20,20
24,6172,0.20242426435356592,5.091352627446928e-07,0.045189518595109925,0.7523857079160624,25,20,20
24,6173,0.2024273302442717,5.10011438750783e-07,0.04528961798938465,0.7522825417549047,25,20,20
24,6174,0.2024243497794151,5.100114302127501e-07,0.04566255549582017,0.7519125847133341,25,20,20
24,6175,0.20242038912384408,5.100114176010892e-07,0.04566915686532789,0.7519099439994099,25,20,20
24,6176,0.20242039477122747,5.100114079871722e-07,0.04566912117634439,0.7519099740410197,25,20,20
24,6177,0.20241946262492339,5.10011381713857e-07,0.04567373577792394,0.7519062915857704,25,20,20
24,6178,0.2013881360860125,5.110197019145827e-07,0.04670503251258891,0.7519063203816961,25,20,20
24,6179,0.20139068255561582,5.11020737030959e-07,0.04644546199393913,0.7521633444297073,25,20,20
24,6180,0.20001882993248796,5.058657879291025e-07,0.04781733108852418,0.7521633331131994,25,20,20
24,6181,0.19989637322621281,5.058650291813138e-07,0.04782405110513159,0.7522790698036261,25,20,20
24,6182,0.19989631979710115,5.496796089221531e-07,0.0482468178174001,0.7518563127058894,25,20,20
24,6183,0.1998963022064633,5.496795906520922e-07,0.04825341766816831,0.7518497304457774,25,20,20
24,6184,0.19989341423942586,5.496796047122419e-07,0.048513074347688444,0.7515929617332808,25,20,20
24,6185,0.19989047022969522,5.496796048455627e-07,0.04850658622108215,0.7516023938696176,25,20,20
24,6186,0.19989056383907042,5.496796579318654e-07,0.048502006982236064,0.7516068794990356,25,20,20
24,6187,0.19595034720068016,4.7382066208538315e-08,0.05244284826744993,0.7516067571498048,25,20,20
24,6188,0.19592106547989765,4.737943624901558e-08,0.05850071989357528,0.7455781672470922,25,20,20
24,6189,0.1959210793516349,4.7379445604656266e-08,0.058496020048965376,0.7455828532199554,25,20,20
24,6190,0.19591811993490865,4.7379437698475724e-08,0.0584961381375418,0.7455856945481131,25,20,20
24,6191,0.1959111987276126,4.7379428881533844e-08,0.05849442756258869,0.745594326330371,25,20,20
24,6192,0.1865686177083347,6.173310121895475e-06,0.06783037349436782,0.7455948354871766,25,20,20
24,6193,0.18656562216834874,6.12861936639185e-06,0.06731416715361188,0.7461140820586739,25,20,20
24,6194,0.1865676181083687,6.128619452150935e-06,0.06731414823763188,0.7461121050345477,25,20,20
24,6195,0.18698729291156013,6.127685454946748e-06,0.06689643446147303,0.7461101449415124,25,20,20
24,6196,0.18699022116265557,6.127685445567573e-06,0.06689643579087573,0.7461072153610236,25,20,20
24,6197,0.1869901531706667,6.12768542759453e-06,0.06716270568635768,0.7458410134575485,25,20,20
24,6198,0.18699111635259505,6.1276854620844625e-06,0.06715593647750721,0.7458468194844362,25,20,20
24,6199,0.18699120631010088,6.127685453608654e-06,0.0671625367819002,0.7458401292225457,25,20,20
24,6200,0.18699422065711524,6.127685463235946e-06,0.06690288301634773,0.746096768641074,25,20,20
24,6201,0.18695554168032166,6.127684860250979e-06,0.06084458612906534,0.7521937445057532,25,20,20
24,6202,0.1980673070275261,1.640752660035202e-09,0.049739433369638576,0.7521932579620833,25,20,20
24,6203,0.19796226291902908,1.6393660174684528e-09,0.04973377047499264,0.752303964966613,25,20,20
24,6204,0.19796228326561138,1.6396141934542274e-09,0.049863715633097376,0.7521739994616778,25,20,20
24,6205,0.19804067747596277,1.5413618326690257e-09,0.04978530953261729,0.7521740114500589,25,20,20
24,6206,0.19804360166434334,1.5413297199850678e-09,0.0495192450988481,0.7524371516954801,25,20,20
24,6207,0.19804732507967276,1.5415929391056109e-09,0.049648607576625904,0.7523040658021093,25,20,20
24,6208,0.19801503219143513,1.5289953767236483e-09,0.04348597042416058,0.7584989958554094,25,20,20
24,6209,0.1980179391754054,1.5287430554171374e-09,0.043356220408329434,0.7586258388875226,25,20,20
24,6210,0.19801494477037807,1.5299459291630975e-09,0.04335869919341277,0.7586263545062637,25,20,20
24,6211,0.19801496023525872,1.5299512920357902e-09,0.04348887016745139,0.7584961680673387,25,20,20
24,6212,0.18556763664797024,2.0347613480436398e-07,0.05173325316070894,0.7626989067151855,25,20,20
24,6213,0.18557662935522493,2.0347611944276649e-07,0.05136025795778847,0.7630629092108667,25,20,20
24,6214,0.18557270548186164,2.0347608449364138e-07,0.051355607273793666,0.7630714837682596,25,20,20
24,6215,0.1855727553978768,2.0347491443326177e-07,0.051359575715126435,0.763067465412082,25,20,20
24,6216,0.18556968500178123,2.0347491953511842e-07,0.05135317110551024,0.7630769404177884,25,20,20
24,6217,0.18532851112693197,2.0347175550585485e-07,0.05135301397035784,0.763318271430955,25,20,20
24,6218,0.18532050159178104,2.034716933985341e-07,0.05135300840031157,0.7633262865362141,25,20,20
24,6219,0.18421592165338796,2.037005766944879e-07,0.05245727794430981,0.7633265967017258,25,20,20
24,6220,0.19630690987974814,1.7384166436541994e-07,0.04456905912991213,0.7591238571486749,25,20,20
24,6221,0.1963090274375026,1.7384167558295781e-07,0.04493542288373633,0.7587553758370856,25,20,20
24,6222,0.19630603092092447,1.7384168404250535e-07,0.04493537303295962,0.7587584222044319,25,20,20
24,6223,0.19630225683921285,1.7384141252096805e-07,0.04480598103311555,0.7588915882862591,25,20,20
24,6224,0.19629927836574113,1.7384161426666316e-07,0.05105428815079752,0.7526462596418468,25,20,20
24,6225,0.17977946450729654,1.7373431651244654e-07,0.06757403470286431,0.7526463270555235,25,20,20
24,6226,0.17978344001688773,1.7373434615836234e-07,0.0675738404382905,0.7526425458104762,25,20,20
24,6227,0.163409171683758,1.7268430651491745e-07,0.0839445158766957,0.7526461397552393,25,20,20
24,6228,0.1634495905149306,1.7268605780162283e-07,0.08390409658233387,0.7526461402166738,25,20,20
24,6229,0.16345262200011448,1.7268604806541713e-07,0.08389745422913347,0.7526497510847002,25,20,20
24,6230,0.16563410154573957,1.7339485918355703e-07,0.0815057161164039,0.7528600089429963,25,20,20
24,6231,0.16129568696477226,4.473800171383069e-06,0.08560583525415259,0.7530940039809004,25,20,20
24,6232,0.18391556619926175,1.7366377994508435e-07,0.06322818507257592,0.752856075064384,25,20,20
24,6233,0.18391565264410986,1.736636151855801e-07,0.0569864815581415,0.7590976921341348,25,20,20
24,6234,0.18391566851127297,1.736636150528543e-07,0.05698639855566718,0.759097759269446,25,20,20
24,6235,0.18384794445431588,1.736604510460413e-07,0.05699273800625791,0.7591591438789769,25,20,20
24,6236,0.1838448639903284,1.7366043397518836e-07,0.05725900765403916,0.7588959546952,25,20,20
24,6237,0.18384791430558045,1.7366041961859186e-07,0.05712886820242903,0.7590230438315727,25,20,20
24,6238,0.1838530185692317,1.7366100004761904e-07,0.05699223803556462,0.7591545697342049,25,20,20
24,6239,0.18384991703548817,1.7366100466429977e-07,0.056992268037161155,0.7591576412663472,25,20,20
24,6240,0.18383575529175078,1.7396076881044182e-07,0.05700616324459655,0.7591579075028853,25,20,20
24,6241,0.18375472093808934,1.7395509030505318e-07,0.057087172800834314,0.7591579323059874,25,20,20
24,6242,0.18400291023159437,1.7358770199703037e-07,0.05683899213738372,0.7591579240433214,25,20,20
24,6243,0.18400084311092887,1.735876691978494e-07,0.05647072416307795,0.7595282591383256,25,20,20
24,6244,0.1840006811912306,1.7358636669133697e-07,0.05646872101227477,0.7595304242101294,25,20,20
24,6245,0.18424387225333924,1.7359051774302043e-07,0.05646905605847511,0.7592868980976688,25,20,20
24,6246,0.1842417097719137,1.7358994160611442e-07,0.05634601892549461,0.7594120977126512,25,20,20
24,6247,0.20079447589386562,1.733385849971043e-07,0.03979332058088348,0.7594120301866661,25,20,20
24,6248,0.2007953886053744,1.733372052250572e-07,0.0397862197596486,0.7594182182977721,25,20,20
24,6249,0.20223115722274787,1.7333342550066832e-07,0.03835045553576213,0.7594182139080646,25,20,20
24,6250,0.2022312616238905,1.7333344346707112e-07,0.03835045640874999,0.7594181086339162,25,20,20
24,6251,0.20223049141318392,1.733334409812234e-07,0.044598401879895055,0.7531709333734814,25,20,20
24,6252,0.20222754994495976,1.73347372675661e-07,0.044604113423525174,0.7531681632841437,25,20,20
24,6253,0.20210464146193266,1.7341765773932582e-07,0.04472701345001916,0.7531681716703919,25,20,20
24,6254,0.20063387783000222,1.7725910279031839e-07,0.046197667183735795,0.7531682777271607,25,20,20
24,6255,0.2006407945047118,1.7725913688724425e-07,0.04593609998090538,0.7534229282552474,25,20,20
24,6256,0.20064374589841932,1.772590965095468e-07,0.039694641761675184,0.7596614350808093,25,20,20
24,6257,0.2006408010255125,1.7725909728122856e-07,0.0396946738412438,0.7596643478741468,25,20,20
24,6258,0.20063773643284438,1.772590746908512e-07,0.039688135498361324,0.7596739508097201,25,20,20
24,6259,0.2006378051323961,1.7725908254434733e-07,0.03968809917345936,0.7596739184350624,25,20,20
24,6260,0.20063562424544198,1.7725912635313573e-07,0.039681578611449726,0.7596826198839824,25,20,20
24,6261,0.20063650134000852,1.7725916154022484e-07,0.03968158147772704,0.7596817399231033,25,20,20
24,6262,0.2006434205368478,1.7725919671139686e-07,0.03968166346748223,0.7596747387364737,25,20,20
24,6263,0.20063651763741472,1.772591707586175e-07,0.03968165976921408,0.7596816453342008,25,20,20
24,6264,0.20062959969109204,1.7725913573563364e-07,0.03968157775959463,0.7596886452901779,25,20,20
24,6265,0.20062564032446015,1.772591146760049e-07,0.03968157658433244,0.7596926058320932,25,20,20
24,6266,0.20062558901675798,1.7725907769324456e-07,0.039674972991269083,0.7596992607328956,25,20,20
24,6267,0.2003854117147274,1.7725487249852018e-07,0.03967452112498863,0.7599398899054118,25,20,20
24,6268,0.20038542688889804,1.7725489123020813e-07,0.03967462474814731,0.7599397711080639,25,20,20
24,6269,0.20038546309255667,1.7725489570673806e-07,0.03967459340278197,0.7599397662497658,25,20,20
24,6270,0.19251042787026965,1.78266501224822e-07,0.04324381415728716,0.7642455797059433,25,20,20
24,6271,0.19250650433370178,1.782664753497831e-07,0.04324599477755931,0.7642473226222645,25,20,20
24,6272,0.1925094481014359,1.7826647611530167e-07,0.04325069631960138,0.7642396773124875,25,20,20
24,6273,0.1925124432368908,1.7826648915587507e-07,0.043250555641493514,0.7642368228551273,25,20,20
24,6274,0.19251550990033503,1.78266480708909e-07,0.043250637632162275,0.7642336742010228,25,20,20
24,6275,0.1925124063349046,1.78266480777818e-07,0.04325715887903183,0.7642302565195833,25,20,20
24,6276,0.19257988426050993,1.7826965785778047e-07,0.0434160816542959,0.7640038558155366,25,20,20
24,6277,0.19065749635371185,2.0589631760100322e-07,0.04554869973170484,0.7637935980182676,25,20,20
24,6278,0.19066557213678031,2.0589681795868907e-07,0.04564098431941882,0.7636932376469843,25,20,20
24,6279,0.19066261174476373,2.0589680859562105e-07,0.04564098423358975,0.7636961981248395,25,20,20
24,6280,0.1906636095388422,2.05896848394184e-07,0.04564110339972477,0.7636950811645862,25,20,20
24,6281,0.1904267924247468,2.0590062172647354e-07,0.04587792051503382,0.7636950811595996,25,20,20
24,6282,0.19042788533217575,2.0590094872016934e-07,0.04587952495821807,0.7636923838086592,25,20,20
24,6283,0.19042492580450823,2.0590093453199067e-07,0.045874822343382526,0.7637000459511764,25,20,20
24,6284,0.19042799370568253,2.05900925148653e-07,0.0458746963602935,0.7636971040331001,25,20,20
24,6285,0.19043093482921683,2.0588698913781238e-07,0.045862460816167225,0.7637063984676284,25,20,20
24,6286,0.19043393441627188,2.0588698085515915e-07,0.04586253775043841,0.7637033219463105,25,20,20
24,6287,0.19063482808297563,2.0589312591491155e-07,0.04566164314927458,0.7637033228746248,25,20,20
24,6288,0.19063777145400476,2.058931256086337e-07,0.04566164454415206,0.7637003781087186,25,20,20
24,6289,0.19014304727122616,2.2177444438108005e-07,0.046152002422242974,0.7637047285320879,25,20,20
24,6290,0.19013900265027003,2.2177439973929618e-07,0.04614973529416339,0.7637110402811682,25,20,20
24,6291,0.1901372166637747,2.21774361396816e-07,0.04614961576684704,0.7637129457950182,25,20,20
24,6292,0.1901371995852289,2.2177435179573808e-07,0.04614723363596511,0.7637153450044555,25,20,20
24,6293,0.19014014228514037,2.2177435193982614e-07,0.046147346031160774,0.7637122899093483,25,20,20
24,6294,0.19943947525020364,2.1689403283771857e-07,0.0411539534893253,0.7594063543664391,25,20,20
24,6295,0.16053974371882995,9.861328493648252e-07,0.08003629847466184,0.7594229716736592,25,20,20
24,6296,0.1605585002948246,9.861301050032753e-07,0.0800175417906061,0.7594229717844648,25,20,20
24,6297,0.16056351027951485,9.861299038044138e-07,0.08001605792751926,0.7594194456630625,25,20,20
24,6298,0.16056057609858798,9.861299042850622e-07,0.08002067754587314,0.759417760225635,25,20,20
24,6299,0.15908593607440574,9.858976151283385e-07,0.08149571287047574,0.759417365157503,25,20,20
24,6300,0.15908891867440642,9.858976237526192e-07,0.08149930736492038,0.7594107880630492,25,20,20
24,6301,0.1590899452641089,9.858976486112659e-07,0.08150392859331256,0.7594051402449299,25,20,20
24,6302,0.15890631289217427,9.859579564789873e-07,0.08168753802009375,0.7594051631297755,25,20,20
24,6303,0.1433217059515818,1.7640647850434926e-06,0.09701152091642495,0.7596650090672079,25,20,20
24,6304,0.14383011480799868,1.7482680656349968e-06,0.09650748654139027,0.7596606503825452,25,20,20
24,6305,0.14382810056042097,1.7482680921046077e-06,0.09650751644525363,0.759662634726233,25,20,20
24,6306,0.14382803070970243,1.7482680824213215e-06,0.09650751419435963,0.7596627068278552,25,20,20
24,6307,0.14383009949836606,1.7482680476958614e-06,0.09650762679419442,0.7596605254393919,25,20,20
24,6308,0.12209491060735835,1.7483424374091164e-06,0.11824282715449362,0.7596605138957111,25,20,20
24,6309,0.13203862510828357,1.0440100515317641e-06,0.10855970070168196,0.7594006301799834,25,20,20
24,6310,0.13115408906926285,3.13495680710926e-06,0.1094585240146774,0.7593842519592539,25,20,20
24,6311,0.1311520734538958,3.1349568329328926e-06,0.10945856733548247,0.7593862242537901,25,20,20
24,6312,0.13115802754508168,3.1349563767352515e-06,0.10936621935186855,0.7594726181466743,25,20,20
24,6313,0.13124701228477187,3.1334594190651453e-06,0.1092772157126732,0.759472638543135,25,20,20
24,6314,0.131250987418819,3.1334594451858067e-06,0.10953323217560657,0.7592126469461283,25,20,20
24,6315,0.13125104316996275,3.133459454606292e-06,0.10953764642593043,0.7592081769446517,25,20,20
24,6316,0.13180007558293777,3.133524150355692e-06,0.10954446750831437,0.7586523233845972,25,20,20
24,6317,0.13179697439841143,3.1335241502152924e-06,0.10953985039862961,0.7586600416788083,25,20,20
24,6318,0.13179697439659033,3.1335241501226502e-06,0.10953981260283578,0.7586600794764233,25,20,20
24,6319,0.12605197114999558,3.1357025469548183e-06,0.1152471496827933,0.7586977434646646,25,20,20
24,6320,0.1260579454566707,3.1357025376437684e-06,0.11524706819782407,0.7586918506429678,25,20,20
24,6321,0.12605799844350662,3.135702566816717e-06,0.11524718422103644,0.7586916816328905,25,20,20
24,6322,0.12605494754305435,3.1357025489466028e-06,0.11524053421554808,0.7587013825388492,25,20,20
24,6323,0.12605500012545381,3.1357025401909795e-06,0.11524042019905233,0.7587014439729542,25,20,20
24,6324,0.12603997495829825,3.1357024168335416e-06,0.11536978241509414,0.7585871069241911,25,20,20
24,6325,0.1260430267339826,3.1357024174781023e-06,0.11536982096912139,0.7585840165944789,25,20,20
24,6326,0.1314045568756291,2.8902377704456434e-06,0.11000849103171839,0.7585840618548823,25,20,20
24,6327,0.14670422462751295,2.8635439566883684e-06,0.09470824555092625,0.7585846662776042,25,20,20
24,6328,0.16809490429116564,2.863702167750665e-06,0.07331748884051098,0.7585847431661573,25,20,20
24,6329,0.16809605107067313,2.863702425170834e-06,0.07357906388850802,0.758322021338395,25,20,20
24,6330,0.16809299976623876,2.863702429111464e-06,0.07383065791983844,0.7580734786114947,25,20,20
24,6331,0.16754405150062085,2.8636377744035943e-06,0.07383040269292873,0.758622682168677,25,20,20
24,6332,0.13719816695567608,2.8620133149902316e-06,0.10421395126857527,0.7585850197624349,25,20,20
24,6333,0.13720513663195277,2.8620133800607133e-06,0.10409110997839656,0.758700891376272,25,20,20
24,6334,0.1371990380531499,2.862013253350489e-06,0.10409250055544866,0.7587055993781492,25,20,20
24,6335,0.1372019981399773,2.862013238055867e-06,0.10409898881586165,0.758696151030924,25,20,20
24,6336,0.1386145719885853,2.0086514438663827e-09,0.10267213282799675,0.7587132931747661,25,20,20
24,6337,0.13861362292964927,2.0088619862539707e-09,0.10267601404848989,0.7587103610129986,25,20,20
24,6338,0.1386176870264092,2.0100527513988676e-09,0.10280580059665027,0.7585765103668877,25,20,20
24,6339,0.1386178262332133,2.010058367795066e-09,0.10279930195784447,0.7585828697988837,25,20,20
24,6340,0.13855027853828802,2.00688095849635e-09,0.10273263572704135,0.7587170837277895,25,20,20
24,6341,0.13855156760077253,2.900307966272725e-09,0.10899384923701083,0.7524545802619071,25,20,20
24,6342,0.13894298421360854,2.606082851799085e-09,0.1086025218926414,0.7524544912876656,25,20,20
24,6343,0.13894990228351323,2.606113009822203e-09,0.1088675775796021,0.7521825175307701,25,20,20
24,6344,0.14031769509943148,2.9153587903022765e-09,0.1074995394691683,0.7521827625160398,25,20,20
24,6345,0.14031970978719943,2.915332819031393e-09,0.10749952520043088,0.7521807620970355,25,20,20
24,6346,0.17857247242385296,2.8702889698760406e-09,0.06926412209288588,0.7521634026129739,25,20,20
24,6347,0.1427278312446558,4.047888395196932e-05,0.1050647381599154,0.752166951711477,25,20,20
24,6348,0.14273879638403725,4.0478884031395614e-05,0.10506482411717455,0.7521559006147573,25,20,20
24,6349,0.1427356801574653,4.047888402581672e-05,0.10518847272590764,0.7520353682326015,25,20,20
24,6350,0.14273467196370107,4.047889599117069e-05,0.11144549986794164,0.7457793492723662,25,20,20
24,6351,0.14273467235561632,4.047889599095242e-05,0.1112715772724351,0.7459532714759581,25,20,20
24,6352,0.14273367313408789,4.047889605335052e-05,0.11127168867376426,0.7459541592960949,25,20,20
24,6353,0.14273680057131635,4.047889604519401e-05,0.1112717839913325,0.7459509365413062,25,20,20
24,6354,0.14274093281227782,4.0478896126015096e-05,0.11113455689480758,0.7460840313967887,25,20,20
24,6355,0.1427368829415182,4.047889605886179e-05,0.1111367804517381,0.7460858577106846,25,20,20
24,6356,0.14274079606144488,4.047889607113607e-05,0.11113487967656123,0.7460838453659225,25,20,20
24,6357,0.14273280601546334,4.047889595178277e-05,0.11100545567264718,0.7462212594159374,25,20,20
24,6358,0.142728522258357,4.047800253400631e-05,0.10474424388488737,0.7524867558542222,25,20,20
24,6359,0.14273237632470515,4.047800259037312e-05,0.10475082007052024,0.7524763256021849,25,20,20
24,6360,0.14272839865270986,4.047800255565117e-05,0.10475081687573452,0.7524803064690009,25,20,20
24,6361,0.1401814753667991,4.054990697323642e-05,0.10712488336891804,0.7526530913573094,25,20,20
24,6362,0.16299975478347595,4.0549764069925074e-05,0.08430722885162334,0.752652466600831,25,20,20
24,6363,0.1630027175115617,4.0549763832768046e-05,0.0843034301162897,0.7526533026083156,25,20,20
24,6364,0.16300066304678798,4.054976386691908e-05,0.08430354355776196,0.7526552436315828,25,20,20
24,6365,0.16299374823853946,4.05497638427306e-05,0.08421595812150225,0.752749743876115,25,20,20
24,6366,0.1629937472279994,4.0549763847289335e-05,0.08458881551298422,0.7523768874951687,25,20,20
24,6367,0.1629907521978198,4.054976384275125e-05,0.08459545100930878,0.7523732470290283,25,20,20
24,6368,0.162998648926993,4.054976574742056e-05,0.07870769871629824,0.7582531025909617,25,20,20
24,6369,0.16319204197742135,4.057890170506085e-05,0.07849973385883736,0.7582676452620365,25,20,20
24,6370,0.1631908961513076,4.0578901441903236e-05,0.07823353869113814,0.7585349862561127,25,20,20
24,6371,0.1631889518578902,4.057890137942075e-05,0.07823347928504287,0.7585369899556877,25,20,20
24,6372,0.16318189121794027,4.057890019710855e-05,0.07810357585066834,0.7586739540311944,25,20,20
24,6373,0.16317390535991666,4.057888630214025e-05,0.07772971146549616,0.7590558042882853,25,20,20
24,6374,0.163171694995523,4.057888660369143e-05,0.08397519011232574,0.7528125360055473,25,20,20
24,6375,0.16316473970539924,4.05788865473292e-05,0.08397087806944152,0.7528238033386114,25,20,20
24,6376,0.16316455153748624,4.0578886560847484e-05,0.08396627805098503,0.7528285915249677,25,20,20
24,6377,0.16316669541832837,4.05788862657992e-05,0.0777185117506661,0.7590742139447398,25,20,20
24,6378,0.1628340502348421,4.087478541820056e-05,0.0780508595989495,0.7590742153807903,25,20,20
24,6379,0.17098118373527577,3.9863324716246536e-07,0.06994775836034094,0.759070659271137,25,20,20
24,6380,0.1709841899224606,3.9863349732526695e-07,0.07020931014315995,0.7588061013008833,25,20,20
24,6381,0.17126537314990856,1.0278982638578588e-07,0.0699283999875688,0.7588061240726973,25,20,20
24,6382,0.1712653012516324,1.0278979069275859e-07,0.07017114575451816,0.7585634502040601,25,20,20
24,6383,0.1712682936984731,1.0278979911696568e-07,0.07017112952156347,0.7585604739901656,25,20,20
24,6384,0.1712724301666125,1.0279293436936871e-07,0.06992622975297645,0.7588012372874775,25,20,20
24,6385,0.17126936436718235,1.027926739468839e-07,0.06965997438695584,0.7590705584531888,25,20,20
24,6386,0.17126938145494755,1.0279268339342391e-07,0.06965997373990183,0.759070542012468,25,20,20
24,6387,0.17127535672059033,1.027926923047741e-07,0.06965974239988362,0.7590647980868345,25,20,20
24,6388,0.17127139761155483,1.0334569167250992e-07,0.08182350739317366,0.7469049916495822,25,20,20
24,6389,0.1712723785343298,1.0334573085971457e-07,0.08181695652275614,0.7469105615971853,25,20,20
24,6390,0.17126938258540572,1.0334573977881327e-07,0.08181695719984355,0.7469135568690128,25,20,20
24,6391,0.17126937920261576,1.0334573945733654e-07,0.081816955716123,0.7469135617355235,25,20,20
24,6392,0.17126942961754887,1.0334579946950678e-07,0.08181695822149462,0.7469135088151588,25,20,20
24,6393,0.17126655556962256,1.0334584199712943e-07,0.08182348115249102,0.7469098599320462,25,20,20
24,6394,0.13298774636438085,1.8917659624608266e-05,0.12009802121604071,0.7468953147599546,25,20,20
24,6395,0.1329877281021069,1.891710659013297e-05,0.10830722381139506,0.7586861309799099,25,20,20
24,6396,0.13298662138980455,1.8917103513491658e-05,0.10830056695260053,0.7586938945540834,25,20,20
24,6397,0.13317968794168744,1.8917042781651643e-05,0.10810752495482286,0.7586938700607101,25,20,20
24,6398,0.13317570601274428,1.8917042755495727e-05,0.108102935270177,0.7587024416743248,25,20,20
24,6399,0.1331826256294972,1.891704279975526e-05,0.10810294032528463,0.7586955170024197,25,20,20
24,6400,0.13317265962252733,1.8917042814779783e-05,0.1081029461836397,0.7587054771510193,25,20,20
24,6401,0.13316967999773058,1.8917042811187272e-05,0.10810513826040082,0.7587062646990586,25,20,20
24,6402,0.13316673642976856,1.891704279456508e-05,0.10811388965233983,0.7587004568750981,25,20,20
24,6403,0.1331598162255183,1.891771441227298e-05,0.11436254434187194,0.7524587217181997,25,20,20
24,6404,0.13315886960576873,1.8917714326346377e-05,0.1143625059494345,0.7524597067304726,25,20,20
24,6405,0.13316564806748857,1.8917714324090074e-05,0.11436253959575991,0.7524528946224293,25,20,20
24,6406,0.13393472483456959,1.8917890244375128e-05,0.11358096307959036,0.7524653941955974,25,20,20
24,6407,0.13393490475843164,1.8917890236558474e-05,0.11357868580806756,0.7524674915432662,25,20,20
24,6408,0.13393190937973645,1.8917890223694313e-05,0.11320799291741153,0.7528411798126301,25,20,20
24,6409,0.13392505918002143,1.8917890198046644e-05,0.11320787819538718,0.7528481447343951,25,20,20
24,6410,0.13392206436524287,1.891789018967883e-05,0.11321439999183455,0.7528446177527341,25,20,20
24,6411,0.1301381539591001,2.0531133736961908e-05,0.11699656227985901,0.7528447526273031,25,20,20
24,6412,0.13013904863582584,2.0531133781313627e-05,0.11700316908641849,0.7528372511439737,25,20,20
24,6413,0.130141132508036,2.0531133764339886e-05,0.11700308430650981,0.7528352520516897,25,20,20
24,6414,0.13014116773607642,2.0531133782337446e-05,0.11700313310094071,0.7528351680292008,25,20,20
24,6415,0.13014111497111971,2.0531133777859535e-05,0.1170078343475883,0.7528305195475147,25,20,20
24,6416,0.1327781422032855,2.045896206492749e-05,0.11454375103861775,0.7526576477960325,25,20,20
24,6417,0.13898489483042722,8.682605188662549e-05,0.10825936265477924,0.7526689164629087,25,20,20
24,6418,0.13818149066293942,8.682629606292991e-05,0.10906273765750032,0.7526689453834973,25,20,20
24,6419,0.13818448633178945,8.682629605408153e-05,0.10906285125942292,0.7526658361127335,25,20,20
24,6420,0.13818748329279795,8.682629606253004e-05,0.10906057432335173,0.7526651160877875,25,20,20
24,6421,0.1381867656199529,8.682629618470526e-05,0.1090607790839527,0.7526656289999096,25,20,20
24,6422,0.13818981358793608,8.68262961890424e-05,0.1090609729880778,0.7526623871277976,25,20,20
24,6423,0.13818687011628986,8.682629618461192e-05,0.10905642514738459,0.7526698784401415,25,20,20
24,6424,0.125125817130854,8.683650636799501e-05,0.12212996687157875,0.7526573794912003,25,20,20
24,6425,0.11385798519985825,8.698008456971975e-05,0.133343564535547,0.752711470180026,25,20,20
24,6426,0.1489237415659277,6.814453881526875e-05,0.09829667913051443,0.7527114347647452,25,20,20
24,6427,0.14892169245462658,6.8144538868187e-05,0.09820442295581655,0.7528057400506909,25,20,20
24,6428,0.1539511209136202,6.80064455627927e-05,0.09322742457729659,0.7527534480635225,25,20,20
24,6429,0.15394910176223056,6.80064455923013e-05,0.09322734652700011,0.7527555452651791,25,20,20
24,6430,0.1539461226802457,6.800644559220728e-05,0.09285465598569535,0.7531312148884686,25,20,20
24,6431,0.1544678974608688,6.800650973130369e-05,0.09286053032186364,0.7526035657075382,25,20,20
24,6432,0.15531009739117344,6.800615956562138e-05,0.0920185091071967,0.7526033873420661,25,20,20
24,6433,0.11660947092953279,6.801596560056456e-05,0.13071666480789904,0.7526058482969664,25,20,20
24,6434,0.10499924724580006,6.801597822106031e-05,0.1423268953831557,0.7526058413928203,25,20,20
24,6435,0.10499720029016596,6.801599218603639e-05,0.1424993390192586,0.7524354446983866,25,20,20
24,6436,0.09881030710199068,3.497596004231488e-08,0.1487656189008708,0.7524240390211762,25,20,20
24,6437,0.09882525211820575,3.497606671566136e-08,0.1487655464788029,0.7524091664269226,25,20,20
24,6438,0.09882509554996333,3.497607587607446e-08,0.1487671719529098,0.7524076975210492,25,20,20
24,6439,0.09882516540692231,3.497607499964859e-08,0.14876704359825085,0.7524077560187499,25,20,20
24,6440,0.10135973678133206,4.381165814277771e-08,0.14622382969624537,0.7524163897107625,25,20,20
24,6441,0.10136177176266527,4.381161407645136e-08,0.14622382335882633,0.7524143610668927,25,20,20
24,6442,0.09252280237281996,6.543353370630032e-08,0.15506276975092562,0.7524143624427191,25,20,20
24,6443,0.092524832955668,6.543133294286508e-08,0.1611650995748134,0.7463100020381848,25,20,20
24,6444,0.11508922364940619,3.5257239885931145e-08,0.1386007245589635,0.7463100165343888,25,20,20
24,6445,0.11508916867101104,3.525723466692437e-08,0.13859883212046303,0.7463119639512895,25,20,20
24,6446,0.11533227168689958,3.526143898879272e-08,0.13860563725508088,0.7460620557965788,25,20,20
24,6447,0.11533227170270809,3.5261439141233465e-08,0.13860559756337393,0.746062095472477,25,20,20
24,6448,0.11533225120457043,3.4589978250825044e-08,0.13860476803516758,0.746062946170282,25,20,20
24,6449,0.11533694877360708,3.45898820722921e-08,0.1386045663873039,0.7460584502492053,25,20,20
24,6450,0.11533703399575927,3.457811793906172e-08,0.13232979404381529,0.7523331373823058,25,20,20
24,6451,0.11509685758501359,3.457389563408927e-08,0.13232298679036067,0.7525801210507284,25,20,20
24,6452,0.11510084695008711,3.457399214817917e-08,0.13232866937067675,0.7525704491052423,25,20,20
24,6453,0.11510384543325484,3.457380994535526e-08,0.126080843127981,0.7588152768649524,25,20,20
24,6454,0.11509985729396231,3.457371764991129e-08,0.1260797475216074,0.7588203606107109,25,20,20
24,6455,0.11516956170803391,3.45773604886325e-08,0.12607336469244879,0.7587570390221552,25,20,20
24,6456,0.11517152385544367,3.457743112664797e-08,0.12607779830186777,0.7587506432652558,25,20,20
24,6457,0.1151695253272804,3.457745342474972e-08,0.1260730936236808,0.758757346471584,25,20,20
24,6458,0.11516745809745967,3.45774879399693e-08,0.126073212219157,0.7587592951058939,25,20,20
24,6459,0.11540761214297972,3.457964582268143e-08,0.12607320364594501,0.7585191496314282,25,20,20
24,6460,0.11540862917824406,3.4579574738321694e-08,0.12606860646752072,0.7585227297746592,25,20,20
24,6461,0.11540866432245095,3.457958342101839e-08,0.1257022487538833,0.7588890523440804,25,20,20
24,6462,0.11539377955021828,3.457974186500443e-08,0.12579144581908558,0.7588147400509524,25,20,20
24,6463,0.1153309617014934,3.4576087494103484e-08,0.1257890761326186,0.7588799275897987,25,20,20
24,6464,0.11533497211444722,3.457613058073804e-08,0.12578753381286215,0.7588774594965585,25,20,20
24,6465,0.11509476557877622,3.457398087382059e-08,0.12578754395599728,0.7591176558912441,25,20,20
24,6466,0.11624384271355488,1.730517589970078e-08,0.12464712619610299,0.7591090137851647,25,20,20
24,6467,0.11572822378605585,1.72410735060027e-08,0.1246412959121686,0.7596304630607004,25,20,20
24,6468,0.12162799556873637,1.1759469799234139e-08,0.11874331904739151,0.7596286736244008,25,20,20
24,6469,0.12162706718156362,1.17594525804318e-08,0.118743318203031,0.7596296028559513,25,20,20
24,6470,0.12162908124889704,1.1759430646473437e-08,0.11874339494657742,0.7596275120450932,25,20,20
24,6471,0.121773658371583,1.338124364199564e-08,0.11859881228598171,0.7596275159611899,25,20,20
24,6472,0.12177085447869734,1.3381258044021012e-08,0.11859864545305042,0.7596304866869926,25,20,20
24,6473,0.12177177234306563,1.338127096620243e-08,0.11859884243973261,0.7596293718359292,25,20,20
24,6474,0.08321314593733999,2.942739462189118e-05,0.14908826782624676,0.7676691588417904,25,20,20
24,6475,0.08321620386458609,2.942739460517247e-05,0.14946115560107695,0.767293213139731,25,20,20
24,6476,0.08321320788841577,2.9427394618799387e-05,0.14945653356299854,0.7673008311539664,25,20,20
24,6477,0.08321615273299178,2.9427394549786256e-05,0.14945641456652964,0.7672980053059287,25,20,20
24,6478,0.0832122428702621,2.9427394538086413e-05,0.14945660737080216,0.7673017223643975,25,20,20
24,6479,0.08321518743968463,2.942739453809841e-05,0.14946127724158292,0.7672941079241942,25,20,20
24,6480,0.08328603485027898,2.942739676402505e-05,0.14946143585633886,0.7672231018966178,25,20,20
24,6481,0.08328593840216211,2.9427396490849726e-05,0.14937239236046065,0.767312241840886,25,20,20
24,6482,0.054534655207780884,3.132318706873012e-05,0.17810376287377658,0.7673302587313744,25,20,20
24,6483,0.05453469856869161,3.132318707709653e-05,0.17810829923133784,0.767325679012894,25,20,20
24,6484,0.07247134708035627,3.132321217309055e-05,0.16017165906344413,0.7673256706440256,25,20,20
24,6485,0.07246430638573088,3.132321212068465e-05,0.16054457332139851,0.7669597970807489,25,20,20
24,6486,0.07246216007433563,3.1323212154314907e-05,0.16017161005483385,0.7673349066586748,25,20,20
24,6487,0.0724652511561091,3.132322615469914e-05,0.15981094205815125,0.7676924835595835,25,20,20
24,6488,0.0724651478343669,3.132322610594204e-05,0.15992955795048033,0.767573970989046,25,20,20
24,6489,0.07246518374834618,3.1323226110167155e-05,0.15993385445969122,0.7675696385658513,25,20,20
24,6490,0.07246213580251125,3.132322611066692e-05,0.15993385854874437,0.767572682422633,25,20,20
24,6491,0.07246219235105135,3.132322612361535e-05,0.15992900451609626,0.7675774799067285,25,20,20
24,6492,0.07245924928852684,3.132322611948686e-05,0.15992880876152454,0.7675806187238287,25,20,20
24,6493,0.07132048217812569,3.13134159360922e-05,0.16107005514407025,0.767578149261868,25,20,20
24,6494,0.07118064042659289,3.134634092698553e-05,0.16120986142163396,0.767578151810846,25,20,20
24,6495,0.0711796233038009,3.134634098891179e-05,0.16121648270031513,0.767572547654895,25,20,20
24,6496,0.07126086658891051,3.1346344359429014e-05,0.16129642266042782,0.7674113644063028,25,20,20
24,6497,0.0712639415595169,3.134634438223152e-05,0.16129832763869298,0.7674063844574078,25,20,20
24,6498,0.07126185565751314,3.1346344402979484e-05,0.1612981327465788,0.7674086652515052,25,20,20
24,6499,0.07124428106009038,3.134631846972159e-05,0.16131570732773057,0.7674086652937059,25,20,20
24,6500,0.07125534344996287,3.1346318523619015e-05,0.1613116235016091,0.7674016867299015,25,20,20
24,6501,0.07125626846374271,3.134631884586701e-05,0.165974944544779,0.7627374406726303,25,20,20
24,6502,0.07126442876540105,3.1346318902048284e-05,0.16597502978285664,0.7627291951328381,25,20,20
24,6503,0.07126649613084854,3.1346318566774e-05,0.16130995848626375,0.7673921990643181,25,20,20
24,6504,0.07126435078243282,3.134631858815e-05,0.1613034397651002,0.7674008631338761,25,20,20
24,6505,0.07170576462387096,3.134639721113449e-05,0.16086188404163348,0.7674010049372829,25,20,20
24,6506,0.07170478016426268,3.1346397158329533e-05,0.16095406603843065,0.7673098074001469,25,20,20
24,6507,0.07170782421268143,3.1346397162637746e-05,0.16086649961934085,0.7673943297708137,25,20,20
24,6508,0.07170563866811598,3.1346397114820283e-05,0.16086649438998746,0.7673965205447801,25,20,20
24,6509,0.07170558610149508,3.134639712681203e-05,0.16112803105667958,0.7671350364446955,25,20,20
24,6510,0.07170355654749873,3.134639714034818e-05,0.1750936444065322,0.7531714526488258,25,20,20
24,6511,0.07169667045583385,3.134639712399801e-05,0.1750935622871002,0.7531784208599389,25,20,20
24,6512,0.07169961479521626,3.1346397124478085e-05,0.17509367534167017,0.7531753634659861,25,20,20
24,6513,0.07169961601067402,3.134639712518023e-05,0.1750871483519578,0.753181889240241,25,20,20
24,6514,0.07169667603468617,3.1346397164675775e-05,0.1750937560196824,0.7531782215484644,25,20,20
24,6515,0.06378175272607195,2.944957625292905e-05,0.18302835552832822,0.7531604421693452,25,20,20
24,6516,0.06378170145878072,2.9449576470060634e-05,0.18315827205908303,0.7530305769056643,25,20,20
24,6517,0.0907342795633374,2.944956483292304e-05,0.15620583483207984,0.7530304360397488,25,20,20
24,6518,0.09073440301829741,2.944956482442276e-05,0.15620584212351663,0.7530303052933605,25,20,20
24,6519,0.09075851994950647,2.9449597451602245e-05,0.15620750125873234,0.7530045291943083,25,20,20
24,6520,0.09076056844072428,2.9449597670492265e-05,0.14233461574822145,0.7668753662133825,25,20,20
24,6521,0.1300835079823728,2.941682549075032e-05,0.10301167874456256,0.7668753964475737,25,20,20
24,6522,0.13033368831453498,2.941683177370958e-05,0.1032770498248275,0.7663598450288636,25,20,20
24,6523,0.13034053713488575,2.9416831799337434e-05,0.10327696969020644,0.7663530763431085,25,20,20
24,6524,0.13033754144076112,2.9416832027671015e-05,0.10301743471465313,0.7666156070125583,25,20,20
24,6525,0.1289795508832448,2.9420618622358244e-05,0.10437374698690471,0.7666172815112282,25,20,20
24,6526,0.1289764738153417,2.94206046215139e-05,0.10436149746004889,0.7666326081199881,25,20,20
24,6527,0.12897574755724941,2.9420604864466093e-05,0.10436367473577869,0.7666311571021077,25,20,20
24,6528,0.12898000858387682,2.942060489727774e-05,0.10436067438677624,0.76662989642445,25,20,20
24,6529,0.1295393342754996,2.9420451930292505e-05,0.10380138181254552,0.7666298634600248,25,20,20
24,6530,0.12953974759516343,2.9421241127188903e-05,0.1040643576878655,0.766366473475844,25,20,20
24,6531,0.12953960516982915,2.942124124593379e-05,0.10406587005777711,0.7663651035311478,25,20,20
24,6532,0.12954261921152044,2.942124100594752e-05,0.10394065031098405,0.7664873092364897,25,20,20
24,6533,0.12951850197915268,2.942120837821922e-05,0.10393887729774255,0.7665131995147269,25,20,20
24,6534,0.1295125115776311,2.9421208378014183e-05,0.10394561125120601,0.7665124559627853,25,20,20
24,6535,0.13683200032528395,2.9501943541374956e-05,0.09662562760288605,0.7665128701282891,25,20,20
24,6536,0.13675085974206266,2.9501940184305745e-05,0.09642055068982418,0.766799087627929,25,20,20
24,6537,0.1365026943223806,2.9501933870774603e-05,0.0961598791174306,0.7673079246263179,25,20,20
24,6538,0.1365058132069373,2.9501933853706696e-05,0.09615984743798264,0.7673048374212266,25,20,20
24,6539,0.13650283324085336,2.9501933841092295e-05,0.09615514604331166,0.7673125187819941,25,20,20
24,6540,0.13528085723146283,8.817382128004805e-08,0.10544246985056459,0.7592765847441519,25,20,20
24,6541,0.13535546654197364,8.818779378123844e-08,0.11009076001486794,0.754553685255366,25,20,20
24,6542,0.12622076585519645,8.303641704894589e-08,0.11922516936350917,0.7545539817448785,25,20,20
24,6543,0.12622183582122243,8.303658959744308e-08,0.11922015862456208,0.7545579225176273,25,20,20
24,6544,0.12622478184319902,8.303659459146163e-08,0.11922477761077449,0.7545503575094332,25,20,20
24,6545,0.1262246088664192,8.303688965893598e-08,0.11959768681576241,0.75417762128093,25,20,20
24,6546,0.12622166435553547,8.303690235807363e-08,0.11959768449495019,0.7541805681126134,25,20,20
24,6547,0.1262326137846712,8.305082512245131e-08,0.11986491037644069,0.7539023927880644,25,20,20
24,6548,0.12630221740909897,8.305275019290698e-08,0.11986741548713337,0.7538302840510193,25,20,20
24,6549,0.12630532602742986,8.305269366678853e-08,0.11995039929127783,0.7537441916286001,25,20,20
24,6550,0.12633133743425126,8.311211050183777e-08,0.1199243729724903,0.7537442064811494,25,20,20
24,6551,0.12633144301572583,8.311213679872728e-08,0.11992445824565402,0.7537440156264846,25,20,20
24,6552,0.1263284109690786,8.311187773532058e-08,0.11983837153132411,0.7538331343877206,25,20,20
24,6553,0.1263404892343381,8.312582777781964e-08,0.12001072896245871,0.7536486986773764,25,20,20
24,6554,0.12634445144649414,8.312562875809146e-08,0.12000911879188748,0.7536463466359906,25,20,20
24,6555,0.12627460263956725,8.312341229542672e-08,0.12000424068581987,0.7537210735512015,25,20,20
24,6556,0.1262886510230896,8.31242283558624e-08,0.12001314890769584,0.7536981169449872,25,20,20
24,6557,0.1262099544464802,8.311017520494106e-08,0.11536480956136477,0.7584251528819809,25,20,20
24,6558,0.14781154395642637,8.300992019896543e-08,0.093763220614518,0.7584251524191364,25,20,20
24,6559,0.1478234898269241,8.30099752179476e-08,0.09339506900466128,0.7587813581584403,25,20,20
24,6560,0.14782056433405624,8.300986434219832e-08,0.09339359873868658,0.7587857539173936,25,20,20
24,6561,0.14781361636796495,8.300983953089446e-08,0.09340022607881997,0.7587860745433761,25,20,20
24,6562,0.14512172582021632,8.22248658147773e-08,0.09609237100676475,0.7587858209481537,25,20,20
24,6563,0.14513692438656642,8.222493067237749e-08,0.09609241809398249,0.7587705752945213,25,20,20
24,6564,0.14512179571867265,8.222487893390967e-08,0.09609256831101755,0.7587855537454317,25,20,20
24,6565,0.14511875101577726,8.222488474670825e-08,0.09618473081216353,0.7586964359471754,25,20,20
24,6566,0.14511888143407947,8.22248593940004e-08,0.09618460039358812,0.7586964359474738,25,20,20
24,6567,0.14511096494075645,8.221093670900226e-08,0.09591735994217238,0.7589715929061349,25,20,20
24,6568,0.1451109216748007,8.221119111177469e-08,0.09604297809302739,0.7588460180209811,25,20,20
24,6569,0.105304018186506,1.0807101961471122e-07,0.13584282843753334,0.7588530453049422,25,20,20
24,6570,0.10530487792822811,1.080712938536565e-07,0.13584934081934452,0.7588456731811348,25,20,20
24,6571,0.10599243922588672,1.0807367551482075e-07,0.13584797096858864,0.7581594817318503,25,20,20
24,6572,0.10597748475221187,1.0807283455823841e-07,0.1358413476150967,0.7581810595598577,25,20,20
24,6573,0.10598053960680279,1.080728158365942e-07,0.13583464413456314,0.7581847081858192,25,20,20
24,6574,0.10597750552674158,1.0807306070521316e-07,0.1360962218304991,0.7579261645696999,25,20,20
24,6575,0.10597975372060586,1.080727934208396e-07,0.13609879669579505,0.7579213415108069,25,20,20
24,6576,0.10597561837506182,1.0807273620283525e-07,0.13609721426740173,0.7579270592848018,25,20,20
24,6577,0.10597449442110475,1.0805885068973962e-07,0.1359314187192173,0.7580939788008288,25,20,20
24,6578,0.10597753844182577,1.0805884915942805e-07,0.13584384425015228,0.7581785092491742,25,20,20
24,6579,0.10598050772262256,1.080585590741176e-07,0.1357182328335791,0.7583011513852412,25,20,20
24,6580,0.10598054647860977,1.0805831830601951e-07,0.13545198546484202,0.7585673599982315,25,20,20
24,6581,0.10598359438940015,1.0805833557758769e-07,0.13544533906675257,0.7585709584855137,25,20,20
24,6582,0.0776591123269366,5.066473898284783e-07,0.1636590542351577,0.7586813267905176,25,20,20
24,6583,0.07766018289467841,5.066474074573214e-07,0.16365241909181666,0.7586868913660991,25,20,20
24,6584,0.07697491947677987,5.066450008163971e-07,0.16364717247071361,0.7593774014075074,25,20,20
24,6585,0.07696386624815306,5.066449560341186e-07,0.16364935863725966,0.759386268469633,25,20,20
24,6586,0.11280020618656009,5.063926174798229e-07,0.12781687189420674,0.7593824155266173,25,20,20
24,6587,0.11279717339523238,5.063926173239574e-07,0.127823411113121,0.7593789090990306,25,20,20
24,6588,0.10693973630526556,5.068545107180482e-07,0.13368283160432626,0.7593769252358991,25,20,20
24,6589,0.10693968684580886,5.068545196067724e-07,0.13367823841241724,0.7593815678872557,25,20,20
24,6590,0.1315784033149931,5.103791846300308e-07,0.10903343166409575,0.7593876546417277,25,20,20
24,6591,0.13157613993653694,5.103792397484308e-07,0.10903802726097586,0.7593853224232489,25,20,20
24,6592,0.1315762097818542,5.103792583668645e-07,0.10916739298787703,0.7592558868510119,25,20,20
24,6593,0.13157837087060165,5.103798362378824e-07,0.10916277408638056,0.7592583446631828,25,20,20
24,6594,0.13157806931279756,5.103890656047951e-07,0.12312818199454334,0.7452932383035954,25,20,20
24,6595,0.13157801709190747,5.103891097421233e-07,0.12312825970082414,0.7452932128181604,25,20,20
24,6596,0.1315809388901835,5.103891086554124e-07,0.123125968071253,0.7452925826494564,25,20,20
24,6597,0.1315789589309108,5.103798959569494e-07,0.10916705155537258,0.7592534791338216,25,20,20
24,6598,0.13158197019460594,5.103801612622607e-07,0.10917188458693783,0.7592456348382953,25,20,20
24,6599,0.13158382719471745,5.103802135599518e-07,0.10904244407437375,0.7593732183506954,25,20,20
24,6600,0.1315786181236335,5.10379631784568e-07,0.10904247634330712,0.7593783951534276,25,20,20
24,6601,0.1352538074442574,5.10574532453184e-07,0.1053663553619104,0.7593793266192997,25,20,20
24,6602,0.13525084792174702,5.105742758799661e-07,0.1053615204188895,0.7593871210850877,25,20,20
24,6603,0.1352387531513478,5.10574175579415e-07,0.10536824002365734,0.7593924962508196,25,20,20
24,6604,0.1352378076305648,5.105741269451037e-07,0.10536356553589364,0.759398116259415,25,20,20
24,6605,0.13523879202762992,5.105741468278834e-07,0.10535700431629065,0.759403693081933,25,20,20
24,6606,0.13523581292336856,5.105739808581239e-07,0.10527201996941855,0.7594916565332325,25,20,20
24,6607,0.13523874743558706,5.105739711062034e-07,0.10526742974809819,0.7594933122423443,25,20,20
24,6608,0.1351609272560295,5.1057171045596e-07,0.10526715577660414,0.7595714063956565,25,20,20
24,6609,0.13516340076607095,5.097824826822548e-07,0.10526381211294472,0.7595722773385017,25,20,20
24,6610,0.13517033170298845,5.105118726036226e-07,0.10876431527891041,0.7560648425062285,25,20,20
24,6611,0.1351732750368583,5.105118721278227e-07,0.1087644276233106,0.7560617868279587,25,20,20
24,6612,0.1352540482503598,5.105299609187356e-07,0.1090314244181468,0.7557140168015323,25,20,20
24,6613,0.13515373047399387,4.846103766807591e-07,0.10913881016591759,0.7557069747497142,25,20,20
24,6614,0.13515486945030944,4.846103020607632e-07,0.10914342393187347,0.7557012220075169,25,20,20
24,6615,0.13515493869780784,4.846103290467054e-07,0.10914347790766239,0.7557010987842026,25,20,20
24,6616,0.13516178014311694,4.846103504832511e-07,0.10913885846511137,0.7556988767814229,25,20,20
24,6617,0.13515860200208724,4.846103298564299e-07,0.10913427236740755,0.7557066410201776,25,20,20
24,6618,0.14942899801721865,4.8106481693608e-07,0.09486996733580771,0.7557005535821592,25,20,20
24,6619,0.14943453978682436,4.810656255481101e-07,0.10111086815901901,0.749454110988533,25,20,20
24,6620,0.1496628077147893,4.81067726929374e-07,0.10111291733249919,0.7492237938849868,25,20,20
24,6621,0.13100432084677113,4.8178883917173e-07,0.11256874670136252,0.7564264506630294,25,20,20
24,6622,0.1310013971783899,4.818027991402828e-07,0.11231482817652445,0.7566832928422887,25,20,20
24,6623,0.1310045865618276,4.818028355788625e-07,0.1123149076573311,0.7566800239780075,25,20,20
24,6624,0.1310084943451085,4.818028657991202e-07,0.11231961343047947,0.7566714104215483,25,20,20
24,6625,0.1310340691173022,1.5655231241670528e-05,0.10817282606817762,0.7607774495832813,25,20,20
24,6626,0.13101299156186663,1.5655213202538715e-05,0.10803568060984173,0.7609356726150913,25,20,20
24,6627,0.14981668909111842,1.565490525412512e-05,0.09643453023148288,0.7537331257721469,25,20,20
24,6628,0.16608575875907414,1.5654540178167438e-05,0.08016546040199653,0.7537331262987534,25,20,20
24,6629,0.16608577386160278,1.5654540178318152e-05,0.08016546776715208,0.753733103831069,25,20,20
24,6630,0.16622316582957225,1.5654349634031775e-05,0.08002900660794227,0.7537321732128536,25,20,20
24,6631,0.16628798205183906,1.565436766169225e-05,0.0802950229928486,0.7534013405876524,25,20,20
24,6632,0.1663445284994318,1.565395885600947e-05,0.08023858689931568,0.7534012306423982,25,20,20
24,6633,0.161214756602547,1.5699368558022402e-05,0.08535843598194852,0.7534111080469486,25,20,20
24,6634,0.16030963092997477,1.5790825254624927e-05,0.08626388432646166,0.7534106939183114,25,20,20
24,6635,0.16030668884123198,1.5790825254520512e-05,0.08626616298387088,0.7534113573496448,25,20,20
24,6636,0.1602852500282315,6.174934337616885e-07,0.08564159311647966,0.7540725393618577,25,20,20
24,6637,0.1602892238702226,9.67444550950577e-07,0.09040445939982787,0.7493053492854013,25,20,20
24,6638,0.16028526560567968,9.674445337449605e-07,0.09040437723217445,0.7493093897176146,25,20,20
24,6639,0.160296558834079,9.682293732936786e-07,0.08459102554817452,0.7551114473883759,25,20,20
24,6640,0.16030053216573545,9.682293989767251e-07,0.08459561209659563,0.7551028875082726,25,20,20
24,6641,0.16030046112431523,9.682155928523073e-07,0.09854954000540919,0.7411490306546856,25,20,20
24,6642,0.1603045124004959,9.674862867322992e-07,0.0950492008215007,0.7446453192917194,25,20,20
24,6643,0.16035988220863293,9.674863710485046e-07,0.09505129559577544,0.7445878547092231,25,20,20
24,6644,0.12623908579093093,9.460608314651657e-07,0.12881052302937898,0.7449494451188577,25,20,20
24,6645,0.11769288449798526,5.475466554643631e-07,0.1374674251433577,0.7448391428120008,25,20,20
24,6646,0.11769582753320819,5.475466554228964e-07,0.13746514832594436,0.7448384765941914,25,20,20
24,6647,0.1177026798921959,5.475466548751923e-07,0.13746976587129908,0.7448270066898495,25,20,20
24,6648,0.11763486797989463,5.475286186309096e-07,0.1372037495054198,0.7451608349860662,25,20,20
24,6649,0.11764578295763718,5.475286806425518e-07,0.1371991429808284,0.7451545265328532,25,20,20
24,6650,0.1176487796703891,5.475286895599854e-07,0.13719937161033557,0.7451513011905856,25,20,20
24,6651,0.11765298748461114,5.475285992164546e-07,0.13720387652328553,0.7451425884635036,25,20,20
24,6652,0.11765099059285529,5.475287447219969e-07,0.13720388696209032,0.7451445749163095,25,20,20
24,6653,0.11765102728317908,5.475287575728765e-07,0.1372103685517637,0.7451380566362993,25,20,20
24,6654,0.11765498674047306,5.475287658198046e-07,0.13721045308611957,0.7451340126446417,25,20,20
24,6655,0.1149169217935527,5.47467926079648e-07,0.13994858351840433,0.7451339472201177,25,20,20
24,6656,0.11467681333654439,5.474654740053048e-07,0.13994639659900313,0.7453762425989793,25,20,20
24,6657,0.11467295964696905,5.474654391316567e-07,0.13994169753703242,0.74538479535056,25,20,20
24,6658,0.11466903954708518,5.474654287244906e-07,0.13993715888083094,0.745393254106656,25,20,20
24,6659,0.11472422531895274,5.47465754462791e-07,0.14122068932209073,0.7440545378932036,25,20,20
24,6660,0.11472128115868864,5.474657544273291e-07,0.1414867171053215,0.7437914542702366,25,20,20
24,6661,0.11466609352675114,5.474654285276411e-07,0.14020330110594592,0.7451300579018748,25,20,20
24,6662,0.1146661438975093,5.474652745134781e-07,0.1262370533238081,0.7590962553134081,25,20,20
24,6663,0.11466338500984957,5.474652765794256e-07,0.12633468508227103,0.7590013824426033,25,20,20
24,6664,0.11466632976977804,5.474652827175864e-07,0.12633643386694027,0.7589966888979994,25,20,20
24,6665,0.1146594783327972,5.474652659438664e-07,0.12633643115108112,0.7590035430508563,25,20,20
24,6666,0.11466451512236037,5.474668326664757e-07,0.1263380928327887,0.7589968445780194,25,20,20
24,6667,0.11466759857356207,5.474668644182544e-07,0.12634276382053822,0.7589890901390365,25,20,20
24,6668,0.11460914734138265,5.474667765629486e-07,0.126336111855577,0.7590541933362646,25,20,20
24,6669,0.11459488536521943,5.474668176621145e-07,0.12633152181731785,0.7590730453506456,25,20,20
24,6670,0.11459495688932711,5.886913988094102e-07,0.12991442885534987,0.755490025563925,25,20,20
24,6671,0.11459403748876536,5.887059301042957e-07,0.12992504358541784,0.7554803302198875,25,20,20
24,6672,0.11459398295574105,5.887071634896246e-07,0.13029518753390612,0.75511024080319,25,20,20
24,6673,0.11453337319466157,5.887071031716575e-07,0.13016528322680024,0.7553007548714354,25,20,20
24,6674,0.11454033157466326,5.887073717548977e-07,0.13027198066083018,0.7551870990571358,25,20,20
24,6675,0.11454332725958613,5.887073625257146e-07,0.13026557304636027,0.755190510986692,25,20,20
24,6676,0.11454308836512152,5.887212803572568e-07,0.13018009554009563,0.7552762273735031,25,20,20
24,6677,0.11454997328592421,5.474967337016733e-07,0.1265953824251329,0.7588540967922096,25,20,20
24,6678,0.1145529849233792,5.47496732407787e-07,0.12659994590324108,0.7588465216766477,25,20,20
24,6679,0.11454998476428811,5.474967502252032e-07,0.12659994506394448,0.7588495226750177,25,20,20
24,6680,0.11943334570709434,3.75285387177442e-07,0.12171660292690997,0.758849676080609,25,20,20
24,6681,0.11942944217888099,3.752853669866433e-07,0.12171850170955452,0.758851680826198,25,20,20
24,6682,0.11942446621697163,3.752837560408189e-07,0.12172152209347445,0.7588536364057981,25,20,20
24,6683,0.11942446563913986,3.752837601616161e-07,0.12172160665681128,0.758853552420289,25,20,20
24,6684,0.11943631358544084,3.7528661664341885e-07,0.12172487145253058,0.758838439675412,25,20,20
24,6685,0.11942935814073842,3.7528634804903745e-07,0.12135353825011638,0.7592167283227973,25,20,20
24,6686,0.11942928822239207,3.752863385172257e-07,0.1213536511757836,0.759216685315486,25,20,20
24,6687,0.11943817654056237,3.7527187207065775e-07,0.12134789482587195,0.7592135533616936,25,20,20
24,6688,0.11942340865539547,3.7448621059960184e-07,0.12091393304688725,0.7596622838115068,25,20,20
24,6689,0.11941655846800117,3.744861937787174e-07,0.12090924953283588,0.7596738175129694,25,20,20
24,6690,0.11921958114144297,3.74131365937256e-07,0.1211062273135886,0.7596738174136033,25,20,20
24,6691,0.11921293503161597,1.0031789680829021e-05,0.12110240943583701,0.7596746237428681,25,20,20
24,6692,0.11921386389037222,1.0031789707363493e-05,0.12110241328004172,0.7596736910398808,25,20,20
24,6693,0.11921381206200499,1.0031789725376449e-05,0.12110252724752157,0.7596736289007499,25,20,20
24,6694,0.11921381339797087,1.0031788515903192e-05,0.12073243284009504,0.7600437219734196,25,20,20
24,6695,0.11920384576561878,1.0031788471823349e-05,0.12073243185998077,0.7600536905859299,25,20,20
24,6696,0.11947566101353592,1.0031786229600899e-05,0.120460614592056,0.7600536926081797,25,20,20
24,6697,0.11947773107010227,1.0031786439913181e-05,0.12072675281800672,0.7597854843254523,25,20,20
24,6698,0.1194746861637404,1.0031801526801251e-05,0.1211423880265218,0.7593728940082123,25,20,20
24,6699,0.11971815291914419,1.0031793575099035e-05,0.12113370223090884,0.7591381130563731,25,20,20
24,6700,0.1197191353022924,1.0031793618788089e-05,0.12126300201366727,0.7590078308904231,25,20,20
24,6701,0.1197182239752002,1.0031793610962515e-05,0.1212563992432716,0.7590153449879186,25,20,20
24,6702,0.11971724389379716,1.0031793567406155e-05,0.12125639538396753,0.7590163289286693,25,20,20
24,6703,0.1197192410885238,1.0031793422369613e-05,0.12126291479792041,0.7590078123201346,25,20,20
24,6704,0.1197166939972221,1.0031793433363674e-05,0.12152441838831787,0.7587488558210278,25,20,20
24,6705,0.11971657114020486,1.0031793415301616e-05,0.1215243038121093,0.758749093254272,25,20,20
24,6706,0.1210041506732285,1.0031752253939322e-05,0.12023685362786705,0.7587489639466521,25,20,20
24,6707,0.1210072512877924,1.0031737145258334e-05,0.11982110400630078,0.7591616129687633,25,20,20
24,6708,0.12077070531945593,1.0031731187406503e-05,0.12008370371162141,0.759135559237737,25,20,20
24,6709,0.12172108031022373,2.9049733527790087e-08,0.11914416862398815,0.7591347220160567,25,20,20
24,6710,0.12327523397995295,2.90401784958707e-08,0.11759001433343083,0.7591347226464414,25,20,20
24,6711,0.12327502427493248,2.9040137290530168e-08,0.11758526163134217,0.7591396850535914,25,20,20
24,6712,0.12327505716529359,2.9040138529131194e-08,0.11795814694700324,0.7587667668475678,25,20,20
24,6713,0.1232720603830678,2.90399018286911e-08,0.11769189000130284,0.7590360205757305,25,20,20
24,6714,0.1232690205225298,2.9040182353164302e-08,0.1176919250722543,0.7590390253650365,25,20,20
24,6715,0.12326850093059365,2.9040147673353157e-08,0.11742578396973766,0.7593056860595239,25,20,20
24,6716,0.12326643560652033,2.9054135931943897e-08,0.11743339633575968,0.7593001390035867,25,20,20
24,6717,0.12349584886326748,2.9845505092069906e-08,0.11754080791722839,0.7589633133740016,25,20,20
24,6718,0.12350956764202271,2.9842665488065937e-08,0.11752709088523222,0.758963311630082,25,20,20
24,6719,0.12350951382360774,2.9842657973452943e-08,0.11753211833623911,0.7589583379974978,25,20,20
24,6720,0.12350940564098016,2.984267599048902e-08,0.11753211742990193,0.7589584470864443,25,20,20
24,6721,0.12351632696631862,2.9842706660662905e-08,0.11753682163662756,0.7589468215543497,25,20,20
24,6722,0.12351334469559884,6.979915526048048e-08,0.12224042458545892,0.754246160919786,25,20,20
24,6723,0.12351627177975018,6.979890133047712e-08,0.12232870412594153,0.754154954295406,25,20,20
24,6724,0.12351632246924123,6.979890850374283e-08,0.12232213718616063,0.7541614705456887,25,20,20
24,6725,0.12350445692864977,6.979601708464384e-08,0.12232349054237324,0.7541719827329588,25,20,20
24,6726,0.12350147307579747,6.979624357834852e-08,0.12241614958156545,0.7540823075463925,25,20,20
24,6727,0.12395833444632764,6.980017790055579e-08,0.12195928177653723,0.754082313976956,25,20,20
24,6728,0.12413428789176599,6.980237451179665e-08,0.12232474184526994,0.753540900460588,25,20,20
24,6729,0.12381588301292683,4.581532279354923e-08,0.12301450412473117,0.7531695670470192,25,20,20
24,6730,0.11213351486554785,4.580938714946095e-08,0.1346968776894063,0.7531695616356586,25,20,20
24,6731,0.11213353308931115,4.5809394365793835e-08,0.1343240453894227,0.7535423757118719,25,20,20
24,6732,0.11214045389919844,4.580946035499581e-08,0.13432624204483948,0.7535332582465015,25,20,20
24,6733,0.11190724535071717,4.501833462122399e-08,0.13395743402819246,0.7541352756027554,25,20,20
24,6734,0.09296731159475595,4.5098175031481353e-08,0.1528952609926637,0.7541373823144047,25,20,20
24,6735,0.1035340143099403,4.512193547482796e-08,0.14232809283263695,0.7541378477354873,25,20,20
24,6736,0.10354892084586854,4.5122046885423247e-08,0.1423281314208823,0.7541229026112021,25,20,20
24,6737,0.10354981531537569,5.165614168691338e-09,0.1376245304023049,0.7588256491167047,25,20,20
24,6738,0.10355282859681011,5.165640378914011e-09,0.13762449695788065,0.7588226692796681,25,20,20
24,6739,0.10355282570951962,5.165645110414805e-09,0.13762449474813518,0.7588226743766993,25,20,20
24,6740,0.10355936847879012,5.16625830704979e-09,0.13789304319559004,0.758547583159361,25,20,20
24,6741,0.12233384815998266,5.082742656268187e-09,0.11912069496322436,0.7585454517940495,25,20,20
24,6742,0.1223339176903011,5.0827517295967525e-09,0.11912066865957174,0.7585454085673752,25,20,20
24,6743,0.10810508691654044,1.1724406272491115e-08,0.1333494603624245,0.7585454409966285,25,20,20
24,6744,0.10809314303019875,1.1724321785880076e-08,0.13334933677297345,0.7585575084725059,25,20,20
24,6745,0.10808222803826428,1.1724259697420389e-08,0.1333492732281873,0.7585684870092887,25,20,20
24,6746,0.10807960967166855,1.1723681356063017e-08,0.13308215329749454,0.7588382253071555,25,20,20
24,6747,0.10807961566346957,1.1723676922146858e-08,0.13307574828948182,0.7588446243233713,25,20,20
24,6748,0.1080835925510974,1.1723721270221159e-08,0.1330758658997857,0.758840529825395,25,20,20
24,6749,0.10808340813290435,1.1723451712634377e-08,0.13307107022394218,0.758845509919701,25,20,20
24,6750,0.10807945192349784,1.1726025381170893e-08,0.13307061180775528,0.7588499245427209,25,20,20
24,6751,0.10807846464012381,1.1725985772447203e-08,0.13307041196971908,0.7588511116641707,25,20,20
24,6752,0.10807552039671821,1.1725994731221262e-08,0.13297729806892325,0.7589471698083632,25,20,20
24,6753,0.10807545049079444,1.1725959119756409e-08,0.13297718127466363,0.7589473565085829,25,20,20
24,6754,0.10807269733202066,1.1726506641961044e-08,0.13297718343865544,0.7589501075028174,25,20,20
24,6755,0.10807280184085988,1.1726485261523584e-08,0.13315653885990797,0.7587706475727471,25,20,20
24,6756,0.10807543116912631,1.1725953966745646e-08,0.13315197750674984,0.7587725795981701,25,20,20
24,6757,0.10790345615797955,1.172378302178551e-08,0.13277995830542064,0.7593165738128171,25,20,20
24,6758,0.10790041224906735,1.1723787845779207e-08,0.13260055959418582,0.7594990164329595,25,20,20
24,6759,0.10789442079131117,1.1723792652559736e-08,0.1325989400354652,0.7595066274494315,25,20,20
24,6760,0.10789442090421617,1.1723792581755403e-08,0.1326036391173006,0.7595019282546913,25,20,20
24,6761,0.1071852837735913,2.6546474444205e-07,0.13331248071458068,0.759501970047085,25,20,20
24,6762,0.10541725749053628,2.654754383065211e-07,0.13508050767924673,0.7595019693547804,25,20,20
24,6763,0.10542125971449734,2.654755053616531e-07,0.1352107191229569,0.759367755687042,25,20,20
24,6764,0.1054184351690767,2.654728887610897e-07,0.13521363861662597,0.7593676607414095,25,20,20
24,6765,0.10541151677943235,2.6547284459341397e-07,0.13521822017175802,0.7593699975759656,25,20,20
24,6766,0.10541060364759183,2.654728149123995e-07,0.13508883651319756,0.7595002943663967,25,20,20
24,6767,0.10540963848855604,2.6547309869371143e-07,0.13508725982980843,0.7595028362085376,25,20,20
24,6768,0.10541264642398815,2.654733362666242e-07,0.13508491884511103,0.7595021692575652,25,20,20
24,6769,0.1054126605567377,2.654735794793377e-07,0.13535108104674307,0.7592359929229402,25,20,20
24,6770,0.10541272953887326,2.654735890061106e-07,0.13535105188020397,0.7592359531073343,25,20,20
24,6771,0.1054157083093656,2.654732744783602e-07,0.13534812224606788,0.7592359039712925,25,20,20
24,6772,0.10541184604122918,2.6547325301372374e-07,0.13521794196187523,0.7593699465236431,25,20,20
24,6773,0.10563173824704634,2.655428253580097e-07,0.1349984939222293,0.7593695022878988,25,20,20
24,6774,0.10563968866488926,2.655428703024742e-07,0.13500311866653936,0.7593569271257009,25,20,20
24,6775,0.11115117114088001,2.990697249004401e-07,0.1294916845678161,0.7593568452215795,25,20,20
24,6776,0.11115111991285347,2.9906973811984817e-07,0.129493287127982,0.7593552938894272,25,20,20
24,6777,0.11115405931760787,2.9906975490412593e-07,0.1294979574728302,0.7593476841398076,25,20,20
24,6778,0.11115099205538542,2.990697186040479e-07,0.12949788961528058,0.7593508192596157,25,20,20
24,6779,0.11109922073260606,2.9908684825926965e-07,0.12954962789422925,0.759350852286317,25,20,20
24,6780,0.11109915392156353,2.9908707577331465e-07,0.12955621593899302,0.7593443310523681,25,20,20
24,6781,0.11109914036672769,2.990868298092167e-07,0.12982009371077738,0.7590804668356658,25,20,20
24,6782,0.11110206826444027,2.9908679846016033e-07,0.13008160766685892,0.758816024981903,25,20,20
24,6783,0.11110408289915276,2.990728188837843e-07,0.13006928759272696,0.7588263304353013,25,20,20
24,6784,0.11110702645556811,2.990728278973464e-07,0.13006940352856733,0.7588232709430365,25,20,20
24,6785,0.1111030491948989,2.990728021577439e-07,0.13006935992734997,0.758827291804949,25,20,20
24,6786,0.11110305107136034,2.990725589334111e-07,0.12980981565595007,0.759086834200131,25,20,20
24,6787,0.11104020084677031,2.9912798149682626e-07,0.12987265226558017,0.7590868477596682,25,20,20
24,6788,0.11104020112718604,2.9912798165187014e-07,0.12987276560509597,0.7590867341397369,25,20,20
24,6789,0.1110433901809823,2.991279653452966e-07,0.14095045368254971,0.7480058570085028,25,20,20
24,6790,0.11101358693864745,3.0146926948546784e-07,0.14097971764299388,0.7480063939490903,25,20,20
24,6791,0.10524143356003486,2.6794012693824536e-07,0.1467519552346318,0.7480063432652058,25,20,20
24,6792,0.10523447817063042,2.679400874128742e-07,0.14675385865825846,0.7480113952310232,25,20,20
24,6793,0.10523738875598526,2.6794031318850784e-07,0.14675868911149872,0.7480036541922023,25,20,20
24,6794,0.1052344435995077,2.6794006835078904e-07,0.14675393629817235,0.748011352162251,25,20,20
24,6795,0.10520066046560235,2.6833973855626166e-07,0.14678766492499612,0.7480114062696618,25,20,20
24,6796,0.10520068546537864,2.68339743067622e-07,0.14679216299166925,0.7480068832032079,25,20,20
24,6797,0.10520079223527005,2.683397713036988e-07,0.1467921910942728,0.7480067483306847,25,20,20
24,6798,0.10520103782170175,2.6833981226104363e-07,0.14678558967768937,0.7480131041607956,25,20,20
24,6799,0.10521300256774149,2.683538454305364e-07,0.1467977135923582,0.7479890154860539,25,20,20
24,6800,0.10521305450159826,2.6835384469196277e-07,0.14679784006304214,0.7479888370815141,25,20,20
24,6801,0.10535012902108226,2.6884815195043147e-07,0.1466576114664504,0.7479919906643147,25,20,20
24,6802,0.10542000759013384,2.688500960770762e-07,0.1466510968124778,0.7479286267472917,25,20,20
24,6803,0.10542000718022008,2.688500960109916e-07,0.14638495308952823,0.7481947708801553,25,20,20
24,6804,0.10518334365484455,3.179430926831468e-07,0.14185359549845342,0.7529627429036083,25,20,20
24,6805,0.10518039493340609,3.179430803432805e-07,0.14185358902364623,0.7529656980998662,25,20,20
24,6806,0.10516548954645648,3.1792904556722024e-07,0.14184355972736948,0.7529906327971275,25,20,20
24,6807,0.10516228344295069,3.1792905251256906e-07,0.13076594992464027,0.7640714487033563,25,20,20
24,6808,0.10516925498561668,3.179290961464392e-07,0.1307658406766074,0.7640645864086801,25,20,20
24,6809,0.1051722762498345,3.1792885172093357e-07,0.130673215522589,0.7641541902987251,25,20,20
24,6810,0.1051753090543084,3.1792888071963104e-07,0.13067313391108426,0.7641512391057274,25,20,20
24,6811,0.10517232917632746,3.1792914322127646e-07,0.13067972215920537,0.7641476307353247,25,20,20
24,6812,0.084753377343457,5.397127562487658e-07,0.15109899852043332,0.7641470844233552,25,20,20
24,6813,0.08475337528525811,5.397127566183745e-07,0.15109897240583736,0.7641471125961494,25,20,20
24,6814,0.08475130641552356,5.397127841036552e-07,0.15147183733063765,0.7637763165410562,25,20,20
24,6815,0.08475822939620165,5.397128200077293e-07,0.1514783614284238,0.7637628694625559,25,20,20
24,6816,0.08475835227377163,5.397128427690249e-07,0.15147855761773324,0.7637625503956537,25,20,20
24,6817,0.0847583519820268,5.39712833521343e-07,0.151485043538962,0.7637560647661789,25,20,20
24,6818,0.08475828753245745,5.397128191151565e-07,0.15148046170633503,0.7637607110483898,25,20,20
24,6819,0.08445914971922215,7.387276604700655e-07,0.15177677291374972,0.7637633386393691,25,20,20
24,6820,0.08446599906186365,7.387276905744409e-07,0.15204279033407211,0.7634904718763751,25,20,20
24,6821,0.08446894284823378,7.387276822043641e-07,0.15204286955165017,0.7634874488724354,25,20,20
24,6822,0.08446945177009049,1.6550958740647476e-05,0.15671770121774556,0.7587962960534257,25,20,20
24,6823,0.08447230580937921,1.6550958722241795e-05,0.15672230088792474,0.758788842343976,25,20,20
24,6824,0.08447235866014849,1.6550958744472222e-05,0.1567179084560779,0.7587931819250315,25,20,20
24,6825,0.08447237533914287,1.6550963831335065e-05,0.15672088069508597,0.7587901930019417,25,20,20
24,6826,0.08446642052279783,1.6550963864777413e-05,0.15672748385959673,0.7587895446537424,25,20,20
24,6827,0.08446639042676259,1.6550963860301397e-05,0.15672748567436653,0.7587895729350121,25,20,20
24,6828,0.08447357242858114,1.6550972793781265e-05,0.15673454295444508,0.7587753336441816,25,20,20
24,6829,0.08447059057482771,1.655097279373999e-05,0.15673454347503682,0.7587783149773434,25,20,20
24,6830,0.08447363807702618,1.655097279351272e-05,0.15673442490625078,0.7587753860439308,25,20,20
24,6831,0.08630382883380315,1.6670969336496014e-05,0.15487566930436553,0.758803830892496,25,20,20
24,6832,0.08630682626712131,1.66709693235004e-05,0.1548691467869389,0.7588073559766176,25,20,20
24,6833,0.1246575206472939,1.6668898662574006e-05,0.11651891912319552,0.7588068913308489,25,20,20
24,6834,0.1246554526468886,1.6668898705886694e-05,0.11651907104354706,0.7588088074108593,25,20,20
24,6835,0.12471919194324409,1.666890189706248e-05,0.11652389668380295,0.7587402424710566,25,20,20
24,6836,0.12471940284241902,1.6668901898072003e-05,0.11625766283525867,0.7590062654204253,25,20,20
24,6837,0.12471220331149102,1.666888787494596e-05,0.11624534189585013,0.7590257859047849,25,20,20
24,6838,0.12464846364482379,1.666888468368223e-05,0.116245131969117,0.7590897355013765,25,20,20
24,6839,0.12465037231916451,1.6668884491386346e-05,0.11624520521217864,0.759087753584167,25,20,20
24,6840,0.12465433094417393,1.6668884521435185e-05,0.11625006789836981,0.7590789322729361,25,20,20
24,6841,0.12466340399322123,1.6668885080520132e-05,0.1162478347601767,0.7590720923615227,25,20,20
24,6842,0.12510558609731598,1.6469446383240068e-05,0.11580854736501799,0.7590693970912841,25,20,20
24,6843,0.12510244808113383,1.6469446360862813e-05,0.11593794909614626,0.7589431333763603,25,20,20
24,6844,0.1251000199147486,1.6469446392540083e-05,0.11620420412224285,0.7586793065166171,25,20,20
24,6845,0.12510699838628597,1.6469446415563035e-05,0.11620890982265408,0.7586676223446455,25,20,20
24,6846,0.12510603524504707,1.646944659177896e-05,0.11620713578427075,0.7586703595240913,25,20,20
24,6847,0.12510286258742306,1.646944688947146e-05,0.11621383838364892,0.7586668295820396,25,20,20
24,6848,0.12509586612549117,1.6469446831992584e-05,0.11620925042279602,0.7586784140048818,25,20,20
24,6849,0.12508982358356519,1.646944679480155e-05,0.11621394423247132,0.7586797627371697,25,20,20
24,6850,0.12508980466560798,1.6469446786528992e-05,0.11620927206281408,0.7586844538247923,25,20,20
24,6851,0.12508290612362727,1.646944809806047e-05,0.11594324311051377,0.7589573813177616,25,20,20
24,6852,0.12508283667135067,1.6469448143051684e-05,0.11593877569891706,0.7589619181815899,25,20,20
24,6853,0.12508190727974594,1.6469448108582648e-05,0.11593854146731875,0.7589630818048275,25,20,20
24,6854,0.12508488819504104,1.646944809819265e-05,0.11581376639264868,0.7590848759642127,25,20,20
24,6855,0.12507586868730994,1.6469447534797816e-05,0.11581374005441056,0.7590939218107455,25,20,20
24,6856,0.14443466603683433,1.6127143656742026e-05,0.09648635931993503,0.7590628474995746,25,20,20
24,6857,0.14436781505217058,1.6127141525622825e-05,0.09649087666260144,0.7591251811437033,25,20,20
24,6858,0.1444860302140681,1.6127111881585566e-05,0.09637266164498087,0.7591251810290705,25,20,20
24,6859,0.14458471363397346,0.0010745555283930425,0.09529083333199669,0.7590498975056389,25,20,20
24,6860,0.1445846877769661,0.0010745555283895153,0.09528791809083391,0.759052838603812,25,20,20
24,6861,0.14458465439247561,0.0010745555280993442,0.09528129388314216,0.7590594961962842,25,20,20
24,6862,0.1445816660847018,0.0010745555281039653,0.09528128386628332,0.7590624945209123,25,20,20
24,6863,0.14458620061655503,0.0010745555279703723,0.09527675196886953,0.7590624918866061,25,20,20
24,6864,0.1445862182543844,0.0010745555282326835,0.09554291080134292,0.7587963154160419,25,20,20
24,6865,0.14458928250447475,0.0010745555279796954,0.09553807762568148,0.7587980843418656,25,20,20
24,6866,0.14458926179674608,0.0010745555266246957,0.09554020926228332,0.7587959734143471,25,20,20
24,6867,0.14458712497337028,0.0010745555266732034,0.09591539945985535,0.7584229200401025,25,20,20
24,6868,0.10630578814530528,0.0010745552603814513,0.13419683981927782,0.7584228167750328,25,20,20
24,6869,0.10630873060917771,0.0010745553288331704,0.1707383478767861,0.7218783661852001,25,20,20
24,6870,0.10631164722110183,0.0010745553292783633,0.1708269484972667,0.7217868489523505,25,20,20
24,6871,0.10637458808267239,0.001074555331922529,0.1708221885915577,0.7217286679938455,25,20,20
24,6872,0.10643265065710115,0.001074555331767342,0.17055768329061277,0.7219351107205166,25,20,20
24,6873,0.10643162194862185,0.0010745553328628966,0.17056409055075708,0.7219297321677562,25,20,20
24,6874,0.10733414856187708,0.0010745552671754504,0.13417419976414893,0.7574170964067968,25,20,20
24,6875,0.10733630225014258,0.0010745552671537991,0.1337990937150827,0.7577900487676191,25,20,20
24,6876,0.10734528911268235,0.0010745552671713938,0.1337924035215196,0.7577877520986251,25,20,20
24,6877,0.10759641820062335,0.0010745552694517474,0.13379599897457425,0.7575330275553491,25,20,20
24,6878,0.10783051178261577,0.0010745552822389664,0.13380170500823765,0.7572932279269061,25,20,20
24,6879,0.12205507409093155,0.001074548641098916,0.11957718234531796,0.75729319492265,25,20,20
24,6880,0.12204908216167405,0.0010745486410724885,0.11957057946372796,0.7573057897335242,25,20,20
24,6881,0.12228321824808948,0.0010745486457340925,0.11957073376216819,0.7570714993440071,25,20,20
24,6882,0.12228323335475644,0.0010745486457436155,0.1195708135071479,0.7570714044923507,25,20,20
24,6883,0.12228322107655125,0.001074548645734279,0.11957232876682752,0.7570699015108856,25,20,20
24,6884,0.12228322198113706,0.0010745486457341283,0.11957012712636178,0.7570721022467656,25,20,20
24,6885,0.1220490023546872,0.0010745486413084799,0.11957659109526726,0.7572998579087356,25,20,20
24,6886,0.12204903491948421,0.0010745486552629611,0.11958879426665409,0.7572876221585974,25,20,20
24,6887,0.12204815513077576,0.0010745486554842732,0.11958971591970036,0.7572875802940381,25,20,20
24,6888,0.12204819069552535,0.0010745486554662863,0.1195851707090403,0.7572920899399659,25,20,20
24,6889,0.12208625859260475,0.0010745492956361594,0.12731969296750537,0.7495194991442518,25,20,20
24,6890,0.12209261070377718,0.0010745492956481149,0.12705351945296006,0.7497793205476135,25,20,20
24,6891,0.1221105828179239,0.001074549295768567,0.127058226277673,0.7497566416086333,25,20,20
24,6892,0.1222528187283471,9.49179735068392e-10,0.12799069535749596,0.7497564849649776,25,20,20
24,6893,0.1222419081189058,9.491047448469365e-10,0.1279922314163905,0.7497658595155993,25,20,20
24,6894,0.12224190461551351,9.488414708384807e-10,0.1279856088828542,0.7497724855527911,25,20,20
24,6895,0.12206296126380353,1.0366214440127353e-09,0.12816452211557397,0.7497725155840017,25,20,20
24,6896,0.12182890628227386,1.023802819558761e-09,0.1285252021811095,0.7496458905128146,25,20,20
24,6897,0.12182885651439784,1.0238115930988333e-09,0.12852512015175807,0.7496460223100327,25,20,20
24,6898,0.12158484358877752,1.9498278323469566e-05,0.12874942555217025,0.749646232580729,25,20,20
24,6899,0.12158783967050882,1.949827831883681e-05,0.12874954010223297,0.7496431219489399,25,20,20
24,6900,0.1215809373493538,1.9498278298642132e-05,0.12901571503933743,0.7493838493330109,25,20,20
24,6901,0.12158643529640085,1.956782020268797e-05,0.12901175014219715,0.7493822467412004,25,20,20
24,6902,0.12158645085724702,1.9567820225144848e-05,0.12901012890967253,0.7493838524128564,25,20,20
24,6903,0.1215283710652558,1.9567820125087905e-05,0.12900839438569295,0.7494436667289277,25,20,20
24,6904,0.12153131157587209,1.9567820124967843e-05,0.12900691328671055,0.7494422073172935,25,20,20
24,6905,0.12170255398458223,1.956971623644182e-05,0.12883563260527992,0.7494422436939026,25,20,20
24,6906,0.08632661161411544,1.961122739822957e-05,0.1642006957043718,0.7494530814541137,25,20,20
24,6907,0.08632657500557903,1.9611227363636116e-05,0.1642006947083482,0.7494531190587082,25,20,20
24,6908,0.08632362947101598,1.961122736338721e-05,0.1642028942651803,0.7494538650364392,25,20,20
24,6909,0.08632070464152157,1.9611226917721185e-05,0.16410959502646988,0.7495500891050899,25,20,20
24,6910,0.08632364797237793,1.9611226917635438e-05,0.16410739505349775,0.7495493457472058,25,20,20
24,6911,0.08633210154775277,1.9611226715131944e-05,0.16373575725417916,0.7499125299713519,25,20,20
24,6912,0.0863300356897221,1.9611226745597205e-05,0.1637355965914633,0.7499147564920677,25,20,20
24,6913,0.08633318423368942,1.9611226737854443e-05,0.16373571811873813,0.7499114864208345,25,20,20
24,6914,0.08634030612215757,1.9611212794463347e-05,0.16372503890935167,0.7499150437556961,25,20,20
24,6915,0.0863393748231893,1.9611212768465602e-05,0.1637252345146111,0.749915779449431,25,20,20
24,6916,0.08634031199602697,1.961121166747732e-05,0.16335240079803384,0.7502876759942713,25,20,20
24,6917,0.05001521298221419,1.9612433975463263e-05,0.1996774903304953,0.7502876842533139,25,20,20
24,6918,0.049945418885198316,1.96124313052313e-05,0.19967576245072005,0.7503592062327759,25,20,20
24,6919,0.04994556090668769,1.9612431314419328e-05,0.19967579755675394,0.7503590291052435,25,20,20
24,6920,0.049927589755311336,1.9612431203035824e-05,0.19967121083677522,0.7503815869767101,25,20,20
24,6921,0.0499254340554084,1.9612431237783087e-05,0.19967414264576255,0.7503808108675909,25,20,20
24,6922,0.04992457309026201,1.9612431203234592e-05,0.19967109585714327,0.7503847186213912,25,20,20
24,6923,0.07172201853303711,1.961359941006197e-05,0.17587859573810152,0.7523797721294504,25,20,20
24,6924,0.07172296606455753,1.9613599452719688e-05,0.1758786765303148,0.752378743805674,25,20,20
24,6925,0.07171740866606377,1.9613599411683307e-05,0.17596867131448451,0.752294306420039,25,20,20
24,6926,0.07171740922672809,1.96135994073959e-05,0.175876567450998,0.7523864097228654,25,20,20
24,6927,0.07171730419450734,1.9613599389255894e-05,0.17587645249674203,0.7523866297093604,25,20,20
24,6928,0.07172122933187061,1.961359942842886e-05,0.1758810754926181,0.7523780815760823,25,20,20
24,6929,0.0719496812721193,1.9754486548290485e-05,0.17402351203915664,0.7540070522021758,25,20,20
24,6930,0.07195260739251223,1.975448653391661e-05,0.17413022448751905,0.7538974136334349,25,20,20
24,6931,0.07194980752308046,1.9754486774417548e-05,0.1741303570834072,0.7539000809067383,25,20,20
24,6932,0.0719468832583828,1.975448682347162e-05,0.17376399360692066,0.7542693686478735,25,20,20
24,6933,0.07104826498808804,1.9754484085099488e-05,0.17361229961489288,0.7553196809129341,25,20,20
24,6934,0.07080023709176922,1.975448183582753e-05,0.17360887265336303,0.7555711357730318,25,20,20
24,6935,0.07054431280246189,2.2346047715551205e-05,0.17548333182777248,0.7539500093220503,25,20,20
24,6936,0.07054725804646077,2.234604771601636e-05,0.17548352380894067,0.7539468720968823,25,20,20
24,6937,0.07054725838946124,2.234604772887847e-05,0.17573514528730272,0.7536952502755081,25,20,20
24,6938,0.0705496911421641,2.2346047850348222e-05,0.17573744872591388,0.7536905140840728,25,20,20
24,6939,0.07054720603313375,2.2346047720584787e-05,0.17573514322688294,0.7536953046922639,25,20,20
24,6940,0.07054420909360337,2.234604795672622e-05,0.17574173053824993,0.7536917143201911,25,20,20
24,6941,0.07054360038980642,2.2346048196033196e-05,0.1758347066191244,0.7535993469428742,25,20,20
24,6942,0.07053644592300193,2.2346048184534632e-05,0.17592533450042327,0.7535158735283909,25,20,20
24,6943,0.07053642731812225,2.234604813931494e-05,0.1759189237231184,0.7535223029106207,25,20,20
24,6944,0.0705364633751099,2.2346048147617548e-05,0.17591903527377994,0.7535221553029632,25,20,20
24,6945,0.08507530092967919,2.234365712349564e-05,0.16337526174175096,0.7515270936714472,25,20,20
24,6946,0.08507613278803633,2.2343657148199734e-05,0.16350319962853643,0.75139832392628,25,20,20
24,6947,0.08508727743191961,2.2343657239791687e-05,0.16350538128552705,0.7513849976253145,25,20,20
24,6948,0.08048486423486492,2.230214168475373e-05,0.16811867409505532,0.7513741595283938,25,20,20
24,6949,0.08043681352676435,2.2301501491245844e-05,0.1606457008198221,0.7588951841519211,25,20,20
24,6950,0.08050655636152569,2.2301503650253693e-05,0.16039434994981394,0.7590767921850088,25,20,20
24,6951,0.08050635207010844,2.2301503657528626e-05,0.16039422936883618,0.7590771170573966,25,20,20
24,6952,0.0804366120019382,2.2301501798207365e-05,0.16039879785414488,0.7591422886421175,25,20,20
24,6953,0.08066790149887806,2.2301504000199606e-05,0.16040554878901706,0.7589042482081036,25,20,20
24,6954,0.08065682596585716,2.2301503922713072e-05,0.16077624542672173,0.7585446271034977,25,20,20
24,6955,0.08065976867053046,2.2301503922855513e-05,0.1607761316040219,0.7585417982215239,25,20,20
24,6956,0.08042157431751358,2.2301501694637916e-05,0.16076937690984716,0.7587867472709436,25,20,20
24,6957,0.08042438015600435,2.2301501404368802e-05,0.1607711418479213,0.7587821764946695,25,20,20
24,6958,0.0804243790432905,2.230150164926476e-05,0.16077597411598687,0.7587773453390728,25,20,20
24,6959,0.08042443401029392,2.2301501645298386e-05,0.16077597485801995,0.7587772896300403,25,20,20
24,6960,0.0809461813913659,1.9597259518632304e-05,0.15982617307224303,0.7592080482768739,25,20,20
24,6961,0.08094618042608405,1.959725950966451e-05,0.1595665238143264,0.7594676985000813,25,20,20
24,6962,0.08094334022721301,1.9597259519466632e-05,0.15943704496788536,0.7596000175453839,25,20,20
24,6963,0.08094334261013943,1.9597259526181835e-05,0.15944341781891674,0.7595936423114195,25,20,20
24,6964,0.10122803759243611,1.9569294573516545e-05,0.13959735227242745,0.7591550408405645,25,20,20
24,6965,0.1012286893306263,1.9569330029526787e-05,0.13959669921386944,0.7591550421254765,25,20,20
24,6966,0.10122899753633595,1.957017598358637e-05,0.1395963901434769,0.7591550421442064,25,20,20
24,6967,0.10146229765582193,1.9570192018720037e-05,0.13960481772674524,0.758913314425417,25,20,20
24,6968,0.10146432845505615,1.9570191989896702e-05,0.13959832682926723,0.7589177745236895,25,20,20
24,6969,0.10147124762592365,1.957097785224215e-05,0.13994031097508167,0.7585688704211451,25,20,20
24,6970,0.10147117625507467,1.9570977838087188e-05,0.13994011301650336,0.7585691397505863,25,20,20
24,6971,0.10146829265098833,1.9570977827087703e-05,0.13993705897532138,0.758575077395865,25,20,20
24,6972,0.10146731259347455,1.9570977783749706e-05,0.1400664182536273,0.758446698175116,25,20,20
24,6973,0.10150636700541867,1.982432113240297e-05,0.14002594769196203,0.7584478609814849,25,20,20
24,6974,0.1014994653780059,1.9823535305639682e-05,0.1395983034672836,0.7588824076194025,25,20,20
24,6975,0.10410268630199165,0.00011430223942612722,0.13690176453599123,0.7588812469225888,25,20,20
24,6976,0.07936489597417783,0.00011430019690051625,0.16163962385778283,0.7588811799711371,25,20,20
24,6977,0.09967907447213743,0.00011430035044787792,0.14129604368506643,0.7589105814923468,25,20,20
24,6978,0.11865313201931105,0.00011430188757711405,0.1223219838888961,0.7589105822042143,25,20,20
24,6979,0.11866103137327903,0.00011430188763826452,0.12232198925821024,0.7589026774808707,25,20,20
24,6980,0.1186589994177309,0.00011430190158917207,0.12233419334813518,0.7588925053325428,25,20,20
24,6981,0.11888957614257922,0.00011430190168871302,0.12233432119224893,0.7586618007634811,25,20,20
24,6982,0.1180709315122737,0.0001143125097413627,0.12314546332189828,0.7586692926560846,25,20,20
24,6983,0.11807137441010312,0.00011431250973674058,0.12315201556817161,0.7586622975119865,25,20,20
24,6984,0.11807112422845341,0.00011431250951073483,0.12305900285847365,0.7587555604035602,25,20,20
24,6985,0.1180781661588942,0.0001143125095828327,0.12293422297942723,0.7588732983520936,25,20,20
24,6986,0.11808169783553486,0.00011431250962249031,0.12292762264245298,0.7588763670123875,25,20,20
24,6987,0.11807876980028563,0.00011431250963147819,0.1229275093145488,0.758879408375532,25,20,20
24,6988,0.11808084640760848,0.0001143125096054308,0.12292742854833945,0.7588774125344451,25,20,20
24,6989,0.11808769352342238,0.00011431250931822274,0.12292270077220008,0.758875293195058,25,20,20
24,6990,0.11785145005159192,0.0001143124932831732,0.12304338443697221,0.7589908530181512,25,20,20
24,6991,0.11790624375190527,0.0011789146866626758,0.12192401730309728,0.758990824258334,25,20,20
24,6992,0.1151335533695158,0.0010841826128072886,0.12479144237144407,0.7589908216462328,25,20,20
24,6993,0.11490695804380295,0.0010841826127433588,0.12479120926587994,0.7592176500775739,25,20,20
24,6994,0.11490697640945069,0.001084182612679753,0.12504628873781737,0.7589625522400522,25,20,20
24,6995,0.11490298720416686,0.0010841826126702803,0.12541763797990313,0.7585951922032593,25,20,20
24,6996,0.11490304115039969,0.0010841826126749066,0.1254223476455232,0.7585904285914018,25,20,20
24,6997,0.11490306794739774,0.0010841826126744229,0.12541594181175197,0.7585968076281753,25,20,20
24,6998,0.11491400375246678,0.001084182626600499,0.12541692664457138,0.7585848869763607,25,20,20
24,6999,0.11491486243771779,0.0010841826266125285,0.12504405254372986,0.7589569023919397,25,20,20
24,7000,0.11491789211947101,0.0010841826266394885,0.1250441370803392,0.7589537881735506,25,20,20
24,7001,0.11492107983707493,0.0010841826268821063,0.1250456960254028,0.7589490415106404,25,20,20
24,7002,0.11491006064720916,0.0010841826129377235,0.12467835705399537,0.7593273996858579,25,20,20
24,7003,0.11490994204942036,0.0010841826129203693,0.12467839845199113,0.7593274768856682,25,20,20
24,7004,0.11492201370786788,0.0010841826135125046,0.12468066717351854,0.7593131365051012,25,20,20
24,7005,0.11480943874705118,0.0010841825808963355,0.12479324329785112,0.7593131353742015,25,20,20
24,7006,0.11486931829667388,1.6582530343707225e-05,0.12580096368295518,0.7593131354900267,25,20,20
24,7007,0.11487629075740148,1.6582530377528485e-05,0.1258009265186074,0.759306200193613,25,20,20
24,7008,0.11493257601969015,3.653287860185757e-07,0.1257608571052606,0.7593062015462625,25,20,20
24,7009,0.11493857095844437,3.653287826541538e-07,0.12576074318120936,0.7593003205315627,25,20,20
24,7010,0.11494573693406869,3.653154593577421e-07,0.12549795028173655,0.7595559474687341,25,20,20
24,7011,0.11494659601868977,3.6531544644269207e-07,0.12549802401399762,0.7595550146518655,25,20,20
24,7012,0.11494658065593541,3.653154385049455e-07,0.12549802276395997,0.7595550312646653,25,20,20
24,7013,0.11494653291062575,3.653151891694703e-07,0.12536751853201158,0.7596855832421734,25,20,20
24,7014,0.11494654855916663,3.653154415875008e-07,0.12536976354563745,0.7596833225797542,25,20,20
24,7015,0.11494349184783498,3.6531542371653006e-07,0.1253744607049736,0.7596816821317671,25,20,20
24,7016,0.11494342292461684,3.6531516133646114e-07,0.12537233089386499,0.7596838808663563,25,20,20
24,7017,0.1149394434356942,3.6531513426946344e-07,0.1253788489540979,0.7596813422950732,25,20,20
24,7018,0.11494041612210287,3.6531518682003155e-07,0.12537228886241933,0.7596869297002907,25,20,20
24,7019,0.11727304421243806,3.6529309839201037e-07,0.12306905571748934,0.7596575347769741,25,20,20
24,7020,0.11521236658761717,3.6894431930402354e-07,0.12361597794541888,0.7611712865226454,25,20,20
24,7021,0.11521235829004009,3.6894431016717676e-07,0.12361589812948186,0.7611713746361687,25,20,20
24,7022,0.11521450813565952,3.6895815788580824e-07,0.12375301867703602,0.7610321042291475,25,20,20
24,7023,0.11521455959720882,3.689579215239252e-07,0.12374631685438317,0.7610387545904875,25,20,20
24,7024,0.11521861354043454,3.689579429231603e-07,0.12373988130429557,0.7610411361973277,25,20,20
24,7025,0.11521463750991436,3.6895815093225346e-07,0.1240060233715913,0.7607789701603441,25,20,20
24,7026,0.11521463730495389,3.689580249851367e-07,0.12374866894746503,0.7610363247895569,25,20,20
24,7027,0.07849622333480454,1.101772512785534e-06,0.16047016987278298,0.7610325050198994,25,20,20
24,7028,0.08158535862375635,1.1233120618143543e-06,0.1570462308143786,0.7613672872498032,25,20,20
24,7029,0.08158270222277332,1.1233120140436964e-06,0.15704130010286987,0.7613748743623425,25,20,20
24,7030,0.08158284246801378,1.123312037255552e-06,0.15704149730579908,0.7613745369141494,25,20,20
24,7031,0.08335142230247763,1.1246754063130915e-06,0.15678661699818774,0.7598608360239276,25,20,20
24,7032,0.08334447355983493,1.1246753686410028e-06,0.1567843909070365,0.7598700108577593,25,20,20
24,7033,0.09650107619606928,3.800998831978232e-07,0.14363220429031975,0.7598663394137273,25,20,20
24,7034,0.09650100991220162,3.8008601809837834e-07,0.1434950800314823,0.7600035299702972,25,20,20
24,7035,0.09650102642317908,3.800860099191202e-07,0.143495233329082,0.7600033601617278,25,20,20
24,7036,0.0965040031909672,3.8008596557630167e-07,0.14348874271742093,0.7600068740056457,25,20,20
24,7037,0.09650129979055143,3.8008626516293506e-07,0.1434933852681126,0.7600049348550709,25,20,20
24,7038,0.09650388333208193,3.800859698487163e-07,0.14348866231790633,0.760007074264042,25,20,20
24,7039,0.09861507394994709,3.799833305254183e-07,0.14137746200657908,0.7600070840601434,25,20,20
24,7040,0.09861500390938498,3.799833123994413e-07,0.14137746337483725,0.7600071527324654,25,20,20
24,7041,0.0986146810848482,3.7999704485752545e-07,0.14174757067883642,0.7596373682392702,25,20,20
24,7042,0.1376418130279895,3.805792528205139e-07,0.10272036095617797,0.7596374454365794,25,20,20
24,7043,0.1376448011483387,3.805792611609258e-07,0.10271574154396161,0.7596390767284386,25,20,20
24,7044,0.13764185896566108,3.8057926140132633e-07,0.10270917648859154,0.759648583966486,25,20,20
24,7045,0.1376416812964052,3.8057929105142856e-07,0.10270920850285549,0.7596487296214485,25,20,20
24,7046,0.1376335703532677,3.805787164409378e-07,0.10270460137825121,0.7596614476897646,25,20,20
24,7047,0.13762964187116267,3.8057867805748474e-07,0.10270458627278044,0.7596653912773788,25,20,20
24,7048,0.1376275754917345,3.805787218106e-07,0.10270000443629516,0.7596720394932484,25,20,20
24,7049,0.13748383350502197,3.7559784258100055e-07,0.1028438002936204,0.7596719906035151,25,20,20
24,7050,0.09806268018136842,3.758212909783117e-07,0.14226495257596944,0.7596719914213714,25,20,20
24,7051,0.09865060521929477,3.810552568060941e-07,0.14167338176695096,0.7596756319584986,25,20,20
24,7052,0.09865071103832507,3.8104148655640077e-07,0.14156556506888646,0.7597833428513029,25,20,20
24,7053,0.09864771488171721,3.8104149532095905e-07,0.14157205024922168,0.7597798538275667,25,20,20
24,7054,0.09863956229167131,3.810409140508338e-07,0.14157192521481915,0.7597881314525966,25,20,20
24,7055,0.09863856872464583,3.8104094108808984e-07,0.14157848694863456,0.7597825632857795,25,20,20
24,7056,0.09866950698036214,5.057432747566508e-06,0.14029226231348224,0.761033173273409,25,20,20
24,7057,0.09866258902949329,5.057432712311865e-06,0.14029214280475993,0.7610402107330354,25,20,20
24,7058,0.09433870472846075,5.14473611747503e-06,0.1445934554893735,0.7610626950460504,25,20,20
24,7059,0.09746477701636941,5.060786587057225e-06,0.14148974914440246,0.761040413052643,25,20,20
24,7060,0.09777259849414602,5.0607906150772725e-06,0.1415022504870914,0.7607200902281492,25,20,20
24,7061,0.09777184266389785,5.061583477146471e-06,0.14160204173620378,0.7606210540164229,25,20,20
24,7062,0.09777483933170293,5.061583485899672e-06,0.1416019270448982,0.7606181720399147,25,20,20
24,7063,0.09778206476483847,5.0615834839495505e-06,0.1413374720498122,0.760875401601867,25,20,20
24,7064,0.09801933774239556,5.061586683023452e-06,0.14133999733142677,0.7606356033394959,25,20,20
24,7065,0.09797798703319552,3.850119660303489e-07,0.14263663768383003,0.7593849902710097,25,20,20
24,7066,0.09775026336035376,3.8500908403268614e-07,0.14263642414993064,0.759612927480633,25,20,20
24,7067,0.08265472637264087,3.8440897543169614e-07,0.15773182317249285,0.7596130660458907,25,20,20
24,7068,0.08265272847377146,3.844090200133192e-07,0.1577318275456242,0.759615059571584,25,20,20
24,7069,0.08369247009545179,3.8115591514800234e-07,0.15669228664127244,0.759614862107361,25,20,20
24,7070,0.08369152434665368,3.8115588844619225e-07,0.156692282863218,0.7596158116342402,25,20,20
24,7071,0.08368355616610225,3.811558181584085e-07,0.15669697699592736,0.7596190856821526,25,20,20
24,7072,0.08368061122033192,3.8115581835995187e-07,0.15669686115187256,0.7596221464719776,25,20,20
24,7073,0.083507666882209,3.50186615014972e-08,0.15687015310461994,0.75962214499451,25,20,20
24,7074,0.08350973294801924,3.501863474660775e-08,0.15687014799679727,0.7596200840365489,25,20,20
24,7075,0.08320200894805714,3.501462623841345e-08,0.15685992654452852,0.7599380294927884,25,20,20
24,7076,0.08320492244843711,3.501461609113445e-08,0.15685772822575816,0.759937314311189,25,20,20
24,7077,0.0837267140287865,3.5092572363419735e-08,0.15698543766578812,0.7592878132128534,25,20,20
24,7078,0.08372653971199058,3.4299674456660765e-08,0.15688564327371332,0.7593877827146219,25,20,20
24,7079,0.08320180305736559,3.422171789216839e-08,0.15675331673109327,0.7600448459898236,25,20,20
24,7080,0.08319892958770277,3.422172711172743e-08,0.15675328135798497,0.7600477548325855,25,20,20
24,7081,0.08319892948702255,3.422148212785619e-08,0.15674853053038687,0.7600525057611083,25,20,20
24,7082,0.08331452695784992,3.4223890906338244e-08,0.15674802602355858,0.7599374127947003,25,20,20
24,7083,0.08331455952879352,3.422390957977641e-08,0.1567481104339607,0.7599372958133359,25,20,20
24,7084,0.0833124994499597,3.422396853572261e-08,0.1568775160469219,0.7598099502791499,25,20,20
24,7085,0.08331647525910832,3.422400809056961e-08,0.15687763321608356,0.7598058573008001,25,20,20
24,7086,0.0833193851156081,3.422423407005856e-08,0.15688238258477624,0.7597981980753816,25,20,20
24,7087,0.08336789606440125,3.422426445368852e-08,0.15688493594353914,0.759747133767795,25,20,20
24,7088,0.08337474750532375,3.422428151005045e-08,0.156889556740734,0.7597356615296605,25,20,20
24,7089,0.08344441699184178,3.4228458793386136e-08,0.15689200156625926,0.7596635472134399,25,20,20
24,7090,0.08344740194432303,3.422854767693773e-08,0.1568981393343815,0.7596544244927469,25,20,20
24,7091,0.08350512825496699,8.360360274399177e-08,0.15684036364329784,0.7596544244981318,25,20,20
24,7092,0.08350431654838564,8.360360179487993e-08,0.1567126304573433,0.7597829693906683,25,20,20
24,7093,0.08389398186142197,5.311814916610578e-05,0.15626881801458226,0.7597840819748296,25,20,20
24,7094,0.0838202741932192,5.311814497960292e-05,0.15626635042355283,0.7598602572382482,25,20,20
24,7095,0.08381447379148055,5.306873351900412e-05,0.1562722001912849,0.7598602572837154,25,20,20
24,7096,0.08381745282176505,5.3068733491424466e-05,0.15627213663421968,0.7598573418105237,25,20,20
24,7097,0.08382044782041595,5.3068733482193555e-05,0.1562722488363764,0.7598542346097256,25,20,20
24,7098,0.08382345942512194,5.306873351808455e-05,0.15627232545213793,0.7598511463892222,25,20,20
24,7099,0.08381748352648001,5.306873379935074e-05,0.15628085098683372,0.7598485967528877,25,20,20
24,7100,0.08381453966786578,5.30687337771088e-05,0.15641022006067007,0.759722171537688,25,20,20
24,7101,0.08382146089416904,5.3068733808931555e-05,0.15641662804396939,0.7597088423280529,25,20,20
24,7102,0.08381413016660658,5.306873377114469e-05,0.15641496732779753,0.7597178337718258,25,20,20
24,7103,0.08381409165858371,5.306873368241685e-05,0.15640867577047404,0.7597241638372607,25,20,20
24,7104,0.08369849520669254,5.3068731503448785e-05,0.15641305802360267,0.7598353780382022,25,20,20
24,7105,0.08369830339113336,5.306873142771229e-05,0.1564179075110742,0.7598307203663657,25,20,20
24,7106,0.0838567919126463,5.3068597890502015e-05,0.15625944028155053,0.7598306992079137,25,20,20
24,7107,0.083857784327031,5.30685978631676e-05,0.15625282453105138,0.7598363225440561,25,20,20
24,7108,0.08385778612586042,5.306859787070147e-05,0.16091056921412852,0.7551785760621411,25,20,20
24,7109,0.08392758073059886,5.306860057329598e-05,0.1609153433800194,0.7551040072888091,25,20,20
24,7110,0.08393150623945766,5.3068600607805055e-05,0.16091542752732846,0.7550999976326067,25,20,20
24,7111,0.08427617210951924,5.306279705815518e-05,0.1605735330550532,0.7550972320383699,25,20,20
24,7112,0.08428227842084565,5.3062797131845484e-05,0.16057358156849616,0.7550910772135269,25,20,20
24,7113,0.08428618805620174,5.306279713992133e-05,0.16083968138769833,0.7548210677589603,25,20,20
24,7114,0.08428918234095663,5.3062797123993624e-05,0.15618185693136086,0.7594758979305589,25,20,20
24,7115,0.0869131550968106,5.304041424638841e-05,0.15389268059498312,0.75914112389396,25,20,20
24,7116,0.08691222423565627,5.3040413939157115e-05,0.15388418270552312,0.7591505526448818,25,20,20
24,7117,0.08690836942535758,5.304041364203143e-05,0.1538757975981863,0.7591627925628144,25,20,20
24,7118,0.08690843959491536,5.3040413660179936e-05,0.153877306264311,0.7591612137271139,25,20,20
24,7119,0.0869045998182176,5.3040413652734286e-05,0.15361117456587425,0.7594311852022559,25,20,20
24,7120,0.08690069219809297,5.3040413653596396e-05,0.15361117415749043,0.7594350932307633,25,20,20
24,7121,0.08691181733551755,5.30404276240183e-05,0.15361689121022112,0.7594182510266375,25,20,20
24,7122,0.0869116236524237,5.304042762761365e-05,0.1537461691050942,0.7592891668148547,25,20,20
24,7123,0.08690859923289551,5.3040427628519394e-05,0.15375075605613017,0.7592876042833463,25,20,20
24,7124,0.08690572534418234,5.304042764165106e-05,0.15362147790685848,0.759419756321318,25,20,20
24,7125,0.08683591409750986,5.304042493881186e-05,0.15361656046784067,0.7594944850097111,25,20,20
24,7126,0.08677901139685465,5.304042463099469e-05,0.15361513702840981,0.759552811150105,25,20,20
24,7127,0.0870480800337143,0.0005378977610255421,0.15286061667635123,0.7595534055289092,25,20,20
24,7128,0.08704401601319944,0.0005378977609620495,0.15285409102810094,0.7595639951977377,25,20,20
24,7129,0.08704793998150347,0.0005378977610184303,0.15312030360206685,0.7592938586554109,25,20,20
24,7130,0.0817278844909077,0.0005378977837603628,0.15844036709651937,0.759293850628813,25,20,20
24,7131,0.08173075914003797,0.0005378977839943598,0.15870642751480962,0.7590249155611591,25,20,20
24,7132,0.08172781529019729,0.0005378977839985693,0.15870851012252288,0.7590257768032831,25,20,20
24,7133,0.08171968596120108,0.0005378977702864913,0.15869867290466033,0.759043743363854,25,20,20
24,7134,0.08172172870211547,0.0005378977713319625,0.15869862252561745,0.7590417510009368,25,20,20
24,7135,0.08171878528607016,0.0005378977710941546,0.15843239128646305,0.7593109256563738,25,20,20
24,7136,0.08171873244851562,0.0005378977711032245,0.1584323928445033,0.7593109769358789,25,20,20
24,7137,0.08171578817028806,0.000537897770858573,0.15842755959888555,0.7593187544599688,25,20,20
24,7138,0.08171674422146456,0.0005378977847037599,0.15867214415868353,0.7590732138351494,25,20,20
24,7139,0.08171974028309041,0.000537897784703876,0.1590450004217894,0.7586973615104177,25,20,20
24,7140,0.08171974106184166,0.0005378977847037294,0.15904670356735845,0.7586956575860975,25,20,20
24,7141,0.08346297698999847,0.0005599716343398072,0.15728264346204507,0.7586944079136163,25,20,20
24,7142,0.08346290739997028,0.0005599716343264142,0.1576561902643937,0.7583209307013093,25,20,20
24,7143,0.08346072708495172,0.0005599716332624298,0.1576577689890022,0.7583215322927834,25,20,20
24,7144,0.0834596585157215,0.0005599716193996105,0.15728840100859232,0.7586919688562864,25,20,20
24,7145,0.08346272545609809,0.0005599716193910789,0.157281881604034,0.7586954213204763,25,20,20
24,7146,0.08345973047413588,0.0005599716193956838,0.1569112828941186,0.7590690150123492,25,20,20
24,7147,0.08345473461349683,0.0005599716194491734,0.15691112449733702,0.7590741692697164,25,20,20
24,7148,0.08345180844336733,0.0005599716194588506,0.15691117920178094,0.7590770407353921,25,20,20
24,7149,0.08344783471180557,0.0005599716194109309,0.15664504485951844,0.7593471488092642,25,20,20
24,7150,0.08344884190593058,0.0005599716194818485,0.1566450498857311,0.7593461365888555,25,20,20
24,7151,0.08344880590629923,0.0005599716194689471,0.1562698817412245,0.7597213407330063,25,20,20
24,7152,0.08345078529521256,0.0005599716194020851,0.15626517475168913,0.7597240683336952,25,20,20
24,7153,0.08345370988387608,0.0005599716193877041,0.1562675021332074,0.7597188163635279,25,20,20
24,7154,0.083328862757529,0.0005599716899656464,0.15639330301445578,0.7597178625380487,25,20,20
24,7155,0.08331980997847901,0.0005599716898916403,0.15639325636144574,0.759726961970183,25,20,20
24,7156,0.08331784811886879,0.0005599716900482889,0.15639988583125278,0.7597222943598294,25,20,20
24,7157,0.083317956515111,0.0005599716898129873,0.15665950721878516,0.7594625645762902,25,20,20
24,7158,0.08331601050831658,0.000559971689845941,0.15666603524859268,0.759457982553244,25,20,20
24,7159,0.09572788630500169,0.000485413985440033,0.14421514476384983,0.7595715549457077,25,20,20
24,7160,0.09966540560307306,0.0004854562352656169,0.14027758183885267,0.759571556322809,25,20,20
24,7161,0.1003442826245901,0.00048545623742417987,0.14036852645115308,0.7588017346868328,25,20,20
24,7162,0.10034780173586531,0.0004854562351885567,0.1403650076445669,0.7588017343843798,25,20,20
24,7163,0.10035078170418883,0.00048545623519700434,0.14036500848898567,0.7587987535716291,25,20,20
24,7164,0.10035076275271107,0.0004854562351893862,0.1403699091778352,0.7587938718342648,25,20,20
24,7165,0.10034477220088393,0.0004854562351851129,0.1403697131213959,0.7588000584425358,25,20,20
24,7166,0.10034471934803219,0.00048545623516679933,0.14036984977460715,0.7587999746421948,25,20,20
24,7167,0.1003446459706887,0.0004854562351659905,0.14010370463290112,0.759066193161245,25,20,20
24,7168,0.1003475727628711,0.000485456235138847,0.14010612406258954,0.7590608469394013,25,20,20
24,7169,0.10034648629759198,0.00048545623520931204,0.1401015444186131,0.7590665130485861,25,20,20
24,7170,0.10034354399127546,0.0004854562352093814,0.14009993427551615,0.7590710654979993,25,20,20
24,7171,0.1005759684144973,0.0004854562352662047,0.14009347883414056,0.758845096516096,25,20,20
24,7172,0.10034348190948793,0.00048545623521545464,0.14009352401314681,0.75907753784215,25,20,20
24,7173,0.10169720536171382,0.0004849387731844579,0.1387898282911907,0.7590280275739115,25,20,20
24,7174,0.10169732698792662,0.0004849387734561756,0.13879646013812968,0.759021274100488,25,20,20
24,7175,0.10169723921505344,0.0004849387731895527,0.13879002989285624,0.7590277921189014,25,20,20
24,7176,0.13367980617401476,0.0004850622768050837,0.10680730534091808,0.7590278262082621,25,20,20
24,7177,0.13340256910050027,5.548931786321932e-07,0.10756964420927974,0.7590272317970432,25,20,20
24,7178,0.13340855430660184,5.548931920119409e-07,0.10756952931230389,0.7590213614879039,25,20,20
24,7179,0.13340857119088276,5.548932009800695e-07,0.10758341518684925,0.7590074587290684,25,20,20
24,7180,0.1271792640229243,5.593647812195516e-07,0.11381269680130442,0.7590074798109916,25,20,20
24,7181,0.12717936033817354,5.593648460552388e-07,0.1138150686908489,0.7590050116061329,25,20,20
24,7182,0.12718119878707068,5.593648150194703e-07,0.11381173940903948,0.7590065024390769,25,20,20
24,7183,0.1271812707277799,5.593786001661338e-07,0.11381629787234024,0.7590018720212818,25,20,20
24,7184,0.13340205253300805,5.549097640289504e-07,0.10759554089686944,0.7590018516603605,25,20,20
24,7185,0.13272323083510623,5.549076073795488e-07,0.107504556511692,0.7597716577455964,25,20,20
24,7186,0.132726227071445,5.549075990048409e-07,0.10750455848816254,0.7597686595327952,25,20,20
24,7187,0.13272622711241,5.549075994866307e-07,0.10750455870498563,0.7597686592750061,25,20,20
24,7188,0.13272718616751453,5.549078945513594e-07,0.10776613255654227,0.7595061263680498,25,20,20
24,7189,0.13279797147689737,5.549110376190349e-07,0.10776643626552453,0.7594350373465414,25,20,20
24,7190,0.1328009327213165,5.549110452139039e-07,0.10775991290309112,0.7594385994645482,25,20,20
24,7191,0.12229680398350362,5.552608864845622e-07,0.1182640396467531,0.759438601108858,25,20,20
24,7192,0.11680881472950792,5.556493390259731e-07,0.12373198947039897,0.7594586401507528,25,20,20
24,7193,0.11680591702402171,5.556493461635086e-07,0.12372973793759905,0.7594637893890319,25,20,20
24,7194,0.09260954219959423,5.919734188127543e-07,0.14791643576266844,0.7594734300643172,25,20,20
24,7195,0.09260953880707927,5.919734185631358e-07,0.14791643725576192,0.7594734319637394,25,20,20
24,7196,0.07826063246512831,5.256360445603643e-07,0.1622654204106723,0.7594734214881543,25,20,20
24,7197,0.07331916579638005,4.888860683004657e-07,0.16721633394094687,0.7594640113766046,25,20,20
24,7198,0.07327349327275687,4.888643798617841e-07,0.16726200620794562,0.759464011654917,25,20,20
24,7199,0.07327647417803324,4.888643797808319e-07,0.16724807354880258,0.7594749634087834,25,20,20
24,7200,0.0732725139717118,4.888645716957096e-07,0.16725532075690744,0.7594716764068083,25,20,20
24,7201,0.07327536952337896,4.888644909684287e-07,0.16725531391681447,0.7594688276953153,25,20,20
24,7202,0.09118567994933105,3.894352042260268e-07,0.14934512693367136,0.7594688036817917,25,20,20
24,7203,0.09118273836328415,3.89435204125061e-07,0.14935172643990874,0.7594651457616015,25,20,20
24,7204,0.09103457273243944,0.0008959042753643389,0.1486045843639493,0.7594649386282457,25,20,20
24,7205,0.0910315245498859,0.0008959042753639544,0.148604548992817,0.7594680221819319,25,20,20
24,7206,0.09103846468324928,0.0008959042753937483,0.14860451297722438,0.7594611180641317,25,20,20
24,7207,0.09104152770843693,0.0008959042753849168,0.14859791238957704,0.7594646556266003,25,20,20
24,7208,0.09097282661343745,0.0008959042722693901,0.1485976921564792,0.7595335769578129,25,20,20
24,7209,0.09097282792163103,0.000895904272274316,0.14869004612561512,0.7594412216804786,25,20,20
24,7210,0.09098353490360105,0.0008958840187995848,0.14867935895228346,0.7594412221253161,25,20,20
24,7211,0.09098066111654703,0.0008958840188397552,0.14867944452861642,0.7594440103359973,25,20,20
24,7212,0.09097373886143317,0.000895884018813482,0.14867935931618267,0.759451017803571,25,20,20
24,7213,0.09097673168464128,0.0008958840188045537,0.1486795208763102,0.7594478634202444,25,20,20
24,7214,0.09097960787528833,0.0008958840188029359,0.14894658538446168,0.7591779227214475,25,20,20
24,7215,0.09618639437911264,3.7385320723985666e-07,0.14051372031761258,0.7632995114500679,25,20,20
24,7216,0.0961796614868697,3.7384824818936224e-07,0.14052045314558875,0.7632995115192918,25,20,20
24,7217,0.09618042991607145,5.068140770142093e-08,0.14052000830911743,0.7632995110934011,25,20,20
24,7218,0.09618727962426293,5.068141132541004e-08,0.14051992637203298,0.7632927433222908,25,20,20
24,7219,0.09625402733361081,5.068510099083822e-08,0.14052013573146105,0.7632257862498254,25,20,20
24,7220,0.12713077641287418,3.841846770126237e-08,0.10964329051404936,0.7632258946546071,25,20,20
24,7221,0.12712790107949912,3.841848569957821e-08,0.10963867425896316,0.7632333862430507,25,20,20
24,7222,0.12186852122883889,3.372843778364116e-08,0.11901964332823971,0.7591118017144826,25,20,20
24,7223,0.09153886276683489,3.3758613465976995e-08,0.1493412741990775,0.7591198292754732,25,20,20
24,7224,0.09153891682518132,3.375860501695381e-08,0.14934119363935838,0.7591198557768541,25,20,20
24,7225,0.0915367796359062,3.375863968556268e-08,0.1493478439889885,0.7591153426164648,25,20,20
24,7226,0.09153578682276685,3.377257026136221e-08,0.14952279952857103,0.7589413798760914,25,20,20
24,7227,0.0918603867566325,3.375879907859853e-08,0.14919819944396023,0.7589413800406067,25,20,20
24,7228,0.05546365258181583,3.376606535994934e-08,0.18559493190536622,0.758941381746753,25,20,20
24,7229,0.05546065609888737,3.376607389848086e-08,0.18560153438237437,0.7589377757526645,25,20,20
24,7230,0.05545979959511281,3.3766057551569976e-08,0.18559488442505412,0.7589452822137754,25,20,20
24,7231,0.055462743082460235,3.3766058100250047e-08,0.18559505280946836,0.7589421703420132,25,20,20
24,7232,0.05546561747475612,3.376604072380242e-08,0.18559966866164856,0.7589346800975547,25,20,20
24,7233,0.05545903249872373,3.3766335589924696e-08,0.18588795873166508,0.7586529750032761,25,20,20
24,7234,0.05545996192390794,3.3766370942784806e-08,0.18588804160307876,0.7586519627066433,25,20,20
24,7235,0.05545692837568616,3.376637123174279e-08,0.18588804213907215,0.7586549957188715,25,20,20
24,7236,0.05545794516406532,3.3766273633498506e-08,0.18588803407931842,0.7586539869903437,25,20,20
24,7237,0.05546099403561055,3.376629992352395e-08,0.18588792255117959,0.758651049646911,25,20,20
24,7238,0.05546097301487554,3.375225603678809e-08,0.18588099000133632,0.7586580032315333,25,20,20
24,7239,0.05539417400415676,3.3748575118878355e-08,0.18588531934969016,0.7587204728975796,25,20,20
24,7240,0.05539416825380322,3.3734667346638076e-08,0.18561801711859058,0.75898778089294,25,20,20
24,7241,0.055394761397804866,3.37343546573711e-08,0.18532984384685633,0.7592753610209855,25,20,20
24,7242,0.05539281621871759,3.373432686014278e-08,0.1853313227238264,0.7592758273231303,25,20,20
24,7243,0.055393783752771736,3.3734655605778055e-08,0.18570423791333698,0.7589019445992369,25,20,20
24,7244,0.05539378311886114,3.3734602079002825e-08,0.185704152988739,0.7589020301577992,25,20,20
24,7245,0.05539169953303082,3.373487391138141e-08,0.18570889422561035,0.7588993725064863,25,20,20
24,7246,0.05539140090414942,3.373469993223717e-08,0.1807985709847355,0.7638099943764165,25,20,20
24,7247,0.05539321746996336,3.864107319865389e-08,0.185631491401709,0.7589752524872572,25,20,20
24,7248,0.055331037906172324,0.002757355428362055,0.18293625067727035,0.7589753559881981,25,20,20
24,7249,0.05532905654862555,0.002757355428433425,0.18294274234864463,0.7589708456742994,25,20,20
24,7250,0.05533106698541402,0.002757355428127566,0.18257635116369728,0.7593352264227643,25,20,20
24,7251,0.05533422673242482,0.0027573554280846996,0.1825698617278146,0.759338556111679,25,20,20
24,7252,0.03921688590081393,0.002757322172565158,0.19875129991399235,0.7592744920126256,25,20,20
24,7253,0.039216816114784774,0.0027573221725472508,0.19875141391701728,0.7592744477956481,25,20,20
24,7254,0.03921362102507493,0.002757322172553585,0.19875141356546192,0.7592776432369069,25,20,20
24,7255,0.03866875996089389,0.0027573221172029544,0.19930441064886525,0.7592695072730358,25,20,20
24,7256,0.03866882852502926,0.0027573221172113942,0.19929979559172406,0.7592740537660332,25,20,20
24,7257,0.03866888300299336,0.0027573221171938883,0.19956594966970193,0.7590078452101087,25,20,20
24,7258,0.03867585597871114,0.002757322117238141,0.19956587295960937,0.7590009489444388,25,20,20
24,7259,0.03877341509402687,0.002777422709597924,0.19952409335424257,0.7589250688421292,25,20,20
24,7260,0.07837624705355103,2.0105941705399144e-05,0.16267867767803654,0.7589249693267054,25,20,20
24,7261,0.07837623125972049,2.01059417051471e-05,0.16267681981757412,0.7589268429809987,25,20,20
24,7262,0.07837318485814303,2.0105941769664276e-05,0.16241731888629513,0.7591893903137915,25,20,20
24,7263,0.08852463281768598,2.0105946073443475e-05,0.15226587029753713,0.7591893909387022,25,20,20
24,7264,0.08852468302447632,2.0105946289366125e-05,0.15226396815135168,0.7591912428778812,25,20,20
24,7265,0.08852855825623132,2.010594629715241e-05,0.15239189909035902,0.7590594367071108,25,20,20
24,7266,0.0884482058895503,6.72030075578346e-09,0.15249068623040649,0.759061101159741,25,20,20
24,7267,0.07999135520730431,1.9192031041645225e-07,0.16096731846339185,0.7590411344089891,25,20,20
24,7268,0.07998839493882204,1.9192028841702693e-07,0.16096261099385573,0.7590488021470295,25,20,20
24,7269,0.07998737814721021,1.9192038201808394e-07,0.1609642471841912,0.7590481827482126,25,20,20
24,7270,0.07998952900755908,1.9192009283706118e-07,0.1609617831260163,0.759048495946328,25,20,20
24,7271,0.07997536128328502,1.9174326793693836e-07,0.16097598800007792,0.7590484589733655,25,20,20
24,7272,0.07998035534568483,1.917432143171368e-07,0.16097443826550328,0.7590450146455937,25,20,20
24,7273,0.07997740690213331,1.9174320488165936e-07,0.16071393472517592,0.7593084666294829,25,20,20
24,7274,0.09386254677256395,9.55847167967535e-09,0.1468285796320847,0.7593088640368785,25,20,20
24,7275,0.0938765273599001,9.559040900674105e-09,0.1469207780725753,0.7592026850084831,25,20,20
24,7276,0.09387665088466753,9.559032948244107e-09,0.1469160781892582,0.7592072613670411,25,20,20
24,7277,0.09386267014321731,9.558467979456484e-09,0.1471967893412777,0.7589405309570367,25,20,20
24,7278,0.09393253342001716,9.56114720603145e-09,0.14719700315243991,0.7588704538663952,25,20,20
24,7279,0.09393051802973502,9.561173421445357e-09,0.14756529612159258,0.7585041762874987,25,20,20
24,7280,0.09386792495317735,9.55852272046305e-09,0.1504681933769423,0.7556638721113573,25,20,20
24,7281,0.093403721178295,6.1529843251821e-09,0.15093287082318954,0.7556634018455308,25,20,20
24,7282,0.09347650475349167,6.155902076926883e-09,0.15066689013345783,0.7558565989571481,25,20,20
24,7283,0.1062593815372046,6.355599741299649e-09,0.1378840137744274,0.7558565983327681,25,20,20
24,7284,0.10626537586368358,6.3555995185983096e-09,0.13788540579642813,0.7558492119842891,25,20,20
24,7285,0.10623679150333834,6.603197440533853e-09,0.13791392355140264,0.755849278342061,25,20,20
24,7286,0.10623281214608485,6.603171463950873e-09,0.13791241358717504,0.7558547676635681,25,20,20
24,7287,0.10622973387755621,6.603179605600037e-09,0.1379102161868703,0.7558600433323935,25,20,20
24,7288,0.1062377051771193,6.603516997040845e-09,0.13791681630674088,0.7558454719126224,25,20,20
24,7289,0.06730166550162114,0.00011813395532434333,0.17673464125673358,0.755845559286319,25,20,20
24,7290,0.06729571052329812,0.00011817872907527474,0.17718955042494627,0.7553965603226784,25,20,20
24,7291,0.0672947305077763,0.00011817872903186152,0.17718951262492394,0.755397578138266,25,20,20
24,7292,0.06729045557792367,0.00011817872899447536,0.17428647708462802,0.7583048886084519,25,20,20
24,7293,0.0672934505500244,0.00011817872871426442,0.17428164246847294,0.7583067282527866,25,20,20
24,7294,0.06728647780019764,0.00011817872866583238,0.17428155792192274,0.7583137855492119,25,20,20
24,7295,0.06728941865364638,0.00011817872866495573,0.1742816988264714,0.7583107037912161,25,20,20
24,7296,0.06729243239947431,0.00011817872870524145,0.17428181763905282,0.7583075712327664,25,20,20
24,7297,0.06723830327507627,0.00011817847803122744,0.17433601565893939,0.7583075025879522,25,20,20
24,7298,0.06724440245276166,0.00011817847803326683,0.17396465990209983,0.7586727591671046,25,20,20
24,7299,0.06724139038782975,0.00011817847802995917,0.17397118773099687,0.7586692434031428,25,20,20
24,7300,0.06723839413485899,0.00011817847803850049,0.17397107402644005,0.758672353360662,25,20,20
24,7301,0.06723839404881023,0.0001181784780432265,0.1739645006848373,0.7586789267883083,25,20,20
24,7302,0.06724144292691722,0.000118178478043369,0.1739644986342369,0.7586758799608017,25,20,20
24,7303,0.05052987896896719,0.00011817848415915228,0.19067606143350577,0.7586758811133667,25,20,20
24,7304,0.050526882463497715,0.00011817848417664134,0.19067614429290283,0.7586787947594218,25,20,20
24,7305,0.05053779752332265,0.00011817848425211164,0.19067626382499703,0.7586677601674271,25,20,20
24,7306,0.05053079210545281,0.000118172496078032,0.19068323405344365,0.7586678013450249,25,20,20
24,7307,0.08815775671744377,0.00011817255295856408,0.15305624260843118,0.7586678281211668,25,20,20
24,7308,0.0880840074522356,0.00011817254974944964,0.15306255435710472,0.7587352656409105,25,20,20
24,7309,0.08810292596449383,0.00011817255030475567,0.15305770096677146,0.7587212005184303,25,20,20
24,7310,0.08809884622333146,0.00011817255028128683,0.15332230238831587,0.7584606788380716,25,20,20
24,7311,0.08809786499090999,0.0001181725502329186,0.15294933620354892,0.7588346262553088,25,20,20
24,7312,0.06550938322419621,0.00011817976378223969,0.17553776065544238,0.758834676356578,25,20,20
24,7313,0.06550538920739743,0.00011818072172949916,0.1866345416721932,0.7477418883986795,25,20,20
24,7314,0.06550239341490849,0.00011818072173842499,0.18663451338011253,0.7477449124832398,25,20,20
24,7315,0.06550346357721047,0.00011818073572094087,0.18664264664001906,0.7477357090470488,25,20,20
24,7316,0.07771194132847606,0.00011818246345750672,0.17443585780416324,0.747734018403902,25,20,20
24,7317,0.07770992651427895,0.00011818246349471418,0.1744388266479297,0.7477330643742957,25,20,20
24,7318,0.07770718885965266,0.00011818246351838723,0.17417421442207026,0.7480004142547577,25,20,20
24,7319,0.07794041636158,0.00011818246566394961,0.1741807638087327,0.7477606373640221,25,20,20
24,7320,0.07794038052362534,0.00011818246551644903,0.17417359692436396,0.7477678400864939,25,20,20
24,7321,0.07794332418865794,0.00011818246551604546,0.1741783916300173,0.7477601017158086,25,20,20
24,7322,0.07794339988715866,0.00011818246553929073,0.17460237166511175,0.7473360459821902,25,20,20
24,7323,0.07794029722251214,0.00011818246553944581,0.17460240497582805,0.74733911533612,25,20,20
24,7324,0.07793225592847793,0.00011818246545478481,0.17460690288031203,0.7473426587257552,25,20,20
24,7325,0.07793500623882955,0.00011818246543969093,0.17461187990998506,0.7473349313857456,25,20,20
24,7326,0.07793201108397808,0.0001181824654481531,0.17461192942223352,0.7473378770283402,25,20,20
24,7327,0.0777026885006856,0.00011818246331048774,0.17460988561848187,0.7475692434175223,25,20,20
24,7328,0.0777017410328609,0.00011818246326039211,0.17460672234000277,0.7475733541638759,25,20,20
24,7329,0.07769879792997707,0.00011818246326048358,0.17460249198404465,0.7475805276227179,25,20,20
24,7330,0.07769883336621074,0.00011818246326864191,0.17460252855971276,0.7475804556108077,25,20,20
24,7331,0.07769888540055293,0.00011818246328615248,0.1745961203493771,0.7475868117867838,25,20,20
24,7332,0.07769597644628291,0.00011818246330459616,0.1745914218865807,0.7475944192038316,25,20,20
24,7333,0.07770189722715896,0.000118182449591534,0.1748494419841871,0.7473304783390623,25,20,20
24,7334,0.07770413000773894,0.00011818244953320427,0.17522223018077934,0.7469554573619486,25,20,20
24,7335,0.07768817429297915,0.00011818244929365664,0.17522531965332377,0.746968323604403,25,20,20
24,7336,0.07768517581550329,0.00011818244931069966,0.17522539907849408,0.7469712426566913,25,20,20
24,7337,0.07768919000096353,0.00011818244934608808,0.17522071978687087,0.7469719077628189,25,20,20
24,7338,0.07769609297434107,0.00011818244937659999,0.17521835162774882,0.7469673729485327,25,20,20
24,7339,0.07769225660757142,0.00011818244936470018,0.17521372844581617,0.7469758324972469,25,20,20
24,7340,0.07768912075935876,0.00011818244932027844,0.17521375909380602,0.7469789376975142,25,20,20
24,7341,0.08762637737631984,0.00011817503858549421,0.16527655980882966,0.746978887776265,25,20,20
24,7342,0.0876234509849396,0.00011817503859541616,0.16527652445092184,0.7469818495255433,25,20,20
24,7343,0.08762641522213267,0.00011817503860575303,0.16554362755517985,0.7467117821840819,25,20,20
24,7344,0.08762650609412721,0.00011817503830985419,0.16554049376225813,0.746714825105305,25,20,20
24,7345,0.10420207174124116,0.00011817930025967365,0.14896385273566903,0.7467158962228302,25,20,20
24,7346,0.10420499812139072,0.00011817930024982115,0.148963888778901,0.7467129337994585,25,20,20
24,7347,0.104202019520814,0.00011817930024164793,0.14896385582850732,0.7467159453504371,25,20,20
24,7348,0.10420294937117443,0.00011817930028162844,0.14896366431504576,0.7467152070134982,25,20,20
24,7349,0.10422584345631634,0.0001181793004504037,0.1489636127658696,0.7466923644773635,25,20,20
24,7350,0.10422489773426817,0.0001181793144165353,0.14897596989806586,0.7466809530532494,25,20,20
24,7351,0.10422196863505699,0.00011817931442294757,0.14870886393371355,0.7469509881168065,25,20,20
24,7352,0.10422710907126367,0.00011817931448684441,0.14871547014715228,0.746939241467097,25,20,20
24,7353,0.104234027855235,0.00011817930050272899,0.14870311025313993,0.7469446825911221,25,20,20
24,7354,0.10423398477581935,0.00011817930048017997,0.1482791671991768,0.7473686687245236,25,20,20
24,7355,0.10422699499456695,0.0001181793002112544,0.14801299030099696,0.7476418354042247,25,20,20
24,7356,0.1044600371149175,0.00011817930540548943,0.14764191528538126,0.7477798682942955,25,20,20
24,7357,0.10446305065738563,0.00011817930543223223,0.14764196878187413,0.7477768012553073,25,20,20
24,7358,0.10446608194069704,0.00011817930545804148,0.1476419679123141,0.7477737708415302,25,20,20
24,7359,0.10446237665529506,0.00011818009918203528,0.14773801566019268,0.7476814275853297,25,20,20
24,7360,0.10446608214386366,0.00011817930545786788,0.14764196998519463,0.7477737685654833,25,20,20
24,7361,0.10446217660589349,0.0001181793056772106,0.14764680830875127,0.7477728357796773,25,20,20
24,7362,0.09225389135180588,0.00012531890704542046,0.15984796149993977,0.7477728282412092,25,20,20
24,7363,0.0922618739043991,0.00011818190720039777,0.1598470947477155,0.7477728494406852,25,20,20
24,7364,0.09226499359374167,0.00011818190718365807,0.15985189162269406,0.7477649328763806,25,20,20
24,7365,0.0922649925768621,0.00011818190718328188,0.1598584392941291,0.7477583862218258,25,20,20
24,7366,0.09226404346532291,0.00011818190729125577,0.15999518840261998,0.7476225862247674,25,20,20
24,7367,0.0922640964408147,0.00011818190726506634,0.16026132446594243,0.7473563971859792,25,20,20
24,7368,0.08659537879120081,0.00011817802060368662,0.16593111680469808,0.7473553263834987,25,20,20
24,7369,0.08636031512992942,0.00011817801536265998,0.16593943739537673,0.7475820694593323,25,20,20
24,7370,0.08636550581636593,0.00011817801534712004,0.16567789774423253,0.7478384184240556,25,20,20
24,7371,0.0863684333772602,0.00011817801533377156,0.16594406640436346,0.7475693222030437,25,20,20
24,7372,0.08636829393074962,0.00011817801533300321,0.16593927074654147,0.7475742573073773,25,20,20
24,7373,0.08636536889343224,0.00011817802935920206,0.16568534963661882,0.747831103440591,25,20,20
24,7374,0.08636540435241354,0.00011817802936772676,0.16568542843901019,0.74783098917921,25,20,20
24,7375,0.08295965448060999,0.0001181780121457073,0.16909118089701358,0.747830986610229,25,20,20
24,7376,0.08296261484641212,0.00011817801215515619,0.1690846922754191,0.7478345148660118,25,20,20
24,7377,0.08295739619731826,0.00011817801207426394,0.1690827910811699,0.747841634709436,25,20,20
24,7378,0.08293744669426294,0.0001181780121518624,0.16908912233409482,0.7478552529594887,25,20,20
24,7379,0.0892652615511272,0.0001181776309384707,0.16276130946033304,0.7478552513575996,25,20,20
24,7380,0.07897322550877442,0.0001185381595073611,0.17305298517547973,0.7478552511562363,25,20,20
24,7381,0.07903297789299454,0.00013845371287428065,0.17297331664997756,0.7478552517441515,25,20,20
24,7382,0.07755194689965315,0.00013845375431789127,0.1744543317423603,0.7478552676036659,25,20,20
24,7383,0.07755192868671744,0.0001384537543000641,0.17445436378808618,0.7478552537708935,25,20,20
24,7384,0.07755557143039049,0.00013845388922971013,0.17445035826394317,0.7478556164164337,25,20,20
24,7385,0.0775574982522798,0.00013845388929999787,0.1744503164005141,0.7478537314579031,25,20,20
24,7386,0.07752982937780885,0.00013845377145504215,0.17447834754465955,0.7478533693060736,25,20,20
24,7387,0.0775217119477444,0.00013845377135536405,0.1744802431863234,0.7478595910945738,25,20,20
24,7388,0.07753067573423605,0.0001384537852322401,0.17460829328286098,0.7477225771976681,25,20,20
24,7389,0.07753067611382589,0.00013845378523127632,0.1746063246765797,0.7477245454243604,25,20,20
24,7390,0.07752954914074672,0.0001384537852815658,0.17460474195560616,0.7477272551183631,25,20,20
24,7391,0.07752651679585043,0.00013845378528648961,0.17460493767945873,0.7477300917394022,25,20,20
24,7392,0.07751755200042028,0.00013845377140551179,0.17421072000753132,0.7481332742206408,25,20,20
24,7393,0.07702999144695129,0.00013845409363764065,0.17469828067071486,0.7481332737886942,25,20,20
24,7394,0.07609979640958513,2.032672625696846e-05,0.17574669124521036,0.7481331856189476,25,20,20
24,7395,0.07953510816829809,2.03268347283204e-05,0.17231141501330557,0.7481331499836681,25,20,20
24,7396,0.07953908582890094,2.032683475428516e-05,0.17231138448524866,0.7481292028510961,25,20,20
24,7397,0.07953523210794938,2.032587646210519e-05,0.16120796992468303,0.7592364720909053,25,20,20
24,7398,0.07999572398726937,2.0326594441232252e-05,0.1607474762182067,0.7592364732000803,25,20,20
24,7399,0.07999595216623702,2.032659450523686e-05,0.1607474819871556,0.7592362392520999,25,20,20
24,7400,0.07999909372603618,2.0327383726554865e-05,0.16101699891787347,0.7589635799723617,25,20,20
24,7401,0.0800019495907243,2.0327369700042075e-05,0.1610048971970176,0.7589728258425559,25,20,20
24,7402,0.08000205777115993,2.0327369723427455e-05,0.16100679922194983,0.7589708156371647,25,20,20
24,7403,0.07999902514438176,2.0327369723567395e-05,0.16100657032920687,0.7589740771566856,25,20,20
24,7404,0.07999920025941776,2.0327369706124042e-05,0.16100645812727618,0.7589740142435976,25,20,20
24,7405,0.0799990078875798,2.0327369714108202e-05,0.1609963397334237,0.7589843250092804,25,20,20
24,7406,0.08000204882121084,2.0327369704057336e-05,0.1609916340557977,0.7589859897532856,25,20,20
24,7407,0.07999896368355568,2.0327369703738554e-05,0.16136455109863948,0.7586161578480991,25,20,20
24,7408,0.0800017989309073,2.032736967533047e-05,0.16135806259884766,0.7586198111005679,25,20,20
24,7409,0.07999369869744745,2.0322932892468715e-05,0.16129753307056763,0.7586884452990925,25,20,20
24,7410,0.08003724416745145,2.0322593192900473e-05,0.1612539880038452,0.7586884452355104,25,20,20
24,7411,0.08004738833083799,2.0322593029574523e-05,0.1612475666214249,0.7586847224547073,25,20,20
24,7412,0.0805057653918023,2.032259314117124e-05,0.16137568260413765,0.7580982294109185,25,20,20
24,7413,0.08004738742315715,2.0322593029676143e-05,0.16124760145727537,0.7586846885265375,25,20,20
24,7414,0.08005041966989639,2.0322593034335583e-05,0.16124779733517877,0.7586814604018903,25,20,20
24,7415,0.08005031194763065,2.0321803821840494e-05,0.16098476913220225,0.758944597116345,25,20,20
24,7416,0.08005102819101684,2.0321803588298237e-05,0.16110992706080668,0.7588187229445876,25,20,20
24,7417,0.0800398664534017,2.0321803576398193e-05,0.16110992341809968,0.7588298883249216,25,20,20
24,7418,0.08004284351131959,2.0321803584436122e-05,0.16073920175875145,0.7591976329263436,25,20,20
24,7419,0.08134670974874277,2.0322899603370366e-05,0.1594352052520993,0.7591977620995533,25,20,20
24,7420,0.08153100276385274,2.013092596029245e-05,0.1592511038185307,0.759197762491656,25,20,20
24,7421,0.08152404583654986,2.013092593081199e-05,0.15925568999320847,0.7592001332443111,25,20,20
24,7422,0.08152408293700651,2.0130925935353228e-05,0.159255972600587,0.7591998135364711,25,20,20
24,7423,0.08152215684547956,2.0130925864806686e-05,0.15962884975183023,0.7588288624768258,25,20,20
24,7424,0.08152411890051045,2.0131721240036865e-05,0.15972246912822483,0.7587332802500254,25,20,20
24,7425,0.08152411828263117,2.013172123468678e-05,0.15971783289958652,0.7587379170965484,25,20,20
24,7426,0.07583537626239846,2.0133142009817336e-05,0.16540655299830387,0.7587379375972855,25,20,20
24,7427,0.08192209917482235,2.0131514237064075e-05,0.1593198592226669,0.7587379100882744,25,20,20
24,7428,0.0815916848573418,2.0131613399757207e-05,0.15965026971278515,0.7587379138164739,25,20,20
24,7429,0.08159072066408632,2.008683961356533e-05,0.15919538666629207,0.7591938058300087,25,20,20
24,7430,0.08159523141131145,2.0086840700998943e-05,0.15906550066703068,0.7593191810809575,25,20,20
24,7431,0.08159224991696928,2.008684070015865e-05,0.1590588981966138,0.7593287650457171,25,20,20
24,7432,0.08159018902287801,2.008684074420525e-05,0.15905898223762324,0.7593307418987552,25,20,20
24,7433,0.11350707972660608,2.009379723357467e-05,0.12714220590279873,0.7593306205733622,25,20,20
24,7434,0.11351015913299936,2.0093811074588472e-05,0.1270365617365594,0.7594331853193672,25,20,20
24,7435,0.11350809128212261,2.0093811104371292e-05,0.1270365236869912,0.7594352912197823,25,20,20
24,7436,0.11350809384950104,2.0093797281711045e-05,0.12676925112658619,0.7597025612266316,25,20,20
24,7437,0.10999664850047963,2.008908210984777e-05,0.13028068056006345,0.7597025818573475,25,20,20
24,7438,0.11000363774958867,2.008908213540848e-05,0.1302802867231452,0.7596959864451314,25,20,20
24,7439,0.11008343405689931,2.0089074720954454e-05,0.13019912447581028,0.7596973523925702,25,20,20
24,7440,0.11008544843754166,2.0089074694663134e-05,0.13019896712167311,0.7596954953660914,25,20,20
24,7441,0.11008541238708108,2.008907469066601e-05,0.13020557343935876,0.7596889250988701,25,20,20
24,7442,0.10984432138583887,0.00108039766447628,0.12938635682728994,0.7596889241223963,25,20,20
24,7443,0.08692918037915312,0.001080432972415418,0.15230130434077455,0.7596890823076589,25,20,20
24,7444,0.08692748320136301,0.001080432177352865,0.1584654017837093,0.7535266828375764,25,20,20
24,7445,0.08692951099036746,0.0010804321775999132,0.15847016000407613,0.7535198968279576,25,20,20
24,7446,0.08692765518762544,0.0010804321776299029,0.1584748683459076,0.7535170442888379,25,20,20
24,7447,0.0869253600419934,0.0010804321776093858,0.15847486567258806,0.7535193421078099,25,20,20
24,7448,0.0869253402711956,0.0010804321773271218,0.1588429921486536,0.7531512354028246,25,20,20
24,7449,0.08692136766921109,0.0010804321773056388,0.15884465102005219,0.7531535491334321,25,20,20
24,7450,0.08691818017380122,0.0010804321773048718,0.15884464722594113,0.7531567404229541,25,20,20
24,7451,0.08691821979491797,0.0010804321772959972,0.15884247818384112,0.7531588698439462,25,20,20
24,7452,0.08691527865768739,0.0010804321775391005,0.15910875383473763,0.752895535330037,25,20,20
24,7453,0.09127825446011104,8.24332528283378e-08,0.1558261188584833,0.7528955442481541,25,20,20
24,7454,0.09127537980953429,8.243326166345862e-08,0.15545314917276953,0.7532713885844358,25,20,20
24,7455,0.09127232992587048,8.243326200554442e-08,0.1554531543002183,0.7532744333406505,25,20,20
24,7456,0.09127258505330998,8.243243279980537e-08,0.15545902377522566,0.753268308739033,25,20,20
24,7457,0.09127572757478956,8.243241570892504e-08,0.15546067690946141,0.7532635130833348,25,20,20
24,7458,0.09127180531631258,8.243237207096012e-08,0.15555294124163185,0.7531751710096853,25,20,20
24,7459,0.08702185099355829,3.9470748958930905e-08,0.15980294744325163,0.7531751620924432,25,20,20
24,7460,0.08701579039858863,3.9470766265038874e-08,0.15980946750220978,0.7531747026284371,25,20,20
24,7461,0.08701350668373867,3.947080065197479e-08,0.1598079313336247,0.7531785225118378,25,20,20
24,7462,0.08701618579195111,3.9470487423538796e-08,0.15354369169985188,0.7594400830377113,25,20,20
24,7463,0.08701725499550562,3.9470408126447765e-08,0.15354361068290623,0.7594390948511822,25,20,20
24,7464,0.08701715482905893,3.94703898336109e-08,0.15355013301777207,0.7594326726827813,25,20,20
24,7465,0.08701809865063803,3.947017354760901e-08,0.15329046437809193,0.759691397501098,25,20,20
24,7466,0.0870182519736522,3.947019400786833e-08,0.15329699313317569,0.7596847154229793,25,20,20
24,7467,0.08701532936434432,3.947021248237387e-08,0.15330165453986463,0.7596829766255797,25,20,20
24,7468,0.0870153431483277,3.9470515360235334e-08,0.15330475020301218,0.7596798671781464,25,20,20
24,7469,0.08749228134462123,3.947086956666555e-08,0.1528278117355489,0.759679867448962,25,20,20
24,7470,0.08749130375477751,3.9470831205500575e-08,0.15283432984026288,0.7596743269341301,25,20,20
24,7471,0.0874942985621081,3.94708395767553e-08,0.1528343706190406,0.7596712913480134,25,20,20
24,7472,0.08749733256828979,3.947332673193393e-08,0.15283597628272935,0.7596666516756555,25,20,20
24,7473,0.08840630452064234,4.66385228459589e-08,0.1518414910359972,0.7597521578048391,25,20,20
24,7474,0.08840924728058853,4.663852221552544e-08,0.15184145342442024,0.75974925265647,25,20,20
24,7475,0.08840938832967213,4.6638567802901944e-08,0.15184611551300775,0.7597444495187534,25,20,20
24,7476,0.08840939249968104,4.6638670388179456e-08,0.15176059022662364,0.7598299706350261,25,20,20
24,7477,0.0884123349206938,4.6638670297969335e-08,0.15176056037054175,0.7598270580700954,25,20,20
24,7478,0.08148497454094344,7.30285539451973e-09,0.1586879464917761,0.7598270716644276,25,20,20
24,7479,0.08148816750622967,7.302544837653564e-09,0.15869296464467936,0.7598188605465485,25,20,20
24,7480,0.08149045852718072,7.316399548297738e-09,0.15884055441549436,0.7596689797409276,25,20,20
24,7481,0.08149052745150748,7.316408773664307e-09,0.15884055516190185,0.7596689100701839,25,20,20
24,7482,0.08149348827601927,7.316471544370755e-09,0.15884047903337775,0.7596660253741334,25,20,20
24,7483,0.08149359468227713,7.31649016105549e-09,0.15883407021726803,0.7596723277839659,25,20,20
24,7484,0.08166874994771296,1.751257420066555e-06,0.13171806025180752,0.7866114385430591,25,20,20
24,7485,0.0816687627495318,1.7512574158740758e-06,0.1317115395992026,0.7866179463938494,25,20,20
24,7486,0.081668796138255,1.751257344636886e-06,0.13171145251278354,0.7866180000916162,25,20,20
24,7487,0.08166893877416907,1.7512573638165132e-06,0.13171133890701003,0.7866179710614567,25,20,20
24,7488,0.08167223957565031,1.7512529858840973e-06,0.131708036844491,0.7866179723268718,25,20,20
24,7489,0.08284892410689558,1.7512446343279536e-06,0.1305228465068549,0.7866264781416135,25,20,20
24,7490,0.08284879197575946,1.7511589729249285e-06,0.13052434668451662,0.7866251101807491,25,20,20
24,7491,0.08285261515762138,1.7511589925488223e-06,0.1306471722636581,0.7864984614197261,25,20,20
24,7492,0.08285638494498564,1.751145150989371e-06,0.1304976820140243,0.7866441818958377,25,20,20
24,7493,0.08285631496443907,1.7511450501466006e-06,0.1304929680548809,0.7866489658356285,25,20,20
24,7494,0.08285021358248965,1.751143144080011e-06,0.1308599232452074,0.7862881120291577,25,20,20
24,7495,0.08182053564078685,8.753387452860684e-05,0.131882146633153,0.7862097838515301,25,20,20
24,7496,0.08182053534127177,8.753387452837103e-05,0.13188226000158987,0.7862096707826082,25,20,20
24,7497,0.08181947299504193,8.753387638155904e-05,0.1318845800463682,0.7862084130822065,25,20,20
24,7498,0.0818195419657351,8.753387639070602e-05,0.1318845792657443,0.7862083448921281,25,20,20
24,7499,0.08181982679869894,8.753387669271273e-05,0.13175995166868096,0.7863326876559255,25,20,20
24,7500,0.0818197170910698,8.753387666677742e-05,0.13139296212365006,0.7866997869086113,25,20,20
24,7501,0.08181416496163785,8.753387638309617e-05,0.13138717789321416,0.7867111232687634,25,20,20
24,7502,0.0818261278516724,8.753387648051798e-05,0.13138726732049016,0.7866990709513558,25,20,20
24,7503,0.08182611617429329,8.753387673525009e-05,0.13139400883673683,0.7866923411122336,25,20,20
24,7504,0.08182418253742794,8.753387488237744e-05,0.13139630727984156,0.7866919763078469,25,20,20
24,7505,0.08182526771921758,8.753387485318145e-05,0.1313895735676966,0.7866976248382316,25,20,20
24,7506,0.08182833065165467,8.753387483992528e-05,0.13138715104151633,0.786696984431988,25,20,20
24,7507,0.08182832890363008,8.753387454225074e-05,0.13138701514783713,0.7866971220739895,25,20,20
24,7508,0.08182534991726927,8.753387454239045e-05,0.13138203266370313,0.7867050835444845,25,20,20
24,7509,0.0818242070546262,8.753387447792629e-05,0.13138210272946235,0.7867061563414329,25,20,20
24,7510,0.08183239330342168,8.753388939732246e-05,0.13175488057585022,0.78632519223133,25,20,20
24,7511,0.08183538840102043,8.753388937462701e-05,0.13175476603801337,0.786322311671591,25,20,20
24,7512,0.08183922901070653,8.753388941368896e-05,0.13175253095549225,0.7863207061443868,25,20,20
24,7513,0.08183218590872725,8.753388934804024e-05,0.13174782556251619,0.7863324546394074,25,20,20
24,7514,0.08183816123047256,8.753388934749574e-05,0.1317412479564212,0.7863330569237577,25,20,20
24,7515,0.08190613453867308,8.75338918278036e-05,0.1318714935546927,0.7861348380148057,25,20,20
24,7516,0.08189500454485454,8.753387690426703e-05,0.13149859616375845,0.7865188654144819,25,20,20
24,7517,0.12162731498053697,8.753395816973423e-05,0.09176628885719426,0.786518862204099,25,20,20
24,7518,0.11642530460761213,8.75479516547003e-05,0.09696804109806399,0.7865191063426684,25,20,20
24,7519,0.11642221823109423,8.754795163590383e-05,0.09696815616209913,0.7865220776551703,25,20,20
24,7520,0.11642423288175703,8.754795160923006e-05,0.09696803942346216,0.7865201797431715,25,20,20
24,7521,0.11641795743528682,8.75479513020176e-05,0.09696331567843526,0.7865311789349758,25,20,20
24,7522,0.1164209533703536,8.754795107936631e-05,0.09695680980759676,0.7865346888709702,25,20,20
24,7523,0.10953026951208134,8.819273185256711e-05,0.1038468060100631,0.7865347317460026,25,20,20
24,7524,0.10953326204750785,8.819273187996754e-05,0.10384530093503866,0.786533244285573,25,20,20
24,7525,0.10946528877862603,8.819272939966713e-05,0.10371505468551562,0.7867314638064582,25,20,20
24,7526,0.09651946779905003,0.0001004644206153789,0.11659109071236073,0.786788977067974,25,20,20
24,7527,0.11491316766894646,8.817873219711173e-05,0.09826741243846497,0.7867312411603911,25,20,20
24,7528,0.11491322082948686,8.817873218921194e-05,0.09853364840771338,0.7864649520306102,25,20,20
24,7529,0.11491523492895485,8.81787321541609e-05,0.09853822970822713,0.7864583566306635,25,20,20
24,7530,0.1149122905975284,8.81787460992602e-05,0.09855043354189405,0.786449097114478,25,20,20
24,7531,0.11514565787555486,8.817874876747529e-05,0.09855094046654651,0.7862152229091309,25,20,20
24,7532,0.11514264568491109,8.81787487490326e-05,0.09854639123449031,0.7862227843318492,25,20,20
24,7533,0.1151426295650302,8.817874873580863e-05,0.09854619469975268,0.786222996986481,25,20,20
24,7534,0.11514660606796286,8.817874877060281e-05,0.09854149951776443,0.7862237156655019,25,20,20
24,7535,0.11514997268911484,8.817874810821788e-05,0.09853814766928756,0.7862237008934891,25,20,20
24,7536,0.11515307118652446,8.817874816214851e-05,0.09853347513371967,0.7862252749315932,25,20,20
24,7537,0.14974526590532095,8.817872716169271e-05,0.06394998711266879,0.7862165682548488,25,20,20
24,7538,0.14975211900564248,8.817872718860082e-05,0.06395303800785493,0.7862066642593142,25,20,20
24,7539,0.1449216657322572,8.817909598351062e-05,0.06878349044341539,0.7862066647283441,25,20,20
24,7540,0.14492166301663423,8.817909573753676e-05,0.06878335304182878,0.7862068048457996,25,20,20
24,7541,0.14491374695972412,8.81790957022933e-05,0.06878796770850251,0.7862101062360713,25,20,20
24,7542,0.14491592319883062,8.817909578405267e-05,0.06879419455785431,0.7862017031475312,25,20,20
24,7543,0.1452951044687146,2.3892080568430116e-06,0.06850798008598927,0.7861945262372417,25,20,20
24,7544,0.1452960867588953,2.3892081088646763e-06,0.06850801673578241,0.7861935072972156,25,20,20
24,7545,0.14529295061875866,2.3892080545870236e-06,0.06850339419716606,0.7862012659760228,25,20,20
24,7546,0.14528993310659566,2.3892080460557056e-06,0.06886980617531487,0.7858378715100457,25,20,20
24,7547,0.14528699129851005,2.389208051094535e-06,0.06887632982851961,0.7858342896649213,25,20,20
24,7548,0.15186266283510627,1.745287437351778e-06,0.06228897282374384,0.7858466190537147,25,20,20
24,7549,0.15186560526303924,1.745287437367132e-06,0.06229549421531786,0.785837155234208,25,20,20
24,7550,0.15186460119953976,1.7452892023124203e-06,0.062425499389909475,0.7857081541213509,25,20,20
24,7551,0.15186666752036398,1.7453031451780558e-06,0.06255760720933279,0.7855739799671605,25,20,20
24,7552,0.11218393546463787,0.0003357545291105952,0.10190631939186794,0.7855739906143829,25,20,20
24,7553,0.11224801878627658,0.0003340105883797137,0.08910345941126152,0.798314511214082,25,20,20
24,7554,0.11225101496695192,0.0003340105883884153,0.08910500214878005,0.7983099722958792,25,20,20
24,7555,0.11255189128921568,0.00033400972924834413,0.08881649923472729,0.7982975997468083,25,20,20
24,7556,0.11255195872066638,0.00033400972926083295,0.08880997828094687,0.7983040532691255,25,20,20
24,7557,0.11255201016874818,0.0003340097292737085,0.08881160352692269,0.7983023765750551,25,20,20
24,7558,0.11249758045318009,0.0007788542511698392,0.08842118145997423,0.7983023838356758,25,20,20
24,7559,0.11476037208429865,0.0007788596964493236,0.08615838494880586,0.7983023832704466,25,20,20
24,7560,0.11475345306783763,0.0007788596964146323,0.08616498288241013,0.798302704353338,25,20,20
24,7561,0.11475639937200277,0.0007788596966550921,0.08616819098193654,0.7982965499494058,25,20,20
24,7562,0.11475352333034414,0.000778859706693701,0.09721868551376446,0.7872489314491979,25,20,20
24,7563,0.12101363237189132,0.0007788538934574598,0.09095858297432553,0.7872489307603259,25,20,20
24,7564,0.12101056704163078,0.0007788538934661856,0.09095858470091861,0.7872519943639845,25,20,20
24,7565,0.1210113999828357,0.0007788538916294378,0.09114420410139182,0.7870655420241431,25,20,20
24,7566,0.12102623809966945,0.0007788538814572038,0.08008908197005196,0.7981058260488225,25,20,20
24,7567,0.12102632479215897,0.0007788538814838586,0.0798229264320066,0.7983718948943525,25,20,20
24,7568,0.12102338246069223,0.0007788538814849514,0.07982143176925144,0.7983763318885734,25,20,20
24,7569,0.12104785027998213,4.563617514879013e-09,0.08057583291507137,0.7983763122413298,25,20,20
24,7570,0.11712942025358894,1.1969010469734053e-08,0.08449358021992345,0.7983769875574783,25,20,20
24,7571,0.11712959577326938,1.1969046233694e-08,0.08412056757204565,0.79874982468564,25,20,20
24,7572,0.11688935458896754,1.1966883589903084e-08,0.08412035144586445,0.7989902819982856,25,20,20
24,7573,0.1168863426002781,1.196691457430643e-08,0.08412058569828236,0.798993059734526,25,20,20
24,7574,0.1168723637678522,1.1966838825641608e-08,0.08412049683835753,0.7990071274269523,25,20,20
24,7575,0.11686960393020268,1.1966823644452487e-08,0.08412492259130526,0.7990054615116695,25,20,20
24,7576,0.11687661340745507,1.1952878146680234e-08,0.0841174022801582,0.7990059723595092,25,20,20
24,7577,0.11687864450256923,1.1952851934481788e-08,0.08449025891164026,0.7986310846329393,25,20,20
24,7578,0.11688262289688453,1.1953127734558738e-08,0.08449759457355166,0.798619770576437,25,20,20
24,7579,0.11687969644618229,1.1953136625742468e-08,0.08449759574977511,0.7986226958509066,25,20,20
24,7580,0.11687338821494171,1.195480508629054e-08,0.0845024404973592,0.798624159332894,25,20,20
24,7581,0.11686639711546096,1.1954742766045049e-08,0.08449785027076874,0.7986357406590274,25,20,20
24,7582,0.11710941001989517,1.195686916148033e-08,0.0844980367331734,0.7983925412900619,25,20,20
24,7583,0.11710652018483231,1.1956895864001593e-08,0.08412506854112271,0.7987683993171488,25,20,20
24,7584,0.11686631335030612,1.195474210901826e-08,0.0841249924764877,0.7990086822184638,25,20,20
24,7585,0.11686632870568905,1.195475030249487e-08,0.08412486417626773,0.7990087951632924,25,20,20
24,7586,0.11649482939414224,1.2786296535049419e-08,0.08449636362830087,0.79900879419126,25,20,20
24,7587,0.11649068568880985,1.2786285822290608e-08,0.08449201032775017,0.7990172911971538,25,20,20
24,7588,0.11650978131001191,1.281428305152871e-08,0.08475375165352529,0.7987364542221799,25,20,20
24,7589,0.11656641902520105,1.1982391028406371e-08,0.08469711479792479,0.7987364541944838,25,20,20
24,7590,0.116330056941185,1.1979715081106873e-08,0.08469661991724273,0.7989733111618581,25,20,20
24,7591,0.11633009906017111,1.197971939084765e-08,0.08469411866586875,0.7989757702942418,25,20,20
24,7592,0.11632300223880584,1.1979687790071965e-08,0.08481882013765717,0.7988581656438503,25,20,20
24,7593,0.11649655784804738,6.350962078255648e-08,0.0846382105553204,0.7988651680870124,25,20,20
24,7594,0.11649643585375566,6.350957644963133e-08,0.08464290508384523,0.7988605955528232,25,20,20
24,7595,0.1164894710656522,6.350930274235749e-08,0.08463821300699388,0.7988722524180518,25,20,20
24,7596,0.11649672436963375,6.350933985010129e-08,0.08463368143879409,0.7988695306822329,25,20,20
24,7597,0.116496655438592,6.350932631821971e-08,0.08464028529167063,0.7988629957604115,25,20,20
24,7598,0.1164995448664984,6.35092857922129e-08,0.08463997330875374,0.7988604183154621,25,20,20
24,7599,0.11649658763111122,6.35092776893528e-08,0.0909040492923382,0.7925992995672735,25,20,20
24,7600,0.11649945444707938,6.350920836848488e-08,0.09090118248347782,0.792599299560235,25,20,20
24,7601,0.11649346113625102,6.350920751297411e-08,0.0908980999008712,0.7926083754536707,25,20,20
24,7602,0.15166642670514965,1.2139525197689325e-08,0.05573212863638175,0.7926014325189434,25,20,20
24,7603,0.1516634082758863,1.213977037708784e-08,0.055421308815105215,0.7929152707692383,25,20,20
24,7604,0.15166337171390054,1.2139761965551102e-08,0.05541478950985391,0.7929218266364839,25,20,20
24,7605,0.15166331895178226,1.2139752707458033e-08,0.0554149346319992,0.7929217342764661,25,20,20
24,7606,0.1516663671984911,1.2139757828819754e-08,0.05541490245789632,0.7929187182038541,25,20,20
24,7607,0.15166130393922087,1.2355114001318455e-08,0.05541994852154617,0.792918735184118,25,20,20
24,7608,0.15166230171728246,1.2355145524594697e-08,0.05541346185319826,0.7929242240743727,25,20,20
24,7609,0.15166172331236452,1.235348258314852e-08,0.0556748458422026,0.7926634184919492,25,20,20
24,7610,0.15166470175387428,1.2353486585437288e-08,0.055545343682323535,0.7927899422103146,25,20,20
24,7611,0.1516646670389687,1.2353454793523976e-08,0.055279166007234135,0.7930561546003415,25,20,20
24,7612,0.15165746707225236,1.2353426496350425e-08,0.055278997750082555,0.7930635228242378,25,20,20
24,7613,0.15165743212135752,1.2339466544567729e-08,0.055146775820360226,0.7931957797188148,25,20,20
24,7614,0.15163828386475459,1.2311451945480308e-08,0.05488507336428466,0.793476630459508,25,20,20
24,7615,0.15163827124927884,1.2311452592969854e-08,0.05488510552069476,0.7934766109185729,25,20,20
24,7616,0.15021756267596403,1.2217682044031666e-08,0.05630587332449113,0.7934765517818618,25,20,20
24,7617,0.15021766853845764,1.2217709128994377e-08,0.05629931671360447,0.7934830025302279,25,20,20
24,7618,0.1502176333916226,1.2217700684267193e-08,0.05629937168029838,0.7934829827103776,25,20,20
24,7619,0.15022064934271878,1.2217701630875863e-08,0.05629948926116755,0.7934798491784116,25,20,20
24,7620,0.15022061583114615,1.2217742276711131e-08,0.05667235752368567,0.7931070144274257,25,20,20
24,7621,0.15022056412825907,1.2217727036236182e-08,0.05667229610604191,0.7931071275479717,25,20,20
24,7622,0.15021783198428146,1.2217762970591035e-08,0.056299426331067604,0.7934827294668878,25,20,20
24,7623,0.15021883727132138,1.2231612309569625e-08,0.056711730754682936,0.7930694197423833,25,20,20
24,7624,0.15022183087194957,1.2231619894763409e-08,0.05671172446392383,0.7930664324325065,25,20,20
24,7625,0.15023276624494553,1.2231681861965343e-08,0.056711616657741624,0.7930556048656305,25,20,20
24,7626,0.15023476357077167,1.2231654657416688e-08,0.05671157986792275,0.7930536443296505,25,20,20
24,7627,0.15023492217840323,1.2231863623814107e-08,0.05697827590692594,0.792786789682807,25,20,20
24,7628,0.15023779539168725,1.2231844838156293e-08,0.05697823109004683,0.7927839612864208,25,20,20
24,7629,0.15023784787343294,1.2231853218025397e-08,0.05697827160928071,0.7927838682854329,25,20,20
24,7630,0.15416421132951752,4.886303892516664e-09,0.053052590081345864,0.7927831937028329,25,20,20
24,7631,0.1541709015541298,4.886256989507647e-09,0.0530525578412497,0.7927765357183635,25,20,20
24,7632,0.1504089483304259,4.669737121960412e-09,0.05681453662782267,0.7927765103720142,25,20,20
24,7633,0.1503821408380327,2.3592220695678088e-07,0.05684111293358694,0.792776510306176,25,20,20
24,7634,0.15037919395581562,2.3592223760225175e-07,0.056841194605956984,0.7927793755159925,25,20,20
24,7635,0.15038604740574418,2.3592224559838418e-07,0.05684114320346107,0.7927725734685513,25,20,20
24,7636,0.1541508056868073,2.3595499511190007e-07,0.053076384647450674,0.7927725737107489,25,20,20
24,7637,0.15415383675773578,2.3595477186661353e-07,0.05307167327819826,0.7927742540092961,25,20,20
24,7638,0.1541538874399336,2.3595476310791249e-07,0.0530716800508527,0.7927741965544525,25,20,20
24,7639,0.15415171028374958,2.3595468111857273e-07,0.05306533791393358,0.792782715847638,25,20,20
24,7640,0.1541547442601152,2.359546929249516e-07,0.053157517797138176,0.7926875019880562,25,20,20
24,7641,0.15416157119223045,1.2139613954687769e-05,0.053138769694338686,0.7926875194994791,25,20,20
24,7642,0.15416157108534362,1.2139613932626106e-05,0.053138651560470505,0.7926876377402563,25,20,20
24,7643,0.15416156889832472,1.2139613931946044e-05,0.04696683924854225,0.7988594522392042,25,20,20
24,7644,0.15416148222497447,1.2139613924924324e-05,0.04687468328079643,0.7989516948803072,25,20,20
24,7645,0.1541576268369593,1.2139613890587167e-05,0.046874677375853956,0.7989555561732992,25,20,20
24,7646,0.1541605862698132,1.2139613899785082e-05,0.046785487700195,0.799041786416094,25,20,20
24,7647,0.15417561702184238,1.2139627865614762e-05,0.047052745702349526,0.7987594976479453,25,20,20
24,7648,0.1542424696236198,1.213963006474086e-05,0.047054512394379196,0.7986908783519389,25,20,20
24,7649,0.1598447567620407,1.2139611496559618e-05,0.041452213041896696,0.7986908905845687,25,20,20
24,7650,0.15984274043350252,1.2139611536136897e-05,0.04145222624620286,0.7986928937087612,25,20,20
24,7651,0.1598467179952978,1.2139611593436275e-05,0.04145397624230652,0.7986871661508048,25,20,20
24,7652,0.15985180756123746,1.2139611967906986e-05,0.07770769618504646,0.7624283566417506,25,20,20
24,7653,0.15985475015279949,1.2139611968211608e-05,0.07770757278034365,0.7624255374548911,25,20,20
24,7654,0.15978502899165467,1.213960977031518e-05,0.0777081612892358,0.7624946701093417,25,20,20
24,7655,0.15978410111631464,1.2139609726297145e-05,0.07770966401199267,0.7624940952619689,25,20,20
24,7656,0.1597841026662152,1.2139609730200977e-05,0.07771441381550498,0.7624893439085522,25,20,20
24,7657,0.15777469064351118,1.21419633838552e-05,0.07972382379219814,0.7624893436009091,25,20,20
24,7658,0.157780734402784,1.2141964470215053e-05,0.07972395032731269,0.7624831733054349,25,20,20
24,7659,0.15777976518051548,1.2141950629473231e-05,0.07931147849486612,0.7628966143739909,25,20,20
24,7660,0.15777990484872126,1.2141950666015337e-05,0.07931149573026379,0.7628964574703508,25,20,20
24,7661,0.1577730538714851,1.2141950618644164e-05,0.07930983120238719,0.762904972975511,25,20,20
24,7662,0.1577760513609917,1.2141950628181955e-05,0.07930960227472983,0.7629022044136521,25,20,20
24,7663,0.15776509905591943,1.2141950561216677e-05,0.0793097907780747,0.7629129682154463,25,20,20
24,7664,0.15776504609941625,1.2141950556655116e-05,0.07931436951070331,0.7629084424393257,25,20,20
24,7665,0.15775886177200166,1.826085628903821e-05,0.08274535914561339,0.7594775182260972,25,20,20
24,7666,0.15775885823248217,1.8260856298227137e-05,0.08274535834349564,0.7594775225677253,25,20,20
24,7667,0.1577468911273638,1.826084234934905e-05,0.08247806181883091,0.759756786211457,25,20,20
24,7668,0.1577499603986959,1.8260842341231236e-05,0.08248466266651124,0.7597471160924525,25,20,20
24,7669,0.15781190559981437,6.121430060147387e-06,0.08243473805179921,0.7597472349183272,25,20,20
24,7670,0.1578097682122322,6.12143009442038e-06,0.08243465995457036,0.759749450403104,25,20,20
24,7671,0.1594851388358145,2.6536739883926712e-09,0.0807945821241442,0.7597202763863686,25,20,20
24,7672,0.15948517344381516,2.6537014884167973e-09,0.08080118310855439,0.7597136407939304,25,20,20
24,7673,0.15947907900145444,2.6526238998745435e-09,0.08080105799284476,0.759719860353078,25,20,20
24,7674,0.1594821451444047,2.6526156003448104e-09,0.0808058524374529,0.759711999765528,25,20,20
24,7675,0.13026170274666962,2.582313043297749e-05,0.1098753315995212,0.7598371425233771,25,20,20
24,7676,0.1302696519681771,2.5823130971653722e-05,0.10996754062898238,0.7597369842718692,25,20,20
24,7677,0.13026674359784315,2.5823130953438817e-05,0.10996315538598726,0.7597442778852165,25,20,20
24,7678,0.13027366341831575,2.5823130984015728e-05,0.10996304224149879,0.7597374712092021,25,20,20
24,7679,0.13027384406826925,2.5823131143935382e-05,0.12101250112472303,0.7486878316758642,25,20,20
24,7680,0.1302762012787087,2.582313210634109e-05,0.13162776196865253,0.7380702136205328,25,20,20
24,7681,0.13027621618395865,2.5823132115163322e-05,0.13162784427538343,0.738070116408543,25,20,20
24,7682,0.17019473527787862,2.5823121079930285e-05,0.09170946153458458,0.7380699800664572,25,20,20
24,7683,0.17019473403738242,2.5823121079458234e-05,0.09170946653280587,0.7380699763087328,25,20,20
24,7684,0.17019461782469456,2.5823121065921163e-05,0.09179945192573324,0.7379801071285067,25,20,20
24,7685,0.1702591643814887,2.5823122302144845e-05,0.0922404705372241,0.7374745419589854,25,20,20
24,7686,0.1702510916680714,2.5823121768216983e-05,0.09214836526172672,0.737574719948434,25,20,20
24,7687,0.17025906190616347,2.582312192580833e-05,0.09215486139655774,0.7375602535753535,25,20,20
24,7688,0.1702591507419544,2.582312194790666e-05,0.09228465853745535,0.7374303675986428,25,20,20
24,7689,0.17026322219948006,2.5823914455493702e-05,0.09253813241604796,0.7371728214700168,25,20,20
24,7690,0.17026323971000842,2.5823914477922596e-05,0.09291332263071213,0.7367976137448018,25,20,20
24,7691,0.17025633685401204,2.582391445259865e-05,0.09291329386961672,0.736804545361919,25,20,20
24,7692,0.17024635070595806,2.5823914329888975e-05,0.09290668377282138,0.736821141606891,25,20,20
24,7693,0.16857042468921787,0.00010893007366884009,0.09449937675176975,0.7368212684853441,25,20,20
24,7694,0.16857334610322655,0.00010893007365916261,0.09449698235701465,0.7368207414660997,25,20,20
24,7695,0.16881345373556378,0.00010893007785931581,0.09449244105994514,0.7365851751266322,25,20,20
24,7696,0.16881347015944537,0.00010893007786433589,0.09448780630581956,0.7365897934568713,25,20,20
24,7697,0.16881041858513046,0.00010893007769858059,0.08374932320855656,0.7473313281286152,25,20,20
24,7698,0.168899759807879,0.00010893030843132507,0.08365999189005675,0.7473313179936334,25,20,20
24,7699,0.15396622282322522,0.00011913027342556426,0.09853427469662317,0.7473803722067264,25,20,20
24,7700,0.15397312595470328,0.00011913027343834211,0.09816079320575527,0.7477469505661034,25,20,20
24,7701,0.15397613440116498,0.00011913027347083783,0.09807325955709553,0.7478314757682688,25,20,20
24,7702,0.16406196794853986,3.60472988833762e-05,0.08807050590627062,0.7478314788463067,25,20,20
24,7703,0.1640720012323986,3.6048086724901706e-05,0.08839358846690608,0.7474983622139709,25,20,20
24,7704,0.1640748570096485,3.604808672159582e-05,0.08807802603714762,0.7478110688664829,25,20,20
24,7705,0.16406381399355777,3.6047294170530954e-05,0.08782447142075821,0.7480756672915138,25,20,20
24,7706,0.18379962090043406,3.6024035979278e-05,0.0680887986004765,0.748075556463111,25,20,20
24,7707,0.18513364948801928,3.6036437733411305e-05,0.06675452517800752,0.7480757888962404,25,20,20
24,7708,0.18513156717770574,3.6036437768223634e-05,0.06675460934863497,0.7480777870358913,25,20,20
24,7709,0.18510947728359914,3.603649838432136e-05,0.06677669874807546,0.7480777874699415,25,20,20
24,7710,0.18510855692312234,3.603649859390757e-05,0.06678144952694894,0.7480739570513343,25,20,20
24,7711,0.18510855508295734,3.603649859414173e-05,0.06678133372451042,0.7480740746939376,25,20,20
24,7712,0.18510876695566617,3.603649862216652e-05,0.06678785390122428,0.7480673426444874,25,20,20
24,7713,0.18510876883877198,3.603649862185838e-05,0.06678785730925456,0.7480673373533514,25,20,20
24,7714,0.19850260323881536,2.5883689858529384e-05,0.05345311426816115,0.7480183988031647,25,20,20
24,7715,0.19849951887369494,2.5883689818465305e-05,0.053325527821257296,0.748149069615229,25,20,20
24,7716,0.1985017290835768,2.5883689776170822e-05,0.053325471515434444,0.7481469157112123,25,20,20
24,7717,0.19850171213975026,2.5883689766318965e-05,0.053325468728683455,0.7481469354417996,25,20,20
24,7718,0.1984988376441364,2.588368977585614e-05,0.053330153138603856,0.748145125527483,25,20,20
24,7719,0.2085118154291733,2.5883649733886284e-05,0.04331719447280484,0.7481451064482871,25,20,20
24,7720,0.20850503397899461,2.5883649735341795e-05,0.04331548482570405,0.7481535975455652,25,20,20
24,7721,0.2085079441569805,2.588364967583458e-05,0.043581520058328174,0.7478846521350149,25,20,20
24,7722,0.20851486730360283,2.5883649708278777e-05,0.04367217236264746,0.7477870766840417,25,20,20
24,7723,0.2085110422447384,2.5883649677586637e-05,0.043672394395704715,0.7477906797098793,25,20,20
24,7724,0.2085131785846376,2.588364963462073e-05,0.043672474121573025,0.747788463644155,25,20,20
24,7725,0.20869023384492943,2.588931635110791e-05,0.043495644665499,0.7477882321732207,25,20,20
24,7726,0.17009701867201538,0.00013449339026702178,0.08198024196570194,0.7477882459720169,25,20,20
24,7727,0.17009408301329923,0.00013449339026438435,0.08822795444174533,0.7415434691546926,25,20,20
24,7728,0.17009408298564202,0.00013449339026461827,0.08822799389758196,0.7415434297265128,25,20,20
24,7729,0.1700940644998263,0.0001344933902363597,0.08822324596154217,0.7415481961483965,25,20,20
24,7730,0.17009703594877895,0.00013449339022121026,0.0819754458885026,0.7477930247724981,25,20,20
24,7731,0.1700970359415576,0.00013449339022128374,0.0819755591472476,0.7477929115209744,25,20,20
24,7732,0.17009410966681757,0.00013449339025248982,0.081982163284996,0.7477892336579341,25,20,20
24,7733,0.1700961953531615,0.0001344933904801367,0.08198945359687489,0.7477798576594836,25,20,20
24,7734,0.1700861579820198,0.00013449260263826752,0.08166446919815176,0.7481148802171907,25,20,20
24,7735,0.17008614168738057,0.00013449260263826733,0.08166877760312664,0.7481105881068553,25,20,20
24,7736,0.169873841589677,0.00013449315261881793,0.08188107561883504,0.7481105896388698,25,20,20
24,7737,0.16165189878533284,0.00013450291042409044,0.09010116937689158,0.7481124289273526,25,20,20
24,7738,0.1388295947117776,0.0001345068587322041,0.11292345653893021,0.7481124418905608,25,20,20
24,7739,0.13883777542874737,0.00013450685880400526,0.1129236237424693,0.7481040939699803,25,20,20
24,7740,0.13883785302465593,0.00013450685883172105,0.1129303288853219,0.7480973112311915,25,20,20
24,7741,0.13884582435983545,0.0001345068591656711,0.11293518432081003,0.7480844844601902,25,20,20
24,7742,0.13884375714867245,0.00013450685895592635,0.11292796932588571,0.7480937666664874,25,20,20
24,7743,0.1388447559443416,0.00013450685901364784,0.11292805367328534,0.7480926835233609,25,20,20
24,7744,0.16398255583095303,2.589887416177854e-05,0.0878986240690944,0.7480929212257927,25,20,20
24,7745,0.16398255553744223,2.5898874161620567e-05,0.08789862602434965,0.7480929195640482,25,20,20
24,7746,0.16398578191033306,2.589887421200425e-05,0.087904966029345,0.7480833531861117,25,20,20
24,7747,0.16398682956013277,2.5898874251732282e-05,0.08790310067727307,0.7480841708883438,25,20,20
24,7748,0.16398682778663762,2.589887449612703e-05,0.08799073456454197,0.7479965387743257,25,20,20
24,7749,0.16398683706859757,2.5898875530261096e-05,0.08798408581440018,0.7480031782414736,25,20,20
24,7750,0.16398384188408208,2.5898875574248587e-05,0.0879887055072313,0.7480015537331138,25,20,20
24,7751,0.16397984822287234,2.5898875266513515e-05,0.08798855200517595,0.7480057008966867,25,20,20
24,7752,0.16397287762410914,2.5898875232171814e-05,0.08798385335552322,0.7480173701451369,25,20,20
24,7753,0.1639696687489559,2.5898875191166363e-05,0.08797762717147688,0.7480268052043775,25,20,20
24,7754,0.12943146099707986,2.5852054966571275e-05,0.12251585194228769,0.7480268350056665,25,20,20
24,7755,0.11827111298496394,2.618719877359888e-05,0.13208651610308644,0.7496161837131765,25,20,20
24,7756,0.11826315354161088,2.6187198731438378e-05,0.13208634834604466,0.7496243109136134,25,20,20
24,7757,0.11826618832640687,2.618719874516331e-05,0.13208634970578484,0.749621274769064,25,20,20
24,7758,0.11826604911130877,2.6187198758707872e-05,0.13209292420681984,0.7496148394831136,25,20,20
24,7759,0.118203647503556,2.6187196597717474e-05,0.12103523480061726,0.7607349304992296,25,20,20
24,7760,0.11820366434914761,2.6187196624468953e-05,0.12103061615916895,0.7607395322950596,25,20,20
24,7761,0.1182006627923509,2.6187196609344204e-05,0.12102412756233884,0.7607490224487016,25,20,20
24,7762,0.11820073278030546,2.6187196862670867e-05,0.12128380068692492,0.7604892793359077,25,20,20
24,7763,0.1349736759663814,2.6185929712720016e-05,0.10451023722913698,0.7604899008747704,25,20,20
24,7764,0.13497373295897408,2.6185929745386238e-05,0.10488324144671901,0.7601168396645629,25,20,20
24,7765,0.13497755308026405,2.6185929779176913e-05,0.10479083095379954,0.7602054300361581,25,20,20
24,7766,0.15105346925404445,2.618600219389629e-05,0.10480487139641693,0.7441154733473452,25,20,20
24,7767,0.15105334640129,2.618600216691231e-05,0.10480498249151735,0.7441154851050261,25,20,20
24,7768,0.15105646681056484,2.6186002195464493e-05,0.10480805640174706,0.7441092907854929,25,20,20
24,7769,0.15105143112256986,2.6185971676432723e-05,0.10481309154840676,0.7441092913573467,25,20,20
24,7770,0.1510621145264815,2.6185972104151374e-05,0.10480240872138079,0.7441092907800335,25,20,20
24,7771,0.1510622973854618,2.6185972109390436e-05,0.10454277609470733,0.7443687405477215,25,20,20
24,7772,0.15106222688859966,2.6185972073638334e-05,0.10453807639332563,0.7443735107460013,25,20,20
24,7773,0.15106217500093858,2.618597228409784e-05,0.1048015134865014,0.7441101255402762,25,20,20
24,7774,0.1535817608722451,2.616944305835181e-05,0.10228219662392586,0.744109873060771,25,20,20
24,7775,0.15963129138860035,2.61667063920352e-05,0.09623330347130707,0.7441092384337008,25,20,20
24,7776,0.15962811141641786,2.6166706395483486e-05,0.09622680763384149,0.7441189142433454,25,20,20
24,7777,0.15962972780291465,2.616670632742167e-05,0.0965950573048573,0.7437490481859012,25,20,20
24,7778,0.1596335648407024,2.6166705309783186e-05,0.09659497706559658,0.743745291388392,25,20,20
24,7779,0.16813413907993063,2.617294368469199e-05,0.08809435023709306,0.7437453377392924,25,20,20
24,7780,0.13116408048672562,2.619039071770369e-05,0.1250579105242848,0.7437518185982721,25,20,20
24,7781,0.11509058686462093,2.6190322157681457e-05,0.1252241270991619,0.75965909571406,25,20,20
24,7782,0.11508373605472785,2.6190328121156658e-05,0.1252294346504561,0.7596606389666952,25,20,20
24,7783,0.11508661049979248,2.619032212187216e-05,0.12522415681760776,0.7596630423604782,25,20,20
24,7784,0.10909208109694771,2.6190441134885234e-05,0.13121866647271876,0.7596630619891991,25,20,20
24,7785,0.11502338451667006,2.6195213690253717e-05,0.1252873633540834,0.7596630569155568,25,20,20
24,7786,0.11142283071070463,2.6194590835821315e-05,0.12888806316807508,0.7596629115303821,25,20,20
24,7787,0.1114263848992959,2.6194586963531934e-05,0.12870780678540594,0.7598396137283326,25,20,20
24,7788,0.11142731540166631,2.6194587007336036e-05,0.1287076995714348,0.7598387904398898,25,20,20
24,7789,0.10080073323259006,1.1059293833430933e-06,0.13928557992344026,0.7599125809145849,25,20,20
24,7790,0.10080373156879846,1.1059293833954943e-06,0.13929016503715125,0.7599049974646654,25,20,20
24,7791,0.10080524513363733,3.7410823786208204e-07,0.13948829947179298,0.7597060812863302,25,20,20
24,7792,0.10089069769451216,3.692126534912173e-07,0.13940286665580548,0.7597060664370272,25,20,20
24,7793,0.10091266453085032,3.6921326699321945e-07,0.13940968092701994,0.759677285328861,25,20,20
24,7794,0.10066944307124161,3.69209071290113e-07,0.13978242451960401,0.7595477632000817,25,20,20
24,7795,0.09277404431343285,5.0812424740005695e-06,0.14767294901745062,0.7595479254266411,25,20,20
24,7796,0.09275414344585522,5.081241808863546e-06,0.14766613441292922,0.7595746408994052,25,20,20
24,7797,0.09275413507007321,5.081241564008207e-06,0.14766138270029722,0.7595794009880646,25,20,20
24,7798,0.09276259779550979,5.08124160587554e-06,0.14767518850832953,0.7595571324545541,25,20,20
24,7799,0.0927625602484738,5.081241600736921e-06,0.14767328536453578,0.759559073145389,25,20,20
24,7800,0.09276054413596078,5.081241627253392e-06,0.1476731750047463,0.7595611996176648,25,20,20
24,7801,0.09276453869976395,5.081241661736829e-06,0.14767325968149944,0.759557120377074,25,20,20
24,7802,0.11250231419385193,4.735780207052821e-06,0.12952701846796422,0.7579659315579761,25,20,20
24,7803,0.10984506198753133,7.802625569506763e-06,0.13216684074394083,0.7579802946429575,25,20,20
24,7804,0.10982665345261168,9.464074891346496e-06,0.13218360478398877,0.7579802776885086,25,20,20
24,7805,0.10621002340529913,9.464200988712465e-06,0.13580020264632367,0.7579803097473891,25,20,20
24,7806,0.10628368483102618,9.464203182342261e-06,0.13571280338265493,0.7579940475831373,25,20,20
24,7807,0.10627979466556522,9.464203182771346e-06,0.13571928963529029,0.7579914514959626,25,20,20
24,7808,0.10627283827797308,9.46420314330177e-06,0.13572398924035356,0.7579937082785314,25,20,20
24,7809,0.10628487261693388,9.46420326396269e-06,0.1357240964376374,0.7579815667421654,25,20,20
24,7810,0.1062754637234592,9.464203177854772e-06,0.13571682426978246,0.7579982478035809,25,20,20
24,7811,0.10651111206936054,9.464207829287842e-06,0.13580917361999442,0.757670250102816,25,20,20
24,7812,0.10655560205233883,7.80278341681821e-06,0.13576634495015308,0.7576702502140923,25,20,20
24,7813,0.1084692688612941,7.802758421981207e-06,0.1338526783873839,0.7576702499929003,25,20,20
24,7814,0.10848355381846353,9.346512671909348e-06,0.13383684982051527,0.7576702498483492,25,20,20
24,7815,0.12128854125165031,8.305031346864678e-06,0.12103049231867255,0.7576726613983317,25,20,20
24,7816,0.12121481111785425,8.30502889943688e-06,0.12102546086403194,0.7577514229892155,25,20,20
24,7817,0.13098723196427725,8.281363149119768e-06,0.11125958261803551,0.7577449040545358,25,20,20
24,7818,0.1309828451682205,8.281363742135688e-06,0.11126266500767318,0.7577462084603617,25,20,20
24,7819,0.1386674223837273,3.569600657489313e-06,0.10358296059547556,0.7577460474201372,25,20,20
24,7820,0.13867036677010366,3.569600666475755e-06,0.10358299003137889,0.7577430735978491,25,20,20
24,7821,0.13867039953055743,3.5696006310716204e-06,0.10357638681241006,0.7577496440563999,25,20,20
24,7822,0.1413255232287174,5.027520880304546e-07,0.10093869334823427,0.7577352806709586,25,20,20
24,7823,0.14132241259439465,5.027516818062695e-07,0.10130786225659122,0.7573692223973306,25,20,20
24,7824,0.1413223130264395,5.027516483973038e-07,0.10130805847062958,0.75736912575128,25,20,20
24,7825,0.1391137706461736,1.0412821715488059e-06,0.10351605612670584,0.7573691319449466,25,20,20
24,7826,0.1421874689608951,1.0414850057113042e-06,0.10044234454126467,0.7573691450128323,25,20,20
24,7827,0.14218441773416188,1.0414847805052515e-06,0.10017808444963378,0.7576364563314217,25,20,20
24,7828,0.14055838616609406,1.0415500230821914e-06,0.10136796285106522,0.7580726094328162,25,20,20
24,7829,0.14056537761200227,1.0415500497663046e-06,0.10136804720925417,0.7580655336286922,25,20,20
24,7830,0.14056837443288925,1.0415500417876717e-06,0.10137274381899575,0.7580578401980722,25,20,20
24,7831,0.10119525263557255,2.0365021771133526e-05,0.14072652372909172,0.7580578586135627,25,20,20
24,7832,0.101207143468809,2.0365022082423603e-05,0.14046710358143227,0.7583053879276744,25,20,20
24,7833,0.1012091598371145,2.036503590260677e-05,0.14073339487825307,0.7580370802487285,25,20,20
24,7834,0.10120919278017437,2.0365036140706675e-05,0.1407405985433287,0.7580298436403545,25,20,20
24,7835,0.10317305735038854,1.982652633451515e-05,0.13877725211437408,0.7580298640089016,25,20,20
24,7836,0.10293042007496071,1.9826521657284453e-05,0.138684932058852,0.7583648213445287,25,20,20
24,7837,0.10293047142530172,1.982652164860627e-05,0.13868031472409723,0.7583693873289511,25,20,20
24,7838,0.10293347162740024,1.982652164063894e-05,0.13868031485576726,0.7583663869951907,25,20,20
24,7839,0.10293653127879963,1.9826521607807443e-05,0.13830742224669082,0.7587362199529007,25,20,20
24,7840,0.1029365309435211,1.982652185088269e-05,0.13857133356598125,0.7584723089686457,25,20,20
24,7841,0.10300041642751619,1.9826189487913356e-05,0.13850749400515933,0.7584722633778356,25,20,20
24,7842,0.10299737082182149,1.9826189223356794e-05,0.1385001754522688,0.7584826275366855,25,20,20
24,7843,0.10300443436669891,1.9826203264892117e-05,0.1385017270507928,0.7584740123792427,25,20,20
24,7844,0.10300746519562344,1.982620302230403e-05,0.13812792273386892,0.7588447858674847,25,20,20
24,7845,0.10301058103780912,1.9826203018180263e-05,0.13775508755510865,0.7592145052040639,25,20,20
24,7846,0.10300751502939413,1.9826203022957552e-05,0.13775497158566175,0.759217687181921,25,20,20
24,7847,0.086654984842893,1.984205510177704e-05,0.15410748323217005,0.7592176898698346,25,20,20
24,7848,0.08664994394388113,1.984205515545724e-05,0.1541075201356553,0.7592226938653072,25,20,20
24,7849,0.07566533356902774,1.9340689528070168e-05,0.1650950332162507,0.7592202925251946,25,20,20
24,7850,0.07566533598493008,1.9340689312948045e-05,0.16509501552455547,0.7592203078012025,25,20,20
24,7851,0.07566521124731852,1.9340675833221812e-05,0.16517597312077803,0.7591394749560711,25,20,20
24,7852,0.0758961885174925,1.9340660653244572e-05,0.16494500034019693,0.7591394704816584,25,20,20
24,7853,0.07549209471710541,0.00037896382367965113,0.16498948066903563,0.7591394607901786,25,20,20
24,7854,0.061121408823751,0.00037904494056086404,0.17935925927015187,0.7591402869655351,25,20,20
24,7855,0.06111760770566287,0.00037904493999098667,0.17927021512964095,0.7592331322247038,25,20,20
24,7856,0.06110262765744175,0.000379044939870057,0.17926549074363776,0.7592528366590489,25,20,20
24,7857,0.0610997529506665,0.0003790449263037874,0.17900589972469214,0.7595153023983362,25,20,20
24,7858,0.061096720354989184,0.00037904492630811727,0.17900601478023198,0.7595182199384695,25,20,20
24,7859,0.06109973300637038,0.0003790449402209056,0.17913557118607557,0.7593856508673322,25,20,20
24,7860,0.06110267542441636,0.00037904494022051525,0.17913545533335282,0.7593828243020093,25,20,20
24,7861,0.06110156021824687,0.000379044940322463,0.17914197592226824,0.7593774189191619,25,20,20
24,7862,0.06117228004076787,0.00037904494346623427,0.17887821642200066,0.7595704585937648,25,20,20
24,7863,0.08635298253719666,0.0003789479713845219,0.1536984400232722,0.7595696294681457,25,20,20
24,7864,0.08628224521312525,0.0003789479681989997,0.15369605350111384,0.7596427533175617,25,20,20
24,7865,0.08627920892247383,0.00037894796819904473,0.15369608925276623,0.7596457538565602,25,20,20
24,7866,0.08627908665541759,0.00037899266485353413,0.1542190040962963,0.7591229165834313,25,20,20
24,7867,0.08627890858017469,0.00037899266486593973,0.15421888762703204,0.7591232111279261,25,20,20
24,7868,0.08627987218273483,0.0003789926648959487,0.1545871789809538,0.7587539561714141,25,20,20
24,7869,0.0862828498440993,0.0003789926649494725,0.1545918127877112,0.7587463447032392,25,20,20
24,7870,0.086282885385819,0.00037894796826831603,0.15407353239155275,0.7592646342543591,25,20,20
24,7871,0.08628085544772514,0.00037894796833549445,0.154078123810215,0.7592620727737238,25,20,20
24,7872,0.0862777892499624,0.00037894796833714834,0.15407824491974337,0.7592650178619568,25,20,20
24,7873,0.08627510982468932,0.0003789479544243737,0.19037803452711227,0.7229679076937741,25,20,20
24,7874,0.08097651680937645,0.0003789536090433709,0.19567662368675992,0.7229679058948209,25,20,20
24,7875,0.08097646428634057,0.00037895360905188793,0.19567200542419763,0.72297257668041,25,20,20
24,7876,0.08097441483184845,0.0003789536091133635,0.19567389571697935,0.7229727358420587,25,20,20
24,7877,0.08097141785383596,0.00037895360910009243,0.19567390512438107,0.7229757234126829,25,20,20
24,7878,0.08097136424961063,0.00037895360909146955,0.19567390447253882,0.7229757776687592,25,20,20
24,7879,0.0809714171276058,0.00037895360908216493,0.19567382659588828,0.7229758026674239,25,20,20
24,7880,0.08097739039105871,0.00037895360907568134,0.19593343532799293,0.7227102206718727,25,20,20
24,7881,0.08097734359662004,0.00037895360907386634,0.19602558089181915,0.7226181219024869,25,20,20
24,7882,0.08135719631821466,0.0003789536102612365,0.20220254748047725,0.716061302591047,25,20,20
24,7883,0.08135832329470494,0.0003789536102977606,0.20220252676858444,0.716060196326413,25,20,20
24,7884,0.10303304721879686,0.0003796468944348965,0.18052711883777747,0.7160601870489915,25,20,20
24,7885,0.10856043599063472,0.00037964692821496266,0.17499972961815746,0.7160601874629934,25,20,20
24,7886,0.10901558073829402,0.0003796469298060283,0.17499965501375045,0.7156051173181502,25,20,20
24,7887,0.1086860390728801,0.0003796473596958263,0.1757652153224139,0.715169098245009,25,20,20
24,7888,0.1086870305583625,0.0003796473596025527,0.17575869508207626,0.7151746269999572,25,20,20
24,7889,0.11399361115734673,0.00037964174611066387,0.17045163631160518,0.7151751107849358,25,20,20
24,7890,0.11400359695842271,0.0003796417461549956,0.17007864848088566,0.7155381128145352,25,20,20
24,7891,0.11437207290495144,0.0003796417440790074,0.16971017283780448,0.7155381125131638,25,20,20
24,7892,0.1143640842128386,0.00037964174411508634,0.1697148753866261,0.7155413986564189,25,20,20
24,7893,0.11436825568403355,0.0003796417441336423,0.16971479785547092,0.7155373047163605,25,20,20
24,7894,0.11436536473645711,0.00037964174404993473,0.16971028708211544,0.715544706437376,25,20,20
24,7895,0.11437639994200686,0.0003796417441521455,0.16971488176415758,0.7155290765496818,25,20,20
24,7896,0.11437633102899238,0.00037964174414277106,0.16971491455929485,0.7155291126675687,25,20,20
24,7897,0.11193707716320755,0.0003796432653032287,0.17215392990770073,0.7155293496637871,25,20,20
24,7898,0.10709159681969617,0.00037982907112825496,0.17699835070537923,0.715530223403795,25,20,20
24,7899,0.10711710996824728,0.00037982857676864936,0.1769729720345829,0.7155300894204006,25,20,20
24,7900,0.10711922610512428,0.0003798285767040636,0.1769683055421956,0.7155326397759758,25,20,20
24,7901,0.1071222737641669,0.0003798285766995775,0.17660010263786938,0.7158977950212635,25,20,20
24,7902,0.10712220460426605,0.00037982857671473936,0.17660191141425421,0.7158960554047644,25,20,20
24,7903,0.10711808740587958,0.0003798285769862728,0.17673148849041212,0.7157705955267215,25,20,20
24,7904,0.10712105235006968,0.00037982857697310864,0.1767380228626951,0.7157610962102613,25,20,20
24,7905,0.10711810841486043,0.0003798285909063083,0.17674626601443794,0.7157557969797946,25,20,20
24,7906,0.10045776936554925,0.00038006832278748897,0.1834067904192308,0.7157553718924317,25,20,20
24,7907,0.10045668037411622,0.00038006832275906574,0.18340831566915358,0.7157549356339704,25,20,20
24,7908,0.1004606059807317,0.0003800683227977871,0.1834082240793542,0.7157511016171155,25,20,20
24,7909,0.10007775470670818,0.0003800683216279188,0.17723109263885312,0.7223110843328105,25,20,20
24,7910,0.10008972236441772,0.00038006832167300416,0.17722942052828272,0.7223007887856262,25,20,20
24,7911,0.10009364811453876,0.0003800683216893314,0.17722277551960378,0.722303508044168,25,20,20
24,7912,0.10009361202434679,0.0003800683216809473,0.1772292651229918,0.72229705453098,25,20,20
24,7913,0.10009653956913347,0.000380068321662811,0.1772292669521282,0.7222941251570753,25,20,20
24,7914,0.08163466591272353,0.0003794170576835935,0.1951343325782359,0.7228515844513548,25,20,20
24,7915,0.08904732082201613,0.0003792297317073371,0.18772297558398418,0.7228504738622898,25,20,20
24,7916,0.08760670669754754,0.00037922996705242953,0.18916358475991474,0.7228504785754829,25,20,20
24,7917,0.0876097495898997,0.00037922996705214157,0.1890714305142849,0.7229395899287606,25,20,20
24,7918,0.08760976317174109,0.00037922996705828656,0.18919574557048702,0.7228152612907109,25,20,20
24,7919,0.08760981679218378,0.0003792299670618072,0.1890698893983379,0.7229410638424139,25,20,20
24,7920,0.08761250221296754,0.0003863582944959795,0.1926191636289406,0.719381975863594,25,20,20
24,7921,0.08761643822732891,0.00038635830861857677,0.19272474679524895,0.7192724566688022,25,20,20
24,7922,0.09426465730059036,0.00038611853923195273,0.18607683666162333,0.7192723874985534,25,20,20
24,7923,0.09527725780809541,0.0003861185570437547,0.18506423601039493,0.7192723876244626,25,20,20
24,7924,0.0952772412131878,0.00038611855704345495,0.1850576297755383,0.719279010454227,25,20,20
24,7925,0.09044144866856399,0.0003860764865924397,0.19045092669874655,0.718721548146093,25,20,20
24,7926,0.09067554204888927,7.286167832426957e-06,0.19059488160367788,0.7187222901795994,25,20,20
24,7927,0.09067259746990705,7.286167564747109e-06,0.19047000567173422,0.7188501106907924,25,20,20
24,7928,0.09050440547403998,7.286339611130687e-06,0.1906382063789519,0.7188501018073953,25,20,20
24,7929,0.09050444240932026,7.286339616008834e-06,0.1906336589072808,0.718854612343782,25,20,20
24,7930,0.0904964578995075,7.286339513981022e-06,0.1906289898055562,0.7188672659554213,25,20,20
24,7931,0.09049340934631447,7.286339514147854e-06,0.19063559374853564,0.7188637105656348,25,20,20
24,7932,0.09060749274909405,9.720522614128741e-06,0.19051907585790215,0.7188637108703891,25,20,20
24,7933,0.09060565793420915,9.720536584122838e-06,0.19052287900377682,0.7188617425254296,25,20,20
24,7934,0.09055910315113232,9.771085953716936e-06,0.19056846123025825,0.7188626645326553,25,20,20
24,7935,0.09056211876183812,9.771085961806126e-06,0.19083536895750103,0.7185927411946984,25,20,20
24,7936,0.09056719588349871,9.771085931809903e-06,0.1908368834842308,0.7185861495463384,25,20,20
24,7937,0.09056724823067741,9.771085944925195e-06,0.19092253749076718,0.7185004431926096,25,20,20
24,7938,0.08023094400885283,9.779837101031117e-06,0.2012586383435703,0.7185006378104736,25,20,20
24,7939,0.0704409904035807,9.779776150931137e-06,0.21104860067085354,0.7185006291494132,25,20,20
24,7940,0.07044108124702406,9.779776129565556e-06,0.21113617798986206,0.718412960986983,25,20,20
24,7941,0.0704538533730308,2.3332468367294702e-05,0.21111077442731063,0.7184120397312896,25,20,20
24,7942,0.04249177524960978,2.332344938176259e-05,0.23907306117950777,0.7184118401214993,25,20,20
24,7943,0.04248491974033633,2.3323449365151203e-05,0.23907958013605435,0.7184121766742421,25,20,20
24,7944,0.04248493607392262,2.332343568592155e-05,0.2390761800416569,0.7184155604487326,25,20,20
24,7945,0.04248782627404577,2.332343541516995e-05,0.23906955802561058,0.7184192922649268,25,20,20
24,7946,0.04248581220323992,2.33234354501342e-05,0.23906952620267902,0.7184213381586296,25,20,20
24,7947,0.042485775814756925,2.3323435441690514e-05,0.23897746617953308,0.7185134345702671,25,20,20
24,7948,0.042021528084962866,2.3323433369562584e-05,0.23897080739540763,0.7189843410862585,25,20,20
24,7949,0.04201456996616333,2.3323433579788277e-05,0.2389772817822332,0.7189848248180226,25,20,20
24,7950,0.042016481682821814,2.3323419639419446e-05,0.2392396034854717,0.7187205914120659,25,20,20
24,7951,0.04201655091856516,2.3323419655762076e-05,0.2393632146987018,0.7185969109630774,25,20,20
24,7952,0.04196293622843078,2.3323417082961836e-05,0.23941682940409803,0.7185969109503897,25,20,20
24,7953,0.04219722286601844,2.332341717050314e-05,0.23915078516499444,0.7186286685518174,25,20,20
24,7954,0.04219030658717303,2.3323403065725236e-05,0.23905180391879421,0.7187345660909682,25,20,20
24,7955,0.04195596099528118,2.3323416786261e-05,0.2394459838144043,0.7185747317735303,25,20,20
24,7956,0.04196286385564428,2.3323416567014214e-05,0.2394412248109744,0.7185725879168159,25,20,20
24,7957,0.04196383203671534,2.3323416851138683e-05,0.2395662141460932,0.718446630400342,25,20,20
24,7958,0.041967828651582814,2.3323416881931634e-05,0.23965838001882436,0.7183504679127125,25,20,20
24,7959,0.04196483252119921,2.3323416868366314e-05,0.24003129597855058,0.7179805480833836,25,20,20
24,7960,0.041953898506563815,2.332341679487527e-05,0.2399390510021713,0.7180837270744718,25,20,20
24,7961,0.018054311388054124,2.3342761132505416e-05,0.24678153269885564,0.7351408131519598,25,20,20
24,7962,0.018063393037796072,2.3342761165538427e-05,0.24665803661550573,0.7352552275855345,25,20,20
24,7963,0.01830678134970752,2.3343760469831262e-05,0.24675219966604428,0.7349176752237812,25,20,20
24,7964,0.018308547022653898,2.3343760521195926e-05,0.2470329055575745,0.7346352036592525,25,20,20
24,7965,0.01854399113715793,2.3343748930159273e-05,0.25126849426523234,0.7301641708486817,25,20,20
24,7966,0.018546144790344755,2.3343762768962155e-05,0.25153579444709195,0.7298947169997964,25,20,20
24,7967,0.018873622748919502,1.77768801857998e-05,0.25012926379685996,0.7309793365740357,25,20,20
24,7968,0.01887448170196919,1.7776880202881536e-05,0.2501228028626367,0.7309849385551922,25,20,20
24,7969,0.018870674036701368,1.777688041259356e-05,0.24998596110228494,0.7311255879806027,25,20,20
24,7970,0.019068550368013547,1.777688291473858e-05,0.2560544951002825,0.72485917764879,25,20,20
24,7971,0.019071555140506208,1.7776871144302454e-05,0.25616011174632364,0.7247505562420264,25,20,20
24,7972,0.020021994020189372,1.777688133131788e-05,0.2518499315938886,0.7281102975045897,25,20,20
24,7973,0.02002201054388618,1.777688122540213e-05,0.25184988911233414,0.7281103234625534,25,20,20
24,7974,0.019789469072296176,1.777588197304039e-05,0.2517557327621754,0.7284370222835551,25,20,20
24,7975,0.01979250112901527,1.7775882211625613e-05,0.25164899178244793,0.728540731206325,25,20,20
24,7976,0.019792589830323424,1.7775882148951877e-05,0.2516444390343417,0.7285451952531855,25,20,20
24,7977,0.019557076076677962,1.7775879911345014e-05,0.24701458999107362,0.7334105580523368,25,20,20
24,7978,0.04998922768067708,1.7867219113527703e-05,0.21658309143564675,0.7334098136645614,25,20,20
24,7979,0.04879924376726679,1.786720869771267e-05,0.22113113402082069,0.7300517550032147,25,20,20
24,7980,0.04879927828711837,1.7867208714603062e-05,0.22113275071308355,0.7300501037910833,25,20,20
24,7981,0.04879629829048361,1.786720870599664e-05,0.2211326391797861,0.7300531953210238,25,20,20
24,7982,0.048796351228025836,1.7867208719035873e-05,0.22139727669134948,0.7297885048719053,25,20,20
24,7983,0.04879642099753796,1.7867208728405694e-05,0.22139730581100245,0.7297884059827308,25,20,20
24,7984,0.04847268399006221,1.3871597851149732e-05,0.1897200084959355,0.7617934359161533,25,20,20
24,7985,0.0484756101411028,1.3871597841772332e-05,0.18971569355477744,0.7617948247062803,25,20,20
24,7986,0.04846947040414951,1.3871595729295887e-05,0.18934269512126206,0.7621739628788613,25,20,20
24,7987,0.032568766777055363,1.3852070175045917e-05,0.1823119133738536,0.7851054677789183,25,20,20
24,7988,0.032574854246985446,1.3852070202467002e-05,0.18240407006037698,0.7850072236224368,25,20,20
24,7989,0.0617939023625401,1.3866901001758287e-05,0.1531832522135194,0.7850089785229397,25,20,20
24,7990,0.06179373399269844,1.3866900745244982e-05,0.15305396351154618,0.7851384355950108,25,20,20
24,7991,0.06166564050807189,6.068213767572791e-06,0.1531898564744074,0.7851384348037544,25,20,20
24,7992,0.061659432942426956,6.0682134725077526e-06,0.15318310955181638,0.7851513892922856,25,20,20
24,7993,0.06165945138427577,6.068227336839129e-06,0.15318418686694557,0.7851502935214433,25,20,20
24,7994,0.07097218720989369,5.820303405415996e-06,0.14387170610769104,0.7851502863790109,25,20,20
24,7995,0.07104992236988954,5.8203056613418245e-06,0.14125060697346636,0.7876936503509807,25,20,20
24,7996,0.08063805839457325,5.8054579029443635e-06,0.13166424043087394,0.7876918957166495,25,20,20
24,7997,0.0806402476142356,5.805457928142277e-06,0.1320349027422047,0.7873190441856311,25,20,20
24,7998,0.08062833380250728,5.805457870764361e-06,0.13203492311818266,0.7873309376214395,25,20,20
24,7999,0.0805184990828255,5.80544212879528e-06,0.1255237223535064,0.7939519731215414,25,20,20
24,8000,0.08051862373866298,5.80544214753727e-06,0.1255238752429777,0.7939516955762137,25,20,20
24,8001,0.08031771276589879,5.8054396456657375e-06,0.11945530041264135,0.8002211813818163,25,20,20
24,8002,0.0803239528179366,5.805425820396135e-06,0.11908351947928325,0.8005867222769619,25,20,20
24,8003,0.08031392487679107,5.80542453229564e-06,0.11881650023827987,0.8008637694603989,25,20,20
24,8004,0.08030609241403021,5.805424489655096e-06,0.11882301556748633,0.8008650865939957,25,20,20
24,8005,0.08030399321726596,5.805424464126804e-06,0.11881649560157091,0.8008737057567008,25,20,20
24,8006,0.08030701090661237,5.8054244699451914e-06,0.11882307367763627,0.8008641099912832,25,20,20
24,8007,0.08030880132776895,5.805424470960396e-06,0.11871633580286228,0.8009690574448994,25,20,20
24,8008,0.08031181499547041,5.805424502148217e-06,0.11871653150756839,0.8009658480724609,25,20,20
24,8009,0.08031179161089273,5.805424477976345e-06,0.11871449917351158,0.8009679037911194,25,20,20
24,8010,0.08031573425125925,5.805424494800195e-06,0.11871900565419365,0.8009594546700539,25,20,20
24,8011,0.08043532931784517,5.805426694738299e-06,0.1187191909380924,0.8008396743173695,25,20,20
24,8012,0.08043536500427831,5.805426702893404e-06,0.11871934811996956,0.8008394814490508,25,20,20
24,8013,0.08043830900381355,5.8054267022585145e-06,0.11871919621005418,0.8008366893594315,25,20,20
24,8014,0.08043830928890236,5.805426706979088e-06,0.11872139111441264,0.8008344941699793,25,20,20
24,8015,0.11879339427455188,5.805426675368179e-06,0.08036630613450303,0.8008344941642709,25,20,20
24,8016,0.11879339554462756,5.805426679822256e-06,0.08037101019798694,0.8008297888307068,25,20,20
24,8017,0.11878653364057513,5.805426687476452e-06,0.08036950139744006,0.8008381595352985,25,20,20
24,8018,0.1188033186228696,2.0332203152697936e-11,0.080358481634,0.8008381997228003,25,20,20
24,8019,0.11880635699165663,2.0497187255887083e-11,0.08036509843334748,0.8008285445545015,25,20,20
24,8020,0.11879817310203541,2.0400951719863206e-11,0.08045508048684447,0.8007467463907217,25,20,20
24,8021,0.11879540601206225,2.043448473326965e-11,0.08045048866493726,0.8007541053025686,25,20,20
24,8022,0.11879449257744196,2.046821208910879e-11,0.08045048804734697,0.8007550193547449,25,20,20
24,8023,0.11879749999547819,2.04125409079338e-11,0.08044729278184812,0.8007552072022635,25,20,20
24,8024,0.11872966014243934,1.8372903534901102e-11,0.0487400731054609,0.8325302667337288,25,20,20
24,8025,0.11872686075186904,1.8378215885140178e-11,0.04873785220160509,0.8325352870281493,25,20,20
24,8026,0.11872573877638683,1.8448772532017513e-11,0.04873786022523929,0.8325364009799269,25,20,20
24,8027,0.11871872278251953,1.8637218766861077e-11,0.04901869923457681,0.8322625779642682,25,20,20
24,8028,0.11871784546656215,1.913456564566748e-11,0.049284914992688736,0.8319972395216162,25,20,20
24,8029,0.11872084135208921,1.888347612096288e-11,0.04891185623104884,0.8323673023979801,25,20,20
24,8030,0.11872380660315111,1.8857172737600683e-11,0.04865219988414908,0.8326239934938439,25,20,20
24,8031,0.11872398831685904,1.9190503601914785e-11,0.04891222881876201,0.8323637828451897,25,20,20
24,8032,0.11871304639594132,1.9023578956918098e-11,0.04325670223304514,0.8380302513519912,25,20,20
24,8033,0.12033469296775084,1.904302826801943e-11,0.041635055342409036,0.8380302516707984,25,20,20
24,8034,0.12033763818567485,1.850171977263021e-11,0.041373455513531464,0.8382889062822934,25,20,20
24,8035,0.12021791966083174,1.6305156451298735e-11,0.04137307457040547,0.8384090057524589,25,20,20
24,8036,0.12022583960962863,1.6634264321302086e-11,0.04137970104648061,0.8383944593272578,25,20,20
24,8037,0.12022306457556274,1.66426111164563e-11,0.04123251778864398,0.8385444176191519,25,20,20
24,8038,0.12022288397399934,1.6624378335899167e-11,0.041239061701956195,0.8385380543074215,25,20,20
24,8039,0.12022569197638922,1.6874741870631656e-11,0.041125843301649805,0.8386484647050877,25,20,20
24,8040,0.12022381761402834,1.682164240056504e-11,0.04112591809942858,0.8386502642697228,25,20,20
24,8041,0.1202209271251265,3.1824543375715327e-11,0.041132917133352355,0.8386461557096979,25,20,20
24,8042,0.12022287368202925,8.272412929087045e-10,0.04137344266300644,0.8384036828277246,25,20,20
24,8043,0.1202226974517626,8.272033391951373e-10,0.041373446049293536,0.8384038556717421,25,20,20
24,8044,0.12022973293966877,8.272614794373519e-10,0.04137570628137819,0.8383945599516932,25,20,20
24,8045,0.1202326765827596,8.27261630409745e-10,0.04137566453030587,0.8383916580596743,25,20,20
24,8046,0.12022570903872085,8.272127990809107e-10,0.041502775111591846,0.8382715150224759,25,20,20
24,8047,0.11488565791952972,1.0209515398267142e-08,0.046842799654930385,0.8382715322160257,25,20,20
24,8048,0.12003068869908998,8.328145714179076e-10,0.04169779560026463,0.8382715148678322,25,20,20
24,8049,0.12002960147198119,8.328756923920537e-10,0.04169777082413801,0.8382726268710067,25,20,20
24,8050,0.12002665874212617,8.328754742160559e-10,0.041697808754849325,0.8382755316701508,25,20,20
24,8051,0.12022431649064692,8.274873377784643e-10,0.04150015115088607,0.8382755315309816,25,20,20
24,8052,0.12022119743522154,8.27486953229433e-10,0.041873001679687036,0.8379058000576061,25,20,20
24,8053,0.12022125005810581,8.275043942272657e-10,0.04186640104986181,0.8379123480645295,25,20,20
24,8054,0.12021034877180391,8.271923341902771e-10,0.04651750900488307,0.833272141396122,25,20,20
24,8055,0.1202144014840225,8.272229382296721e-10,0.04651761029459002,0.8332679873941661,25,20,20
24,8056,0.12020830151479692,8.271983132398278e-10,0.04652258216287355,0.8332691154951328,25,20,20
24,8057,0.12021022790257535,8.272690827225572e-10,0.046522664713176926,0.8332671065569802,25,20,20
24,8058,0.12021124069386627,3.185711072696177e-11,0.04618995449098545,0.8335988047832931,25,20,20
24,8059,0.12021740856062842,3.315996807924902e-11,0.05231173844796873,0.8274708529582445,25,20,20
24,8060,0.12022140129736192,3.321719920829501e-11,0.0523072386551546,0.8274713600142679,25,20,20
24,8061,0.12022452158192914,3.321728335553227e-11,0.051938925478528054,0.8278365529063272,25,20,20
24,8062,0.12022445356577366,3.32081060297211e-11,0.05180952035771715,0.8279660260433026,25,20,20
24,8063,0.12052489930015135,9.624397081782432e-11,0.05181844788770323,0.8276566527159029,25,20,20
24,8064,0.12052493496716743,9.643141125963257e-11,0.06577744928395385,0.8136976156524486,25,20,20
24,8065,0.1180361073984333,4.912915930260986e-08,0.06826579172505673,0.8136980517473519,25,20,20
24,8066,0.11803900165221724,4.912919027332484e-08,0.06827231466149286,0.8136886345571013,25,20,20
24,8067,0.11827251098142476,4.913234582178196e-08,0.06813761889889454,0.813589820987336,25,20,20
24,8068,0.11827045348666404,4.913221556988883e-08,0.06813760889672156,0.8135918884843999,25,20,20
24,8069,0.11827045598659909,4.913221651684544e-08,0.06813764350506496,0.8135918513761204,25,20,20
24,8070,0.11820472551934565,4.912826326255563e-08,0.06820172574524447,0.8135934996071501,25,20,20
24,8071,0.11820483964483515,4.9128300568625444e-08,0.0681952072899616,0.8135999039369062,25,20,20
24,8072,0.11820284390650912,4.9142314459448946e-08,0.06820745958360491,0.8135896473675749,25,20,20
24,8073,0.11819784803402573,4.914237247403859e-08,0.06794785531791336,0.8138542475056915,25,20,20
24,8074,0.11831133475006428,4.914117352809692e-08,0.06783436543074327,0.8138542506780218,25,20,20
24,8075,0.11831127353158165,4.9141146588022034e-08,0.06784448051281791,0.8138441968144565,25,20,20
24,8076,0.114134092848845,5.3452675298211966e-08,0.07195680330549852,0.8139090503929839,25,20,20
24,8077,0.11413211437516628,5.3452582491876104e-08,0.07195030705494117,0.8139175251173127,25,20,20
24,8078,0.11412501411176594,5.345124408519597e-08,0.06570816893952056,0.8201667634974719,25,20,20
24,8079,0.11412109038194547,5.345119154571382e-08,0.06570808946210387,0.8201707667047613,25,20,20
24,8080,0.11411416391683168,5.34511790391391e-08,0.0657080298858001,0.8201777527461914,25,20,20
24,8081,0.11411423700775757,5.345143413049265e-08,0.07036546458677335,0.8155202449540372,25,20,20
24,8082,0.11412085899932262,5.35370103796088e-08,0.07036053083355437,0.8155185566301156,25,20,20
24,8083,0.11412385687728512,5.35369881341844e-08,0.07036698021042836,0.8155091093753012,25,20,20
24,8084,0.11412681057685697,5.353699435441506e-08,0.07045761962332929,0.8154155162628223,25,20,20
24,8085,0.11412675800944588,5.3537301245794044e-08,0.0704596264880627,0.8154135619651933,25,20,20
24,8086,0.11412878240476498,5.3537229904163164e-08,0.07046423890988845,0.8154069251481195,25,20,20
24,8087,0.1141296960533308,5.353726482638409e-08,0.07046432107415455,0.8154059293352526,25,20,20
24,8088,0.11412659207558859,5.353726512114529e-08,0.07045962048014513,0.815413733907004,25,20,20
24,8089,0.11412360981769826,5.353721754321977e-08,0.07045309655899712,0.8154232400860897,25,20,20
24,8090,0.11412873929333395,5.353716255443286e-08,0.07045758241677141,0.8154136247527343,25,20,20
24,8091,0.11413071833774602,5.352313920755638e-08,0.07044524639477866,0.8154239817443383,25,20,20
24,8092,0.11413306964802451,5.35233328068818e-08,0.0705378923265548,0.81532898450209,25,20,20
24,8093,0.11413303397812155,5.353712136019359e-08,0.056704532968143956,0.8291623795166154,25,20,20
24,8094,0.11413315571284334,5.353711328870292e-08,0.05670456450771984,0.8291622262423259,25,20,20
24,8095,0.11413009116178033,5.3537121743767766e-08,0.05669815617437704,0.8291716991267235,25,20,20
24,8096,0.11413028662148726,5.3537395048310956e-08,0.05204517678357608,0.8338244830575436,25,20,20
24,8097,0.11414148622594672,5.3538227320012656e-08,0.05204546129528539,0.8338129989405426,25,20,20
24,8098,0.11832213222904714,4.9230601741060114e-08,0.047929676324728374,0.8337481422156248,25,20,20
24,8099,0.1183189852780483,4.923029012941779e-08,0.04766304639608572,0.8340179190955778,25,20,20
24,8100,0.11801656172454095,4.9167175265086385e-08,0.04765399766844089,0.8343293914398445,25,20,20
24,8101,0.11801246579542984,4.9167170014650044e-08,0.04764946548433904,0.834338019553063,25,20,20
24,8102,0.1180095080454882,4.916716354874462e-08,0.0475588316399416,0.8344316111474082,25,20,20
24,8103,0.11801043663426927,4.916718882645312e-08,0.04755882917706688,0.8344306850214765,25,20,20
24,8104,0.1180144121405523,4.9166934751177264e-08,0.047552241505706944,0.8344332971868073,25,20,20
24,8105,0.11801736942323363,4.916693956337255e-08,0.04755212739280133,0.8344304540170269,25,20,20
24,8106,0.11801724995977678,4.916691351362137e-08,0.04755224197262395,0.8344304589006871,25,20,20
24,8107,0.1180201836945989,4.916691764866659e-08,0.04754218801193383,0.8344375791265513,25,20,20
24,8108,0.1180202319262081,4.916668037923313e-08,0.0428846676554695,0.8390950512516432,25,20,20
24,8109,0.11802600669012567,4.932873924941022e-08,0.04287841358836599,0.8390955303927703,25,20,20
24,8110,0.11802521787735573,4.931475582329706e-08,0.042746193837520485,0.8392285389703692,25,20,20
24,8111,0.11803208461199587,4.9313632425697315e-08,0.04300652308531252,0.8389613429890608,25,20,20
24,8112,0.12039869511791983,2.7942970661169785e-10,0.040640398096827804,0.8389609065058242,25,20,20
24,8113,0.12016214533816433,2.7603533141136135e-10,0.040513537851026446,0.8393243165347757,25,20,20
24,8114,0.12008008980757286,2.8309403063161295e-10,0.04059559222541302,0.8393243176839219,25,20,20
24,8115,0.08884394265884624,5.785787743026211e-07,0.07183076795023519,0.8393247108121465,25,20,20
24,8116,0.08884101786752671,5.785788161885616e-07,0.07183065137413297,0.8393277521795263,25,20,20
24,8117,0.08883802193841948,5.785788030197042e-07,0.07220356799548307,0.8389578314872967,25,20,20
24,8118,0.08883781188451317,5.785785213615669e-07,0.07219873066502899,0.8389628788719388,25,20,20
24,8119,0.08883749070037422,5.785785379958433e-07,0.07211083610237023,0.8390510946187196,25,20,20
24,8120,0.08883747579861305,5.785785230501277e-07,0.07211075326575085,0.8390511923571151,25,20,20
24,8121,0.08884155482604958,5.785785428422757e-07,0.0722360712297547,0.8389217953656548,25,20,20
24,8122,0.08883855901729092,5.785785694549026e-07,0.07223615688189498,0.8389247055222466,25,20,20
24,8123,0.08891213310774823,5.785827828714754e-07,0.07223648346096569,0.8388508048485054,25,20,20
24,8124,0.08891598842109849,5.785828169794326e-07,0.07249799886952611,0.83858543412656,25,20,20
24,8125,0.08891599469766928,5.785828173071778e-07,0.07249788419859962,0.8385855425209153,25,20,20
24,8126,0.08891596721727688,5.785828169582146e-07,0.07249791108099468,0.8385855431189125,25,20,20
24,8127,0.08891694219239162,5.785828600381158e-07,0.07249789472305912,0.8385845845016903,25,20,20
24,8128,0.08891002134889746,5.785828567944349e-07,0.0722318000154523,0.8388576000527945,25,20,20
24,8129,0.08891205400696371,5.786017101097394e-07,0.07235340921031894,0.8387339581810083,25,20,20
24,8130,0.08891203854745303,5.786014558199743e-07,0.07234869086012345,0.8387386919909687,25,20,20
24,8131,0.0889121400420294,5.786014962270549e-07,0.07235327932152194,0.8387340020349534,25,20,20
24,8132,0.08891215734897263,5.786014875826824e-07,0.07235319999168807,0.8387340640578526,25,20,20
24,8133,0.08899580115139835,5.786026376487262e-07,0.0722695564948325,0.8387340637511325,25,20,20
24,8134,0.08898920530828575,5.78927586975448e-07,0.07226991190808446,0.8387403038560451,25,20,20
24,8135,0.08899915629997718,5.787667167089298e-07,0.0722604395375717,0.8387398253957368,25,20,20
24,8136,0.08900209872665255,5.787666943541424e-07,0.07226047365493553,0.8387368488517195,25,20,20
24,8137,0.08900218834269101,5.787767612447589e-07,0.0858538700626983,0.8251433628178494,25,20,20
24,8138,0.07954279589531844,5.842146525088001e-07,0.09527837278438589,0.8251782471056431,25,20,20
24,8139,0.08900233251775874,5.787754929133718e-07,0.08585372671943581,0.8251433619873124,25,20,20
24,8140,0.08892858351371861,5.787712566925524e-07,0.08622636988666456,0.8248444678283599,25,20,20
24,8141,0.08892558748921722,5.787712435447909e-07,0.08622622799968543,0.8248476057398542,25,20,20
24,8142,0.08892557088576625,5.78771239281457e-07,0.08585322679130684,0.8252206235516879,25,20,20
24,8143,0.12432502178242512,1.0313823893957617e-06,0.05045849752753826,0.8252154493076482,25,20,20
24,8144,0.12433192634953912,1.031372362013719e-06,0.03649221883413659,0.8391748234439623,25,20,20
24,8145,0.1242565721287243,1.0363899690400328e-06,0.03656755153914411,0.8391748399421627,25,20,20
24,8146,0.12425759813408188,1.0363902898199446e-06,0.03656955877036777,0.8391718067052605,25,20,20
24,8147,0.12425364631356485,1.0363764523018796e-06,0.03630539210200909,0.8394399252079738,25,20,20
24,8148,0.12425958424505172,1.036376170600334e-06,0.036298799543593406,0.8394405798351844,25,20,20
24,8149,0.12425659075401432,1.0363761620955653e-06,0.036298759899789375,0.8394436129700344,25,20,20
24,8150,0.12425957079512763,1.0363761706510264e-06,0.03629880033262171,0.8394405924960807,25,20,20
24,8151,0.12424833512639259,1.0363750853540546e-06,0.03630028490969353,0.8394503435888292,25,20,20
24,8152,0.08650543488692534,1.0814595867506737e-06,0.07277049117380249,0.8407229924796884,25,20,20
24,8153,0.08650536600525971,1.0814595687243402e-06,0.07277048897596171,0.8407230635592126,25,20,20
24,8154,0.08657728141188877,1.0814618403777523e-06,0.07277071021197183,0.8406509269143012,25,20,20
24,8155,0.08671182682159811,1.081465586552178e-06,0.07277355854632821,0.8405135331664895,25,20,20
24,8156,0.0867087363934446,1.0814774402593277e-06,0.0788975356683586,0.8343926464607585,25,20,20
24,8157,0.0867086853876046,1.0814775690687081e-06,0.0928587754619365,0.820431457672891,25,20,20
24,8158,0.08670856396614134,1.081477551380728e-06,0.09285874749359588,0.8204316070627129,25,20,20
24,8159,0.054976123132335374,6.597744282921093e-07,0.12459248619887708,0.8204307308943587,25,20,20
24,8160,0.05497210960490232,6.597743926868083e-07,0.12459236935795306,0.8204348612627516,25,20,20
24,8161,0.0549831825992613,6.597749975396426e-07,0.12468623764323518,0.8203299199825058,25,20,20
24,8162,0.029439225502422242,6.555429802412516e-07,0.1502302107184533,0.8203299082361443,25,20,20
24,8163,0.029442296410814275,6.55542984348901e-07,0.15023021144566426,0.8203268366005374,25,20,20
24,8164,0.03818541354985645,6.652697344718469e-07,0.14148703969820178,0.8203268814822073,25,20,20
24,8165,0.03818754003293721,6.652718130924085e-07,0.13525007307784995,0.8265617216173999,25,20,20
24,8166,0.03818766072542828,6.652718393916266e-07,0.13525016148766378,0.8265615125150687,25,20,20
24,8167,0.03819053508949558,6.652718213146599e-07,0.13525015944373636,0.8265586401949473,25,20,20
24,8168,0.03820137890559644,6.652718650683884e-07,0.13525007565408625,0.8265478801684527,25,20,20
24,8169,0.03783293109141228,6.47223492709415e-07,0.13561872981410805,0.826547691870988,25,20,20
24,8170,0.03783279092829357,6.47223455369142e-07,0.13562342558290552,0.8265431362653466,25,20,20
24,8171,0.03783177368493231,6.472235265419647e-07,0.1356280169160878,0.8265395621754544,25,20,20
24,8172,0.03829161012051251,6.472256906174327e-07,0.13562583835178857,0.8260819043020093,25,20,20
24,8173,0.038291644133325906,6.47206793337463e-07,0.13550425215433265,0.8262034565055494,25,20,20
24,8174,0.038291660794647325,6.472067938132382e-07,0.13550895336856084,0.8261987386299992,25,20,20
24,8175,0.03828955501589416,6.472068332857594e-07,0.1355023922935446,0.8262074054837286,25,20,20
24,8176,0.03828750614850831,6.472071578343819e-07,0.13550711562120316,0.8262047310231314,25,20,20
24,8177,0.05207838931741057,6.36696931469511e-07,0.12171629221294195,0.8262046817727163,25,20,20
24,8178,0.0520704887852508,6.367656492615999e-07,0.15824115571520614,0.7896877187338943,25,20,20
24,8179,0.052071417197432995,6.367655230617854e-07,0.14427533059731942,0.8036526154397255,25,20,20
24,8180,0.07848902942092467,6.236479832837719e-07,0.11785773317011505,0.8036526137609793,25,20,20
24,8181,0.07849106521928487,6.236476762948202e-07,0.11785966125708233,0.8036486498759584,25,20,20
24,8182,0.07848809769522086,6.236476388422634e-07,0.11786119982809687,0.8036500788290455,25,20,20
24,8183,0.07849011193869328,6.236476127171597e-07,0.11786119723107888,0.8036480671826173,25,20,20
24,8184,0.07848723972096087,6.236476313031827e-07,0.11786772716251719,0.8036444094688927,25,20,20
24,8185,0.07848426004829308,6.236473782099539e-07,0.11786102738677698,0.8036540889175536,25,20,20
24,8186,0.07849223962582992,6.236479488626253e-07,0.1178544175166017,0.8036527192096214,25,20,20
24,8187,0.0785072867820568,2.271014702515271e-06,0.12129858443971642,0.8001918577635264,25,20,20
24,8188,0.0785072385372703,2.2710141938982866e-06,0.12130322924897943,0.8001872611995584,25,20,20
24,8189,0.07010127125580681,1.7599327957962596e-06,0.1297040217480294,0.8001929470633671,25,20,20
24,8190,0.07154289509196647,1.1251593852214392e-07,0.12826390192400441,0.8001930904680897,25,20,20
24,8191,0.0715421055546794,1.1251594031678624e-07,0.1282639022078882,0.8001938797214915,25,20,20
24,8192,0.06929914296958127,6.908176220701724e-08,0.13177955783796452,0.7989212301106896,25,20,20
24,8193,0.06930295031875179,6.90678364432851e-08,0.1428438957931346,0.7878530848202753,25,20,20
24,8194,0.06930294948125698,6.906783574686526e-08,0.14284401040341593,0.7878529710474893,25,20,20
24,8195,0.06931007985429362,6.906785922091434e-08,0.14283942424607718,0.7878504268317681,25,20,20
24,8196,0.06953826684931429,6.907043088088662e-08,0.1427472693665905,0.7877143947136624,25,20,20
24,8197,0.06808278747088926,6.905176599999919e-08,0.14420289458276347,0.7877142488945796,25,20,20
24,8198,0.0680859626426908,6.905176651417106e-08,0.14420297464872925,0.7877109936568121,25,20,20
24,8199,0.06807904255962219,6.905173578627213e-08,0.14420946188286127,0.7877114265057792,25,20,20
24,8200,0.07991391739555809,3.081853854704612e-06,0.13237154096379933,0.7877114597867865,25,20,20
24,8201,0.0799060751024088,3.081853777100995e-06,0.13263299350404226,0.7874578495397706,25,20,20
24,8202,0.07990211307641698,3.081853764597046e-06,0.12155652444727615,0.7985382806225411,25,20,20
24,8203,0.07990112192987263,3.0818537194683466e-06,0.12155190512401265,0.7985438910923942,25,20,20
24,8204,0.09640621211552712,3.017677739131249e-06,0.1050509974178867,0.798539772788846,25,20,20
24,8205,0.09640620995789784,3.017677738959461e-06,0.10505099680745732,0.7985397755569048,25,20,20
24,8206,0.09640634908471041,3.0176777490654727e-06,0.10504446839869341,0.7985461648388462,25,20,20
24,8207,0.08827629528739206,1.6140088531848572e-08,0.11299545453069694,0.7987282340418217,25,20,20
24,8208,0.08827630632877731,1.614016440603299e-08,0.11273391522534357,0.7989897623057138,25,20,20
24,8209,0.09839468657216212,1.5994851060027823e-08,0.10261553490662324,0.7989897625263628,25,20,20
24,8210,0.09839489703503829,1.599694989347215e-08,0.10261561953546644,0.7989894674325444,25,20,20
24,8211,0.09839493333262063,1.599695857181512e-08,0.1026110317498128,0.7989940189206074,25,20,20
24,8212,0.0983949405151112,1.5996958951164654e-08,0.10261107489436533,0.7989939685935644,25,20,20
24,8213,0.09839672754011122,1.5996993045017676e-08,0.10261096170584247,0.798992294757053,25,20,20
24,8214,0.09839450083193257,1.599491992928269e-08,0.10261084055522181,0.7989946426179253,25,20,20
24,8215,0.09793466379210489,1.5992754994370908e-08,0.10260839954816296,0.7994569206669772,25,20,20
24,8216,0.09793368399515272,1.5992720503533247e-08,0.10260847837366638,0.7994578216384605,25,20,20
24,8217,0.09793648680874897,1.5992701009989533e-08,0.10260844355741616,0.7994550536411339,25,20,20
24,8218,0.097934471129974,1.5992736284596312e-08,0.10260844383214117,0.7994570690451483,25,20,20
24,8219,0.09600176906406326,3.180704485369373e-09,0.10472299706648648,0.799275230688746,25,20,20
24,8220,0.09599477306203162,3.1806641749357977e-09,0.10472318867824637,0.7992820350790586,25,20,20
24,8221,0.09592298290813385,3.178411433886058e-09,0.10472536492429699,0.7993516489891593,25,20,20
24,8222,0.09591991221976447,3.17835560100385e-09,0.1047289179118257,0.7993511666900559,25,20,20
24,8223,0.09578636795436124,3.1745514827314277e-09,0.10472625872895158,0.7994873701421367,25,20,20
24,8224,0.09885832935395068,5.429902949684614e-09,0.10165426652223729,0.7994873986939097,25,20,20
24,8225,0.09887730335280102,5.4918304244759395e-09,0.10163527553122083,0.7994874156241484,25,20,20
24,8226,0.12338243008735955,5.853423826995461e-09,0.07713035177365289,0.799487212285565,25,20,20
24,8227,0.12338547805194532,5.853428581728668e-09,0.07713505295784889,0.7994794631367781,25,20,20
24,8228,0.12338449017507495,5.853659427685797e-09,0.07726496980472207,0.7993505341665441,25,20,20
24,8229,0.12338135363621872,5.853667982378462e-09,0.07726497138533409,0.7993536691247799,25,20,20
24,8230,0.12338230464301202,5.853682080218273e-09,0.07726330920595825,0.7993543802973481,25,20,20
24,8231,0.12338438093105526,5.8536561818271425e-09,0.07726333891480802,0.7993522743004811,25,20,20
24,8232,0.12338443540929099,5.853637967792579e-09,0.07726330701664735,0.7993522517204242,25,20,20
24,8233,0.12338242191003115,5.853674272514714e-09,0.07726345293211856,0.7993541193041763,25,20,20
24,8234,0.12338939411621443,5.853461030986158e-09,0.07713353361360535,0.7994770664167195,25,20,20
24,8235,0.12338939442000622,5.853461347608261e-09,0.07713350601552418,0.7994770937110086,25,20,20
24,8236,0.12338937872809827,5.853443691707925e-09,0.07713342487590358,0.7994771905425546,25,20,20
24,8237,0.12338246782629621,5.853404538251208e-09,0.07713804307187344,0.799479483248426,25,20,20
24,8238,0.12338253798551023,5.853404993295737e-09,0.07713812393799366,0.7994793322230913,25,20,20
24,8239,0.12338547832847867,5.867340063454613e-09,0.0771427241545239,0.7994717916496579,25,20,20
24,8240,0.12345120018833747,5.88482800965757e-09,0.07707700227743815,0.7994717916493985,25,20,20
24,8241,0.12345325470505862,5.884792622139491e-09,0.0770705594375333,0.7994761799726174,25,20,20
24,8242,0.12345619892986229,5.8847894458563075e-09,0.07733702858133117,0.7992067666040202,25,20,20
24,8243,0.1234562167573836,5.885088452075713e-09,0.07734350557010479,0.799200271787426,25,20,20
24,8244,0.12345621836351181,5.885088658445955e-09,0.07734108198625629,0.799202693765146,25,20,20
24,8245,0.12344915669437061,5.885069868069098e-09,0.0776076678920022,0.79894316952856,25,20,20
24,8246,0.12345530296407305,5.885418076184537e-09,0.07803164746364483,0.7985130436868664,25,20,20
24,8247,0.12345828382279539,5.885954304830016e-09,0.07815452168486614,0.7983871886063862,25,20,20
24,8248,0.12346222427270606,5.8854401249832326e-09,0.07802984187399666,0.7985079279678593,25,20,20
24,8249,0.12346913610016182,5.885461681888794e-09,0.07802993848384886,0.7985009195305293,25,20,20
24,8250,0.12435105149538538,5.9095575500781e-09,0.07714801988367401,0.7985009227113854,25,20,20
24,8251,0.14713316471303098,2.8724495358001343e-09,0.05436787014012855,0.7984989622743938,25,20,20
24,8252,0.14643029653367765,2.2318375515168544e-08,0.05507068924643477,0.7984989919015151,25,20,20
24,8253,0.14642637385315888,2.231834096233222e-08,0.055070590264634144,0.7985030135638688,25,20,20
24,8254,0.1464263689467577,2.2318357964891163e-08,0.05507059074882595,0.7985030179860612,25,20,20
24,8255,0.14642635073077828,2.2318059253999512e-08,0.05506388527831807,0.7985097416728469,25,20,20
24,8256,0.1464224292287729,2.2318024616389402e-08,0.055059166780076454,0.7985183816731285,25,20,20
24,8257,0.1461851451594319,2.231492677119133e-08,0.055057385834326455,0.7987574466913178,25,20,20
24,8258,0.14618899766822172,2.231496987531663e-08,0.05505738902535109,0.7987535909914599,25,20,20
24,8259,0.14623738715715756,2.2365768670163086e-08,0.055009016726729455,0.7987535737503468,25,20,20
24,8260,0.14623744095806143,2.2365764439141307e-08,0.05500905069411796,0.7987534859820583,25,20,20
24,8261,0.14624129448894843,2.2365808546514467e-08,0.055015575380540645,0.7987431077647047,25,20,20
24,8262,0.14623809112038644,2.236546438517955e-08,0.05459827717534331,0.7991636093388083,25,20,20
24,8263,0.1462390193963371,2.2365498983134302e-08,0.05459821773391325,0.7991627405042528,25,20,20
24,8264,0.14624214319357495,2.2369143268499977e-08,0.05459614356280432,0.7991616908744795,25,20,20
24,8265,0.14625025570006425,2.2369163985212865e-08,0.05459610738368488,0.7991536145470889,25,20,20
24,8266,0.14625815816414003,2.23692208747976e-08,0.05460065972305646,0.7991411597435842,25,20,20
24,8267,0.17682494087887834,2.2376948000457476e-08,0.023991170722008088,0.7991838660221657,25,20,20
24,8268,0.17682495540399523,2.2376965429756504e-08,0.02398647243293604,0.7991885497861035,25,20,20
24,8269,0.17682189077255583,2.2376947830236762e-08,0.023988751702008294,0.7991893351484883,25,20,20
24,8270,0.17682887744961662,2.237700061363174e-08,0.023988787316079258,0.7991823128573039,25,20,20
24,8271,0.17682389466108236,2.2391237087124735e-08,0.02400114151388391,0.7991749414337969,25,20,20
24,8272,0.1768239614534264,2.2391264013542323e-08,0.024001200213658966,0.7991748159416509,25,20,20
24,8273,0.17682389285915545,2.2377318648985254e-08,0.024000805242740997,0.799175279520785,25,20,20
24,8274,0.17682303416681083,2.2377292608470495e-08,0.024000770835419707,0.7991761726204767,25,20,20
24,8275,0.18394703924417105,2.2436866791274398e-08,0.016919421757709392,0.7991335165612525,25,20,20
24,8276,0.18394416532028132,2.2436880582781203e-08,0.016917130740085887,0.7991386815027522,25,20,20
24,8277,0.18393712400523776,2.2436781462406635e-08,0.016917263608993906,0.7991455899489871,25,20,20
24,8278,0.1841704860946357,2.2436889206404835e-08,0.016917310822403508,0.7989121806460717,25,20,20
24,8279,0.18417264256777496,2.2438425539564095e-08,0.016917373694201786,0.7989099612995979,25,20,20
24,8280,0.15459174783218363,5.5019682823648145e-08,0.0459697610781918,0.799438436069943,25,20,20
24,8281,0.15458882404746663,5.5019942387444113e-08,0.05036118481877633,0.7950499361138162,25,20,20
24,8282,0.1545978007699304,5.500571473896584e-08,0.050615807591676436,0.79478633663268,25,20,20
24,8283,0.15459682067510977,5.500569260391849e-08,0.050622409137755245,0.7947807151814434,25,20,20
24,8284,0.1545938236629262,5.5005679777174524e-08,0.05062232761901571,0.7947837937123794,25,20,20
24,8285,0.154589899939095,5.500564003313788e-08,0.050881957288858956,0.7945280877664069,25,20,20
24,8286,0.15458688666387022,5.5005630798953945e-08,0.050881840809804346,0.7945312175206951,25,20,20
24,8287,0.15458988260622739,5.5005639180313367e-08,0.050879599733496546,0.7945304626546376,25,20,20
24,8288,0.11965635225005801,7.673508605984783e-08,0.08581293280187104,0.7945306382129869,25,20,20
24,8289,0.12719652009563454,4.1338947102553456e-07,0.07737159848870662,0.7954314680261905,25,20,20
24,8290,0.12727584471367442,4.132712305967369e-07,0.07729227374936297,0.7954314682657347,25,20,20
24,8291,0.12726508942997625,4.132863107148995e-07,0.07722080120327225,0.7955136960804434,25,20,20
24,8292,0.12379700881917027,4.1346412422003637e-07,0.08068887975024908,0.7955136979664562,25,20,20
24,8293,0.12379101646770588,4.134781952165973e-07,0.08069242364331436,0.7955161464107846,25,20,20
24,8294,0.12379096452951681,4.1347819922690737e-07,0.0804262663958324,0.7957823555964515,25,20,20
24,8295,0.11996516872002774,4.292606271186584e-07,0.08425225080136813,0.7957821512179762,25,20,20
24,8296,0.11997984883522228,4.29245826696484e-07,0.08406333589589833,0.7959563860230522,25,20,20
24,8297,0.11998193256077418,4.2924579973977154e-07,0.08406481373889213,0.7959528244545341,25,20,20
24,8298,0.12050375256508909,4.29337321043777e-07,0.0841945110586326,0.7953013070389577,25,20,20
24,8299,0.11998706352067184,4.2924582846639383e-07,0.08443765143270031,0.7955748558008,25,20,20
24,8300,0.11019137866142537,1.3405539699117642e-06,0.0947608480146379,0.795046432769965,25,20,20
24,8301,0.11018838260109817,1.3405539790996477e-06,0.09476078638239642,0.7950494904625245,25,20,20
24,8302,0.11019244388531804,1.3405550619856788e-06,0.09476086588095202,0.7950453496786659,25,20,20
24,8303,0.11019247750471889,1.3405550675199682e-06,0.09476738871445053,0.7950387932257611,25,20,20
24,8304,0.11020037745441379,1.340554088894685e-06,0.09477163295146752,0.795026649040028,25,20,20
24,8305,0.11019438162575126,1.3405504637106699e-06,0.09477803290752573,0.7950262449162575,25,20,20
24,8306,0.11019145441563616,1.3405644907858918e-06,0.09515469633386857,0.7946525086860033,25,20,20
24,8307,0.11018654985561026,1.3405503894220097e-06,0.09551947486131213,0.7942926347326872,25,20,20
24,8308,0.11018951131100461,1.3405503924185242e-06,0.09551291783159523,0.7942962303070068,25,20,20
24,8309,0.11018974589665648,1.3405506400430217e-06,0.09577914239693085,0.7940297711557721,25,20,20
24,8310,0.10995932729543827,1.3405505498922965e-06,0.0957790958906047,0.7942602362634062,25,20,20
24,8311,0.11338717445058802,1.340373715033309e-06,0.09235125038599457,0.7942602347897015,25,20,20
24,8312,0.11338516085710967,1.3403737501768897e-06,0.09234475983296661,0.7942687389361729,25,20,20
24,8313,0.11338516080556615,1.3403737414353955e-06,0.09234035528668087,0.794273143534011,25,20,20
24,8314,0.11460164751749521,3.915059556938479e-06,0.09112124184762013,0.7942731955753277,25,20,20
24,8315,0.11458686323697961,3.9150597511221415e-06,0.0911169352417752,0.7942922864614939,25,20,20
24,8316,0.11458392811488158,3.9150597516004085e-06,0.09112155424665802,0.7942906025787085,25,20,20
24,8317,0.11409000103821032,3.915146065409954e-06,0.09161279951474414,0.7942932843009797,25,20,20
24,8318,0.11409315086533196,3.915934013892517e-06,0.09193603360584125,0.7939668995948123,25,20,20
24,8319,0.11409597113752415,3.915933477636793e-06,0.09193374697179375,0.7939663659572038,25,20,20
24,8320,0.11409586596675929,3.91593346019768e-06,0.09166712779520383,0.7942330903045766,25,20,20
24,8321,0.11409794711323994,3.9159334340144385e-06,0.09166705576717554,0.7942310811861502,25,20,20
24,8322,0.11410094151898517,3.915933411942423e-06,0.09129871975253857,0.7945964227950644,25,20,20
24,8323,0.1140958096566077,3.91593338313645e-06,0.09092576794578776,0.794974506464222,25,20,20
24,8324,0.11409868622793308,3.91593337870046e-06,0.09101799648954184,0.7948794013491469,25,20,20
24,8325,0.11417496932155152,3.915936063690614e-06,0.09102289773006587,0.7947982170123195,25,20,20
24,8326,0.11439499733936083,4.1297972141715565e-06,0.09080528882568395,0.7947955840377416,25,20,20
24,8327,0.11439507054902759,4.129797232643179e-06,0.10476545271728643,0.7808353469364532,25,20,20
24,8328,0.1144069872310288,4.129797607909809e-06,0.0911734765183723,0.7944154064529915,25,20,20
24,8329,0.1144099838607529,4.1297976165872705e-06,0.0911735072892495,0.7944123790523808,25,20,20
24,8330,0.10610529314547938,4.129931248378866e-06,0.0994782489295536,0.7944123279937179,25,20,20
24,8331,0.10610223079350335,4.129931231274336e-06,0.09947823794880672,0.7944154013264579,25,20,20
24,8332,0.10610521144968404,4.129931230474815e-06,0.09948488692999433,0.7944057716890902,25,20,20
24,8333,0.1061161166417948,4.129931309431039e-06,0.09948041824036612,0.7943993351865285,25,20,20
24,8334,0.10603676748735223,4.1299285890158635e-06,0.09948432888429311,0.7944747736997644,25,20,20
24,8335,0.10603876411669716,4.129928540389229e-06,0.09947780375008959,0.7944793022046724,25,20,20
24,8336,0.10603870094338269,4.12991475117933e-06,0.09910876569806568,0.7948484034438,25,20,20
24,8337,0.10603873635049837,4.129914746637961e-06,0.09902310033120466,0.7949340334035498,25,20,20
24,8338,0.1060238746503083,4.129914363082959e-06,0.09865681638797491,0.7953151790473533,25,20,20
24,8339,0.10602054714042915,4.12912639059236e-06,0.09834098028254806,0.7956343434506319,25,20,20
24,8340,0.10603551301271896,4.129126518738561e-06,0.09833229089786101,0.7956280669629008,25,20,20
24,8341,0.10603252561728063,4.1291404188378035e-06,0.09842452636084592,0.7955388188814543,25,20,20
24,8342,0.10603550635312231,4.129140427049633e-06,0.09842452412640429,0.7955358403800459,25,20,20
24,8343,0.10602860473517833,4.129140652621782e-06,0.09879745674046514,0.7951698093837039,25,20,20
24,8344,0.10602565952024863,4.129140652318647e-06,0.09880394744345984,0.7951662638956392,25,20,20
24,8345,0.10641599833560302,3.1920222506131618e-06,0.09576065549020452,0.7978201541519425,25,20,20
24,8346,0.10640503118692901,3.192035872755092e-06,0.09584917373030401,0.7977426030468944,25,20,20
24,8347,0.1064010381568027,3.1920348350501083e-06,0.09611525467655553,0.7974805151318074,25,20,20
24,8348,0.10639830343112062,3.192034871880328e-06,0.09611987831413986,0.7974786262198685,25,20,20
24,8349,0.10639874898321629,3.192034637276477e-06,0.0917280449464713,0.8018700140356766,25,20,20
24,8350,0.10639576842434796,3.192034636775322e-06,0.0917260148951605,0.8018750246458562,25,20,20
24,8351,0.1063956046886685,3.1920343670106175e-06,0.0917259197232709,0.801875283553695,25,20,20
24,8352,0.10639833762593243,3.192034330479746e-06,0.09172283802816505,0.8018756323115732,25,20,20
24,8353,0.10640069179418045,3.192034922125739e-06,0.09172439204659909,0.8018717241242994,25,20,20
24,8354,0.10641165473455864,3.1920350006157667e-06,0.09172444948783559,0.8018607037426065,25,20,20
24,8355,0.10641468466310278,3.192021094715187e-06,0.0987961617651413,0.7947859615506626,25,20,20
24,8356,0.1064176620977846,3.19200687540899e-06,0.0987079828106407,0.7948711630847006,25,20,20
24,8357,0.11606839725185975,3.191764412101773e-06,0.08905725023070447,0.794871160753025,25,20,20
24,8358,0.11606852156543063,3.1917644035118246e-06,0.08937290657662214,0.7945553800935454,25,20,20
24,8359,0.11606846502275121,3.1917645006641395e-06,0.08974018132330518,0.7941881618894441,25,20,20
24,8360,0.09604700747805893,5.200757575253101e-06,0.1106604535011903,0.7932873382631768,25,20,20
24,8361,0.09605346154468704,5.200757592942456e-06,0.110394283455865,0.7935470542418561,25,20,20
24,8362,0.09605044074688167,5.200757606898495e-06,0.11045163962048282,0.7934927188750294,25,20,20
24,8363,0.09605364632392577,5.200757652554986e-06,0.11043772227226192,0.7935034306461608,25,20,20
24,8364,0.0960576416854002,5.200757625979564e-06,0.11006855107068177,0.7938686064862931,25,20,20
24,8365,0.08281821819654828,2.8647675916912178e-06,0.1233103757704277,0.7938685412654314,25,20,20
24,8366,0.08281616904787877,2.8647676628673777e-06,0.1233079568465071,0.7938730093379501,25,20,20
24,8367,0.08281328303402168,2.8647677002916053e-06,0.12304172132080399,0.7941421308774728,25,20,20
24,8368,0.08280729765129013,2.8647676561917874e-06,0.12303710131104245,0.7941527362700098,25,20,20
24,8369,0.08182276625849604,2.8557363112292047e-06,0.1266756129772211,0.7914987650279702,25,20,20
24,8370,0.08183083487227477,2.855736380031491e-06,0.11951170501091707,0.7986546043804275,25,20,20
24,8371,0.08183382957468041,2.85573637117035e-06,0.1195072338055046,0.7986560808834433,25,20,20
24,8372,0.081838040995736,2.855736352177174e-06,0.11987790418355364,0.7982811990843564,25,20,20
24,8373,0.08183801352380994,2.8557363571250116e-06,0.11987793166922771,0.7982811990706034,25,20,20
24,8374,0.0818401456057904,2.8557363222496484e-06,0.119877848160206,0.7982791504976793,25,20,20
24,8375,0.08184315873751925,2.8557363402225636e-06,0.11987124431243226,0.7982827412137066,25,20,20
24,8376,0.08183742336990019,2.855859255401232e-06,0.11987697896032477,0.798282741810518,25,20,20
24,8377,0.08183742426997025,2.8558592553982518e-06,0.11987697766017485,0.798282742210598,25,20,20
24,8378,0.08143778135317563,2.706260215189205e-07,0.12027925844447446,0.7982826895763269,25,20,20
24,8379,0.080588959852565,2.2508863661084336e-07,0.12112812598761097,0.7982826890711858,25,20,20
24,8380,0.07611856755478556,2.581558985144306e-07,0.12559735627455793,0.7982838180147567,25,20,20
24,8381,0.07611558871893358,2.581558897641586e-07,0.1255958484749681,0.7982883046502078,25,20,20
24,8382,0.07612371556373215,6.890464270026075e-06,0.12554946568704403,0.7983199282849518,25,20,20
24,8383,0.07611936372736759,6.8904637070199985e-06,0.1255480698958021,0.7983256759131214,25,20,20
24,8384,0.07415401756893818,6.890532125484846e-06,0.12751326439130775,0.7983258275076269,25,20,20
24,8385,0.07415398671344947,6.890532129341445e-06,0.1271402505445196,0.7986988722099,25,20,20
24,8386,0.07415092623359001,6.8905321029525226e-06,0.12714187283269385,0.7987003104016117,25,20,20
24,8387,0.07415097451242642,6.8905318695914634e-06,0.12750720643230348,0.7983349285233988,25,20,20
24,8388,0.07415083348817272,6.8905459234824125e-06,0.12751953295500495,0.7983227430108976,25,20,20
24,8389,0.07414284465145282,6.890545852120736e-06,0.12751949364171156,0.7983307711609823,25,20,20
24,8390,0.07413789829541108,6.8905458323604555e-06,0.12741366610071508,0.7984415450580403,25,20,20
24,8391,0.07448107080960943,6.8804183124805715e-06,0.12707050546064225,0.7984415433114347,25,20,20
24,8392,0.07517202106232637,6.6363139963381015e-06,0.12638097745139515,0.7984403651722815,25,20,20
24,8393,0.08581104495775063,3.51509104682512e-05,0.11565966809230968,0.798494136039471,25,20,20
24,8394,0.08581113228561055,3.5150910513743436e-05,0.11565970169928191,0.7984940151045931,25,20,20
24,8395,0.11379715653132251,6.417020876189005e-08,0.08779408948345441,0.7984086898150136,25,20,20
24,8396,0.08390087524471516,6.156621068082496e-08,0.11768883377573167,0.7984102294133418,25,20,20
24,8397,0.08390066340189895,6.156618273585176e-08,0.11742182219142235,0.7986774528404953,25,20,20
24,8398,0.11038470784938861,6.069415544855209e-08,0.0909377785742498,0.7986774528822046,25,20,20
24,8399,0.1483129303129606,6.129311353728662e-08,0.05300955101509144,0.7986774573788381,25,20,20
24,8400,0.1483138425994756,6.12931390476723e-08,0.05300955390715993,0.798676542200229,25,20,20
24,8401,0.1484284758631903,6.129326161935539e-08,0.05263686330619052,0.7989345995373611,25,20,20
24,8402,0.14843238223878225,6.129325186179533e-08,0.052370709462523306,0.7991968470054457,25,20,20
24,8403,0.14842553189267874,6.129321735550986e-08,0.052377274004463965,0.7991971328096426,25,20,20
24,8404,0.1096457295519831,6.290485049901628e-08,0.09114386790494672,0.7992103396382179,25,20,20
24,8405,0.11552227628761479,6.075729094915551e-08,0.08526846764608774,0.7992091953090048,25,20,20
24,8406,0.11551542836471279,6.075726532692702e-08,0.08526849821488712,0.7992160126631329,25,20,20
24,8407,0.11563023917691248,6.075739100976552e-08,0.08526717979818038,0.7991025202675144,25,20,20
24,8408,0.11563311639495603,6.075738599453009e-08,0.09157527383832577,0.7927915490093308,25,20,20
24,8409,0.11563318996121931,6.075741511319844e-08,0.09157851677110945,0.7927882325102549,25,20,20
24,8410,0.11563224461949341,6.07577337679324e-08,0.09195141478331964,0.7924162798394522,25,20,20
24,8411,0.11564835733625074,6.075785989110289e-08,0.09195600509789634,0.7923955768079918,25,20,20
24,8412,0.11565142345982128,6.075785202262462e-08,0.0919575420768961,0.7923909737054291,25,20,20
24,8413,0.1161075889605717,6.076002399834277e-08,0.0856497033305549,0.7982426469488476,25,20,20
24,8414,0.11610641786758054,6.075970114645652e-08,0.08527698821138914,0.7986165331613274,25,20,20
24,8415,0.11609646651688837,6.075973775975438e-08,0.08527710630830385,0.7986263664150683,25,20,20
24,8416,0.11609553611606682,6.075971546344855e-08,0.08540632637858182,0.7984980767456343,25,20,20
24,8417,0.1160926635250707,6.075973502668105e-08,0.08567138966849312,0.7982358860467,25,20,20
24,8418,0.11610758947277842,6.075982363185377e-08,0.0856649125396319,0.7982274372277651,25,20,20
24,8419,0.11610462867630503,6.077373612754952e-08,0.08575566296338286,0.798139647586575,25,20,20
24,8420,0.11610173943669666,6.075970989189966e-08,0.08574345127560486,0.798154748527988,25,20,20
24,8421,0.11610161323185164,6.075967193543343e-08,0.08574032545544968,0.7981580005530262,25,20,20
24,8422,0.13730707081069096,4.255065189321445e-07,0.06454472208487518,0.7981477815979161,25,20,20
24,8423,0.13706423742444435,4.2550716110039546e-07,0.06917689472494602,0.7937584423434499,25,20,20
24,8424,0.13731229798057681,4.2550959597126924e-07,0.06880416463171976,0.7938831118781086,25,20,20
24,8425,0.13731235130197997,4.2550960792189293e-07,0.06867467382781087,0.7940125493606023,25,20,20
24,8426,0.13744086663823013,4.255116353928956e-07,0.06867471651375691,0.7938839913363788,25,20,20
24,8427,0.1374377137028804,4.255115982200595e-07,0.06867471450244945,0.7938871462830731,25,20,20
24,8428,0.1374407094473931,4.2551160666928404e-07,0.06867468037604299,0.7938841846649582,25,20,20
24,8429,0.15012484756110825,4.6534958776865625e-07,0.05599045073136951,0.7938842363579356,25,20,20
24,8430,0.15135181658587593,4.051849355797935e-07,0.054763611090011904,0.7938841671391775,25,20,20
24,8431,0.15110374667458218,4.0518224041844873e-07,0.05476802305287471,0.7941278250903038,25,20,20
24,8432,0.15128016058475074,4.051844437838077e-07,0.0548971993413895,0.793822234889417,25,20,20
24,8433,0.15936728263709316,5.266159523406398e-08,0.046809910984086954,0.7938227537172257,25,20,20
24,8434,0.1593523330257829,5.2661471758761565e-08,0.046809901651548275,0.793837712661198,25,20,20
24,8435,0.15935224492246167,5.2647577044463456e-08,0.04671750033984357,0.7939302020901187,25,20,20
24,8436,0.159109095449678,5.2645423616551826e-08,0.04698340742582116,0.793907444479078,25,20,20
24,8437,0.15908508460893275,5.2645228227659354e-08,0.04697858797477406,0.7939362747710661,25,20,20
24,8438,0.1591429578058554,5.264528135259153e-08,0.04671213483588949,0.7941448547129748,25,20,20
24,8439,0.15914283648649127,5.264525476643783e-08,0.046712133427771425,0.7941449774404838,25,20,20
24,8440,0.14351559442284423,5.252429004373555e-08,0.06233946089164819,0.7941448921612192,25,20,20
24,8441,0.14760789385725442,2.6220750205835497e-07,0.05824874658191022,0.794143097353335,25,20,20
24,8442,0.1475550941616352,2.622074368897487e-07,0.05862146490702511,0.7938231787239046,25,20,20
24,8443,0.1475577868970904,2.6220740279944776e-07,0.05862154576331689,0.7938204051321917,25,20,20
24,8444,0.1473424389991565,2.6299749033340213e-07,0.054088919863505155,0.7985683781398494,25,20,20
24,8445,0.1473434964827073,2.6299753127185184e-07,0.05408584383661645,0.7985703966831466,25,20,20
24,8446,0.14734539054187987,2.62997499464484e-07,0.05408422059211072,0.7985701258685115,25,20,20
24,8447,0.1473483702912466,2.6299750362488745e-07,0.05408413843298956,0.7985672282782617,25,20,20
24,8448,0.14735134737747294,2.6299749339147017e-07,0.05408413623676913,0.7985642533882659,25,20,20
24,8449,0.14735327118978334,2.6299746974367395e-07,0.054083840292901836,0.7985626255198461,25,20,20
24,8450,0.1473512390889817,2.6299769547516157e-07,0.0603245290386602,0.7923239688746636,25,20,20
24,8451,0.1473487748611152,2.630117722027758e-07,0.0605052577548211,0.7921457043722927,25,20,20
24,8452,0.14879062182443523,2.634508011477135e-07,0.059063463409856645,0.7921456513149084,25,20,20
24,8453,0.14878769584762544,2.634508105360956e-07,0.059063463766117624,0.7921485769354478,25,20,20
24,8454,0.13273468968328903,2.2361304279574645e-07,0.0751137918317974,0.7921512948718725,25,20,20
24,8455,0.13273468936955748,2.2361304263091826e-07,0.07511402042232908,0.7921510665950723,25,20,20
24,8456,0.13273262184553922,2.2361305986457154e-07,0.07524339146448956,0.7920237630769127,25,20,20
24,8457,0.13273172945721515,2.2361320633519498e-07,0.0752480211155132,0.7920200258140665,25,20,20
24,8458,0.13273078236856561,2.236131636295406e-07,0.07525475310441093,0.7920142409138609,25,20,20
24,8459,0.13272778757088607,2.2361315520246532e-07,0.07538502192012536,0.7918869668958344,25,20,20
24,8460,0.1327277534464976,2.2361313661270956e-07,0.07538502090180693,0.7918870020385599,25,20,20
24,8461,0.13273064439847101,2.236129820448897e-07,0.07538028143391946,0.7918888505546284,25,20,20
24,8462,0.1327325707212464,2.2361304364742855e-07,0.07538040318089506,0.791886802484816,25,20,20
24,8463,0.13255615586080835,2.2361084020734321e-07,0.07525114584344657,0.7921924746849056,25,20,20
24,8464,0.13255574569031586,2.2359677301227394e-07,0.07507030399412583,0.7923737267187864,25,20,20
24,8465,0.13255488194093623,2.2280387615563226e-07,0.07497698958885943,0.7924679056663293,25,20,20
24,8466,0.1325548292698943,2.2280387599978397e-07,0.07497046816500902,0.7924744797612218,25,20,20
24,8467,0.13255780247630322,2.2280413430513197e-07,0.07471321890270115,0.7927287558168625,25,20,20
24,8468,0.1330159010895896,2.2280627578321834e-07,0.07458411426256265,0.7923997618415731,25,20,20
24,8469,0.13301905852051188,2.2588858938684949e-07,0.11184157587417079,0.7551391397167281,25,20,20
24,8470,0.13314459420257369,2.2598252463522287e-07,0.11171602356330329,0.7551391562515986,25,20,20
24,8471,0.1331475902050329,2.2598253354592628e-07,0.11171579503406708,0.7551363887783665,25,20,20
24,8472,0.1331554902753813,2.2598258499248374e-07,0.11171596360078365,0.7551283201412499,25,20,20
24,8473,0.13339177783006467,2.259857420225816e-07,0.11171767267083321,0.7548903235133595,25,20,20
24,8474,0.13339092789833937,2.2598551643440645e-07,0.10548178669112543,0.7611270594250179,25,20,20
24,8475,0.13339099560447168,2.259855341697804e-07,0.10535800624301292,0.7612507721669804,25,20,20
24,8476,0.13339388640060437,2.2598554040021705e-07,0.11641199222259722,0.7501938953912574,25,20,20
24,8477,0.133541515797531,2.477183652301959e-07,0.11626394337684481,0.7501942931072579,25,20,20
24,8478,0.13336463044811508,2.592776286314617e-07,0.11644077165410206,0.7501943386201532,25,20,20
24,8479,0.133353696913032,2.592775594173433e-07,0.11644071715484453,0.7502053266545633,25,20,20
24,8480,0.13335364452922976,2.592775415133036e-07,0.11644063422845026,0.7502054619647773,25,20,20
24,8481,0.13335795842144513,2.592777116593668e-07,0.10550311834875153,0.7611386639520912,25,20,20
24,8482,0.13338274084862872,2.5928396422741364e-07,0.13102042671233796,0.7355965731550689,25,20,20
24,8483,0.13361997681339813,2.5928424640825265e-07,0.13102244067724877,0.7353573232251069,25,20,20
24,8484,0.1333837296584625,2.592811179464167e-07,0.1310208098627219,0.7355952011976978,25,20,20
24,8485,0.13338371346551048,2.592811082692007e-07,0.13101434916476692,0.7356016780886145,25,20,20
24,8486,0.13337647401120908,2.592809326350407e-07,0.13090020287379203,0.7357230638340666,25,20,20
24,8487,0.1500773843409755,2.3762643566046095e-07,0.11420248123653522,0.7357198967960531,25,20,20
24,8488,0.1500743728922499,2.3762633246245055e-07,0.1142089904044974,0.7357163990769195,25,20,20
24,8489,0.14990166893824047,2.3722806795717292e-07,0.11438163714839263,0.7357164566852988,25,20,20
24,8490,0.14990861104042996,2.3722810153548804e-07,0.11438632194346264,0.7357048297880056,25,20,20
24,8491,0.14669499123238208,4.065110036709502e-06,0.1175966710432767,0.7357042726143042,25,20,20
24,8492,0.14669805316725382,4.0651100084570235e-06,0.11759647924309442,0.7357014024796429,25,20,20
24,8493,0.14669808853875707,4.065110025260457e-06,0.11759415812264024,0.7357036882285773,25,20,20
24,8494,0.15058637825267213,1.5255114232256742e-08,0.11370993331550919,0.7357036731767047,25,20,20
24,8495,0.15047456002719758,1.5254997026054246e-08,0.11370971274604898,0.7358157119717571,25,20,20
24,8496,0.15046252157852175,1.5254899076935133e-08,0.11371181961920027,0.7358256435473792,25,20,20
24,8497,0.1500044068838969,1.5252780866545268e-08,0.11371619602795947,0.7362793818353635,25,20,20
24,8498,0.14976997634044256,1.5252475228331918e-08,0.11370920800713293,0.7365208003999498,25,20,20
24,8499,0.14977003781997741,1.5252484638468166e-08,0.11370440453254979,0.7365255423949886,25,20,20
24,8500,0.14977304997394247,1.5252493846987798e-08,0.11370594509113444,0.7365209896824293,25,20,20
24,8501,0.1243333997128544,2.1500207235471517e-05,0.1391239168253212,0.736521183254589,25,20,20
24,8502,0.12432820490948672,2.1500207249639224e-05,0.1434085210675113,0.7322417738157523,25,20,20
24,8503,0.12770035653797265,2.1562691447483005e-05,0.15412983951718257,0.7181482412533973,25,20,20
24,8504,0.15311435551908337,7.776038599837968e-08,0.1287375158577056,0.7181480508628255,25,20,20
24,8505,0.15311542480018292,7.776031545642744e-08,0.12873739394150285,0.7181471034979993,25,20,20
24,8506,0.15357168870392857,7.473132670977019e-08,0.13098880659247455,0.715439429972269,25,20,20
24,8507,0.15357468818801379,7.473137533608545e-08,0.13099351188913613,0.7154317251914738,25,20,20
24,8508,0.15357174358490336,7.473137518449015e-08,0.13099190808242495,0.7154362736012956,25,20,20
24,8509,0.15356880118216334,7.473137488003968e-08,0.1309919055198943,0.7154392185665663,25,20,20
24,8510,0.15363958867796007,7.473355607098588e-08,0.1309920672011608,0.715368269387322,25,20,20
24,8511,0.11894517388548109,7.474560046861713e-08,0.16550427673578316,0.7155504746331337,25,20,20
24,8512,0.11894811620901045,7.474560052805627e-08,0.16550424807290423,0.7155475609724833,25,20,20
24,8513,0.11894813560139988,7.474561922116329e-08,0.16551085076250316,0.7155409388904761,25,20,20
24,8514,0.11894806477078329,7.474558021419144e-08,0.16085341064457492,0.7201984498390606,25,20,20
24,8515,0.11918063508712676,7.474820429579461e-08,0.16097766290825097,0.7198416272564166,25,20,20
24,8516,0.11918357578603318,7.474819541615003e-08,0.16097993908625444,0.7198364103795157,25,20,20
24,8517,0.11918065116959774,7.474847576108268e-08,0.1611094269795049,0.7197098471024203,25,20,20
24,8518,0.119212217329714,7.464751863617123e-08,0.16107785539713537,0.7197098526256306,25,20,20
24,8519,0.11921240978483089,7.464754616700609e-08,0.16107785487358084,0.7197096606940409,25,20,20
24,8520,0.11921242574612345,7.464754190153016e-08,0.16107133304055968,0.7197161665657735,25,20,20
24,8521,0.11921540458367069,7.464755018630473e-08,0.16107125233393385,0.719713268434844,25,20,20
24,8522,0.1371908911208343,1.216561378691418e-08,0.14344572269702602,0.7193633740165244,25,20,20
24,8523,0.1371969661225984,1.2165609293673445e-08,0.14344100853214875,0.7193620131796418,25,20,20
24,8524,0.13718999046141517,1.216557471876123e-08,0.14343620940819085,0.719373787964818,25,20,20
24,8525,0.13712221393376486,1.2163402812501022e-08,0.14343601938743672,0.7194417545153946,25,20,20
24,8526,0.13711925762421442,1.2163435330818598e-08,0.14344307059156391,0.719437659620785,25,20,20
24,8527,0.1371192588203225,1.2163439705807416e-08,0.1434431831865988,0.7194375458296379,25,20,20
24,8528,0.1371300330617537,1.2177344088776199e-08,0.14381716344972467,0.719052791311177,25,20,20
24,8529,0.13713005574270654,1.2177076216002026e-08,0.14380815449403345,0.719061777586183,25,20,20
24,8530,0.1371270414039255,1.2177067948363514e-08,0.14380626912937614,0.7190666772896296,25,20,20
24,8531,0.13712698897108946,1.2177067952107067e-08,0.14380627113652866,0.7190667277153132,25,20,20
24,8532,0.13712501044484746,1.2192169492542745e-08,0.14389867560389816,0.7189763017590842,25,20,20
24,8533,0.1371220205282035,1.219223437518402e-08,0.15786235370365673,0.7050156135759049,25,20,20
24,8534,0.13153015253941783,1.2942533481376952e-08,0.16344785863578348,0.7050219758822656,25,20,20
24,8535,0.13152321780393217,1.2942502038385371e-08,0.16382081388948344,0.7046559553640824,25,20,20
24,8536,0.131522198059533,1.2942559282303275e-08,0.16382073948676262,0.7046570495111453,25,20,20
24,8537,0.13151925535937845,1.2942559123280115e-08,0.16382062560565674,0.7046601060924058,25,20,20
24,8538,0.13151631083669515,1.2942825545743236e-08,0.16382736926277913,0.7046563069577002,25,20,20
24,8539,0.13128399965532953,1.2940202844599013e-08,0.16369861101091787,0.7050173763935499,25,20,20
24,8540,0.1312841076322546,1.2941747002841461e-08,0.16369872728266685,0.7050171521433319,25,20,20
24,8541,0.13006955347736984,1.3351850884818428e-08,0.1649131789832974,0.7050172541874822,25,20,20
24,8542,0.14795185892882562,1.3536035288638573e-08,0.1470308700157711,0.7050172575193685,25,20,20
24,8543,0.14795536474853807,1.3535982482940074e-08,0.18445851428556928,0.6675861074299095,25,20,20
24,8544,0.1479565646717601,1.3536003517003936e-08,0.18446325617581538,0.6675801656164208,25,20,20
24,8545,0.1479565806526865,1.353574457401674e-08,0.1982996928289601,0.6537437129826092,25,20,20
24,8546,0.18613544235730778,1.2525916250836319e-08,0.16012872122173263,0.6537358238950439,25,20,20
24,8547,0.1861423611335445,1.2525919625135756e-08,0.16011939252113985,0.6537382338193964,25,20,20
24,8548,0.18614428621632167,1.252599909464764e-08,0.16011940029797553,0.6537363009597043,25,20,20
24,8549,0.1861423593005578,1.2525920192975738e-08,0.16011947711550653,0.6537381510580161,25,20,20
24,8550,0.18614120839483264,2.353396834701285e-07,0.19664931412830686,0.6172092421371764,25,20,20
24,8551,0.18614322277309062,2.3532456426692462e-07,0.1965569102673447,0.6172996316350001,25,20,20
24,8552,0.18615231169811527,2.35325141548152e-07,0.1965593491061976,0.6172881038705452,25,20,20
24,8553,0.18615209819730705,2.3532356648806802e-07,0.19656586738537152,0.6172817990937549,25,20,20
24,8554,0.1861530816047022,2.3532360646900595e-07,0.1965608569094462,0.6172858261622451,25,20,20
24,8555,0.18683340845479568,2.3532578604754953e-07,0.19668412065282503,0.6164822355665934,25,20,20
24,8556,0.1870453472192748,0.02319205216645762,0.17580211253151654,0.6139604880827499,25,20,20
24,8557,0.18717868242531424,0.023191829418965627,0.17911994948380666,0.6105095386719148,25,20,20
24,8558,0.1871787522741451,0.023191829418983123,0.179119947900461,0.610509470406412,25,20,20
24,8559,0.18717780607239323,0.02319182943279821,0.1793846365626727,0.610245727932137,25,20,20
24,8560,0.18649744349151265,0.023191829430612557,0.18550447745577409,0.6048062496221016,25,20,20
24,8561,0.18640140037648287,0.023191829376444782,0.1518055688138616,0.63860120143321,25,20,20
24,8562,0.18636411150628576,0.023191829364312175,0.1456567596532331,0.644787299476169,25,20,20
24,8563,0.18636698933271514,0.023191829364294526,0.14566137815550365,0.6447798031474867,25,20,20
24,8564,0.18637003820248527,0.023191829364294515,0.14566137813797556,0.6447767542952445,25,20,20
24,8565,0.18758047134739375,0.023191828957169723,0.14445105533855648,0.6447766443568795,25,20,20
24,8566,0.1490201428770134,0.02319182898784405,0.1830113853635028,0.6447766427716418,25,20,20
24,8567,0.14902203675886352,0.023191828987346827,0.183009067101424,0.6447770671523679,25,20,20
24,8568,0.14902291504809545,0.023191829001417964,0.18272864184501103,0.6450566141054778,25,20,20
24,8569,0.14902983976138365,0.02319182900144102,0.16876283343760573,0.6590154977995699,25,20,20
24,8570,0.14902982119901334,0.023191828987399816,0.16867034456885877,0.6591080052447283,25,20,20
24,8571,0.14903266228194575,0.02319182898738516,0.16867683294989896,0.6590986757807703,25,20,20
24,8572,0.14881529154335907,0.011236771949600101,0.18088306020550035,0.6590648763015433,25,20,20
24,8573,0.1651142554556366,0.011236771905225111,0.16458416661824926,0.6590648060208913,25,20,20
24,8574,0.16511421786977054,0.011236771891365882,0.16431785235130306,0.6593311578875629,25,20,20
24,8575,0.1651141800161967,0.011236771891368968,0.1643224378751164,0.6593266102173203,25,20,20
24,8576,0.16511411255677266,0.011236771891359923,0.16432242098042504,0.6593266945714436,25,20,20
24,8577,0.16481723098217976,0.0112367718410483,0.16463303541962343,0.6593129617571482,25,20,20
24,8578,0.1648145646916836,0.011236771841311177,0.16480632158426228,0.6591423418827433,25,20,20
24,8579,0.16481763316643097,0.011236771841237593,0.1508469697836371,0.6730986252086947,25,20,20
24,8580,0.16481763240087957,0.03998099926216575,0.12210274312742285,0.6730986252095329,25,20,20
24,8581,0.13996265781388745,0.039980987630045116,0.14694966573571538,0.6731066888203522,25,20,20
24,8582,0.13996563779757348,0.039980987630054934,0.14695626809400797,0.6730971064783637,25,20,20
24,8583,0.13996542747227736,0.03998098763002289,0.1469560692834504,0.6730975156142495,25,20,20
24,8584,0.13138707581252498,0.03998217283673191,0.1555331878721762,0.6730975634785671,25,20,20
24,8585,0.13138705887891056,0.039982172836732735,0.14929197076187745,0.6793387975224793,25,20,20
24,8586,0.13138405976753367,0.03998217283696673,0.1496603359164455,0.6789734314790543,25,20,20
24,8587,0.1313731496884598,0.03998217283689708,0.1496602452471783,0.6789844322274647,25,20,20
24,8588,0.13052029213142746,0.03998217328195093,0.15069530728016725,0.6788022273064536,25,20,20
24,8589,0.1305173648832455,0.039982173281978,0.1507019099529257,0.6787985518818502,25,20,20
24,8590,0.1305183390438719,0.0399821732817451,0.15069998098962134,0.6787995066847609,25,20,20
24,8591,0.1305153621672845,0.03998217329680825,0.15107415035022093,0.6784283141856859,25,20,20
24,8592,0.13051524146582627,0.03998217329678133,0.15106754712096002,0.678435038116432,25,20,20
24,8593,0.13052209200537088,0.039982173296841866,0.1510722225833775,0.6784235121144094,25,20,20
24,8594,0.13052214230837436,0.03998217328179608,0.15069813176725871,0.6787975526425706,25,20,20
24,8595,0.13075635598493465,0.03998217328187078,0.15070295583178778,0.6785585149014061,25,20,20
24,8596,0.1307632760760076,0.038740433355539075,0.1519377756593107,0.6785585149091418,25,20,20
24,8597,0.13076120852943535,0.03874043335557383,0.15193319440605743,0.6785651637089327,25,20,20
24,8598,0.12902490658877616,0.03874043571712796,0.15366917836227512,0.6785654793318203,25,20,20
24,8599,0.12906653279224292,0.03874043658616783,0.15362731823476816,0.6785657123868215,25,20,20
24,8600,0.12906965051345246,0.038740436586168145,0.15362731737614066,0.678562595524239,25,20,20
24,8601,0.12475663644414825,0.03874083356969935,0.15783313629242562,0.6786693936937241,25,20,20
24,8602,0.12475372324587351,0.03874083357035133,0.19312501168961035,0.6433804314941625,25,20,20
24,8603,0.12475659665294266,0.03874083357034211,0.1931249318078258,0.6433776379688874,25,20,20
24,8604,0.12455976425304764,0.03874083356086575,0.19332199763310828,0.6433774045529763,25,20,20
24,8605,0.12455680211354521,0.03874083356085695,0.19332199904201752,0.643380365283578,25,20,20
24,8606,0.13444408913311803,0.03873964850658428,0.1834359134961946,0.6433803488641009,25,20,20
24,8607,0.1344410394439654,0.038739648506606404,0.18343611041375876,0.6433832016356672,25,20,20
24,8608,0.13444094193430622,0.03873964850661651,0.18343130143847286,0.6433881081206024,25,20,20
24,8609,0.1344340352715766,0.03873964850655969,0.1834267933968671,0.6433995228249951,25,20,20
24,8610,0.13443606697161045,0.038739648506542365,0.18342667784372446,0.6433976066781216,25,20,20
24,8611,0.1344390468644029,0.03873964850651978,0.18342648381818566,0.6433948208108906,25,20,20
24,8612,0.13456215085727138,0.038739647645773784,0.18330338033784963,0.6433948211591038,25,20,20
24,8613,0.1345541820066762,0.03873964763185109,0.18292951979387875,0.6437766505675931,25,20,20
24,8614,0.12286630298880667,0.038740795164449525,0.19462437106591735,0.6437685307808271,25,20,20
24,8615,0.12286234330988348,0.03874079516442918,0.1946262747744394,0.6437705867512488,25,20,20
24,8616,0.12286134094976368,0.038740795164504294,0.19462636123516197,0.6437715026505706,25,20,20
24,8617,0.12216726594128563,0.03874079494119689,0.1953204334831484,0.6437715056343672,25,20,20
24,8618,0.1221672823330784,0.03874079494121113,0.1953205103640659,0.6437714123616425,25,20,20
24,8619,0.12295276667712382,0.03874039750292732,0.19464208777013908,0.6436647480498078,25,20,20
24,8620,0.12787208342395426,0.03874039751139738,0.19440908989053657,0.6389784291741111,25,20,20
24,8621,0.1278691409883425,0.03874039751139738,0.19440908790714084,0.6389813735931181,25,20,20
24,8622,0.12787111932556083,0.03874039751146942,0.19404273006474976,0.6393457530982194,25,20,20
24,8623,0.12787411623072376,0.03874039751147325,0.19403624061748445,0.6393492456403175,25,20,20
24,8624,0.12787411565234527,0.0387403975114757,0.19403632401553916,0.6393491628206388,25,20,20
24,8625,0.12787409969647898,0.03874039751146279,0.19404272906063416,0.6393427737314227,25,20,20
24,8626,0.1278741009301014,0.03874039751146295,0.19404281315273572,0.6393426884056992,25,20,20
24,8627,0.12796718434510607,0.03874039730912254,0.19394977430997146,0.639342644035799,25,20,20
24,8628,0.12797021706363945,0.03874039731024985,0.19408746486782674,0.6392019207582831,25,20,20
24,8629,0.12943758473637068,0.038739249769893666,0.19262123442170645,0.6392019310720285,25,20,20
24,8630,0.12944757414706096,0.038739249769974095,0.1929963207481316,0.6388168553348328,25,20,20
24,8631,0.12944776653665893,0.03873924976888213,0.19285863176884369,0.6389543519256147,25,20,20
24,8632,0.12922169429954872,0.03873925043488356,0.19989188788009252,0.6321471673854754,25,20,20
24,8633,0.1292196635457641,0.038739250434910784,0.1998853800278035,0.6321557059915218,25,20,20
24,8634,0.12928647935967177,0.03873925043738723,0.20014975621641512,0.6318245139865266,25,20,20
24,8635,0.12928267329068086,0.03874676180468667,0.2001460509277938,0.6318245139768404,25,20,20
24,8636,0.1292744794135943,0.038746761138636836,0.19310808674059754,0.6388706727071723,25,20,20
24,8637,0.14952185138511462,0.03874730630472148,0.17285759432879677,0.6388732479813681,25,20,20
24,8638,0.16452406324943233,0.038746761127234984,0.1578585188014269,0.6388706568219049,25,20,20
24,8639,0.16452621815946228,0.03874676112721901,0.15785851460453665,0.6388685061087814,25,20,20
24,8640,0.16346441176290694,0.038746761811790424,0.158911411795771,0.6388774146295308,25,20,20
24,8641,0.16346552189915467,0.038746761811698664,0.1589114441429401,0.6388762721462055,25,20,20
24,8642,0.1634624374608353,0.03874676181167944,0.15891614488863487,0.6388746558388493,25,20,20
24,8643,0.1643371114906959,0.03874676187999283,0.15804147066587554,0.6388746559634357,25,20,20
24,8644,0.16433934245384857,0.03874676188011947,0.15804799388126675,0.638865901784765,25,20,20
24,8645,0.16433928393600464,0.03874676188014589,0.158041393561108,0.6388725606227413,25,20,20
24,8646,0.16434236835511368,0.03874676188042821,0.15804339697237102,0.6388674727920869,25,20,20
24,8647,0.1643402824502874,0.038746761880436034,0.15804336364202445,0.6388695920272518,25,20,20
24,8648,0.164257692829128,0.0387467643886347,0.1581348557776928,0.6388606870045441,25,20,20
24,8649,0.16425758717100236,0.03874676438869117,0.15813493421544875,0.6388607142248575,25,20,20
24,8650,0.1588895475375357,0.03874676711276465,0.16350324715447176,0.638860438195229,25,20,20
24,8651,0.15888945963492151,0.038746767112474184,0.16349654453802653,0.6388672287145789,25,20,20
24,8652,0.19612012629784212,0.038746767448564,0.12626591057509065,0.638867195678502,25,20,20
24,8653,0.18666091020037429,0.03874677191443252,0.13572521161528361,0.6388671062699087,25,20,20
24,8654,0.18665406056369802,0.03874677191442346,0.13572521211694627,0.638873955404932,25,20,20
24,8655,0.1969199361177952,0.03874676705058547,0.12545935015455584,0.638873946677063,25,20,20
24,8656,0.1969200240792447,0.038746767050610725,0.12545282844389172,0.638880380426253,25,20,20
24,8657,0.19389566734956531,0.03874676721632865,0.12847718347992637,0.6388803819541797,25,20,20
24,8658,0.19389488790261156,0.03874676721629429,0.12848178595580778,0.6388765589252862,25,20,20
24,8659,0.1938918739727255,0.03874676721623688,0.12861107129944516,0.6387502875115922,25,20,20
24,8660,0.19388957805874774,0.03874676721623522,0.12861102931121812,0.6387526254137987,25,20,20
24,8661,0.20097915327650917,0.03874676216884786,0.12152149905507612,0.6387525854995666,25,20,20
24,8662,0.2009811699196569,0.03874676216882215,0.12152149832751385,0.6387505695840067,25,20,20
24,8663,0.2009811180211068,0.038746762168826665,0.12178768090857849,0.6384844389014876,25,20,20
24,8664,0.20098109883019546,0.03874676216881783,0.12178772212220784,0.6384844168787784,25,20,20
24,8665,0.2009810455757537,0.0387467621688003,0.121787835277136,0.6384843569783097,25,20,20
24,8666,0.20097822784003447,0.03874676216878611,0.12205389350158223,0.6382211164895968,25,20,20
24,8667,0.20097831371552688,0.038746762168812926,0.12192452349831838,0.6383504006173414,25,20,20
24,8668,0.20097534078272594,0.038746762168804794,0.12192914072410638,0.6383487563243626,25,20,20
24,8669,0.20097748092533405,0.03874676216876526,0.12193380265409122,0.6383419542518092,25,20,20
24,8670,0.2008792841958945,0.03874676217740319,0.12201668082186432,0.6383572728048377,25,20,20
24,8671,0.2008793386042675,0.038746762177395075,0.12201668074026532,0.6383572184780718,25,20,20
24,8672,0.20087939125852258,0.038746762177395214,0.12201659543635128,0.6383572511277306,25,20,20
24,8673,0.2358062651596793,0.038746762411385645,0.08710012337207448,0.6383468490568602,25,20,20
24,8674,0.2358093093980207,0.03874676241140378,0.08710202557091266,0.6383419026196626,25,20,20
24,8675,0.23580920039588485,0.03874676241141699,0.08709732137780782,0.63834671581489,25,20,20
24,8676,0.23580620204730024,0.03874676241142541,0.08709542036340512,0.638351615177869,25,20,20
24,8677,0.23580630980540446,0.038746762411411576,0.08710012356165482,0.6383468042215289,25,20,20
24,8678,0.23604548557882596,0.03874676242534889,0.09332039961733575,0.6318873523784891,25,20,20
24,8679,0.23610610135462476,0.0387467624310668,0.09325978006094844,0.6318873561533614,25,20,20
24,8680,0.23615180211561243,0.03874676242870152,0.09299864885196057,0.6321027866037271,25,20,20
24,8681,0.23615175066788502,0.038746762428710224,0.09299873956912358,0.6321027473342827,25,20,20
24,8682,0.2361586364434737,0.03874676242885305,0.09299883596326403,0.6320957651644108,25,20,20
24,8683,0.2361517168627065,0.03874676242869162,0.09299862716205136,0.632102893546552,25,20,20
24,8684,0.23626547469363446,0.03874676237425653,0.09290018877209982,0.6320875741600107,25,20,20
24,8685,0.23626855696452867,0.03874676237427559,0.09290030115900655,0.6320843795021908,25,20,20
24,8686,0.23626542203620654,0.03874676237424792,0.09290018648409491,0.6320876291054521,25,20,20
24,8687,0.2361500998126075,0.03874676238798313,0.09326941211464929,0.6318337256847616,25,20,20
24,8688,0.23615011408086556,0.03995317217361773,0.09206298805498175,0.6318337256905364,25,20,20
24,8689,0.23680379422785133,0.03995316892089393,0.09140931523406831,0.6318337216171879,25,20,20
24,8690,0.23680682501573982,0.03995316892091074,0.09140278613845983,0.631837219924891,25,20,20
24,8691,0.21528540691068346,0.03995490803149401,0.11292226357804953,0.6318374214797744,25,20,20
24,8692,0.21528012683878475,0.03995490803137236,0.11292225783806825,0.6318427072917762,25,20,20
24,8693,0.2153436973783012,0.03995490803173237,0.1129244181047896,0.6317769764851782,25,20,20
24,8694,0.21534662436953617,0.0399549080178821,0.11255053963189669,0.6321479279806864,25,20,20
24,8695,0.2153466751002268,0.0399549080178856,0.11255053712789023,0.6321478797539988,25,20,20
24,8696,0.1969856146292033,0.039953168919411336,0.13091353815195053,0.6321476782994345,25,20,20
24,8697,0.19698859361603013,0.039953168919384434,0.13064746883915668,0.6324107686254284,25,20,20
24,8698,0.19698554227701195,0.03995316891938372,0.13065395813909614,0.6324073306645079,25,20,20
24,8699,0.19698249647079055,0.039953168919384045,0.13065403758900124,0.632410297020824,25,20,20
24,8700,0.1858729428557288,0.039953169007638706,0.1417626209777927,0.6324112671588393,25,20,20
24,8701,0.18587685647760413,0.039953169007655734,0.14176262223970693,0.6324073522750326,25,20,20
24,8702,0.185879137016132,0.0399531690087465,0.14176265899257953,0.6324050349825413,25,20,20
24,8703,0.18587913945209217,0.03995316902325126,0.1417714394714103,0.6323962520532457,25,20,20
24,8704,0.18587228327070102,0.03995316902448578,0.17829918513101586,0.5958753625737991,25,20,20
24,8705,0.18587328572734763,0.03995341808398076,0.18175755843772085,0.5924157377509525,25,20,20
24,8706,0.18587333529658254,0.03995341808399033,0.18176217739275644,0.5924110692266723,25,20,20
24,8707,0.18587320358749668,0.03954957389271314,0.18216615318814558,0.592411069331646,25,20,20
24,8708,0.18587020788420616,0.039988427990192484,0.18173029490518988,0.5924110692204129,25,20,20
24,8709,0.1858771284177059,0.03998842799022735,0.18172369622918158,0.5924107473628863,25,20,20
24,8710,0.18889024905873833,0.039988427829020595,0.1787105282147884,0.5924107948974542,25,20,20
24,8711,0.18889021752526053,0.039988427829002464,0.17871064001206047,0.5924107146336779,25,20,20
24,8712,0.18449532502449328,0.0399886197944245,0.18310229116323762,0.592413764017846,25,20,20
24,8713,0.18449537862112161,0.039988619794433106,0.18309576714978654,0.59242023443466,25,20,20
24,8714,0.18450481512634287,0.039988619914065125,0.1830862637848429,0.5924203011747504,25,20,20
24,8715,0.1845027268560589,0.03998861991303265,0.18317853549444613,0.5923301177364635,25,20,20
24,8716,0.22115670397107837,0.03998861990863647,0.14652359351802546,0.5923310826022599,25,20,20
24,8717,0.2211536542817985,0.03998861990901349,0.14678517718023007,0.5920725486289582,25,20,20
24,8718,0.22401055980828644,0.039988889312853396,0.14392770897918558,0.5920728418996748,25,20,20
24,8719,0.22401055917477236,0.03995759701392353,0.1439590019115864,0.592072841899718,25,20,20
24,8720,0.22381944009192964,0.039957597277166315,0.14415016920193446,0.5920727934289698,25,20,20
24,8721,0.22381649458730202,0.03995759727717372,0.14424233135394304,0.5919835767815814,25,20,20
24,8722,0.22381951191336846,0.039957597277147656,0.14424881113830496,0.5919740796711794,25,20,20
24,8723,0.2238194379734907,0.039957597277165524,0.14398263731390537,0.5922403274354386,25,20,20
24,8724,0.22381146343878075,0.03995759727704142,0.14360762207374597,0.5926233172104324,25,20,20
24,8725,0.2238114619838157,0.039957597277041124,0.14360746671137084,0.5926234740277728,25,20,20
24,8726,0.22357912591061016,0.0399575972631149,0.1373871942756448,0.5990760825506308,25,20,20
24,8727,0.22351848335988278,0.03995759726273667,0.13738038631330268,0.5991435330640783,25,20,20
24,8728,0.2235192478799654,0.03995759727527228,0.1420323719299058,0.5944907829148568,25,20,20
24,8729,0.2235729564124872,0.03995759731994982,0.1419786690746747,0.59449077719289,25,20,20
24,8730,0.22357283556776072,0.039957597333877444,0.142232163943936,0.5942374031544272,25,20,20
24,8731,0.22357045559664399,0.03995759733390828,0.1424992881396575,0.5939726589297915,25,20,20
24,8732,0.22356969107492053,0.03995759810844263,0.13821817718094764,0.5982545336356906,25,20,20
24,8733,0.22374281052509012,0.039957627217137096,0.13804502828663742,0.5982545339711333,25,20,20
24,8734,0.22385845431209236,0.03995762721928924,0.13804540294625461,0.5981385155223616,25,20,20
24,8735,0.23496770129979583,0.03995762713280613,0.12693710957732346,0.5981375619900722,25,20,20
24,8736,0.23458156474227854,0.03995762713342229,0.12732326202084357,0.5981375461034536,25,20,20
24,8737,0.23457457362464626,0.03995762634632139,0.1269542870139791,0.598513513015051,25,20,20
24,8738,0.23899693184659385,0.03995743457331114,0.12253516233770924,0.5985104712423834,25,20,20
24,8739,0.2388775136106007,0.039957434572236473,0.12253960235230293,0.5986254494648576,25,20,20
24,8740,0.23888032644827828,0.039957434600800444,0.12880140773097543,0.5923608312199439,25,20,20
24,8741,0.23888125487045792,0.0399574346008273,0.1287091374157718,0.5924521731129411,25,20,20
24,8742,0.2388781891059366,0.03995743458632629,0.12870178058588608,0.5924625957218488,25,20,20
24,8743,0.2388812019638595,0.03995743468106975,0.1639135170816883,0.5572478462733804,25,20,20
24,8744,0.23689778312396953,0.03995743487897366,0.16589662406137295,0.5572481579356817,25,20,20
24,8745,0.2369029016936414,0.039957434879082945,0.16589501012083846,0.557244653306435,25,20,20
24,8746,0.2369687175232572,0.03995719030508118,0.16582945218849704,0.5572446399831632,25,20,20
24,8747,0.23697176443935317,0.03995719032064713,0.16592187724362367,0.5571491679963743,25,20,20
24,8748,0.2369689669453942,0.03995719029209835,0.15966659651831094,0.5634072462441935,25,20,20
24,8749,0.23696887483901738,0.03995719029210636,0.15965999759029084,0.5634139372785825,25,20,20
24,8750,0.23710149954807416,0.03995718993157499,0.15952748823033386,0.5634138222900141,25,20,20
24,8751,0.2370995145602547,0.039957189931458456,0.15952759705172015,0.5634156984565638,25,20,20
24,8752,0.2312025564360652,0.03995719746804131,0.16542453907258647,0.5634157070233045,25,20,20
24,8753,0.21240070679095133,0.03995732597398597,0.18422656767131504,0.5634153995637451,25,20,20
24,8754,0.2335278431885492,0.03995719726798755,0.1630995651209636,0.5634153944224972,25,20,20
24,8755,0.23352579373639362,0.0399571972524484,0.16301374257032197,0.5635032664408335,25,20,20
24,8756,0.23955148308692478,0.03995718944644509,0.15698807033186893,0.5635032571347582,25,20,20
24,8757,0.23955386334294831,0.03995718944641473,0.15672754799759653,0.563761399213038,25,20,20
24,8758,0.23956053741581926,0.039957189446191366,0.15654766396739675,0.5639346091705904,25,20,20
24,8759,0.23956050213621108,0.039957189446240424,0.1565521696420165,0.56393013877553,25,20,20
24,8760,0.23979691831609584,0.03995718944990082,0.1565458973068547,0.5636999949271466,25,20,20
24,8761,0.24004016396319006,0.039957189571293024,0.16097589198891818,0.5590267544765962,25,20,20
24,8762,0.2400430221792744,0.039957189571234994,0.1608901846969486,0.5591096035525401,25,20,20
24,8763,0.2400460191474569,0.03995718957122926,0.1608836961167616,0.5591130951645502,25,20,20
24,8764,0.2395869987406039,0.03995718967945912,0.16134271440830072,0.5591130971716354,25,20,20
24,8765,0.23958403457789196,0.039957189679695464,0.16134936408800357,0.5591094116544086,25,20,20
24,8766,0.23971756487506518,0.039957189513311536,0.161215843819903,0.5591094017917198,25,20,20
24,8767,0.2397185847879363,0.03995718951300605,0.16120925086490648,0.5591149748341506,25,20,20
24,8768,0.23963576644214332,0.03995716039895556,0.1612920984485408,0.5591149747103574,25,20,20
24,8769,0.22402430024727132,0.03995747380728987,0.1769009102402862,0.5591173157051498,25,20,20
24,8770,0.22407007554140612,0.03995747380654661,0.17685513458919144,0.559117316062853,25,20,20
24,8771,0.22406799092146748,0.039957473806572656,0.17685502121197,0.559119514059987,25,20,20
24,8772,0.2239489026942792,0.039957473810717195,0.17697410900424326,0.5591195144907577,25,20,20
24,8773,0.22394793815963868,0.03995747382451377,0.17734818448670162,0.5587464035291433,25,20,20
24,8774,0.22371164452046843,0.039957473820844844,0.17734799880324484,0.5589828828554392,25,20,20
24,8775,0.223712662918783,0.03995747382078332,0.17734151240582047,0.5589883508546104,25,20,20
24,8776,0.22371483464053937,0.03995747382134864,0.17734173170951467,0.5589859598285948,25,20,20
24,8777,0.22371478049541868,0.0399574738209676,0.1770820497075464,0.5592456959760652,25,20,20
24,8778,0.2237127829648549,0.03995747382099896,0.17708379426735749,0.5592459489467869,25,20,20
24,8779,0.22337267257447235,0.0399574738238756,0.1774238777874862,0.5592459758141642,25,20,20
24,8780,0.22320724516971996,0.0455071709372925,0.1720396033204874,0.5592459805724985,25,20,20
24,8781,0.22322413757332973,0.04550717090860762,0.17201173627514588,0.5592569552429143,25,20,20
24,8782,0.21294207428572964,0.04550817939120679,0.18229268202658086,0.5592570642964791,25,20,20
24,8783,0.2129421272326092,0.04550817937726112,0.1820392665992937,0.5595104267908327,25,20,20
24,8784,0.21293922242439506,0.045508179377275554,0.18213139170008358,0.5594212064982426,25,20,20
24,8785,0.21294298498336783,0.045508179377402834,0.1820457388662193,0.5595030967730068,25,20,20
24,8786,0.1739669621235774,0.04550858059559986,0.21496753411292815,0.5655569231678926,25,20,20
24,8787,0.1739721201911042,0.04550858058234974,0.21459354014241847,0.565925759084126,25,20,20
24,8788,0.17396604278235261,0.045508580582058124,0.2145999472330629,0.5659254294025249,25,20,20
24,8789,0.21293910042043135,0.04550817936381988,0.18168111792171718,0.5598716022940289,25,20,20
24,8790,0.21287658664536985,0.045508179366283284,0.18175460240399258,0.5598606315843514,25,20,20
24,8791,0.21281494187319264,0.04550817488083861,0.17830684066710112,0.5633700425788668,25,20,20
24,8792,0.21281378471069104,0.04550817488122558,0.17831343751242426,0.5633646028956584,25,20,20
24,8793,0.21280381789185512,0.0455081767853256,0.17832338650496507,0.5633646188178533,25,20,20
24,8794,0.22827983459925816,0.04550788167869811,0.16285000803051258,0.5633622756915302,25,20,20
24,8795,0.22828479039748895,0.04550788167834521,0.16297254815778628,0.5632347797663786,25,20,20
24,8796,0.2282976495057771,0.04830159730031964,0.1601619610244229,0.5632387921694805,25,20,20
24,8797,0.2283007176804107,0.048301597300309605,0.16015726307221836,0.5632404219470618,25,20,20
24,8798,0.22830071563876078,0.04830159730030911,0.16015710326385854,0.5632405837970719,25,20,20
24,8799,0.22830081463123453,0.04830159731424121,0.16016929864694013,0.5632282894075844,25,20,20
24,8800,0.22830074358469768,0.04830159731394154,0.1601627816360974,0.5632348774652636,25,20,20
24,8801,0.22830093702951587,0.04830159731393341,0.16016283054433025,0.5632346351122206,25,20,20
24,8802,0.22829872151115208,0.04830159731286485,0.16015801634043927,0.5632416648355434,25,20,20
24,8803,0.2283017972962442,0.04830159731287553,0.16642187478630316,0.5569747306045758,25,20,20
24,8804,0.22830185280429027,0.04830159731287532,0.1662974213622415,0.5570991285205917,25,20,20
24,8805,0.24660666561917563,0.04830160334740197,0.14808675334749766,0.5570049776859239,25,20,20
24,8806,0.24661057923628338,0.04830160334741436,0.1480867650637105,0.557001052352591,25,20,20
24,8807,0.24660852210149176,0.04830160392170647,0.1591412295597371,0.5459486444170641,25,20,20
24,8808,0.2466055108016362,0.04830160392165509,0.15914325936448045,0.545949625912228,25,20,20
24,8809,0.2247108315402998,0.04830222788881877,0.1810250173977415,0.5459619231731389,25,20,20
24,8810,0.22471285378431677,0.048302227861319214,0.18102299442387315,0.5459619239304897,25,20,20
24,8811,0.22470679317473338,0.0483022278613371,0.18101831287513584,0.5459726660887925,25,20,20
24,8812,0.224708769285835,0.04830222786141467,0.18101628602059253,0.5459727168321566,25,20,20
24,8813,0.2260817668097706,0.04275253279655662,0.18519298146619823,0.5459727189274717,25,20,20
24,8814,0.22607870083969864,0.04275253279656633,0.18519304764867658,0.5459757187150559,25,20,20
24,8815,0.22615132075541358,0.04275253279971082,0.18528550880214406,0.5458106376427289,25,20,20
24,8816,0.22264633882265594,0.042752532905442335,0.18879048989952668,0.5458106383723726,25,20,20
24,8817,0.22264616144767754,0.04275253290569433,0.18879798017832922,0.5458033254682971,25,20,20
24,8818,0.22265308697783529,0.042755042626178366,0.18878854492300787,0.5458033254729776,25,20,20
24,8819,0.24455167136680342,0.04275441675867235,0.16690289872621353,0.54579101314831,25,20,20
24,8820,0.2445487019346954,0.04275441675872523,0.16063905274751009,0.5520578285590687,25,20,20
24,8821,0.24454864682171162,0.042754416758733746,0.1606325649128339,0.5520643715067202,25,20,20
24,8822,0.24454868177445505,0.042754416758511125,0.1606260602263397,0.552070841240694,25,20,20
24,8823,0.2445457808533928,0.0427544167446243,0.1606138621813218,0.5520859402206608,25,20,20
24,8824,0.2447094265724016,0.04275414910365333,0.16045174564087705,0.5520846786830677,25,20,20
24,8825,0.24470940947072442,0.042754149103409,0.16044417166535804,0.5520922697605082,25,20,20
24,8826,0.24471238850211294,0.042754149103417134,0.16043768058488886,0.5520957818095805,25,20,20
24,8827,0.24471238725802935,0.04275414910341658,0.1604377268917175,0.552095736746836,25,20,20
24,8828,0.2554860872439413,0.039960449889890094,0.1524562324684373,0.5520972303977317,25,20,20
24,8829,0.25548530056141855,0.039960449889748756,0.1524543248478,0.5520999247010334,25,20,20
24,8830,0.2554853012239568,0.039960449889748687,0.1524542948237368,0.5520999540625585,25,20,20
24,8831,0.25548827925332795,0.03996044988974016,0.15245440904794594,0.5520968618089868,25,20,20
24,8832,0.2467873828153754,0.039960444076243364,0.16115530137512937,0.5520968717332516,25,20,20
24,8833,0.24678438707192352,0.03996044407623483,0.1611552154192384,0.5520999534326028,25,20,20
24,8834,0.24678440303071508,0.03996044407624335,0.16115521666216337,0.5520999362308776,25,20,20
24,8835,0.24065233997940674,0.03996044410473155,0.1672872901242412,0.5520999257916201,25,20,20
24,8836,0.2406521626547072,0.03996044410469448,0.16728705945196365,0.5521003337886342,25,20,20
24,8837,0.24065815636623494,0.03996044410468028,0.16729164416965933,0.552089755359425,25,20,20
24,8838,0.2406541770480319,0.03996044410465084,0.1672870552303885,0.5520983236169281,25,20,20
24,8839,0.24065118169623856,0.03996044410464208,0.16728696974271906,0.5521014044563999,25,20,20
24,8840,0.2406511764856897,0.03874427101773946,0.16850314803519578,0.5521014044613747,25,20,20
24,8841,0.23726096435664018,0.03874429878586951,0.17188566379296033,0.55210907306453,25,20,20
24,8842,0.2372577937935878,0.0387442987861117,0.17225464855713368,0.5517432588631673,25,20,20
24,8843,0.2710866928052898,0.03874448986967476,0.13837572414705882,0.551793093177977,25,20,20
24,8844,0.2710846760934274,0.038744489869700055,0.13837801239002773,0.5517928216468452,25,20,20
24,8845,0.27108465976607826,0.03874448986968576,0.13837943604086472,0.5517914143233715,25,20,20
24,8846,0.2741096550122247,0.03874449261227102,0.1353544361648096,0.5517914162106949,25,20,20
24,8847,0.27410659093062956,0.03874449203739703,0.12429996947312988,0.5628489475588438,25,20,20
24,8848,0.27411726577900764,0.039918272349590875,0.12311551398593261,0.5628489478854691,25,20,20
24,8849,0.2741202290700924,0.03991827234958565,0.1233816508029656,0.5625798477773565,25,20,20
24,8850,0.26835430288360307,0.039918269505818386,0.12914758258843118,0.5625798450221469,25,20,20
24,8851,0.2683559544058273,0.039918269507420105,0.1291459313384377,0.5625798447483144,25,20,20
24,8852,0.26943753393109054,0.03991825112698137,0.12806436888608108,0.5625798460558464,25,20,20
24,8853,0.269433674072568,0.03991825112694239,0.12833047992715885,0.5623175948733302,25,20,20
24,8854,0.2694317184066193,0.03991825112743935,0.1283348268791768,0.5623152035867643,25,20,20
24,8855,0.26399328442249465,0.03991824936145172,0.13377326335296677,0.5623152028630866,25,20,20
24,8856,0.2639975131655763,0.039918249361993306,0.13377383904150972,0.5623103984309205,25,20,20
24,8857,0.2640005160428396,0.03991824937537292,0.1337717842140346,0.5623094503677526,25,20,20
24,8858,0.26400249460234354,0.0399182493757865,0.13377849767461159,0.5623007583472581,25,20,20
24,8859,0.26422806997095294,0.039723509462963574,0.13374766171663638,0.5623007588494466,25,20,20
24,8860,0.26415452708916265,0.0397235094600132,0.1336599382703794,0.5624620251804443,25,20,20
24,8861,0.26163932610115714,0.03972354909998989,0.1361689564919433,0.5624681683069094,25,20,20
24,8862,0.2616423191562645,0.03972354909976473,0.1357952653437623,0.562838866400208,25,20,20
24,8863,0.2674642122449474,0.03972332978251308,0.1300310941043131,0.562781363868226,25,20,20
24,8864,0.2674670501822044,0.039723329782453604,0.13468829475423771,0.5581213252811037,25,20,20
24,8865,0.2674679814768533,0.039723329782524575,0.13495296357324518,0.5578557251673764,25,20,20
24,8866,0.2674678592788002,0.03972332978277774,0.13495298324471233,0.557855827693709,25,20,20
24,8867,0.26938101567418615,0.03972233033702572,0.13304091931167872,0.5578557346771091,25,20,20
24,8868,0.2748390833439145,0.03972233295259064,0.1275828482843675,0.5578557354191271,25,20,20
24,8869,0.2748420962168189,0.03972233295263627,0.12758291270830543,0.557852658122239,25,20,20
24,8870,0.2969114186206405,0.03972233089783869,0.10551359950672573,0.5578526509747948,25,20,20
24,8871,0.29691147460711764,0.039722330897843744,0.10551830002884036,0.5578478944661979,25,20,20
24,8872,0.2969085457064969,0.03972233089785248,0.10551830067064788,0.5578508227250023,25,20,20
24,8873,0.2939148548604228,0.03973005361844095,0.108509743910952,0.5578453476101854,25,20,20
24,8874,0.2939148707007092,0.039730053618621836,0.11911491898535832,0.5472401566953099,25,20,20
24,8875,0.31043357366066576,0.039730053710481286,0.10259621522363994,0.5472401574052141,25,20,20
24,8876,0.3104335704296854,0.0397300537104893,0.10259171051973719,0.5472446653400892,25,20,20
24,8877,0.3104327125601595,0.03973005371047298,0.10259604044610475,0.5472411932832636,25,20,20
24,8878,0.303690077062421,0.0397300598699706,0.1093386404097473,0.5472412226578619,25,20,20
24,8879,0.3136440683501144,0.039730053741440466,0.09938465649107883,0.5472412214173672,25,20,20
24,8880,0.3136415573217951,0.03973005378188812,0.09938715057421031,0.5472412383221072,25,20,20
24,8881,0.3045041123506805,0.03973041742948476,0.10853037485615663,0.547235095363679,25,20,20
24,8882,0.3045032148816976,0.03973041742947367,0.10400351960834975,0.5517628480804797,25,20,20
24,8883,0.3045101343650319,0.03973041742950841,0.10399695355650468,0.5517624946489558,25,20,20
24,8884,0.30450303864950024,0.03973041734051341,0.1040040497880695,0.5517624942219176,25,20,20
24,8885,0.30450093226729813,0.039730417339936146,0.10426797322336577,0.5515006771694007,25,20,20
24,8886,0.31566175182161166,0.03973001401619724,0.09310755891055177,0.5515006752516399,25,20,20
24,8887,0.31482164438320054,0.039730014043638524,0.0939476315630992,0.5515007100100625,25,20,20
24,8888,0.32372214048320463,0.03973000500408194,0.0850471793359498,0.5515006751767644,25,20,20
24,8889,0.3237200428538366,0.039730005004080624,0.08491681733161871,0.5516331348104647,25,20,20
24,8890,0.3237151912647391,0.039730005003677196,0.08491018177724217,0.5516446219543416,25,20,20
24,8891,0.32371219559886477,0.039730005003717414,0.08464401885921619,0.5519137805382017,25,20,20
24,8892,0.30504734805797723,0.039730006963743396,0.10299439360919342,0.5522282513690862,25,20,20
24,8893,0.3050443517205909,0.0397300069637158,0.10299432850058218,0.5522313128151111,25,20,20
24,8894,0.30504522661051514,0.03973000696422477,0.10300296255928254,0.5522218038659775,25,20,20
24,8895,0.30504827824568287,0.03973000696419865,0.10300300222651693,0.5522187125636016,25,20,20
24,8896,0.3232878392741444,0.039730006705826666,0.08507766277668397,0.5519044912433447,25,20,20
24,8897,0.3232877346947432,0.039730006719703066,0.08520716816940363,0.5517750904161498,25,20,20
24,8898,0.3157174506620012,0.0397539590204989,0.09275353472231751,0.5517750555951833,25,20,20
24,8899,0.3157154072889301,0.03975395900659515,0.09274665433563756,0.5517839793688382,25,20,20
24,8900,0.31572736070421054,0.03975395900871273,0.09248048843828043,0.5520381918487973,25,20,20
24,8901,0.31573029709823147,0.03975395900847465,0.09247574860118232,0.5520399952921122,25,20,20
24,8902,0.31573031337240304,0.039753959008475184,0.0924823229556769,0.5520334046634455,25,20,20
24,8903,0.3157273024168481,0.039753959008455,0.09248374928759899,0.5520349892870988,25,20,20
24,8904,0.3157275129216981,0.03975395900847583,0.09248873113603519,0.5520297969337917,25,20,20
24,8905,0.3157234670126337,0.03975395900843539,0.09248870654306472,0.5520338674358668,25,20,20
24,8906,0.3157234675478371,0.03975395900843577,0.09249027324612567,0.552032300197602,25,20,20
24,8907,0.30307049129620706,0.03975396274749355,0.10514140851574355,0.5520341374405563,25,20,20
24,8908,0.3030845066162657,0.03975396274755631,0.10514141409292138,0.552020116543257,25,20,20
24,8909,0.3028504652919576,0.050958753166489686,0.09417066516252248,0.552020116379031,25,20,20
24,8910,0.3028505024608606,0.05095875316632135,0.08981322698841213,0.5563775173844067,25,20,20
24,8911,0.3027440264390566,0.050958753216674195,0.08991968473606005,0.55637753560821,25,20,20
24,8912,0.30274095618381813,0.050958753216737235,0.08991961870593405,0.5563806718935113,25,20,20
24,8913,0.302740271394698,0.050958753280031195,0.09342732376892351,0.5528736515563452,25,20,20
24,8914,0.30372398473623474,0.05095875321552677,0.09244717671024244,0.5528700853379939,25,20,20
24,8915,0.29478406848412886,0.05095888035152721,0.10137549183818909,0.552881559326152,25,20,20
24,8916,0.2947860725779767,0.07963684314952359,0.07269540241847552,0.5528816818540254,25,20,20
24,8917,0.29478607481286623,0.07963684314946887,0.07269551036143446,0.5528815716762318,25,20,20
24,8918,0.29478912582414213,0.0796368431494871,0.07268890778272047,0.5528851232436515,25,20,20
24,8919,0.29477712828856106,0.07963684314939058,0.0726888659020896,0.5528971626599596,25,20,20
24,8920,0.2947833126213159,0.07963684314906008,0.07268036071895724,0.5528994835106674,25,20,20
24,8921,0.29478606154665626,0.07963684314905543,0.07276553150898976,0.5528115637952994,25,20,20
24,8922,0.29403741709008885,0.0796368431503518,0.07351417376573179,0.5528115659938284,25,20,20
24,8923,0.3226084261200256,0.07963684323717049,0.044872368812934826,0.5528823618298695,25,20,20
24,8924,0.3226153451497323,0.07963684323719628,0.044872206335466874,0.5528756052776049,25,20,20
24,8925,0.3226123835458581,0.07963684323717798,0.04478054328254183,0.5529702299344224,25,20,20
24,8926,0.3226152569957509,0.07963684323715654,0.03853283906508226,0.5592150607020101,25,20,20
24,8927,0.3226183744198071,0.07963684323715692,0.038537541099515085,0.5592072412435207,25,20,20
24,8928,0.32261837537068266,0.07963684323715714,0.038537542528766865,0.5592072388633932,25,20,20
24,8929,0.32258708261879443,0.07963684063126422,0.03856831397157345,0.5592077627783678,25,20,20
24,8930,0.3225828942270912,0.07963684063129442,0.03857480464803534,0.5592054604935791,25,20,20
24,8931,0.34417104227994394,0.07963670975208577,0.017000106447133158,0.5591921415208368,25,20,20
24,8932,0.34586626345182886,0.07963671087725636,0.015304733364812285,0.559192292306102,25,20,20
24,8933,0.3458593433388538,0.0796367108772304,0.01530484632774651,0.559199099456169,25,20,20
24,8934,0.3458593953819662,0.07963671086337594,0.015441519971145769,0.5590623737835119,25,20,20
24,8935,0.3458573258455656,0.07963671086339268,0.015441522638581999,0.5590644406524595,25,20,20
24,8936,0.3458572722969111,0.07963671086335655,0.01554826234002559,0.5589577544997065,25,20,20
24,8937,0.3411187476731638,0.07963672445366032,0.020091624518894232,0.5591529033542815,25,20,20
24,8938,0.33889845956359044,0.07963672462746993,0.022263897800591792,0.5592009180083476,25,20,20
24,8939,0.34196369597113424,0.07963672441896953,0.019246711941453762,0.5591528676684422,25,20,20
24,8940,0.31173829757140153,0.07970721787229365,0.04953446547274473,0.559020019083561,25,20,20
24,8941,0.31308168130215874,0.0797072167100149,0.0481912621112429,0.5590198398765844,25,20,20
24,8942,0.31307792139887636,0.07970721670949732,0.048197811578202875,0.559017050313424,25,20,20
24,8943,0.31308086382814315,0.07970721670949725,0.04819781216643116,0.5590141072959287,25,20,20
24,8944,0.31308093937270604,0.07970721670925356,0.047936264181034194,0.5592755797370065,25,20,20
24,8945,0.31308112713885855,0.0797072167092731,0.04794059150251874,0.5592710646493498,25,20,20
24,8946,0.31307312619704414,0.07970721671246035,0.04794859167858838,0.5592710654119073,25,20,20
24,8947,0.31306468804144616,0.07970721675201964,0.04795701234150321,0.5592710828650311,25,20,20
24,8948,0.27669893307295906,0.0797072171869619,0.08432266212152457,0.5592711876185539,25,20,20
24,8949,0.2766987459138192,0.07970721718694203,0.08431833345335332,0.5592757034458847,25,20,20
24,8950,0.27670146056607636,0.07970721724231401,0.08431561850225014,0.559275703689359,25,20,20
24,8951,0.27670153030670464,0.07970721724234629,0.08431651510955922,0.5592747373413893,25,20,20
24,8952,0.276821968999,0.07793757743030381,0.08596583846223149,0.5592746151084637,25,20,20
24,8953,0.2389713086694828,0.07793761793396298,0.12381645204236111,0.5592746213541907,25,20,20
24,8954,0.23847471739634307,0.0779376218235199,0.12431303939880736,0.5592746213813272,25,20,20
24,8955,0.24963802750607175,0.07793762177678004,0.11322049540395626,0.5592038553131897,25,20,20
24,8956,0.24964091816787998,0.07793762177684962,0.1132195941223285,0.5592018659329395,25,20,20
24,8957,0.2496379559656826,0.07793762177683783,0.11321945425488592,0.5592049680025916,25,20,20
24,8958,0.24964207383920603,0.07793762177664723,0.11321283609260649,0.5592074682915382,25,20,20
24,8959,0.24964209296498438,0.07793762177655533,0.11284003931401106,0.5595802459444472,25,20,20
24,8960,0.24963387966468725,0.07793762177496058,0.11283813815296845,0.5595903604073816,25,20,20
24,8961,0.24603711448697613,0.07793762129636018,0.11643502674100452,0.5595902374756578,25,20,20
24,8962,0.24641819834644224,0.07816555152071862,0.11578821389835924,0.5596280362344779,25,20,20
24,8963,0.2464174261719619,0.07816555152068562,0.11552207239993167,0.5598949499074193,25,20,20
24,8964,0.24246262900870788,0.07816554988294819,0.11947645983346461,0.5598953612748794,25,20,20
24,8965,0.24245963482628516,0.07816554988293957,0.11947634871541654,0.5598984665753586,25,20,20
24,8966,0.24245851358556783,0.07816554988301058,0.11947173773535075,0.5599041987960708,25,20,20
24,8967,0.24293794637645283,0.07816554635450858,0.11899230873252678,0.5599041985365117,25,20,20
24,8968,0.24293808766522812,0.07816554635476612,0.11899694491786804,0.5598994210621376,25,20,20
24,8969,0.2380772584892534,0.07809533078356623,0.12391158668693163,0.5599158240402476,25,20,20
24,8970,0.23807732715347438,0.07809533078357545,0.12391147620350403,0.5599158658594455,25,20,20
24,8971,0.23807739640262862,0.07809533078361124,0.12390991149763397,0.559917361316126,25,20,20
24,8972,0.2380744151234748,0.07809533078360331,0.1241760547655787,0.5596541993273436,25,20,20
24,8973,0.23807744392752966,0.0780953307836479,0.12418075830571823,0.5596464669831046,25,20,20
24,8974,0.2380776539901438,0.07809533078368046,0.12417617454881975,0.5596508406773557,25,20,20
24,8975,0.2349578461307308,0.07809536698091706,0.12729010425482337,0.5596566826335284,25,20,20
24,8976,0.2346337898583407,0.1165619667100509,0.08918534137448059,0.5596189020571284,25,20,20
24,8977,0.23463175868084915,0.11656196671007667,0.08918061001872905,0.5596256645903456,25,20,20
24,8978,0.2345123387172905,0.09258775768848712,0.11327423289792801,0.5596256706962951,25,20,20
24,8979,0.2345121974098483,0.09258775768847613,0.1132740870437276,0.5596259578579484,25,20,20
24,8980,0.23445658266951772,0.09385997288860638,0.1120575048073704,0.559625939634506,25,20,20
24,8981,0.23407243377909034,0.09385997868503328,0.11240385214379098,0.5596637353920858,25,20,20
24,8982,0.2340724004323168,0.09385997868499682,0.11239937577034789,0.5596682451123389,25,20,20
24,8983,0.23407237027101122,0.09385997869886925,0.11266676644215602,0.5594008845879639,25,20,20
24,8984,0.23409136373350165,0.09385997869923843,0.11267160855366486,0.5593770490135953,25,20,20
24,8985,0.2346348242421485,0.09385968789108,0.10751439574078436,0.5639910921259876,25,20,20
24,8986,0.23463487941382485,0.09385968789108885,0.1075209988149272,0.5639844338801595,25,20,20
24,8987,0.23463881487123317,0.09385968789090539,0.10752086875449483,0.563980628483367,25,20,20
24,8988,0.23464205806511654,0.09385968789091959,0.10734688728138105,0.5641513667625833,25,20,20
24,8989,0.23445906928345484,0.0938596879733642,0.10752990729176741,0.564151335451414,25,20,20
24,8990,0.23445906839570999,0.0938596879733375,0.10753001486690313,0.5641512287640499,25,20,20
24,8991,0.2348998989395742,0.09385968219862656,0.1071270060734261,0.5641134127883735,25,20,20
24,8992,0.234899682373986,0.09385968219862882,0.10712696733501881,0.5641136680923666,25,20,20
24,8993,0.23490365883256137,0.09385968219867358,0.10713338115014487,0.5641032778186204,25,20,20
24,8994,0.23490479525603156,0.09385968219860281,0.1071356871661023,0.5640998353792636,25,20,20
24,8995,0.2349018343249462,0.0938596821986258,0.1071402798573903,0.564098203619038,25,20,20
24,8996,0.23490217110890388,0.09384780725307117,0.10715181801877978,0.5640982036192453,25,20,20
24,8997,0.234891257620307,0.09388073894268911,0.10712979982711181,0.5640982036098924,25,20,20
24,8998,0.23489120125386986,0.09388073894267986,0.10712335265023583,0.5641047071532146,25,20,20
24,8999,0.23462733784932752,0.09388073900592049,0.10738716258545582,0.564104760559296,25,20,20
24,9000,0.23474685972473217,0.09388073900789912,0.10738919918997752,0.5639832020773908,25,20,20
24,9001,0.23451061029348316,0.09413885874553235,0.10736732971625788,0.5639832012447261,25,20,20
24,9002,0.23375919683017796,0.09413885888244115,0.10811874235916466,0.5639832019282158,25,20,20
24,9003,0.23375706289804263,0.09413885888263489,0.12208276384813571,0.5500213143711857,25,20,20
24,9004,0.23377675042329824,0.09413885888281522,0.12199066651771756,0.5500937241761679,25,20,20
24,9005,0.23365414378438715,0.09413885888057352,0.12198391165401722,0.550223085681021,25,20,20
24,9006,0.2336481697550584,0.06539496127650925,0.15073378318966563,0.5502230857787668,25,20,20
24,9007,0.23365915230215897,0.06539496127658939,0.1507402739666882,0.5502056124545635,25,20,20
24,9008,0.23366115055228392,0.06539496127656248,0.15074043441268548,0.5502034537584684,25,20,20
24,9009,0.23366109924395762,0.06539496127653038,0.1508279981198687,0.5501159413596434,25,20,20
24,9010,0.23364510951106127,0.06539496127639173,0.15095275708332637,0.5500071721292203,25,20,20
24,9011,0.23365203153499953,0.06539496127641752,0.15086049329711326,0.5500925138914695,25,20,20
24,9012,0.2335385373039464,0.06539512497651748,0.1556224437721208,0.5454438939474148,25,20,20
24,9013,0.23354546282490848,0.06536604351569372,0.1556445996992121,0.545443893960185,25,20,20
24,9014,0.2327264020758638,0.06536606381785118,0.1564635569307763,0.5454439771755091,25,20,20
24,9015,0.2327293269837182,0.06536606381782425,0.1564636668190021,0.5454409423794562,25,20,20
24,9016,0.23272627777501614,0.06536606381777983,0.15646358415788253,0.5454440742493223,25,20,20
24,9017,0.23272829237842782,0.09287647254461007,0.12895116061682357,0.5454440744601393,25,20,20
24,9018,0.23272443697053471,0.09287647254455714,0.12894921687584657,0.5454498736090616,25,20,20
24,9019,0.22856513552442337,0.09287647250718209,0.13310728180803008,0.5454511101603645,25,20,20
24,9020,0.22889785987903163,0.09287645250840995,0.13277467511819255,0.5454510124943659,25,20,20
24,9021,0.2286958978062784,0.09287628813554222,0.11398830755699356,0.5644395065011852,25,20,20
24,9022,0.22869589661801856,0.09287628813538332,0.1001522794043589,0.5782755358422385,25,20,20
24,9023,0.2286978951691005,0.09287628813535713,0.10002200496500199,0.5784038117305396,25,20,20
24,9024,0.22869789205731775,0.09287628813534711,0.10002662335704628,0.5783991964502884,25,20,20
24,9025,0.2330319856638486,0.09287629154271171,0.09569373670663467,0.5783979860868045,25,20,20
24,9026,0.23303647557318155,0.09285903351359431,0.09570650469131875,0.578397986221905,25,20,20
24,9027,0.23302612227577985,0.07746997540121746,0.11110591603638642,0.5783979862866161,25,20,20
24,9028,0.2330032996766651,0.07746997540104068,0.11110576622688603,0.578420958695408,25,20,20
24,9029,0.233003286498053,0.07870792813604498,0.10986782698255917,0.5784209583833428,25,20,20
24,9030,0.23306705860984325,0.07870792813922262,0.10986345881725798,0.5783615544336762,25,20,20
24,9031,0.23306705681615875,0.07870792813922253,0.10985875931383965,0.5783662557307792,25,20,20
24,9032,0.2330641969630803,0.1045030064482186,0.0840665472531681,0.5783662493355329,25,20,20
24,9033,0.23306021895740386,0.10450300644819245,0.08406677294302739,0.5783700016513762,25,20,20
24,9034,0.23306268827347876,0.10325255336882451,0.08531475667646493,0.5783700016812318,25,20,20
24,9035,0.23299585139521942,0.10325255336565563,0.08531442738700347,0.5784371678521214,25,20,20
24,9036,0.23299872454998297,0.10325255336564579,0.08531439964173926,0.5784343224426319,25,20,20
24,9037,0.23323370084718975,0.10325255336610828,0.09630413586585534,0.5672096099208473,25,20,20
24,9038,0.23328250341742257,0.1032525533661431,0.09629774862307296,0.5671671945933618,25,20,20
24,9039,0.23241368100498733,0.10325255520808758,0.09716650118010271,0.5671672626068228,25,20,20
24,9040,0.23241368294184564,0.10325255520809197,0.09717119603074695,0.5671625658193158,25,20,20
24,9041,0.23241651555187623,0.0899354576883909,0.11048546104468761,0.5671625657150455,25,20,20
24,9042,0.22708034904311913,0.08993545733196559,0.1156995024289504,0.567284691195965,25,20,20
24,9043,0.2270235082215358,0.08993545733185097,0.11570398197259127,0.5673370524740222,25,20,20
24,9044,0.22702957142538213,0.08993545733184267,0.1157039823768021,0.5673309888659733,25,20,20
24,9045,0.22702343886551432,0.08993545733181454,0.115703902843926,0.5673372009587451,25,20,20
24,9046,0.23212202464063383,0.08993545734458629,0.11072441693927275,0.5672181010755071,25,20,20
24,9047,0.23211947762940155,0.09118598148064633,0.10947643984423575,0.5672181010457166,25,20,20
24,9048,0.23211648128541296,0.09118598148063795,0.10947635228957814,0.567221184944371,25,20,20
24,9049,0.23211651480196932,0.09118598148063878,0.1094785022386041,0.5672190014787879,25,20,20
24,9050,0.23211651963195895,0.09118598148971083,0.1234448651686228,0.5532526337097057,25,20,20
24,9051,0.2321166432914557,0.09118598148970278,0.1234513047863578,0.5532460704324821,25,20,20
24,9052,0.2321126663411926,0.0911859814896633,0.12332191389659196,0.5533794382725509,25,20,20
24,9053,0.23211564478475605,0.09119508529375178,0.12330983165473013,0.5533794382667608,25,20,20
24,9054,0.23211264930939998,0.0911950852939878,0.1233145826599499,0.5533776827366611,25,20,20
24,9055,0.23231657708087344,0.09119508531132486,0.10262397099708309,0.5738643666107184,25,20,20
24,9056,0.2323156653477101,0.09119508531131318,0.10262416360323638,0.57386508573774,25,20,20
24,9057,0.2323156599556779,0.09119547132078401,0.10262378298814571,0.5738650857353922,25,20,20
24,9058,0.23232257684059401,0.09119547131173747,0.08865750132972336,0.5878244505179453,25,20,20
24,9059,0.19308896230367492,0.09119547185862407,0.12789102161382027,0.58782454422388,25,20,20
24,9060,0.19308491571644398,0.09119547187252439,0.12802059376703875,0.5876990186439918,25,20,20
24,9061,0.19308290298146966,0.09119547187256832,0.12802059814968894,0.5877010269962721,25,20,20
24,9062,0.19308290260984554,0.0911954718725691,0.1280206311099506,0.5877009944076339,25,20,20
24,9063,0.19385825572799792,0.09119717117448983,0.1272435084550669,0.587701064642445,25,20,20
24,9064,0.19386132328466568,0.09119717117426353,0.12723879000312205,0.5877027155379483,25,20,20
24,9065,0.17340044179804934,0.09119729872068476,0.14769890116368237,0.5877033583175814,25,20,20
24,9066,0.17340441769242015,0.09119729872071979,0.14769890497306357,0.5876993786137947,25,20,20
24,9067,0.16822370123497177,0.091197296858284,0.15288035219016588,0.5876986497165764,25,20,20
24,9068,0.16822092208944808,0.09119729685829257,0.15296782593594022,0.5876139551163174,25,20,20
24,9069,0.1682208506701649,0.09119729685829232,0.152961339418756,0.587620513052785,25,20,20
24,9070,0.16822684140420652,0.0911972968585446,0.15296796919268188,0.587607892544565,25,20,20
24,9071,0.17119993052262888,0.09119726067914534,0.1500007404662268,0.5876020683319971,25,20,20
24,9072,0.18126496223970873,0.09119726068470653,0.1500051802279621,0.577532596847621,25,20,20
24,9073,0.18126918494691646,0.09119726067103695,0.1559852443829251,0.5715483099991203,25,20,20
24,9074,0.1790075048491548,0.09119552173779256,0.1582487316381446,0.5715482417749073,25,20,20
24,9075,0.17900359627541895,0.09119552173750649,0.1582422178256819,0.5715586641613918,25,20,20
24,9076,0.17900353129948768,0.0911840472526885,0.15825375728624766,0.5715586641615752,25,20,20
24,9077,0.13943405333003434,0.0911840488780667,0.19782328795133078,0.5715586098405663,25,20,20
24,9078,0.13943997409302675,0.09118404887940545,0.1977377893921655,0.5716381876354002,25,20,20
24,9079,0.13943385174657436,0.09118404887804528,0.197731120931139,0.5716509784442393,25,20,20
24,9080,0.13943697292624985,0.09118404887804657,0.19773108320772678,0.5716478949879744,25,20,20
24,9081,0.13943690595742148,0.09118404887803643,0.19773107728238115,0.5716479678821585,25,20,20
24,9082,0.13959703495955825,0.09118404791537714,0.19757104074123336,0.5716478763838289,25,20,20
24,9083,0.12955607450722706,0.09118404791148006,0.19756823033548865,0.581691647245802,25,20,20
24,9084,0.09119041257242494,0.0911840641135333,0.23593680265666694,0.5816887206573754,25,20,20
24,9085,0.0911934266787988,0.09118406411356057,0.23593691558431812,0.5816855936233232,25,20,20
24,9086,0.09120557558493686,0.09118406411483024,0.23593703724749013,0.5816733230527434,25,20,20
24,9087,0.09531466631590113,0.09118406837915155,0.2318278874764291,0.5816733778285184,25,20,20
24,9088,0.09531871471805689,0.09114488044560191,0.2318630268188426,0.5816733780174992,25,20,20
24,9089,0.09531869576070173,0.09114488044558382,0.23186299214150619,0.5816734316522085,25,20,20
24,9090,0.1312052538078942,0.09114487964712154,0.1959764357828618,0.5816734307621206,25,20,20
24,9091,0.13119828194008396,0.06534666125822472,0.2217816261150572,0.5816734306866336,25,20,20
24,9092,0.13104826251519142,0.06534665950680893,0.22193164750779293,0.5816734304702059,25,20,20
24,9093,0.13104523249736336,0.06534665950678212,0.22193164593126713,0.5816764620645867,25,20,20
24,9094,0.12976117268389445,0.06534665949127433,0.22321562897763514,0.5816765388471952,25,20,20
24,9095,0.1294643520027857,0.06534665949585408,0.22351245119341315,0.5816765373079461,25,20,20
24,9096,0.12944024562267992,0.06534665949417226,0.22351722880226596,0.5816958660808806,25,20,20
24,9097,0.12944317024030172,0.08946677202571213,0.19939419176119227,0.5816958659727919,25,20,20
24,9098,0.1328300311777481,0.08946677221168038,0.19600681342877738,0.5816963831817921,25,20,20
24,9099,0.13283407964567887,0.08994178009652076,0.19552775707646858,0.5816963831813297,25,20,20
24,9100,0.12050638391886427,0.08994178817892419,0.2077348258862679,0.5818170020159426,25,20,20
24,9101,0.1205034322088268,0.08994178817903864,0.20782699993161674,0.5817277796805168,25,20,20
24,9102,0.12004536051923428,0.08994178816051085,0.20781924860443335,0.5821936027158207,25,20,20
24,9103,0.13239925490858165,0.08994177985227388,0.1955864984682263,0.5820724667709165,25,20,20
24,9104,0.13239837934083598,0.11866923612885656,0.16685991786785326,0.5820724666624525,25,20,20
24,9105,0.13240032951533118,0.11866923612893329,0.16698140552346047,0.5819490288322734,25,20,20
24,9106,0.13241126382876703,0.11866923612900307,0.16697914907657566,0.5819403509656531,25,20,20
24,9107,0.1324152400869194,0.1186562057451172,0.16698820319742846,0.5819403509705334,25,20,20
24,9108,0.13241625236253307,0.11865620574504408,0.16686019396911436,0.5820673479233069,25,20,20
24,9109,0.13241525977872165,0.1186562057449348,0.16676964081525378,0.5821588936610884,25,20,20
24,9110,0.13189512797641512,0.11865618965103314,0.16728982521037414,0.5821588571621763,25,20,20
24,9111,0.13189514444155137,0.11865618965104241,0.16728977233505543,0.5821588935723494,25,20,20
24,9112,0.1318952659237127,0.11865618965103444,0.1672896597211215,0.58215888470413,25,20,20
24,9113,0.1318952818306378,0.11865618965103397,0.1672895842163146,0.5821589443020123,25,20,20
24,9114,0.16655048159222663,0.11865618964651144,0.13263438600934166,0.5821589427519196,25,20,20
24,9115,0.16655346252933878,0.11865618964652037,0.1326409475704047,0.5821494002537354,25,20,20
24,9116,0.1717388072643416,0.11865619352432649,0.12745559674876764,0.5821494024625635,25,20,20
24,9117,0.17173873781360874,0.11865619352431789,0.12745551712089107,0.5821495515411814,25,20,20
24,9118,0.1450649401726266,0.11865619026732993,0.15412924256057153,0.5821496269994711,25,20,20
24,9119,0.14505696935109713,0.11865619026726922,0.15878642727809397,0.5775004131035387,25,20,20
24,9120,0.14504275373902892,0.11865619026604333,0.15878627475704354,0.5775147812378834,25,20,20
24,9121,0.1470268950421938,0.11865619103997148,0.1568021957946689,0.5775147181231656,25,20,20
24,9122,0.1467899036808297,0.11865619103954766,0.1458170508534383,0.5887368544261836,25,20,20
24,9123,0.14632738322106265,0.11865619015215004,0.14627957229894045,0.5887368543278462,25,20,20
24,9124,0.16602209902067866,0.11865605913499074,0.126585623786911,0.5887362180574187,25,20,20
24,9125,0.1660260751483824,0.11865605913505997,0.12192849139918222,0.5933893743173746,25,20,20
24,9126,0.1660936357779397,0.11865605913760545,0.12186093043481011,0.5933893746496434,25,20,20
24,9127,0.16450270404697817,0.11865605901469001,0.12345186226908832,0.5933893746692418,25,20,20
24,9128,0.16450471878691122,0.11865605901465512,0.12345181820438997,0.5933874039940421,25,20,20
24,9129,0.15657319482182858,0.1186560687717682,0.13138078683090712,0.593389949575494,25,20,20
24,9130,0.15664419640910188,0.11865606875029595,0.13130966876440256,0.5933900660761976,25,20,20
24,9131,0.15664112997941584,0.11865606875030885,0.13131436915246866,0.5933884321178048,25,20,20
24,9132,0.15664919582703424,0.11814595584599978,0.13181641619193532,0.5933884321350287,25,20,20
24,9133,0.15664420103151924,0.11814595584599508,0.13181653109807856,0.5933933120244056,25,20,20
24,9134,0.15664919457097826,0.11814595584597296,0.13181641351482212,0.593388436068225,25,20,20
24,9135,0.15664717964404287,0.11814595584601709,0.13180989587325054,0.593396968636688,25,20,20
24,9136,0.1566942093218269,0.11814595584195409,0.13176287425940617,0.5933969605768115,25,20,20
24,9137,0.15669417587558235,0.11814595584196598,0.13176289672480354,0.5933969715576471,25,20,20
24,9138,0.15693051968874325,0.11814595583119497,0.13172531271061907,0.5931982117694419,25,20,20
24,9139,0.15669430068022122,0.11814595582803049,0.1316380299637948,0.5935217135279526,25,20,20
24,9140,0.15669731441526344,0.11814595582805752,0.13163791793002383,0.5935188118266544,25,20,20
24,9141,0.1566955564155812,0.11814595582855457,0.1317261589068495,0.5934323288490141,25,20,20
24,9142,0.1566956258542208,0.1181459558285637,0.13172627338594742,0.5934321449312672,25,20,20
24,9143,0.1570045573170803,0.11814595582878164,0.13141734170076622,0.5934321451533712,25,20,20
24,9144,0.15701017227755013,0.1181459558285672,0.13144429452430872,0.5933995773695734,25,20,20
24,9145,0.15700627050395544,0.11814595582852899,0.1314490361194166,0.5933987375480987,25,20,20
24,9146,0.15586050109259675,0.11814597006260623,0.13259467771876282,0.5933988511260346,25,20,20
24,9147,0.17641530098368702,0.11814597007796841,0.11203603713091935,0.5934026918074258,25,20,20
24,9148,0.1764152854163031,0.11814597007795864,0.11204252635020032,0.5933962181555382,25,20,20
24,9149,0.17320038068899557,0.11814635782669275,0.11525709676860747,0.5933961647157043,25,20,20
24,9150,0.17320649535321678,0.11814635782727947,0.11525906169636359,0.5933880851231402,25,20,20
24,9151,0.17320649505416325,0.11814635782728057,0.11526368112907663,0.5933834659894797,25,20,20
24,9152,0.17320347297320876,0.11814635782749877,0.11526851994095752,0.5933816492583347,25,20,20
24,9153,0.17389748868119603,0.11814635792649175,0.11457450498479714,0.5933816484075145,25,20,20
24,9154,0.1664763759913862,0.11814635738390797,0.12199569026431094,0.5933815763603942,25,20,20
24,9155,0.1664754098697383,0.11814635738385515,0.1219956889468502,0.5933825437995552,25,20,20
24,9156,0.16647241426423187,0.1181463573838673,0.1219911864854824,0.5933900418664174,25,20,20
24,9157,0.1664664226280282,0.11814635738384979,0.12199783590097271,0.5933893840871488,25,20,20
24,9158,0.13713295315696072,0.11814639468879447,0.1513337933690896,0.5933868587851537,25,20,20
24,9159,0.1371330749676785,0.1181463946887858,0.15133854828416263,0.5933819820593714,25,20,20
24,9160,0.13719785680263255,0.1181463946921914,0.15133643844627298,0.5933193100589019,25,20,20
24,9161,0.1383425250914726,0.11814638042799906,0.15019189815975076,0.5933191963207767,25,20,20
24,9162,0.13835253430359415,0.11814638042799588,0.14394925157758628,0.5995518336908228,25,20,20
24,9163,0.1370721319859848,0.11814634692193189,0.14522973911953285,0.5995517819725493,25,20,20
24,9164,0.13706307076608912,0.11814634692139422,0.14522326203929786,0.5995673202732179,25,20,20
24,9165,0.1370601272323821,0.11814634692139422,0.1452233146151435,0.5995702112310792,25,20,20
24,9166,0.13699539731017152,0.11814634691797934,0.1452207262091007,0.5996375295627476,25,20,20
24,9167,0.13699539715768252,0.1181463469179709,0.14521412231823558,0.5996441336061099,25,20,20
24,9168,0.13648529204616033,0.11814635960534187,0.14572369763012394,0.5996446507183728,25,20,20
24,9169,0.13648232590845855,0.11814635960534677,0.14572355974848036,0.5996477547377134,25,20,20
24,9170,0.13648532850740908,0.11814635961917888,0.14599071609440833,0.5993775957790026,25,20,20
24,9171,0.13694561008369355,0.11769287701381184,0.145983916673134,0.5993775962293593,25,20,20
24,9172,0.13695169709980332,0.11769287701424258,0.14589545941114973,0.599459966474803,25,20,20
24,9173,0.13695474755621345,0.11769287701422929,0.14590198027184187,0.599450395157714,25,20,20
24,9174,0.13624457813716398,0.11769287701896367,0.1466121040995315,0.5994504407443395,25,20,20
24,9175,0.136247450892014,0.11769287701891823,0.14661195003709104,0.5994477220519753,25,20,20
24,9176,0.13624743236248457,0.11769287701890535,0.14661653441121691,0.5994431562073917,25,20,20
24,9177,0.13624446989639424,0.1176928770188976,0.14662305712458706,0.5994395959601198,25,20,20
24,9178,0.1362375157508497,0.11769287703255069,0.14651547203238344,0.5995541351842149,25,20,20
24,9179,0.13623754413204986,0.11769287701862341,0.14650315312558523,0.5995664257237402,25,20,20
24,9180,0.1362315223761558,0.11943909699585632,0.14476295478058182,0.5995664258474048,25,20,20
24,9181,0.09802472933520268,0.11943909687317528,0.18296982646768561,0.5995663473239349,25,20,20
24,9182,0.09802174535112691,0.11943909688491292,0.1892303694542697,0.5933087883096901,25,20,20
24,9183,0.09801267266477995,0.11943909687066334,0.18905159018966158,0.5934966402748948,25,20,20
24,9184,0.10072982850102767,0.11943908401467913,0.1863345061052188,0.5934965813790729,25,20,20
24,9185,0.09817764230715582,0.11944151873295385,0.18887270681242227,0.5935081321474663,25,20,20
24,9186,0.09772126616615051,0.11989125916640035,0.18887934296296158,0.5935081317044859,25,20,20
24,9187,0.09771441356754038,0.1198890432346234,0.18888841147716967,0.5935081317206649,25,20,20
24,9188,0.09771655392191368,0.1198890432345888,0.18888179354118723,0.5935126093023089,25,20,20
24,9189,0.09771562551735097,0.1198890432345496,0.1888836907122268,0.593511640535871,25,20,20
24,9190,0.10976058034074303,0.11988904375878486,0.17683873419525817,0.5935116417052115,25,20,20
24,9191,0.10976150905795416,0.1198890437588289,0.17683885169384342,0.5935105954893715,25,20,20
24,9192,0.10975862582641296,0.11988904375909341,0.17693147085683358,0.5934208595576582,25,20,20
24,9193,0.09978429362897238,0.11988904389109203,0.1869057990401103,0.5934208634398234,25,20,20
24,9194,0.09670963443216948,0.11988901737245232,0.18999183282216717,0.5934095153732091,25,20,20
24,9195,0.0966983061530649,0.11988901737224317,0.18998710164041654,0.5934255748342729,25,20,20
24,9196,0.09670228818380246,0.1198890173722693,0.18998702702795636,0.5934216674159695,25,20,20
24,9197,0.09670218086242172,0.11988901737228216,0.18998050617414286,0.5934282955911504,25,20,20
24,9198,0.09670219934635071,0.11988901737230506,0.18998070225317845,0.593428081028163,25,20,20
24,9199,0.09669312682744369,0.11818059145093081,0.19169820083911318,0.5934280808825093,25,20,20
24,9200,0.09668713188108657,0.1169785325194042,0.1929062544059251,0.5934280811935811,25,20,20
24,9201,0.133343221762635,0.11697853188747283,0.1562501186687237,0.5934281276811659,25,20,20
24,9202,0.1333432629058221,0.11697853188747363,0.15625192460228,0.5934262806044217,25,20,20
24,9203,0.13334328097190098,0.11697853188772825,0.15624934090872533,0.5934288462316429,25,20,20
24,9204,0.13467318388303615,0.11697853188994163,0.15625632910759,0.5920919551194301,25,20,20
24,9205,0.13438070333261776,0.11697853189113847,0.15654880948042452,0.592091955295818,25,20,20
24,9206,0.13438376358569684,0.11697548200446523,0.15654879912923783,0.5920919552805985,25,20,20
24,9207,0.1347189739739271,0.11697509022474384,0.15621390372483918,0.5920920320764893,25,20,20
24,9208,0.13472594418557388,0.11697509022453323,0.15620918310206505,0.5920897824878277,25,20,20
24,9209,0.13472611963120198,0.1169750902245164,0.15620910033631832,0.5920896898079632,25,20,20
24,9210,0.13476343913210384,0.11483439432877372,0.15831247666519663,0.5920896898739257,25,20,20
24,9211,0.13476734527759318,0.11483439432879541,0.15831243725906682,0.5920858231345444,25,20,20
24,9212,0.13344036759054317,0.11483439432656846,0.15830553055045266,0.5934197075324353,25,20,20
24,9213,0.1334475273044916,0.11483439432709601,0.1584032521667971,0.5933148262016148,25,20,20
24,9214,0.13344442910053333,0.11483439432740272,0.15840995935957203,0.5933112172124914,25,20,20
24,9215,0.13344433532467276,0.11483439432743728,0.15840336041195682,0.5933179099359324,25,20,20
24,9216,0.13340688210944088,0.09119258945802061,0.18208261845792162,0.5933179099746155,25,20,20
24,9217,0.13340686507821145,0.09119258945798547,0.18209282240834423,0.5933077230554575,25,20,20
24,9218,0.12391445641517822,0.09119260360379043,0.19158053944305015,0.5933124005379782,25,20,20
24,9219,0.12390747864407102,0.09119260360376083,0.19158517017217583,0.5933147475799889,25,20,20
24,9220,0.12391049065516206,0.09119260360377045,0.19158326832010006,0.5933136374209649,25,20,20
24,9221,0.15032427198580764,0.0911926033037669,0.165169490946017,0.5933136337644064,25,20,20
24,9222,0.15055472415630441,0.09119260330385298,0.1651595056396785,0.593093166900162,25,20,20
24,9223,0.1672154119922453,0.0911926038744574,0.14850240954924596,0.5930895745840492,25,20,20
24,9224,0.20368067844817705,0.09119260387261253,0.11203714379835311,0.5930895738808565,25,20,20
24,9225,0.20367377482819685,0.09119260387259467,0.1120369865843684,0.5930966347148392,25,20,20
24,9226,0.20367751510695314,0.09119260387261362,0.11216638660516877,0.5929634944152636,25,20,20
24,9227,0.20703450003845225,0.09119260396857981,0.10880936893581299,0.592963527057154,25,20,20
24,9228,0.17646771935338113,0.09119260415585051,0.13937613279851158,0.592963543692255,25,20,20
24,9229,0.17647147163344012,0.09119260417245353,0.1440285750894499,0.5883073491046544,25,20,20
24,9230,0.17646784278039523,0.09119260415586336,0.13937138257565201,0.5929681704880875,25,20,20
24,9231,0.17647060485338575,0.09119260415560765,0.13927864791544284,0.5930581430755619,25,20,20
24,9232,0.16852187609872613,0.09119260712880113,0.1472258457471187,0.5930596710253521,25,20,20
24,9233,0.16876214916881505,0.09119260713116159,0.14721942855746908,0.5928258151425517,25,20,20
24,9234,0.16852185667180847,0.09119260712852538,0.147225782207811,0.5930597539918525,25,20,20
24,9235,0.16852185702916753,0.0911926071285208,0.14722569948789,0.5930598363544194,25,20,20
24,9236,0.17650034810337303,0.09119260569211639,0.13924874752268349,0.593058298681825,25,20,20
24,9237,0.17655837109708908,0.09119260569196921,0.13924217395336425,0.5930068492575759,25,20,20
24,9238,0.1765663374948394,0.11699778948465606,0.11342902386607247,0.5930068491544319,25,20,20
24,9239,0.17656638892054363,0.11699778948464198,0.11342238190914923,0.593013439685665,25,20,20
24,9240,0.1763338860813089,0.11699778948459492,0.11343109947328964,0.5932372249608062,25,20,20
24,9241,0.16751808123549874,0.11699778947229994,0.1222431057099218,0.5932410235822796,25,20,20
24,9242,0.16751809388106156,0.11699778947230895,0.12224310833794468,0.5932410083086846,25,20,20
24,9243,0.17792210563169167,0.11699778911243292,0.11183909825876653,0.5932410069971094,25,20,20
24,9244,0.1768418357235183,0.11699779193954607,0.112878203611703,0.5932821687252331,25,20,20
24,9245,0.16148310044155234,0.11699779199978949,0.1282345994175535,0.5932845081411042,25,20,20
24,9246,0.16148406145151803,0.11699779201586946,0.12836458756965158,0.5931535589629601,25,20,20
24,9247,0.17952584493245055,0.11699779136395705,0.11032550907052792,0.5931508546330648,25,20,20
24,9248,0.19684886071542745,0.11699777754315303,0.09300622055028299,0.593147141191137,25,20,20
24,9249,0.19804892276497316,0.11699777471550023,0.09184732320379353,0.5931059793157335,25,20,20
24,9250,0.19805572004541927,0.11779376878425087,0.09104453216018361,0.5931059790101467,25,20,20
24,9251,0.19800070946074072,0.11779376878416085,0.09104602420472113,0.5931594975503776,25,20,20
24,9252,0.19799497101847102,0.11595419541421843,0.09289131898783413,0.5931595145794768,25,20,20
24,9253,0.16993588024372497,0.12018316088902463,0.11672050357848683,0.5931604552887639,25,20,20
24,9254,0.16992791098632334,0.11710079328827577,0.11980989043383396,0.593161405291567,25,20,20
24,9255,0.16949777686588466,0.11710098147246166,0.1202384038643978,0.5931628377972559,25,20,20
24,9256,0.16950462704262484,0.11710098147247897,0.12023849556708133,0.5931558959178149,25,20,20
24,9257,0.1695047514702375,0.11710098147247487,0.12050504622373659,0.592889220833551,25,20,20
24,9258,0.16950104862057716,0.11710098147252185,0.12038027279886217,0.593017697108039,25,20,20
24,9259,0.13198563075023922,0.1171009811299394,0.15789672281070666,0.5930166653091132,25,20,20
24,9260,0.1319235023847032,0.11710097952827843,0.1579588733973818,0.593016644689635,25,20,20
24,9261,0.13192344985880355,0.11710097952827811,0.15795733306405998,0.5930182375488564,25,20,20
24,9262,0.13193035156007685,0.11710097952829514,0.15795741581037134,0.593011253101255,25,20,20
24,9263,0.1319283944239171,0.11937643934036664,0.15568393017395402,0.5930112360617605,25,20,20
24,9264,0.1319314825139447,0.11985278096726834,0.15520450045451514,0.5930112360642703,25,20,20
24,9265,0.13206243395767492,0.11985324990872524,0.15505954199870225,0.5930247741348948,25,20,20
24,9266,0.13205938516102825,0.1198532499227185,0.1548051968402188,0.5932821680760323,25,20,20
24,9267,0.13205938879919296,0.11986083758697885,0.1547976055194443,0.5932821680943818,25,20,20
24,9268,0.1322927524445573,0.11986083758706922,0.1547978739217095,0.5930485360466621,25,20,20
24,9269,0.1322928002659388,0.11986083758706925,0.15480451405879314,0.5930418480881968,25,20,20
24,9270,0.13229587943948196,0.11862042227089185,0.15604185021944558,0.5930418480701789,25,20,20
24,9271,0.13242552563047963,0.11862699696130088,0.15591936173829202,0.593028115669926,25,20,20
24,9272,0.1324324465600097,0.11862699696152294,0.15591948803233097,0.5930210684461349,25,20,20
24,9273,0.13243241313695964,0.11862699696152182,0.15591296649493677,0.5930276234065807,25,20,20
24,9274,0.132425542613298,0.11862699696127013,0.15590824876489756,0.5930392116605332,25,20,20
24,9275,0.13242153420795674,0.11862699696126588,0.15590815836445207,0.5930433104663241,25,20,20
24,9276,0.13482210766927738,0.11868665426150944,0.1534517088920663,0.5930395291771458,25,20,20
24,9277,0.1345918110450737,0.11868665426140186,0.15345613943123704,0.5932653952622862,25,20,20
24,9278,0.13461509480527073,0.11868665442377466,0.15343284179826105,0.5932654089726922,25,20,20
24,9279,0.13461125795215717,0.1186866544240105,0.15380574870282335,0.5928963389210079,25,20,20
24,9280,0.13461118975197348,0.11868665442400221,0.15380107974061435,0.5929010760834089,25,20,20
24,9281,0.13460819391335313,0.11868665442398468,0.15380107996014264,0.5929040717025185,25,20,20
24,9282,0.1502600426779705,0.11868665420860047,0.13814922857802112,0.5929040745354068,25,20,20
24,9283,0.15025800957540342,0.11868665420860407,0.13851559348865256,0.5925397427273388,25,20,20
24,9284,0.1502571339116154,0.11868665420882535,0.13877293112995515,0.5922832807496028,25,20,20
24,9285,0.15032394444460356,0.11868665419924179,0.1325110348662551,0.5984783664898982,25,20,20
24,9286,0.14450203431189862,0.11869807396027685,0.1383218717901772,0.5984780199376459,25,20,20
24,9287,0.1444998843267011,0.11869807396004992,0.1379489129271539,0.5988531287860939,25,20,20
24,9288,0.12824088056636124,0.11869807394242203,0.1542079240219351,0.5988531214692802,25,20,20
24,9289,0.12825573523977613,0.11869807394250913,0.15420789961393738,0.598838291203776,25,20,20
24,9290,0.12825480640181322,0.11869807394248295,0.15383500644611192,0.5992121132095906,25,20,20
24,9291,0.12825470113144197,0.11869807394246573,0.15383500421291618,0.5992122207131753,25,20,20
24,9292,0.12825768057847983,0.11869807394247393,0.15383500531165453,0.5992092401673905,25,20,20
24,9293,0.12854386495952416,0.11869788582565029,0.1535504407238852,0.5992078084909391,25,20,20
24,9294,0.13487350474843363,0.11868645338055353,0.1472324034848847,0.5992076383861271,25,20,20
24,9295,0.1351127764227214,0.11868645336972446,0.14722497951336205,0.598975790694191,25,20,20
24,9296,0.13511282990064555,0.11868645336973314,0.14731716730406028,0.5988835494255601,25,20,20
24,9297,0.13510086753405476,0.1186864533696186,0.1473171611523778,0.598895517943948,25,20,20
24,9298,0.13509771959568073,0.11931349624576348,0.14669326590125623,0.5988955182572986,25,20,20
24,9299,0.1350926967735955,0.11931349624518997,0.14686254157352568,0.5987312654076878,25,20,20
24,9300,0.13508966402791805,0.11931349624521087,0.14659551061113268,0.5990013291157373,25,20,20
24,9301,0.13509065792129582,0.119313496259055,0.1469695485075572,0.5986262973120912,25,20,20
24,9302,0.12340690454003343,0.11508491638147757,0.16288282175248156,0.5986253573260081,25,20,20
24,9303,0.12340402986234719,0.11508491638149526,0.1628827377008291,0.5986283160553288,25,20,20
24,9304,0.12340217599256449,0.11508491636788422,0.16260141094985298,0.5989114966896981,25,20,20
24,9305,0.1234022133583373,0.1150849163678747,0.16260602780595487,0.5989068424678329,25,20,20
24,9306,0.12340515884287236,0.11508491636787492,0.16260591454855816,0.5989040102406942,25,20,20
24,9307,0.12340803048373522,0.11508491636786593,0.16260126940120231,0.5989057837471962,25,20,20
24,9308,0.12340804550792556,0.115084916367875,0.16251560589148809,0.598991432232711,25,20,20
24,9309,0.12340511752919532,0.11508491636788486,0.16251571844127566,0.5989942476616439,25,20,20
24,9310,0.1232429920771531,0.11508453084948926,0.16267718538118942,0.5989952916921687,25,20,20
24,9311,0.12324004844378635,0.11508453085069592,0.19920520635720607,0.562470214348312,25,20,20
24,9312,0.12316635122061215,0.11508453202621788,0.19927889450631409,0.5624702222468564,25,20,20
24,9313,0.12318400414248398,0.11508472131172055,0.20267027852340502,0.5590609960223898,25,20,20
24,9314,0.1231770980783471,0.11508472131174365,0.20267047261096088,0.5590677079989471,25,20,20
24,9315,0.11028218506358355,0.11508472446536713,0.21556536679366672,0.55906772367738,25,20,20
24,9316,0.11028914162550399,0.11508472446541892,0.21556537059203149,0.5590607633170431,25,20,20
24,9317,0.11045123001887858,0.11508472446568387,0.2154043056251195,0.5590597398903153,25,20,20
24,9318,0.11052188652241664,0.11508476074231748,0.22314693687531212,0.551246415859952,25,20,20
24,9319,0.12342186136492389,0.11508475753328815,0.21024562586046028,0.551247755241326,25,20,20
24,9320,0.12318882507875595,0.1150847830553878,0.21047170207927837,0.5512546897865761,25,20,20
24,9321,0.1231867581260217,0.11508478305567862,0.21073810701413986,0.5509903518041588,25,20,20
24,9322,0.12318362842982097,0.11508478305593157,0.21082646508613337,0.5509051234281134,25,20,20
24,9323,0.1231816744905145,0.11508478305636669,0.21094084971203564,0.550792692741082,25,20,20
24,9324,0.12318461955737169,0.11508478305636707,0.21093447500483958,0.5507961223814207,25,20,20
24,9325,0.16151257543864783,0.11509163814309155,0.17265109407860507,0.5507446923396572,25,20,20
24,9326,0.16151256078410217,0.11509163814332596,0.17265271564427517,0.550743085428298,25,20,20
24,9327,0.16151568477014294,0.11509163817439394,0.1726527474739439,0.5507399295815205,25,20,20
24,9328,0.16127939455731335,0.11509163817122588,0.1726480034670889,0.5509809638043731,25,20,20
24,9329,0.16128326355164105,0.11627247503488214,0.171463297279324,0.5509809641341541,25,20,20
24,9330,0.14505401650687774,0.11627247583872975,0.1876925567600971,0.5509809508942949,25,20,20
24,9331,0.16007082493208485,0.11631252919721721,0.1726356249862701,0.5509810208844276,25,20,20
24,9332,0.16143452602005542,0.11631256027978065,0.17077756623209112,0.5514753474680724,25,20,20
24,9333,0.16144149960783705,0.11631256027978454,0.170777396618726,0.5514685434936523,25,20,20
24,9334,0.16136706149045,0.11631252398708444,0.16290497108266583,0.5594154434397998,25,20,20
24,9335,0.1613632046347407,0.1163125239870238,0.16290502362871837,0.5594192477495172,25,20,20
24,9336,0.16143093453976118,0.11631252400290756,0.16291577453800277,0.5593407669193285,25,20,20
24,9337,0.1419505126219282,0.11627247453391198,0.18243150270874614,0.5593455101354138,25,20,20
24,9338,0.14195049602916732,0.11627247453390827,0.18269751088590114,0.5590795185510232,25,20,20
24,9339,0.14150936860347044,0.11626303166668153,0.18314809338784546,0.5590795063420005,25,20,20
24,9340,0.14172190060593667,0.11620472585347992,0.18298754336954834,0.5590858301710331,25,20,20
24,9341,0.14165509797593034,0.11620472585129873,0.18299379607782196,0.559146380094947,25,20,20
24,9342,0.14166108838749303,0.11620472585107736,0.1827320971043529,0.559402088657075,25,20,20
24,9343,0.14166800632845133,0.11620472585111237,0.18272565979434677,0.5594016080260878,25,20,20
24,9344,0.14166506232129714,0.11620472585111076,0.18272566763112708,0.5594045441964637,25,20,20
24,9345,0.14166499195967153,0.11620472585086264,0.18246599447064502,0.5596642877188198,25,20,20
24,9346,0.14159727644773074,0.11620472583499014,0.18282652521740278,0.5593714724998752,25,20,20
24,9347,0.14160028634157204,0.11620472583473132,0.1827338657569689,0.5594611220667267,25,20,20
24,9348,0.14184265528352102,0.1162051999810357,0.18236760194790957,0.5595845427875331,25,20,20
24,9349,0.14183580349595776,0.11623459589468067,0.1823450581494907,0.5595845424598707,25,20,20
24,9350,0.14183866084939886,0.11623459589464918,0.18234494066452092,0.5595818025914309,25,20,20
24,9351,0.1483416444667416,0.11623459895450763,0.17584673825000116,0.5595770183287495,25,20,20
24,9352,0.14833671195196052,0.1162345989540475,0.17573235279911245,0.5596963362948797,25,20,20
24,9353,0.14809250736787966,0.11623409920439215,0.1761074337526076,0.5595659596751211,25,20,20
24,9354,0.14808558873722974,0.11623409920435684,0.17610951230280145,0.5595707997556126,25,20,20
24,9355,0.14808566011215907,0.11623409920436646,0.17611422717637187,0.5595660135071029,25,20,20
24,9356,0.14809369849330942,0.11623409920442318,0.17584807601082328,0.5598241262914445,25,20,20
24,9357,0.14809664183801793,0.11623409920442317,0.17584803801466115,0.559821220942898,25,20,20
24,9358,0.1497535628178775,0.11623438476065105,0.16984490860990495,0.5641671438115669,25,20,20
24,9359,0.14975660987958195,0.11682293750027277,0.169253309122413,0.5641671434977331,25,20,20
24,9360,0.1497534553064122,0.11682293750024454,0.16924859145497867,0.5641750157383653,25,20,20
24,9361,0.14946076991757967,0.11682293783202423,0.16954124707394935,0.5641750451764473,25,20,20
24,9362,0.14945278398503176,0.11682293783195327,0.16954127243228595,0.5641830057507297,25,20,20
24,9363,0.14945968831376832,0.11682293783175052,0.16916834143905274,0.564549032415429,25,20,20
24,9364,0.14946680355649014,0.11682293783178828,0.16916829494273078,0.5645419636689913,25,20,20
24,9365,0.14946386314464916,0.11681663917625483,0.16917753400508334,0.5645419636740132,25,20,20
24,9366,0.15106782609530736,0.11680959491188571,0.16758062739877136,0.5645419515940364,25,20,20
24,9367,0.150719607907753,0.11680959515790768,0.16792882060606193,0.5645419763282782,25,20,20
24,9368,0.15034081755424403,0.1168095632300602,0.16880196548893397,0.5640476537267625,25,20,20
24,9369,0.15058173108943426,0.11680956323037556,0.16880681561509384,0.5638018900650968,25,20,20
24,9370,0.12521610395794452,0.11680955615691642,0.19417235149354486,0.563801988391594,25,20,20
24,9371,0.1252189792753919,0.11683814882622137,0.19414088350942665,0.5638019883889598,25,20,20
24,9372,0.12522290316537932,0.11683814882627391,0.1941410857194551,0.5637978622888913,25,20,20
24,9373,0.12521594655019277,0.11683814882622168,0.19414088391108816,0.5638050207124969,25,20,20
24,9374,0.12522889943328122,0.11513922841249118,0.1958268514256745,0.5638050207285522,25,20,20
24,9375,0.12523287143135045,0.11510435607220973,0.19585775176546247,0.5638050207309766,25,20,20
24,9376,0.1252297474027706,0.11510435604113319,0.19585787120245154,0.5638080253536437,25,20,20
24,9377,0.12522981581381967,0.1151043560411383,0.19586223821695634,0.5638035899280851,25,20,20
24,9378,0.12522690664390548,0.1151043560411908,0.19586698646816855,0.5638017508467346,25,20,20
24,9379,0.12522987768866833,0.1151043560412084,0.19590382487366584,0.5637619413964569,25,20,20
24,9380,0.12522684113123506,0.11510435604120813,0.1959036712960761,0.5637651315314804,25,20,20
24,9381,0.12522673554564293,0.1151043560411902,0.19590363225479865,0.5637652761583678,25,20,20
24,9382,0.1252137300465613,0.11683330607052135,0.19418768774050282,0.5637652761424148,25,20,20
24,9383,0.12521353764533952,0.11683330607053369,0.19419421182170177,0.5637589444624255,25,20,20
24,9384,0.12998538146902786,0.11683332708369525,0.1893112630375166,0.563870028409761,25,20,20
24,9385,0.12998535037990155,0.11683332708343386,0.1893108411835459,0.5638704813531195,25,20,20
24,9386,0.12833028924033585,0.11683304776499753,0.19531210449786648,0.5595245584968007,25,20,20
24,9387,0.1283302908895101,0.11992415870142911,0.19222194192490488,0.5595236084841564,25,20,20
24,9388,0.16557740561153625,0.11992280697276661,0.15498258711181553,0.5595172003038814,25,20,20
24,9389,0.16563779371925094,0.1208130941239823,0.1540319115228008,0.5595172006339647,25,20,20
24,9390,0.16564070326810704,0.12081309412396335,0.15403190949509654,0.5595142931128321,25,20,20
24,9391,0.1656367299703664,0.12084799196007641,0.15400098496157727,0.5595142931079791,25,20,20
24,9392,0.1656327014658065,0.12084799196008515,0.1540009549556947,0.5595183516184129,25,20,20
24,9393,0.16563263095856595,0.12084799196002903,0.15400280984851988,0.5595165672328847,25,20,20
24,9394,0.16563553991115548,0.12084799196005992,0.1540008687645614,0.5595155993642227,25,20,20
24,9395,0.16563348963112584,0.12084799196029074,0.15400287001138233,0.5595156483972005,25,20,20
24,9396,0.16563349053993978,0.12084799196028652,0.15400096331938765,0.5595175541803856,25,20,20
24,9397,0.1656305465780826,0.12084799196028677,0.15400760423048893,0.5595138572311411,25,20,20
24,9398,0.1656306526612806,0.12084799196030421,0.1540077208827152,0.5595136344956992,25,20,20
24,9399,0.1991597954192426,0.12084799190907816,0.12047869314729986,0.5595135195243789,25,20,20
24,9400,0.19915981263976948,0.12084799190909182,0.12047240282183712,0.5595197926293011,25,20,20
24,9401,0.19891608324218055,0.12084799190879636,0.12046909664941216,0.5597668281996105,25,20,20
24,9402,0.20608724779144005,0.12084799386178975,0.11329791939980151,0.5597668389469683,25,20,20
24,9403,0.2060843030932026,0.11961252694796062,0.1145363310118695,0.5597668389469681,25,20,20
24,9404,0.20621861106342146,0.11961252694244529,0.11440337810884223,0.5597654838852918,25,20,20
24,9405,0.20406622642203714,0.11961250592898097,0.11666686936671235,0.5596543982822701,25,20,20
24,9406,0.20406325188986596,0.11961250592924025,0.11654223785848154,0.5597820043224127,25,20,20
24,9407,0.20406326795979474,0.11961250592924888,0.11653765261856909,0.5597865734923875,25,20,20
24,9408,0.20406621128630117,0.11961250592925307,0.11653761484605019,0.5597836679383955,25,20,20
24,9409,0.19806105474301652,0.11961251060205505,0.1225427577680827,0.559783676886845,25,20,20
24,9410,0.1980639815398953,0.11961251060324357,0.15907589382141019,0.5232476140354493,25,20,20
24,9411,0.19806401694532866,0.11961251060325147,0.15907589335623962,0.5232475790951783,25,20,20
24,9412,0.19806701349309894,0.11961251060323935,0.15906929060349298,0.5232511853001668,25,20,20
24,9413,0.1984207120680816,0.11961251063819404,0.15906883404837477,0.5228979432453481,25,20,20
24,9414,0.20420035721854168,0.11961251065863075,0.1532892059242726,0.5228979261985536,25,20,20
24,9415,0.17385166302478228,0.11961252363910681,0.18363741444501142,0.5228983988910982,25,20,20
24,9416,0.17349104475959326,0.11961252360409157,0.1836332775130933,0.5232631541232206,25,20,20
24,9417,0.17348708015522912,0.11961252360403878,0.1836354658854655,0.523264930355265,25,20,20
24,9418,0.16633005005271087,0.11961252164989038,0.19079250816114024,0.5232649201362569,25,20,20
24,9419,0.16626472854201058,0.11874255550861898,0.19172779794751843,0.523264918001852,25,20,20
24,9420,0.16626269755202894,0.11874255550864495,0.19172768537460816,0.5232670615647177,25,20,20
24,9421,0.16627485953521529,0.11874255551073737,0.19172278202277573,0.5232598029312717,25,20,20
24,9422,0.1662758245091038,0.11874255551078068,0.1917227519881486,0.5232588679919669,25,20,20
24,9423,0.1662757576581228,0.11874255551077155,0.19172434545847372,0.5232573413726319,25,20,20
24,9424,0.16629372850348895,0.11874255551113631,0.19172672019867792,0.5232369957866969,25,20,20
24,9425,0.16629382247208194,0.11874255552053889,0.2056914062370444,0.5092722157703338,25,20,20
24,9426,0.16629378618201596,0.1187425555205306,0.20569129541825298,0.5092723628791999,25,20,20
24,9427,0.1662928578222706,0.11874255552049597,0.20569602859737973,0.5092685580598529,25,20,20
24,9428,0.1662967798255228,0.11874255552053924,0.20569591729192102,0.5092647473620159,25,20,20
24,9429,0.1662966537617218,0.1187425555207469,0.20570261615366298,0.5092581745638669,25,20,20
24,9430,0.16676279978640898,0.1196408880306772,0.2043381323988174,0.5092581797840955,25,20,20
24,9431,0.16675628217000632,0.11964088882324875,0.2044380376599838,0.5091647913467602,25,20,20
24,9432,0.16676410252216844,0.11964088882416159,0.20423693776589918,0.5093580708877697,25,20,20
24,9433,0.1667672613648924,0.11964088882415398,0.20423757128829723,0.5093542785226556,25,20,20
24,9434,0.16341413971565077,0.1196408894890911,0.20759069450297282,0.5093542762922845,25,20,20
24,9435,0.16342910188171775,0.11791006117813481,0.20930656063289238,0.509354276307254,25,20,20
24,9436,0.16215294592918258,0.11791006588566376,0.2105826738498837,0.5093543143352691,25,20,20
24,9437,0.16215560940932197,0.11791006509305328,0.21048288699658946,0.5094514385010345,25,20,20
24,9438,0.16786301003667578,0.09612647094316012,0.22655861094206745,0.5094519080780965,25,20,20
24,9439,0.16791278336911217,0.09612646481679223,0.22650881428289382,0.5094519375312011,25,20,20
24,9440,0.1679117534601434,0.09612646481685579,0.22664349632078495,0.5093182854022159,25,20,20
24,9441,0.16765880035421865,0.09612655988139988,0.22689549159572361,0.5093191481686575,25,20,20
24,9442,0.16768644247364645,0.09612655958748537,0.22686787487663782,0.5093191230622302,25,20,20
24,9443,0.16816038597060687,0.09612690739968537,0.2263935847783377,0.5093191218513702,25,20,20
24,9444,0.16817584115049444,0.09612690740334812,0.22626528898528048,0.5094319624608769,25,20,20
24,9445,0.1681757222756474,0.09612690741571668,0.23078496893652056,0.504912401372115,25,20,20
24,9446,0.1681966176482994,0.09612712503855311,0.2307638551204567,0.5049124021926905,25,20,20
24,9447,0.16777797891913993,0.09612783491393043,0.2311817066026265,0.5049124795643029,25,20,20
24,9448,0.18434692154954704,0.09612655949714748,0.21461185051852147,0.5049146684347835,25,20,20
24,9449,0.18263433290631612,0.09612654184917165,0.2163249387915371,0.5049141864529738,25,20,20
24,9450,0.18263734649095428,0.09612654184919871,0.21632497757326927,0.5049111340865763,25,20,20
24,9451,0.18263646113562937,0.0961265418491163,0.22692275374139811,0.4943142432738547,25,20,20
24,9452,0.1826433404388639,0.0961265418489551,0.21632297483245538,0.5049071428797243,25,20,20
24,9453,0.18264855172655203,0.09612654184896646,0.2166911905000535,0.5045337159244262,25,20,20
24,9454,0.18264671381095812,0.09612654184896571,0.21668889138590877,0.5045378529541655,25,20,20
24,9455,0.1862715908149405,0.09612656734436514,0.2130567014276226,0.5045451404130695,25,20,20
24,9456,0.1862596118162531,0.05895414723080173,0.2502411005507908,0.5045451404021524,25,20,20
24,9457,0.18638789837385525,0.05843225582573214,0.25063470453399267,0.5045451412664164,25,20,20
24,9458,0.18673710806974164,0.058432254370495734,0.2502855211480851,0.5045451164116738,25,20,20
24,9459,0.1867363039956202,0.05843225437055868,0.2502856318265934,0.504545809807224,25,20,20
24,9460,0.22201632258166462,0.05787017838803501,0.21556768675724772,0.5045458122730503,25,20,20
24,9461,0.2220142568879733,0.057870178388091525,0.2155723897109518,0.5045431750129815,25,20,20
24,9462,0.22201733032648563,0.04368554280532928,0.22975395185480074,0.5045431750133824,25,20,20
24,9463,0.22202916701812947,0.043685542751135495,0.22974212812824407,0.5045431621024892,25,20,20
24,9464,0.24517652817628552,0.0436855428313498,0.20659705252942231,0.5045408764629411,25,20,20
24,9465,0.24141202847826765,0.043685546057116866,0.21036837530593933,0.5045340501586749,25,20,20
24,9466,0.24139557655210908,0.043685546053426026,0.21036201065316373,0.5045568667413002,25,20,20
24,9467,0.24140267283341832,0.043685546068371245,0.21045434902201343,0.5044574320761958,25,20,20
24,9468,0.24140051138398544,0.04368554608236179,0.21082608524562985,0.5040878572880215,25,20,20
24,9469,0.2411146957138176,0.043685552865145506,0.21111186107998528,0.5040878903410503,25,20,20
24,9470,0.240664630924394,0.04283551947171427,0.21241196447957628,0.5040878851243145,25,20,20
24,9471,0.24066361197322636,0.04283551945772354,0.21203800560784233,0.5044628629612067,25,20,20
24,9472,0.24065330769933752,0.04283551951709807,0.21265632403562607,0.5038548487479385,25,20,20
24,9473,0.24065330855186898,0.04283551951714086,0.212654268729694,0.5038569032012961,25,20,20
24,9474,0.24228789692247862,0.04283551478704041,0.21101972693335394,0.5038568613571269,25,20,20
24,9475,0.24228960513429526,0.04283551478706421,0.21064689598358868,0.5042279840950514,25,20,20
24,9476,0.2422923792822976,0.042835514777633615,0.19668528470432683,0.5181868212357411,25,20,20
24,9477,0.24227348504303797,0.04283551477723533,0.19668282588947236,0.5182081742902536,25,20,20
24,9478,0.24043393712474626,0.042835514774695736,0.19852236593249778,0.5182081821680578,25,20,20
24,9479,0.24043589149258104,0.04283551477450562,0.19851752789226282,0.5182110658406487,25,20,20
24,9480,0.24043588293986773,0.042835514774505486,0.1985221474280255,0.5182064548575996,25,20,20
24,9481,0.2797352699084264,0.04283551369448579,0.15918875580351965,0.5182404605935681,25,20,20
24,9482,0.27972599948549276,0.04283551367945861,0.15909630428323757,0.5183421825518113,25,20,20
24,9483,0.2797259971523567,0.042835513679651445,0.1591027682991325,0.5183357208688595,25,20,20
24,9484,0.2797240347829853,0.042835513679573084,0.15910276407225765,0.518337687465184,25,20,20
24,9485,0.27973498414805886,0.04283551367964276,0.15910293197406222,0.5183265701982362,25,20,20
24,9486,0.30900920480637045,0.04283551452164936,0.1328663194672232,0.5152889612047573,25,20,20
24,9487,0.3090092231745755,0.04283551452166142,0.13286847723821812,0.5152867850655451,25,20,20
24,9488,0.3079184043007064,0.042836423694799154,0.1337128382339289,0.515532333770566,25,20,20
24,9489,0.3079042618423151,0.04283642369278528,0.1701297908145757,0.47912952365032446,25,20,20
24,9490,0.2684107696554228,0.04283641705810434,0.20955879890531148,0.4791940143811605,25,20,20
24,9491,0.2684288819214333,0.0428364178640531,0.17323812209609038,0.5154965781184236,25,20,20
24,9492,0.2684279709688652,0.04283641786377416,0.17360531385018768,0.5151302973171734,25,20,20
24,9493,0.2684240483566982,0.0428364178637392,0.17360514836247515,0.5151343854170876,25,20,20
24,9494,0.268788486918361,0.042836322890040295,0.1732416668223205,0.5151335233692784,25,20,20
24,9495,0.26879147625829125,0.04283632289004888,0.17323704689086367,0.5151351539607963,25,20,20
24,9496,0.2693596442216256,0.04283629458177085,0.17270337407627057,0.5151006871203331,25,20,20
24,9497,0.26364921273446507,0.0458729512849871,0.17537761843582778,0.5151002175447191,25,20,20
24,9498,0.2636471418517606,0.04587295128499614,0.17537529808174185,0.5151046087815007,25,20,20
24,9499,0.26364807112844185,0.04587295128503122,0.1753752631732391,0.5151037144132867,25,20,20
24,9500,0.26929610444637925,0.045872026052429876,0.1699736813541724,0.5148581881470173,25,20,20
24,9501,0.26940764466213013,0.04587202596941282,0.16986215141067895,0.5148581779577769,25,20,20
24,9502,0.26934229201209253,0.045872026816232606,0.16992749893060227,0.5148581822410712,25,20,20
24,9503,0.26933620655234614,0.04587202681050055,0.16993359237714606,0.514858174260007,25,20,20
24,9504,0.26932923404325193,0.045872026810456296,0.16994007425756189,0.5148586648887299,25,20,20
24,9505,0.2762669956886452,0.04587203004308986,0.16300001204354575,0.5148609622247192,25,20,20
24,9506,0.27606681130620037,0.04587202997549007,0.1632635306475697,0.5147976280707381,25,20,20
24,9507,0.27606905416364264,0.045872029977021195,0.16326045340402634,0.5147984624553077,25,20,20
24,9508,0.2755905569596132,0.04587222567502372,0.16373743520214512,0.5147997821632162,25,20,20
24,9509,0.27559053879097595,0.045872225675068566,0.1637328517337386,0.5148043838002152,25,20,20
24,9510,0.27559668322998493,0.04587222567444567,0.16372670744943388,0.5148043836461338,25,20,20
24,9511,0.27559264366184866,0.04587222488242786,0.16372110748072083,0.5148140239750009,25,20,20
24,9512,0.27892518460626187,0.04587222488312521,0.16038856397966217,0.5148140265309487,25,20,20
24,9513,0.2789252369068002,0.04587222488313406,0.16038204228353276,0.514820495926531,25,20,20
24,9514,0.27824287485859417,0.04587222519459561,0.1610629696144371,0.514821930332371,25,20,20
24,9515,0.2782498307626081,0.06457644104915036,0.14235179784213522,0.5148219303461053,25,20,20
24,9516,0.2782377930605917,0.06457644103512966,0.14255007920774151,0.5146356866965363,25,20,20
24,9517,0.27823768122127107,0.06457644530755403,0.142483593106507,0.5147022803646678,25,20,20
24,9518,0.313677988594719,0.06450782932172315,0.1071118986568032,0.5147022834267542,25,20,20
24,9519,0.3136770623967559,0.06450782932169269,0.10711659653518245,0.5146985117463686,25,20,20
24,9520,0.30183586288879605,0.06454560996206365,0.11892127765016582,0.514697249498974,25,20,20
24,9521,0.30183581057277453,0.06454560996205473,0.11892120044008307,0.5146973790250869,25,20,20
24,9522,0.30183594259042495,0.079101184234946,0.10436549414963489,0.5146973790249935,25,20,20
24,9523,0.30183301471422497,0.07910118423496378,0.10416710483536094,0.5148986962154494,25,20,20
24,9524,0.30182987705735975,0.07825073384463767,0.10502069288277285,0.5148986962152289,25,20,20
24,9525,0.29878423601410836,0.07825088874879699,0.10806614612587406,0.51489872911122,25,20,20
24,9526,0.2987840062806436,0.0782508887472178,0.10806454804260918,0.5149005569295291,25,20,20
24,9527,0.29878400784179293,0.07825088874721406,0.10806238469904862,0.5149027187119439,25,20,20
24,9528,0.29878697084987943,0.07825088874749193,0.10806203934056297,0.5149001010620654,25,20,20
24,9529,0.31143696270710824,0.07821291582887817,0.09545006141510248,0.5149000600489108,25,20,20
24,9530,0.29610542306232923,0.07821357881858726,0.110780871673788,0.514900126445295,25,20,20
24,9531,0.29586751248063575,0.07821357867719002,0.11102000279995156,0.514898906042222,25,20,20
24,9532,0.29587038682626965,0.07821357867717929,0.11092796439384928,0.5149880701027012,25,20,20
24,9533,0.29586746071938724,0.07821357867719295,0.1113009501997543,0.5146180104036648,25,20,20
24,9534,0.2958644845360392,0.07821357867715631,0.11130083336282302,0.514621103423981,25,20,20
24,9535,0.29586961652174176,0.07821382791498457,0.11136321415070077,0.5145533414125724,25,20,20
24,9536,0.29587047609472994,0.07989950724109433,0.10967667523899699,0.5145533414251783,25,20,20
24,9537,0.31126747489860546,0.07989884340783844,0.09428041107506009,0.5145532706184955,25,20,20
24,9538,0.31125564952590734,0.07989884341388667,0.0942922356940305,0.5145532713661751,25,20,20
24,9539,0.3112526537182003,0.07989884341362419,0.09428553521875546,0.5145629676494194,25,20,20
24,9540,0.31126910429120763,0.07989859023072685,0.055574684434973355,0.5532576210430933,25,20,20
24,9541,0.31127021652638986,0.07989859023127344,0.05557483940989919,0.5532563538324387,25,20,20
24,9542,0.31126726943154487,0.0798985902189088,0.05105507800097476,0.5577790623485722,25,20,20
24,9543,0.2946023055503021,0.07989858999227777,0.06771993592724898,0.5577791685301717,25,20,20
24,9544,0.267035708305646,0.07989866131277606,0.0952861092896423,0.5577795210919362,25,20,20
24,9545,0.2670387026476771,0.07989866131276761,0.09528610973090518,0.5577765263086504,25,20,20
24,9546,0.26703751954582583,0.07989866131223934,0.09528643330589999,0.557777385836035,25,20,20
24,9547,0.26704079656750407,0.0798986613125451,0.0952923109587782,0.5577682311611731,25,20,20
24,9548,0.26702228619995727,0.07989866090346844,0.09401981844862585,0.559059234447949,25,20,20
24,9549,0.26702535006908956,0.07989866090345528,0.09401511843215021,0.559060870595306,25,20,20
24,9550,0.26702506933972875,0.0798986609031585,0.09400926593684457,0.5590670038202691,25,20,20
24,9551,0.23653731985986934,0.07989866090635586,0.12449701513275269,0.5590670041010232,25,20,20
24,9552,0.23653728224614334,0.079898660906347,0.1244970160628936,0.5590670407846171,25,20,20
24,9553,0.24068056433863547,0.07989864798683353,0.12035374785604214,0.55906703981849,25,20,20
24,9554,0.2406785580157874,0.07989864798690227,0.12035360517428233,0.559069188823029,25,20,20
24,9555,0.24067550900156412,0.07989864798685806,0.12035364296713105,0.5590722000444477,25,20,20
24,9556,0.24067948454480487,0.0798986479868927,0.1203536566638369,0.5590682108044664,25,20,20
24,9557,0.24067957447279212,0.07989864798712634,0.12007241761187785,0.5593493599282043,25,20,20
24,9558,0.24067943288659763,0.07989864798687236,0.1199806439776685,0.5594412751488621,25,20,20
24,9559,0.22830045007074612,0.07989857673042353,0.12914563256443737,0.5626553406343925,25,20,20
24,9560,0.22829733438137137,0.07989857673042407,0.12914571312309353,0.5626583757651106,25,20,20
24,9561,0.2282974921766733,0.0798985767301465,0.1287787640370219,0.5630251670561575,25,20,20
24,9562,0.22829451125758687,0.07989857673013856,0.12878532511262664,0.5630215868996474,25,20,20
24,9563,0.22829544239337768,0.07989857673019572,0.12878999220687395,0.5630159886695519,25,20,20
24,9564,0.22829847711680107,0.07989857673021414,0.12879659245183853,0.5630063537011458,25,20,20
24,9565,0.2282964094644002,0.07989857673023938,0.12879002404467477,0.5630149897606852,25,20,20
24,9566,0.22829628540511318,0.0798985767302738,0.1287835126652842,0.5630216251993284,25,20,20
24,9567,0.22818401235196487,0.07989857646929259,0.12889578634267423,0.563021624836068,25,20,20
24,9568,0.2281840285566844,0.07989857646931975,0.12889586653118448,0.5630215284428108,25,20,20
24,9569,0.22818709102996018,0.07989857646934101,0.1289023918267344,0.563011940673964,25,20,20
24,9570,0.2281801731286741,0.07989857646954909,0.12916864038194034,0.5627526100198359,25,20,20
24,9571,0.22818015522477425,0.07989857646954653,0.12916863760797043,0.5627526306977084,25,20,20
24,9572,0.26758101524944294,0.07989842185796428,0.0897674170777509,0.5627531458148421,25,20,20
24,9573,0.2675810152603375,0.07989842185796443,0.08989678657057841,0.5626237763111199,25,20,20
24,9574,0.2675810859198445,0.07989842185801944,0.08989681370265029,0.5626236785194859,25,20,20
24,9575,0.26758407735958994,0.07989842185802892,0.08998895142686457,0.5625285493555164,25,20,20
24,9576,0.2675861993255728,0.07868775531527167,0.09119749601025118,0.5625285493489045,25,20,20
24,9577,0.2675862451250392,0.07868775531528734,0.09107271396011724,0.5626532855995564,25,20,20
24,9578,0.26758533160016457,0.07868775531551464,0.09107751469314442,0.5626493983911767,25,20,20
24,9579,0.26681528639034346,0.0786877553680896,0.09184755935724356,0.5626493988843236,25,20,20
24,9580,0.26681435616665006,0.07868775536803242,0.09184299538068112,0.5626548930846367,25,20,20
24,9581,0.2323648257859292,0.0786877553145347,0.12629254646008703,0.562654872439449,25,20,20
24,9582,0.2323678200973346,0.07868775531428346,0.1260310516371993,0.5629133729511824,25,20,20
24,9583,0.22802326744195991,0.07868775611291459,0.1303692623677174,0.5629197140774089,25,20,20
24,9584,0.2280204394036286,0.07868775611289876,0.13046145408489013,0.5628303503985832,25,20,20
24,9585,0.21396907275528562,0.07868775473940506,0.14451282877627736,0.5628303437290321,25,20,20
24,9586,0.2139680032362608,0.0786877547394839,0.1446375199315697,0.5627067220926856,25,20,20
24,9587,0.22524735610041005,0.0786877587198296,0.13321215869326722,0.5628527264864931,25,20,20
24,9588,0.22524734601746446,0.07868775871982206,0.1332074564457787,0.5628574388169344,25,20,20
24,9589,0.2252473804653657,0.07868775871984948,0.13321215694943947,0.562852703865345,25,20,20
24,9590,0.22524735068800694,0.07868775871983665,0.13321228096445603,0.5628526096277,25,20,20
24,9591,0.22524738042179593,0.07868775871984558,0.1332056323955521,0.562859228462806,25,20,20
24,9592,0.22524045995018396,0.07868775871980471,0.1332098518736406,0.5628619294563708,25,20,20
24,9593,0.2252373232255728,0.07868775871971427,0.13321633556118745,0.5628585824935256,25,20,20
24,9594,0.22497900646234228,0.07868775878053022,0.13347519256408075,0.5628580421930469,25,20,20
24,9595,0.26369999621833445,0.07868775795213073,0.09476052191881416,0.5628517239107211,25,20,20
24,9596,0.264166159182563,0.07868775759848105,0.09429436965999413,0.5628517135589624,25,20,20
24,9597,0.2641770833564421,0.0786877575987897,0.09428965907457444,0.5628454999701943,25,20,20
24,9598,0.2641800288462565,0.0786877575987857,0.0942849588222464,0.5628472547327118,25,20,20
24,9599,0.2640936130717072,0.07868775853756876,0.09437135725236184,0.5628472711383626,25,20,20
24,9600,0.26415928122435384,0.07868775853768181,0.0944636468818865,0.5626893133560782,25,20,20
24,9601,0.26415721751067656,0.07868775853848788,0.09446593042010326,0.5626890935307327,25,20,20
24,9602,0.26415691039218175,0.07868775853847633,0.09437377669898472,0.5627815543703575,25,20,20
24,9603,0.26412358069881864,0.07868805371959744,0.0976199475953842,0.5595684179862012,25,20,20
24,9604,0.26412872968318946,0.07868805371963951,0.09762328138379639,0.5595599352133759,25,20,20
24,9605,0.26413170848348827,0.07868805371964718,0.09761672224227202,0.5595635155545937,25,20,20
24,9606,0.26414546682673673,0.07868777227921438,0.09760078052315099,0.559565980370899,25,20,20
24,9607,0.2774914775159427,0.07868777019122317,0.08425459461885237,0.5595661576739833,25,20,20
24,9608,0.2774915940067914,0.07868777019068295,0.08425396858436111,0.5595666672181663,25,20,20
24,9609,0.2775982116422723,0.07868776931102489,0.08414736005397996,0.5595666589927245,25,20,20
24,9610,0.27759821190455614,0.07868776931102497,0.08414728011952394,0.5595667386648966,25,20,20
24,9611,0.27759928491886493,0.07868776931094631,0.0840179068350632,0.5596950389351268,25,20,20
24,9612,0.27158793700469114,0.07868776948296831,0.09002926155461774,0.559695031957724,25,20,20
24,9613,0.27170153491189647,0.07868776948283189,0.09039960696337816,0.5592110886418946,25,20,20
24,9614,0.27170456934357246,0.07868776948284548,0.0904060901333374,0.5592015710402455,25,20,20
24,9615,0.2805151021032647,0.07868776549926827,0.08174151792673776,0.5590556144707305,25,20,20
24,9616,0.25911823953820684,0.07868776643918961,0.10313112482848284,0.5590628691941205,25,20,20
24,9617,0.25912093059828684,0.07868776822278004,0.10312843166796803,0.5590628695109651,25,20,20
24,9618,0.25923051286602466,0.07868775450457949,0.10302260941020534,0.5590591232191894,25,20,20
24,9619,0.2591158512035583,0.07868775450444095,0.10265063725686932,0.55954575703513,25,20,20
24,9620,0.2591138410843738,0.07868775450446644,0.10256511386738802,0.5596332905437698,25,20,20
24,9621,0.2591139242721833,0.07868775450449732,0.10256970339137401,0.5596286178319435,25,20,20
24,9622,0.25910599516243926,0.07868775451765857,0.10257963347567683,0.5596266168442235,25,20,20
24,9623,0.25910893334084195,0.07868775451765699,0.10257974577848225,0.5596235663630171,25,20,20
24,9624,0.25910685132436856,0.07868775450400439,0.10257439753175618,0.5596309966398691,25,20,20
24,9625,0.2591078338573044,0.07868775450406129,0.10257614503042049,0.5596282666082119,25,20,20
24,9626,0.2591079048613185,0.0786877552059283,0.10723345849994487,0.5549708814328068,25,20,20
24,9627,0.25911389411824576,0.07868775520591584,0.10723171620484992,0.5549666344709869,25,20,20
24,9628,0.25915037177012773,0.07868775565611788,0.10719526275484016,0.5549666098189128,25,20,20
24,9629,0.2581936043209732,0.07868783639941562,0.10815952517200154,0.554959034107609,25,20,20
24,9630,0.25042118065602065,0.07868802816953525,0.11593168246605497,0.5549591087083884,25,20,20
24,9631,0.2504290123602463,0.07868802816958809,0.11592934277762983,0.5549536166925347,25,20,20
24,9632,0.2500443575264252,0.07868802784785658,0.11631397406158625,0.554953640564131,25,20,20
24,9633,0.25004132462957646,0.0793380628922161,0.11566697191505546,0.5549536405631514,25,20,20
24,9634,0.2500443049057293,0.07933806289221708,0.11567346001224704,0.5549441721898057,25,20,20
24,9635,0.23910457887095862,0.07933808072523486,0.1266133551017402,0.5549439853020655,25,20,20
24,9636,0.25077861287423103,0.07933806287594852,0.11493933946112116,0.5549439847886986,25,20,20
24,9637,0.2507786143958622,0.0793380628759565,0.11520555010283168,0.5546777726253487,25,20,20
24,9638,0.2507806657383993,0.079338062876166,0.11520364869070193,0.5546776226947316,25,20,20
24,9639,0.2507836441338262,0.07992753322378465,0.11461119995257714,0.5546776226898108,25,20,20
24,9640,0.2598200679215198,0.07992734139817376,0.10557504483231973,0.5546775458479855,25,20,20
24,9641,0.2631382943949264,0.07992739351804869,0.10225676151116003,0.5546775505758635,25,20,20
24,9642,0.26308353897175346,0.07992739351800672,0.10217093603760638,0.5548181314726319,25,20,20
24,9643,0.26307961560470133,0.07992739351797987,0.10217521779392406,0.5548177730833932,25,20,20
24,9644,0.2630795645795508,0.07992739351798832,0.10217521591940316,0.5548178259830562,25,20,20
24,9645,0.26307951147336167,0.07992739351775201,0.102170463199122,0.5548226318097627,25,20,20
24,9646,0.26307155914032776,0.07992739351769007,0.10216397309329645,0.5548370742486841,25,20,20
24,9647,0.26306864952947184,0.07992739351771311,0.10216856285040153,0.554835394102412,25,20,20
24,9648,0.26306864952380876,0.0799273935177131,0.10216219193080767,0.5548417650276692,25,20,20
24,9649,0.263065601598091,0.07989953393174858,0.1021930994426665,0.5548417650274926,25,20,20
24,9650,0.2630625866390954,0.07989953322987454,0.1115209719791963,0.5455169081518331,25,20,20
24,9651,0.26305957479708014,0.07989953322985702,0.1115208547424174,0.5455200372306448,25,20,20
24,9652,0.26306258932213583,0.07989953322989245,0.11152070802454402,0.5455171694234271,25,20,20
24,9653,0.2630596078168466,0.0798995332298877,0.11151410437164994,0.5455267545816151,25,20,20
24,9654,0.2620144249350179,0.07990018230242407,0.11255863988320311,0.5455267528793549,25,20,20
24,9655,0.2624505026489764,0.07990018216797694,0.11212258949968373,0.545526725683363,25,20,20
24,9656,0.2624525843362138,0.07990018216790665,0.11211796453794619,0.5455292689579335,25,20,20
24,9657,0.2626831512734251,0.07990018216800031,0.11211165120298315,0.5453050153555915,25,20,20
24,9658,0.2626761769326074,0.07991504250774001,0.11210376521929191,0.5453050153403606,25,20,20
24,9659,0.26267414244437837,0.07991504250773938,0.11210379983209423,0.5453070152157881,25,20,20
24,9660,0.2626770559512774,0.07991504250771303,0.11209910082193705,0.5453088007190732,25,20,20
24,9661,0.26267504083152143,0.0799150425077391,0.11209913930635923,0.5453107773543809,25,20,20
24,9662,0.26267505870153135,0.079915042507762,0.11247201304990946,0.5449378857407978,25,20,20
24,9663,0.262671533425067,0.07991504252177674,0.1122152970747647,0.5451981269783919,25,20,20
24,9664,0.26267146319853024,0.07991504252179409,0.11220885341361533,0.5452046408660604,25,20,20
24,9665,0.26273629638724233,0.07991504252500824,0.11220928691047279,0.5451393741772768,25,20,20
24,9666,0.2627393435440097,0.07992143890139403,0.11219984337722666,0.5451393741773696,25,20,20
24,9667,0.2628087176357539,0.07992143890357388,0.11806457476083869,0.5392052686998339,25,20,20
24,9668,0.26250381165291237,0.07992143488296265,0.11837174557437637,0.5392030078897487,25,20,20
24,9669,0.26258468698258136,0.0799213532220734,0.11829094389630379,0.539203015899041,25,20,20
24,9670,0.2502667062635826,0.07992135325411544,0.13060892393011592,0.5392030165521855,25,20,20
24,9671,0.2502599252850384,0.07992135325407226,0.13061100264276537,0.5392077188181232,25,20,20
24,9672,0.2502569835653841,0.07992135325409605,0.13061563453780073,0.5392060286427184,25,20,20
24,9673,0.2501868043038803,0.07992135325187727,0.1243779775292691,0.5455138649149724,25,20,20
24,9674,0.25954256396116443,0.07992135568904897,0.11502226252757165,0.5455138178222141,25,20,20
24,9675,0.2595417166720209,0.07992135569133754,0.11502310935812395,0.545513818278517,25,20,20
24,9676,0.23216296664038133,0.0799213556814188,0.14239800475023157,0.5455176729279664,25,20,20
24,9677,0.23216198659326254,0.07992135568138385,0.1423978874709222,0.5455187702544295,25,20,20
24,9678,0.2321617942200438,0.07992135568136588,0.1423978209033498,0.5455190291952388,25,20,20
24,9679,0.23193118847787184,0.07992135568127083,0.14277050406533018,0.5453769517755255,25,20,20
24,9680,0.20027400302959472,0.07992135638623946,0.1744277339868363,0.545376906597326,25,20,20
24,9681,0.20028314956367788,0.07992135638633575,0.17455543135491755,0.5452400626950652,25,20,20
24,9682,0.200280205323049,0.07992135638634475,0.17492843064815852,0.5448700076424443,25,20,20
24,9683,0.20028316597730345,0.07992135638636258,0.17492843137240302,0.5448670462639279,25,20,20
24,9684,0.2002829073905388,0.07992135637229766,0.17492363282630596,0.5448721034108546,25,20,20
24,9685,0.19615440242884424,0.07992135555451671,0.17905213039758205,0.5448721116190538,25,20,20
24,9686,0.19615126468283187,0.07992135555452316,0.17904754575276294,0.5448798340098789,25,20,20
24,9687,0.19788412645351974,0.07992135737681201,0.17731468990972535,0.5448798262599399,25,20,20
24,9688,0.19789469281367394,0.07992135737681565,0.1776875172320835,0.5444964325774244,25,20,20
24,9689,0.19790207460195944,0.07992135737710501,0.1777758596713419,0.5444007083495911,25,20,20
24,9690,0.23749831604529403,0.07992135784430922,0.13818347135126352,0.5443968547591324,25,20,20
24,9691,0.23749335889407386,0.07992135784425905,0.13819033593425392,0.5443949473274118,25,20,20
24,9692,0.23749630224176382,0.07992135784425905,0.13819030240819216,0.5443920375057835,25,20,20
24,9693,0.23750833584863085,0.07992135784437888,0.1379095891990209,0.5446607171079679,25,20,20
24,9694,0.23948316514348147,0.07992167420541817,0.13593442011615117,0.544660740534949,25,20,20
24,9695,0.19952311136692888,0.07992171337088882,0.17589443248183576,0.544660742780344,25,20,20
24,9696,0.19952712745002646,0.0799217133709333,0.1758944689640387,0.544656690214999,25,20,20
24,9697,0.1994593106358953,0.07992171336771006,0.17589426291271157,0.5447247130836805,25,20,20
24,9698,0.1973330856415841,0.07992171587129046,0.17802047179473746,0.544724726692385,25,20,20
24,9699,0.1931533776508557,0.07992173003125559,0.18219886916138484,0.5447260231565018,25,20,20
24,9700,0.20299490138434037,0.0799217156521186,0.1723572541421791,0.5447261288213595,25,20,20
24,9701,0.20299789913415706,0.07992171565211707,0.1583767651050757,0.5587036201086487,25,20,20
24,9702,0.20468445081412256,0.0799217134813969,0.15669017185625983,0.5587036638482195,25,20,20
24,9703,0.22449353506016917,0.07992169539112493,0.13688110788380395,0.5587036616649007,25,20,20
24,9704,0.22449660066059363,0.07992169539115905,0.13688585418087812,0.5586958497673681,25,20,20
24,9705,0.22449208619422806,0.07992169539113969,0.13651294527289232,0.5590732731417386,25,20,20
24,9706,0.18646662162976466,0.07992169507999108,0.17453846548952054,0.5590732178007233,25,20,20
24,9707,0.14772356721707455,0.07992197771843357,0.21328130194475553,0.5590731531197372,25,20,20
24,9708,0.14772356692408492,0.07992197771843364,0.21336336586953794,0.5589910894879442,25,20,20
24,9709,0.147716584448269,0.07992197771838072,0.21336661681564098,0.5589948210177098,25,20,20
24,9710,0.1477103796343992,0.07992197771826064,0.21323420850566802,0.5591334341416734,25,20,20
24,9711,0.14770834632738924,0.07992197771826878,0.21323432652300192,0.5591353494313414,25,20,20
24,9712,0.14771512735955683,0.07992197771827197,0.21323675039437867,0.559126144527794,25,20,20
24,9713,0.14753679058148542,0.07992197953367935,0.21341468325324686,0.5591265466315899,25,20,20
24,9714,0.14753693607414686,0.0799436890824028,0.21339282821173935,0.5591265466317126,25,20,20
24,9715,0.147521923474898,0.07994368908227482,0.21330059845683674,0.5592337889859921,25,20,20
24,9716,0.14754118595523658,0.07994368908495497,0.21330070698489034,0.5592144179749197,25,20,20
24,9717,0.14755217950492633,0.07994368908604285,0.21330084894562393,0.5592032824634083,25,20,20
24,9718,0.14755218231071734,0.07994368908604271,0.21329631168680843,0.5592078169164328,25,20,20
24,9719,0.14755614869829542,0.07994368908530969,0.213302882227653,0.5591972799887432,25,20,20
24,9720,0.14519723624415312,0.07994298780327307,0.21566249917347752,0.5591972767790968,25,20,20
24,9721,0.1453287773063106,0.07994298668780891,0.21553136168423023,0.5591968743216512,25,20,20
24,9722,0.12731759914066137,0.0799429642265279,0.23319247694485465,0.5595469596879571,25,20,20
24,9723,0.1273106393635848,0.07994296422647651,0.23319247551473007,0.5595539208952099,25,20,20
24,9724,0.12731364052113736,0.07994296422649906,0.23319896471339774,0.5595444305389673,25,20,20
24,9725,0.1273115582191862,0.07994296422653428,0.23319908899469538,0.5595463885595854,25,20,20
24,9726,0.12731161311139985,0.07994296422654297,0.2331991286956853,0.559546293966372,25,20,20
24,9727,0.12731159709895146,0.07994296422654756,0.23357210028718992,0.5591733383873113,25,20,20
24,9728,0.12738216926292772,0.07985410831596423,0.23359038345764918,0.5591733389634591,25,20,20
24,9729,0.12796395238822364,0.07985410833219238,0.23300860030063805,0.5591733389789462,25,20,20
24,9730,0.1605038551548501,0.07985411572565276,0.20046864948747134,0.5591733796320247,25,20,20
24,9731,0.15869076324419137,0.07985411532314857,0.20263182423024056,0.5588232972024172,25,20,20
24,9732,0.1578102728094708,0.07987335073667347,0.2034013610812115,0.5589150153726417,25,20,20
24,9733,0.1561968461725529,0.07987334885819236,0.20501478976869023,0.5589150152005647,25,20,20
24,9734,0.1558512686887267,0.07987336139933579,0.20536027168435503,0.5589150982275828,25,20,20
24,9735,0.15592113902302202,0.07981183094427101,0.2053519315043756,0.5589150985283318,25,20,20
24,9736,0.156159992378601,0.07981183094852978,0.20544384725482687,0.5585843294180423,25,20,20
24,9737,0.15616213446151042,0.07981183094848258,0.2058167453966169,0.5582092891933903,25,20,20
24,9738,0.15616516730472585,0.07981183094848204,0.20581659736436694,0.5582064043824253,25,20,20
24,9739,0.15615438753166214,0.07981342165552284,0.20591884286267068,0.5581133479501448,25,20,20
24,9740,0.156157412149291,0.07979232538161467,0.20593691519777507,0.5581133472713197,25,20,20
24,9741,0.1560875580286947,0.07988437148694533,0.20591472351363788,0.5581133469707225,25,20,20
24,9742,0.1560885382440148,0.07988437148697479,0.2055417244813942,0.5584853657876168,25,20,20
24,9743,0.15608860165451793,0.07988437148701961,0.20553855555930348,0.5584884712991589,25,20,20
24,9744,0.15621310790303344,0.07988437150099957,0.20589398609797743,0.5580085344979899,25,20,20
24,9745,0.13673283065898678,0.07988510135958801,0.22536117475203518,0.5580208932293904,25,20,20
24,9746,0.13673190182409964,0.07988510135956617,0.22536349200207087,0.5580195048142637,25,20,20
24,9747,0.1402305352234176,0.0798847852863682,0.22186519262171361,0.5580194868684996,25,20,20
24,9748,0.15006082207963156,0.07988478568805478,0.2120348894401153,0.5580195027921974,25,20,20
24,9749,0.14446772959770746,0.07988512622108511,0.21762653218499595,0.5580206119962102,25,20,20
24,9750,0.14422883735286401,0.07988512621681795,0.21753697509783276,0.5583490613324841,25,20,20
24,9751,0.14422678287513208,0.07988512621682908,0.21753714903125648,0.5583509418767805,25,20,20
24,9752,0.14422373251402176,0.079885126216799,0.21753259859806012,0.5583585426711175,25,20,20
24,9753,0.14995240635955415,0.07988511898605083,0.21180395523317475,0.5583585194212187,25,20,20
24,9754,0.14987875457549132,0.07873863167939821,0.21302409459248328,0.5583585191526259,25,20,20
24,9755,0.14987970192389605,0.07873863167968613,0.21302415504965286,0.5583575113467635,25,20,20
24,9756,0.13891849326693478,0.07874353680492974,0.2239337428065408,0.5584042271215935,25,20,20
24,9757,0.13891754933794112,0.07874353681871664,0.22430103799488188,0.5580378758484592,25,20,20
24,9758,0.1271002560619497,0.07874353612317797,0.23611833083933068,0.5580378769755403,25,20,20
24,9759,0.12709925818261014,0.07874353612287761,0.23611595444085112,0.5580412512536597,25,20,20
24,9760,0.12710235969394942,0.07874353612288192,0.23611375114830743,0.5580403530348598,25,20,20
24,9761,0.12709540008172865,0.07874353612284768,0.23611586349116334,0.558045200304259,25,20,20
24,9762,0.11721723231152778,0.0787443232679377,0.24578049448543124,0.5582579499351021,25,20,20
24,9763,0.11668657318681186,0.07874353570488749,0.24652470672325338,0.5580451843850461,25,20,20
24,9764,0.11668657194287463,0.07874353570487833,0.2461517080064138,0.5584181843458321,25,20,20
24,9765,0.1166867625482568,0.07874353570490539,0.2461518205134638,0.558417881233373,25,20,20
24,9766,0.11669038811810122,0.07874353570488506,0.24628118115308772,0.5582848950239253,25,20,20
24,9767,0.11669544173641448,0.07874353570652254,0.24628122296572758,0.5582797995913349,25,20,20
24,9768,0.11668048179800582,0.07874353570616761,0.24627451046432033,0.5583014720315056,25,20,20
24,9769,0.11667748661891707,0.07874353570617618,0.24627450862979117,0.5583044690451153,25,20,20
24,9770,0.11667846793527423,0.07874353570620671,0.24627454581451588,0.5583034505440024,25,20,20
24,9771,0.1166735544727713,0.07874353570457009,0.24626980691235975,0.5583131029102981,25,20,20
24,9772,0.10956784005114711,0.07874370021453839,0.24481366037217459,0.5668747993621391,25,20,20
24,9773,0.11120848870187106,0.07874370021354053,0.24317301115607504,0.5668747999285124,25,20,20
24,9774,0.11120535139945498,0.07874370021354828,0.24317312407522795,0.5668778243117678,25,20,20
24,9775,0.11816341134397229,0.07873879278964627,0.23626408170505322,0.5668337141613271,25,20,20
24,9776,0.11816335331615592,0.07997689498838059,0.23502603783944,0.5668337138560225,25,20,20
24,9777,0.13627762274034383,0.07997675072411417,0.2254736101199669,0.5582720164155743,25,20,20
24,9778,0.1363349562242699,0.07997673840686828,0.22541626230642844,0.5582720430624314,25,20,20
24,9779,0.13633590099213222,0.07997673847568233,0.26194325358079157,0.5217441069513932,25,20,20
24,9780,0.1363425606026717,0.07935016463397271,0.2625631676749385,0.5217441070884167,25,20,20
24,9781,0.10559171688460779,0.07935017784009085,0.29331395239937735,0.5217441528759245,25,20,20
24,9782,0.10559268086171374,0.07935017784012527,0.2933117925434437,0.5217453487547172,25,20,20
24,9783,0.10618608677221256,0.07935020057199572,0.2927183623678863,0.5217453502879057,25,20,20
24,9784,0.10618242321223657,0.0799737766863138,0.29209844995068096,0.521745350150769,25,20,20
24,9785,0.14263953818402228,0.07997377724396469,0.2556412687058962,0.5217454158661158,25,20,20
24,9786,0.14263866188448726,0.07997377724396663,0.2556411527999003,0.5217464080716445,25,20,20
24,9787,0.14206510523036875,0.07997375551348324,0.25621459692363846,0.5217465423325085,25,20,20
24,9788,0.14471695632708084,0.07997398313701798,0.25695524912626166,0.5183538114096391,25,20,20
24,9789,0.14471697399749503,0.07997398313724374,0.25696007979069907,0.5183489630745615,25,20,20
24,9790,0.14557150521706744,0.07997396288531246,0.2561055690248216,0.5183489628727977,25,20,20
24,9791,0.14556850950932823,0.07994623397052232,0.2561362936472494,0.5183489628728993,25,20,20
24,9792,0.10777940669741053,0.07994623679000762,0.2939245475445404,0.518349808968041,25,20,20
24,9793,0.1077749873038188,0.07994623678968654,0.2938324500719783,0.5184463258345157,25,20,20
24,9794,0.09882292744944583,0.07994622339636398,0.3027845837190912,0.5184462654350983,25,20,20
24,9795,0.09882610664916312,0.07991212349445562,0.30281550441796484,0.5184462654384157,25,20,20
24,9796,0.09883607594585932,0.04002322659169,0.34269443191165827,0.5184462655507894,25,20,20
24,9797,0.13829805802150508,0.04002322659155488,0.30323244986913594,0.5184462655178023,25,20,20
24,9798,0.138298004498406,0.04002322657773342,0.302864976341831,0.5188137925820278,25,20,20
24,9799,0.13888032406211062,0.039955014336196096,0.3023508174806955,0.5188138441209962,25,20,20
24,9800,0.13888042174273782,0.0399550143362891,0.30235176603302244,0.5188127978879491,25,20,20
24,9801,0.17422878988938448,0.039955024140193564,0.2670033428009975,0.5188128431694229,25,20,20
24,9802,0.17422653605029761,0.039379222512441435,0.26758139826889904,0.5188128431683604,25,20,20
24,9803,0.17422946478499654,0.03937922251217932,0.26758126353475997,0.518810049168063,25,20,20
24,9804,0.17422866007652907,0.03937922251241707,0.26758586420733366,0.5188062532037191,25,20,20
24,9805,0.13658238372620063,0.039379223464726165,0.3052321357142306,0.518806257094841,25,20,20
24,9806,0.13446035517848173,0.039379226946583225,0.3073541468352116,0.5188062710397223,25,20,20
24,9807,0.16920633936979257,0.039379226138662106,0.27260819959496224,0.5188062348965818,25,20,20
24,9808,0.16918622126160499,0.03937922613596931,0.2726095953825906,0.5188249572198338,25,20,20
24,9809,0.16956114940258293,0.039379226101106446,0.27223471577438,0.5188249087219287,25,20,20
24,9810,0.16877119060516127,0.039379463262449704,0.27298903786764367,0.5188603082647433,25,20,20
24,9811,0.16877033140785838,0.03827225292102078,0.2740971074109649,0.5188603082601538,25,20,20
24,9812,0.17362675284367501,0.03827240394920773,0.2692431182864001,0.5188577249207154,25,20,20
24,9813,0.1736328226148207,0.038272063127575494,0.26923851233017265,0.51885660192743,25,20,20
24,9814,0.17363600923033684,0.03827206312757611,0.26923851402746396,0.5188534136146218,25,20,20
24,9815,0.18018023319833518,0.03827204984674674,0.2626943672043891,0.5188533497505277,25,20,20
24,9816,0.1801803441863635,0.03827204984728831,0.26270101842442234,0.5188465875419248,25,20,20
24,9817,0.1801802217548976,0.03827204984729239,0.26270090387561146,0.5188468245221977,25,20,20
24,9818,0.1804193561952096,0.03827205063650039,0.26306787855743474,0.5182407146108542,25,20,20
24,9819,0.18041642335769414,0.038272050636530205,0.26269485613997734,0.5186166698657972,25,20,20
24,9820,0.1804134969563454,0.03827205063653982,0.26269485484850646,0.5186195975586073,25,20,20
24,9821,0.18029584076988336,0.03827205062276968,0.26861951065627576,0.5128125979510707,25,20,20
24,9822,0.18029682153755983,0.038272050622812595,0.2686129128172324,0.5128182150223951,25,20,20
24,9823,0.1802967527353804,0.03827205062255765,0.26860816041181135,0.5128230362302507,25,20,20
24,9824,0.1802966314958489,0.039958678805991105,0.2669216534679571,0.5128230362302029,25,20,20
24,9825,0.18029664712404447,0.0399782733090443,0.2669020433366598,0.5128230362302514,25,20,20
24,9826,0.1802936241823648,0.039978273309013934,0.2669018994952117,0.5128262030134099,25,20,20
24,9827,0.1802935692937037,0.039978273322824734,0.26727436057007287,0.5124537968133989,25,20,20
24,9828,0.19986320561806148,0.03997757743468423,0.24771786325715425,0.5124413536900999,25,20,20
24,9829,0.19991779184099046,0.0400422178220819,0.24759844628338745,0.5124415440535414,25,20,20
24,9830,0.19986810656535792,0.040042228956978204,0.23484393807817214,0.5252457263994926,25,20,20
24,9831,0.19986730154166263,0.04004222895698884,0.2347144642839315,0.5253760052174171,25,20,20
24,9832,0.19962799715376953,0.04004221444626248,0.24775888191296133,0.512570906487004,25,20,20
24,9833,0.19697633008099502,0.04004970570829554,0.2504710429099297,0.5125029213007766,25,20,20
24,9834,0.19697429946926867,0.04004970570832162,0.25048504558058465,0.5124909492418217,25,20,20
24,9835,0.19655801972621362,0.040064439658987074,0.2508852864006783,0.5124922542141174,25,20,20
24,9836,0.20050222531176418,0.04006443880526071,0.24693680215005867,0.5124965337329127,25,20,20
24,9837,0.23705570835409087,0.04006443889587213,0.21031720596118483,0.5125626467888489,25,20,20
24,9838,0.23705563814128275,0.04006443889585411,0.2103173183590724,0.5125626046037876,25,20,20
24,9839,0.2370020919808877,0.04062886292588849,0.20980646688687904,0.512562578206341,25,20,20
24,9840,0.23952849125638093,0.04085915995428018,0.20704884116016264,0.5125635076291727,25,20,20
24,9841,0.23897860089510486,0.040844717675504294,0.2076144578310754,0.5125622235983122,25,20,20
24,9842,0.23897167999245394,0.040844717675249415,0.20133428313225138,0.5188493192000428,25,20,20
24,9843,0.23897521552240306,0.04083725059436731,0.20133822559398556,0.5188493082892416,25,20,20
24,9844,0.23897518056049752,0.040837250594354044,0.20134475327272258,0.5188428155724231,25,20,20
24,9845,0.23920770091096738,0.04083720374976758,0.2011122544733369,0.5188428408659249,25,20,20
24,9846,0.23667938766238916,0.04004248447795867,0.20269627231955062,0.5205818555400976,25,20,20
24,9847,0.23668623952090478,0.040042484478002134,0.2026963253701795,0.5205749506309096,25,20,20
24,9848,0.23644694643503555,0.04004248368848914,0.20232599631717396,0.5211845735592978,25,20,20
24,9849,0.2366862840069616,0.04004248369145239,0.20232303156775636,0.5209482007338261,25,20,20
24,9850,0.23668928053259852,0.040042483691448846,0.20258926987621312,0.5206789658997358,25,20,20
24,9851,0.23668737252516867,0.04004248369147256,0.2023231749225792,0.5209469688607758,25,20,20
24,9852,0.23668440308082075,0.040042481723044664,0.20399781785526933,0.5192752973408615,25,20,20
24,9853,0.2563704431985913,0.04004248198393201,0.18431597179759088,0.5192711030198821,25,20,20
24,9854,0.2563723506288387,0.04004248198390309,0.18431594476343388,0.5192692226238207,25,20,20
24,9855,0.2563722801969732,0.04004248198390263,0.1842237495494001,0.5193614882697211,25,20,20
24,9856,0.25637327740435895,0.04005237842666864,0.18421285589450492,0.5193614882744645,25,20,20
24,9857,0.2563702485798048,0.04005237842691371,0.1842166477358056,0.5193607252574729,25,20,20
24,9858,0.256373214559308,0.04005237842693667,0.18421016193562237,0.5193642450781296,25,20,20
24,9859,0.25637009566407787,0.040052378426953555,0.18421676629246328,0.5193607596165019,25,20,20
24,9860,0.25626907803171384,0.040052656576095975,0.18431695430136152,0.5193613110908258,25,20,20
24,9861,0.26184957761200034,0.04005241922608185,0.17877219081670512,0.5193258123452096,25,20,20
24,9862,0.2618524389475978,0.04005241922619269,0.17877681997501957,0.5193183218511865,25,20,20
24,9863,0.2967991705251826,0.039987778920364966,0.14389491838863244,0.5193181321658188,25,20,20
24,9864,0.2967971871328166,0.03998777892042164,0.14389499767774758,0.519320036269013,25,20,20
24,9865,0.3001490606244859,0.039987779201246236,0.14060923568495493,0.5192539244893117,25,20,20
24,9866,0.3001972157618869,0.03998777882850455,0.14056108224525865,0.5192539231643487,25,20,20
24,9867,0.2741672592470315,0.03999142318575534,0.1665705824956856,0.5192707350715235,25,20,20
24,9868,0.2660524277848299,0.040016395228112636,0.17466046155718548,0.5192707154298685,25,20,20
24,9869,0.2660514284060727,0.04001639522802811,0.1746603762498998,0.5192718001159959,25,20,20
24,9870,0.26605351272545336,0.04001639522800282,0.17464637443660627,0.5192837176099342,25,20,20
24,9871,0.26696071698035784,0.04009552490648214,0.17366004050581793,0.5192837176073393,25,20,20
24,9872,0.26159289938650565,0.04009552818747772,0.17902781161021208,0.5192837608158005,25,20,20
24,9873,0.2821980171017456,0.040091895053453355,0.1582747853597856,0.5194353024850148,25,20,20
24,9874,0.28219819329968326,0.04009189505325362,0.1582710589504729,0.5194388526965894,25,20,20
24,9875,0.28219521830451594,0.040091895057173435,0.1582776268468134,0.5194352597914969,25,20,20
24,9876,0.2822022843735857,0.04009189505744547,0.1582842177560182,0.5194216028129502,25,20,20
24,9877,0.2822023000835377,0.04009189505763675,0.15828427268522904,0.5194215321735962,25,20,20
24,9878,0.2822027512255358,0.040091895057657014,0.15855041277447424,0.5191549409423326,25,20,20
24,9879,0.28221687302904686,0.04009160338545748,0.15853660673315512,0.5191549168523394,25,20,20
24,9880,0.25594127088218693,0.04009482252235474,0.1839314138909417,0.5200324927045138,25,20,20
24,9881,0.2557050642036178,0.04009482251941839,0.18393582300117997,0.5202642902757817,25,20,20
24,9882,0.2442587896570652,0.040094827831172915,0.19538207802365964,0.5202643044880996,25,20,20
24,9883,0.25583223854109954,0.04009482236374469,0.1838086742888409,0.5202642648063125,25,20,20
24,9884,0.25588530235804174,0.040094822394280374,0.18375560836146423,0.5202642668862113,25,20,20
24,9885,0.2558882817636615,0.04009482238044763,0.1833815640686537,0.5206353317872348,25,20,20
24,9886,0.2606485324834086,0.04009481560880102,0.17878860701832056,0.5204680448894676,25,20,20
24,9887,0.2471352182742199,0.040091596476413305,0.1929717858560172,0.5198013993933458,25,20,20
24,9888,0.2475492787295391,0.04009131833896271,0.19255855423122553,0.5198008487002687,25,20,20
24,9889,0.22857064522009843,0.040091318576123275,0.21153712304576708,0.5198009131580081,25,20,20
24,9890,0.19670020641843156,0.04009131413816361,0.24340863081551528,0.5197998486278876,25,20,20
24,9891,0.18926030019760204,0.04009131435742755,0.2508449006570605,0.5198034847879079,25,20,20
24,9892,0.18926570649766308,0.014273884968345061,0.27665691725848207,0.5198034912755077,25,20,20
24,9893,0.18950085066888067,0.01427388497032447,0.2766524526759161,0.5195728116848763,25,20,20
24,9894,0.18949789891909594,0.014273884970196531,0.2766477433113617,0.5195804727993438,25,20,20
24,9895,0.1894947968756281,0.014273884970196946,0.27664767510384175,0.519583643050331,25,20,20
24,9896,0.1894978291452752,0.014273884970214012,0.2766476748195857,0.5195806110649229,25,20,20
24,9897,0.18949776189543016,0.01427388497016039,0.2766460040594922,0.5195823490749161,25,20,20
24,9898,0.1883551128517425,0.014273884969529981,0.2777886529223523,0.519582349256374,25,20,20
24,9899,0.16648867323877328,0.014273884621033149,0.2996551819319264,0.5195822602082667,25,20,20
24,9900,0.16649558892026717,0.014273884621068843,0.29965672464070253,0.5195738018179608,25,20,20
24,9901,0.17959778835901896,0.014273888466297064,0.2865545529413067,0.519573770233376,25,20,20
24,9902,0.1796007151035448,0.014273888466288166,0.28655458825999397,0.5195708081701718,25,20,20
24,9903,0.17960267755956696,0.014273888466357808,0.2865611953197006,0.5195622386543733,25,20,20
24,9904,0.17960520584866876,0.014273888466346678,0.28629496473286425,0.5198259409521191,25,20,20
24,9905,0.17959809020277967,0.014273888466066718,0.28628825787721274,0.5198397634539391,25,20,20
24,9906,0.1795971788963032,0.014273888466534745,0.28629778701883096,0.5198311456183299,25,20,20
24,9907,0.17552195650725114,0.014274134142085788,0.2903727636809569,0.5198311456697051,25,20,20
24,9908,0.17552480912287852,0.014274134142040438,0.2904649400415437,0.5197361166935368,25,20,20
24,9909,0.17552177805668634,0.014274134142040842,0.290372699877122,0.51983138792415,25,20,20
24,9910,0.17551879784428176,0.014274134142058761,0.29063940774379754,0.5195676602698618,25,20,20
24,9911,0.17551687107117073,0.014274134141996986,0.29063940212917655,0.5195695926576552,25,20,20
24,9912,0.18082226698402482,0.014274130857328992,0.2853340531358868,0.5195695490227592,25,20,20
24,9913,0.18082523011617332,0.014274130857877662,0.2853297310354356,0.5195709079905132,25,20,20
24,9914,0.14932301086131683,0.014249008668156714,0.316841126966321,0.5195868535042052,25,20,20
24,9915,0.14932691662200992,0.01424900866801342,0.3168429772707418,0.5195810974392353,25,20,20
24,9916,0.1493269154829708,0.014249008668016934,0.31684957939462094,0.5195744964543926,25,20,20
24,9917,0.1551038076427631,0.014249009773736793,0.31107269425816203,0.5195744883253396,25,20,20
24,9918,0.15494046494517336,0.01424900875631131,0.3112519870940784,0.5195585392044387,25,20,20
24,9919,0.15494343704886818,0.014249008770241737,0.3109975577584954,0.5198099964223963,25,20,20
24,9920,0.1549413468449208,0.014249008768272564,0.30933451756361746,0.5214751268231903,25,20,20
24,9921,0.1549393119659176,0.014249008767749942,0.3093322415464154,0.5214794377199179,25,20,20
24,9922,0.17891430578099388,0.01416963158872851,0.2853834300191813,0.5215326326110954,25,20,20
24,9923,0.17868713218694846,0.014169631586913591,0.2853880398822034,0.5217551963439335,25,20,20
24,9924,0.17904481765793928,0.014169631593191236,0.2856458213317807,0.521139729417088,25,20,20
24,9925,0.179047025211218,0.014169631593157437,0.2856458984660118,0.521137444729612,25,20,20
24,9926,0.17915967913550848,0.014169631593264348,0.2856394367703136,0.5210312525009129,25,20,20
24,9927,0.18044646675886702,0.014169633793151323,0.2816342308932968,0.5237496685546839,25,20,20
24,9928,0.1804455884359919,0.014169633789174588,0.2816292513118043,0.5237555264630287,25,20,20
24,9929,0.1803330583866438,0.014169633789302107,0.2818953116526329,0.5236019961714207,25,20,20
24,9930,0.18033011568760413,0.014169633789569718,0.28189354281217144,0.5236067077106543,25,20,20
24,9931,0.18032699582057218,0.014169633789565171,0.2818917888058554,0.5236115815840069,25,20,20
24,9932,0.18032801243824387,0.014169633789654355,0.2818964930779609,0.5236058606941405,25,20,20
24,9933,0.1803280645287393,0.014169633789681774,0.2819006123238825,0.5236016893576964,25,20,20
24,9934,0.1803282289738889,0.014169633777048924,0.28189003532909235,0.5236121019199694,25,20,20
24,9935,0.14089363722788048,0.014169628595682535,0.3213245463462813,0.523612187830159,25,20,20
24,9936,0.14088559777404436,0.014169628595268999,0.3213198578984159,0.523624915732274,25,20,20
24,9937,0.14052398981348058,0.014169628589202838,0.3210602659541501,0.5242461156431698,25,20,20
24,9938,0.14155238049178442,0.014169628592901771,0.32003187530670973,0.524246115608607,25,20,20
24,9939,0.14155244849801407,0.014169628592940802,0.32003199837257923,0.5242459245364687,25,20,20
24,9940,0.141546150618066,0.039934475825199246,0.29427345550681266,0.5242459180499243,25,20,20
24,9941,0.14129826388255193,0.03993447581021606,0.2945214534344943,0.5242458068727408,25,20,20
24,9942,0.14153163083102296,0.039934475812405106,0.2945217290974547,0.5240121642591198,25,20,20
24,9943,0.1415346266505147,0.03997783724429811,0.2944753718519216,0.5240121642532681,25,20,20
24,9944,0.14153149082476968,0.03997783725821457,0.2945676994229339,0.5239229724940838,25,20,20
24,9945,0.15482577634795006,0.03997784084038852,0.2839646181127454,0.5212317646989166,25,20,20
24,9946,0.15718337852095435,0.03997785136078742,0.28160695245472894,0.5212318176635315,25,20,20
24,9947,0.15712028403176978,0.03997785136382028,0.28167004607556917,0.521231818528843,25,20,20
24,9948,0.15712023219708873,0.03997785136379712,0.2819425902533929,0.5209593261857234,25,20,20
24,9949,0.15712930327278501,0.039977851363840335,0.2819427446999501,0.5209501006634266,25,20,20
24,9950,0.15712925045389345,0.024536905685091894,0.297383743197573,0.5209501006634413,25,20,20
24,9951,0.15712917945955288,0.02453690568507741,0.2973835471384598,0.5209503677169096,25,20,20
24,9952,0.17083671347953266,0.024537941819520827,0.2676655651173841,0.5369597795835624,25,20,20
24,9953,0.1708404821105461,0.024537941818266722,0.2676639125041062,0.5369576635670811,25,20,20
24,9954,0.1746099304257438,0.024537942571826593,0.26389429188846836,0.5369578351139611,25,20,20
24,9955,0.17220352302419756,0.024537932063226565,0.26629933253113175,0.5369592123814447,25,20,20
24,9956,0.17220147246240256,0.02453793206302846,0.26629462446470425,0.5369659710098652,25,20,20
24,9957,0.1722014361758964,0.024537932062522447,0.26628745364449197,0.5369731781170883,25,20,20
24,9958,0.17219929792628905,0.02453793206234518,0.26602349502007183,0.5372392749912938,25,20,20
24,9959,0.1721820857927281,0.0245376864713897,0.26136063588340236,0.5419195918524781,25,20,20
24,9960,0.17218203295192588,0.024537686471119532,0.2613559429118229,0.54192433766513,25,20,20
24,9961,0.17309411080687753,0.024537685641993375,0.26044403751678313,0.5419241660343443,25,20,20
24,9962,0.17285775108300658,0.0245376856400403,0.260452640933316,0.5421519223436355,25,20,20
24,9963,0.17302371969950606,0.024537685633291385,0.260286673445907,0.5421519212212939,25,20,20
24,9964,0.1730207751952173,0.024537685633295826,0.2602933090234202,0.5421482301480651,25,20,20
24,9965,0.17302370521421648,0.024537685633290517,0.26029786773408603,0.5421407414184055,25,20,20
24,9966,0.17302881099540154,0.02453768563339021,0.2602979125048336,0.5421355908663738,25,20,20
24,9967,0.21232030359283605,0.02454703888863201,0.22100070455716128,0.5421319529613694,25,20,20
24,9968,0.212313385077884,0.02454703888859585,0.22100568388956648,0.542133892143952,25,20,20
24,9969,0.21231637046513308,0.024547038888596658,0.2210131244226765,0.5421234662235921,25,20,20
24,9970,0.24602152493235996,0.024547039036945186,0.1873079491422086,0.5421234868884849,25,20,20
24,9971,0.2460134759463232,0.024547039036845502,0.1873079828195245,0.5421315021973054,25,20,20
24,9972,0.24630846650430052,0.02454703903160918,0.18701299243194314,0.5421315020321459,25,20,20
24,9973,0.24659599363836193,0.02454703903163408,0.18845767698572144,0.5403992903442805,25,20,20
24,9974,0.26486060375777876,0.024547039010140027,0.16834857066934664,0.5422437865627323,25,20,20
24,9975,0.2648605521369325,0.024547039010131513,0.16835319002934085,0.5422392188235928,25,20,20
24,9976,0.2649647231957447,0.024547039011777863,0.1745773273662373,0.5359109104262378,25,20,20
24,9977,0.23239188698202892,0.02453935150330815,0.20714987551353814,0.5359188860011219,25,20,20
24,9978,0.2324566331522604,0.0245393515077523,0.20750846070312945,0.5354955546368549,25,20,20
24,9979,0.23217757852734153,0.024539351578280647,0.20433723074146318,0.5389458391529118,25,20,20
24,9980,0.23218455021959974,0.024539351578324188,0.2043326150080725,0.5389434831940005,25,20,20
24,9981,0.23218765474871483,0.02453935157832132,0.20405695636812937,0.5392160373048311,25,20,20
24,9982,0.2321920466450808,0.024539699578615154,0.20873194565262246,0.5345363081236786,25,20,20
24,9983,0.2320878720148308,0.02453969957672353,0.20249890402406698,0.5408735243843755,25,20,20
24,9984,0.2320879418834837,0.024539699576750437,0.20249890404648382,0.5408734544932787,25,20,20
24,9985,0.2329637862020289,0.024539727277060296,0.2016228988995423,0.5408735876213661,25,20,20
24,9986,0.2329568674943787,0.0245397272771931,0.20171508768207252,0.5407883175463531,25,20,20
24,9987,0.23295698917199978,0.02453972806639556,0.20198466954156633,0.5405186132200357,25,20,20
24,9988,0.2296730394866545,0.024539931814280415,0.2052684002125365,0.5405186284865259,25,20,20
24,9989,0.22968108152197633,0.011217831935206098,0.21858245804495946,0.540518628497856,25,20,20
24,9990,0.2296781341306271,0.011217831935200673,0.21857783860810887,0.5405261953260616,25,20,20
24,9991,0.2301950800980789,0.011217821782904482,0.21814127394890562,0.5404458241701091,25,20,20
24,9992,0.2293234853661405,0.011217794599392261,0.21901302904204556,0.5404456909924201,25,20,20
24,9993,0.22931667264347055,0.011217794599367403,0.2190195469085414,0.5404459858486195,25,20,20
24,9994,0.2293188090796666,0.01121779459930176,0.21901738047146682,0.5404460158495638,25,20,20
24,9995,0.22933079444332485,0.011217794601388522,0.21901087296444127,0.5404405379908442,25,20,20
24,9996,0.22933676279093948,0.01121779460134319,0.2190062091768917,0.540439233430825,25,20,20
24,9997,0.229337707547729,0.011217794601202258,0.2189139411502297,0.5405305567008382,25,20,20
24,9998,0.22939330920696077,0.011217798117675154,0.2188574022787045,0.5405314903966589,25,20,20
24,9999,0.22949584721626112,0.0112177981156686,0.21885972508602047,0.5404266295820492,25,20,20
24,10000,0.22949080786799306,0.01121923313159179,0.22192337801452675,0.5373665809858871,25,20,20
