run,generation,degenerate,holistic,other,compositional,popsize,turnover_rounds,group_rounds
22,0,0.9987713554999793,1.4267839920713722e-08,0.0012266915175253483,1.938714656782331e-06,25,30,0
22,1,0.9987713554999793,1.4267839920713722e-08,0.0012266915175253483,1.938714656782331e-06,25,30,0
22,2,0.9983938910651488,1.3706169672951305e-08,0.001604233426436101,1.8618022469146783e-06,25,30,0
22,3,0.9658096792206952,8.507528796797071e-05,0.03365573990746436,0.0004495055838681974,25,30,0
22,4,0.947983201412528,8.507516884557014e-05,0.05148182315434346,0.0004499002642755963,25,30,0
22,5,0.9480180033645368,8.507463927194718e-05,0.05144708974448457,0.00044983225169968133,25,30,0
22,6,0.9420705620657992,8.515462423064694e-05,0.05739338200634908,0.000450901303614372,25,30,0
22,7,0.9421009401468691,8.51541198966015e-05,0.057363064967776003,0.00045084076545201177,25,30,0
22,8,0.9026014101899053,0.004112770456453302,0.09283445471350416,0.00045136464012439104,25,30,0
22,9,0.9030857820690734,8.51536517782405e-05,0.09637827519222407,0.0004507890869112429,25,30,0
22,10,0.8845002986757408,8.515314907932444e-05,0.11493661039436642,0.0004779377808012723,25,30,0
22,11,0.8843380325709715,8.515261255248282e-05,0.11509895454600044,0.0004778602704639703,25,30,0
22,12,0.8796577176959882,8.527327236173941e-05,0.11977887684933478,0.0004781321823036393,25,30,0
22,13,0.8678393487736972,8.562983166402736e-05,0.1315969532851333,0.0004780681094942776,25,30,0
22,14,0.8670015737335862,8.562973349744147e-05,0.13243475341486458,0.00047804311804059427,25,30,0
22,15,0.8670462866577436,8.562922592490517e-05,0.13239011820014737,0.0004779659161733838,25,30,0
22,16,0.8283910396852812,0.00015967200039186305,0.1709652416741091,0.00048404664025442025,25,30,0
22,17,0.8245169475992483,0.00015967146858973509,0.17483940857265307,0.0004839723595428577,25,30,0
22,18,0.8284377601342409,0.00015967143045278343,0.17091859917284905,0.0004839692624912538,25,30,0
22,19,0.8308193024890856,8.562808918649397e-05,0.16861725834565436,0.000477811076107433,25,30,0
22,20,0.830487668832277,8.563250007928081e-05,0.16894611347523925,0.0004805851924358208,25,30,0
22,21,0.8198541459819918,8.593523087861662e-05,0.17957880769269985,0.00048111109445863573,25,30,0
22,22,0.8163541367445574,8.593524504628509e-05,0.18307878646059772,0.00048114154982764856,25,30,0
22,23,0.8160629828937894,8.593470927349026e-05,0.18337000214686047,0.0004810802501030423,25,30,0
22,24,0.8161066408540207,8.593414665125574e-05,0.18332642111040587,0.0004810038889460192,25,30,0
22,25,0.8160411759376278,8.5933607144971e-05,0.18339195662780067,0.00048093382744794627,25,30,0
22,26,0.8453101801227321,9.094717569510143e-07,0.15465513820761367,3.3772197891796294e-05,25,30,0
22,27,0.8557343470271822,5.523581745834537e-07,0.14284967896430292,0.001415421650334901,25,30,0
22,28,0.8557829131573361,5.517951687207122e-07,0.1428011894950837,0.0014153455524070686,25,30,0
22,29,0.8572230133681589,5.517839147577136e-07,0.14274275175150664,3.3683096415198846e-05,25,30,0
22,30,0.8511002088559685,2.432192965730188e-05,0.14884118359238208,3.42856219875798e-05,25,30,0
22,31,0.8516634813654889,2.432198206739015e-05,0.14827788312282542,3.4313529613472654e-05,25,30,0
22,32,0.8512354508820497,2.432154028290747e-05,0.1487059784975725,3.424908009089952e-05,25,30,0
22,33,0.8353458144487732,2.43216242433339e-05,0.1645956278471634,3.42360798361611e-05,25,30,0
22,34,0.8356390923961365,2.4321606815948252e-05,0.16430236446562205,3.422153144171024e-05,25,30,0
22,35,0.8530726273310867,2.4321309681698094e-05,0.14686930046810365,3.3750891124086435e-05,25,30,0
22,36,0.8586657142101934,2.4240856905503066e-05,0.14127736393125062,3.2681001646927584e-05,25,30,0
22,37,0.8581508505810953,2.424029116287152e-05,0.14179230492334896,3.260420439008682e-05,25,30,0
22,38,0.8579433379080409,2.4242368475696488e-05,0.1419982449721771,3.417475130383475e-05,25,30,0
22,39,0.8579597164118481,2.4242303459035934e-05,0.1419818833586748,3.415792601575779e-05,25,30,0
22,40,0.8678920196350899,2.424248802987933e-05,0.13207679047815113,6.947398726788714e-06,25,30,0
22,41,0.8716295371614432,2.420503280290513e-05,0.12833979213695001,6.465668801433577e-06,25,30,0
22,42,0.8642727671251693,2.4205204225132512e-05,0.13569622250495925,6.805165643796368e-06,25,30,0
22,43,0.8641947105777597,2.4204637193925032e-05,0.13577435645782251,6.728327221994431e-06,25,30,0
22,44,0.875208932522314,3.1380035379263477e-07,0.12478489936300725,5.854314322979224e-06,25,30,0
22,45,0.8753198500831155,3.137870024690823e-07,0.12467401147665928,5.8246532202802676e-06,25,30,0
22,46,0.882788492965675,3.135854538495228e-07,0.11720571574589307,5.477702975643958e-06,25,30,0
22,47,0.8601243504446638,2.649316167674292e-06,0.13985947837605864,1.352186310714887e-05,25,30,0
22,48,0.8706736653659426,2.3528426603261224e-06,0.12930827444175208,1.5707349642381173e-05,25,30,0
22,49,0.8683522764385632,2.3526482385178234e-06,0.13162920245320348,1.6168459992857503e-05,25,30,0
22,50,0.8454957474521254,2.3526014943905943e-06,0.12260336786010971,0.0318985320862685,25,30,0
22,51,0.8459823095797298,2.3526021677809577e-06,0.12211680615336952,0.03189853166473103,25,30,0
22,52,0.8459811528147224,2.352659558695899e-06,0.12211796285575538,0.03189853166996171,25,30,0
22,53,0.842208141588182,2.3527494265247584e-06,0.12589096533705985,0.03189854032532975,25,30,0
22,54,0.8354710126247745,2.457099340984843e-06,0.13262950893668013,0.031897021339202525,25,30,0
22,55,0.8352415370760217,2.4588101900194195e-06,0.13285893666607765,0.03189706744770891,25,30,0
22,56,0.7956671084870274,2.466390989672173e-06,0.17235984514765676,0.03197057997433443,25,30,0
22,57,0.7870560237638563,1.304079147779374e-07,0.18098132327439714,0.03196252255384006,25,30,0
22,58,0.7894259974377384,1.3003180514492746e-07,0.17861188861049265,0.03196198391997194,25,30,0
22,59,0.7891537434811593,5.464537168006732e-06,0.17887880073664802,0.03196199124503279,25,30,0
22,60,0.7891436550164036,5.464540541819333e-06,0.1788888887208485,0.031961991722214304,25,30,0
22,61,0.7890110052782642,5.601756030806673e-06,0.1790213706090378,0.03196202235667558,25,30,0
22,62,0.7890786724270571,5.602107324299749e-06,0.17895366969949272,0.03196205576613408,25,30,0
22,63,0.7889278097136874,5.602107472225021e-06,0.17910453257042844,0.031962055608420255,25,30,0
22,64,0.7889397180285195,5.6020671060285865e-06,0.17909263338061657,0.031962046523765775,25,30,0
22,65,0.7554111071928895,5.602136542095789e-06,0.21262124219412068,0.03196204847645522,25,30,0
22,66,0.7491185697010007,5.602068605426215e-06,0.2189137815387756,0.031962046691625536,25,30,0
22,67,0.7495699959528173,5.464700485945923e-06,0.21846252442615166,0.03196201492055208,25,30,0
22,68,0.7489229649699408,5.464645673954598e-06,0.219109579974672,0.031961990409721495,25,30,0
22,69,0.7481585058826535,5.4644797461384754e-06,0.21214161355319,0.039694416084418836,25,30,0
22,70,0.7481584711611936,5.464479745139126e-06,0.21176862288078835,0.040067441478281465,25,30,0
22,71,0.748203506752581,5.463913134393547e-06,0.21172366507787946,0.040067364256410894,25,30,0
22,72,0.7087164346390241,0.0001981363180628834,0.25101810781520884,0.04006732122770985,25,30,0
22,73,0.7077890529758624,0.00019813645239246357,0.25194546112885213,0.0400673494428995,25,30,0
22,74,0.7078305738025914,0.00019813597970692748,0.2519039933487282,0.04006729686897722,25,30,0
22,75,0.7077799427250691,0.00019813595424160668,0.25195463474842855,0.040067286572264556,25,30,0
22,76,0.7079559974455782,0.0001981361659453794,0.25177822917318515,0.04006763721529502,25,30,0
22,77,0.7083308645058692,0.00019813118716856894,0.2514062100285504,0.040064794278415604,25,30,0
22,78,0.7137071876984143,0.000198335467454795,0.24610317628449824,0.03999130054963614,25,30,0
22,79,0.6741649201133479,0.00019833550172355631,0.285645443845062,0.0399913005398684,25,30,0
22,80,0.6741669346052955,0.00019833550169774298,0.28564544150765664,0.03998928838535183,25,30,0
22,81,0.669296251793487,0.00019837091572196962,0.2905160261927223,0.03998935109807058,25,30,0
22,82,0.6693987762293347,0.00019837091869800118,0.29041347780252,0.039989375049449306,25,30,0
22,83,0.6696233311318113,0.00019837080925010295,0.2901893494757895,0.03998894858315116,25,30,0
22,84,0.6638739603429726,0.00019837097082887285,0.2959387052433614,0.03998896344283962,25,30,0
22,85,0.6621453045406444,0.00019865087545540547,0.2975095464198027,0.040146498164099736,25,30,0
22,86,0.6621459303676203,0.00019865088809802026,0.2975089207405643,0.04014649800372016,25,30,0
22,87,0.6264388299419437,0.00019867669362898694,0.33321599598763446,0.040146497376790144,25,30,0
22,88,0.6264423553511945,0.00019867669103481488,0.33321247927940933,0.040146488678359085,25,30,0
22,89,0.631315083072413,0.00019864127972893153,0.32833984953019857,0.040146426117657584,25,30,0
22,90,0.6313027590908767,0.0001986413489239998,0.32835217202784195,0.04014642753235544,25,30,0
22,91,0.6419508015133971,0.00028165193849684887,0.31721836970319145,0.04054917684491652,25,30,0
22,92,0.6405899107059213,0.0002816514867882047,0.3185793381483977,0.040549099658892175,25,30,0
22,93,0.6475297142268066,0.0002815451750606748,0.31163969306291434,0.040549047535217625,25,30,0
22,94,0.6475257276440456,0.0002815452460725718,0.3116436696991378,0.04054905741074378,25,30,0
22,95,0.6475925335216272,0.0002764634036826498,0.31158193266774925,0.0405490704069409,25,30,0
22,96,0.6246307377647817,0.0002771442810232649,0.33454225989396574,0.040549858060228657,25,30,0
22,97,0.62634558979199,0.00027686437718206893,0.3329852222997027,0.040392323531124506,25,30,0
22,98,0.5983241609714045,0.00027687455455419524,0.3610063717256027,0.0403925927484379,25,30,0
22,99,0.5988192949539849,0.00027674633291232414,0.3604775880828664,0.0404263706302356,25,30,0
22,100,0.5842621437471712,0.0002768461465226953,0.3750208111618656,0.04044019894444075,25,30,0
22,101,0.5831793657288252,0.00027684643201092456,0.37610358998928073,0.04044019784988358,25,30,0
22,102,0.5831865498870262,0.00027684607901269935,0.3760964393252302,0.0404401647087311,25,30,0
22,103,0.5831721882462927,0.0002768496591212398,0.3761107966460539,0.04044016544853242,25,30,0
22,104,0.6104322681911798,0.0001938391041332824,0.349336478549682,0.04003741415500483,25,30,0
22,105,0.6104321346178787,0.000193839104169681,0.34933661186130605,0.04003741441664613,25,30,0
22,106,0.5985451334543553,0.00019382885451904247,0.3606891738993163,0.04057186379181028,25,30,0
22,107,0.6061382916278347,1.5506072236190818e-06,0.3531700399014759,0.04069011786346688,25,30,0
22,108,0.6061383092352274,1.5506072328443248e-06,0.35317003923915713,0.040690100918383855,25,30,0
22,109,0.6003946924109598,1.3501255446185995e-06,0.3589138770138075,0.04069008044968796,25,30,0
22,110,0.597157424134525,1.3500233215877458e-06,0.36215110326400557,0.04069012257814916,25,30,0
22,111,0.5971149745260506,1.3500265511706014e-06,0.36219355305122347,0.04069012239617589,25,30,0
22,112,0.5961804263714473,1.3500199285732e-06,0.36312814156169865,0.04069008204692646,25,30,0
22,113,0.5961783585383063,1.3500197654885112e-06,0.3631302090806932,0.04069008236123627,25,30,0
22,114,0.5914535620758232,1.3554822774914008e-06,0.3678549674457456,0.04069011499615499,25,30,0
22,115,0.5916090443562454,4.138357148672288e-06,0.36769670162062906,0.04069011566597682,25,30,0
22,116,0.5517313072500143,4.138286979931761e-06,0.40757444873479814,0.04069010572821018,25,30,0
22,117,0.557603964067024,4.138123775727534e-06,0.40170180736789796,0.04069009044130474,25,30,0
22,118,0.5573950611775677,4.138143781976319e-06,0.4019107112757737,0.04069008940288028,25,30,0
22,119,0.5581357260386279,8.725477927148102e-05,0.4010868770805549,0.04069014210154934,25,30,0
22,120,0.5581594907373341,8.725477546455494e-05,0.4010631368595934,0.04069011762761102,25,30,0
22,121,0.5581663930625682,8.724345802746869e-05,0.40105624585666044,0.04069011762274685,25,30,0
22,122,0.5303849794437737,8.724497109846814e-05,0.428837236337581,0.04069053924755098,25,30,0
22,123,0.49427989026687913,8.724491273978147e-05,0.4649423261311582,0.040690538689227784,25,30,0
22,124,0.49421303550707235,8.446878824816794e-05,0.4649195832550731,0.04078291244961067,25,30,0
22,125,0.49364647589160626,8.434434236956773e-05,0.4655200659745642,0.0407491137914651,25,30,0
22,126,0.4932448520492025,8.452685226895973e-05,0.46592143265634667,0.04074918844218689,25,30,0
22,127,0.4932402624676708,8.452685496638043e-05,0.46592602180451886,0.04074918887284884,25,30,0
22,128,0.4979684128222503,8.452139171867662e-05,0.4611979098688568,0.04074915591717932,25,30,0
22,129,0.5210620189696107,8.383368873731773e-05,0.43810856768345624,0.04074557965820094,25,30,0
22,130,0.4879420665785571,0.00011758023374194283,0.4711865501797511,0.040753803007954635,25,30,0
22,131,0.48478136217194817,0.00011739495418524202,0.4743475123105733,0.040753730563298125,25,30,0
22,132,0.48477361326679713,0.00011739496194599372,0.47435526036897363,0.040753731402287635,25,30,0
22,133,0.4832058866747495,0.00011739779764121702,0.47592268576903024,0.040754029758583526,25,30,0
22,134,0.4588392891999312,0.00011739910556106853,0.5002818570126903,0.04076145468181954,25,30,0
22,135,0.45883932413586026,0.00011739910554291835,0.5002818568972287,0.040761419861372425,25,30,0
22,136,0.4588464553856542,0.00011739910428346495,0.5002747297447759,0.040761415765289064,25,30,0
22,137,0.4588682473085294,0.00011740619700325798,0.48238010471727705,0.05863424177719325,25,30,0
22,138,0.4224698647614836,0.00011740590067917139,0.518778491036166,0.05863423830167382,25,30,0
22,139,0.4215626048394284,0.00011741067903694514,0.5196857435416461,0.05863424093989052,25,30,0
22,140,0.4216820886496995,0.00011741068122346718,0.5196861290511989,0.058514371617879986,25,30,0
22,141,0.39539158317617507,0.00011867393506962838,0.545948697584913,0.05854104530384259,25,30,0
22,142,0.3946846794291413,3.555731666858946e-05,0.5467387706385013,0.058540992615688445,25,30,0
22,143,0.39471817675529847,3.555731540146819e-05,0.5467052711624212,0.05854099476687799,25,30,0
22,144,0.3886214908322886,3.5161588056394084e-05,0.5529205992948759,0.058422748284778274,25,30,0
22,145,0.38908500824979114,3.5234067894504616e-05,0.5529902352045051,0.05788952247780852,25,30,0
22,146,0.38908598799117217,3.548804230934643e-05,0.5529890018847365,0.05788952208178124,25,30,0
22,147,0.3888599580034179,3.5487980833883155e-05,0.5532150322866124,0.05788952172913568,25,30,0
22,148,0.38444970649564736,3.560601739598629e-05,0.5576378709863726,0.05787681650058368,25,30,0
22,149,0.3844487957475296,3.5604693126892856e-05,0.5575701098434696,0.05794548971587329,25,30,0
22,150,0.3845254392556261,3.560469658669896e-05,0.5574934658084151,0.057945490239371476,25,30,0
22,151,0.38441803261337754,3.560470495562388e-05,0.5576008676832642,0.05794549499840126,25,30,0
22,152,0.38442758579008635,3.5604708423962e-05,0.5575913137173393,0.05794549578414878,25,30,0
22,153,0.38432489759913513,3.559794523245392e-05,0.5577863531598899,0.05785315129573967,25,30,0
22,154,0.3843431949368603,3.5597946626151806e-05,0.5576736188292402,0.057947588287270625,25,30,0
22,155,0.37757218097989553,1.8514998211919672e-06,0.5644865940966394,0.05793937342364419,25,30,0
22,156,0.3805486512249601,1.846689046776446e-06,0.561510131449237,0.05793937063675595,25,30,0
22,157,0.38375506550290994,1.8463937840959967e-06,0.558303573435478,0.057939514667829116,25,30,0
22,158,0.3794793751189517,1.8203835162301379e-06,0.5625792900658173,0.0579395144317161,25,30,0
22,159,0.3802872226378893,1.8203572460508799e-06,0.5617714707444401,0.057939486260425305,25,30,0
22,160,0.3998683710169692,1.8205061043920419e-06,0.542190319047845,0.05793948942908189,25,30,0
22,161,0.40011257035984926,1.82484347215476e-06,0.541946115071186,0.057939489725493266,25,30,0
22,162,0.3917501838316644,2.523713059490002e-06,0.5503344130285788,0.05791287942669644,25,30,0
22,163,0.39175118059616465,8.800500702525418e-05,0.550247934937437,0.05791287945937219,25,30,0
22,164,0.39168046074102203,8.800490669787259e-05,0.5503186636793967,0.05791287067288234,25,30,0
22,165,0.39021703286810777,8.800529179678652e-05,0.5517820894254668,0.057912872414625394,25,30,0
22,166,0.3899190996463555,8.800476610887539e-05,0.5520800364698045,0.05791285911772784,25,30,0
22,167,0.38892093511096887,0.00010236720401288755,0.5530625388204772,0.057914158864537706,25,30,0
22,168,0.38868245184460853,0.00010236918747560075,0.5533010202099168,0.05791415875799548,25,30,0
22,169,0.3735490012446646,0.00010236939171531675,0.5684342859473579,0.05791434341625849,25,30,0
22,170,0.37362894367723326,0.00010236969054551451,0.5683543430539648,0.05791434357825274,25,30,0
22,171,0.37378858124946185,0.00010236969347362242,0.5681945661157602,0.057914482941301346,25,30,0
22,172,0.36732804823699083,0.00010236960828154012,0.5746550917766448,0.05791449037808019,25,30,0
22,173,0.36707704583940937,0.011289962652026381,0.5637184962427119,0.05791449526584946,25,30,0
22,174,0.3669372820914563,0.011289962690089883,0.5638581744304022,0.05791458078804917,25,30,0
22,175,0.37551190744133495,0.01130392604769755,0.5552105871854269,0.057973579325537684,25,30,0
22,176,0.3745535542823054,0.011304327147035881,0.5561685399310664,0.05797357863958834,25,30,0
22,177,0.37134171607667793,0.011304326940430742,0.5593805223596165,0.05797343462327156,25,30,0
22,178,0.36806752179211694,0.011304329228272842,0.5626533797332303,0.057974769246377435,25,30,0
22,179,0.3827045230121957,0.011304329504547872,0.5480165636837788,0.057974583799474205,25,30,0
22,180,0.38287057989985757,0.01130432950781949,0.5475750353937425,0.058250055198577864,25,30,0
22,181,0.34956497860776503,0.011304330176421311,0.5808806437315298,0.05825004748428112,25,30,0
22,182,0.3494434281713077,0.011304330174279367,0.5808803424923809,0.0583718991620283,25,30,0
22,183,0.35021054510441524,0.01128802135260207,0.5801308527746195,0.05837058076835922,25,30,0
22,184,0.3645413149703773,0.011287805628942684,0.5658009829900998,0.05836989641057631,25,30,0
22,185,0.3645412466062946,0.011287552978991554,0.565868770956253,0.05830242945845741,25,30,0
22,186,0.3647057306883747,0.01128755249572958,0.5657042887230918,0.058302428092800715,25,30,0
22,187,0.3590022911296576,0.011289689517774058,0.5714060130536224,0.058302006298941916,25,30,0
22,188,0.35886861041614365,0.011289689512492025,0.5718151657056704,0.05802653436569039,25,30,0
22,189,0.3579494530464217,0.01130953238396213,0.5727145273177401,0.05802648725187253,25,30,0
22,190,0.3485324390843323,0.011309532600604785,0.582131519813539,0.05802650850152054,25,30,0
22,191,0.36454262332852155,0.011309534052071182,0.5661213147819609,0.05802652783744275,25,30,0
22,192,0.3645473753307696,0.011289693774587628,0.5661364024015091,0.058026528493130086,25,30,0
22,193,0.36443352287846287,0.011289693783908714,0.566250252782019,0.05802653055560603,25,30,0
22,194,0.35873744521395423,0.011289691793707814,0.5719463340014057,0.0580265289909286,25,30,0
22,195,0.36310861658679244,0.011289692645031166,0.5675751549698996,0.058026535798273,25,30,0
22,196,0.36354112771401687,0.011289692634113706,0.5671426459063028,0.058026533745562825,25,30,0
22,197,0.38051374027380064,0.011275923574575781,0.5502505047633641,0.05795983138825646,25,30,0
22,198,0.39134045184014815,0.011275923240799266,0.5394238151131688,0.05795980980588091,25,30,0
22,199,0.39503394307433637,0.011276092016350776,0.5187359192847893,0.07495404562452157,25,30,0
22,200,0.393976414505448,0.011277069967312597,0.5197924291357888,0.07495408639144871,25,30,0
22,201,0.3555626416492904,0.011277073460564889,0.558206184463318,0.07495410042682499,25,30,0
22,202,0.3238009407818566,0.011277105002245798,0.5899678326793764,0.07495412153651812,25,30,0
22,203,0.32386219351248946,0.011842441251696307,0.5893412439211071,0.07495412131470405,25,30,0
22,204,0.324905303067408,0.01184146330123098,0.5882991529261983,0.07495408070515965,25,30,0
22,205,0.3249764644464173,0.011841462162076107,0.5882280130969771,0.07495406029452624,25,30,0
22,206,0.3245459403674461,0.011841462165001341,0.588658536595738,0.07495406087181196,25,30,0
22,207,0.32488828806986414,0.01184146397714664,0.5883161858156778,0.07495406213730849,25,30,0
22,208,0.3258113800825735,0.011841469220279465,0.5873943774770101,0.07495277322013362,25,30,0
22,209,0.3261110521732168,0.011841270791805115,0.5870949235833745,0.07495275345160034,25,30,0
22,210,0.3262917930796874,0.011275916200317919,0.5873874103640481,0.07504488035594321,25,30,0
22,211,0.32606770175267763,0.011276828434294528,0.5876106507253325,0.07504481908769231,25,30,0
22,212,0.33925052002738343,0.011274697126507556,0.5744278982467885,0.07504688459931684,25,30,0
22,213,0.3355344723072944,0.011274528350928929,0.5551525835824916,0.09803841575928146,25,30,0
22,214,0.3212634279414443,0.01127452839037601,0.5694237119335741,0.0980383317346021,25,30,0
22,215,0.3208006445576184,0.011274455911066295,0.5698880752160251,0.0980368243152859,25,30,0
22,216,0.320799697050288,0.011274455911022637,0.5702609914343166,0.09766485560436905,25,30,0
22,217,0.32920919085845035,0.011274453634381234,0.5618519473020852,0.09766440820507977,25,30,0
22,218,0.3292749190268245,0.011274453620578249,0.56178621891071,0.09766440844188354,25,30,0
22,219,0.3367964702602444,0.01127445365002129,0.5542646677143783,0.09766440837535216,25,30,0
22,220,0.3200123083173488,0.011274468120420194,0.5710477211495442,0.09766550241268401,25,30,0
22,221,0.30516356910156245,0.011274453863726925,0.5858966303866598,0.09766534664804725,25,30,0
22,222,0.30516866168227946,0.011274454385166627,0.5858848898894946,0.09767199404305554,25,30,0
22,223,0.3053990936542464,0.011274454385237699,0.5858849756038587,0.09744147635665362,25,30,0
22,224,0.32673487524058786,0.01127444693258382,0.564551201995657,0.097439475831168,25,30,0
22,225,0.3258416719440275,0.011274447897118227,0.5654439597608922,0.0974399203979586,25,30,0
22,226,0.3258254079174431,0.01127444800259617,0.565554690616047,0.0973454534639089,25,30,0
22,227,0.3512472555718595,0.011274447788272978,0.5401337437031075,0.09734455293675635,25,30,0
22,228,0.34366178403460973,0.011274447764548586,0.5477192154874551,0.0973445527133822,25,30,0
22,229,0.3434272621165265,0.011274447758671868,0.5432062153691776,0.10209207475562064,25,30,0
22,230,0.3598890456188457,0.011274447823019052,0.5267158319532562,0.10212067460487559,25,30,0
22,231,0.35965757952718513,0.011274447823017423,0.5267157509308125,0.10235222171898167,25,30,0
22,232,0.3599338002073834,0.011274447821389182,0.5264395307015892,0.10235222126963389,25,30,0
22,233,0.35992544638142127,0.011274447821137764,0.5312341302549001,0.09756597554253713,25,30,0
22,234,0.3979855286489818,0.011274447578866698,0.4931740201390572,0.0975660036330904,25,30,0
22,235,0.39960989274447883,0.01127444707763012,0.4914224501829797,0.09769320999490709,25,30,0
22,236,0.3996128399300819,0.040072523415572096,0.46262143184353344,0.09769320481080918,25,30,0
22,237,0.3996107015722377,0.040074666080570885,0.46262142753169855,0.09769320481548943,25,30,0
22,238,0.36891343539697596,0.04007466602958818,0.493318718450685,0.09769318012274689,25,30,0
22,239,0.3694038818420599,0.04007466823221942,0.49282829267717804,0.09769315724853868,25,30,0
22,240,0.3843873812821235,0.040074684952851436,0.4779796937270212,0.09755824003800063,25,30,0
22,241,0.38438543890113275,0.04007468495276292,0.4779796863575841,0.09756018978851733,25,30,0
22,242,0.36470480321729865,0.040074684873027434,0.497660320183838,0.09756019172583132,25,30,0
22,243,0.36536634593595635,0.039989203838318506,0.4970842554736,0.09756019475212135,25,30,0
22,244,0.3653629376950127,0.03998920384086365,0.49704648544166075,0.0976013730224578,25,30,0
22,245,0.3667203026457211,0.0399892388449597,0.49566345615760554,0.09762700235170899,25,30,0
22,246,0.3676739151730306,0.03998923890920913,0.49470983463026996,0.09762701128748325,25,30,0
22,247,0.35158416913084245,0.03998923688298948,0.5107996016682536,0.09762699231790846,25,30,0
22,248,0.34844184532675215,0.039989377395167794,0.5139312396639452,0.09763753761412947,25,30,0
22,249,0.33183817185561154,0.039989362431067314,0.5305350608002698,0.09763740491304587,25,30,0
22,250,0.3318376856459,0.03998936242849556,0.5306292814006677,0.09754367052493146,25,30,0
22,251,0.3309942561762129,0.039989360623529216,0.5314726898737152,0.09754369332653667,25,30,0
22,252,0.3309958842382897,0.039989358847274496,0.5314710731945222,0.09754368371990772,25,30,0
22,253,0.3310232480671786,0.03998935887504786,0.5314722759888901,0.09751511706887753,25,30,0
22,254,0.3251534249586153,0.039989358877410064,0.5373421021077975,0.09751511405617125,25,30,0
22,255,0.32521028705985394,0.03998935881118707,0.5372853043817889,0.09751504974716425,25,30,0
22,256,0.32567552523585974,0.039989358705307995,0.5342900543933738,0.10004506166545311,25,30,0
22,257,0.3265505342743469,0.039988447427536274,0.5334088608302368,0.10005215746787195,25,30,0
22,258,0.36571032026922123,0.03998844743406871,0.49424907497243614,0.10005215732426635,25,30,0
22,259,0.360514686768147,0.039988405592423455,0.49946798862748176,0.10002891901194079,25,30,0
22,260,0.3605102579323313,0.03998840558451135,0.49947241747647275,0.10002891900667951,25,30,0
22,261,0.3603140095977457,0.03998840533356891,0.4996686685380957,0.10002891653058395,25,30,0
22,262,0.3663343703745439,0.03998840603782958,0.49365034284464426,0.10002688074297662,25,30,0
22,263,0.36538863940827726,0.039988405060583404,0.4946031212801993,0.10001983425093436,25,30,0
22,264,0.3495558895583959,0.03998841564300573,0.5104358605340336,0.10001983426455828,25,30,0
22,265,0.3743628336373011,0.03998841564290061,0.4856289164287619,0.10001983429103056,25,30,0
22,266,0.37439862949255626,0.039988772973792074,0.48559276312066707,0.10001983441297849,25,30,0
22,267,0.41390440943980084,0.03998877296542694,0.44608698319162515,0.1000198344031415,25,30,0
22,268,0.41391134786376915,0.03998877296547858,0.4457139850797956,0.10038589409095126,25,30,0
22,269,0.41391337969933245,0.039986734190843434,0.4457139920235916,0.10038589408622828,25,30,0
22,270,0.4222421127497615,0.03998701434021604,0.43738488804291864,0.10038598486709971,25,30,0
22,271,0.42178083632479285,0.039987014336591915,0.44037617639858345,0.09785597294002836,25,30,0
22,272,0.4127591350364668,0.03998701578121679,0.44939732867274196,0.09785652050957118,25,30,0
22,273,0.3780460542965624,0.03998844979378095,0.4841088516377162,0.09785664427193641,25,30,0
22,274,0.3734753469312046,0.039988450019938754,0.4886795507267409,0.09785665232211196,25,30,0
22,275,0.34158630588981376,0.0399881592903333,0.5205689720974803,0.09785656272236956,25,30,0
22,276,0.34157945776699555,0.039988159290298905,0.520568969146594,0.09786341379610869,25,30,0
22,277,0.3418149595093459,0.039988159297453425,0.5203335941790119,0.09786328701418412,25,30,0
22,278,0.34634414577737227,0.03998816551594879,0.5158042869119723,0.09786340179470181,25,30,0
22,279,0.34639883370921687,0.039988159072333655,0.5157497283883717,0.09786327883007287,25,30,0
22,280,0.3428882004917911,0.03998815921836523,0.5192603505522704,0.09786328973756853,25,30,0
22,281,0.3762507989691148,0.03998815923861431,0.48589775286774084,0.09786328892452617,25,30,0
22,282,0.37631473925720305,0.039988159783041675,0.48583213685474796,0.09786496410500325,25,30,0
22,283,0.3762980130358926,0.0399881596644508,0.4858488611662055,0.09786496613344657,25,30,0
22,284,0.37618123037151396,0.039987851736730654,0.4859659523373799,0.09786496555437259,25,30,0
22,285,0.3651270829444844,0.03998785061355862,0.49702049683519645,0.09786456960675848,25,30,0
22,286,0.36512654554615004,0.03998785061376878,0.46809000754643265,0.12679559629364653,25,30,0
22,287,0.36422000215888817,0.03998816596715518,0.46899624410464014,0.12679558776931413,25,30,0
22,288,0.364753606694353,0.03998817005516967,0.46846263380460357,0.12679558944587044,25,30,0
22,289,0.3652057223666806,0.0399883088342875,0.4680103812247561,0.1267955875742727,25,30,0
22,290,0.36519517874330026,0.03998792196521297,0.4680208251953346,0.12679607409614901,25,30,0
22,291,0.3654207621423717,0.040073021838480424,0.46771014159357915,0.12679607442556462,25,30,0
22,292,0.3766172245122902,0.04007302157978145,0.45651368386183966,0.12679607004608465,25,30,0
22,293,0.37709605130832385,0.04420490445001936,0.45190297344587355,0.12679607079577904,25,30,0
22,294,0.376971577977405,0.04420490445101853,0.4520274469170084,0.12679607065456397,25,30,0
22,295,0.3769784959247899,0.04420490445105339,0.4520275657676623,0.1267890338564917,25,30,0
22,296,0.3852129157228418,0.044204978599964063,0.4437936216170986,0.12678848406009352,25,30,0
22,297,0.4235375031391505,0.03998800326295002,0.4096844160391327,0.12679007755876504,25,30,0
22,298,0.42926870778486403,0.03998800106096466,0.4039532284938778,0.12679006266029214,25,30,0
22,299,0.4244607385067439,0.03998782900869691,0.40877193593003575,0.12677949655452225,25,30,0
22,300,0.39623540594175766,0.03998818943493085,0.4369956859256486,0.12678071869765792,25,30,0
22,301,0.3962285030591377,0.03998818943490487,0.43699556975581727,0.12678773775013488,25,30,0
22,302,0.395773718274457,0.03998854135158134,0.43745000321414346,0.12678773715981298,25,30,0
22,303,0.3992104173383908,0.039988541248309355,0.43401327455014216,0.12678776686315202,25,30,0
22,304,0.3992683548102247,0.039988299452616075,0.4339555787901393,0.12678776694701419,25,30,0
22,305,0.39984645973003874,0.04000026882436892,0.451238330356279,0.10891494108930785,25,30,0
22,306,0.3998473895861829,0.04000026882441306,0.45123833202606195,0.10891400956333655,25,30,0
22,307,0.40080185387551004,0.04000026141801456,0.4502854697180379,0.10891241498843195,25,30,0
22,308,0.4003312573084339,0.04000025733200423,0.45075607209969026,0.10891241325986759,25,30,0
22,309,0.40029806148641633,0.040000257413526655,0.45078923735149184,0.10891244374856107,25,30,0
22,310,0.4003009339949933,0.04000025741351773,0.4507892366960125,0.10890957189547444,25,30,0
22,311,0.4393542278707244,0.04000025740606596,0.41173594354492526,0.10890957117828397,25,30,0
22,312,0.43941375658024223,0.04000025730715902,0.4116764455786592,0.10890954053393898,25,30,0
22,313,0.4084726465556096,0.04000018183028123,0.44260364565660054,0.10892352595750747,25,30,0
22,314,0.4360876327471367,0.04000012922740409,0.4149887120030991,0.10892352602235857,25,30,0
22,315,0.43112956499933697,0.039998695609113614,0.41993861118607007,0.10893312820547531,25,30,0
22,316,0.43112959906643533,0.03999869560888464,0.4088847010344256,0.11998700429025178,25,30,0
22,317,0.4321338645045998,0.039998695613097296,0.40788041984887663,0.1199870200334238,25,30,0
22,318,0.4320916048396202,0.03999869703008232,0.4079227090926452,0.11998698903764987,25,30,0
22,319,0.4320916048394389,0.039998699225488064,0.4079227068926194,0.11998698904245321,25,30,0
22,320,0.4320366028598194,0.03999845032340119,0.40797795783298113,0.11998698898379954,25,30,0
22,321,0.45668613532224644,0.039998453130088436,0.3833381117350478,0.11997729981261752,25,30,0
22,322,0.46646863625498924,0.039998542862540905,0.3735555179753296,0.11997730290714065,25,30,0
22,323,0.4429584594023764,0.03999856110978949,0.3970655680583207,0.11997741142951433,25,30,0
22,324,0.44291183004230633,0.03999856119743414,0.3971121904358207,0.11997741832443908,25,30,0
22,325,0.42611747835305,0.03999857501043175,0.41390653207571804,0.11997741456080123,25,30,0
22,326,0.417919836432223,0.03999857464930033,0.4221181939319812,0.11996339498649648,25,30,0
22,327,0.4210649965329174,0.039998688218331295,0.4189725798754491,0.11996373537330315,25,30,0
22,328,0.42669949112862426,0.039998688914234484,0.4133269020033702,0.11997491795377209,25,30,0
22,329,0.416031713240626,0.03999834083881611,0.4239962738833921,0.11997367203716637,25,30,0
22,330,0.4154217227313829,0.03998661317780029,0.42461799236228726,0.11997367172853034,25,30,0
22,331,0.41291103774991456,0.039986546811370455,0.4271290840240246,0.119973331414691,25,30,0
22,332,0.41291570989610255,0.03998629893765855,0.427124659460412,0.11997333170582733,25,30,0
22,333,0.41240415371243266,0.03998630138649919,0.42763089048695485,0.11997865441411366,25,30,0
22,334,0.42742878897194103,0.03998629818473037,0.412606295550041,0.11997861729328804,25,30,0
22,335,0.4286349001628755,0.039986298330386416,0.410505231299908,0.1208735702068304,25,30,0
22,336,0.43178092333573687,0.03998598302528698,0.40735952279888543,0.12087357084008143,25,30,0
22,337,0.4317810627870373,0.03998598302528791,0.40735952317157226,0.12087343101609353,25,30,0
22,338,0.39296032446774276,0.03998616139822373,0.44613266712305355,0.12092084701097366,25,30,0
22,339,0.39174089255460237,0.03998616132602691,0.4482470319034937,0.12002591421587074,25,30,0
22,340,0.3917379331051243,0.03998912855417951,0.44824702412966155,0.12002591421103002,25,30,0
22,341,0.39172016361992074,0.03998912849655229,0.4482647818837047,0.12002592599981746,25,30,0
22,342,0.3930986186154911,0.039989125063567235,0.4468920987043466,0.12002015761659024,25,30,0
22,343,0.3930984272376742,0.0399891250635749,0.44689209773421124,0.12002034996453474,25,30,0
22,344,0.3930954995788325,0.03998912506358367,0.44689210038425903,0.12002327497332047,25,30,0
22,345,0.3919092814843972,0.03998910682269346,0.448071877589519,0.12002973410338576,25,30,0
22,346,0.3916729706720875,0.03998909457420313,0.44830820095134105,0.12002973380236405,25,30,0
22,347,0.39147544600315454,0.03998891621254367,0.4485533180964418,0.11998231968785458,25,30,0
22,348,0.37397143817460743,0.039989513165540606,0.46605506629965193,0.11998398236019556,25,30,0
22,349,0.37398143585324484,0.039989513165550244,0.4660551529521421,0.11997389802905936,25,30,0
22,350,0.3737175889397871,0.041026114182928966,0.4652824006781186,0.11997389619916174,25,30,0
22,351,0.39662791483600046,0.04102611351727894,0.4423832691544488,0.11996270249226786,25,30,0
22,352,0.36249778216342776,0.04102611352277123,0.4765134140292392,0.11996269028455839,25,30,0
22,353,0.371835612573394,0.04102709920123328,0.4671745969679328,0.11996269125743636,25,30,0
22,354,0.346448133104949,0.04102823931007527,0.49256093120579886,0.11996269637917303,25,30,0
22,355,0.34751669537808083,0.04102822522350936,0.4914928570733341,0.11996222232507199,25,30,0
22,356,0.34683907771006517,0.041028232743015466,0.4921704383321299,0.11996225121478565,25,30,0
22,357,0.3468281502016239,0.041028232742961836,0.4921703494248257,0.11997326763058468,25,30,0
22,358,0.3173789046936907,0.041029694882779945,0.5216181367674423,0.11997326365608442,25,30,0
22,359,0.31737890476009234,0.04102969488278057,0.5216181354707222,0.11997326488640246,25,30,0
22,360,0.3571920572287797,0.04102969490922028,0.48181152590225645,0.11996672195974015,25,30,0
22,361,0.35718906028392716,0.04102969490921168,0.48181152577847597,0.11996971902838133,25,30,0
22,362,0.35730094581671906,0.041029694973934924,0.48169963946192984,0.11996971974741326,25,30,0
22,363,0.3575387277956408,0.04104982018129542,0.48144173183537226,0.11996972018768844,25,30,0
22,364,0.35754310201267875,0.04104982018445126,0.48143615002078427,0.11997092778208639,25,30,0
22,365,0.3571904180922726,0.041048358007506495,0.4817902969139334,0.11997092698628725,25,30,0
22,366,0.35723938802090927,0.040011756995313855,0.44750782429791114,0.15524103068586356,25,30,0
22,367,0.3187252040794924,0.04008112143719231,0.4859468679264895,0.15524680655682543,25,30,0
22,368,0.3355464639749868,0.04008053968814255,0.46912566365780234,0.15524733267906815,25,30,0
22,369,0.32861336449596296,0.040080539786949504,0.47605761959642434,0.15524847612066325,25,30,0
22,370,0.32859597788455924,0.040080539791136544,0.4760710598228108,0.15525242250149313,25,30,0
22,371,0.32924306803788317,0.040080524591259055,0.47542617348703387,0.1552502338838236,25,30,0
22,372,0.3292718289619211,0.04008052458707558,0.4753974127471408,0.1552502337038622,25,30,0
22,373,0.32699946545161185,0.0400812808551525,0.4776682204346296,0.15525103325860576,25,30,0
22,374,0.28703705110475547,0.0400812814475112,0.517630631773786,0.1552510356739479,25,30,0
22,375,0.2870459863133557,0.04008128129660829,0.5176217132417218,0.15525101914831474,25,30,0
22,376,0.28704712835746476,0.04008128129663712,0.5176217414648326,0.15524984888106613,25,30,0
22,377,0.28756239092129243,0.04008128045642894,0.517106479055684,0.15524984956659227,25,30,0
22,378,0.28749860634389535,0.040081280399525944,0.5171702636383917,0.1552498496181844,25,30,0
22,379,0.28772752776913973,0.04008128481160706,0.5169425239536888,0.15524866346556135,25,30,0
22,380,0.28772320231519083,0.04008128481220565,0.5169468489733863,0.15524866389921432,25,30,0
22,381,0.2876674879192964,0.04008159181088323,0.5122390309531666,0.16001188931664634,25,30,0
22,382,0.28765546547898424,0.04008159121917298,0.5122510562543835,0.16001188704745206,25,30,0
22,383,0.28489226303724924,0.04008168149332986,0.5150113422954934,0.1600147131739209,25,30,0
22,384,0.27490247380780825,0.04008064884176374,0.5250021643758803,0.16001471297454206,25,30,0
22,385,0.2705398593709391,0.040080692585934295,0.529360622035764,0.16001882600735776,25,30,0
22,386,0.27054363500101686,0.040080692619897294,0.5293568465180449,0.16001882586103627,25,30,0
22,387,0.27054365279007214,0.040080692619907154,0.5293568472473141,0.16001880734270402,25,30,0
22,388,0.2691077871259586,0.040011328142716095,0.530867878588419,0.16001300614290367,25,30,0
22,389,0.2688699600810919,0.0399912028284425,0.5311258313829387,0.16001300570752297,25,30,0
22,390,0.25687468033455024,0.03998997298768141,0.5431223486784834,0.16001299799927984,25,30,0
22,391,0.2604877059466256,0.03998997291814565,0.539509116598432,0.16001320453679255,25,30,0
22,392,0.2604288138236126,0.03998997290156978,0.5348493291669375,0.1647318841078755,25,30,0
22,393,0.26036840861571287,0.03998997282980422,0.534908059376304,0.16473355917817487,25,30,0
22,394,0.259258209501978,0.03998997283933767,0.5360182586551622,0.16473355900351727,25,30,0
22,395,0.2592454371909587,0.03998997284836669,0.5360310315330653,0.164733558427604,25,30,0
22,396,0.25924680848676734,0.039989972845231196,0.5360336067612954,0.16472961190670213,25,30,0
22,397,0.2592543658357013,0.03998997284360794,0.5360260494227677,0.1647296118979192,25,30,0
22,398,0.2594946798493188,0.03998997284799201,0.5357857351111559,0.1647296121915282,25,30,0
22,399,0.2553654235454523,0.039989972827640184,0.5399151985851396,0.16472940504176323,25,30,0
22,400,0.23783729197686668,0.03999063093609677,0.5574454972343875,0.1647265798526444,25,30,0
22,401,0.23098357395154281,0.03999147642032185,0.5642982908350131,0.1647266587931175,25,30,0
22,402,0.2313201301316373,0.03999146881102163,0.5639611936338086,0.16472720742352764,25,30,0
22,403,0.23136348989838346,0.03999147393140781,0.5639178270073496,0.16472720916285455,25,30,0
22,404,0.2313716459658967,0.039991473931989624,0.5639178731059034,0.16471900699620565,25,30,0
22,405,0.23136841768318972,0.040011427357822364,0.5686660479885542,0.1599541069704301,25,30,0
22,406,0.23174400152461744,0.04001142739398264,0.5682910340071269,0.15995353707426951,25,30,0
22,407,0.20624206204635834,0.04001058188622357,0.5937938973983395,0.15995345866907343,25,30,0
22,408,0.20763601012186966,0.04001058396115135,0.592399946835084,0.15995345908188927,25,30,0
22,409,0.20801570032401437,0.04001060428759114,0.5917107596638836,0.16026293572450584,25,30,0
22,410,0.20880675191823905,0.0400106040602406,0.5909197087293273,0.16026293529218694,25,30,0
22,411,0.2087194664492285,0.040010604072338446,0.5751421269599871,0.1761278025184408,25,30,0
22,412,0.2087892790589192,0.040391391903205454,0.5746932217173006,0.17612610732056916,25,30,0
22,413,0.1949315206462805,0.040391401525174515,0.5885509807079726,0.1761260971205663,25,30,0
22,414,0.2008182107395549,0.04039140248920308,0.582257727957896,0.1765326588133421,25,30,0
22,415,0.23911399051274557,0.04039140044503422,0.5439619507797245,0.17653265826249015,25,30,0
22,416,0.2381036876554095,0.04039258622963918,0.5359055224863875,0.18559820362855867,25,30,0
22,417,0.2505297277450909,0.04039257845760694,0.5234794722703713,0.1855982215269264,25,30,0
22,418,0.2517073176780491,0.04039257844049264,0.5223018832186868,0.18559822066276685,25,30,0
22,419,0.2517113069563719,0.04039293225388175,0.522297540124587,0.18559822066515738,25,30,0
22,420,0.25156773994725007,0.04039293223793378,0.5224411050592146,0.18559822275559948,25,30,0
22,421,0.25155963652852364,0.04039293223736967,0.5224410596275079,0.18560637160659682,25,30,0
22,422,0.23663370709711842,0.04039293416636356,0.5373658625286498,0.18560749620786723,25,30,0
22,423,0.23669389899973758,0.04038276606606594,0.5373158194518434,0.18560751548235221,25,30,0
22,424,0.23662394538504472,0.04000197834099274,0.5377665612251135,0.18560751504884654,25,30,0
22,425,0.23662394684294127,0.04000197834100119,0.5377666775213252,0.18560739729473213,25,30,0
22,426,0.23523296985134023,0.04000197832135949,0.5391576568769616,0.18560739495033868,25,30,0
22,427,0.23523482384928635,0.04000197832133957,0.5391576308243303,0.1856055670050441,25,30,0
22,428,0.24625806016216914,0.040001974789705234,0.524327559974671,0.18941240507345491,25,30,0
22,429,0.24611229859777523,0.040001974773391236,0.540338186662069,0.17354753996676467,25,30,0
22,430,0.25714858713827565,0.04000086693917271,0.538364232044593,0.16448631387795928,25,30,0
22,431,0.2571495170792631,0.040001210378518184,0.5383629586713582,0.1644863138708602,25,30,0
22,432,0.25743312999679824,0.04000121038393722,0.5380793450162794,0.16448631460298468,25,30,0
22,433,0.2516688338134363,0.040001212105982446,0.5442499578944008,0.16407999618618097,25,30,0
22,434,0.25143705763837937,0.040001460902523475,0.5444802998683567,0.1640811815907412,25,30,0
22,435,0.2716222364267747,0.04000071251882523,0.5242958710551309,0.16408117999926936,25,30,0
22,436,0.26054948034189346,0.040000678393786605,0.5353725721113205,0.16407726915299978,25,30,0
22,437,0.26744330062139204,0.04000068569389931,0.5284798529498105,0.16407616073489834,25,30,0
22,438,0.26756287138656787,0.0400003422584117,0.5283606254476135,0.16407616090740668,25,30,0
22,439,0.2809575932285385,0.040000342509316,0.5149658995166777,0.16407616474546757,25,30,0
22,440,0.2809605746523619,0.040000342509298153,0.5149658983429234,0.16407318449541564,25,30,0
22,441,0.28096055714434703,0.04000034250928861,0.5149658962280341,0.16407320411833115,25,30,0
22,442,0.28091740390466946,0.04000033751988085,0.5150090561979761,0.16407320237747347,25,30,0
22,443,0.27809447746759786,0.0400002939252275,0.5178361427006501,0.16406908590652527,25,30,0
22,444,0.2834355181638507,0.04000029370512117,0.5163030869580671,0.16026110117296175,25,30,0
22,445,0.28343844613978414,0.040000293705103024,0.5163029992327075,0.16025826092240625,25,30,0
22,446,0.2891134478870086,0.040002659069167515,0.5106258656152339,0.1602580274285897,25,30,0
22,447,0.2891133955532863,0.04000265906914938,0.5106258688328741,0.16025807654469015,25,30,0
22,448,0.28975803901869207,0.04000261523705863,0.5099815403916951,0.1602578053525538,25,30,0
22,449,0.2900630553266064,0.04000259491917805,0.5099859976129695,0.15994835214124067,25,30,0
22,450,0.29001683714216425,0.03999250213433421,0.5082864886403178,0.16170417208317556,25,30,0
22,451,0.2900198490429384,0.039989482645396444,0.5082864962236847,0.16170417208797375,25,30,0
22,452,0.2901306663896081,0.03998948264898471,0.5081756789446927,0.16170417201670761,25,30,0
22,453,0.29015099834988445,0.0408909802600786,0.509008388038872,0.15994963335115778,25,30,0
22,454,0.2901475541943862,0.040890727049532,0.5054434027000245,0.16351831605605102,25,30,0
22,455,0.2901475344102435,0.04089072704955936,0.5054434048943024,0.16351833364588955,25,30,0
22,456,0.3002134331551506,0.04090151728261351,0.4989365811503208,0.1599484684119098,25,30,0
22,457,0.30036277651996357,0.04090150994257338,0.4987872476114889,0.15994846592596906,25,30,0
22,458,0.2902987820352576,0.04089071970823703,0.5088620562856335,0.15994844197086658,25,30,0
22,459,0.28084487959570587,0.04089072308455722,0.5183159349453034,0.15994846237442933,25,30,0
22,460,0.28235173253473184,0.040890723126937124,0.5168090808356619,0.15994846350266578,25,30,0
22,461,0.2823487379119793,0.04089072312831646,0.5168120758378414,0.15994846312185923,25,30,0
22,462,0.2791347604509551,0.04089107849892134,0.5200256989828175,0.15994846206729935,25,30,0
22,463,0.2791361905430535,0.040907275529414804,0.5200080027669179,0.159948531160607,25,30,0
22,464,0.2786956135991811,0.040907275622296464,0.5204483646624231,0.159948746116093,25,30,0
22,465,0.27858207758657955,0.04090727566238612,0.5205619318484546,0.15994871490257334,25,30,0
22,466,0.28224453104056685,0.04090728262310361,0.5168994365404198,0.1599487497959038,25,30,0
22,467,0.2822417408136061,0.04090728252372293,0.5169024613024997,0.1599485153601653,25,30,0
22,468,0.2822573782908398,0.040907282496126234,0.516886807767595,0.15994853144543314,25,30,0
22,469,0.2820252188956666,0.04090728234163361,0.5171189670217959,0.15994853174089835,25,30,0
22,470,0.2823211345190409,0.040015211463460834,0.5177164233996789,0.15994723061781418,25,30,0
22,471,0.2823184718225544,0.04001521146349841,0.5177164241748163,0.1599498925391273,25,30,0
22,472,0.27650954473839656,0.04001284341391846,0.5235277290908715,0.15994988275680963,25,30,0
22,473,0.2765066357638704,0.04001284341390877,0.5235277276652102,0.1599527931570069,25,30,0
22,474,0.27616786037385327,0.04000377070495457,0.5238755371838661,0.15995283173732247,25,30,0
22,475,0.2778185216197472,0.04000377481182322,0.5221647204233623,0.1600129831450639,25,30,0
22,476,0.27780044392697323,0.040003774811297736,0.522182798503891,0.1600129827578348,25,30,0
22,477,0.2778004172771268,0.04000378090183827,0.5221828190388412,0.16001298278218773,25,30,0
22,478,0.2771474915421088,0.040003780901687956,0.5228358829303692,0.16001284462582566,25,30,0
22,479,0.27715015390644626,0.0400037809016499,0.5228358800872048,0.16001018510468995,25,30,0
22,480,0.29333308962478183,0.04000378090403347,0.5066528788921252,0.16001025057905024,25,30,0
22,481,0.28985002157014433,0.04000378082333312,0.5101358951791656,0.16001030242734768,25,30,0
22,482,0.28986996235066115,0.04057271584774257,0.5095470193841387,0.16001030241744846,25,30,0
22,483,0.2904540309579491,0.04057236486081844,0.5089631028236461,0.16001050135757747,25,30,0
22,484,0.2904540152815362,0.040572252533168235,0.5089632308325122,0.16001050135277656,25,30,0
22,485,0.28692954118952657,0.04057149625519816,0.5124892588097625,0.16000970374550672,25,30,0
22,486,0.25640712842880015,0.04057162499882363,0.5035423941747577,0.1994788523976126,25,30,0
22,487,0.2562935497057684,0.04057163120372456,0.5036559668653982,0.19947885222510262,25,30,0
22,488,0.2564297331267349,0.04057163124720408,0.503519782925806,0.19947885270024857,25,30,0
22,489,0.25609222766187917,0.040571637593216865,0.5038531715752727,0.19948296316962424,25,30,0
22,490,0.25615896427204016,0.04057163759530027,0.503786434392767,0.19948296373988572,25,30,0
22,491,0.24509363067337184,0.04057163885326564,0.514851766418738,0.19948296405461807,25,30,0
22,492,0.28266616076008005,0.040571641795160665,0.4772792131580194,0.19948298428673344,25,30,0
22,493,0.2826712814466596,0.040571641795251925,0.4772791917457026,0.1994778850123814,25,30,0
22,494,0.28267013414022324,0.04057164179519553,0.47727926914979735,0.1994789549147794,25,30,0
22,495,0.2826641432158693,0.04057164157133024,0.4772852493278159,0.19947896588498065,25,30,0
22,496,0.2829430820701516,0.0405716417408726,0.47700631173933905,0.19947896444963262,25,30,0
22,497,0.29598028233230417,0.04057162651459869,0.4639680534451623,0.19948003770792977,25,30,0
22,498,0.2805017142957654,0.04057162652896452,0.47944668667589285,0.19947997249937127,25,30,0
22,499,0.2805071887319335,0.040605297953857054,0.47940754308044403,0.19947997023375952,25,30,0
22,500,0.28050028769665325,0.040605297953841796,0.47940975094311156,0.19948466340638787,25,30,0
22,501,0.28050149458151424,0.040605298075630694,0.479408543487875,0.19948466385497426,25,30,0
22,502,0.28049856700818326,0.04057689232305381,0.4794398768089783,0.19948466385977884,25,30,0
22,503,0.28073261769472807,0.04057689232313173,0.479137567027238,0.19955292295489543,25,30,0
22,504,0.2805566052615191,0.04057689239998539,0.47938181731302415,0.19948468502546457,25,30,0
22,505,0.2937799532920348,0.04054322097626176,0.4661920932419661,0.199484732489731,25,30,0
22,506,0.2918860662686446,0.04054321772692715,0.4681461392376925,0.1994245767667268,25,30,0
22,507,0.2917673334776227,0.04054321866232911,0.46753360485134104,0.20015584300869804,25,30,0
22,508,0.29118296852282016,0.040543215543515546,0.46811821043837915,0.2001556054952773,25,30,0
22,509,0.29177300534746947,0.040543215373725926,0.4675281743571266,0.20015560492167048,25,30,0
22,510,0.2917854712871657,0.04162865163097657,0.466430272092587,0.20015560498926324,25,30,0
22,511,0.2578788132604488,0.04162864531955071,0.5003410467439183,0.20015149467607468,25,30,0
22,512,0.24465648251790614,0.041628649162303286,0.5135634209347953,0.20015144738498913,25,30,0
22,513,0.24429678031141247,0.041628648210361725,0.5146543906038233,0.199420180874396,25,30,0
22,514,0.24496777153200663,0.04056312770060635,0.5150489199463962,0.19942018082098414,25,30,0
22,515,0.2560239556095597,0.04056312645273476,0.503992735990463,0.1994201819472351,25,30,0
22,516,0.25600984785009306,0.039994190748630656,0.5045757794381572,0.19942018196311292,25,30,0
22,517,0.2560208605682393,0.03999419074870476,0.5045758685536612,0.19940908012938965,25,30,0
22,518,0.2560946432183185,0.03999419075093825,0.5045760557715969,0.19933511025914363,25,30,0
22,519,0.23850306090676074,0.03999442304678822,0.5221655245914237,0.19933699145502196,25,30,0
22,520,0.24212461718969205,0.03999442300208623,0.5185450475674608,0.19933591224075464,25,30,0
22,521,0.24532340595857266,0.03999442342151552,0.5153462863218564,0.19933588429804966,25,30,0
22,522,0.2452666596194525,0.039994423348125675,0.5153355760141671,0.19940334101824916,25,30,0
22,523,0.24572141382203633,0.0399944239676739,0.5148808214995565,0.19940334071072727,25,30,0
22,524,0.24525577524121828,0.03999441950787545,0.5153464645591288,0.19940334069177154,25,30,0
22,525,0.2838656240920626,0.0399944196986147,0.4767354666723692,0.1994044895369516,25,30,0
22,526,0.28387767446028805,0.0399944196950097,0.47678963173638295,0.19933827410831748,25,30,0
22,527,0.2837536201402275,0.03999441966293694,0.4769136865460846,0.19933827365074652,25,30,0
22,528,0.2837522164501907,0.03999444375340379,0.47691506601926004,0.19933827377714075,25,30,0
22,529,0.2705247360781475,0.039994444605168676,0.4901404834735479,0.19934033584313,25,30,0
22,530,0.2706524058802616,0.040014595553246116,0.4899926736529676,0.19934032491351952,25,30,0
22,531,0.2706503911366277,0.040014595553281164,0.4901221606331462,0.19921285267694078,25,30,0
22,532,0.26146743561106833,0.04001460879180788,0.49633181158463785,0.202186144012482,25,30,0
22,533,0.2614674356360148,0.04001460879180804,0.49620244351418946,0.20231551205798376,25,30,0
22,534,0.26148317329407234,0.04001460878278328,0.49618670572328605,0.2023155121998547,25,30,0
22,535,0.261483174696686,0.04001460878526889,0.4961867796753946,0.2023154368426462,25,30,0
22,536,0.2614839172269532,0.04001447662851563,0.4956695385151624,0.20283206762936498,25,30,0
22,537,0.2637351766562716,0.040014473684038994,0.49341830282106547,0.20283204683862024,25,30,0
22,538,0.27868522309673566,0.04001447371283825,0.47846819013531866,0.20283211305510424,25,30,0
22,539,0.2786932538436082,0.04001447371339133,0.4784659405873563,0.20282633185564333,25,30,0
22,540,0.2786952499079835,0.040014473713453576,0.4784658312943327,0.20282444508422934,25,30,0
22,541,0.2829129818694029,0.04001446042834714,0.47722142108704096,0.1998511366152081,25,30,0
22,542,0.2833109514703568,0.040014460244297265,0.4768245997212185,0.19984998856412672,25,30,0
22,543,0.28324014561095145,0.040014460239586436,0.4768243366493742,0.1999210575000873,25,30,0
22,544,0.28323675680290755,0.04003436044724342,0.47680782527469645,0.1999210574751519,25,30,0
22,545,0.2831113030260001,0.04001420351351774,0.4769534174186674,0.19992107604181386,25,30,0
22,546,0.2837887566829064,0.04001420351568159,0.4769538147228797,0.1992432250785317,25,30,0
22,547,0.2799844089438622,0.04001420817155685,0.48075813656101607,0.19924324632356388,25,30,0
22,548,0.2793040097382377,0.04001420816938328,0.4807577791150093,0.1999240029773687,25,30,0
22,549,0.2793068920922462,0.03943446767553322,0.48133463725961645,0.19992400297260413,25,30,0
22,550,0.27886824901297513,0.039414552054071225,0.48179319542530374,0.1999240035076508,25,30,0
22,551,0.2783511353060603,0.03941454750311284,0.482310335263347,0.19992398192748062,25,30,0
22,552,0.2783481645671366,0.03941479623637178,0.48231305726443524,0.19992398193205482,25,30,0
22,553,0.2783550146739056,0.039414551863386535,0.48230645152179336,0.19992398194091301,25,30,0
22,554,0.2914832059136665,0.039414550580835844,0.46918027232077286,0.19992197118472346,25,30,0
22,555,0.2914803150652542,0.0394145505807839,0.46918026604189306,0.19992486831206796,25,30,0
22,556,0.2914526276478668,0.03941455057844645,0.4692079536143035,0.19992486815938176,25,30,0
22,557,0.2905935047529689,0.03941455394370277,0.4700660404362909,0.1999259008670363,25,30,0
22,558,0.2905935226976341,0.03941455394371198,0.47006615491872233,0.19992576843993015,25,30,0
22,559,0.29082958846505713,0.039414528997751816,0.46983011371976763,0.19992576881742088,25,30,0
22,560,0.29083755120862054,0.040014491811653376,0.4692221881528224,0.19992576882690163,25,30,0
22,561,0.29082943168804454,0.04001449181159696,0.46922210178372803,0.19993397471662774,25,30,0
22,562,0.2787119168799305,0.04001449433050423,0.4813393373948394,0.1999342513947223,25,30,0
22,563,0.27870056996096804,0.0408157968882644,0.48055064420469457,0.19993298894607098,25,30,0
22,564,0.27869869859762936,0.040418054368436526,0.48095025810078673,0.19993298893314523,25,30,0
22,565,0.27296327734715314,0.040418102327488305,0.48668563168904705,0.19993298863631254,25,30,0
22,566,0.27270486977755864,0.040417869053107826,0.486946192888364,0.1999310682809709,25,30,0
22,567,0.2724678998289895,0.04041824500408498,0.4871827874332498,0.19993106773367725,25,30,0
22,568,0.27246784598063195,0.0404182450040762,0.48718495042629584,0.19992895858899787,25,30,0
22,569,0.2735584836914311,0.04041824163493935,0.4860953491214387,0.19992792555219335,25,30,0
22,570,0.2735544380316319,0.04041849030022788,0.4860991249491365,0.19992794671900677,25,30,0
22,571,0.27354644911744347,0.04042667032533667,0.4860989338333684,0.1999279467238545,25,30,0
22,572,0.27356559332250097,0.040426664091173105,0.45715888846213176,0.22884885412419564,25,30,0
22,573,0.24265618818329263,0.04042680240999421,0.48663412591929445,0.23028288348742096,25,30,0
22,574,0.2426562385986061,0.040426802410013424,0.48663412658199895,0.2302828324093834,25,30,0
22,575,0.24238641103752914,0.04042680249866745,0.4869039364232461,0.2302828500405595,25,30,0
22,576,0.2423857204042306,0.040426549469126966,0.48690490089405075,0.23028282923259394,25,30,0
22,577,0.24238068374109503,0.040426549468563326,0.4869048594303271,0.23028790736001498,25,30,0
22,578,0.24665300080575683,0.040426549360395796,0.48263254212013884,0.23028790771370897,25,30,0
22,579,0.2466327284999238,0.04042654935818019,0.47158797137289177,0.24135275076900534,25,30,0
22,580,0.24640237050607844,0.04042654935495191,0.47181832930433815,0.24135275083463206,25,30,0
22,581,0.24640237054575326,0.04042654935495237,0.47181841041233946,0.2413526696869555,25,30,0
22,582,0.24646913576426363,0.04002298939719025,0.4721552048552049,0.2413526699833418,25,30,0
22,583,0.25138507367853985,0.04002298934398233,0.46723926696115986,0.2413526700163181,25,30,0
22,584,0.24239849769255278,0.040042723038489665,0.4776384734168408,0.2399203058521169,25,30,0
22,585,0.2423923779307113,0.04004272303740507,0.47764459374957646,0.23992030528230715,25,30,0
22,586,0.24238938667006538,0.0400427230374134,0.47764451145418524,0.239923378838336,25,30,0
22,587,0.20291082260352436,0.04004277379311059,0.5171231008932782,0.23992330271008291,25,30,0
22,588,0.20290775857738438,0.04004277379305615,0.5171230967123495,0.23992637091720645,25,30,0
22,589,0.20290788623457864,0.040042773729266706,0.5171229695550816,0.2399263704810684,25,30,0
22,590,0.1859872031139464,0.0400427837534055,0.534043364111224,0.23992664902141986,25,30,0
22,591,0.18598719687052193,0.05800985624662232,0.5160763164730624,0.23992663040978587,25,30,0
22,592,0.18599073614685047,0.05800985933450682,0.5160727740681894,0.23992663045044607,25,30,0
22,593,0.1865533800972286,0.05800985993656232,0.5155101294955238,0.23992663047067972,25,30,0
22,594,0.18714689477365665,0.05801149148902113,0.5149148165093397,0.23992679722797713,25,30,0
22,595,0.18714692886080997,0.058011126286347296,0.5149151476246625,0.2399267972281748,25,30,0
22,596,0.18714556554389894,0.05800504032696514,0.5149225968993721,0.23992679722975846,25,30,0
22,597,0.20072391365482395,0.05800498962715107,0.5013442893967048,0.23992680732131563,25,30,0
22,598,0.20072398137804087,0.058004989627168574,0.5013442915898546,0.23992673740493153,25,30,0
22,599,0.17832859502478893,0.05800902955489207,0.5237359049111412,0.23992647050917298,25,30,0
22,600,0.1783254021821168,0.08003036282648916,0.5017177644825097,0.23992647050887989,25,30,0
22,601,0.17832533456755914,0.08003036282647993,0.5017177617434558,0.23992654086250087,25,30,0
22,602,0.17832540217381612,0.08003036282648916,0.5017177623975138,0.23992647260217673,25,30,0
22,603,0.17829493417601633,0.08003036284931303,0.5017479225354241,0.239926780439242,25,30,0
22,604,0.17829491623966653,0.08003036284930382,0.5017478074254772,0.23992691348555045,25,30,0
22,605,0.1782948636024702,0.08003036284925061,0.5017479221363278,0.23992685141195116,25,30,0
22,606,0.17829107712641917,0.0800300521221629,0.5017520193466682,0.23992685140474854,25,30,0
22,607,0.17038312223869873,0.08003119602645933,0.5096545307540058,0.23993115098083515,25,30,0
22,608,0.16718184867770097,0.08003119596794786,0.5128558075434756,0.23993114781087452,25,30,0
22,609,0.167184847055094,0.08003119596794896,0.5128580983298386,0.2399258586471176,25,30,0
22,610,0.18853426203283125,0.08003119758669977,0.49150874737411093,0.2399257930063561,25,30,0
22,611,0.18853435475877692,0.08003119758671826,0.4915086301921616,0.23992581746234165,25,30,0
22,612,0.18853593809457667,0.08000580723677021,0.49153243721705814,0.23992581745159403,25,30,0
22,613,0.19589031580983068,0.08000466329843292,0.4841835026985715,0.2399215181931648,25,30,0
22,614,0.19050926919833572,0.08000062085365686,0.48956860154882675,0.2399215083991802,25,30,0
22,615,0.19045350399532804,0.08000062085201119,0.4896243669027057,0.23992150824995392,25,30,0
22,616,0.19038954987296156,0.0799807489481367,0.48970984723811384,0.23991985394078455,25,30,0
22,617,0.1903815985272571,0.07998109376899647,0.48971745377271425,0.2399198539310269,25,30,0
22,618,0.18007196508332018,0.07998109376226684,0.5000270942616531,0.23991984689275472,25,30,0
22,619,0.18006609876330626,0.07998849236826695,0.5000255621010934,0.23991984676732794,25,30,0
22,620,0.18006182059108547,0.07999554057632151,0.500022792085582,0.23991984674700556,25,30,0
22,621,0.17968655812078946,0.07999556825012091,0.5003979821405833,0.23991989148850157,25,30,0
22,622,0.1796863600137462,0.08002722594889214,0.5003665225443235,0.2399198914930344,25,30,0
22,623,0.18237939204532436,0.08002718404740358,0.4976735323114832,0.23991989159578542,25,30,0
22,624,0.18239031619284587,0.0800271840502451,0.495806044388909,0.2417764553679956,25,30,0
22,625,0.18239036442735843,0.08002674279464238,0.4958064374197789,0.24177645535821576,25,30,0
22,626,0.18239417277277725,0.08001053980621654,0.49581890114864646,0.24177638627235534,25,30,0
22,627,0.18337503478206482,0.0800105121296478,0.49483811247495235,0.2417763406133307,25,30,0
22,628,0.18337683854644143,0.08001051213003253,0.4948363086959521,0.2417763406275697,25,30,0
22,629,0.18337683444216638,0.08001051213003187,0.4948363085628551,0.24177634486494334,25,30,0
22,630,0.1855922387291129,0.08001051048180889,0.49262090662980357,0.2417763441592713,25,30,0
22,631,0.18557902678410396,0.0800105104789253,0.49097453603429286,0.24343592670267455,25,30,0
22,632,0.18558189621877783,0.0800105104789145,0.49097456365984704,0.24343302964245794,25,30,0
22,633,0.15049574030540142,0.08001051047871849,0.5260607188308706,0.24343303038500083,25,30,0
22,634,0.15049987483526606,0.08001086747267387,0.5260562273020802,0.2434330303899715,25,30,0
22,635,0.1501634433634033,0.08001091189758824,0.5263926100660612,0.24343303467294006,25,30,0
22,636,0.15016142792471088,0.0800109118976147,0.5263925844753535,0.2434350757023137,25,30,0
22,637,0.15029092105111722,0.08001091416145197,0.5262633882782167,0.24343477650920675,25,30,0
22,638,0.15029484494982365,0.08000738046738862,0.526262998066432,0.24343477651634846,25,30,0
22,639,0.1502906269629502,0.08000738668685992,0.5262672098482448,0.24343477650193746,25,30,0
22,640,0.150298919031668,0.08000703188996416,0.5262591867930143,0.2434348622853458,25,30,0
22,641,0.1505825234145778,0.08000703189472529,0.5259755734772453,0.24343487121344282,25,30,0
22,642,0.1505855218605022,0.08000703189473436,0.5259733720522337,0.2434340741925217,25,30,0
22,643,0.15058564695636062,0.08000703189473629,0.5260625683593143,0.24334475278958195,25,30,0
22,644,0.15103919577834932,0.07998712623788717,0.525628924905058,0.24334475307869533,25,30,0
22,645,0.15104226028649892,0.079976718660904,0.5256362679738942,0.24334475307869302,25,30,0
22,646,0.11915300697768039,0.08030041745653216,0.5571723113415488,0.2433742642242272,25,30,0
22,647,0.11917317593221637,0.08030041745983166,0.5605764870299089,0.23994991957803055,25,30,0
22,648,0.11807250103785184,0.0803027475538168,0.5616748367084123,0.2399499146999067,25,30,0
22,649,0.1180706978665096,0.08030274449757227,0.5616766425186216,0.23994991511728161,25,30,0
22,650,0.11806672139135686,0.08030617116182605,0.5616771923343213,0.23994991511248093,25,30,0
22,651,0.10998063742032844,0.07998251005591045,0.5701164485317062,0.23992040399204004,25,30,0
22,652,0.10998359839397803,0.07998251005593734,0.5701164511774773,0.23991744037259413,25,30,0
22,653,0.10992008089243241,0.07998252076211242,0.570179966508951,0.23991743183649128,25,30,0
22,654,0.1099200815201557,0.07998307980134367,0.5701794068419992,0.23991743183648817,25,30,0
22,655,0.10994352133192634,0.07998304212049001,0.5697153215061523,0.2403581150414179,25,30,0
22,656,0.09802839641429188,0.07998304562328389,0.5816304232266082,0.24035813473580098,25,30,0
22,657,0.09806326386648748,0.07998304562124463,0.5789927467974,0.2429609437148522,25,30,0
22,658,0.09806331551190003,0.07998304562122584,0.5789904553057553,0.24296318356110583,25,30,0
22,659,0.0957073400564706,0.07998300001144504,0.5813464807439246,0.24296317918814536,25,30,0
22,660,0.09570692592524749,0.0799829520211406,0.5813409757813743,0.24296914627222457,25,30,0
22,661,0.09570380820479968,0.0799829520211406,0.5813409742860979,0.24297226548794867,25,30,0
22,662,0.09569276812438254,0.07998295108272871,0.581352101044062,0.24297217974881388,25,30,0
22,663,0.09569283944760083,0.05416841653337118,0.6071665642724959,0.24297217974651872,25,30,0
22,664,0.09569908825032357,0.05415397414475318,0.6071747578510331,0.2429721797538745,25,30,0
22,665,0.09593515478996731,0.05415396964303312,0.6069386955243405,0.2429721800426435,25,30,0
22,666,0.09547916057580715,0.05417423519905094,0.6073744244770536,0.24297217974807198,25,30,0
22,667,0.0746206227511499,0.054174267878130726,0.6282319385158547,0.24297317085484743,25,30,0
22,668,0.09618449129410894,0.054172648335127215,0.6066697964317688,0.24297306393897894,25,30,0
22,669,0.11344477746596336,0.05417263573423204,0.5894095818494381,0.24297300495035004,25,30,0
22,670,0.11344898931545694,0.054175764549652033,0.5894022411841086,0.24297300495076724,25,30,0
22,671,0.14051533282123244,0.054175765298872865,0.5627764316209727,0.24253247025890662,25,30,0
22,672,0.14027917290383546,0.05417576546593836,0.5630125916553882,0.24253246997482292,25,30,0
22,673,0.13873112466753804,0.05417721881859619,0.5645604474958802,0.24253120901797057,25,30,0
22,674,0.13873112221856698,0.07999168159407034,0.5387459871693788,0.24253120901797062,25,30,0
22,675,0.13872910405528574,0.07999168159409613,0.5387459890415229,0.24253322530908414,25,30,0
22,676,0.1387312416026113,0.0799916815940619,0.5387460425581215,0.24253103424519548,25,30,0
22,677,0.1387303317466564,0.07999168159406268,0.5387483201224014,0.24252966653686975,25,30,0
22,678,0.13873331291651708,0.0799916815940275,0.538746039155578,0.24252896633386764,25,30,0
22,679,0.13872620207017466,0.07999097503666684,0.5387538565592442,0.24252896633390666,25,30,0
22,680,0.1387222004596472,0.06456332989868378,0.5541855032959945,0.24252896634566717,25,30,0
22,681,0.1387190806224779,0.0645633298986733,0.5542257926243502,0.24249179685449312,25,30,0
22,682,0.13872305768368745,0.06456332989870835,0.5542258232972883,0.24248778912031235,25,30,0
22,683,0.13966263540376178,0.06456099786896728,0.5532885418368554,0.24248782489041154,25,30,0
22,684,0.13965877780452174,0.06456099775954403,0.5532923796711023,0.24248784476482851,25,30,0
22,685,0.13055063898377794,0.06456099855242799,0.5624001147205777,0.24248824774321295,25,30,0
22,686,0.13055349534160596,0.06456099852079757,0.5623972588446475,0.24248824729294255,25,30,0
22,687,0.13079398672096723,0.06456101316214187,0.5621567514218807,0.24248824869500388,25,30,0
22,688,0.13079391663785472,0.06456101316213247,0.5621567239947308,0.24248834620527585,25,30,0
22,689,0.14380858193776352,0.0645619520221976,0.5491410811077366,0.24248838493229524,25,30,0
22,690,0.14380246293146998,0.0645619561610169,0.5491471959873296,0.24248838492017633,25,30,0
22,691,0.15567575340658518,0.06456194198047437,0.5372736497135183,0.24248865489941518,25,30,0
22,692,0.16343523052589884,0.06456198816816731,0.5295056467229512,0.2424971345829738,25,30,0
22,693,0.16319495048657617,0.0645619737083622,0.5297459426191896,0.24249713318586327,25,30,0
22,694,0.16312123784728827,0.06456197370047759,0.5298196554229467,0.24249713302927892,25,30,0
22,695,0.16313191806820398,0.06568392200753684,0.5286870268953733,0.24249713302887727,25,30,0
22,696,0.16314079054957303,0.08110631716894287,0.5132557592497126,0.24249713303176437,25,30,0
22,697,0.16313773921267305,0.08110631716894255,0.513255759190963,0.2425001844274146,25,30,0
22,698,0.16314809154934204,0.10591945271572253,0.48843230205426835,0.24250015368066077,25,30,0
22,699,0.1631558990019839,0.10591945271598385,0.49295949078077345,0.23796515750125277,25,30,0
22,700,0.13695415296509497,0.10591945199268794,0.5104068062042448,0.24671958883796655,25,30,0
22,701,0.1369582224856346,0.10589918646683716,0.5104230022090834,0.24671958883843864,25,30,0
22,702,0.0971752461988931,0.10589918686348662,0.5502059769828499,0.24671958995476295,25,30,0
22,703,0.09717644441822265,0.10589918686357928,0.5502060224275144,0.2467183462906766,25,30,0
22,704,0.09682630738961588,0.10589918686175968,0.550556168668454,0.24671833708015936,25,30,0
22,705,0.09681593724434241,0.12107441757150932,0.5353913081193895,0.24671833706474797,25,30,0
22,706,0.09681126438081983,0.12107441757130187,0.530734636831715,0.2513796812161524,25,30,0
22,707,0.06343479035496555,0.12107441769886576,0.5641113482133308,0.25137944373282656,25,30,0
22,708,0.07272440791665731,0.12107441655157368,0.5548221751215285,0.2513790004102288,25,30,0
22,709,0.07272428512073686,0.12107479623839913,0.5548219182356016,0.2513790004052509,25,30,0
22,710,0.07272012833058727,0.12107479634041338,0.5548260749241821,0.2513790004048062,25,30,0
22,711,0.07272123317595885,0.1210748040445654,0.5548249623816736,0.25137900039778943,25,30,0
22,712,0.07266931687946326,0.12107480404331733,0.5575714681516755,0.2486844109255313,25,30,0
22,713,0.06125130257129803,0.12107475834720349,0.5689977783496666,0.24867616073181784,25,30,0
22,714,0.06125135401106999,0.12107475834721194,0.5689977784360243,0.24867610920567984,25,30,0
22,715,0.0612514069297108,0.12107470455759733,0.5689977793070004,0.2486761092056795,25,30,0
22,716,0.06125825989085677,0.12107470454761399,0.5689909263926684,0.24867610916885174,25,30,0
22,717,0.0613340171672993,0.12107470578222018,0.568915167564834,0.248676109485638,25,30,0
22,718,0.06143415999635402,0.11995275140103255,0.5699369789351543,0.24867610966745254,25,30,0
22,719,0.06143460367041185,0.11995275140110671,0.56994162965468,0.24867101527379665,25,30,0
22,720,0.055228481045239246,0.1199527511439226,0.5761478152818595,0.24867095252897412,25,30,0
22,721,0.05522634578345295,0.11995275114395994,0.5760812915270856,0.24873961154549776,25,30,0
22,722,0.05522008619574823,0.11995299432088259,0.5760873079402549,0.2487396115431102,25,30,0
22,723,0.0809930811129702,0.11995205548172586,0.5503152905717152,0.24873957283358586,25,30,0
22,724,0.08098794147251077,0.11995205547502025,0.5503263973149288,0.24873360573753714,25,30,0
22,725,0.08122419477891402,0.1199520512453468,0.5500901479490931,0.24873360602664346,25,30,0
22,726,0.08122424009418035,0.15992230615810382,0.5101198477185932,0.24873360602911745,25,30,0
22,727,0.08699948310444539,0.15992260381650442,0.504344293201134,0.24873361987791842,25,30,0
22,728,0.0869995185991256,0.15992260381646925,0.504344330409453,0.248733547174956,25,30,0
22,729,0.08700251729352415,0.1599226038164614,0.5043443308277786,0.24873054806223993,25,30,0
22,730,0.08699534855929408,0.15992260381637893,0.5043442877845751,0.24873775983975446,25,30,0
22,731,0.08699187517863853,0.15993564702613608,0.5043347179623756,0.24873775983284518,25,30,0
22,732,0.08257156961270454,0.1599354229063588,0.5087552616469828,0.24873774583394934,25,30,0
22,733,0.08448300388822481,0.15993535384686208,0.5068438731678362,0.2487377690970722,25,30,0
22,734,0.08448689944654655,0.15993635597588837,0.5068389754782716,0.24873776909928894,25,30,0
22,735,0.08448339059354967,0.1599363559758229,0.5069637555030726,0.2486164979275495,25,30,0
22,736,0.08448034295641635,0.1599079322360241,0.5069952268728177,0.24861649793473578,25,30,0
22,737,0.08448034296005145,0.15993940147067387,0.5069637576344924,0.24861649793477622,25,30,0
22,738,0.118392160970029,0.15993940147295582,0.47305193932400635,0.24861649823300128,25,30,0
22,739,0.11859297705711506,0.15993790554801873,0.4728524688724908,0.24861664852236776,25,30,0
22,740,0.11858998055514633,0.15993790554802717,0.47285255101188445,0.24861956288493453,25,30,0
22,741,0.118580881072024,0.1599472177243437,0.47285233833371104,0.24861956286991105,25,30,0
22,742,0.1188156504612066,0.15994721780481366,0.47261755190542565,0.24861957982854344,25,30,0
22,743,0.11881859501526107,0.1599472178048135,0.4726174694251858,0.24861671775472893,25,30,0
22,744,0.1189603335564276,0.1605800345898053,0.47184291398104444,0.2486167178727109,25,30,0
22,745,0.12503003804064416,0.16058003458757805,0.4657732097971361,0.24861671757463197,25,30,0
22,746,0.12502606136727726,0.160594572547927,0.46576264851261745,0.24861671757216844,25,30,0
22,747,0.12502613215150343,0.16059457254792747,0.46576261112343836,0.24861668417712085,25,30,0
22,748,0.12502516829904387,0.1605955212591255,0.46576262624765397,0.2486166841941668,25,30,0
22,749,0.12481084707597598,0.15996274336467484,0.46660972576651555,0.2486166837928242,25,30,0
22,750,0.12481110782121824,0.1599627433646667,0.46660972946514273,0.24861641934896286,25,30,0
22,751,0.12481423617344944,0.15996245679698082,0.4666056739800187,0.24861763304954163,25,30,0
22,752,0.08684876979837144,0.15996292565276213,0.5045706690366283,0.24861763551222718,25,30,0
22,753,0.08635146083672758,0.1599629263115675,0.4658112891483923,0.2878743237033035,25,30,0
22,754,0.08635133603782208,0.15996292631157516,0.46581128870533484,0.2878744489452587,25,30,0
22,755,0.08635426312504797,0.15996000502596724,0.4658112829109867,0.2878744489379891,25,30,0
22,756,0.08658860204012443,0.1599600006646783,0.4655781618042598,0.2878732354909287,25,30,0
22,757,0.08658968898641013,0.15995888918236317,0.46557818633543663,0.2878732354957823,25,30,0
22,758,0.08658657062972987,0.15995888918230952,0.4655781827479541,0.2878763574400016,25,30,0
22,759,0.08658076717846447,0.16074640315917363,0.4647964720963023,0.28787635756605434,25,30,0
22,760,0.08658078362101661,0.14561806810568792,0.4799247907072764,0.2878763575660123,25,30,0
22,761,0.08642163254454127,0.14483055840946546,0.4808714510682009,0.2878763579777859,25,30,0
22,762,0.08641455449584293,0.14483055861943409,0.48087852666753905,0.2878763602171783,25,30,0
22,763,0.08641455263497763,0.14483055101987674,0.4808785361279615,0.2878763602171783,25,30,0
22,764,0.08778425383955826,0.1448305509492737,0.47950881490551867,0.28787638030564155,25,30,0
22,765,0.08778428676148967,0.14483055094927463,0.47950881596863376,0.2878763463205956,25,30,0
22,766,0.0972528387843555,0.14483055095570593,0.4700402630762499,0.28787634718368216,25,30,0
22,767,0.09725189054627004,0.14483132946921348,0.4700404327990541,0.28787634718545624,25,30,0
22,768,0.09724963073552989,0.1448313294692925,0.470040463190601,0.28787857660457006,25,30,0
22,769,0.09635712007466163,0.14483132943441127,0.47968755377098155,0.27912399671993965,25,30,0
22,770,0.0965922920807187,0.14481828630564178,0.47946542446507656,0.2791239971485572,25,30,0
22,771,0.09659163377390097,0.14481828639932826,0.4794660822270296,0.2791239975997359,25,30,0
22,772,0.09635833656856146,0.14481828631971294,0.47969937993671175,0.2791239971750085,25,30,0
22,773,0.09638131711260854,0.14481828631990729,0.4796994233581672,0.2791009732093121,25,30,0
22,774,0.09638037293617781,0.1448182863198361,0.4796994448090826,0.2791018959348981,25,30,0
22,775,0.09636035391237441,0.14481828631964958,0.47969940451635984,0.2791219552516108,25,30,0
22,776,0.09629198627001007,0.1448185350192017,0.47976752428866154,0.27912195442212023,25,30,0
22,777,0.09629098705037595,0.14481952743644844,0.4797675310813596,0.27912195443181054,25,30,0
22,778,0.09490340510585878,0.14481952750588167,0.481155029180597,0.27912203820765746,25,30,0
22,779,0.09415138148680269,0.14481906485753535,0.481907501077066,0.27912205257859163,25,30,0
22,780,0.09412929015187212,0.14481906448447526,0.48130851305546857,0.2797431323081792,25,30,0
22,781,0.09413025422402146,0.14310026791204603,0.483026345572749,0.27974313229117925,25,30,0
22,782,0.1225980707560893,0.1431002681279876,0.454558758658598,0.27974290245732214,25,30,0
22,783,0.1225271003745279,0.14310026211861238,0.45462975191349053,0.27974288559336635,25,30,0
22,784,0.12253004362094418,0.14310026211861268,0.4546296970459322,0.27973999721450843,25,30,0
22,785,0.12253302210428949,0.14310026211862095,0.45462969815233245,0.27973701762475456,25,30,0
22,786,0.15892988581811301,0.14310025740388083,0.4182328624357512,0.2797369943422531,25,30,0
22,787,0.1589313299205367,0.14192718085432507,0.41940449484246534,0.27973699438267025,25,30,0
22,788,0.15893246871514857,0.1419260508015264,0.41940448611021836,0.27973699437310445,25,30,0
22,789,0.17044543976247467,0.14192605012524334,0.40789151603088597,0.27973699408139396,25,30,0
22,790,0.17044968287259915,0.14192606233640107,0.40788724418714717,0.2797370106038512,25,30,0
22,791,0.17045007588439998,0.14192631548873416,0.407886598007806,0.2797370106190568,25,30,0
22,792,0.17010253027949074,0.1419263147004309,0.4075103411254908,0.2804608138945836,25,30,0
22,793,0.17017331436099084,0.14192631470665396,0.4075058429905838,0.2803945279417639,25,30,0
22,794,0.15882437258573368,0.1419263144985817,0.41885478711951074,0.28039452579616553,25,30,0
22,795,0.15882463262658095,0.1419263233724464,0.4188543111942651,0.28039473280670035,25,30,0
22,796,0.15882562755286275,0.14192632337248143,0.41885431159479447,0.28039373747985524,25,30,0
22,797,0.16014292215996992,0.14192632348869924,0.4181579086981302,0.27977284565319516,25,30,0
22,798,0.15335805625830756,0.14192633436664198,0.4246147181701737,0.28010089120487136,25,30,0
22,799,0.15335811015374726,0.1570551597103412,0.4094858389310349,0.28010089120487275,25,30,0
22,800,0.1533579716873307,0.15702383015634727,0.4095173069491831,0.28010089120713466,25,30,0
22,801,0.15335638769399984,0.15819723397201327,0.4083454871738947,0.28010089116008763,25,30,0
22,802,0.15338045300122585,0.1581972251198468,0.4083086041571881,0.2801137177217342,25,30,0
22,803,0.15338145211970158,0.15819722511976672,0.40830859738728087,0.28011272537324594,25,30,0
22,804,0.15318402709346743,0.15819722503912528,0.40850599534543247,0.28011275252197043,25,30,0
22,805,0.15317689169028986,0.15819722503758063,0.40850596563585945,0.2801199176362657,25,30,0
22,806,0.1531768387879909,0.15819722503757108,0.4083764795295582,0.2802494566448767,25,30,0
22,807,0.15317389690774383,0.15819722503757153,0.40838312275113514,0.2802457553035464,25,30,0
22,808,0.15318186690912472,0.15819722503764233,0.4083831267847313,0.28023778126849996,25,30,0
22,809,0.15317892355948318,0.15819722503764236,0.40838312620551565,0.28024072519735765,25,30,0
22,810,0.15318206771305168,0.1582253911778656,0.40835181589694586,0.2802407252121356,25,30,0
22,811,0.1531105446432637,0.1582253911715958,0.4084257120378129,0.280238352147326,25,30,0
22,812,0.1528871757343083,0.15822539177394937,0.40864895430527803,0.2802384781864629,25,30,0
22,813,0.152886246456136,0.15822539177391415,0.40864895129671525,0.28023941047323314,25,30,0
22,814,0.15308093615685292,0.15822539176193,0.4084542889315403,0.2802393831496753,25,30,0
22,815,0.15308004164291375,0.15698796422976982,0.4096926109620517,0.28023938316526315,25,30,0
22,816,0.15307709825603413,0.15870862921896906,0.4079748893597766,0.2802393831652194,25,30,0
22,817,0.157545843008499,0.15870862939409966,0.4035062409471305,0.28023928665027026,25,30,0
22,818,0.17568800777838134,0.1587086185142198,0.3856921327131154,0.2799112409942832,25,30,0
22,819,0.17575571203197288,0.15870861799648506,0.38562442869104097,0.27991124128049977,25,30,0
22,820,0.18559135864686482,0.1587086180955047,0.37578878129549836,0.2799112419621299,25,30,0
22,821,0.19268483963912608,0.19096898786741348,0.3364349218599327,0.2799112506335257,25,30,0
22,822,0.21448189025752323,0.1909690043159913,0.31465086486877214,0.2798982405577121,25,30,0
22,823,0.2156165575128824,0.19096877601410067,0.3135164235405188,0.27989824293249915,25,30,0
22,824,0.21562348170739298,0.1909687760141268,0.313516427933775,0.279891314344706,25,30,0
22,825,0.215624410235226,0.19096729664965342,0.31351697876577533,0.27989131434934583,25,30,0
22,826,0.20829371166967608,0.19869511947474053,0.31311986347155224,0.2798913053840314,25,30,0
22,827,0.2082686503981247,0.19869512283708243,0.3131423430202267,0.2798938837445662,25,30,0
22,828,0.20826877613920228,0.19869512283707397,0.31314236937326767,0.27989373165045606,25,30,0
22,829,0.20850546672225945,0.1986951165878173,0.31290570114077326,0.27989371554915116,25,30,0
22,830,0.20039507291976155,0.1986951166999215,0.32101608838577633,0.27989372199454127,25,30,0
22,831,0.20038417649115176,0.19869511669986026,0.3210160830241107,0.27990462378487846,25,30,0
22,832,0.2003781818235616,0.19869511669986914,0.3210160807156197,0.2799106207609505,25,30,0
22,833,0.20037475249138978,0.19869486844285675,0.3210197583045566,0.2799106207611953,25,30,0
22,834,0.20058755118920002,0.19869486843993533,0.32080695918787816,0.27991062118298443,25,30,0
22,835,0.20036324198579422,0.19869486849857612,0.3210312528238257,0.2799106366918022,25,30,0
22,836,0.2003640650641707,0.19993236650046162,0.31979293174946405,0.27991063668590305,25,30,0
22,837,0.18790079270363302,0.1999323751317383,0.3322561696270079,0.27991066253761865,25,30,0
22,838,0.18795783108723174,0.19987526593448646,0.3322562404354509,0.2799106625428292,25,30,0
22,839,0.1879587605883863,0.19987446080692364,0.33225611605947536,0.2799106625452125,25,30,0
22,840,0.18795881260087166,0.19987446080693286,0.33225611507721625,0.279910611514977,25,30,0
22,841,0.18797156441030005,0.19986156477836586,0.33225625900873107,0.2799106118026008,25,30,0
22,842,0.2000662400494918,0.19986155620568236,0.3201616175018195,0.2799105862430039,25,30,0
22,843,0.20006309668387887,0.19985713155455237,0.3201691855356737,0.27991058622589193,25,30,0
22,844,0.21813804564502914,0.19985711527788652,0.3020399562973865,0.2799648827796967,25,30,0
22,845,0.2181378582503089,0.19985711527851052,0.3020389582865672,0.2799660681846115,25,30,0
22,846,0.21789520656461178,0.19988888780148095,0.3022498318982844,0.27996607373562077,25,30,0
22,847,0.21789727331203582,0.19944998383951365,0.30268666911750947,0.2799660737309388,25,30,0
22,848,0.21427842804422692,0.19945001211107086,0.3063055104149437,0.27996604942975706,25,30,0
22,849,0.21455300276646458,0.2105893284977738,0.2948916192439224,0.27996604949183723,25,30,0
22,850,0.21613078021942453,0.21055755096807593,0.29334561846233415,0.2799660503501632,25,30,0
22,851,0.21471613641479195,0.21055755082630562,0.2947604521468577,0.2799658606120438,25,30,0
22,852,0.21495537516026608,0.21055755082950575,0.29476078494645636,0.27972628906377134,25,30,0
22,853,0.21411225357517374,0.21055755267949539,0.29560387513673975,0.2797263186085909,25,30,0
22,854,0.2141093281539238,0.21056046419185553,0.2956038890505517,0.27972631860366926,25,30,0
22,855,0.21305187008126622,0.21056043566980726,0.2966613756613293,0.2797263185875973,25,30,0
22,856,0.21304878275191944,0.21056043566980892,0.2966613462777205,0.2797294353005512,25,30,0
22,857,0.21304897207414888,0.210560435669801,0.2966613465000707,0.27972924575598,25,30,0
22,858,0.21282222782301738,0.23929416421443592,0.2681543625606425,0.27972924540190397,25,30,0
22,859,0.21282314043833142,0.2392941642144622,0.2681543669009815,0.27972832844622486,25,30,0
22,860,0.2128261910386403,0.23929165590111848,0.2681538246136734,0.27972832844656753,25,30,0
22,861,0.21286050348572313,0.23929165753344875,0.2681733745285919,0.2796744644522358,25,30,0
22,862,0.21285831673222197,0.23929165753351847,0.26817339152697234,0.2796766342072868,25,30,0
22,863,0.21310608957050545,0.23929165354189671,0.26792832691748825,0.2796739299701094,25,30,0
22,864,0.21287384192928205,0.2392916535387318,0.2679279975871507,0.27990650694483504,25,30,0
22,865,0.21277329007779128,0.23936097966880665,0.2679592233061614,0.27990650694724034,25,30,0
22,866,0.21278013970205398,0.23935414337767566,0.26795920997308204,0.27990650694718816,25,30,0
22,867,0.20294758232582766,0.23935414327876017,0.2777917674354301,0.2799065069599844,25,30,0
22,868,0.202931382010604,0.2393541432920205,0.27780796741235814,0.2799065072850198,25,30,0
22,869,0.2029174218683175,0.23938906366491047,0.2777870071866013,0.27990650728017274,25,30,0
22,870,0.20291742189738746,0.23938906366491092,0.2777870066938642,0.27990650774383974,25,30,0
22,871,0.20291649234195755,0.23937885342481263,0.2777981465013801,0.279906507731852,25,30,0
22,872,0.20297464047410751,0.23937885342430665,0.2777412045678164,0.2799053015337708,25,30,0
22,873,0.20381202761716974,0.2393788515765347,0.27690384825115805,0.2799052725551385,25,30,0
22,874,0.20751935410866007,0.2393788531760015,0.2731963951307714,0.2799053975845683,25,30,0
22,875,0.20751928366815267,0.23978429575107144,0.27279102297457025,0.279905397606207,25,30,0
22,876,0.20751926403441798,0.23978429575104465,0.2727910094780797,0.2799054307364586,25,30,0
22,877,0.2051640957314009,0.23978429579734,0.27514566306062915,0.27990594541063124,25,30,0
22,878,0.20519115069420057,0.23978429593244444,0.27511854362107296,0.27990600975228225,25,30,0
22,879,0.20633495087420767,0.239784295937424,0.27397474313264153,0.27990601005572574,25,30,0
22,880,0.2063319026698311,0.23976494179906674,0.273997145473376,0.27990601005772503,25,30,0
22,881,0.20869099921972536,0.239764941789228,0.27163852715589454,0.27990553183515154,25,30,0
22,882,0.2086900718101587,0.23976494178919283,0.2716385248263777,0.27990646157427057,25,30,0
22,883,0.20869007179786078,0.2397872206067504,0.2716162460211187,0.27990646157426974,25,30,0
22,884,0.20711401922310496,0.2397875752300906,0.2731919508027846,0.27990645474401965,25,30,0
22,885,0.20712493335221047,0.23978757523015218,0.2731920396403538,0.27989545177728326,25,30,0
22,886,0.2071358307348236,0.23979830713605527,0.2731704103398098,0.27989545178931047,25,30,0
22,887,0.20713497355658497,0.23979830713611844,0.2731727007710069,0.27989401853628904,25,30,0
22,888,0.2021721544570622,0.23979835891343185,0.278135412465545,0.27989407416396067,25,30,0
22,889,0.20217067587165044,0.278906920722293,0.23902831140298847,0.2798940920030666,25,30,0
22,890,0.2021597631311024,0.27891783304719964,0.23902831183069584,0.2798940919910007,25,30,0
22,891,0.2021528442558952,0.27892475483467727,0.23902830892080384,0.2798940919886224,25,30,0
22,892,0.20215573224917313,0.27892475483458784,0.23902601408806878,0.27989349882816905,25,30,0
22,893,0.20215874484500523,0.27892475483459667,0.2390193715270437,0.27989712879335377,25,30,0
22,894,0.2022195636765672,0.27892475483773116,0.23901954722189495,0.279836134263806,25,30,0
22,895,0.20222354196664058,0.278924754837811,0.2390195555539991,0.27983214764154873,25,30,0
22,896,0.2021738089455113,0.2789247548597883,0.23901486384184295,0.27988657235285747,25,30,0
22,897,0.20217475514368846,0.2789247548598215,0.2390214707408348,0.2798790192556564,25,30,0
22,898,0.20152170009986292,0.27892475494080454,0.23967452468036682,0.2798790202789664,25,30,0
22,899,0.20151465600658505,0.27892475494070695,0.23967451553569347,0.27988607351701505,25,30,0
22,900,0.20150780470019797,0.2789247549407169,0.2396767943169725,0.27989064604211333,25,30,0
22,901,0.20150780355507444,0.27892475494070784,0.23967679274371526,0.27989064876050324,25,30,0
22,902,0.20150987243522323,0.2789247549406734,0.23967679179772042,0.2798885808263836,25,30,0
22,903,0.20150688030156352,0.27892475494069174,0.23967678999873215,0.2798915747590133,25,30,0
22,904,0.20150994507406583,0.2789216896973666,0.2396767904718944,0.27989157475667364,25,30,0
22,905,0.20150698164330866,0.2789319914823884,0.23966945211755686,0.2798915747567465,25,30,0
22,906,0.20150706869427426,0.278963363988553,0.2396379925820247,0.27989157473514853,25,30,0
22,907,0.20150605256951998,0.27896336398862465,0.23963800089139212,0.279892582550464,25,30,0
22,908,0.20150700130491883,0.27896186120829525,0.23963855493172687,0.2798925825550597,25,30,0
22,909,0.19066686025355753,0.27896202141466997,0.25047839956969925,0.2798927187620729,25,30,0
22,910,0.19066680390394883,0.2789620214146517,0.25047840002506555,0.2798927746563335,25,30,0
22,911,0.19446012613158284,0.2789623504346266,0.24668476839780148,0.2798927550359886,25,30,0
22,912,0.19584437865564516,0.27896196957602204,0.2453009486892636,0.2798927030790686,25,30,0
22,913,0.19637570502760218,0.27896197127585465,0.2447696119152893,0.2798927117812543,25,30,0
22,914,0.19439041876141086,0.2789619697046826,0.24675496561280943,0.27989264592109503,25,30,0
22,915,0.19435918781769249,0.2789619696465058,0.24671721719902187,0.279961625336779,25,30,0
22,916,0.20384321471044628,0.278961942260521,0.23723330228518513,0.2799615407438449,25,30,0
22,917,0.20391093778473363,0.2789621948130656,0.23723434882334446,0.2798925185788535,25,30,0
22,918,0.20390260784503014,0.27896219479122225,0.2197999163515221,0.2973352810122232,25,30,0
22,919,0.20384177526231187,0.2937350079103509,0.20508795714034045,0.2973352596869942,25,30,0
22,920,0.20385266719722905,0.2937350079134621,0.20507706490399621,0.29733525998531013,25,30,0
22,921,0.20378196443612673,0.29380646653241493,0.20507630934370455,0.2973352596877509,25,30,0
22,922,0.20377491054944194,0.31901859007959604,0.17987123996265963,0.29733525940829963,25,30,0
22,923,0.20370626935183853,0.3190185900774997,0.17987102661779467,0.2974041139528646,25,30,0
22,924,0.20370612412027075,0.31901859007723926,0.15737957839688665,0.3198957074056047,25,30,0
22,925,0.20370905365305045,0.3190156774392213,0.15737956150203983,0.3198957074056896,25,30,0
22,926,0.20371106618619375,0.3190146105627564,0.1573786158477413,0.3198957074033098,25,30,0
22,927,0.20371108127848192,0.31901460897853307,0.1573786023395966,0.3198957074033896,25,30,0
22,928,0.20466998250282514,0.31901498269635165,0.1564193326937494,0.319895702107071,25,30,0
22,929,0.20467982589557723,0.3190149810106858,0.1564099237102058,0.31989526938352847,25,30,0
22,930,0.20467761939343002,0.3190149809620071,0.15641216676504274,0.31989523287951754,25,30,0
22,931,0.20467767140742116,0.3190149809620152,0.15641216618825277,0.3198951814423083,25,30,0
22,932,0.1654271408645557,0.31901498097020037,0.19566269431157618,0.3198951838536658,25,30,0
22,933,0.16515682124980885,0.3190149859818219,0.19593255660662354,0.31989563616174377,25,30,0
22,934,0.1651606788357434,0.3190105970629754,0.1959330879348527,0.3198956361664263,25,30,0
22,935,0.16460287171061994,0.3190105970351588,0.1964909515665758,0.3198955796876438,25,30,0
22,936,0.1649555942045878,0.3190105982221274,0.196138228134719,0.31989557943856395,25,30,0
22,937,0.16495773284467785,0.3190105982220931,0.19613162057281827,0.3199000483604095,25,30,0
22,938,0.164957609606326,0.31901059822210126,0.1961316209802703,0.3199001711913012,25,30,0
22,939,0.16495860935146264,0.3190105982220204,0.19613165196680882,0.3198991404597072,25,30,0
22,940,0.16495857203788217,0.319010598222012,0.19613165217034273,0.3198991775697627,25,30,0
22,941,0.16495850255778716,0.3190106845963687,0.1961316352761225,0.31989917756972097,25,30,0
22,942,0.1649585200317543,0.31901068459638715,0.1961317524813072,0.3198990428905505,25,30,0
22,943,0.15812990423916154,0.3190109715733307,0.20296006830736274,0.3198990558801444,25,30,0
22,944,0.1578959088124786,0.31901097165367515,0.20319392945309986,0.3198991900807465,25,30,0
22,945,0.15789890504914664,0.3190109716536839,0.20319851583238638,0.3198916074647832,25,30,0
22,946,0.1567880196165523,0.3190109572073582,0.2041330411886213,0.3200679819874656,25,30,0
22,947,0.15678489243883753,0.3190109572062502,0.20413299037164045,0.32007115998327007,25,30,0
22,948,0.15678794380667654,0.3190075296561129,0.20413336654402556,0.32007115999318286,25,30,0
22,949,0.15678499921111874,0.3190100786543534,0.2041337621389613,0.32007115999556485,25,30,0
22,950,0.1605121161500424,0.31901010574524,0.20040616009203702,0.32007161801267825,25,30,0
22,951,0.15962379529588455,0.31901283773075606,0.20129175899289628,0.3200716079804623,25,30,0
22,952,0.1596207775505002,0.3190164040729763,0.2012912103959801,0.3200716079805416,25,30,0
22,953,0.15962084743506455,0.31901640407300386,0.20129121296746816,0.32007153552446177,25,30,0
22,954,0.15947557743929394,0.31901367032701644,0.2014392167091527,0.3200715355245352,25,30,0
22,955,0.1594785568720344,0.3190136703270244,0.2014392182938539,0.3200685545070857,25,30,0
22,956,0.15947556143496455,0.31901367032701616,0.2014392986728624,0.32007146956515536,25,30,0
22,957,0.15947575327151953,0.3190136703270086,0.2014393755341763,0.3200712008672937,25,30,0
22,958,0.1594728787331994,0.3190136703270267,0.20143475774117894,0.32007869319859306,25,30,0
22,959,0.16631621203414337,0.31901338334528584,0.19459172499373925,0.32007867962682957,25,30,0
22,960,0.1663232091259637,0.3190133833453477,0.19459165973740686,0.3200717477912798,25,30,0
22,961,0.1281796079364165,0.31901344472918225,0.2326690601657391,0.32013788716865965,25,30,0
22,962,0.1281795528533725,0.3190138676974412,0.2326686922832918,0.3201378871658922,25,30,0
22,963,0.1281766441794763,0.31901676849825683,0.2326687001513601,0.3201378871709049,25,30,0
22,964,0.12817078671000862,0.31901676849821486,0.23266868558285625,0.32014375920891835,25,30,0
22,965,0.12201649735304511,0.31901676990549127,0.23882294134669632,0.32014379139476495,25,30,0
22,966,0.12210525357889901,0.3190167716023752,0.2387341831175243,0.32014379170119867,25,30,0
22,967,0.14693125692089654,0.3190167094764561,0.21397435796723369,0.32007767563541273,25,30,0
22,968,0.14693132761697636,0.3190167094765105,0.21398096305918607,0.32007099984732656,25,30,0
22,969,0.1444044169243762,0.31901668240715286,0.18524319220567456,0.35133570846279694,25,30,0
22,970,0.14440429431061555,0.31901668240711695,0.18524091059647507,0.35133811268579357,25,30,0
22,971,0.14440423971527963,0.3190167276219961,0.18524091996204245,0.3513381127006827,25,30,0
22,972,0.144419121719619,0.31901672762210226,0.1852409814421841,0.35132316921609513,25,30,0
22,973,0.14488557588601148,0.3185111817804583,0.18528007282454514,0.3513231695089856,25,30,0
22,974,0.14441614429423638,0.3190193168177451,0.185241369671792,0.3513231692162272,25,30,0
22,975,0.1444146562389154,0.31989914147218806,0.18436305091205216,0.3513231513768449,25,30,0
22,976,0.14441461865204971,0.3198990215275327,0.18436320844599818,0.3513231513744195,25,30,0
22,977,0.14441064313579355,0.3199035287487384,0.1843626767456393,0.3513231513698283,25,30,0
22,978,0.14441454978758322,0.31990352874871997,0.18435607392195485,0.3513258475417416,25,30,0
22,979,0.14441763535759147,0.31990043910499394,0.18435607799575549,0.35132584754165846,25,30,0
22,980,0.14441467643379063,0.3199034087285254,0.18435606731580154,0.3513258475218819,25,30,0
22,981,0.1504402737245759,0.3199034074764124,0.17833050297996997,0.3513258158190412,25,30,0
22,982,0.15048250290904808,0.31990339722628996,0.13872652304341898,0.3908875768212426,25,30,0
22,983,0.150484429820382,0.3199009216372744,0.13872707171387924,0.3908875768284639,25,30,0
22,984,0.15049559160868412,0.31989013692189183,0.1387266946409147,0.3908875768285091,25,30,0
22,985,0.15050251076409624,0.31988320893020095,0.13872670347239602,0.39088757683330627,25,30,0
22,986,0.1506883620576096,0.31988320377832863,0.13854133081731881,0.39088710334674237,25,30,0
22,987,0.15068734375768641,0.319883203778336,0.13854132969153585,0.390888122772441,25,30,0
22,988,0.16401545915471988,0.3198832032738636,0.12521323841371962,0.39088809915769607,25,30,0
22,989,0.16447833718917296,0.31988320327601266,0.12521356444787982,0.39042489508693373,25,30,0
22,990,0.16447832211527177,0.3198832032760042,0.1252136037696176,0.39042487083910565,25,30,0
22,991,0.1644714180352877,0.3198901030789997,0.12521360805128345,0.3904248708344285,25,30,0
22,992,0.16401141475897862,0.3198901030768315,0.1252133971078712,0.390885085056318,25,30,0
22,993,0.16401141316515688,0.3198901030768315,0.12521328059173029,0.3908852031662806,25,30,0
22,994,0.1639442008619226,0.31989010301539017,0.12503282714956732,0.3911328689731193,25,30,0
22,995,0.16394713086723303,0.3198901030153641,0.12503274185444602,0.3911300242629562,25,30,0
22,996,0.16393913710319438,0.3198901030152655,0.16031852265486726,0.35585223722667114,25,30,0
22,997,0.16394050754613076,0.319275838146223,0.16093141708058173,0.3558522372270627,25,30,0
22,998,0.16394350376987943,0.3192758381462143,0.1609313784328095,0.3558492796510948,25,30,0
22,999,0.16394749737479383,0.31927583814624977,0.1609313814873699,0.35584528299158436,25,30,0
22,1000,0.16395112135008663,0.31988565622304804,0.1603179394404301,0.3558452829864331,25,30,0
22,1001,0.1639510118773223,0.319885656223038,0.1603179403202738,0.3558453915793636,25,30,0
22,1002,0.1639510272498402,0.31988565622308196,0.16031794159560925,0.3558453749314664,25,30,0
22,1003,0.16394182626746368,0.31989485553287994,0.16031794325871448,0.3558453749409398,25,30,0
22,1004,0.16185164460695556,0.31989448170210133,0.16240850047451644,0.3558453732164248,25,30,0
22,1005,0.15775400021042074,0.319894481866905,0.16650559704389764,0.355845920878776,25,30,0
22,1006,0.19501214423069801,0.31989448214513266,0.1292475680854207,0.35584580553874695,25,30,0
22,1007,0.19377436491684272,0.3198944821613031,0.13048534523346336,0.355845807688389,25,30,0
22,1008,0.19954050299142645,0.3198944804500221,0.12471920483709857,0.35584581172144975,25,30,0
22,1009,0.19667839647806123,0.3198944804696995,0.12758055887737318,0.35584656417486293,25,30,0
22,1010,0.19668032042193487,0.31989266282028306,0.12758045257568879,0.35584656418209015,25,30,0
22,1011,0.19666942270012291,0.31989266282022094,0.12758044914071695,0.35585746533893603,25,30,0
22,1012,0.19666940643224928,0.3198926628202117,0.12758044642896998,0.3558574843185658,25,30,0
22,1013,0.19666939034798758,0.3198926628202028,0.12758044503898086,0.35585750179282527,25,30,0
22,1014,0.18160411041515873,0.31989266568353647,0.14211276874974835,0.35639045515155315,25,30,0
22,1015,0.18160410788451287,0.31989266843945435,0.1421127685245652,0.3563904551514645,25,30,0
22,1016,0.18184057697810094,0.31964518563230987,0.14212378167019682,0.3563904557193892,25,30,0
22,1017,0.1991095767869846,0.3196451823997497,0.12538775985022965,0.35585748096303277,25,30,0
22,1018,0.19910855978576553,0.3196451823998112,0.1253877698620606,0.3558584879523594,25,30,0
22,1019,0.19911567147941384,0.3196451823998826,0.1253877750333551,0.3558513710873454,25,30,0
22,1020,0.19911871996681288,0.31964214429844945,0.1253877646545752,0.35585137108015935,25,30,0
22,1021,0.19912574681307776,0.3196356573949907,0.1253872247070489,0.3558513710848797,25,30,0
22,1022,0.19918984782737092,0.3196356573990751,0.09478043441817047,0.38639406035538065,25,30,0
22,1023,0.19918686782450717,0.3196356573990667,0.09478043489528933,0.3863970398811343,25,30,0
22,1024,0.19919186540059802,0.31960826481807403,0.09480282990516184,0.3863970398761638,25,30,0
22,1025,0.20341881165033782,0.3196082646535393,0.09057643349582978,0.3863964902002909,25,30,0
22,1026,0.20335870134129444,0.3196082646494995,0.0858973841463213,0.3911356498628839,25,30,0
22,1027,0.2046939719112201,0.3196081318391886,0.08456224351705899,0.39113565273253154,25,30,0
22,1028,0.19827374234571907,0.31960813192451043,0.09098242463126693,0.39113570109850143,25,30,0
22,1029,0.1982628299259002,0.3196081319244401,0.09098241856372988,0.3911466195859276,25,30,0
22,1030,0.19826276018636801,0.3196081319244396,0.09098230213185132,0.39114680575733934,25,30,0
22,1031,0.198256701565267,0.31961418581718976,0.09098230685291962,0.3911468057646219,25,30,0
22,1032,0.19825070984656518,0.3196201755456527,0.09098230884081991,0.3911468057669606,25,30,0
22,1033,0.17635454366709344,0.31962017555202293,0.11287851871928387,0.3911467620615985,25,30,0
22,1034,0.17050474990253253,0.31962017554780986,0.11872831668269049,0.3911467578669676,25,30,0
22,1035,0.15524029074424026,0.31962059211228255,0.13399103804751217,0.39114807909596144,25,30,0
22,1036,0.15524427056827142,0.31962059211233596,0.13399104237698334,0.39114409494240604,25,30,0
22,1037,0.15130812059954862,0.3196205987756713,0.13740038383183456,0.3916708967929419,25,30,0
22,1038,0.1513040083832949,0.3196205987756092,0.13740037908671174,0.39167501375438063,25,30,0
22,1039,0.15133069083407855,0.3196205988399166,0.13737369626515245,0.3916750140608491,25,30,0
22,1040,0.15495990108453406,0.31962059217660876,0.13427129467734536,0.39114821206150907,25,30,0
22,1041,0.15495995757031103,0.31962054229472925,0.13427128807356772,0.3911482120613891,25,30,0
22,1042,0.15495992750044288,0.3196205422947482,0.13427599109405064,0.39114353911075583,25,30,0
22,1043,0.15905551247374475,0.31962054229249753,0.1301811603045264,0.39114278492922894,25,30,0
22,1044,0.15905551330130166,0.31959814868673075,0.13020355308273607,0.39114278492922916,25,30,0
22,1045,0.15918627537978977,0.31959814853321367,0.1300727913455079,0.3911427847414861,25,30,0
22,1046,0.17444533797472445,0.3195977320581181,0.11481550450565368,0.391141425461504,25,30,0
22,1047,0.1744531687051187,0.3195790501845693,0.1148263556321032,0.39114142547820874,25,30,0
22,1048,0.17444480468950826,0.3183599497550788,0.11605382006485039,0.3911414254905625,25,30,0
22,1049,0.17421451812576833,0.3183599497873568,0.11628410685406239,0.3911414252328093,25,30,0
22,1050,0.17421456489102868,0.31835994978735743,0.11627940656830736,0.39114607875330343,25,30,0
22,1051,0.17421749244274637,0.3183599497873374,0.11627943224322285,0.3911431255266903,25,30,0
22,1052,0.1742224875990042,0.31835497787853567,0.11627940899815016,0.3911431255243069,25,30,0
22,1053,0.1742195421146243,0.3183549778785355,0.11627938051677057,0.39114609949006657,25,30,0
22,1054,0.17421792197718455,0.31959464788444936,0.11504133067279883,0.3911460994655641,25,30,0
22,1055,0.16372391023615043,0.31959464779254765,0.12553534727862323,0.39114609469267575,25,30,0
22,1056,0.16378092950569578,0.3195375319766997,0.12553544382703538,0.39114609469056605,25,30,0
22,1057,0.16399442895031283,0.31953753190200207,0.12532194418254383,0.3911460949651383,25,30,0
22,1058,0.16399942187916675,0.31953753190198436,0.125321937836118,0.39114110838272803,25,30,0
22,1059,0.16400795658506467,0.31953753187148776,0.1253134031730812,0.39114110837036314,25,30,0
22,1060,0.16399904860293799,0.3195380443146494,0.12532179874032334,0.39114110834208515,25,30,0
22,1061,0.16399605125716427,0.3195634451164663,0.12529939527947775,0.3911411083468883,25,30,0
22,1062,0.1640028745549396,0.3195629327945359,0.1252930843116969,0.3911411083388242,25,30,0
22,1063,0.16399598879447125,0.3195629327945198,0.12529470517626293,0.3911463732347427,25,30,0
22,1064,0.16410806992627847,0.3195629367474837,0.1251826199539467,0.3911463733722878,25,30,0
22,1065,0.1640610315306845,0.3196100738370705,0.1251825212603271,0.3911463733719144,25,30,0
22,1066,0.16169641205148647,0.31961007381495926,0.1188298092881715,0.3998637048453799,25,30,0
22,1067,0.16169737834643777,0.31961007381501166,0.11882981054855525,0.39986273728999244,25,30,0
22,1068,0.16169743084960053,0.3196100738150034,0.11882981024839506,0.39986268508699874,25,30,0
22,1069,0.16169541545853755,0.3196100738150708,0.1188265520616272,0.3998679586647622,25,30,0
22,1070,0.16170575547030197,0.31961007371340133,0.11881622912132343,0.3998679416949711,25,30,0
22,1071,0.16170575545637106,0.3196100737133655,0.11881618911544424,0.399867981714817,25,30,0
22,1072,0.16170483055124052,0.3196100737133392,0.11881618752831699,0.3998689082071011,25,30,0
22,1073,0.1605983216939451,0.3196100737443765,0.11992269591437506,0.3998689086473014,25,30,0
22,1074,0.16058741115642555,0.31962060684642346,0.11992307335936275,0.39986890863778635,25,30,0
22,1075,0.16058649878438147,0.3191846814188089,0.12035991116135823,0.3998689086354499,25,30,0
22,1076,0.16061504245030256,0.3191846814922619,0.12033038806145044,0.39986988799598344,25,30,0
22,1077,0.1604899918319075,0.3191846815068339,0.12045543831035194,0.3998698883509048,25,30,0
22,1078,0.16049598106462476,0.31918468150682494,0.12045543906618951,0.39986389836235886,25,30,0
22,1079,0.16048913088529076,0.31918468150679913,0.12045543530324807,0.3998707523046602,25,30,0
22,1080,0.16037029197072739,0.3191851837208704,0.12057377214084308,0.39987075216755696,25,30,0
22,1081,0.16037023933636732,0.3196220769506665,0.12013693155008735,0.3998707521628766,25,30,0
22,1082,0.1603663330796287,0.2908985718264183,0.1488643429169793,0.39987075217697204,25,30,0
22,1083,0.16036725949303968,0.2908665680362878,0.14889542028906566,0.39987075218160534,25,30,0
22,1084,0.1603711871219694,0.3196124418039145,0.12014561890655305,0.39987075216756146,25,30,0
22,1085,0.1603664208142952,0.3196124418039345,0.12015032262460887,0.3998708147571607,25,30,0
22,1086,0.1603663518720867,0.3196124418039343,0.12015032215135872,0.3998708841726197,25,30,0
22,1087,0.1603694040952156,0.3196124418039531,0.12015043830969294,0.3998677157911378,25,30,0
22,1088,0.1405076117248729,0.31961263098685594,0.13990183647460866,0.3999779208136618,25,30,0
22,1089,0.14051836297754094,0.3196123777576643,0.13989133844669538,0.3999779208180999,25,30,0
22,1090,0.1405213603489114,0.31961237775764656,0.13989134012689683,0.3999749217665456,25,30,0
22,1091,0.1405213603327174,0.3196123777576468,0.13989134008930915,0.39997492182032696,25,30,0
22,1092,0.14053134421634067,0.3196026542763329,0.13989107967969708,0.39997492182762945,25,30,0
22,1093,0.14053127525774353,0.31960272023061104,0.1398910826864381,0.39997492182520716,25,30,0
22,1094,0.14053437826439613,0.3195992266934902,0.13989147321690443,0.399974921825209,25,30,0
22,1095,0.14053437668437252,0.3195992266934818,0.13989147181590728,0.3999749248062383,25,30,0
22,1096,0.1405372887036477,0.3195992266934545,0.13988985079748642,0.3999736338054114,25,30,0
22,1097,0.14053043643484014,0.3196060775809396,0.13988985218595035,0.39997363379827017,25,30,0
22,1098,0.1405273336669539,0.3195987168909282,0.13990031564393277,0.3999736337981853,25,30,0
22,1099,0.10073060539079905,0.31960221012009876,0.179638364465161,0.40002882002394,25,30,0
22,1100,0.1007375258023652,0.319602210120134,0.17963836749231835,0.4000218965851815,25,30,0
22,1101,0.1007345836610681,0.3196022101201344,0.17963998992610994,0.4000232162926871,25,30,0
22,1102,0.12166926380178664,0.3196020209116255,0.15881570415191942,0.39991301113466887,25,30,0
22,1103,0.12166628480193911,0.3196020209116519,0.15881570763045214,0.3999159866559572,25,30,0
22,1104,0.12165930347434614,0.31960846685335026,0.1588162430210772,0.3999159866512262,25,30,0
22,1105,0.12166779303880347,0.3196084781910984,0.15880774162500286,0.39991598714509635,25,30,0
22,1106,0.12166875794413252,0.3196078790760637,0.15880737582998936,0.39991598714981547,25,30,0
22,1107,0.1084207191819916,0.3198381198747199,0.17182507442853395,0.39991608651475274,25,30,0
22,1108,0.1084216486989402,0.31983811987474603,0.171825196849537,0.39991503457677496,25,30,0
22,1109,0.10840926259602945,0.31985273342668535,0.17182296988797205,0.3999150340893115,25,30,0
22,1110,0.10844577738106129,0.31985274342775827,0.171787364167897,0.3999141150232819,25,30,0
22,1111,0.1084459252205929,0.3198378743206209,0.17180208488948356,0.399914115569301,25,30,0
22,1112,0.10844599146001084,0.31983787432063077,0.17180220217643452,0.3999139320429225,25,30,0
22,1113,0.10890503437199897,0.31937819578020327,0.17180283751265826,0.39991393233513844,25,30,0
22,1114,0.10577529500209215,0.31937818579616517,0.17493262638566734,0.39991389281607453,25,30,0
22,1115,0.10577235072574732,0.3193781857961656,0.17493262436907575,0.39991683910901066,25,30,0
22,1116,0.10576525657491119,0.31937818137123136,0.17493972350207468,0.39991683855178195,25,30,0
22,1117,0.10571355079696301,0.3193781818964257,0.17460475686360954,0.40030351044299983,25,30,0
22,1118,0.1057186821710076,0.31937818189645056,0.17497608873903178,0.39992704719350813,25,30,0
22,1119,0.10571868254591538,0.31937818189646827,0.17497609000397907,0.39992704555363573,25,30,0
22,1120,0.10547950687551978,0.31937818189472883,0.17521526638717033,0.39992704484258007,25,30,0
22,1121,0.10524010977831665,0.319628582018977,0.17520426392324884,0.39992704427945697,25,30,0
22,1122,0.1052431219420416,0.3196285820190121,0.17520426509463552,0.39992403094431045,25,30,0
22,1123,0.10652274118412866,0.3196285829780068,0.17392466507015109,0.3999240107677133,25,30,0
22,1124,0.1065259652693492,0.3196029190771823,0.17394710488540796,0.3999240107680595,25,30,0
22,1125,0.10627875619451937,0.3196029234423536,0.1741942880605583,0.3999240323025676,25,30,0
22,1126,0.1062756892071749,0.31960292344236213,0.17419432587192485,0.399927061478537,25,30,0
22,1127,0.1062756882142138,0.31963420135119525,0.17416304895601328,0.39992706147857615,25,30,0
22,1128,0.09070655687846153,0.31963419703316776,0.18973219328615723,0.399927052802212,25,30,0
22,1129,0.0907095522068306,0.31963419703316814,0.18973230851210088,0.3999239422478992,25,30,0
22,1130,0.09070955074739206,0.3196341970331414,0.18973230654892956,0.39992394567053574,25,30,0
22,1131,0.09273902321183566,0.3196341960501413,0.1877028346508204,0.39992394608720133,25,30,0
22,1132,0.09274594426528933,0.31963419605017634,0.18770279751772215,0.39991706216681094,25,30,0
22,1133,0.09274588811212922,0.3196341960501752,0.18770268157340578,0.3999172342642888,25,30,0
22,1134,0.09274503344453906,0.31963523135886496,0.18770250092256213,0.39991723427403286,25,30,0
22,1135,0.09274480455174539,0.31965771635703694,0.18768024481995277,0.399917234271264,25,30,0
22,1136,0.09273964003660312,0.31965771635704454,0.19337863699669086,0.39422400660966056,25,30,0
22,1137,0.09273871143344647,0.3196577163570184,0.19337851459936736,0.3942250576101666,25,30,0
22,1138,0.09274470484069341,0.319651769539744,0.19337846799970232,0.39422505761985926,25,30,0
22,1139,0.09274471698561795,0.31964069463210215,0.19338953076201776,0.3942250576202612,25,30,0
22,1140,0.0927416659668414,0.319640694632102,0.19338953067995057,0.3942281087211046,25,30,0
22,1141,0.09274264630194896,0.3196406946321456,0.19338953585667354,0.3942271232092304,25,30,0
22,1142,0.09274558954959529,0.3196406946321442,0.19338942118639188,0.39422429463186737,25,30,0
22,1143,0.10391864859925473,0.3196406947320346,0.18221636604720076,0.39422429062150854,25,30,0
22,1144,0.1039136542573222,0.31964069473207013,0.18221636910568645,0.39422928190491996,25,30,0
22,1145,0.10391668362859238,0.3196406947320293,0.17614502396392567,0.4002975976754514,25,30,0
22,1146,0.10391361902375051,0.31964069473201207,0.17614502316432135,0.40030066307991485,25,30,0
22,1147,0.10279108781662917,0.31964069420648955,0.17765422681677073,0.3999139911601101,25,30,0
22,1148,0.10303231482090254,0.319640694209566,0.17765445362549973,0.39967253734403135,25,30,0
22,1149,0.10357091790970792,0.319640698544742,0.17711578273145062,0.39967260081409905,25,30,0
22,1150,0.10279990396889552,0.3196406988664803,0.17788679650159014,0.3996726006630339,25,30,0
22,1151,0.10279591502823937,0.3184065208743243,0.17912496344170395,0.39967260065573273,25,30,0
22,1152,0.10280283147518665,0.31839905853907924,0.17912550932520477,0.39967260066052906,25,30,0
22,1153,0.1023436669138661,0.3188273956004656,0.17915633711735693,0.39967260036831087,25,30,0
22,1154,0.10233965563102246,0.31878973905833197,0.17919800493951155,0.3996726003711335,25,30,0
22,1155,0.10209944556364857,0.31878973905518515,0.17919777410251317,0.3999130412786526,25,30,0
22,1156,0.10289649191137039,0.31878973877942374,0.17840072560204337,0.3999130437071619,25,30,0
22,1157,0.10289946957077829,0.31878973877946015,0.17840075671009717,0.3999100349396636,25,30,0
22,1158,0.10290416456378633,0.3187897387793775,0.1783961318959091,0.3999099647609265,25,30,0
22,1159,0.10290213700771023,0.31878973877936156,0.17839624773786655,0.39991187647506105,25,30,0
22,1160,0.102904150789062,0.31878973877932587,0.17839627112254827,0.3999098393090628,25,30,0
22,1161,0.10290419049159101,0.31877815122911324,0.17840781897001598,0.39990983930927926,25,30,0
22,1162,0.10291111274468295,0.3187561363893655,0.17842291155412573,0.39990983931182505,25,30,0
22,1163,0.10291307108489846,0.3187561363893729,0.17842291040657604,0.3999078821191519,25,30,0
22,1164,0.10290794445834667,0.31875613638604433,0.17842803705158938,0.3999078821040181,25,30,0
22,1165,0.10290800996841423,0.31877062006243345,0.17841348787729555,0.39990788209185524,25,30,0
22,1166,0.10290814075103136,0.31878118936617417,0.17840278779112517,0.3999078820916676,25,30,0
22,1167,0.10290519901122679,0.3187811893661734,0.17840267038021448,0.39991094124238363,25,30,0
22,1168,0.10314127987765236,0.31854489208989084,0.17840288608694435,0.3999109419455107,25,30,0
22,1169,0.10314156324912582,0.3185448920898934,0.17840288829138032,0.3999106563695988,25,30,0
22,1170,0.103136567550042,0.31854891667429475,0.17840385941095183,0.3999106563647099,25,30,0
22,1171,0.10313950757333692,0.3185679954844877,0.17838184057767875,0.39991065636449474,25,30,0
22,1172,0.10314349656583309,0.319801779968976,0.17714406709585567,0.3999106563693332,25,30,0
22,1173,0.10313950294208085,0.31980616957249486,0.17714367111851362,0.39991065636690865,25,30,0
22,1174,0.0632664500951215,0.3198180311094877,0.21700411566114716,0.39991140313424184,25,30,0
22,1175,0.0632694997820462,0.319814843169293,0.21700425391922085,0.39991140312943857,25,30,0
22,1176,0.06326974436268813,0.31985680502883435,0.21696204747445835,0.3999114031340175,25,30,0
22,1177,0.06349899537549686,0.3179200999303238,0.2186695012688046,0.39991140342537124,25,30,0
22,1178,0.06349207811096205,0.3179266277929342,0.2186698906778641,0.3999114034182359,25,30,0
22,1179,0.06462253784807259,0.3179266280541996,0.2175393731305735,0.3999114609671507,25,30,0
22,1180,0.06541231486872473,0.31792313490659707,0.21680827463252716,0.3998562755921488,25,30,0
22,1181,0.0654083378487037,0.31792313490657087,0.21680818876481375,0.39986033847990976,25,30,0
22,1182,0.06541226005387785,0.3179231349067218,0.21680825506327533,0.39985634997612374,25,30,0
22,1183,0.06540833656270541,0.3179231349065707,0.21680819079934302,0.3998603377313795,25,30,0
22,1184,0.07009578090404613,0.31792313476087425,0.21212075490560373,0.39986032942947297,25,30,0
22,1185,0.07008880868296788,0.31792313476081313,0.21212086706529384,0.39986718949092287,25,30,0
22,1186,0.06935856912352845,0.31792472352774015,0.21241806797024623,0.40029863937848276,25,30,0
22,1187,0.06935655217270131,0.3179247235277667,0.2124180708920708,0.4003006534074588,25,30,0
22,1188,0.06981175152645457,0.317045255243326,0.21284233953361023,0.4003006536966064,25,30,0
22,1189,0.06957253040333172,0.3172852463648838,0.21284157023851732,0.400300652993264,25,30,0
22,1190,0.06957559636293018,0.317282179732814,0.21284157091094738,0.40030065299330536,25,30,0
22,1191,0.06957564981971512,0.31728217973278766,0.21284145278341365,0.40030071766408076,25,30,0
22,1192,0.06957673579028975,0.3172818051619375,0.2128407413932105,0.4003007176545597,25,30,0
22,1193,0.06957673671169133,0.31731326833853146,0.21280927729517302,0.4003007176546023,25,30,0
22,1194,0.06957677226910758,0.31731326833851375,0.2128092784525115,0.4003006809398654,25,30,0
22,1195,0.06957666355063885,0.3173132683385651,0.2128093282919892,0.40030073981880515,25,30,0
22,1196,0.06957971151656038,0.31730230261300923,0.21281724605166377,0.40030073981876496,25,30,0
22,1197,0.0695796577179601,0.3173102751934998,0.21280932726743665,0.4003007398211018,25,30,0
22,1198,0.0695905758440108,0.3018656028254515,0.228243081499763,0.4003007398307738,25,30,0
22,1199,0.06958757985984465,0.30186899613238405,0.2282426841722373,0.40030073983553294,25,30,0
22,1200,0.08287643650344989,0.3016387686559048,0.21518368774915214,0.4003011070914922,25,30,0
22,1201,0.08287323145906783,0.3016417967114478,0.21518386475015217,0.40030110707933125,25,30,0
22,1202,0.08287035802886628,0.301644538774351,0.21518399611247535,0.4003011070843065,25,30,0
22,1203,0.08286243783464178,0.317086053843726,0.1997504012469946,0.40030110707463606,25,30,0
22,1204,0.08286250306870196,0.31708654057931296,0.19974984927730996,0.4003011070746736,25,30,0
22,1205,0.08292816419945685,0.31702059005222333,0.1997501383689888,0.40030110737932917,25,30,0
22,1206,0.06942706701079375,0.31702059004587246,0.21325123641327484,0.4003011065300578,25,30,0
22,1207,0.06942722681038092,0.3175813432917849,0.21269032337212046,0.4003011065257119,25,30,0
22,1208,0.06670953641864638,0.3175813310133075,0.21540817680030405,0.4003009557677402,25,30,0
22,1209,0.0667125333820706,0.31758133101331565,0.2154081769554194,0.4002979586491926,25,30,0
22,1210,0.06671461853256648,0.3175813310133161,0.21540817801550394,0.4002958724386118,25,30,0
22,1211,0.06671169280749598,0.3175813310133254,0.21541478102058748,0.4002921951585901,25,30,0
22,1212,0.06671174347590401,0.3175813310133167,0.2154147813285374,0.40029214418224085,25,30,0
22,1213,0.066715667688604,0.31758133101340497,0.2154147891904275,0.40028821210756244,25,30,0
22,1214,0.06695144077455427,0.3175813312500509,0.21550686829968008,0.399960359675714,25,30,0
22,1215,0.06695140476097818,0.317581331250043,0.2155068671884067,0.3999603968005713,25,30,0
22,1216,0.06695145751342124,0.31758127053702195,0.21550687515374467,0.3999603967958112,25,30,0
22,1217,0.06695544211154139,0.317581270537049,0.21550696772265518,0.3999563196287539,25,30,0
22,1218,0.06695223491104811,0.3175812705369953,0.21550691478150086,0.399959579770455,25,30,0
22,1219,0.06695614290625439,0.31758127053702123,0.2155069165391909,0.3999556700175328,25,30,0
22,1220,0.06887844015030634,0.31758126950233295,0.21358490058585225,0.39995538976150774,25,30,0
22,1221,0.06887840399991851,0.3175812695023158,0.2135783370067853,0.39996198949097983,25,30,0
22,1222,0.06888138301561866,0.3175784851817632,0.21357814231167985,0.3999619894909376,25,30,0
22,1223,0.06888937231417538,0.31701772771161196,0.21413091042114618,0.39996198955306644,25,30,0
22,1224,0.082392338508207,0.31701772777505405,0.2006279358588391,0.39996199785790004,25,30,0
22,1225,0.08149728108267619,0.317017727516906,0.20152305066012885,0.39996194074028646,25,30,0
22,1226,0.08149421941226663,0.31698932135140373,0.20155451849362926,0.399961940742698,25,30,0
22,1227,0.08126097275653,0.3189077772799011,0.19986930951706794,0.3999619404464985,25,30,0
22,1228,0.0812078589377775,0.318895915631209,0.1998663999529949,0.4000298254780171,25,30,0
22,1229,0.08121490083068705,0.31889591563124453,0.1998662883761916,0.40002289516187517,25,30,0
22,1230,0.0812179853906417,0.31886136473531757,0.19989775471181104,0.40002289516222794,25,30,0
22,1231,0.08122109183195239,0.3188613647353173,0.19989775599912715,0.40001978743360167,25,30,0
22,1232,0.08122103898139496,0.3188610221727859,0.1998981514121744,0.400019787433643,25,30,0
22,1233,0.08128757925241167,0.31886102608727,0.1964454827122184,0.4034059119480978,25,30,0
22,1234,0.09146691175734732,0.31886103515464115,0.18626614096410654,0.40340591212390314,25,30,0
22,1235,0.09147088881658184,0.3188574440441293,0.1862657550057739,0.40340591213351196,25,30,0
22,1236,0.09129810558974731,0.3188558552850845,0.18687157754295644,0.4029744615822078,25,30,0
22,1237,0.09129796416716653,0.3188873278566275,0.1868402463894588,0.40297446158674277,25,30,0
22,1238,0.0912909803874115,0.31888732785660084,0.1868419461292354,0.40297974562674765,25,30,0
22,1239,0.09129099799398849,0.31888732785655594,0.18684191485941679,0.40297975929003454,25,30,0
22,1240,0.09128789717170756,0.3189132293895634,0.18681911414856256,0.40297975929016255,25,30,0
22,1241,0.09093570704751784,0.3189132472746956,0.1871712832783754,0.4029797623994078,25,30,0
22,1242,0.09086936757324454,0.31891324337413357,0.19069118261794904,0.39952620643466935,25,30,0
22,1243,0.09086940126780506,0.3189135932392493,0.19069079904853792,0.39952620644440456,25,30,0
22,1244,0.08077533906610129,0.31893182979628537,0.2007666185399422,0.39952621259767035,25,30,0
22,1245,0.08077621588428086,0.3189287388526393,0.20076883266255327,0.3995262126005264,25,30,0
22,1246,0.08077316826834967,0.3189287388526402,0.2007710353184232,0.39952705756058676,25,30,0
22,1247,0.08077616277305472,0.3189287388527462,0.20076884193439126,0.3995262564398076,25,30,0
22,1248,0.09870865409940295,0.31892873876352246,0.18283616678215261,0.39952644035491885,25,30,0
22,1249,0.09871175649252675,0.3189287387635491,0.18283612815143752,0.39952337659248366,25,30,0
22,1250,0.09870874316955858,0.3189287387635397,0.18283612599742433,0.3995263920694744,25,30,0
22,1251,0.09870175234887103,0.31892873876346006,0.1828361177065226,0.3995333911811438,25,30,0
22,1252,0.09870062553370737,0.3189287387635575,0.1828362055357409,0.39953443016699225,25,30,0
22,1253,0.09816716975068623,0.3189287345067962,0.1833697075567201,0.39953438818579945,25,30,0
22,1254,0.09816622337082556,0.3189314798149031,0.1833679086386002,0.39953438817567305,25,30,0
22,1255,0.09807990589186776,0.3189132400900213,0.18347247222670382,0.3995343817914086,25,30,0
22,1256,0.09854285473218123,0.3189132400921722,0.18347281293009018,0.399071092245558,25,30,0
22,1257,0.09854192620477202,0.318914119976406,0.1834728615825557,0.39907109223626797,25,30,0
22,1258,0.09853896649939803,0.3189159825690134,0.18347395870505656,0.3990710922265339,25,30,0
22,1259,0.09847020398464106,0.318985034464008,0.18347366962943235,0.3990710919219196,25,30,0
22,1260,0.09847116736441838,0.31898406840909677,0.1834736723000161,0.39907109192646956,25,30,0
22,1261,0.09847415596838567,0.31898406840908783,0.1834719675713451,0.39906980805118264,25,30,0
22,1262,0.09847129987275478,0.31898406840911503,0.1834719691102853,0.3990726626078462,25,30,0
22,1263,0.0984719772930176,0.3189840683938618,0.18347247407710757,0.3990714802360138,25,30,0
22,1264,0.09847295975970365,0.3189830699696058,0.18347249002995666,0.3990714802407346,25,30,0
22,1265,0.09847590112470751,0.31817028795407976,0.18428233068053615,0.399071480240678,25,30,0
22,1266,0.09847297441788268,0.3181728727315072,0.1842826726102123,0.3990714802403989,25,30,0
22,1267,0.0804713273893692,0.31817287281003637,0.2022822861841863,0.39907351361640764,25,30,0
22,1268,0.08046933145022372,0.3181728728099397,0.20228219606060102,0.3990755996792356,25,30,0
22,1269,0.061249893746665826,0.31817287293378477,0.2213946971060286,0.39918253621352073,25,30,0
22,1270,0.06125603718447072,0.3190078011841397,0.22055362540792217,0.39918253622346717,25,30,0
22,1271,0.07540693505106226,0.3190078011807544,0.20640272796573966,0.39918253580244334,25,30,0
22,1272,0.058279351428771345,0.31900780174902965,0.22363020751558374,0.399082639306615,25,30,0
22,1273,0.05827728508456827,0.31900780174907384,0.22363021071804273,0.399084702448315,25,30,0
22,1274,0.053722704639051856,0.3190077838991771,0.22818418809417362,0.3990853233675971,25,30,0
22,1275,0.053267593675582814,0.3198869180764103,0.2277601651669157,0.39908532308109,25,30,0
22,1276,0.05326664748650071,0.31985639797655163,0.22779163146044945,0.399085323076497,25,30,0
22,1277,0.05326366897609483,0.31985639797644594,0.2277916242964496,0.39908830875100887,25,30,0
22,1278,0.06344653859705966,0.3198565916243304,0.21760855803474036,0.39908831174386816,25,30,0
22,1279,0.06345053246802936,0.31982133434679105,0.21763982143650476,0.3990883117486736,25,30,0
22,1280,0.06344847722515984,0.31982133434907073,0.21764189763853256,0.39908829078723607,25,30,0
22,1281,0.06322461658299101,0.3198213341125313,0.21755144275087018,0.3994026065536066,25,30,0
22,1282,0.07524838204110951,0.3198213340338613,0.20552989498583663,0.3994003889391917,25,30,0
22,1283,0.07524841837868192,0.3198213340338698,0.20552989660815213,0.3994003509792951,25,30,0
22,1284,0.06580442702846058,0.33150313537659476,0.2032920629291939,0.39940037466574985,25,30,0
22,1285,0.06580642672773279,0.33150114259925445,0.20329205601206238,0.39940037466094935,25,30,0
22,1286,0.05622152424999872,0.34307094160537444,0.20034508392589237,0.40036245021873357,25,30,0
22,1287,0.05621872332037474,0.34307094861498777,0.2003478778530844,0.4003624502115523,25,30,0
22,1288,0.06111910724501656,0.34307094870704397,0.19544764530977546,0.4003622987381632,25,30,0
22,1289,0.06112836733019158,0.34307094877442146,0.19543836860801161,0.40036231528737437,25,30,0
22,1290,0.061131363987174885,0.34307094877442973,0.1954384845825738,0.4003592026558211,25,30,0
22,1291,0.06112744059627308,0.34310652544577275,0.19540683130689518,0.4003592026510587,25,30,0
22,1292,0.061124304932342416,0.3431096594385338,0.19540683297802136,0.4003592026511021,25,30,0
22,1293,0.06112115154556581,0.3431128142199544,0.1954068315860181,0.40035920264846125,25,30,0
22,1294,0.06112117133521736,0.34314425694449824,0.19537536907194397,0.40035920264833924,25,30,0
22,1295,0.061127164441640305,0.3431442569444889,0.1953753694517916,0.4003532091620783,25,30,0
22,1296,0.061263487940864794,0.34158423934983856,0.19679807417293804,0.4003541985363577,25,30,0
22,1297,0.06126634524584447,0.34158423934981164,0.19679807261982535,0.40035134278451784,25,30,0
22,1298,0.061269377179065956,0.3415842393498114,0.19679807004075292,0.40034831343036886,25,30,0
22,1299,0.06113303756131908,0.34312225841801947,0.19539737996440326,0.4003473240562574,25,30,0
22,1300,0.06052988483821292,0.37152611906915367,0.1685587720636883,0.3993852240289448,25,30,0
22,1301,0.06053377457342128,0.3715264612495082,0.16855454013361404,0.3993852240434569,25,30,0
22,1302,0.04851313356729867,0.37152720537635053,0.18057437495634115,0.3993852861000105,25,30,0
22,1303,0.048516443440121175,0.37154629404875145,0.18055197640847656,0.3993852861026517,25,30,0
22,1304,0.048578117160446466,0.3715459388705623,0.18049065758341243,0.39938528638557963,25,30,0
22,1305,0.04583148541357024,0.3715459381533377,0.1832443657486661,0.3993782106844255,25,30,0
22,1306,0.0458343066868476,0.37152070441452173,0.18326677819350967,0.39937821070512103,25,30,0
22,1307,0.0458345677138752,0.3715428618923764,0.18324435970920128,0.3993782106845471,25,30,0
22,1308,0.04583061774317878,0.37154286189236807,0.18324424003685416,0.3993822803275988,25,30,0
22,1309,0.046065101901655116,0.3715421177963018,0.18301056174900548,0.3993822185530368,25,30,0
22,1310,0.046072284051132985,0.3715381259629625,0.18300737143755538,0.3993822185483487,25,30,0
22,1311,0.046069302158642064,0.37154056114658596,0.183007918146384,0.39938221854838796,25,30,0
22,1312,0.046058115393362395,0.37154056115613926,0.18301912178396335,0.39938220166653493,25,30,0
22,1313,0.046058081688010004,0.3715405611561208,0.18301912179442528,0.3993822353614437,25,30,0
22,1314,0.04606575918405444,0.3715405655185274,0.18301143992694488,0.3993822353704729,25,30,0
22,1315,0.04606102727803446,0.3715409123777571,0.18301582498271204,0.3993822353614962,25,30,0
22,1316,0.04606104536341343,0.37154143846395116,0.18301528080607757,0.39938223536655726,25,30,0
22,1317,0.0460577520438906,0.371533877986498,0.18302613460576903,0.3993822353638419,25,30,0
22,1318,0.04605382776066607,0.3715338779864368,0.18302621126616325,0.39938608298673245,25,30,0
22,1319,0.04604783436520202,0.37153387798644616,0.1830262108846643,0.3993920767636864,25,30,0
22,1320,0.04605081141745788,0.371530899743167,0.1830262120757321,0.3993920767636419,25,30,0
22,1321,0.04598438600982467,0.3715310227037198,0.18309251480851485,0.3993920764779398,25,30,0
22,1322,0.041044019871615406,0.3998350156396633,0.1597289117051851,0.3993920527835356,25,30,0
22,1323,0.04104396880627858,0.3998350156396549,0.15972891158861421,0.3993921039654515,25,30,0
22,1324,0.04104191842231842,0.3998350156397082,0.1597289154626011,0.3993941504753711,25,30,0
22,1325,0.04104100609096993,0.3998350156396823,0.15972891309501,0.39939506517433654,25,30,0
22,1326,0.04103191792079834,0.3998443378436716,0.1597286790735344,0.3993950651619946,25,30,0
22,1327,0.04106671617711389,0.39937374576701773,0.16016447253897156,0.3993950655168965,25,30,0
22,1328,0.04107375768997401,0.3993667078798884,0.16016446890631592,0.39939506552382115,25,30,0
22,1329,0.0410707617161473,0.39936670787988005,0.16016446745239812,0.39939806295157404,25,30,0
22,1330,0.04107535276426618,0.4004886382558929,0.15903794602788424,0.3993980629519572,25,30,0
22,1331,0.04107521202195742,0.4004883767491865,0.15903834827455673,0.3993980629542999,25,30,0
22,1332,0.04107524411209831,0.40049919966944175,0.15902749326417026,0.3993980629542903,25,30,0
22,1333,0.04107210840919207,0.4004708507787623,0.1590589778505699,0.39939806296147623,25,30,0
22,1334,0.041072055733229994,0.40047035439888146,0.159059526906414,0.3993980629614752,25,30,0
22,1335,0.041078028861939675,0.4004703543988728,0.1590661295120754,0.3993854872271128,25,30,0
22,1336,0.041078151802306645,0.40047024067996434,0.15906612029270215,0.3993854872250276,25,30,0
22,1337,0.04131937060222244,0.40047024068007003,0.1590662002214587,0.39914418849624966,25,30,0
22,1338,0.04131947562673023,0.4004706847410555,0.15906565113592464,0.39914418849629074,25,30,0
22,1339,0.041078274310341584,0.40047068474095937,0.15906557191075577,0.3993854690379445,25,30,0
22,1340,0.04152593431142852,0.3993488746806978,0.15973972155364444,0.3993854694542295,25,30,0
22,1341,0.04151479231082335,0.3993677783527715,0.15973195989424904,0.39938546944215714,25,30,0
22,1342,0.042538800162411586,0.39936777835431675,0.15870795152206266,0.39938546996121127,25,30,0
22,1343,0.042539727493852625,0.3993677783543424,0.15871022757960707,0.3993822665722002,25,30,0
22,1344,0.04253960516159591,0.3993679011040508,0.15871022715994268,0.3993822665744129,25,30,0
22,1345,0.0425385869213163,0.3993679011041211,0.15871011739068314,0.39938339458388206,25,30,0
22,1346,0.04253956982882157,0.3993673297050999,0.15870970587747818,0.3993833945886027,25,30,0
22,1347,0.0425528390514791,0.3993541525108428,0.15870961382916024,0.3993833946085197,25,30,0
22,1348,0.04231061541305186,0.3993541524767771,0.15895183807303148,0.39938339403713835,25,30,0
22,1349,0.042294438583228205,0.3987705941822033,0.15955157319782715,0.39938339403674106,25,30,0
22,1350,0.04229442096033733,0.3987706042153606,0.1595515807873908,0.39938339403691153,25,30,0
22,1351,0.04229144165427424,0.39877060421537797,0.15955169746771458,0.3993862566626332,25,30,0
22,1352,0.04229156688864657,0.3987703410667012,0.15955183538439652,0.39938625666025546,25,30,0
22,1353,0.04228759128598889,0.3987703410666657,0.1595452295410975,0.39939683810624815,25,30,0
22,1354,0.04228673034618269,0.3987713300287692,0.15954510152347887,0.39939683810156945,25,30,0
22,1355,0.042715278853930755,0.3987713300291658,0.1591165524819077,0.3993968386349963,25,30,0
22,1356,0.042714314882693706,0.3987713300291314,0.1591142752410975,0.39940007984707776,25,30,0
22,1357,0.04271422784243373,0.3993399935525837,0.15854569877988584,0.3994000798250966,25,30,0
22,1358,0.041678321663228976,0.3993400011836971,0.15958159839992972,0.39940007875314437,25,30,0
22,1359,0.041643453670745664,0.3998108093844143,0.15914565855152715,0.39940007839331215,25,30,0
22,1360,0.041654395865761966,0.39936386218667325,0.159581663540959,0.399400078406603,25,30,0
22,1361,0.04119437331258772,0.39936386218450454,0.15958132201770164,0.39986044248520286,25,30,0
22,1362,0.04119503771977417,0.3993638622629741,0.15958113549856942,0.3998599645186789,25,30,0
22,1363,0.04134764180022672,0.3838697495605532,0.17492264378369582,0.3998599648555223,25,30,0
22,1364,0.040893041606879565,0.38386951236215866,0.1753774813139776,0.3998599647169826,25,30,0
22,1365,0.040890062607428036,0.3838695123621851,0.17537748273940307,0.3998629422909822,25,30,0
22,1366,0.04088813620645587,0.38386951236211503,0.17537751664825282,0.3998648347831753,25,30,0
22,1367,0.04089108016465328,0.38386951236211536,0.1753774780890974,0.399861929384133,25,30,0
22,1368,0.040483907048703326,0.3838695123636516,0.17578465074494568,0.3998619298426984,25,30,0
22,1369,0.04072312707969795,0.3836300704906862,0.1757848720185525,0.39986193041106205,25,30,0
22,1370,0.04067585233601566,0.38367701174338575,0.17578520562892344,0.39986193029167383,25,30,0
22,1371,0.057178811535677915,0.3839737275806259,0.1589855304038075,0.39986193047988633,25,30,0
22,1372,0.0571790025711774,0.38400500453997766,0.15895406240883728,0.39986193048000535,25,30,0
22,1373,0.05741629411143573,0.3837676354027373,0.15895413998913413,0.3998619304966903,25,30,0
22,1374,0.05742318527694692,0.3837676354027454,0.15895422449370658,0.3998549548265992,25,30,0
22,1375,0.05742325294748393,0.38376763540276265,0.15895422526773612,0.3998548863820156,25,30,0
22,1376,0.057411340495793196,0.383767635402656,0.15895260116134247,0.39986842294020625,25,30,0
22,1377,0.057265725946568535,0.399286229377576,0.14357962208218603,0.3998684225936671,25,30,0
22,1378,0.05726794320106113,0.3992862293193176,0.1435773755385669,0.3998684519410519,25,30,0
22,1379,0.05686316049198661,0.3992862292521721,0.14397955698174933,0.39987105327408956,25,30,0
22,1380,0.05686011254277004,0.3992862292521719,0.1439817670176498,0.39987189118740557,25,30,0
22,1381,0.05685993723570919,0.3992862668662505,0.14398190471071443,0.39987189118732325,25,30,0
22,1382,0.056849030169676434,0.39971077496279095,0.14356830369358356,0.39987189117394645,25,30,0
22,1383,0.05684902897766076,0.39971077496279045,0.14356603958552827,0.3998741564740178,25,30,0
22,1384,0.056849087127543496,0.3997107749627836,0.1435660419971239,0.39987409591254625,25,30,0
22,1385,0.0559256070424924,0.399710776138471,0.14449202074345718,0.39987159607557676,25,30,0
22,1386,0.05592572976055986,0.3997107761384624,0.1444920207794696,0.3998714733215052,25,30,0
22,1387,0.055699030905863624,0.3999266145941735,0.14450288118614238,0.3998714733138177,25,30,0
22,1388,0.05570709947553306,0.39991848709965316,0.14450293996075284,0.399871473464058,25,30,0
22,1389,0.055707100695776834,0.39991848709965333,0.14450293929969665,0.39987147290487024,25,30,0
22,1390,0.05570014058872009,0.3999184870996183,0.14450285841763272,0.399878513894026,25,30,0
22,1391,0.05570318852732685,0.39991848709961814,0.14450285837209462,0.3998754660009578,25,30,0
22,1392,0.055703184862440774,0.399918628174299,0.14450272096234645,0.3998754660009118,25,30,0
22,1393,0.0570283131061146,0.399918626854515,0.14317772778777912,0.39987533225158933,25,30,0
22,1394,0.057009754548460176,0.3999186268531907,0.1431962873458454,0.39987533125250324,25,30,0
22,1395,0.057009861538213205,0.3999085737877443,0.1432062334165163,0.3998753312575264,25,30,0
22,1396,0.0570128217058733,0.3999085737877627,0.14320623478727476,0.3998723697190894,25,30,0
22,1397,0.05701289145489512,0.39990849395080014,0.14320624487504846,0.39987236971925655,25,30,0
22,1398,0.057009878923180636,0.3999115097911161,0.14320624156652895,0.39987236971917456,25,30,0
22,1399,0.057022844479939966,0.39991153831384807,0.14318541451013586,0.3998802026960753,25,30,0
22,1400,0.05702272169346211,0.3998801958677983,0.14321687974270628,0.3998802026960334,25,30,0
22,1401,0.05702273763506845,0.39988019586782536,0.1432169195697299,0.39988014692737617,25,30,0
22,1402,0.05702272260003598,0.3998801958678613,0.14321680372847015,0.39988027780363256,25,30,0
22,1403,0.05714934970152194,0.3998801673477113,0.1430934565212615,0.3998770264295038,25,30,0
22,1404,0.05714936601968404,0.399880167347712,0.143097870383277,0.3998725962493255,25,30,0
22,1405,0.05714955759806495,0.39988016734770393,0.14309795387548865,0.39987232117874094,25,30,0
22,1406,0.057156402337774664,0.3998801673477368,0.14309795379054677,0.3998654765239403,25,30,0
22,1407,0.057160170441583794,0.3998801612377343,0.14309419208162238,0.39986547623906094,25,30,0
22,1408,0.05716315017961067,0.399880161237743,0.14309418710311345,0.3998625014795341,25,30,0
22,1409,0.057145097909856064,0.3998668132640053,0.1431255874991507,0.39986250132698964,25,30,0
22,1410,0.05714196421529663,0.39986681326397805,0.1431255460587077,0.39986567646201915,25,30,0
22,1411,0.032947204448373374,0.3998677049893118,0.1673045603096532,0.39988053025266035,25,30,0
22,1412,0.03294713543653283,0.39984537918050445,0.16732695513030327,0.3998805302526592,25,30,0
22,1413,0.03294922069138655,0.3998745794205603,0.16729566963534614,0.3998805302527068,25,30,0
22,1414,0.0329491697000762,0.3998745794205687,0.16729566982690203,0.39988058105245305,25,30,0
22,1415,0.032938635510452306,0.3998734511421238,0.16730733230370276,0.3998805810437206,25,30,0
22,1416,0.03274956513621637,0.4000630718891072,0.16730678237766258,0.3998805805970129,25,30,0
22,1417,0.03275467416789698,0.4000579533733526,0.1673067918396419,0.39988058061910686,25,30,0
22,1418,0.03275265819990555,0.40005795337338723,0.16730679626831824,0.39988259215838723,25,30,0
22,1419,0.032754727317170405,0.40005795337334377,0.16730679176609548,0.3998805275433886,25,30,0
22,1420,0.0327517289668871,0.40005795337335337,0.16730679194306045,0.39988352571669744,25,30,0
22,1421,0.032615259560502964,0.40005795337182115,0.1674478402097675,0.3998789468579064,25,30,0
22,1422,0.01684065274424313,0.4000570618879204,0.18323812664247574,0.3998641587253586,25,30,0
22,1423,0.016840513099699493,0.4000570618879199,0.18323804252464707,0.39986438248773154,25,30,0
22,1424,0.016840567531050638,0.40008847295013217,0.18320657703099857,0.3998643824878166,25,30,0
22,1425,0.01684861184014001,0.4000884729507479,0.18320674373185927,0.3998561714772507,25,30,0
22,1426,0.016848718155809777,0.40008836970613126,0.18320674066072415,0.3998561714773334,25,30,0
22,1427,0.016850529840955343,0.4000861780836693,0.18320712061541666,0.3998561714599573,25,30,0
22,1428,0.016853578388257323,0.40008617808368696,0.18320712040158427,0.3998531231264698,25,30,0
22,1429,0.01685650281868397,0.40010564105084784,0.18318473298962942,0.3998531231408375,25,30,0
22,1430,0.01685647918006248,0.40012013827808574,0.18317025940138387,0.3998531231404662,25,30,0
22,1431,0.016863403057411536,0.4001201382781106,0.1831702632043684,0.39984619546010763,25,30,0
22,1432,0.016869671296844427,0.40012049356963814,0.18316363966874497,0.3998461954647695,25,30,0
22,1433,0.0168696002139992,0.4001206941428796,0.18316351017613616,0.39984619546698213,25,30,0
22,1434,0.016876557185393496,0.40012069414294094,0.1831590743491806,0.39984367432248247,25,30,0
22,1435,0.016873561044396662,0.40012344515589615,0.18315931947722133,0.39984367432248363,25,30,0
22,1436,0.016871493123008393,0.4001234451559306,0.1831593240757044,0.39984573764535425,25,30,0
22,1437,0.01687157604946356,0.4001349172989159,0.18314776900634908,0.3998457376452699,25,30,0
22,1438,0.016872555695253807,0.4001349172989502,0.18314785225954416,0.3998446747462501,25,30,0
22,1439,0.016867561335470228,0.4001349172989591,0.18314793532300291,0.399849586042566,25,30,0
22,1440,0.016864636589322805,0.4001373096320354,0.18314846774814428,0.39984958603049586,25,30,0
22,1441,0.05683023063905492,0.4001373096348022,0.14318287598494575,0.3998495837411962,25,30,0
22,1442,0.05681999845380761,0.4001369543432082,0.14319346346450657,0.39984958373847723,25,30,0
22,1443,0.017054215150956724,0.40150269201570765,0.18159344101532443,0.39984965181801224,25,30,0
22,1444,0.017051164387942894,0.40150592398175583,0.18159325981954919,0.39984965181075366,25,30,0
22,1445,0.017051216739320897,0.4015054888154751,0.18159364263437255,0.39984965181083304,25,30,0
22,1446,0.01705813680439376,0.40149857245231146,0.18159363892761982,0.3998496518156761,25,30,0
22,1447,0.01704809431671008,0.4014985724517404,0.18159347589282115,0.3998598573387288,25,30,0
22,1448,0.017048078317044427,0.4014989724309503,0.1815930919133145,0.3998598573386912,25,30,0
22,1449,0.017048237051743676,0.40149854440975213,0.18159336119245686,0.39985985734604745,25,30,0
22,1450,0.017047257022890828,0.4014985444097187,0.1815933566148244,0.3998608419525664,25,30,0
22,1451,0.017047307854277046,0.40149854440972627,0.18159335526091486,0.3998607924750822,25,30,0
22,1452,0.017047433166874137,0.4014984222715212,0.18159335208870173,0.3998607924729036,25,30,0
22,1453,0.01704734275117277,0.40026048858805824,0.18283137619526538,0.3998607924655043,25,30,0
22,1454,0.01705046273911867,0.40026548805488915,0.1828232567404239,0.39986079246556927,25,30,0
22,1455,0.017231415096045803,0.40026548805862,0.18282597611246454,0.3996771207328708,25,30,0
22,1456,0.017043559857154656,0.4002654880548628,0.18282337027907364,0.3998675818089101,25,30,0
22,1457,0.017040387515593346,0.40026866831122243,0.1828233623643592,0.39986758180882626,25,30,0
22,1458,0.017040388518058603,0.40026867610544564,0.18282335356286541,0.3998675818136315,25,30,0
22,1459,0.01704333054785115,0.40026573495379814,0.18282335268961197,0.39986758180873994,25,30,0
22,1460,0.017043294811431055,0.40026573495379003,0.1828233530972767,0.39986761713750335,25,30,0
22,1461,0.017041160586861344,0.401506149424091,0.18158507284686531,0.3998676171421836,25,30,0
22,1462,0.05297961958207767,0.4001404117840476,0.1470123716594465,0.3998675969744279,25,30,0
22,1463,0.052981329359061656,0.4001404250662101,0.14701068244897245,0.3998675631257549,25,30,0
22,1464,0.056825466675548365,0.4001404250292927,0.14316659353856212,0.3998675147565981,25,30,0
22,1465,0.05689023725279075,0.4001404250339668,0.14316687981565143,0.399802457897592,25,30,0
22,1466,0.05689237093537031,0.4001417697529115,0.14316343312253782,0.3998024261891813,25,30,0
22,1467,0.056891388461440755,0.40014176975285837,0.14316343037652532,0.3998034114091765,25,30,0
22,1468,0.05689536432263091,0.40015584227552425,0.14314538199033755,0.3998034114115061,25,30,0
22,1469,0.07646519490482631,0.39985911911104904,0.12387224151416465,0.3998034444699563,25,30,0
22,1470,0.07646328743645858,0.3998591191110508,0.12387884760637063,0.39979874584611663,25,30,0
22,1471,0.07639553830432817,0.3998591191063403,0.12387855914356445,0.399866783445764,25,30,0
22,1472,0.07978328803490489,0.3998591188762137,0.1204908274808564,0.3998667656080219,25,30,0
22,1473,0.07980929509233209,0.39985946849664755,0.12046447079970184,0.39986676561131546,25,30,0
22,1474,0.07980237500216032,0.3998667777659871,0.12046408162274343,0.39986676560910617,25,30,0
22,1475,0.07944391682230796,0.39986677776866186,0.12082253937052424,0.3998667660385032,25,30,0
22,1476,0.0794438810848092,0.3998357083685079,0.12085364451046521,0.39986676603621485,25,30,0
22,1477,0.07944295314979401,0.39983570836848237,0.12085356287286243,0.3998677756088582,25,30,0
22,1478,0.07944293622946913,0.3998357083684735,0.12086005078849958,0.3998613046135551,25,30,0
22,1479,0.07944293648360061,0.39983570836847365,0.12086005031828292,0.39986130482964,25,30,0
22,1480,0.07990834197252211,0.39982129334875033,0.12040905952895244,0.3998613051497732,25,30,0
22,1481,0.07990438376576209,0.39982524583736834,0.1204090652470076,0.39986130514986035,25,30,0
22,1482,0.0799044019559645,0.39982524583736867,0.12040906549273751,0.3998612867139276,25,30,0
22,1483,0.07990226096539199,0.3998273859628626,0.12040906635322525,0.3998612867185184,25,30,0
22,1484,0.07989926364161665,0.3998303819799953,0.12040906766705489,0.39986128671133137,25,30,0
22,1485,0.07989533565014059,0.3998303819799604,0.12040906357973323,0.39986521879016407,25,30,0
22,1486,0.079895403653123,0.39983038197993304,0.12040906419695614,0.39986515016998647,25,30,0
22,1487,0.07989836312935032,0.39982741906421265,0.12040906763424117,0.39986515017219415,25,30,0
22,1488,0.07989831056566575,0.3998274190642214,0.12040906781614068,0.3998652025539705,25,30,0
22,1489,0.07834768865468496,0.39982741902836927,0.12195969713784495,0.39986519517909946,25,30,0
22,1490,0.07834481650859047,0.39983026709919534,0.12195972121302535,0.39986519517918745,25,30,0
22,1491,0.078347796841659,0.39983653858300405,0.12195046939603024,0.39986519517930497,25,30,0
22,1492,0.07835869508230035,0.39983653858306556,0.12195047510236048,0.3998542912322719,25,30,0
22,1493,0.07835869694547185,0.39983653858306617,0.12195047512655606,0.3998542893449042,25,30,0
22,1494,0.07837353393178828,0.39983653858315416,0.12195048438570823,0.39983944309934755,25,30,0
22,1495,0.07838052380741971,0.3998365385831984,0.12194388505184324,0.399839052557537,25,30,0
22,1496,0.07837863160388307,0.3998365385831555,0.12194379703286762,0.3998410327800923,25,30,0
22,1497,0.07934463450604187,0.39983518090602743,0.12097878737210899,0.3998413972158209,25,30,0
22,1498,0.07934060498970116,0.39983518090599224,0.12098538681811416,0.3998388272861915,25,30,0
22,1499,0.07097630403676014,0.3998351809473625,0.12934942430374435,0.3998390907121332,25,30,0
22,1500,0.07097630528380298,0.3998575786199876,0.1293270253842417,0.3998390907119676,25,30,0
22,1501,0.07098442317861271,0.39985757862105087,0.1293270574157489,0.3998309407845872,25,30,0
22,1502,0.07970467649172877,0.39985757858034143,0.12060706755260084,0.39983067737532774,25,30,0
22,1503,0.07971463073562526,0.3998575785819111,0.120602064244315,0.399825726438147,25,30,0
22,1504,0.07969972572389251,0.3998575785818053,0.12060205368565287,0.3998406420086478,25,30,0
22,1505,0.07922743840790945,0.39985757866102,0.12107434124449645,0.39984064168657285,25,30,0
22,1506,0.07922651143262718,0.399858515343041,0.12107433154018117,0.3998406416841498,25,30,0
22,1507,0.07922640518828548,0.39985824210828363,0.12107471101919419,0.39984064168423566,25,30,0
22,1508,0.07922640425834886,0.39985824210828363,0.1210747109806706,0.3998406426526958,25,30,0
22,1509,0.07906038011947206,0.3998582434818745,0.12124109328043131,0.3998402831182213,25,30,0
22,1510,0.07906038195398525,0.399858243481875,0.12124121004886429,0.39984016451527443,25,30,0
22,1511,0.07905324586867335,0.3998582434808761,0.12124132839398208,0.39984718225646754,25,30,0
22,1512,0.07905336525157484,0.39985757820182094,0.1212418742900545,0.39984718225654864,25,30,0
22,1513,0.07905425977753475,0.3998575782018371,0.12124187589643856,0.3998462861241881,25,30,0
22,1514,0.07905720142794047,0.39985806545345426,0.12123844699943978,0.3998462861191643,25,30,0
22,1515,0.07905916735628764,0.39985806545339014,0.1212382986713152,0.39984446851900574,25,30,0
22,1516,0.07905927434475507,0.399858065453373,0.12123169456111654,0.39985096564075434,25,30,0
22,1517,0.07905932926150999,0.3986190282010115,0.12247067658459088,0.3998509659528854,25,30,0
22,1518,0.07905926399610644,0.39862956333376137,0.12246020671256778,0.3998509659575624,25,30,0
22,1519,0.07906219035965234,0.39862702183814686,0.12245982184943506,0.39985096595276365,25,30,0
22,1520,0.07906206728946151,0.39862702183815524,0.12245982211186077,0.3998510887605206,25,30,0
22,1521,0.07906603241915433,0.3986006567432208,0.12248222207713633,0.39985108876048664,25,30,0
22,1522,0.07906401293489196,0.3986006567432465,0.1224822228588253,0.39985310746303426,25,30,0
22,1523,0.07906415831154301,0.3985892621783234,0.12249347204696909,0.3998531074631625,25,30,0
22,1524,0.0790750723864923,0.39857815048251477,0.12249366966060168,0.39985310747038894,25,30,0
22,1525,0.07907815252184482,0.3985781504825328,0.12249355713937189,0.3998501398562482,25,30,0
22,1526,0.07913710166554914,0.39851917480192744,0.12249358325506901,0.3998501402774521,25,30,0
22,1527,0.07914405757896514,0.39851917480197957,0.12249358722125209,0.39984318039780076,25,30,0
22,1528,0.07907718873576922,0.39858626115194795,0.12249337014520797,0.3998431799670723,25,30,0
22,1529,0.11767855602880083,0.39858626781073153,0.08386736158388743,0.3998678145765792,25,30,0
22,1530,0.11768147989631204,0.3998223266919226,0.08262837914502016,0.3998678142667443,25,30,0
22,1531,0.117682128679283,0.39982232672538104,0.08262773003896823,0.39986781455636683,25,30,0
22,1532,0.11768202214226736,0.39983005847384634,0.08262010482271702,0.3998678145611684,25,30,0
22,1533,0.11767988529118759,0.3998300584738541,0.0826201070378923,0.39986994919706503,25,30,0
22,1534,0.11765534268691051,0.399849279332627,0.08262542878195978,0.39986994919850183,25,30,0
22,1535,0.11095346036693358,0.3998492794343555,0.08932621250938926,0.39987104768932114,25,30,0
22,1536,0.11094250757036175,0.399849279434285,0.08932620664104186,0.39988200635431126,25,30,0
22,1537,0.11094256468545571,0.39984922275758294,0.08932620620513601,0.39988200635182525,25,30,0
22,1538,0.11093963794459383,0.39984922275760937,0.08932620958259996,0.39988492971519674,25,30,0
22,1539,0.11093871176733146,0.3998492227575747,0.08932620805075357,0.39988585742434,25,30,0
22,1540,0.11093559391724513,0.3998528934904395,0.08932565516805749,0.39988585742425714,25,30,0
22,1541,0.11093561302236146,0.39985313004907347,0.08932539950205232,0.3998858574265124,25,30,0
22,1542,0.11139672492241263,0.3989607846684384,0.08975663296580975,0.39988585744333904,25,30,0
22,1543,0.1120234271163012,0.3989608554663659,0.08912611186893318,0.39988960554839964,25,30,0
22,1544,0.11202342499150292,0.3989608554663665,0.08912611041902586,0.39988960912310484,25,30,0
22,1545,0.11202438868111887,0.39896085546640114,0.08912611230741044,0.3998886435450696,25,30,0
22,1546,0.11202059891741413,0.3989870477506992,0.08910370979141691,0.39988864354046977,25,30,0
22,1547,0.11149375673133603,0.3989870477196492,0.0896305523696837,0.3998886431793311,25,30,0
22,1548,0.11153274551677875,0.3989870391406722,0.08961620859943299,0.39986400674311606,25,30,0
22,1549,0.11153474374403734,0.3989870391406462,0.08961620419430004,0.39986201292101603,25,30,0
22,1550,0.1115318708927255,0.39898990029407705,0.08961621588482456,0.3998620129283722,25,30,0
22,1551,0.1115318183067439,0.3989899529466869,0.08961621581823524,0.39986201292833295,25,30,0
22,1552,0.11152582738156776,0.3989899529466785,0.0896162144924144,0.39986800517933846,25,30,0
22,1553,0.11152584369325372,0.398989929005052,0.08961622212205901,0.3998680051796346,25,30,0
22,1554,0.11158970573633203,0.39898992900726027,0.08961641159866901,0.39980395365773824,25,30,0
22,1555,0.11158975860920277,0.3989899290072516,0.08961641144706496,0.3998039009364801,25,30,0
22,1556,0.1115917734158611,0.39898992900722546,0.08961640859236489,0.39980188898454777,25,30,0
22,1557,0.1115950495283512,0.3990037985861943,0.08959926268292523,0.3998018892025288,25,30,0
22,1558,0.11159356703551192,0.39898422799758704,0.06068707240635913,0.42873513256054346,25,30,0
22,1559,0.11159658014377212,0.39898120053975616,0.06068708675346613,0.42873513256300677,25,30,0
22,1560,0.11159656512768311,0.3989706203329028,0.06069768197648116,0.4287351325629347,25,30,0
22,1561,0.11159562872780451,0.3989713414732965,0.06069789722628099,0.4287351325726195,25,30,0
22,1562,0.11205174471006833,0.3989713414755087,0.06069816556646562,0.42827874824795864,25,30,0
22,1563,0.11206024029288919,0.39897134147605556,0.04964383060661216,0.43932458762444354,25,30,0
22,1564,0.11213128471391019,0.3989588056413376,0.049585322188576274,0.43932458745617653,25,30,0
22,1565,0.1121392802694023,0.39895077668010115,0.049585355313040445,0.43932458773745636,25,30,0
22,1566,0.1120844467237368,0.3989507766780011,0.0495851765660346,0.4393796000322279,25,30,0
22,1567,0.11208744013013511,0.39895877502510857,0.049574184810292986,0.4393796000344637,25,30,0
22,1568,0.11215521728236479,0.3989587750277794,0.04957443426176242,0.43931157342809385,25,30,0
22,1569,0.11169904813530035,0.3989587750255757,0.049574247829647394,0.4397679290094769,25,30,0
22,1570,0.07525455630227545,0.3989587762241324,0.08601872380972889,0.4397679436638623,25,30,0
22,1571,0.07525251362828635,0.3989610401649034,0.08601850255250905,0.4397679436543002,25,30,0
22,1572,0.07525550891227306,0.3989610401648945,0.0860185030811642,0.4397649478416672,25,30,0
22,1573,0.07525252583380795,0.3989640160589708,0.0860185102677003,0.4397649478395198,25,30,0
22,1574,0.07525254434264063,0.3989640160589982,0.0860185117410116,0.43976492785734855,25,30,0
22,1575,0.07524324174274119,0.3989640160584166,0.08601840618519307,0.43977433601364807,25,30,0
22,1576,0.0752402977902467,0.3989640160584172,0.08601832442947487,0.43977736172186027,25,30,0
22,1577,0.07524023936152074,0.39897533269140667,0.08600706622522017,0.43977736172185244,25,30,0
22,1578,0.037981170404894384,0.3989753326812769,0.12326613805211498,0.4397773588617128,25,30,0
22,1579,0.03798024298386156,0.3989753326812419,0.12326613502878084,0.4397782893061152,25,30,0
22,1580,0.03798316972474776,0.39897533268121477,0.12326613161409031,0.43977536597994693,25,30,0
22,1581,0.03798318785527077,0.3989753326812769,0.12326621434032888,0.43977526512312326,25,30,0
22,1582,0.03798611822721563,0.39897130936493214,0.12326730729441789,0.4397752651134344,25,30,0
22,1583,0.03799303862363788,0.3989713093649678,0.12326731286208485,0.4397683391493095,25,30,0
22,1584,0.0379900592520741,0.39897429508714866,0.1232673065137637,0.4397683391470135,25,30,0
22,1585,0.03799604841131804,0.3989679231606793,0.12326768928095098,0.43976833914705177,25,30,0
22,1586,0.03799617229746915,0.39896792316067026,0.12326769057920725,0.4397682139626533,25,30,0
22,1587,0.03799310652308983,0.39897044781199925,0.12326823170710138,0.4397682139578093,25,30,0
22,1588,0.03799210772245853,0.3989704478119371,0.12326822720716493,0.43976921725843915,25,30,0
22,1589,0.03798909500004273,0.3989734601731741,0.12326822756842454,0.4397692172583584,25,30,0
22,1590,0.03798213704195542,0.39897346017312996,0.12326822238037324,0.4397761804045411,25,30,0
22,1591,0.037987430496570836,0.39896838022196657,0.1232680086275018,0.43977618065396057,25,30,0
22,1592,0.03797835106730686,0.3989683802218667,0.12326808061430816,0.439785188096518,25,30,0
22,1593,0.03797915827130353,0.398968380221874,0.12327026104722577,0.43978220045959654,25,30,0
22,1594,0.03520704167893828,0.398968379023457,0.12604239245583368,0.43978218684177134,25,30,0
22,1595,0.03513928183849685,0.39896837902079574,0.12604214370569466,0.43985019543501297,25,30,0
22,1596,0.03513928213512533,0.3989683790207959,0.12604225963698265,0.4398500792070964,25,30,0
22,1597,0.03514638025337344,0.3989683790208318,0.1260422633104243,0.43984297741537054,25,30,0
22,1598,0.0353284819122149,0.39896703660391103,0.12586150380543537,0.4398429776784392,25,30,0
22,1599,0.03532438542399458,0.39896703660388433,0.12586150165391582,0.43984707631820574,25,30,0
22,1600,0.03531909355083764,0.39897227741349167,0.12586155296679818,0.43984707606887286,25,30,0
22,1601,0.0353211071713443,0.3989706412919844,0.1258611754629956,0.439847076073676,25,30,0
22,1602,0.035324104762928354,0.3972495813438073,0.12757923781983696,0.4398470760734257,25,30,0
22,1603,0.03532117641241418,0.3972495813438347,0.12757923587526535,0.4398500063684841,25,30,0
22,1604,0.035321280386250806,0.3972495813438717,0.12757912221582374,0.4398500160540517,25,30,0
22,1605,0.03532128067181104,0.3972490277284513,0.1275796755457657,0.43985001605396973,25,30,0
22,1606,0.035324384219895505,0.3972459163649555,0.12757968336117773,0.4398500160539696,25,30,0
22,1607,0.04332508329696501,0.3972458454252529,0.11958390973613967,0.4398451615416406,25,30,0
22,1608,0.04309524929011038,0.39724584542172053,0.11981374500853892,0.4398451602796294,25,30,0
22,1609,0.04309523148541708,0.39724584542171953,0.11981374490069882,0.43984517819216346,25,30,0
22,1610,0.043162926810605774,0.3972458454248613,0.11981397440519313,0.4397772533593387,25,30,0
22,1611,0.04316292673432924,0.39724584542486147,0.11981389327122699,0.43977733456958157,25,30,0
22,1612,0.0431590016047439,0.39725016701566124,0.11981349681477237,0.43977733456482143,25,30,0
22,1613,0.04316099886905673,0.3972501670156352,0.11981119958118981,0.4397776345341173,25,30,0
22,1614,0.04323082895735779,0.3971799302390591,0.11981160583899002,0.4397776349645923,25,30,0
22,1615,0.04323086138525468,0.39717993023904974,0.11981160380143831,0.4397776045742564,25,30,0
22,1616,0.04322784951571867,0.39718294663761666,0.11981159926976791,0.43977760457689574,25,30,0
22,1617,0.043224904036786686,0.3971829466376164,0.11981160129631199,0.4397805480292842,25,30,0
22,1618,0.043216980200642914,0.3971829466360281,0.11981002824445242,0.4397900449188758,25,30,0
22,1619,0.0412287375759921,0.3971829477599878,0.12179826660810951,0.4397900480559094,25,30,0
22,1620,0.04122872009443136,0.3971829477601122,0.12179827706637507,0.4397900550790804,25,30,0
22,1621,0.04147897461743615,0.3969320433878359,0.1217989268934221,0.4397900551013049,25,30,0
22,1622,0.041475993187372814,0.3969320433878534,0.12179892767753987,0.43979303574723294,25,30,0
22,1623,0.041474031409308096,0.39692315687408836,0.12180977597188032,0.43979303574472245,25,30,0
22,1624,0.04147101735075185,0.39692315687403545,0.12180969347511673,0.4397961323000953,25,30,0
22,1625,0.04147108679553969,0.39693395028948514,0.12179883061721358,0.43979613229776077,25,30,0
22,1626,0.04146809189153388,0.396933950289343,0.12179893518588869,0.43979902263323367,25,30,0
22,1627,0.0414680872384527,0.3969199084341791,0.12181298169413975,0.43979902263322784,25,30,0
22,1628,0.041455516791920805,0.3969199084322119,0.12182555228697972,0.4397990224888884,25,30,0
22,1629,0.04145644731553928,0.3969199084322554,0.12182555519611613,0.43979808905609025,25,30,0
22,1630,0.041455378330645776,0.39693611586544414,0.12181041673825513,0.43979808906565565,25,30,0
22,1631,0.041456535874365104,0.396936115865463,0.1218104200756443,0.4397969281845281,25,30,0
22,1632,0.04145969128024316,0.396933375819375,0.1218100047035062,0.43979692819687644,25,30,0
22,1633,0.04145976268071335,0.39693337581941085,0.12180989095173243,0.4397969705481441,25,30,0
22,1634,0.04100164753187592,0.3977912494835239,0.12141013244847748,0.43979697053612304,25,30,0
22,1635,0.03595300021053882,0.3977912556036634,0.12645853852336786,0.4397972056624282,25,30,0
22,1636,0.035953788653875364,0.3977912556036707,0.12645854202902776,0.4397964137134248,25,30,0
22,1637,0.035950806577481405,0.3995048214838794,0.12474795822493796,0.43979641371369993,25,30,0
22,1638,0.035954784532463986,0.39950482148390565,0.12474796059496547,0.4397924333886643,25,30,0
22,1639,0.03594365411302777,0.39950513215267536,0.12475878062703667,0.43979243310725946,25,30,0
22,1640,0.035873819878960614,0.37375875841479067,0.15057498902951985,0.4397924326767288,25,30,0
22,1641,0.03587702596998859,0.33433462358895677,0.18999591776407068,0.4397924326769819,25,30,0
22,1642,0.0358770262783682,0.33433774990382104,0.18999279114074008,0.43979243267706847,25,30,0
22,1643,0.03587799220301404,0.3343442661236803,0.18998530899175356,0.4397924326815501,25,30,0
22,1644,0.04173050286700262,0.3343442681121853,0.18413278889201617,0.4397924401287924,25,30,0
22,1645,0.04172738356419699,0.3343473806572606,0.18413279565966856,0.43979244011887,25,30,0
22,1646,0.04172529989503108,0.3343473806572871,0.18413285092928752,0.4397944685183907,25,30,0
22,1647,0.05741005959529866,0.3343473804892023,0.16844807402074255,0.43979448589475256,25,30,0
22,1648,0.057466083353032375,0.3342912689643364,0.1684481617826242,0.4397944859000031,25,30,0
22,1649,0.05746215824898238,0.3342912689643014,0.16844816024441278,0.4397984125422997,25,30,0
22,1650,0.057459161522593984,0.3343251908193016,0.1684172351203429,0.43979841253775814,25,30,0
22,1651,0.06250805261247028,0.3343251876439847,0.16336578742824728,0.4398009723152942,25,30,0
22,1652,0.06251113699564584,0.3343296876808285,0.16335820300826703,0.4398009723152549,25,30,0
22,1653,0.04686764820740017,0.3343296876442394,0.1790017067685793,0.43980095737977726,25,30,0
22,1654,0.046866629723888435,0.33432968764431004,0.17900171189808625,0.4398019707337113,25,30,0
22,1655,0.046881535913850546,0.334314901292593,0.1790015920478196,0.43980197074573274,25,30,0
22,1656,0.04694529509317854,0.33375036578204714,0.17950236808158399,0.43980197104318647,25,30,0
22,1657,0.046944159710009134,0.3337503657820283,0.17950236424067317,0.4398031102672858,25,30,0
22,1658,0.041561076657033874,0.33375036383048906,0.18488544817932567,0.43980311133314887,25,30,0
22,1659,0.04156102037088087,0.33375041440496866,0.18488545389368105,0.4398031113304674,25,30,0
22,1660,0.04156707969091733,0.33375041440497827,0.1848854560416918,0.43979704986241075,25,30,0
22,1661,0.04156811523024343,0.3337504144049079,0.18488544974881227,0.4397960206160342,25,30,0
22,1662,0.041321784630251476,0.333997391364586,0.18488480340421,0.4397960206009507,25,30,0
22,1663,0.04131885983807884,0.33399739136463935,0.18488480531964954,0.43979894347763043,25,30,0
22,1664,0.041263907604717515,0.33405205023700724,0.18488509869541184,0.4397989434628613,25,30,0
22,1665,0.04126292853117215,0.33405205023697276,0.18488509566571754,0.43979992556613534,25,30,0
22,1666,0.04126280455260096,0.33405231313095773,0.18488495674316488,0.4397999255732742,25,30,0
22,1667,0.041262788278063026,0.3340523307884832,0.18488495536740593,0.4397999255660457,25,30,0
22,1668,0.04125982633082221,0.3340523307884832,0.1848849551229678,0.43980288775772464,25,30,0
22,1669,0.04121421925282363,0.33405233079427155,0.18493056450384313,0.43980288544905916,25,30,0
22,1670,0.04114729262578101,0.3340526882000404,0.18499713401783982,0.4398028851563373,25,30,0
22,1671,0.03769901814977842,0.33405268535334653,0.1884481697784552,0.439800126718417,25,30,0
22,1672,0.03977202792867531,0.3340527251697415,0.18637512307631154,0.43980012382526956,25,30,0
22,1673,0.06230051790548252,0.33405272556742377,0.16384627836551424,0.4398004781615761,25,30,0
22,1674,0.060034889401437114,0.33405268463369353,0.1661119482898377,0.43980047767502817,25,30,0
22,1675,0.060090702691830644,0.3339966597733672,0.16611215944356603,0.439800478091233,25,30,0
22,1676,0.060093701385573885,0.3339966597733588,0.1661121573413161,0.4397974814997483,25,30,0
22,1677,0.06009387663125582,0.3339966597733857,0.16611223960139274,0.4397972239939629,25,30,0
22,1678,0.060099745534187274,0.33399665977339305,0.16611223925155166,0.4397913554408652,25,30,0
22,1679,0.06010572366650293,0.33399028787383683,0.16611263301887397,0.4397913554407835,25,30,0
22,1680,0.06010870301591817,0.33399028787381946,0.1661126337101693,0.43978837540009047,25,30,0
22,1681,0.060108744252553165,0.3339902878738286,0.16611263318429695,0.4397883346893186,25,30,0
22,1682,0.07691926058186282,0.33399028800750147,0.14930245465377223,0.43978799675686125,25,30,0
22,1683,0.07691930723760956,0.33399028800752845,0.14930245589647312,0.43978794885838673,25,30,0
22,1684,0.07715945804691118,0.33399028801068326,0.14930271929221584,0.4395475346501875,25,30,0
22,1685,0.07715950827278809,0.33399028801066544,0.1493027200067864,0.43954748370975805,25,30,0
22,1686,0.0771745451024749,0.33399028801274333,0.1493027317197939,0.43953243516498575,25,30,0
22,1687,0.07717742056525034,0.33398685904130937,0.1493032852284067,0.43953243516503193,25,30,0
22,1688,0.0771744969287016,0.33395832370754897,0.14933474419857515,0.4395324351651724,25,30,0
22,1689,0.07716764290493655,0.3339654346005036,0.14933448733406438,0.4395324351604937,25,30,0
22,1690,0.07610211192723577,0.3339654340321293,0.15040004305811494,0.4395324109825181,25,30,0
22,1691,0.07610207626809118,0.3339653099650065,0.15040020278438493,0.43953241098251544,25,30,0
22,1692,0.07610209501621552,0.33396528794608193,0.15040020604310994,0.43953241099459056,25,30,0
22,1693,0.07610505360561345,0.3339649304550787,0.15039760494969498,0.4395324109896116,25,30,0
22,1694,0.08662277849582509,0.3339651863264479,0.1398796241712613,0.43953241100646395,25,30,0
22,1695,0.08662062731927617,0.33396518632646455,0.13987965492206922,0.43953453143218835,25,30,0
22,1696,0.0866235015038692,0.3339624461639666,0.13987952089763384,0.4395345314345288,25,30,0
22,1697,0.08638333160408215,0.333962446160812,0.13987925799887566,0.4397749642362288,25,30,0
22,1698,0.08638643426235396,0.35976510093379355,0.1140735005676127,0.4397749642362389,25,30,0
22,1699,0.10687656127017026,0.35976510095242875,0.09358336594910138,0.4397749718282992,25,30,0
22,1700,0.10687655952995356,0.35976455910539984,0.09358390954361656,0.4397749718210294,25,30,0
22,1701,0.10687857053236428,0.35976455910535543,0.09358387671790674,0.439772993644373,25,30,0
22,1702,0.10687863824394929,0.35976455910535565,0.09358387865748796,0.43977292399320644,25,30,0
22,1703,0.10681283522193788,0.359764559102257,0.09367591844547805,0.4397466872303263,25,30,0
22,1704,0.10681577388921693,0.35979308821959416,0.09364445065615914,0.43974668723502947,25,30,0
22,1705,0.10686180535621125,0.35979308822013223,0.13013041551132257,0.40321469091233353,25,30,0
22,1706,0.10685874326148989,0.359197098717255,0.1307294671041539,0.40321469091710077,25,30,0
22,1707,0.10685480021047786,0.3591970987172475,0.1307293838554626,0.40321871721681196,25,30,0
22,1708,0.12609575961437514,0.35919709869533245,0.11148842526895468,0.40321871642133766,25,30,0
22,1709,0.1260957982042892,0.3591970986958784,0.1114884244321393,0.40321867866769295,25,30,0
22,1710,0.12609285580032403,0.3591992615852999,0.11148920394902068,0.4032186786653553,25,30,0
22,1711,0.12602532940055633,0.3592561742176791,0.11149981814680665,0.4032186782349576,25,30,0
22,1712,0.12602625831572273,0.35925602779880966,0.11149903564099012,0.4032186782444771,25,30,0
22,1713,0.12603023451705275,0.35925260053901087,0.11149848669478937,0.4032186782491463,25,30,0
22,1714,0.12603017940365654,0.3592526005390013,0.11149848580583573,0.40321873425150556,25,30,0
22,1715,0.12603018003157584,0.3592526005390013,0.11149848697230626,0.4032187324571158,25,30,0
22,1716,0.1260556669473434,0.35925260054164865,0.11486244576382176,0.3998292867471866,25,30,0
22,1717,0.12605565083375983,0.35925261733267033,0.1148624450888456,0.3998292867447244,25,30,0
22,1718,0.12605852646750312,0.35985965260851877,0.11425253418410028,0.3998292867398777,25,30,0
22,1719,0.12605455070180185,0.35985965260847474,0.11425252914299996,0.3998332675467233,25,30,0
22,1720,0.12605160749351912,0.35985965260847486,0.11425261162767823,0.399836128270328,25,30,0
22,1721,0.1260476329158895,0.3598636210327592,0.11425261778812386,0.3998361282632277,25,30,0
22,1722,0.12604468735957128,0.35983510374538663,0.11428408062951738,0.399836128265525,25,30,0
22,1723,0.12604268785858277,0.3598365304464899,0.11428465342464073,0.3998361282702868,25,30,0
22,1724,0.1260537234204821,0.3598365304465609,0.11428466147832227,0.39982508465463495,25,30,0
22,1725,0.12605170918289907,0.3598276552779964,0.1142955508820847,0.3998250846570201,25,30,0
22,1726,0.12605170828300105,0.35982765527799626,0.11429555019268904,0.3998250862463138,25,30,0
22,1727,0.12605179682899276,0.35982811494870814,0.11429500183061625,0.39982508639168285,25,30,0
22,1728,0.12605092069919033,0.3598293850320885,0.11429460787699502,0.3998250863917261,25,30,0
22,1729,0.10363377828406586,0.35982950968011596,0.1366782275621629,0.3998584844736557,25,30,0
22,1730,0.10363076731676929,0.3598295096801071,0.13667825534903166,0.3998614676540923,25,30,0
22,1731,0.10363075220908927,0.35982968785836944,0.13667809228091526,0.39986146765162645,25,30,0
22,1732,0.10363371092339298,0.35982968785780634,0.13667809086888022,0.3998585103499206,25,30,0
22,1733,0.10363658378483574,0.3598296878577618,0.1366780876408512,0.3998556407165519,25,30,0
22,1734,0.10363646192749135,0.3598296878577703,0.13667808582739416,0.3998557643873448,25,30,0
22,1735,0.10363443070268198,0.3598296878577967,0.13668469168427005,0.399851189755252,25,30,0
22,1736,0.10387401180409295,0.3595587989503635,0.13671599919835015,0.399851190047194,25,30,0
22,1737,0.10387107143589537,0.3595393334420845,0.1367384052199314,0.39985118990208934,25,30,0
22,1738,0.10387126963168457,0.3595393334420768,0.13673844726183723,0.3998509496644021,25,30,0
22,1739,0.1040628331944044,0.35954197669939064,0.13654424010173424,0.3998509500044713,25,30,0
22,1740,0.10406090738846181,0.3595419766993208,0.1364520373663814,0.3999450785458367,25,30,0
22,1741,0.10406183604958485,0.35893236154548724,0.13706072385670467,0.3999450785482241,25,30,0
22,1742,0.10406185236823978,0.3589638109726211,0.1370292581131286,0.39994507854601125,25,30,0
22,1743,0.10404974271361699,0.3589638109705165,0.13703078876258717,0.39995565755328,25,30,0
22,1744,0.10404847581485126,0.3589759136811721,0.13701995293165045,0.399955657572326,25,30,0
22,1745,0.10404843727513415,0.3589759136811638,0.1370200407158574,0.3999556083278443,25,30,0
22,1746,0.1042839214759506,0.3593192953739143,0.1364411743936689,0.39995560875646546,25,30,0
22,1747,0.10428693353080158,0.35931929537392354,0.1364410940125689,0.39995267708270504,25,30,0
22,1748,0.10428593504929343,0.3593192953738705,0.13643448593389806,0.39996028364293706,25,30,0
22,1749,0.10428283302248394,0.35931929537387014,0.13643448892928983,0.39996338267435533,25,30,0
22,1750,0.1042809186898649,0.35931929537390705,0.1364344522523605,0.399965333683867,25,30,0
22,1751,0.10428609385524186,0.35931929537497054,0.13643448478863726,0.39996012598115,25,30,0
22,1752,0.10404945594188783,0.3595874256077402,0.13640299276592718,0.3999601256844446,25,30,0
22,1753,0.09360042719856626,0.3986446291619678,0.10779481273571725,0.3999601309037491,25,30,0
22,1754,0.09360144461210812,0.39860443176909177,0.1078339927319585,0.399960130886842,25,30,0
22,1755,0.09357781485378722,0.39860443176597377,0.10785637916519944,0.39996137421504085,25,30,0
22,1756,0.09358476989694318,0.39860443176601706,0.10785638167097188,0.39995441666606907,25,30,0
22,1757,0.09358478620627741,0.398604431766022,0.10786298764020931,0.3999477943874921,25,30,0
22,1758,0.09353719569513645,0.39860443176600574,0.10797917588589322,0.3998791966529654,25,30,0
22,1759,0.07597113235707681,0.39860431154852827,0.1255787435903104,0.39984581250408335,25,30,0
22,1760,0.0757348320192655,0.39884840365184504,0.12557095225782414,0.39984581207106423,25,30,0
22,1761,0.07573483323914547,0.39884840236334634,0.12557095231453555,0.399845812082971,25,30,0
22,1762,0.07573367469085986,0.3988484023633262,0.12557094958533313,0.3998469733604793,25,30,0
22,1763,0.07577421837864662,0.3988484023637558,0.13181247188259243,0.3935649073750035,25,30,0
22,1764,0.07577705654897787,0.39884840236378044,0.13180963380844354,0.3935649072787966,25,30,0
22,1765,0.0757770396357584,0.39884842325146613,0.13180962983405997,0.39356490727871424,25,30,0
22,1766,0.07578391977053855,0.3988639509480628,0.13178722199818654,0.39356490728321025,25,30,0
22,1767,0.07577987388412696,0.39886800019161717,0.13178721864350873,0.3935649072807453,25,30,0
22,1768,0.07579093741108628,0.3988567114562311,0.13178744385146995,0.3935649072812108,25,30,0
22,1769,0.07579099788021906,0.39885626465743584,0.1317878301790448,0.3935649072832985,25,30,0
22,1770,0.07578807078431671,0.3988591750746414,0.1317878468600376,0.3935649072810024,25,30,0
22,1771,0.07578990059986662,0.3988792047917537,0.13176598731805703,0.39356490729032073,25,30,0
22,1772,0.07579210671518885,0.39887699196165577,0.1317659940422728,0.39356490728088117,25,30,0
22,1773,0.07578911174623384,0.398879979105383,0.13176600186511706,0.39356490728326493,25,30,0
22,1774,0.07584417701068208,0.3988640321960644,0.13172688349994,0.39356490729331206,25,30,0
22,1775,0.07583613960909061,0.39886403219600197,0.13172687561628824,0.39357295257861774,25,30,0
22,1776,0.07583216340170112,0.3988640321959677,0.13172687359012042,0.39357693081220957,25,30,0
22,1777,0.07583211104505706,0.3988640321959685,0.13172695414266913,0.39357690261630424,25,30,0
22,1778,0.07564209562202312,0.3988613899467952,0.1319196074421541,0.3935769069890267,25,30,0
22,1779,0.07564507461129724,0.3988613899473484,0.13191954121556393,0.3935739942257897,25,30,0
22,1780,0.07564207770737977,0.39886138994739534,0.1319179193237094,0.39357861302151526,25,30,0
22,1781,0.07564106091310487,0.39886138994745673,0.13191792134834285,0.39357962779109523,25,30,0
22,1782,0.075652274749498,0.39887523225799076,0.13189171486817805,0.3935807781243328,25,30,0
22,1783,0.07558345640774836,0.39980356229850267,0.13103220840328317,0.39358077289046567,25,30,0
22,1784,0.07557266486322828,0.3997897156289305,0.13105799702597662,0.3935796224818644,25,30,0
22,1785,0.07557264685857205,0.39978971562842164,0.13105961083774387,0.3935780266752623,25,30,0
22,1786,0.07556975483922089,0.3997897156283951,0.13105799601852405,0.39358253351385974,25,30,0
22,1787,0.07556973889063646,0.3997897156283905,0.13105141924903252,0.39358912623194037,25,30,0
22,1788,0.07563639867165456,0.3997897155599468,0.10159566301503858,0.4229782227533599,25,30,0
22,1789,0.07563658805637849,0.39978971555993886,0.10159566439338828,0.42297803199029427,25,30,0
22,1790,0.07569173840692361,0.3997897155600164,0.10154051443486985,0.42297803159818964,25,30,0
22,1791,0.07569186097936614,0.399789715560034,0.10154043322190306,0.4229779902386963,25,30,0
22,1792,0.07923606713988011,0.3997897155588391,0.09799623372329357,0.42297798357798655,25,30,0
22,1793,0.07923720591730904,0.3997897155587697,0.09799631142815049,0.42297676709577,25,30,0
22,1794,0.07923934903104696,0.39936236591047886,0.09842151796723632,0.4229767670912377,25,30,0
22,1795,0.07924044162260754,0.3976434678737778,0.10013932341444268,0.42297676708917153,25,30,0
22,1796,0.07924345815497329,0.39764346787379673,0.10014402640075808,0.4229690475704712,25,30,0
22,1797,0.07923234079395082,0.3976548058695537,0.10014380577843772,0.4229690475580567,25,30,0
22,1798,0.0792292543550004,0.3976548058695165,0.10013910298185234,0.42297683679362963,25,30,0
22,1799,0.07922112726581655,0.39765480484710075,0.1001472277962786,0.42297684009080283,25,30,0
22,1800,0.07921600404125324,0.39765480484602983,0.10014719719914839,0.42298199391356717,25,30,0
22,1801,0.07921602010136684,0.3976548048460746,0.10014728046457906,0.422981894587978,25,30,0
22,1802,0.07921624384380792,0.3976548048602985,0.10014706480855531,0.4229818864873369,25,30,0
22,1803,0.07921622001902007,0.39765558126502754,0.1001463122310034,0.42298188648494744,25,30,0
22,1804,0.07921609953194615,0.39765558126503514,0.10014622932385189,0.42298208987916497,25,30,0
22,1805,0.0791598737335255,0.39765558126566314,0.09834907530326055,0.42483546969754893,25,30,0
22,1806,0.07939019349853382,0.39765558126576217,0.09834915112461248,0.4246050741110896,25,30,0
22,1807,0.07938615537926498,0.3993774222714023,0.0966313482385131,0.42460507411081794,25,30,0
22,1808,0.07938603152897176,0.39937754908812345,0.09663134526736483,0.4246050741155385,25,30,0
22,1809,0.07938900951823502,0.39937754908815104,0.09663134778099464,0.4246020936126179,25,30,0
22,1810,0.0793957895086287,0.39937754908815853,0.09663135018220492,0.4245953112210066,25,30,0
22,1811,0.0793957557235706,0.3993775490881309,0.09663138609496512,0.4245953090933321,25,30,0
22,1812,0.07933161039612649,0.3993775490767584,0.08609884405848342,0.43519199646863144,25,30,0
22,1813,0.07934655303272267,0.3993620524106241,0.08609939807374214,0.4351919964829108,25,30,0
22,1814,0.04176411815695857,0.39936205532231467,0.12367748608585177,0.4351963404348727,25,30,0
22,1815,0.041709068702187484,0.3994171809812708,0.12367740989402302,0.43519634042251654,25,30,0
22,1816,0.04173452483546259,0.3844032234081522,0.13866591121814836,0.43519634053823447,25,30,0
22,1817,0.04170934221649073,0.398135154498532,0.12495916285683854,0.43519634042813704,25,30,0
22,1818,0.04170929343197243,0.39813520811663156,0.12495915801602894,0.43519634043536515,25,30,0
22,1819,0.04169438617129833,0.39815067641371166,0.12495859699164757,0.4351963404233402,25,30,0
22,1820,0.04169538499320811,0.39815023697123536,0.12495803761952183,0.43519634041603245,25,30,0
22,1821,0.041695368960724906,0.398150236971235,0.12495792127711326,0.43519647279092494,25,30,0
22,1822,0.04169542027698351,0.37967797204877923,0.1434301348854822,0.43519647278875273,25,30,0
22,1823,0.04169739842935983,0.37967797204885906,0.14343022353657048,0.4351944059852084,25,30,0
22,1824,0.04338572057137201,0.37967797203529163,0.14174189935399092,0.4351944080393425,25,30,0
22,1825,0.04344363680639285,0.397483968715121,0.12387798641529985,0.4351944080631837,25,30,0
22,1826,0.04344069158241297,0.397483968715121,0.12387798573494933,0.4351973539675144,25,30,0
22,1827,0.04344775201676329,0.3974546942698437,0.12390019974103172,0.4351973539723592,25,30,0
22,1828,0.04176140867840644,0.3974546943466039,0.12558654466621955,0.4351973523087682,25,30,0
22,1829,0.04177042187303084,0.3974546943490152,0.12736226913726242,0.4334126146406892,25,30,0
22,1830,0.041770422792174564,0.39745414122007383,0.12736282134701876,0.43341261464073094,25,30,0
22,1831,0.04176350309421087,0.39745414122003986,0.12736281904016583,0.43341953664558175,25,30,0
22,1832,0.043838080563843536,0.39746727790720143,0.1252124540632094,0.43348218746574446,25,30,0
22,1833,0.04384558818647202,0.3585996805960757,0.1640725437515502,0.4334821874658997,25,30,0
22,1834,0.043849728989547414,0.3585996805992071,0.16407263268417194,0.43347795772707115,25,30,0
22,1835,0.04384671752831663,0.3585949583888054,0.1640803663558595,0.43347795772701625,25,30,0
22,1836,0.043839708712607825,0.3586243726088027,0.16405796094664024,0.43347795773194703,25,30,0
22,1837,0.04380216093248429,0.3586243726083639,0.1578165204938623,0.43975694596528714,25,30,0
22,1838,0.0437991647085423,0.3586243726083725,0.15781643810340282,0.43976002457968,25,30,0
22,1839,0.042642766068964215,0.35862436970052725,0.15897718406880695,0.43975568016169836,25,30,0
22,1840,0.042639701232997373,0.35862436970050965,0.15897718326021706,0.4397587458062732,25,30,0
22,1841,0.04264260910343557,0.3586243697004898,0.1589772968554193,0.4397557243406524,25,30,0
22,1842,0.042640559816304276,0.35862436970049716,0.15897718374982547,0.43975788673337024,25,30,0
22,1843,0.0425855387308403,0.3592873044998953,0.15836927005743223,0.4397578867118293,25,30,0
22,1844,0.04265630550760398,0.3592085382019651,0.1583772690197733,0.43975788727065435,25,30,0
22,1845,0.04265841968455165,0.35796810230329934,0.1596155907419566,0.4397578872701895,25,30,0
22,1846,0.04311760056607373,0.35796810230544046,0.159615866778113,0.43929843035037053,25,30,0
22,1847,0.04311760151803465,0.3579681023054419,0.15961586733108246,0.4392984288454392,25,30,0
22,1848,0.04312157716616014,0.357968102305477,0.15961583037172072,0.4392944901566404,25,30,0
22,1849,0.03151606717288823,0.3579681107865087,0.17122136183318862,0.4392944602074136,25,30,0
22,1850,0.0310598820996854,0.3579681107843578,0.17122108350811113,0.4397509236078447,25,30,0
22,1851,0.03098709864751794,0.35681053893411385,0.17245143937640034,0.4397509230419668,25,30,0
22,1852,0.03098709834069185,0.35681053893412185,0.17245148021194368,0.43975088251324157,25,30,0
22,1853,0.031010940748197685,0.35681053893010295,0.17242763808331876,0.4397508822383804,25,30,0
22,1854,0.03124107771985173,0.3568105389291881,0.17242774145081058,0.4395206419001495,25,30,0
22,1855,0.03123415848546693,0.35681053892915315,0.1724277384728325,0.4395275641125472,25,30,0
22,1856,0.031224175351889434,0.356810538925999,0.138798605553843,0.4731666801682677,25,30,0
22,1857,0.03122417781630598,0.3568105389259993,0.13879860562839266,0.47316667762930115,25,30,0
22,1858,0.031224199482430146,0.35678812645502184,0.13882099643312076,0.47316667762942655,25,30,0
22,1859,0.030993809593133345,0.35678812645492236,0.13882092099493726,0.4733971429570058,25,30,0
22,1860,0.030991790747872238,0.3567905368010153,0.1388205294918976,0.4733971429592137,25,30,0
22,1861,0.030990885659053672,0.35679104814919477,0.1388209232370379,0.4733971429547125,25,30,0
22,1862,0.03899089180323715,0.35679104829516517,0.13082091551992397,0.47339714438167246,25,30,0
22,1863,0.03691420676964765,0.35677791152946753,0.13297338814402102,0.47333449355686297,25,30,0
22,1864,0.03691625907150455,0.35801420046885474,0.1317350469077959,0.47333449355184376,25,30,0
22,1865,0.0369142143041173,0.35801420046893556,0.13173505320695125,0.4733365320199947,25,30,0
22,1866,0.02402276949485129,0.35801419199844803,0.1446265055846849,0.47333653292201316,25,30,0
22,1867,0.024024831190216325,0.3580141919983851,0.1446265000807646,0.4733344767306315,25,30,0
22,1868,0.024022616124880377,0.3592540397217661,0.1433888674319436,0.47333447672140727,25,30,0
22,1869,0.024260474631522123,0.35815358024112487,0.14425146839172692,0.47333447673562334,25,30,0
22,1870,0.024256711063634875,0.35815734712187286,0.1442514650828653,0.47333447673162504,25,30,0
22,1871,0.024256832649935195,0.3581573471218909,0.14425158033372307,0.47333423989444884,25,30,0
22,1872,0.00882616196094924,0.3581573470149207,0.15968225168522618,0.47333423933890245,25,30,0
22,1873,0.008825775685902348,0.35987558197839015,0.1579644030025312,0.47333423933317453,25,30,0
22,1874,0.00881877556235882,0.35987561056982564,0.15797123857120113,0.47333437529661254,25,30,0
22,1875,0.008821976903534869,0.35987309914738214,0.15797054865234778,0.4733343752967333,25,30,0
22,1876,0.008824989400641326,0.3598730991474003,0.15797054994988025,0.47333136150207644,25,30,0
22,1877,0.00882898090512503,0.3598691128001939,0.1579705447878033,0.47333136150687594,25,30,0
22,1878,0.008829039460732767,0.35940817069770653,0.15843142802135493,0.47333136182020347,25,30,0
22,1879,0.008885080676629959,0.3593518362760026,0.15843172121730836,0.47333136183005675,25,30,0
22,1880,0.008884869091161535,0.3593520383621334,0.15843173071740607,0.4733313618292968,25,30,0
22,1881,0.008885008947750966,0.3593516416726,0.15843198754291335,0.4733313618367334,25,30,0
22,1882,0.008884937640946038,0.35935164167259054,0.1584319868685863,0.47333143381787524,25,30,0
22,1883,0.008891929020378948,0.3593516416726176,0.15843199030838673,0.47332443899861487,25,30,0
22,1884,0.008894941832749461,0.3593516416726358,0.1584319509001528,0.47332146559446037,25,30,0
22,1885,0.008894918365742268,0.3593520585453474,0.15843155749466584,0.47332146559424293,25,30,0
22,1886,0.008887944210128021,0.35935205854532987,0.15843163726287585,0.47332835998166467,25,30,0
22,1887,0.008891063078525713,0.3593520585453128,0.15843625662695252,0.47332062174920736,25,30,0
22,1888,0.00889016281615377,0.3593520585453123,0.15215639151610552,0.479601387122427,25,30,0
22,1889,0.008887955868632696,0.35935205854534646,0.15215169191228847,0.4796082936737309,25,30,0
22,1890,0.008884767170623855,0.35763726302669524,0.15386967612898597,0.47960829367369384,25,30,0
22,1891,0.008887815752613342,0.359344465882642,0.15215942468646265,0.47960829367828084,25,30,0
22,1892,0.008891792412995902,0.35934446588265767,0.1521593466793726,0.4796043950249724,25,30,0
22,1893,0.009128209425772648,0.3593444658853523,0.15215954381518204,0.47936778087369125,25,30,0
22,1894,0.009130119431551826,0.35934446588567703,0.1239697095174794,0.50755570516529,25,30,0
22,1895,0.009132134725491847,0.35934446588565094,0.12396970472276939,0.5075536946660865,25,30,0
22,1896,0.009133151980613423,0.35934446588557944,0.12396961678986061,0.5075527653439454,25,30,0
22,1897,0.009133016768763358,0.35934484827180024,0.12396936962526386,0.5075527653341715,25,30,0
22,1898,0.009188094322024186,0.3592896860181616,0.12396945431324603,0.507552765346567,25,30,0
22,1899,0.009188164705795641,0.35928968601818867,0.123969484047153,0.5075526652288616,25,30,0
22,1900,0.00918816901117862,0.35928968601817174,0.12396948352215714,0.5075526614484913,25,30,0
22,1901,0.009185120756429297,0.35928968601814554,0.12396948412706672,0.5075557090983572,25,30,0
22,1902,0.009178341609112337,0.3592896860181385,0.12396947965296262,0.5075624927197855,25,30,0
22,1903,0.009178288968324075,0.35928968601813893,0.12396936379469543,0.5075626612188402,25,30,0
22,1904,0.009178343946263491,0.35928968601777916,0.11217148372614369,0.5193604863098122,25,30,0
22,1905,0.00917825402554814,0.3593117902340199,0.11214946943065288,0.5193604863097775,25,30,0
22,1906,0.008941034129333595,0.35931179023180415,0.11214927865265543,0.5195978969862053,25,30,0
22,1907,0.008941018455951074,0.35931179023180415,0.11214927659901262,0.5195979147132306,25,30,0
22,1908,0.008957340680406769,0.3592916529162122,0.11215309170529084,0.5195979146980888,25,30,0
22,1909,0.00872398790984223,0.35929165291353493,0.11215286761769704,0.5198314915589244,25,30,0
22,1910,0.008464373501881523,0.35929165289773407,0.1124124820259844,0.5198314915743986,25,30,0
22,1911,0.008461339705152997,0.35929165289773407,0.11241248304860264,0.5198345243485089,25,30,0
22,1912,0.00846434567906113,0.3597572635470668,0.11194386673871802,0.5198345240351527,25,30,0
22,1913,0.008464415778479242,0.35975726354707627,0.11194386787825242,0.519834452796191,25,30,0
22,1914,0.008533353908156134,0.35975726354924853,0.11194405402488988,0.5197653285177047,25,30,0
22,1915,0.00846643090564677,0.3597572635470497,0.11194386493173755,0.5198324406155652,25,30,0
22,1916,0.008466432207269465,0.3597572589509047,0.11194386821662461,0.5198324406252004,25,30,0
22,1917,0.00847040934713283,0.35975725895093097,0.11194387112317461,0.5198284605787609,25,30,0
22,1918,0.008470356400832307,0.35975725895092153,0.1119438694680646,0.5198285151801807,25,30,0
22,1919,0.008473284041036172,0.3597572589509128,0.11194386882754102,0.5198255881805091,25,30,0
22,1920,0.00847326648071078,0.35975688084564494,0.11194426450280792,0.5198255881708352,25,30,0
22,1921,0.008415242134691801,0.3598148566098782,0.11194431309699031,0.5198255881584386,25,30,0
22,1922,0.023637250671483954,0.3598148564655545,0.09672230086787759,0.5198255919950842,25,30,0
22,1923,0.02370485679469387,0.3598148564687311,0.0967224638245131,0.519757822912062,25,30,0
22,1924,0.023701873417346683,0.3598176615002086,0.09672264217034413,0.5197578229121005,25,30,0
22,1925,0.023699802404905813,0.3598176615002422,0.0967227268603266,0.5197598092345251,25,30,0
22,1926,0.02370365654510493,0.3598176615002865,0.09672272808058853,0.5197559538740203,25,30,0
22,1927,0.02370162477632907,0.35981766150030525,0.09672273202378279,0.519757981699583,25,30,0
22,1928,0.023701625991018854,0.35981711484420764,0.09672327746272412,0.519757981702049,25,30,0
22,1929,0.023702554402834114,0.3598163228180994,0.09672314106987681,0.5197579817091893,25,30,0
22,1930,0.023702607063545388,0.35981632281810794,0.09672314121283421,0.5197579289055119,25,30,0
22,1931,0.023699666863156006,0.35981632281812537,0.0967231415286058,0.5197608687901125,25,30,0
22,1932,0.02369868669976967,0.35981632281809767,0.09672313548699853,0.5197618549951337,25,30,0
22,1933,0.02369774088849535,0.3598163228180536,0.09672316520280855,0.519762771090642,25,30,0
22,1934,0.023701861979392308,0.3598125602339565,0.09672280668604988,0.5197627711006008,25,30,0
22,1935,0.023704928894742343,0.35980909478881673,0.09672320521579769,0.5197627711006421,25,30,0
22,1936,0.023705000312553407,0.35980909478884326,0.0967233250742567,0.5197625798243456,25,30,0
22,1937,0.023640267815298842,0.3598090947856747,0.09672312018149175,0.5198275172175337,25,30,0
22,1938,0.023640267784287565,0.35981627289867246,0.09671594210426582,0.519827517212773,25,30,0
22,1939,0.06348311804294023,0.35981627247290676,0.05687309190594638,0.519827517578205,25,30,0
22,1940,0.06349003778321054,0.3598099038372304,0.05687254079909845,0.519827517580459,25,30,0
22,1941,0.06371937588271825,0.359809903840352,0.05687275125668017,0.519597969020248,25,30,0
22,1942,0.0638418643364705,0.35980990384252154,0.05687304829439821,0.5194751835266083,25,30,0
22,1943,0.06384486042258734,0.35980707886881347,0.0568728771772298,0.519475183531368,25,30,0
22,1944,0.06383795983264091,0.34116765304493585,0.07551920340712216,0.5194751837152993,25,30,0
22,1945,0.06384551768911818,0.3411497849375772,0.07552951364873274,0.51947518372457,25,30,0
22,1946,0.024264263483803176,0.3598913671224071,0.09636915250480854,0.519475216888981,25,30,0
22,1947,0.02426426256121158,0.359891367122407,0.09636915254777362,0.5194752177686079,25,30,0
22,1948,0.024265188017492983,0.35989136712266656,0.09674216554804435,0.519101279311797,25,30,0
22,1949,0.04099406160152121,0.35989136712141784,0.08001329722410215,0.5191012740529597,25,30,0
22,1950,0.040996812449060824,0.35989136712138986,0.08001329721848185,0.5190985232110685,25,30,0
22,1951,0.040994008114035994,0.35989136712139164,0.08001327162482211,0.5191013531397511,25,30,0
22,1952,0.04087447936868346,0.3598913671192316,0.08001297527020824,0.5192211782418776,25,30,0
22,1953,0.031996714339022986,0.3598917827568535,0.08717484973215255,0.5209366531719717,25,30,0
22,1954,0.03198967143669024,0.35989828463122053,0.08717539076491972,0.52093665316717,25,30,0
22,1955,0.03198562327829817,0.35989828463115814,0.08717526788596025,0.5209408242045841,25,30,0
22,1956,0.032021483580358175,0.35989825603937936,0.08713957245970833,0.5209406879205511,25,30,0
22,1957,0.03202847821056241,0.359898256039415,0.0875125098780371,0.5205607558719832,25,30,0
22,1958,0.03203160057829719,0.35989825603941594,0.0875125124167236,0.5205576309655606,25,30,0
22,1959,0.03202760542715121,0.35989825603942477,0.08713969254313764,0.5209344459902833,25,30,0
22,1960,0.0320189789473421,0.3599177415987146,0.08712883345609104,0.5209344459978493,25,30,0
22,1961,0.032018978339756636,0.35991774159868783,0.08712879154472523,0.5209344885168272,25,30,0
22,1962,0.032018188316587134,0.35991774159842876,0.08675577957299171,0.5213082905119893,25,30,0
22,1963,0.03202027186651087,0.35991566657875496,0.08675577104975858,0.5213082905049725,25,30,0
22,1964,0.03202334002698253,0.35991298222069246,0.08675538724743538,0.5213082905048865,25,30,0
22,1965,0.03202314690150934,0.3599129822206729,0.08675538307749311,0.5213084878003216,25,30,0
22,1966,0.03201899143822246,0.35991717785869426,0.08675534291267814,0.521308487790402,25,30,0
22,1967,0.03201603225719103,0.35991960464183903,0.08675587531528035,0.5213084877856857,25,30,0
22,1968,0.032013983313680924,0.35991960464187583,0.08675588186016787,0.5213105301842721,25,30,0
22,1969,0.032015051898216434,0.35991853940018037,0.08675587852931896,0.5213105301722807,25,30,0
22,1970,0.03201521362773857,0.359918539400208,0.08675591083493274,0.5213103361371172,25,30,0
22,1971,0.032015159848282765,0.35990812469038147,0.08676637931698832,0.5213103361443447,25,30,0
22,1972,0.03201720753936174,0.35990812469034467,0.0867663743111828,0.521308293459108,25,30,0
22,1973,0.03201410580126779,0.3599081246903176,0.08676642451333365,0.5213113449950783,25,30,0
22,1974,0.0320141036720015,0.35990812469031785,0.08676634345898428,0.5213114281786936,25,30,0
22,1975,0.032011107728863356,0.359908124690317,0.08676634335194595,0.5213144242288711,25,30,0
22,1976,0.023703169386022037,0.3599077724497537,0.09678897565879581,0.5196000825054259,25,30,0
22,1977,0.023703097835719222,0.35990785102165745,0.09678896863472904,0.5196000825078915,25,30,0
22,1978,0.023443552833027792,0.3811322607092933,0.0758241374892012,0.5196000489684774,25,30,0
22,1979,0.023440482819169974,0.3811322607093009,0.07582413504308164,0.5196031214284473,25,30,0
22,1980,0.023440430371379314,0.38114317973456235,0.07581326847275417,0.5196031214213039,25,30,0
22,1981,0.023449449568866198,0.381143179735625,0.07581331473383282,0.5195940559616757,25,30,0
22,1982,0.061133300859356796,0.38114318531893177,0.038128144817703845,0.5195953690040065,25,30,0
22,1983,0.06113342255571699,0.3811431853189235,0.03812971352153081,0.5195936786038275,25,30,0
22,1984,0.06112725946559274,0.3811431853178336,0.038131288070590755,0.5195982671459818,25,30,0
22,1985,0.061138173256301186,0.38114318531794855,0.038131181522929034,0.51958745990282,25,30,0
22,1986,0.061130256885570014,0.3811431853178249,0.03813117204389957,0.5195953857527043,25,30,0
22,1987,0.061130272596002164,0.38114372137158264,0.03813062027494996,0.5195953857574639,25,30,0
22,1988,0.06424772958192695,0.3780384708209714,0.03811841279287434,0.519595386804226,25,30,0
22,1989,0.06424480324258844,0.3780384708209894,0.038116873752273024,0.519599852184148,25,30,0
22,1990,0.06418576593300573,0.3780977914711213,0.038116590421621625,0.5195998521742503,25,30,0
22,1991,0.06418576652990417,0.3780977914711216,0.03811659249846783,0.5195998495005056,25,30,0
22,1992,0.06645005553134736,0.3780977858981903,0.0358536218299761,0.5195985367404853,25,30,0
22,1993,0.06645396263216076,0.37809386649429993,0.03585363412845755,0.5195985367450806,25,30,0
22,1994,0.06645792301692163,0.37808951371306593,0.035854026520338436,0.519598536749673,25,30,0
22,1995,0.06646084817492015,0.39673291207893974,0.017207703185077958,0.5195985365610614,25,30,0
22,1996,0.06622458895516244,0.3967329120757923,0.017207489835823014,0.5198350091332217,25,30,0
22,1997,0.03202406717809136,0.39673291206579525,0.051408011803871875,0.5198350089522425,25,30,0
22,1998,0.03202704685918594,0.3967293832912117,0.05140856089510245,0.5198350089545009,25,30,0
22,1999,0.032027043188403645,0.39672938329118507,0.051408443601819266,0.5198351299185933,25,30,0
22,2000,0.03202409861003189,0.3967315968807234,0.051409174588352986,0.519835129920893,25,30,0
22,2001,0.032021118929070815,0.39673512891214413,0.05140862224015004,0.5198351299186361,25,30,0
22,2002,0.03202117022171257,0.39673581313871537,0.05140788671350115,0.5198351299260721,25,30,0
22,2003,0.03201817411589828,0.3967358131386974,0.05140788540189061,0.5198381273435149,25,30,0
22,2004,0.01928939642491988,0.3967357530153186,0.06387812283158519,0.520096727728178,25,30,0
22,2005,0.01941209581010422,0.3967357530175593,0.0638784213467066,0.5199737298256314,25,30,0
22,2006,0.019412165674035472,0.3967047659348165,0.06390933855829156,0.5199737298328577,25,30,0
22,2007,0.01929639065809373,0.39670476593260184,0.0639090464591187,0.520089796950187,25,30,0
22,2008,0.019297318268055946,0.39670476593262755,0.06390905059674494,0.5200888652025725,25,30,0
22,2009,0.019300313796987083,0.3967047659326453,0.06390905053430664,0.5200858697360619,25,30,0
22,2010,0.019300511006682296,0.3967047659326369,0.06390905127847026,0.5200856717822111,25,30,0
22,2011,0.019300477188898255,0.39670479171710404,0.06390905932152126,0.520085671772477,25,30,0
22,2012,0.015043835387354192,0.3967047917871816,0.06816569953322882,0.5200856732922362,25,30,0
22,2013,0.015043892340509478,0.3967047917871643,0.06816569873277331,0.5200856171395537,25,30,0
22,2014,0.0119223100622318,0.39983278592862326,0.06815928792390918,0.5200856160852364,25,30,0
22,2015,0.011919327867674223,0.39983577009818316,0.0681592859513371,0.5200856160828057,25,30,0
22,2016,0.001925362515358863,0.3998357668262333,0.07841298758116194,0.5198258830772469,25,30,0
22,2017,0.00047197691464478594,0.39983576675826205,0.07986637461163829,0.5198258817154561,25,30,0
22,2018,0.0004749544342792727,0.3998327885797534,0.07986637527034122,0.5198258817156273,25,30,0
22,2019,0.0004710476544527207,0.3998366994727948,0.07986637115441181,0.5198258817183418,25,30,0
22,2020,0.000469034023420447,0.39983669947283035,0.07986637352966364,0.5198278929740866,25,30,0
22,2021,0.0004659694605923803,0.3998397680783467,0.07986636949181936,0.5198278929692427,25,30,0
22,2022,0.00046603845175186215,0.3998397680783563,0.07986637224409299,0.5198278212257998,25,30,0
22,2023,0.0004691941802975518,0.3998675231231079,0.07983546147780637,0.519827821218789,25,30,0
22,2024,0.00046923081501328706,0.3998669340428273,0.07983601392103087,0.5198278212211292,25,30,0
22,2025,0.00046928347016708547,0.3998668812749072,0.0798360140314152,0.5198278212235112,25,30,0
22,2026,0.00047224291040277747,0.39986448038982486,0.0798354554738828,0.5198278212258903,25,30,0
22,2027,0.00046724886003805685,0.39986986459153007,0.0798350653152309,0.5198278212332015,25,30,0
22,2028,0.0004652867131581042,0.3998716419770989,0.07983525008852752,0.5198278212212162,25,30,0
22,2029,0.0004652506642474421,0.3998716819651716,0.07983524614932361,0.5198278212212576,25,30,0
22,2030,0.0004652876786745283,0.3998718289521596,0.07983506214561335,0.5198278212235528,25,30,0
22,2031,0.00046521931155334915,0.39987189141126434,0.07983506805826043,0.5198278212189232,25,30,0
22,2032,0.0004681999744651376,0.3998689185527322,0.07983506025154131,0.5198278212212627,25,30,0
22,2033,0.0004721594641825434,0.39986891855275,0.07983506105529393,0.5198238609277746,25,30,0
22,2034,0.000473104338063777,0.3981398437789378,0.08156319095275984,0.5198238609302376,25,30,0
22,2035,0.00046618428300540895,0.3981398437789118,0.08156318601573377,0.5198307859223479,25,30,0
22,2036,0.0004671639649295255,0.39813886205299887,0.08156318805517752,0.5198307859268929,25,30,0
22,2037,0.0004691603013884026,0.39813886205295396,0.08156318632795231,0.5198287913177044,25,30,0
22,2038,0.00046626735752437873,0.39814162026951616,0.0815633210552548,0.5198287913177037,25,30,0
22,2039,0.00040512060862418867,0.3981416202684327,0.08162446793358408,0.5198287911893599,25,30,0
22,2040,0.0007682305367066179,0.398141620266943,0.08126122290967772,0.5198289262866734,25,30,0
22,2041,0.000770245958363837,0.39983627242806574,0.07956455531711967,0.5198289262964518,25,30,0
22,2042,0.0007721915964334204,0.3998362724281234,0.07981686273528679,0.5195746732401573,25,30,0
22,2043,0.000783174106885599,0.399836272428203,0.07981686951491475,0.5195636839499974,25,30,0
22,2044,0.0010195052163484266,0.3998362724323777,0.07982364980085754,0.5193205725504171,25,30,0
22,2045,0.0010125333626524995,0.39983627243233405,0.07982364620163783,0.5193275480033763,25,30,0
22,2046,0.0010195223359128942,0.3998292803029868,0.07982364935521949,0.5193275480058814,25,30,0
22,2047,0.0010196262384392272,0.39986025122730096,0.07979257454283227,0.5193275479914281,25,30,0
22,2048,0.0010197760527124965,0.3998376914111166,0.07981498453266835,0.519327548003503,25,30,0
22,2049,0.0010227280880944873,0.39985713974501635,0.07979258417550146,0.5193275479913881,25,30,0
22,2050,0.0010218194142567157,0.3998571397449905,0.07979257959811112,0.519328461242642,25,30,0
22,2051,0.0010188806543042503,0.39985713974499176,0.07979257768464244,0.519331401916062,25,30,0
22,2052,0.0010197916351153788,0.39985713974504383,0.07979258295849757,0.5193304856613437,25,30,0
22,2053,0.0010227316391981844,0.3998571397450433,0.07979258288756398,0.519327545728195,25,30,0
22,2054,0.0010226800197608115,0.39985713974506076,0.07979101489652818,0.51932916533865,25,30,0
22,2055,0.0007833944067160545,0.39985713974087694,0.07978580185329198,0.5195736639991149,25,30,0
22,2056,0.0007832735068327761,0.39984992131502217,0.07979314117677831,0.5195736640013666,25,30,0
22,2057,0.000785213739379573,0.39984992131510244,0.0797931484853587,0.519571716460159,25,30,0
22,2058,0.0007852332534163606,0.3998351259346481,0.07980792433455419,0.5195717164773811,25,30,0
22,2059,0.0007744800174737939,0.39983512593464093,0.0798079213248384,0.5195824727230468,25,30,0
22,2060,0.0007774762511005308,0.3998322629404736,0.07980778808537545,0.5195824727230505,25,30,0
22,2061,0.0007773546205398164,0.3998322629404554,0.07980778720703852,0.5195825952319659,25,30,0
22,2062,0.0007800689975497018,0.39983226294038343,0.07980778355611894,0.5195798845059476,25,30,0
22,2063,0.0007839956434307548,0.3998279508773501,0.07980816896859581,0.5195798845106225,25,30,0
22,2064,0.0007868864051008055,0.3998279508773499,0.07980808791109328,0.519577074806455,25,30,0
22,2065,0.0007868851642445233,0.3998279508773504,0.0798080878983976,0.5195770760600067,25,30,0
22,2066,0.0007867794535434962,0.399828605263981,0.07980753922264044,0.5195770760598345,25,30,0
22,2067,0.0007858863331977801,0.39982855984532606,0.07980847776600286,0.5195770760554723,25,30,0
22,2068,0.0007858545992429018,0.3598549666993678,0.11978210264388438,0.5195770760575052,25,30,0
22,2069,0.0007818086868315682,0.3598590063540489,0.11978210890654324,0.5195770760525761,25,30,0
22,2070,0.0007838561095562927,0.35985900635401485,0.11978210402242599,0.5195750335140026,25,30,0
22,2071,0.001017155816086695,0.35962528524735143,0.11978252499853649,0.5195750339380251,25,30,0
22,2072,0.00102435272778393,0.3596159171854616,0.11978469599285844,0.5195750340938969,25,30,0
22,2073,0.0010242999923384295,0.35837742826182073,0.12102323765929697,0.5195750340865449,25,30,0
22,2074,0.0014707210951205188,0.33255517713910426,0.14639906808876382,0.5195750336770125,25,30,0
22,2075,0.0014707355784675626,0.3325551771391217,0.14639906888633827,0.5195750183960736,25,30,0
22,2076,0.0014747695577238787,0.3325551771391574,0.146399100262102,0.5195709530410179,25,30,0
22,2077,0.0014748408647070653,0.3325551771391669,0.14639910100656364,0.5195708809895635,25,30,0
22,2078,0.001474704421412245,0.3325551771391486,0.14639909964556658,0.5195710187938736,25,30,0
22,2079,0.0014790317801881014,0.293352702109727,0.18559724729048196,0.5195710188196001,25,30,0
22,2080,0.00147621385621783,0.29335270210973735,0.18559724848854045,0.519573835545502,25,30,0
22,2081,0.001479035167724077,0.29335270210972664,0.18559724731720706,0.5195710154053398,25,30,0
22,2082,0.0014760212238268478,0.29335270210970044,0.18559724835857191,0.5195740283078986,25,30,0
22,2083,0.0011127238162731599,0.2933527021187915,0.18596067859316734,0.5195738954717655,25,30,0
22,2084,0.0011125990089788356,0.2933528368912406,0.1859606686256763,0.5195738954741018,25,30,0
22,2085,0.0011126507143379353,0.2933528368912489,0.18596066868511674,0.519573843709294,25,30,0
22,2086,0.0011126517116878678,0.29335244029124785,0.18596106428776565,0.5195738437092963,25,30,0
22,2087,0.0011126513314989358,0.2933528297043,0.18596067525728163,0.5195738437069171,25,30,0
22,2088,0.001233195864537448,0.2933528297063974,0.1859609710348031,0.5194530033942599,25,30,0
22,2089,0.0013527235790407857,0.2932329966702337,0.1859612760570266,0.5194530036936972,25,30,0
22,2090,0.0006729876330298739,0.3192889814097278,0.16058502728049767,0.519453003676743,25,30,0
22,2091,0.0006769638945041491,0.31928445582003984,0.16058557659910755,0.5194530036863468,25,30,0
22,2092,0.0006831360527378396,0.3192844558201578,0.1605855873480137,0.519446820779089,25,30,0
22,2093,0.0006871311837446887,0.3192810096459897,0.16058503839121577,0.5194468207790482,25,30,0
22,2094,0.0006798962732967219,0.31927645881991173,0.16059682428595376,0.5194468206208352,25,30,0
22,2095,0.0006818636464938087,0.3192762052862918,0.1605951104368742,0.5194468206303378,25,30,0
22,2096,0.0006858388932668452,0.31927620528632583,0.16059511335021895,0.5194428424701857,25,30,0
22,2097,0.0006826618035928376,0.31927620528619877,0.16059510242998332,0.5194460304802224,25,30,0
22,2098,0.0006806466655175935,0.31924675350240395,0.16062656934942654,0.5194460304826496,25,30,0
22,2099,0.0006776467651506372,0.3192467535024305,0.1606265687443634,0.5194490309880541,25,30,0
22,2100,0.000677659093666816,0.31924675350244913,0.1666963398158341,0.5133792475880479,25,30,0
22,2101,0.0006806552976396463,0.319246753502423,0.16669633896536443,0.5133762522345708,25,30,0
22,2102,0.0006786718390310487,0.31924675350247644,0.1666964264858236,0.5133781481726669,25,30,0
22,2103,0.0006878835741884321,0.31924675350350673,0.16644419824079126,0.513621164681512,25,30,0
22,2104,0.0005683898717250329,0.3193350951174403,0.16647535062858726,0.5136211643822457,25,30,0
22,2105,0.0005684256762578271,0.32057360910714167,0.16523680083439218,0.5136211643822057,25,30,0
22,2106,0.0005601364877117592,0.3197946548382252,0.1660240441664449,0.5136211645076171,25,30,0
22,2107,0.0005602729248514763,0.31979465483824443,0.16602404756528194,0.5136210246716216,25,30,0
22,2108,0.0004923658822369028,0.31979466880940866,0.16609194118050769,0.5136210241278438,25,30,0
22,2109,0.0004853207454925626,0.3197946688093554,0.16609190758063674,0.5136281028645127,25,30,0
22,2110,0.0004853025491857491,0.3197946688093367,0.1600205701142394,0.5196994585272349,25,30,0
22,2111,0.0004968058741070864,0.3197946776892097,0.16000905776484345,0.5196994586718364,25,30,0
22,2112,0.0004858417808122024,0.3197946776881499,0.16000898066008912,0.5197104998709455,25,30,0
22,2113,0.0004752539796443049,0.31979466923105415,0.1600195770676322,0.5197104997216659,25,30,0
22,2114,0.0008146816293595592,0.3188499088130385,0.16062490952837957,0.5197105000292191,25,30,0
22,2115,0.0008167488332994156,0.31887898576530405,0.1605937653768968,0.519710500024497,25,30,0
22,2116,0.0008117738533482434,0.3188789857653407,0.16059377044957748,0.5197154699317311,25,30,0
22,2117,0.0008129655988022859,0.3188789857652615,0.16059376331637118,0.5197142853195627,25,30,0
22,2118,0.0008130353127774749,0.31887898576526186,0.16059538661609143,0.519712592305867,25,30,0
22,2119,0.0008092745213982984,0.3188823310072293,0.16059580216274202,0.5197125923086278,25,30,0
22,2120,0.0008061379145694743,0.31888233100723695,0.1605958011750228,0.5197157299031682,25,30,0
22,2121,0.0008130577174833955,0.318882331007272,0.1605958042014264,0.5197088070738156,25,30,0
22,2122,0.000815844664392799,0.3188823310072263,0.16059580341346827,0.5197060209149101,25,30,0
22,2123,0.0008127961385489647,0.3188823310072085,0.16059580312396535,0.5197090697302752,25,30,0
22,2124,0.0006903248997951996,0.31888233100503993,0.16059553973827256,0.5198318043568902,25,30,0
22,2125,0.0006903069620475627,0.3188817888071876,0.1605960998737884,0.5198318043569744,25,30,0
22,2126,0.0006872746987626886,0.3188817888071878,0.16059610138259373,0.5198348351114538,25,30,0
22,2127,0.0006873438331808179,0.3188811593447083,0.16059666171299372,0.5198348351091148,25,30,0
22,2128,0.0006884045684219914,0.3189111573496532,0.16056560296798728,0.5198348351139357,25,30,0
22,2129,0.0006873088993292958,0.3189126514099341,0.16056520457945278,0.5198348351112819,25,30,0
22,2130,0.00068431289494957,0.31891265140996927,0.16056358486881028,0.5198394508262689,25,30,0
22,2131,0.0006834233598377781,0.3189126514099274,0.16681212297842044,0.5135918022518127,25,30,0
22,2132,0.00034792701681494087,0.31982201713525255,0.1662382538989074,0.5135918019490233,25,30,0
22,2133,0.008434151093150346,0.3198220171784043,0.1581520319518483,0.5135917997765952,25,30,0
22,2134,0.00843410032778124,0.31982201717841313,0.1581521161705164,0.5135917663232873,25,30,0
22,2135,0.00867138508724617,0.31982201717850123,0.1519035940491069,0.5196030036851438,25,30,0
22,2136,0.008671151984807694,0.3198226551565709,0.15190318916388185,0.519603003694737,25,30,0
22,2137,0.008667193483007549,0.31982265515654634,0.1519031869468577,0.5196069644135862,25,30,0
22,2138,0.008667139296639212,0.3198230259545574,0.15190287033292113,0.51960696441588,25,30,0
22,2139,0.0006442684617565759,0.31982302599340345,0.15992574093492487,0.519606964609913,25,30,0
22,2140,0.0006413257446132438,0.3198255850610529,0.15992612458441355,0.5196069646099181,25,30,0
22,2141,0.0006412401932544148,0.31982558506102526,0.15992615666039808,0.5196070180853201,25,30,0
22,2142,0.0005655689326647231,0.31982558496978625,0.160001828458396,0.5196070176391507,25,30,0
22,2143,0.0005683000200391634,0.31982558496978564,0.16000182854837916,0.5196042864617936,25,30,0
22,2144,0.0005764037907173354,0.3198255849698577,0.16000182905707244,0.5195961821823502,25,30,0
22,2145,0.000580360108651411,0.319843998329351,0.15997945939452562,0.5195961821674696,25,30,0
22,2146,0.0005774181393069866,0.31984425140592665,0.15998093308990766,0.5195973973648553,25,30,0
22,2147,0.0005805010769504787,0.3198442514059455,0.15998093315463746,0.5195943143624633,25,30,0
22,2148,0.0005835122963601861,0.31984425140596384,0.1599809339827199,0.5195913023149527,25,30,0
22,2149,0.0005796039821996148,0.31984817617143607,0.1599809175460596,0.5195913023003011,25,30,0
22,2150,0.0005775346433290581,0.31984817617147937,0.15998088702109228,0.5195934021640956,25,30,0
22,2151,0.0007089043883516773,0.3198550506652353,0.1598438578383645,0.5195921871080468,25,30,0
22,2152,0.0007117085479545239,0.31985505066520836,0.15984385384542002,0.5195893869414153,25,30,0
22,2153,0.0007147398948681806,0.3198550506652085,0.15984385026194392,0.5195863591779776,25,30,0
22,2154,0.0014218463936890413,0.3198550479566304,0.15913673396763603,0.5195863716820426,25,30,0
22,2155,0.0014239130668945534,0.3198550479565866,0.1591367308158539,0.5195843081606628,25,30,0
22,2156,0.0014238952502232732,0.3198550479565779,0.1591366916789062,0.519584365114291,25,30,0
22,2157,0.0014208322421630402,0.31985810927306135,0.159136693370477,0.519584365114297,25,30,0
22,2158,0.001421817673910709,0.3198581092731228,0.15913672200338647,0.5195833510495786,25,30,0
22,2159,0.0014217309706026963,0.3198581092730956,0.15913671977764446,0.5195834399786556,25,30,0
22,2160,0.0014186836779533916,0.319858109273105,0.15913671781138983,0.5195864892375502,25,30,0
22,2161,0.0014186824916029084,0.31985810927310465,0.15913671629432868,0.5195864919409623,25,30,0
22,2162,0.03759661789839577,0.3198582134644412,0.12295452545510052,0.5195906431820606,25,30,0
22,2163,0.037593745063579265,0.31986108725066825,0.12295452449629644,0.5195906431894541,25,30,0
22,2164,0.03759383373556064,0.319839142272349,0.12297638080261902,0.5195906431894697,25,30,0
22,2165,0.03758576273201066,0.3198391422723042,0.12297630027108036,0.5195987947246035,25,30,0
22,2166,0.03758581651941091,0.31983914227233007,0.12297630054512357,0.5195987406631346,25,30,0
22,2167,0.03900897259968685,0.3198391422724329,0.12155314368690195,0.5195987414409771,25,30,0
22,2168,0.0390059945434575,0.3198391422724594,0.1215531451343414,0.5196017180497402,25,30,0
22,2169,0.039007135431258146,0.3198391422724965,0.12155315781854116,0.5196005644777028,25,30,0
22,2170,0.03901508840038323,0.3198391422725576,0.12155316318051666,0.5195926061465408,25,30,0
22,2171,0.0390120745669002,0.3198106871313986,0.12158463216221632,0.5195926061394833,25,30,0
22,2172,0.0390020910991354,0.31981068713136374,0.12158690841544985,0.5196003133540494,25,30,0
22,2173,0.03763564653943911,0.3198106871315459,0.12295335333450103,0.5196003129945126,25,30,0
22,2174,0.037702675021229856,0.319810687133701,0.12295353967258395,0.5195330981724839,25,30,0
22,2175,0.03706687834926149,0.3198106758812101,0.12358935984574304,0.5195330859237842,25,30,0
22,2176,0.03706989083582257,0.31980805587669775,0.12358896736123373,0.5195330859262445,25,30,0
22,2177,0.03694384412897835,0.319800932750458,0.12372213747636954,0.5195330856441905,25,30,0
22,2178,0.036945767641050495,0.3197984621535728,0.12372268455166785,0.5195330856537048,25,30,0
22,2179,0.03694575312753063,0.31979847739338274,0.12372268383018019,0.5195330856489023,25,30,0
22,2180,0.036877674419647725,0.31979847739130685,0.12372250417977454,0.5196013440092667,25,30,0
22,2181,0.03687763857318676,0.31979847739132466,0.12372250498986061,0.5196013790456239,25,30,0
22,2182,0.037105966997678916,0.3197984773914754,0.12385168681209482,0.5192438687987475,25,30,0
22,2183,0.037340211959408065,0.3195567900790424,0.12385912858733855,0.5192438693742077,25,30,0
22,2184,0.037340158482177824,0.31955679007901666,0.12385924217607983,0.5192438092627226,25,30,0
22,2185,0.03733323747686579,0.31956384371203905,0.12385910955049483,0.5192438092605973,25,30,0
22,2186,0.03709889082264752,0.31956384371194896,0.1238590067458995,0.5194782587195008,25,30,0
22,2187,0.037099978336580304,0.3195638437118522,0.12385899818090168,0.5194771797706624,25,30,0
22,2188,0.037099936915997785,0.3195716157749821,0.12385126754544017,0.5194771797635765,25,30,0
22,2189,0.03709881261864442,0.3195716157749457,0.12385125546397982,0.5194783161424267,25,30,0
22,2190,0.05356480289308606,0.319571632337997,0.1001809849459522,0.5266825798229615,25,30,0
22,2191,0.05356578537309233,0.31957163233805036,0.10018414840921977,0.5266784338796343,25,30,0
22,2192,0.07700606184273708,0.31957161590413474,0.08394815217444847,0.5194741700786765,25,30,0
22,2193,0.0770070590254446,0.31957161590416994,0.08394499506731053,0.5194763300030718,25,30,0
22,2194,0.0770069892084266,0.3195941024420328,0.08392257834660745,0.5194763300029303,25,30,0
22,2195,0.04417453232328459,0.3195939980938296,0.11675928889730543,0.5194721806855775,25,30,0
22,2196,0.04458712263065392,0.3195939981288401,0.11676185910165149,0.5190570201388516,25,30,0
22,2197,0.045226393034618166,0.31959399856300086,0.11612258813012684,0.5190570202722525,25,30,0
22,2198,0.04477534946079074,0.3195939983743176,0.11657363156286901,0.5190570206020211,25,30,0
22,2199,0.07931508970813965,0.3195940794054003,0.08203380400019195,0.5190570268862665,25,30,0
22,2200,0.07931516029524509,0.3196254775104079,0.0820023353010202,0.519057026893325,25,30,0
22,2201,0.07908681433957927,0.3196254775102387,0.0818731535769226,0.5194145545732577,25,30,0
22,2202,0.07908479880190976,0.3196254775102556,0.08187315625303697,0.5194165674347964,25,30,0
22,2203,0.0790857985405758,0.31962547751017545,0.08187326334966107,0.519415460599586,25,30,0
22,2204,0.07567365492224835,0.31962539656474825,0.08528546490080202,0.5194154836121997,25,30,0
22,2205,0.0756726376725668,0.3196253965648186,0.08528547090543698,0.5194164948571763,25,30,0
22,2206,0.07566962559709786,0.31962539656480105,0.08528547012197896,0.5194195077161209,25,30,0
22,2207,0.07566954928524455,0.31965693612373924,0.08525400687498626,0.5194195077160291,25,30,0
22,2208,0.07566757299833521,0.31965693612366053,0.08525400074525007,0.5194214901327533,25,30,0
22,2209,0.07567449278061604,0.3196498298838589,0.08525418719822751,0.519421490137296,25,30,0
22,2210,0.07526195717935565,0.319649829848919,0.0852515052318601,0.5198367077398638,25,30,0
22,2211,0.07526382408607048,0.3196498341067287,0.08524963407823721,0.5198367077289621,25,30,0
22,2212,0.0666123211550183,0.31965189567494795,0.09387123871588875,0.5198645444541437,25,30,0
22,2213,0.06661232238544856,0.3196518956749477,0.09387123866428716,0.5198645432753154,25,30,0
22,2214,0.0666113735713599,0.3196518956748951,0.09387132554923201,0.5198654052045119,25,30,0
22,2215,0.06661137334437507,0.31965189652015735,0.09387132493342029,0.5198654052020459,25,30,0
22,2216,0.06662231340239157,0.3196518965207455,0.09387136683046819,0.5198544232463931,25,30,0
22,2217,0.06662636055761079,0.3196518965207718,0.09387125482281526,0.5198504880988004,25,30,0
22,2218,0.06663321071384323,0.3196448537459664,0.09387144743904968,0.519850488101139,25,30,0
22,2219,0.06663320976586733,0.3196448537459752,0.09387145006121625,0.5198504864269395,25,30,0
22,2220,0.06663031054401024,0.3196255183427231,0.09389368466919754,0.5198504864440675,25,30,0
22,2221,0.06663728211114354,0.3196255183427665,0.09389368984105055,0.5198435097050385,25,30,0
22,2222,0.0666483158310644,0.3196144870677542,0.09389368739616202,0.5198435097050188,25,30,0
22,2223,0.0666462312744718,0.3196144870677622,0.09389596693214963,0.5198433147256157,25,30,0
22,2224,0.06665020709344201,0.31961448706777923,0.09389596817726195,0.5198393376615164,25,30,0
22,2225,0.0663942666290636,0.3196144874264785,0.09415190904554105,0.5198393368989147,25,30,0
22,2226,0.06639149417022243,0.3196095152772712,0.09415965365094628,0.519839336901558,25,30,0
22,2227,0.058612157098077565,0.3196074535843789,0.10196888945193723,0.5198114998656052,25,30,0
22,2228,0.058612280881291424,0.31960745358439696,0.10197360016747165,0.519806665366839,25,30,0
22,2229,0.05861250881390454,0.31960745358441583,0.1019713455632417,0.5198086920384369,25,30,0
22,2230,0.05860963500573118,0.31960745358444326,0.10197134756616233,0.5198115638436621,25,30,0
22,2231,0.05860961632385062,0.3196074535843804,0.10197145954200369,0.5198114705497647,25,30,0
22,2232,0.05860961601786681,0.31960745358438053,0.10196917956019833,0.5198137508375535,25,30,0
22,2233,0.05861063334339388,0.3196069950925515,0.10196862073372265,0.5198137508303311,25,30,0
22,2234,0.05859953250539841,0.3183797185607674,0.10320699811079187,0.5198137508230416,25,30,0
22,2235,0.058362315508898505,0.31861719806243216,0.10320673617166198,0.5198137502570064,25,30,0
22,2236,0.05836143922487959,0.31861719806243827,0.10813033961994306,0.514891023092738,25,30,0
22,2237,0.058361558402685365,0.3186171980624559,0.10813034182680833,0.5148909017080497,25,30,0
22,2238,0.05835465550128488,0.318624291912811,0.1081301508849512,0.5148909017009524,25,30,0
22,2239,0.05835160695239775,0.31862678799943167,0.10813070334721393,0.5148909017009562,25,30,0
22,2240,0.0583536054921637,0.31862678799940486,0.10813069990548467,0.5148889066029467,25,30,0
22,2241,0.06386416302211625,0.31862678764636365,0.10262017366767136,0.5148888756638488,25,30,0
22,2242,0.06386412693428105,0.31862678764635566,0.10262017518640051,0.514888910232963,25,30,0
22,2243,0.06386305162738509,0.3186502747790709,0.1025977633848507,0.5148889102086932,25,30,0
22,2244,0.06386697389846914,0.3186502747791155,0.1025977676895298,0.514884983632885,25,30,0
22,2245,0.06410505425910425,0.3186502747822344,0.1025979557942866,0.514646715164374,25,30,0
22,2246,0.06365929278492409,0.31865027483446484,0.10304365218883436,0.5146467801917759,25,30,0
22,2247,0.0636594158502223,0.3186502748344564,0.10304365448919574,0.5146466548261248,25,30,0
22,2248,0.06365242678628664,0.31865027483442976,0.10304373362713219,0.5146535647521508,25,30,0
22,2249,0.06365941709226211,0.3186502748344566,0.10304365454274832,0.5146466535305323,25,30,0
22,2250,0.06366234468336625,0.3186502748344385,0.1030436523001021,0.5146437281820924,25,30,0
22,2251,0.06366535658122288,0.3186502748344474,0.10304353704299393,0.5146408315413349,25,30,0
22,2252,0.0636692094362544,0.31865027483449965,0.10304353865560495,0.5146369770736401,25,30,0
22,2253,0.0636692604737466,0.31865022016488814,0.10304354228976723,0.5146369770715973,25,30,0
22,2254,0.06366633341280281,0.31863171552989356,0.10306497398800142,0.5146369770693013,25,30,0
22,2255,0.06367302978416702,0.3186327510304644,0.10305724211143948,0.5146369770739282,25,30,0
22,2256,0.0636799476044996,0.31863275103052585,0.10305253715541428,0.5146347642095594,25,30,0
22,2257,0.06368282385528237,0.318632751030499,0.10305253522006408,0.5146318898941539,25,30,0
22,2258,0.06367487082949784,0.31863275103043703,0.10305414997562863,0.5146382281644357,25,30,0
22,2259,0.06367490719556419,0.31863275103044525,0.1030541470311295,0.5146381947428604,25,30,0
22,2260,0.06391125411632428,0.3184176017693376,0.10303294879830124,0.5146381953160364,25,30,0
22,2261,0.06391316386335594,0.3183842216456897,0.10306441916539559,0.5146381953255582,25,30,0
22,2262,0.06397793215357002,0.318308738476774,0.10307513374427055,0.5146381956253845,25,30,0
22,2263,0.06398480121839131,0.2924899396261329,0.12888706352570467,0.51463819562977,25,30,0
22,2264,0.06968975386934213,0.2924899396262163,0.12889048379248666,0.5089298227119537,25,30,0
22,2265,0.06969269818082609,0.2924899396262161,0.12889048379910445,0.5089268783938521,25,30,0
22,2266,0.06969362698893765,0.29372739014542576,0.12765210446217062,0.5089268784034644,25,30,0
22,2267,0.06970760194189757,0.2936819538387327,0.12768356581110818,0.50892687840826,25,30,0
22,2268,0.06970472634320425,0.2936819538387418,0.12768360647880106,0.5089297133392513,25,30,0
22,2269,0.06969773372038932,0.2936819538387148,0.12768360353982885,0.5089367089010655,25,30,0
22,2270,0.0696977337325914,0.2936819538387149,0.12768360357549938,0.5089367088531928,25,30,0
22,2271,0.06969771716555574,0.2936819538386977,0.1276883052410672,0.508932023754678,25,30,0
22,2272,0.06957756737784541,0.29368196744836894,0.127808356833422,0.5089321083403623,25,30,0
22,2273,0.06957359145731185,0.2936819674483263,0.1278149557552799,0.5089294853390808,25,30,0
22,2274,0.06964338875072128,0.2936819674509973,0.12781675669302164,0.5088578871052586,25,30,0
22,2275,0.06964440734366327,0.2937120288059276,0.127785676754713,0.5088578870956949,25,30,0
22,2276,0.06393242968628247,0.29371202880576486,0.12778225294328496,0.5145732885646666,25,30,0
22,2277,0.0639255790806572,0.2937120288057301,0.12778224969456065,0.5145801424190511,25,30,0
22,2278,0.06392253019136623,0.29371202880573066,0.12778224973414276,0.5145831912687595,25,30,0
22,2279,0.06391755217448976,0.29371646053693645,0.1277827960174363,0.5145831912711367,25,30,0
22,2280,0.064480915417847,0.29371644688233306,0.1272195791361938,0.5145830585636254,25,30,0
22,2281,0.06441322030310281,0.2937948610534296,0.12720886036993354,0.5145830582735335,25,30,0
22,2282,0.06442132439802621,0.2937948610544847,0.1272088936267606,0.5145749209207279,25,30,0
22,2283,0.06442430265856841,0.29379486105450375,0.1272088944873263,0.5145719417996009,25,30,0
22,2284,0.06441034258207486,0.2938402831447798,0.1271774324855702,0.5145719417875747,25,30,0
22,2285,0.06441041358261178,0.2938402831447886,0.12717082919331296,0.5145784740792861,25,30,0
22,2286,0.10166356366294471,0.2938402825955364,0.0899176198764808,0.5145785338650377,25,30,0
22,2287,0.10166365072881176,0.2938402825955727,0.08991766054944435,0.5145784061261708,25,30,0
22,2288,0.10165565584609527,0.29384028259498407,0.08991761660741909,0.5145864449515013,25,30,0
22,2289,0.10165560575807735,0.2938402825949563,0.08991757586135937,0.5145865357856068,25,30,0
22,2290,0.1016546235781912,0.2938408963070504,0.08991794433391317,0.514586535780845,25,30,0
22,2291,0.10159567279970451,0.29384089630443244,0.08991610873400735,0.5146473221618555,25,30,0
22,2292,0.064484040132697,0.2938408965636222,0.1270276302212557,0.5146474330824251,25,30,0
22,2293,0.06448004461385219,0.2938408965636218,0.12702762914077273,0.5146514296817533,25,30,0
22,2294,0.0642571221551686,0.29234663616635564,0.12874481255698997,0.514651429121487,25,30,0
22,2295,0.0642572458859237,0.29234663616635176,0.12382120835918889,0.5195749095885369,25,30,0
22,2296,0.06425757959733516,0.2923466361663438,0.12382121010787189,0.5195745741284502,25,30,0
22,2297,0.06425456557484893,0.29234663616633444,0.12382120947538575,0.5195775887834319,25,30,0
22,2298,0.06426131090111445,0.2923466361663325,0.12382121019870629,0.5195708427338477,25,30,0
22,2299,0.06425832873970114,0.29234663616632406,0.12382121056878566,0.51957382452519,25,30,0
22,2300,0.06425723532577371,0.2923468805902526,0.1238220592730776,0.5195738248108932,25,30,0
22,2301,0.06425325736506038,0.318162801716561,0.098010116112206,0.5195738248061698,25,30,0
22,2302,0.06425623734516624,0.31816280171656974,0.09801671962408567,0.5195642413141754,25,30,0
22,2303,0.06401994439686219,0.31816280171339634,0.09801650383584272,0.5198007500538951,25,30,0
22,2304,0.06401299147505374,0.31816280171332695,0.098016499791089,0.5198077070205266,25,30,0
22,2305,0.06401591665929537,0.3181589430164563,0.09801743331345188,0.519807707010793,25,30,0
22,2306,0.06402362151570866,0.31815894301652664,0.09801743803695279,0.5197999974308085,25,30,0
22,2307,0.06402406183511915,0.3181365055097249,0.09803943521893684,0.5197999974362157,25,30,0
22,2308,0.06401062609713945,0.31982816581902374,0.09636121065798854,0.5197999974258485,25,30,0
22,2309,0.06401460345940743,0.31980216881480245,0.0963832302799388,0.5197999974458516,25,30,0
22,2310,0.06401173122246169,0.3197735724572181,0.09641469887421548,0.5197999974461049,25,30,0
22,2311,0.06400371135852151,0.31977357245715665,0.09641469275028117,0.5198080234340409,25,30,0
22,2312,0.07959738322548335,0.31977374321951313,0.08082084782323683,0.5198080257317637,25,30,0
22,2313,0.07960050275917435,0.319770596388707,0.08082087512026849,0.5198080257318474,25,30,0
22,2314,0.0795975218132192,0.31977396995708185,0.08082048249776648,0.5198080257319299,25,30,0
22,2315,0.0795976620162848,0.31977396995711016,0.08082036943176535,0.5198079985948373,25,30,0
22,2316,0.07959722233375036,0.31976549113007663,0.08082928794670152,0.5198079985894687,25,30,0
22,2317,0.07959329845584026,0.3197923683973961,0.08080633457721202,0.5198079985695488,25,30,0
22,2318,0.07959335263663771,0.3198129193198619,0.08078572947386264,0.519807998569635,25,30,0
22,2319,0.0795933121884202,0.31985159906079075,0.08074709018369296,0.5198079985670933,25,30,0
22,2320,0.07959159850828568,0.31985159906087274,0.08074052766705676,0.5198162747637819,25,30,0
22,2321,0.07959476377204082,0.31980630772634777,0.08078265373763376,0.5198162747639747,25,30,0
22,2322,0.07959774038207568,0.31980630772635604,0.080782735373357,0.5198132165182084,25,30,0
22,2323,0.07959768527319185,0.3198172259163286,0.08077187229227013,0.5198132165182066,25,30,0
22,2324,0.0787455173889933,0.31981709726976815,0.08035813787529152,0.5210792474659437,25,30,0
22,2325,0.07874845939161862,0.31812759357311704,0.08204469956471894,0.5210792474705419,25,30,0
22,2326,0.07874971108062749,0.3181275935731909,0.08204474476230027,0.521077950583878,25,30,0
22,2327,0.07875251354047495,0.3181275935731628,0.08204474133323679,0.5210751515531222,25,30,0
22,2328,0.07875245981764248,0.3181276495385444,0.08204473908834896,0.5210751515554608,25,30,0
22,2329,0.07874646801577508,0.3181330887171989,0.08204529170896839,0.5210751515580543,25,30,0
22,2330,0.07242562851315626,0.3181330888138481,0.08836614780665028,0.5210751348663422,25,30,0
22,2331,0.07243161912918972,0.3181276485038342,0.08836559750292511,0.5210751348640479,25,30,0
22,2332,0.07243254712655516,0.31812764850387,0.08836559852922216,0.52107420584035,25,30,0
22,2333,0.07243496547304779,0.3181276485038278,0.08836559760537697,0.5210717884177448,25,30,0
22,2334,0.0724319701431296,0.3181276485038362,0.08836089645036309,0.5210794849026688,25,30,0
22,2335,0.07243009580339449,0.3181300735784261,0.08836034571787829,0.5210794849002994,25,30,0
22,2336,0.07242997507494674,0.3181301959311915,0.0883603441007981,0.5210794848930619,25,30,0
22,2337,0.07242795806635684,0.3181301959312173,0.08836034691970922,0.5210814990827152,25,30,0
22,2338,0.07242098618376797,0.31813677995105283,0.08836073478748124,0.5210814990776964,25,30,0
22,2339,0.07241809313117663,0.31813677995106104,0.08836073654694379,0.5210843903708168,25,30,0
22,2340,0.07241809316346899,0.31813677995106154,0.08835911569636838,0.5210860111890991,25,30,0
22,2341,0.07241513363188458,0.31813677995107,0.08835911841585724,0.5210889680011869,25,30,0
22,2342,0.0785271019334354,0.31813677990959915,0.08224714841697542,0.5210889697399886,25,30,0
22,2343,0.07852599039836025,0.3181367799095265,0.08224710434115937,0.5210901253509526,25,30,0
22,2344,0.07853690285700733,0.3181367799095969,0.08224710920919823,0.5210792080241964,25,30,0
22,2345,0.07853991614536975,0.31813677990962314,0.08224711064909494,0.5210761932959114,25,30,0
22,2346,0.0785329959974113,0.318136779909651,0.08224719320169745,0.5210830308912393,25,30,0
22,2347,0.0785230108956496,0.31813677990960676,0.08224727251735428,0.5210929366773884,25,30,0
22,2348,0.07875895321723755,0.31813677991479883,0.08261825395346302,0.5204860129144997,25,30,0
22,2349,0.07875993566825358,0.3181357945134401,0.08261825689904283,0.520486012919263,25,30,0
22,2350,0.07875785140287345,0.31985590547511916,0.08090023020287579,0.520486012919131,25,30,0
22,2351,0.07876000658622016,0.3198559054751118,0.08090185107366153,0.5204822368650057,25,30,0
22,2352,0.07876093389069233,0.3198559054751373,0.08090185435554119,0.520481306278628,25,30,0
22,2353,0.07876498767125424,0.319855905475192,0.08090189333447602,0.5204772135190767,25,30,0
22,2354,0.07876186808504539,0.3198594138807732,0.08090150451518553,0.520477213518995,25,30,0
22,2355,0.07899506644820668,0.31966827637684053,0.0808594432080069,0.520477213966945,25,30,0
22,2356,0.07899920874567525,0.3196563855675593,0.08086719171923785,0.5204772139675267,25,30,0
22,2357,0.07876298390012076,0.31965638556236536,0.0804962105652186,0.5210844199722944,25,30,0
22,2358,0.08035370051809165,0.3196563434419312,0.08017156929563159,0.5198183867443444,25,30,0
22,2359,0.0803527719521167,0.31965727537783517,0.08017156592808279,0.5198183867419642,25,30,0
22,2360,0.0803548408446081,0.31965727537780464,0.0801716791220747,0.5198162046555115,25,30,0
22,2361,0.08015548184650365,0.3196572773353939,0.08037101866437055,0.5198162221537308,25,30,0
22,2362,0.08015549877415323,0.31965726018496593,0.08037101888940612,0.5198162221514736,25,30,0
22,2363,0.08015438923150693,0.3196655509158905,0.08036383770162076,0.5198162221509809,25,30,0
22,2364,0.08014921638583948,0.3196655509148186,0.08036383328682836,0.5198213994125127,25,30,0
22,2365,0.08014629243431338,0.3196680905771148,0.08036421757843183,0.5198213994101385,25,30,0
22,2366,0.08046270378707535,0.31966808862164026,0.08004782473345541,0.5198213828578274,25,30,0
22,2367,0.08046270599404359,0.31966808346462744,0.08004782768090163,0.5198213828604258,25,30,0
22,2368,0.08046365086877535,0.31966808346478326,0.08004764407589801,0.5198206215905418,25,30,0
22,2369,0.047444182385289795,0.31966810551562636,0.11305435013367461,0.5198333619654076,25,30,0
22,2370,0.04745522287882018,0.3196574425723168,0.11305397257348446,0.519833361975377,25,30,0
22,2371,0.04745207455973822,0.31965744248891736,0.11305712126589475,0.5198333616854502,25,30,0
22,2372,0.04745205584149594,0.31965744248889016,0.11305719964285636,0.5198333020267581,25,30,0
22,2373,0.047453821141358564,0.31965744248879885,0.11305715875259896,0.5198315776172442,25,30,0
22,2374,0.0474529429029423,0.31904848237882655,0.11366699710132122,0.5198315776169102,25,30,0
22,2375,0.04745301688216753,0.31904848237884725,0.1136670254793429,0.5198314752596425,25,30,0
22,2376,0.04745303410494853,0.31904848237885713,0.11366694573289912,0.5198315377832955,25,30,0
22,2377,0.047456151317426344,0.3190452278577781,0.1136670830440967,0.5198315377806992,25,30,0
22,2378,0.047455022597004105,0.31904522785770534,0.1136670417909733,0.5198327077543179,25,30,0
22,2379,0.04745108055250129,0.31904522785755374,0.11366702686799773,0.5198366647219476,25,30,0
22,2380,0.04745108294041987,0.31904522785755424,0.1136693058291203,0.519834383372906,25,30,0
22,2381,0.047454276340634094,0.31904190193570264,0.11366943819520076,0.5198343835284629,25,30,0
22,2382,0.04745127995283785,0.3190454766227494,0.11366885989603999,0.5198343835283729,25,30,0
22,2383,0.04751795962092933,0.3190454766268967,0.11366899276537853,0.5197675709867956,25,30,0
22,2384,0.04751492866486713,0.3190454766269242,0.11366899322153155,0.5197706014866772,25,30,0
22,2385,0.04751877992549068,0.31904176477987345,0.11366885380328384,0.519770601491352,25,30,0
22,2386,0.04752177753114719,0.3045209279136703,0.12818669306829714,0.5197706014868833,25,30,0
22,2387,0.04752573575230411,0.3045209279136873,0.12818669472060087,0.5197666416134057,25,30,0
22,2388,0.047525682904777045,0.3045209279136959,0.12818669486685177,0.5197666943146733,25,30,0
22,2389,0.04752568407290068,0.3045209312419031,0.12818669037035174,0.5197666943148425,25,30,0
22,2390,0.04752562655267965,0.3045209312419108,0.12818666085544872,0.519766781349959,25,30,0
22,2391,0.047528728836250825,0.30452093124188495,0.12818666107773022,0.5197636788441322,25,30,0
22,2392,0.04746536304876479,0.304520931602156,0.1282500020578798,0.5197637032911976,25,30,0
22,2393,0.047457246488230555,0.30452905485302034,0.12824999537522777,0.519763703283519,25,30,0
22,2394,0.047457108307958046,0.3045290548530018,0.128248371672824,0.5197654651662141,25,30,0
22,2395,0.04745692723480175,0.30452962559503677,0.1282479821594608,0.5197654650106986,25,30,0
22,2396,0.047458885086476645,0.3045296255949995,0.12824795112218637,0.5197635381963353,25,30,0
22,2397,0.047470847629051655,0.30452962559510577,0.1282525779751397,0.5197469488007006,25,30,0
22,2398,0.04746872829435295,0.3196588698649204,0.1131254530304566,0.5197469488102686,25,30,0
22,2399,0.047331702059290784,0.31965886953863704,0.1132626497765033,0.5197467786255675,25,30,0
22,2400,0.04732967092516998,0.31965886953866274,0.11326265214139943,0.5197488073947666,25,30,0
22,2401,0.04739731582421167,0.31965886917726394,0.11319503272835138,0.5197487822701714,25,30,0
22,2402,0.04739039787592552,0.3196588691772289,0.11319514558626623,0.5197555873605778,25,30,0
22,2403,0.047390412407358654,0.31965886917723774,0.11319286725518865,0.5197578511602133,25,30,0
22,2404,0.04715411801628923,0.31986430605465677,0.11322372521690113,0.5197578507121524,25,30,0
22,2405,0.04715413557566868,0.31986430605466604,0.11322372493590455,0.5197578334337601,25,30,0
22,2406,0.04708733330738157,0.3198643060504906,0.11322350894793168,0.519824851694196,25,30,0
22,2407,0.047090259698628234,0.319864306050481,0.1132236220901679,0.5198218121607225,25,30,0
22,2408,0.047090347861637086,0.31986430605045413,0.11322362064710509,0.5198217254408033,25,30,0
22,2409,0.04708736874579433,0.3198358262735505,0.11325507954210602,0.5198217254385488,25,30,0
22,2410,0.0470754747410021,0.3198358262734534,0.11325037089597421,0.5198383280895698,25,30,0
22,2411,0.04707538787107077,0.31983582627355084,0.1132504193355229,0.5198383665198549,25,30,0
22,2412,0.04707538687109415,0.31983582627354196,0.11325041912689793,0.5198383677284655,25,30,0
22,2413,0.047073390122382285,0.31983582627346985,0.1132503729876952,0.519840410616452,25,30,0
22,2414,0.04707638482799248,0.31983582627346124,0.11325037092269694,0.5198374179758488,25,30,0
22,2415,0.047252291021629755,0.31983582627568086,0.11325299376673964,0.5196588889359492,25,30,0
22,2416,0.02796728378478714,0.31983582681935446,0.12502996759952636,0.5271669217963312,25,30,0
22,2417,0.02820060038258244,0.31983582682202266,0.12503019425502315,0.5269333785403707,25,30,0
22,2418,0.03145473946249827,0.319835831811804,0.12177560633394259,0.5269338223917556,25,30,0
22,2419,0.031456806750428494,0.3198343198314751,0.12177505103110633,0.5269338223869904,25,30,0
22,2420,0.031456946601117586,0.31983431983149396,0.12177516824874905,0.5269335653186397,25,30,0
22,2421,0.03145480971864252,0.31983431983153726,0.12177517083076353,0.5269356996190567,25,30,0
22,2422,0.02501199574473866,0.31983429772291033,0.12823074908022308,0.5269229574521244,25,30,0
22,2423,0.024912983251427972,0.31983430153937936,0.12832975787742057,0.5269229573317686,25,30,0
22,2424,0.024906026478516908,0.3198412575642853,0.12832975863023058,0.5269229573269636,25,30,0
22,2425,0.02490607872935484,0.31984125756431325,0.12832964481476908,0.5269230188915591,25,30,0
22,2426,0.024906028382042474,0.3198412575642853,0.1283296447991011,0.5269230692545674,25,30,0
22,2427,0.02490905974741635,0.31986967340113537,0.1282981975872288,0.5269230692642162,25,30,0
22,2428,0.024906993660258753,0.31987173798132795,0.12829819909674187,0.5269230692616682,25,30,0
22,2429,0.04414177422742615,0.3198717375274461,0.11657142202158857,0.519415066223539,25,30,0
22,2430,0.04413863814069381,0.3198717375274537,0.11657369891160466,0.5194159254202478,25,30,0
22,2431,0.044135628408118945,0.2940583412017928,0.1423901049745553,0.5194159254155309,25,30,0
22,2432,0.04421151715901429,0.31873909708028975,0.11763346066261313,0.5194159250980835,25,30,0
22,2433,0.044209433252405485,0.3187390970803063,0.11763350433671835,0.5194179653305703,25,30,0
22,2434,0.04420944674693752,0.3187316011980347,0.11764098672448274,0.5194179653305455,25,30,0
22,2435,0.04420846609863967,0.3187316011979913,0.11764094237154422,0.5194189903318253,25,30,0
22,2436,0.04420846610452882,0.3187316011979915,0.11764094440648261,0.5194189882909973,25,30,0
22,2437,0.044209394721864144,0.318730669424328,0.11764094755813252,0.5194189882956745,25,30,0
22,2438,0.04420725856791935,0.31873066942435424,0.11764094992333357,0.5194211220843922,25,30,0
22,2439,0.044214178154506796,0.31873066942444306,0.1176409241837903,0.5194142282372591,25,30,0
22,2440,0.044214147792368826,0.31876217555829767,0.1176094484118992,0.5194142282374332,25,30,0
22,2441,0.044217201676045696,0.3187555350036385,0.11761303508293806,0.5194142282373766,25,30,0
22,2442,0.04421920662660209,0.3187555350042087,0.11761079904627394,0.5194144593229142,25,30,0
22,2443,0.044223322555261325,0.3187555350042629,0.11761082985911075,0.519410312581364,25,30,0
22,2444,0.044222393015650875,0.31875553500422776,0.11761082684582036,0.5194112451343,25,30,0
22,2445,0.04422929752222972,0.3187480573721373,0.11761139996669433,0.5194112451389379,25,30,0
22,2446,0.044236283063952435,0.3445574748815148,0.09179499691092158,0.5194112451436106,25,30,0
22,2447,0.04395355056467043,0.359858527465701,0.07677667682808863,0.519411245141539,25,30,0
22,2448,0.04396781981209938,0.35984418011696334,0.07677675463824438,0.5194112454326919,25,30,0
22,2449,0.04396988557682192,0.3598441801186321,0.07677676838355571,0.5194091659209892,25,30,0
22,2450,0.04396902720451313,0.3598441801186067,0.07677688208888875,0.5194099105879906,25,30,0
22,2451,0.04396902446142156,0.3598552510479637,0.07676581389786712,0.5194099105927469,25,30,0
22,2452,0.043732782040400695,0.3598552510453052,0.07676574281557844,0.5196462240987149,25,30,0
22,2453,0.04373779863636504,0.359842357291591,0.07677361994950183,0.5196462241225411,25,30,0
22,2454,0.043736945784936546,0.35940672620231984,0.07721010387574916,0.5196462241369944,25,30,0
22,2455,0.04356098702498927,0.3594067262001088,0.07720748047464532,0.5198248063002558,25,30,0
22,2456,0.043560040931535544,0.35940672620006403,0.07720736135757923,0.5198258715108204,25,30,0
22,2457,0.043558880185829055,0.35984450306961685,0.07677074523861985,0.5198258715059335,25,30,0
22,2458,0.0435589515409708,0.35984403833216455,0.07677113862050494,0.5198258715063592,25,30,0
22,2459,0.043559810556770946,0.35984403833219125,0.07677110747655083,0.5198250436344865,25,30,0
22,2460,0.043559932923164284,0.35984403833218287,0.07677110781296818,0.5198249209316841,25,30,0
22,2461,0.04356297204888175,0.35866979678254696,0.07794231023265574,0.5198249209359148,25,30,0
22,2462,0.04356207665940171,0.35866979678255684,0.0779422294448955,0.5198258971131452,25,30,0
22,2463,0.04356503837671686,0.35866979678250255,0.07794222450373217,0.5198229403370478,25,30,0
22,2464,0.04356801799224451,0.3586697967824842,0.07794206878252853,0.519820116442742,25,30,0
22,2465,0.04356502291701627,0.3586697967824756,0.07794218453669732,0.5198229957638101,25,30,0
22,2466,0.04356205753561979,0.35866979682620703,0.07794514987436786,0.5198229957638072,25,30,0
22,2467,0.04355814951202487,0.3586697968261452,0.07794506171949638,0.5198269919423353,25,30,0
22,2468,0.04355802807943092,0.35866979682615363,0.0779450618591905,0.5198271132352263,25,30,0
22,2469,0.04354808446797206,0.35985150880120437,0.07677329349970362,0.5198271132311199,25,30,0
22,2470,0.04354838398025896,0.35985150880124195,0.07677492195497622,0.5198251852635227,25,30,0
22,2471,0.04360639375625643,0.35985150880076266,0.07677506898889726,0.5197670284540835,25,30,0
22,2472,0.04360544766603906,0.35985245876285427,0.07677506512662971,0.5197670284444768,25,30,0
22,2473,0.04367431366595908,0.35978338595073567,0.07677527151538026,0.5197670288679249,25,30,0
22,2474,0.04366929402967672,0.35979627071591785,0.07676740640826407,0.519767028846141,25,30,0
22,2475,0.043906599890208564,0.35955883046444237,0.07676754078957966,0.5197670288557691,25,30,0
22,2476,0.043914217549935915,0.3595588304644838,0.07676591854698403,0.519761033438596,25,30,0
22,2477,0.04085662290757467,0.3595588255069269,0.07726679427454788,0.5223177573109518,25,30,0
22,2478,0.04085355855426943,0.3595618908511096,0.07726679328847083,0.5223177573061509,25,30,0
22,2479,0.03982567217844065,0.3595618912464532,0.07829470115484002,0.5223177354202668,25,30,0
22,2480,0.039828615658811815,0.35955894816253836,0.07829470076314464,0.5223177354155059,25,30,0
22,2481,0.039825635018963385,0.3595589481625304,0.07829481580579366,0.5223206010127132,25,30,0
22,2482,0.039823585874563486,0.35955894816086187,0.0782948053902608,0.5223226605743144,25,30,0
22,2483,0.039819486271175965,0.35955894816082595,0.07829477387434437,0.5223267916936538,25,30,0
22,2484,0.039822516984880506,0.3595589481608257,0.07829476973245299,0.5223237651218411,25,30,0
22,2485,0.039819539824650654,0.35955894816081724,0.0782963927320972,0.5223251192824351,25,30,0
22,2486,0.03982052492701667,0.359546705464006,0.07830765032150262,0.5223251192874756,25,30,0
22,2487,0.039809611294254484,0.3595467054639353,0.07830764422425468,0.5223360390175564,25,30,0
22,2488,0.03980966478468399,0.35954670546390005,0.07830764315588415,0.522335986595533,25,30,0
22,2489,0.03980978613620531,0.35954670546391854,0.07830755658419068,0.5223359518156862,25,30,0
22,2490,0.03975278364655201,0.35954670546384504,0.07830736694821029,0.5223931439413936,25,30,0
22,2491,0.03975378183970775,0.35954570042863593,0.07830737378546072,0.5223931439461965,25,30,0
22,2492,0.03989041034294499,0.3603484039353582,0.07736804176130159,0.5223931439603966,25,30,0
22,2493,0.03982154589503315,0.3604169424236221,0.07736836814195451,0.5223931435393916,25,30,0
22,2494,0.04089455438827403,0.36041694195968654,0.07629536321327303,0.5223931404387678,25,30,0
22,2495,0.04089152304172987,0.3604169419596871,0.07629540410001567,0.5223961308985687,25,30,0
22,2496,0.040893590708442173,0.3604169419596519,0.07629540112084303,0.5223940662110638,25,30,0
22,2497,0.040893471519754296,0.3604169419596339,0.07629537183351831,0.5223942146870943,25,30,0
22,2498,0.04074454943926416,0.36041694367954746,0.07644417852280563,0.5223943283583836,25,30,0
22,2499,0.04074451305579479,0.3604169436795393,0.07644417849905419,0.5223943647656123,25,30,0
22,2500,0.04073680900296188,0.35961411235360363,0.07725471345996517,0.5223943651834713,25,30,0
22,2501,0.040630053232931,0.3596139870852905,0.07736157362398485,0.5223943860577956,25,30,0
22,2502,0.04063320820018682,0.35961398708532805,0.07736388041905706,0.52238892429543,25,30,0
22,2503,0.040869622242338303,0.3596139870879955,0.07736410368586752,0.5221522869838006,25,30,0
22,2504,0.04086739708735895,0.3596139870879935,0.07736191581158491,0.5221567000130645,25,30,0
22,2505,0.040867521913486346,0.3596139870879674,0.0773635559173715,0.5221549350811767,25,30,0
22,2506,0.0406332815388792,0.35984835167103824,0.0773634317184503,0.5221549350716336,25,30,0
22,2507,0.04063638307303782,0.3598483516710381,0.07736339136062133,0.522151873895304,25,30,0
22,2508,0.0406433019791523,0.35984144197851436,0.07736338214465363,0.5221518738976805,25,30,0
22,2509,0.040646350518228076,0.35984144197853185,0.0773633843826976,0.5221488231205431,25,30,0
22,2510,0.04064323298163429,0.3598414419785317,0.07736349979219902,0.5221518252476356,25,30,0
22,2511,0.04064337457972662,0.3598414419790767,0.07736358219505492,0.5221516012461423,25,30,0
22,2512,0.03996765958415047,0.3598414402694061,0.07803941739560886,0.5221514827508353,25,30,0
22,2513,0.039964611932377984,0.3598414402694063,0.07803941942766451,0.5221545283705519,25,30,0
22,2514,0.03996557368929376,0.3598414402694407,0.07803779978767257,0.5221551862535936,25,30,0
22,2515,0.03996471311217315,0.3598428483283007,0.07803725230290094,0.5221551862566256,25,30,0
22,2516,0.03995775434717532,0.35984980953977114,0.0780372498634902,0.5221551862495633,25,30,0
22,2517,0.039963744591630844,0.3598498095397709,0.0780371340145846,0.5221493118540134,25,30,0
22,2518,0.039970665154878245,0.35984249363048515,0.07803752936848082,0.5221493118461555,25,30,0
22,2519,0.03973729780989386,0.35984249362781723,0.0780373060882566,0.5223829024740322,25,30,0
22,2520,0.03973741912816158,0.3598424936278437,0.07803719162278554,0.5223828956212091,25,30,0
22,2521,0.039730499349026484,0.35984249362780896,0.07803718860876134,0.522389818414403,25,30,0
22,2522,0.03973349801233856,0.3598424936277825,0.07804189028612865,0.5223821180737501,25,30,0
22,2523,0.039731360345859584,0.35984249362785725,0.07812946005208804,0.522296685974195,25,30,0
22,2524,0.039733410618175535,0.3598517046978253,0.07811819871492336,0.5222966859690756,25,30,0
22,2525,0.039780337067713264,0.359851946129924,0.07807105209799928,0.5222966647043643,25,30,0
22,2526,0.039796450721514776,0.35985194613097027,0.07807111746820375,0.5222804856793121,25,30,0
22,2527,0.03977737547766432,0.35985194612990606,0.07807105075341922,0.5222996276390114,25,30,0
22,2528,0.039788289066646707,0.3598519461299949,0.07807106017079696,0.5222887046325624,25,30,0
22,2529,0.03978830596676082,0.35985194613000343,0.07807106079446027,0.5222886871087762,25,30,0
22,2530,0.03972059076200097,0.35985170469928746,0.07813746662922257,0.5222902379094899,25,30,0
22,2531,0.039842104841999675,0.3598517047015011,0.07801630019632105,0.5222898902601786,25,30,0
22,2532,0.03989365693258737,0.35985170470156336,0.08253054033509657,0.5177240980307531,25,30,0
22,2533,0.03988675390477539,0.3598586102383681,0.08253053783078097,0.5177240980260759,25,30,0
22,2534,0.03988680812754759,0.3598270861291092,0.08256200770765398,0.5177240980356896,25,30,0
22,2535,0.03989279827360293,0.35982708612906905,0.08246973781082664,0.5178103777865017,25,30,0
22,2536,0.039893819081045154,0.3598270861291234,0.08246984598802032,0.5178092488018112,25,30,0
22,2537,0.03989683088494681,0.3598555431893763,0.08243837712616671,0.5178092487995103,25,30,0
22,2538,0.039896883578282534,0.3598555431893765,0.0824383771440011,0.5178091960883398,25,30,0
22,2539,0.03988996206800574,0.3598628673867465,0.08243797445690718,0.5178091960883404,25,30,0
22,2540,0.03988982172080955,0.3598628673862018,0.08243789058275196,0.517809420310236,25,30,0
22,2541,0.039893603935199896,0.3598628673862536,0.08243625480626639,0.5178072738722792,25,30,0
22,2542,0.0398976667738905,0.359862867386316,0.0824362607539109,0.5178032050858815,25,30,0
22,2543,0.03993892129396396,0.3598628673646493,0.08495046682013627,0.5152477445212471,25,30,0
22,2544,0.03745096142449586,0.35986286898562364,0.08743805504662162,0.5152481145432567,25,30,0
22,2545,0.03893699562305802,0.3598628684971928,0.08593776448724373,0.5152623713925033,25,30,0
22,2546,0.03893719151302134,0.35986286849725574,0.0859377685936395,0.5152621713960814,25,30,0
22,2547,0.03898099675248969,0.35981848675754385,0.08593834537731271,0.5152621711126522,25,30,0
22,2548,0.041957365837641244,0.3598184908895656,0.08296315555968457,0.515260987713107,25,30,0
22,2549,0.005692464810605966,0.3598184904542658,0.1192424702064205,0.5152465745287038,25,30,0
22,2550,0.00568842288056724,0.3598184904542749,0.11924255348263993,0.5152505331825143,25,30,0
22,2551,0.005685373981503098,0.3598184904542569,0.11924255476753373,0.5152535807967028,25,30,0
22,2552,0.00568744134573199,0.35981849045422293,0.11924417310709474,0.5152498950929472,25,30,0
22,2553,0.005686436262633692,0.359818490454187,0.11924414825270889,0.5152509250304674,25,30,0
22,2554,0.005689288003819381,0.35981849045416114,0.11924422682420337,0.5152479947178131,25,30,0
22,2555,0.005810726592490819,0.35981849045630343,0.11924443503236032,0.5151263479188426,25,30,0
22,2556,0.005686288410673212,0.3598184904541257,0.11924413969369957,0.5152510814414988,25,30,0
22,2557,0.005627284683704328,0.359878151569776,0.11924348231737719,0.5152510814291398,25,30,0
22,2558,0.005629350761389487,0.3598760912649035,0.11924347654452537,0.5152510814291795,25,30,0
22,2559,0.005632328932672167,0.3598760912649119,0.11924347403647148,0.5152481057659423,25,30,0
22,2560,0.005632347166333766,0.35987609126492986,0.11924347605247691,0.5152480855162572,25,30,0
22,2561,0.00563536093249058,0.35987306727385066,0.11924348627259657,0.51524808552106,25,30,0
22,2562,0.005632346800102575,0.3598730672738145,0.11924340466601857,0.5152511812600621,25,30,0
22,2563,0.005635271428002378,0.3598730672737871,0.11924340268836092,0.5152482586098474,25,30,0
22,2564,0.005586699571654222,0.3598730672737069,0.11472918991710433,0.519811043237532,25,30,0
22,2565,0.005582635520044855,0.35944137963298034,0.1151649416144247,0.5198110432325468,25,30,0
22,2566,0.005580566595140897,0.35987904213725985,0.11472934803053006,0.5198110432370658,25,30,0
22,2567,0.003088390047753563,0.35987903800965193,0.11370470683937234,0.5233278651032185,25,30,0
22,2568,0.0030884061137637937,0.3598790380096979,0.11370938317512748,0.5233231727014072,25,30,0
22,2569,0.0030885980970975667,0.359878661977681,0.11370956722848655,0.5233231726967312,25,30,0
22,2570,0.0030855411062634987,0.3598786619776626,0.11371418587951945,0.523321611036551,25,30,0
22,2571,0.0030856480026959458,0.3598708277693927,0.11372191319139685,0.5233216110365114,25,30,0
22,2572,0.0030866139559534932,0.3598708277694447,0.11372180119123493,0.523320757083364,25,30,0
22,2573,0.0030857568737749173,0.3598714641643661,0.11372202188319411,0.5233207570786619,25,30,0
22,2574,0.0030857237706435896,0.3598714641644012,0.11372040169564174,0.5233224103693105,25,30,0
22,2575,0.0030858388883972326,0.3598714641644474,0.1137223071053361,0.5233203898418163,25,30,0
22,2576,0.0030778705440324123,0.35987146416435883,0.11372238039034327,0.5233282849012625,25,30,0
22,2577,0.0030754694955123685,0.35987146415581045,0.11372648857680272,0.5233265777718717,25,30,0
22,2578,0.0030731926859152337,0.3598424648357297,0.11375776469955166,0.523326577778801,25,30,0
22,2579,0.0030662731062424254,0.3598424648356855,0.11375775902556753,0.5233335030325024,25,30,0
22,2580,0.003135869984598121,0.3598424648378441,0.14898748750972615,0.4880341776678296,25,30,0
22,2581,0.0031398298589572697,0.3598424648378789,0.14898749123784844,0.48803021406531305,25,30,0
22,2582,0.0031428107565352713,0.3598391008891628,0.14898787428668936,0.4880302140676107,25,30,0
22,2583,0.003144824862151931,0.3598681400144323,0.14895682106056277,0.48803021406285124,25,30,0
22,2584,0.0031479617402838025,0.35986814001442463,0.14895682202349192,0.48802707622179775,25,30,0
22,2585,0.0030804865158123016,0.3598681462703252,0.15361640649925135,0.4834349607146093,25,30,0
22,2586,0.0030803807497283564,0.35986825507625375,0.15361640345945124,0.4834349607145645,25,30,0
22,2587,0.003084234088737768,0.3598682550763057,0.1536164887544509,0.4834310220805035,25,30,0
22,2588,0.0030842336259894808,0.35986863669952945,0.15361610758651426,0.48343102208796473,25,30,0
22,2589,0.003111556288135571,0.3444274403828209,0.16902998111331535,0.48343102221572687,25,30,0
22,2590,0.003107632413221831,0.3444274403827866,0.16902997812327908,0.4834349490807115,25,30,0
22,2591,0.0031117965131845604,0.34318532819755043,0.1702679258921993,0.4834349493970647,25,30,0
22,2592,0.003114671160450092,0.3431853281975416,0.17026792522752074,0.48343207541448663,25,30,0
22,2593,0.003118579013051764,0.3431853281975305,0.17026322423997045,0.4834328685494468,25,30,0
22,2594,0.0031214515333737335,0.3431853281976098,0.17025662690622287,0.48343659336279315,25,30,0
22,2595,0.0031233776224286595,0.3431853281976715,0.17025663522443757,0.48343465895546145,25,30,0
22,2596,0.003361606529365263,0.34318532820289127,0.170627686107757,0.4828253791599858,25,30,0
22,2597,0.001491906224692748,0.34318532747330205,0.17249759861390287,0.4828251676881014,25,30,0
22,2598,0.0014958825788483842,0.3431853274732205,0.17249767419575107,0.48282111575217884,25,30,0
22,2599,0.001495812770148126,0.3431853972981774,0.17249767417962475,0.48282111575204867,25,30,0
22,2600,0.0014937073809758626,0.343185391042056,0.1725961175959984,0.48272478398096813,25,30,0
22,2601,0.0014937052392002765,0.34318539104205587,0.17259606337235148,0.48272484034639107,25,30,0
22,2602,0.0413614563194877,0.34318539104510565,0.13272831303182256,0.4827248396035842,25,30,0
22,2603,0.04136830778409396,0.3431785305741112,0.1327283220358309,0.48272483960596413,25,30,0
22,2604,0.04136828984704648,0.34317853057408426,0.1327283214331743,0.4827248581456957,25,30,0
22,2605,0.041371144499324955,0.3431760618244733,0.13272793552361792,0.48272485815258487,25,30,0
22,2606,0.04137114447155314,0.34317606182448246,0.13272785368224171,0.48272494002172356,25,30,0
22,2607,0.04136424239143982,0.34317606182445665,0.13272785136767604,0.48273184441642797,25,30,0
22,2608,0.041427151438148326,0.34317606182709265,0.13272802028892733,0.48266876644583206,25,30,0
22,2609,0.00610197462439871,0.3431838796429,0.1680453803785029,0.4826687653541992,25,30,0
22,2610,0.006102012111578859,0.34318383818600395,0.16804538435047708,0.4826687653519408,25,30,0
22,2611,0.006096076973483367,0.3431892583831179,0.16804589929815678,0.4826687653452425,25,30,0
22,2612,0.006096147060309959,0.34318917877577787,0.1680459088233895,0.48266876534052344,25,30,0
22,2613,0.006328326953672245,0.34419460344579095,0.16680830427773316,0.4826687653228042,25,30,0
22,2614,0.0063214228054005,0.3441946034457742,0.16680830302530375,0.48267567072352213,25,30,0
22,2615,0.006321528511787002,0.34419450439129823,0.16680829637339165,0.4826756707235229,25,30,0
22,2616,0.00631748291378916,0.34419450439124555,0.16680829200521688,0.4826797206897483,25,30,0
22,2617,0.006104086739043029,0.3441945044204208,0.1273362337788167,0.5223651750617178,25,30,0
22,2618,0.006104102847458242,0.3441945044204301,0.12733623593108734,0.5223651568010227,25,30,0
22,2619,0.0015456298263809565,0.3441866872373243,0.1319025267633573,0.5223651561729364,25,30,0
22,2620,0.0028616245187087583,0.3441892557875871,0.13057155874578888,0.5223775609479137,25,30,0
22,2621,0.002623425453403972,0.3444281607441973,0.13057085314804684,0.5223775606543504,25,30,0
22,2622,0.0025959958609988896,0.35987719115551664,0.1151492524568575,0.5223775605266261,25,30,0
22,2623,0.002598937241509088,0.3598771911554991,0.11514925176723531,0.5223746198357556,25,30,0
22,2624,0.002596080201275495,0.35987205712789366,0.11515724282529588,0.522374619845534,25,30,0
22,2625,0.0025261992876656285,0.35987205712521386,0.11515698823769138,0.5224447553494284,25,30,0
22,2626,0.0025272684962659945,0.35987205712514375,0.11515698120488921,0.5224436931737003,25,30,0
22,2627,0.002530194919769076,0.3598720571251345,0.11515697909326952,0.522440768861826,25,30,0
22,2628,0.0025300031349643724,0.359872772530733,0.1151564554797153,0.5224407688545865,25,30,0
22,2629,0.002532191882701585,0.3598555033506803,0.11517153591926664,0.5224407688473507,25,30,0
22,2630,0.0025292130816518456,0.35985550335067223,0.11517150781967586,0.5224437757479992,25,30,0
22,2631,0.002529373608095744,0.3598555033506824,0.11517378896075968,0.5224413340804612,25,30,0
22,2632,0.0022930895574163022,0.3598555033455323,0.1148093450837179,0.5230420620133323,25,30,0
22,2633,0.0022951167841737353,0.3598540000072544,0.11480882119568074,0.5230420620128897,25,30,0
22,2634,0.0022937821545902203,0.3598626826509321,0.11480147316734648,0.5230420620271298,25,30,0
22,2635,0.0022632426815979052,0.35986268261954335,0.1145316668345512,0.5233424078643063,25,30,0
22,2636,0.0010110936484724355,0.35986012230355113,0.11579878069733207,0.5233300033506432,25,30,0
22,2637,0.0010142126135664563,0.3598644798757701,0.11579130416243041,0.5233300033482319,25,30,0
22,2638,0.00101128285637718,0.3598674015401802,0.1157913122479867,0.5233300033554552,25,30,0
22,2639,0.0010082328552735728,0.35986740154019786,0.11579131402183421,0.5233330515826942,25,30,0
22,2640,0.0010083381531176578,0.3598673028929625,0.11579130737122431,0.5233330515826944,25,30,0
22,2641,0.0012551479284237613,0.3598673028931904,0.11579144978227943,0.5230860993961055,25,30,0
22,2642,0.0012550263179379048,0.3598674231154061,0.11579145117773507,0.5230860993889201,25,30,0
22,2643,0.0012520826846794564,0.35987078406078366,0.11579103386565649,0.5230860993888793,25,30,0
22,2644,0.0012519636079218676,0.3598703480835079,0.11579158891742741,0.5230860993911418,25,30,0
22,2645,0.0012529444896943603,0.35987034808354273,0.11579819719645051,0.5230785102303115,25,30,0
22,2646,0.0019370056668853363,0.35987034848206234,0.11511412320376425,0.5230785226472888,25,30,0
22,2647,0.001934993148843283,0.3598703484821062,0.1152063941718926,0.5229882641971587,25,30,0
22,2648,0.0013318484007183498,0.35987034847384614,0.11932638021769998,0.5194714229077332,25,30,0
22,2649,0.0013289221194635566,0.3598732743347955,0.1193263806379208,0.5194714229078177,25,30,0
22,2650,0.0013287099785843103,0.3598732743347944,0.11932410025255391,0.5194739154340651,25,30,0
22,2651,0.0013361540589075455,0.3598732787780427,0.11931544515805605,0.5194751220049914,25,30,0
22,2652,0.0013401823067277438,0.35984685626520113,0.11933783943042629,0.5194751219976426,25,30,0
22,2653,0.001272812952220626,0.359846851836603,0.1194052135202195,0.5194751216909533,25,30,0
22,2654,0.0012726032438785159,0.35984705623282076,0.11940521883259318,0.5194751216907042,25,30,0
22,2655,0.0012726205725797197,0.35984705623283075,0.11940521958715086,0.5194751036074354,25,30,0
22,2656,0.001272658236870297,0.35984705623281354,0.11940521677878993,0.5194750687515232,25,30,0
22,2657,0.0015059400576637504,0.3598475366594107,0.1191714545268114,0.5194750687561109,25,30,0
22,2658,0.0015058715697201077,0.3598475976810579,0.11917146200016403,0.5194750687490559,25,30,0
22,2659,0.0015068013926690272,0.3598466454543883,0.11917148439899862,0.5194750687539419,25,30,0
22,2660,0.013413703767074278,0.35984664505483926,0.10726462276822246,0.5194750284098617,25,30,0
22,2661,0.0008257871025977228,0.3598466450540094,0.1198525509230837,0.519475016920307,25,30,0
22,2662,0.0008278017611740044,0.3598466450539656,0.11976028140691572,0.5195652717779425,25,30,0
22,2663,0.0008307990394082851,0.3598466450539919,0.119760282354334,0.5195622735522636,25,30,0
22,2664,0.000830799060148196,0.3598466450539916,0.11976028438535273,0.5195622715005047,25,30,0
22,2665,0.0008532786851335152,0.3598240742164457,0.11976037557427494,0.5195622715241431,25,30,0
22,2666,0.0008533305527973307,0.35981684457445534,0.11976755335094462,0.5195622715218,25,30,0
22,2667,0.0008533293298227467,0.35981684457445495,0.11976755131873523,0.5195622747769842,25,30,0
22,2668,0.0008513144022408821,0.3598168445744717,0.11976755600712506,0.5195642850161596,25,30,0
22,2669,0.000828696198013541,0.35983955481013735,0.11976746399936657,0.5195642849924798,25,30,0
22,2670,0.0008307282348863697,0.359829810284544,0.11977517648808782,0.5195642849924792,25,30,0
22,2671,0.000830726892219203,0.3598375450590989,0.1197674430561597,0.5195642849925196,25,30,0
22,2672,0.0008307794786696758,0.3598150869135578,0.11978984861520957,0.519564284992561,25,30,0
22,2673,0.0005810616145464266,0.35981508691441133,0.11978973857066091,0.5198141129003795,25,30,0
22,2674,0.0006488569108219457,0.35973531755300026,0.11980171234065765,0.5198141131955183,25,30,0
22,2675,0.0006459135654003953,0.35973531755300014,0.11980171032704473,0.5198170585545525,25,30,0
22,2676,0.0006538817511314525,0.3597353175530707,0.1198017974113839,0.5198090032844117,25,30,0
22,2677,0.000652810061470203,0.35973531755314936,0.11980180360473698,0.5198100687806413,25,30,0
22,2678,0.0006568040681576282,0.3597353175532029,0.1198018914063336,0.5198059869723035,25,30,0
22,2679,0.0008843271200832823,0.35973507267427857,0.11957461219419102,0.5198059880114453,25,30,0
22,2680,0.0008802008036984418,0.3597350682311374,0.11957994987745027,0.5198047810877129,25,30,0
22,2681,0.0008812172527423648,0.35973506823107526,0.11957334060404612,0.5198103739121358,25,30,0
22,2682,0.0008803129768344699,0.3597582838050017,0.11955102902475473,0.5198103741934088,25,30,0
22,2683,0.0008773708989676466,0.35975828380500263,0.11955106926911627,0.5198132760269133,25,30,0
22,2684,0.0011185331613644644,0.35975828380765257,0.11955139717112401,0.5195717858598586,25,30,0
22,2685,0.0011215441866858512,0.3597582838076616,0.11955139981809446,0.5195687721875574,25,30,0
22,2686,0.0011214922481925568,0.35975832553240755,0.11955141002950369,0.5195687721898954,25,30,0
22,2687,0.0011106848554170055,0.3597583255323736,0.11955133563792188,0.5195796539742865,25,30,0
22,2688,0.0011077396557534166,0.35975832553237347,0.11955133424480867,0.5195826005670634,25,30,0
22,2689,0.0006469173367641274,0.3597580856215913,0.12001239752049575,0.5195825995211474,25,30,0
22,2690,0.0006449903064023583,0.35976776505961827,0.12000464512239577,0.5195825995115831,25,30,0
22,2691,0.0006420296948701181,0.3597784605593637,0.11999691023894082,0.5195825995068247,25,30,0
22,2692,0.000642082496415899,0.3597784605593464,0.1199969093976938,0.5195825475465431,25,30,0
22,2693,0.0006419784408287455,0.35977846055824697,0.119996876163128,0.5195826848377956,25,30,0
22,2694,0.0006439043937018385,0.35977652843448665,0.11999688232687614,0.5195826848449346,25,30,0
22,2695,0.0005762307090523715,0.3598561849805522,0.11998489976059683,0.5195826845497981,25,30,0
22,2696,0.000575252357318464,0.3598494173178979,0.11999264576993472,0.5195826845548475,25,30,0
22,2697,0.0005732386174097194,0.3598494173179415,0.119992647456915,0.5195846966077324,25,30,0
22,2698,0.0005881975083314268,0.35984941731804754,0.11999265658087489,0.5195697285927449,25,30,0
22,2699,0.0005911258193054633,0.3598494173180382,0.11999265389310826,0.5195668029695469,25,30,0
22,2700,0.0005911262126065064,0.35984941731804765,0.11998604953058026,0.5195734069387644,25,30,0
22,2701,0.0006020924529358349,0.35983776366360376,0.11998673693994003,0.5195734069435192,25,30,0
22,2702,0.0006011448813620807,0.3598464496617336,0.11997899852570097,0.5195734069312029,25,30,0
22,2703,0.000602073124222844,0.3598455201549712,0.11997899978722223,0.5195734069335834,25,30,0
22,2704,0.0006010754194630446,0.3598455201549357,0.11997899562257437,0.5195744088030269,25,30,0
22,2705,0.0008343043626981503,0.3598455201576033,0.11997921745072865,0.5193409580289697,25,30,0
22,2706,0.0008374409787838578,0.35984552015759613,0.11997930087356108,0.5193377379900584,25,30,0
22,2707,0.0008373007145451788,0.3598456416951784,0.11997931958589068,0.5193377380043853,25,30,0
22,2708,0.0008373007510560792,0.3598456416653852,0.11997931957921346,0.5193377380043447,25,30,0
22,2709,0.0008342956309116496,0.3598456416653596,0.11997931117358862,0.5193407515301397,25,30,0
22,2710,0.0006009452899652775,0.3598456416627005,0.11997908752316447,0.5195743255241694,25,30,0
22,2711,0.0005969533325127925,0.33403843463074473,0.1457902865173585,0.5195743255193829,25,30,0
22,2712,0.0005939585281724293,0.3340384346307364,0.1457902857153968,0.5195773211256935,25,30,0
22,2713,0.0005960967543132911,0.3340384346306858,0.14588254531062847,0.5194829233043717,25,30,0
22,2714,0.0005961139041350881,0.3340384346307033,0.14588250707016945,0.5194829443949915,25,30,0
22,2715,0.000597095096365205,0.33403843463074684,0.14588250881548914,0.5194819614573981,25,30,0
22,2716,0.0005971119162214203,0.33403843463073907,0.14588250926351448,0.5194819441895243,25,30,0
22,2717,0.0005950965357686976,0.33404044626455337,0.14588251300560276,0.5194819441940743,25,30,0
22,2718,0.0005941491031514453,0.3340404462645102,0.14588251020136905,0.5194828944309684,25,30,0
22,2719,0.0005901627986456598,0.33404044626449036,0.14588254677402415,0.519486844162839,25,30,0
22,2720,0.000589182163043715,0.33404143151561877,0.1458825421631729,0.5194868441581636,25,30,0
22,2721,0.0005863264000885828,0.33406615005448004,0.14586067940163416,0.5194868441437961,25,30,0
22,2722,0.0005932976792248936,0.3340587929718685,0.14586106520043626,0.5194868441484692,25,30,0
22,2723,0.0005903549686491449,0.33406173534077566,0.14586106553976752,0.5194868441508064,25,30,0
22,2724,0.0006033191409029609,0.3323311802508135,0.1475786564441196,0.5194868441641628,25,30,0
22,2725,0.0005912135279215341,0.33406143621980383,0.1458605060967872,0.5194868441554863,25,30,0
22,2726,0.0005892010179488473,0.3340614362198405,0.14598996457441804,0.5193593981877914,25,30,0
22,2727,0.0005923009239642733,0.3340614362197975,0.14598995197123496,0.5193563108850023,25,30,0
22,2728,0.0005952445579328131,0.3340614362197978,0.14598983814984248,0.5193534810724258,25,30,0
22,2729,0.000827829530103871,0.33499333603910514,0.1448253530623988,0.5193534813683918,25,30,0
22,2730,0.0008238509720778823,0.3608088179083747,0.11901384975121018,0.5193534813683375,25,30,0
22,2731,0.0008208540060284386,0.3608118251202416,0.11901383950773163,0.5193534813659985,25,30,0
22,2732,0.0008210119811753374,0.36081182512026827,0.1190138399549024,0.5193533229436542,25,30,0
22,2733,0.0008200308239547659,0.3608118251202329,0.11901383893382404,0.5193543051219887,25,30,0
22,2734,0.0008261158661793735,0.3608057202047057,0.11901385879230135,0.5193543051368134,25,30,0
22,2735,0.0008291474124326791,0.3608057202047057,0.11901389618437247,0.5193512361984889,25,30,0
22,2736,0.0008329314373944069,0.36080572020478385,0.11901397317281534,0.5193473751850062,25,30,0
22,2737,0.0008329311338865799,0.3608057202047835,0.11901397311214659,0.5193473755491832,25,30,0
22,2738,0.0008320028013721818,0.3608066609994228,0.11901396065235813,0.5193473755468464,25,30,0
22,2739,0.000831950233387463,0.3607847007543932,0.11903597346537596,0.519347375546843,25,30,0
22,2740,0.0008289197064556199,0.3607847007554442,0.11894371270602898,0.5194426668320709,25,30,0
22,2741,0.0008289209656560485,0.35954632275796433,0.1201820894442675,0.5194426668321127,25,30,0
22,2742,0.0008259797122060734,0.3595463227579646,0.1201886938816367,0.5194390036481932,25,30,0
22,2743,0.0008290447243801442,0.3607816402807198,0.11895031134904556,0.519439003645854,25,30,0
22,2744,0.0010683325974644524,0.36078164028288223,0.11895049790298248,0.5191995292166706,25,30,0
22,2745,0.0008415343880014463,0.35984976267583213,0.12010852516417322,0.5192001777719942,25,30,0
22,2746,0.0009113081526996684,0.3598497626774768,0.12011534167707223,0.5191235874927524,25,30,0
22,2747,0.0009104520307297108,0.35985061185027206,0.12011534863091866,0.5191235874880805,25,30,0
22,2748,0.0009054756301967316,0.3598506118502815,0.12011682006991801,0.5191270924496043,25,30,0
22,2749,0.0009025666780381696,0.3598506118503002,0.1201168194587342,0.5191300020129277,25,30,0
22,2750,0.0009007408579559033,0.3594163199903019,0.1205529371304242,0.5191300020213184,25,30,0
22,2751,0.0008309300536538913,0.3594163199876133,0.12054611810155907,0.5192066318571742,25,30,0
22,2752,0.0008379028346445956,0.3594163199876572,0.12054612265900307,0.5191996545186958,25,30,0
22,2753,0.0008438961333836407,0.35941631998764706,0.12041666965825065,0.5193231142207194,25,30,0
22,2754,0.0008469091740734684,0.3582414647556888,0.12158851184939533,0.5193231142208429,25,30,0
22,2755,0.0008498510210093028,0.3582414647556882,0.1215885117867023,0.5193201724366008,25,30,0
22,2756,0.0008429296790207462,0.3582414647556529,0.12158850730880982,0.519327098256517,25,30,0
22,2757,0.0008498522534077319,0.35824146475568824,0.1326414021232972,0.5082672808676073,25,30,0
22,2758,0.0008499735875197138,0.3582304156949105,0.1326523298498799,0.5082672808676904,25,30,0
22,2759,0.0008478355615290222,0.3565146068191277,0.1343702767469751,0.5082672808723685,25,30,0
22,2760,0.0008409828933869052,0.35651460681910174,0.12331738261375684,0.5193270276737548,25,30,0
22,2761,0.0008367351505737214,0.35651461125276784,0.12325283362955032,0.5193958199671086,25,30,0
22,2762,0.0008324756425894048,0.3569549988716318,0.1228167055419292,0.5193958199438502,25,30,0
22,2763,0.0008294964255482065,0.35695499887165094,0.12281674895907094,0.5193987557437304,25,30,0
22,2764,0.0008235211321444167,0.3569386613747887,0.12283906203013126,0.5193987554629365,25,30,0
22,2765,0.039122814177348524,0.3569386613864218,0.08453975392646454,0.5193987705097661,25,30,0
22,2766,0.039122863774295795,0.3569386613864946,0.08453315752389992,0.5194053173153105,25,30,0
22,2767,0.0391209555201456,0.356938661386478,0.0845331567961951,0.5194072262971821,25,30,0
22,2768,0.03912606053050668,0.35694444006326004,0.08452227296346417,0.5194072264427697,25,30,0
22,2769,0.03912902154815159,0.3569444400632603,0.08452231310344419,0.5194042252851448,25,30,0
22,2770,0.03913596035347516,0.35694444006321413,0.08452231056061234,0.5193972890226992,25,30,0
22,2771,0.03913078668529106,0.3569496554155881,0.08452226902200856,0.5193972888771131,25,30,0
22,2772,0.03913078700409154,0.3569496554155971,0.08452226971332528,0.5193972878669868,25,30,0
22,2773,0.039132025339748404,0.3569496554155478,0.08452236682011502,0.519395952424589,25,30,0
22,2774,0.03913316647344352,0.3569496554154869,0.08452073633426824,0.5193964417768017,25,30,0
22,2775,0.0391261775413039,0.3569496554154611,0.08452073138453695,0.5194034356586984,25,30,0
22,2776,0.03912910552967212,0.35694965541545043,0.08452073063043283,0.519400508424445,25,30,0
22,2777,0.03912616219067154,0.35694965541545043,0.08452064955730275,0.5194035328365756,25,30,0
22,2778,0.03912838714337164,0.3586653644305898,0.08280271557712778,0.5194035328489107,25,30,0
22,2779,0.03912842083428897,0.35866536443058084,0.08280267410626717,0.519403540628863,25,30,0
22,2780,0.039128302714564876,0.35866536443165975,0.08280284029360359,0.5194034925601722,25,30,0
22,2781,0.0391252015569301,0.3598402881585639,0.08163101772437574,0.51940349256013,25,30,0
22,2782,0.03913212169004443,0.359833357755295,0.08163102798968506,0.5194034925649753,25,30,0
22,2783,0.039129896398160474,0.3598350416724464,0.0816315693766704,0.5194034925527226,25,30,0
22,2784,0.039116695202452846,0.35983504167239844,0.08163146184524404,0.5194168012799046,25,30,0
22,2785,0.03910977413153552,0.3598419822782412,0.08163144231286446,0.5194168012773588,25,30,0
22,2786,0.039109796653979914,0.35984183716448537,0.08163156490187003,0.5194168012796647,25,30,0
22,2787,0.03910386983485148,0.35984181495304246,0.0816381627841988,0.519416152427906,25,30,0
22,2788,0.039103887109539166,0.3598418149530518,0.08163816345360785,0.5194161344838001,25,30,0
22,2789,0.03910387112356173,0.3598418149530601,0.08163816402470492,0.5194161498986727,25,30,0
22,2790,0.0388673877446553,0.3598418149508793,0.08163797611319293,0.5196528211912718,25,30,0
22,2791,0.039144736421512956,0.3442372137550656,0.09696521378085601,0.5196528360425664,25,30,0
22,2792,0.03914472132735711,0.30535787144272036,0.13584457118968482,0.5196528360402367,25,30,0
22,2793,0.03913792659417874,0.3053650530296058,0.1358441843308661,0.5196528360453473,25,30,0
22,2794,0.03913885653955316,0.30536411597067253,0.13584419144208626,0.5196528360476861,25,30,0
22,2795,0.039135719455763204,0.30536411597064506,0.13584430578977041,0.5196558587838194,25,30,0
22,2796,0.0391357178708722,0.305364115970644,0.13584430528469713,0.5196558608737848,25,30,0
22,2797,0.03913571783804577,0.30536411597064406,0.13584430383757415,0.5196558623537347,25,30,0
22,2798,0.03913571661703026,0.3053641159706439,0.13584430384114912,0.5196558635711753,25,30,0
22,2799,0.03913854844924749,0.3053836927964304,0.13582189518600213,0.5196558635683182,25,30,0
22,2800,0.039372178797507505,0.3053977814121827,0.13557417582057754,0.5196558639697298,25,30,0
22,2801,0.03937215962099895,0.30539778141212165,0.1355741733777572,0.5196558855891205,25,30,0
22,2802,0.039375105544681266,0.30539778141212875,0.13557417188243429,0.519652941160754,25,30,0
22,2803,0.03944398798683227,0.3053183858471429,0.13558468457711395,0.5196529415889087,25,30,0
22,2804,0.039440991939094734,0.3053183858471257,0.13558472634150515,0.5196558958722725,25,30,0
22,2805,0.03944328748964541,0.305316088248956,0.1355847283887811,0.5196558958726154,25,30,0
22,2806,0.03944343565295017,0.3042320498506735,0.13666861862098412,0.5196558958753907,25,30,0
22,2807,0.03937662090671917,0.30428752430061295,0.1366799593501873,0.5196558954424791,25,30,0
22,2808,0.03937664239936939,0.30428752430060496,0.1366799601944449,0.5196558731055789,25,30,0
22,2809,0.039380622452764545,0.3042875243006308,0.13667996650159497,0.5196518867450084,25,30,0
22,2810,0.03938066314977859,0.3042875243006399,0.1366799241793329,0.5196518883702475,25,30,0
22,2811,0.03961738523525218,0.32880951229857563,0.11192121378865082,0.5196518886775222,25,30,0
22,2812,0.03961824586422446,0.3288095122986018,0.11192124524943202,0.5196509965877425,25,30,0
22,2813,0.039613283188535985,0.3288095122986387,0.11192125002655855,0.5196559544862676,25,30,0
22,2814,0.039846530874864235,0.3288095123017765,0.11192158365028555,0.5194223731730746,25,30,0
22,2815,0.039847621063127836,0.3288095123017251,0.11192381384051314,0.5194190527946347,25,30,0
22,2816,0.03984756324405521,0.32880951230172495,0.11192392926802622,0.5194189951861944,25,30,0
22,2817,0.039610709711777756,0.34427330979978144,0.09669698561451502,0.5194189948739263,25,30,0
22,2818,0.039607799842956315,0.3442733097998005,0.09669698700990229,0.5194219033473414,25,30,0
22,2819,0.03960781530204778,0.34427330979981013,0.09669698629043116,0.5194218886077115,25,30,0
22,2820,0.0396140962324984,0.3436771405859218,0.0972868745748753,0.5194218886067051,25,30,0
22,2821,0.03961405416067493,0.3436771405859028,0.09728691207665223,0.5194218931767708,25,30,0
22,2822,0.03961298554980701,0.34367714058597365,0.09728703472995023,0.5194228391342698,25,30,0
22,2823,0.039617961120900075,0.3436771405859286,0.09728691441780167,0.5194179838753703,25,30,0
22,2824,0.03961797933507929,0.34367711835217685,0.09728691843975384,0.5194179838729905,25,30,0
22,2825,0.03961412521699555,0.3436771183521333,0.0972869172449726,0.5194218391858991,25,30,0
22,2826,0.03961408858824394,0.3436769594420966,0.09728711278380443,0.5194218391858556,25,30,0
22,2827,0.040939302119344746,0.34367696680167303,0.09596190484433195,0.5194218262346507,25,30,0
22,2828,0.040764900991462,0.3436630798921556,0.0961501932684166,0.5194218258479676,25,30,0
22,2829,0.04076495219231248,0.3436630798921383,0.0961501919622456,0.5194217759533055,25,30,0
22,2830,0.04094379871696418,0.3436630798943212,0.09615053465545355,0.5192425867332628,25,30,0
22,2831,0.04094087453857994,0.3436884126074478,0.09612812612071324,0.5192425867332605,25,30,0
22,2832,0.040940840145269795,0.3436884126074288,0.09612812474531018,0.5192426225019925,25,30,0
22,2833,0.040999836945526454,0.34368841260752786,0.09612822735148,0.5191835230954664,25,30,0
22,2834,0.040996841162757376,0.34368841260750976,0.09612822947330668,0.5191865167564269,25,30,0
22,2835,0.04075663176230508,0.3436884126043372,0.09612789078145983,0.5194270648518987,25,30,0
22,2836,0.04075659175080037,0.34367772852953854,0.09613861487011094,0.5194270648495509,25,30,0
22,2837,0.040987710214580676,0.34302368554320706,0.09656153937566544,0.5194270648665478,25,30,0
22,2838,0.04098770992693972,0.34302368554320783,0.09656165353174767,0.5194269509981058,25,30,0
22,2839,0.04099070582400781,0.34302368554320006,0.09656165414554994,0.5194239544872429,25,30,0
22,2840,0.04099368675535145,0.3430236855432083,0.09656165374615226,0.5194209739552885,25,30,0
22,2841,0.040993687063518636,0.3430236855432087,0.09656153838237451,0.5194210890108988,25,30,0
22,2842,0.04059767718466936,0.3430236781781846,0.09695753379116695,0.5194211108459796,25,30,0
22,2843,0.04059769350337859,0.3430236781782016,0.09695753382218789,0.5194210944962324,25,30,0
22,2844,0.040366612374703015,0.34368815759548044,0.09652413554822957,0.5194210944815876,25,30,0
22,2845,0.04036650502175927,0.3419701492745383,0.09824225122203206,0.5194210944816711,25,30,0
22,2846,0.04036661032861856,0.3419701492745646,0.09824233413194516,0.5194209062648724,25,30,0
22,2847,0.04036660987448874,0.34368825570774325,0.09652422815294182,0.5194209062648268,25,30,0
22,2848,0.04036666159195751,0.34368825570775163,0.09652411444328889,0.5194209682570025,25,30,0
22,2849,0.040365695592195106,0.34368825570769906,0.09652408254384215,0.5194219661562643,25,30,0
22,2850,0.04032184134726104,0.3437024578993437,0.09655373460882209,0.5194219661445739,25,30,0
22,2851,0.04031859711950712,0.34369484569711195,0.09656459104361419,0.5194219661397671,25,30,0
22,2852,0.04031853071266815,0.3436948456971198,0.09656231368048994,0.5194243099097227,25,30,0
22,2853,0.04031512085131134,0.3442881367745504,0.09597243247319664,0.5194243099009422,25,30,0
22,2854,0.040312089842506366,0.34428813677453396,0.09597243551002467,0.5194273378729357,25,30,0
22,2855,0.040312072326329246,0.34428813677453346,0.09610191938601133,0.5192978715131267,25,30,0
22,2856,0.04031219324148205,0.3442881367745252,0.09610191980978681,0.5192977501742067,25,30,0
22,2857,0.04037618194973135,0.3589390450795791,0.08138702256840233,0.5192977504022864,25,30,0
22,2858,0.04037711020276086,0.3589390450796052,0.08138717826909492,0.5192966664485382,25,30,0
22,2859,0.04044483995132741,0.35887089269526273,0.08138760033381309,0.5192966670195962,25,30,0
22,2860,0.04044482368373134,0.35887091685423433,0.0813875924425165,0.5192966670195172,25,30,0
22,2861,0.0404419046946858,0.358870912617225,0.07959018538390379,0.5210969973041853,25,30,0
22,2862,0.04061325473255895,0.35887802327463264,0.08128084696331861,0.5192278750294903,25,30,0
22,2863,0.04061645283257399,0.3588433611705106,0.08131231096715003,0.5192278750297661,25,30,0
22,2864,0.04061643494191691,0.35885424420336365,0.08130144582512923,0.5192278750295907,25,30,0
22,2865,0.0406167634592471,0.3588428659683121,0.08131249554270402,0.519227875029737,25,30,0
22,2866,0.040615783189336174,0.3588428659682772,0.08131233907991074,0.519229011762476,25,30,0
22,2867,0.040622740331186694,0.3588428659683201,0.08131222711575074,0.5192221665847426,25,30,0
22,2868,0.04062275692205111,0.35884286596832077,0.08131225471611579,0.5192221223935125,25,30,0
22,2869,0.04062275693405067,0.35881159513165733,0.08134352554069592,0.5192221223935961,25,30,0
22,2870,0.040633566594694026,0.358811595134228,0.08134364750701678,0.5192111907640612,25,30,0
22,2871,0.04063053533332099,0.35881159513425587,0.08134592290103583,0.519211946631387,25,30,0
22,2872,0.0406265572350856,0.358811595134221,0.08134591791559607,0.519215929715097,25,30,0
22,2873,0.04062651004828769,0.3588116353474012,0.08134592488908352,0.5192159297152275,25,30,0
22,2874,0.040626528304007786,0.3588116353474369,0.0813459274281457,0.5192159089204096,25,30,0
22,2875,0.029271571115909053,0.35881163534694077,0.09270090834548374,0.5192158851916664,25,30,0
22,2876,0.02927451255326559,0.3588090804582468,0.09270052179925597,0.5192158851892319,25,30,0
22,2877,0.02927456572593419,0.3588090271382506,0.09270052194654138,0.5192158851892742,25,30,0
22,2878,0.029213755896412983,0.35887024947492824,0.09270010999908114,0.5192158846295778,25,30,0
22,2879,0.02921384657228992,0.3588702494764708,0.09269783704913925,0.5192180669021003,25,30,0
22,2880,0.04104969647619073,0.35887025412208146,0.08086196954413855,0.5192180798575897,25,30,0
22,2881,0.04105352933156309,0.35887025412107987,0.08086180743720091,0.5192144091101565,25,30,0
22,2882,0.04106180642507625,0.35887025412117124,0.08086178626705479,0.5192061531866983,25,30,0
22,2883,0.041054851060483066,0.3588771996125849,0.08086179615389438,0.5192061531730381,25,30,0
22,2884,0.04087888013607922,0.3588771996103926,0.08086145279039629,0.5193824674631322,25,30,0
22,2885,0.04087853409210007,0.3588885900588225,0.0808504083861365,0.5193824674629414,25,30,0
22,2886,0.041114825726659525,0.35865195545823425,0.08085075078845687,0.5193824680266499,25,30,0
22,2887,0.04083933174841199,0.3742547055172522,0.06552350954946821,0.5193824531848684,25,30,0
22,2888,0.0408393317535495,0.37425415312107574,0.06552406194054645,0.5193824531848288,25,30,0
22,2889,0.040595172804438535,0.3742541531183996,0.06552373411588612,0.5196269399612763,25,30,0
22,2890,0.04059508462411023,0.37425415311842636,0.06552373504732122,0.5196270272101425,25,30,0
22,2891,0.029654941492480807,0.3742831603473262,0.07643270641160914,0.5196291917485842,25,30,0
22,2892,0.029655905841830615,0.37428316034736064,0.07643274967243058,0.5196281841383785,25,30,0
22,2893,0.02965597461541786,0.3742831006535336,0.076432740592587,0.5196281841384619,25,30,0
22,2894,0.029423677847424022,0.37451573365117213,0.07643240492184748,0.5196281835795569,25,30,0
22,2895,0.029420745732785584,0.3457667133729888,0.10518435731479363,0.5196281835794301,25,30,0
22,2896,0.029420799435024958,0.3457666206924143,0.10518439628571646,0.5196281835868423,25,30,0
22,2897,0.0294207837665548,0.3457441912984139,0.1052068413482277,0.5196281835868016,25,30,0
22,2898,0.029423762563941035,0.3457441912984226,0.10520684043548095,0.5196252057021533,25,30,0
22,2899,0.029427006869154514,0.3457414914396012,0.1052062959889178,0.5196252057023243,25,30,0
22,2900,0.02942802461431707,0.3457404800164577,0.10520628967399638,0.5196252056952265,25,30,0
22,2901,0.029351602662939732,0.3710609713933254,0.07996222048196838,0.5196252054617659,25,30,0
22,2902,0.029344751904665522,0.37106097139327304,0.07996221761096715,0.519632059091094,25,30,0
22,2903,0.03386072917487591,0.37103196105804415,0.07547742815540372,0.5196298816116759,25,30,0
22,2904,0.03386085155411561,0.3710319610580357,0.07547746854926576,0.5196297188385826,25,30,0
22,2905,0.03386388436487181,0.370624346897561,0.07588204989910836,0.5196297188384587,25,30,0
22,2906,0.03386388561926365,0.37105999921749444,0.07544639632478231,0.5196297188384595,25,30,0
22,2907,0.03387068318696415,0.37105999921595845,0.07544639543528392,0.5196229221617932,25,30,0
22,2908,0.033870680737977304,0.37105999921597643,0.07544639572708306,0.5196229243189631,25,30,0
22,2909,0.033867737359042464,0.37105999921597665,0.07544642423089608,0.5196258391940848,25,30,0
22,2910,0.03386499170646882,0.3706258585348789,0.07588331055238917,0.519625839206263,25,30,0
22,2911,0.03386793492013884,0.37062585853487884,0.07588322810974761,0.5196229784352348,25,30,0
22,2912,0.033861961447407864,0.37062585853487917,0.07588322816302048,0.5196289518546924,25,30,0
22,2913,0.040559954598577475,0.3706258569966515,0.06918523708931709,0.5196289513154538,25,30,0
22,2914,0.0405568781658505,0.3706600059857438,0.06915416453318762,0.5196289513152186,25,30,0
22,2915,0.04055682430713615,0.3706600059857348,0.0691541358827025,0.519629033824427,25,30,0
22,2916,0.040432638519799884,0.3706600059828633,0.06927832124227865,0.5196290342550587,25,30,0
22,2917,0.04043463696780649,0.370660005982819,0.06927831895389541,0.5196270380954795,25,30,0
22,2918,0.040437367164012326,0.37107171712256354,0.06886387763037581,0.5196270380830488,25,30,0
22,2919,0.04043728628226093,0.37104034049211765,0.0688953351401089,0.5196270380855129,25,30,0
22,2920,0.040280947577324415,0.3710334827051375,0.06905853139057465,0.5196270383269659,25,30,0
22,2921,0.04028094772269526,0.37103348270513714,0.06892912672277085,0.5197564428493994,25,30,0
22,2922,0.04027814237671207,0.3710334827051648,0.06892912733837171,0.5197592475797538,25,30,0
22,2923,0.04026990162625809,0.3710334827050819,0.06892912013043237,0.51976749553823,25,30,0
22,2924,0.040273176977205616,0.371033482705075,0.06892921355692633,0.5197641267607953,25,30,0
22,2925,0.040275997543336786,0.3710334827050569,0.06892921271002565,0.5197613070415831,25,30,0
22,2926,0.040273050725025905,0.37105832227786356,0.06890731995318979,0.5197613070439229,25,30,0
22,2927,0.040339906708901425,0.37105832228107694,0.06890745520338669,0.519694315806637,25,30,0
22,2928,0.0403389323796458,0.3693408503272016,0.07062590146852409,0.5196943158246304,25,30,0
22,2929,0.040275107857688335,0.3693408503239876,0.07062568319176438,0.5197583586265617,25,30,0
22,2930,0.040615909963621084,0.369340597382899,0.07028513401925202,0.51975835863423,25,30,0
22,2931,0.04061273050323913,0.36937468722604216,0.07025422363912781,0.5197583586315931,25,30,0
22,2932,0.04061704922521549,0.3693706555724087,0.07025393656802839,0.5197583586343497,25,30,0
22,2933,0.04061992290552449,0.36936816862432026,0.07025354983351247,0.5197583586366449,25,30,0
22,2934,0.04062383085228124,0.3693681686243282,0.07025355278646679,0.5197544477369259,25,30,0
22,2935,0.04061985499020298,0.3693681686243021,0.07025354851360978,0.5197584278718872,25,30,0
22,2936,0.040616858391064374,0.369371165192854,0.07025354854666178,0.5197584278694211,25,30,0
22,2937,0.04061990980318195,0.36936092373570695,0.07026073859160294,0.5197584278695095,25,30,0
22,2938,0.04055016824054925,0.3693609237330545,0.07026051523393079,0.5198283927924671,25,30,0
22,2939,0.04055316359322845,0.3693609237330633,0.07026059799131672,0.5198253146823929,25,30,0
22,2940,0.040423071069240896,0.36936092532608916,0.0703906893676954,0.5198253142369758,25,30,0
22,2941,0.04042106539394041,0.37108136542416853,0.06867225496290864,0.519825314218983,25,30,0
22,2942,0.0404280231084293,0.37107442256718537,0.06867224010072417,0.5198253142236617,25,30,0
22,2943,0.04042599046799364,0.37107442256718476,0.06867232303623447,0.5198272639285869,25,30,0
22,2944,0.04042506121519194,0.3710744225671496,0.06867223954126406,0.5198282766763943,25,30,0
22,2945,0.040428170429524984,0.371026332240849,0.06871722065322441,0.5198282766764014,25,30,0
22,2946,0.04042817133759293,0.3710263322408492,0.06871721862405616,0.5198282777975015,25,30,0
22,2947,0.04042811649906994,0.37102604276205603,0.06871756294402288,0.519828277794851,25,30,0
22,2948,0.04043943156098471,0.3710260427642232,0.06871765634860548,0.519816869326186,25,30,0
22,2949,0.040436433163514494,0.37102943079403305,0.06871726671392796,0.519816869328524,25,30,0
22,2950,0.040503302204463146,0.37093722464977674,0.06874260351958666,0.5198168696261726,25,30,0
22,2951,0.040503181658568435,0.3709372246497852,0.06874256311093183,0.519817030580714,25,30,0
22,2952,0.040433260924390396,0.37104022827442007,0.06870948051825382,0.5198170302829352,25,30,0
22,2953,0.04043326399735769,0.37104022827442,0.06870947907677408,0.5198170286514474,25,30,0
22,2954,0.040419901520681506,0.37104022827227806,0.06870938797118169,0.5198304822358578,25,30,0
22,2955,0.040423020480078814,0.3710367139793538,0.06870978330466462,0.5198304822359018,25,30,0
22,2956,0.04042606962840804,0.37103327162777733,0.0687101765078702,0.5198304822359434,25,30,0
22,2957,0.04044095986789063,0.39977034795466837,0.03995820992705058,0.5198304822503897,25,30,0
22,2958,0.04043791076646317,0.399773785096274,0.039957821886660166,0.519830482250602,25,30,0
22,2959,0.04043584414411247,0.399773785096318,0.03995782706098093,0.5198325436985877,25,30,0
22,2960,0.04043152882732965,0.39977821874619607,0.03995770873298123,0.5198325436934923,25,30,0
22,2961,0.040424608634176754,0.39978551903524834,0.039957328646645515,0.5198325436839285,25,30,0
22,2962,0.04042454064102294,0.39978551903523035,0.039957355798182284,0.5198325845255637,25,30,0
22,2963,0.04042450269564965,0.39978569879643233,0.0399572139823108,0.5198325845256064,25,30,0
22,2964,0.04042746305187064,0.39978235166241843,0.03995760076240224,0.5198325845233077,25,30,0
22,2965,0.0404264464207094,0.39978336224918876,0.03995760679710345,0.519832584532998,25,30,0
22,2966,0.040426377778608316,0.3997828794568796,0.039958158231683166,0.5198325845328283,25,30,0
22,2967,0.04042639348859316,0.39860743300688684,0.04113358897173573,0.5198325845327851,25,30,0
22,2968,0.04042618708172034,0.39860743300688484,0.04113351205215308,0.5198328678592425,25,30,0
22,2969,0.04042426345928793,0.3986093692797906,0.041133499411367555,0.5198328678495546,25,30,0
22,2970,0.04042426320589031,0.39860936927978163,0.04113349735232671,0.519832870162002,25,30,0
22,2971,0.04066362036318094,0.39860936928195323,0.0411336860857543,0.5195933242691122,25,30,0
22,2972,0.040662761949308256,0.3986093692819365,0.04113364354520229,0.5195942252235531,25,30,0
22,2973,0.04066276096634705,0.3986093692819367,0.04113364358230998,0.5195942261694065,25,30,0
22,2974,0.04066368615733535,0.3986078889883074,0.04113419868257288,0.5195942261717846,25,30,0
22,2975,0.03466223145596512,0.39860797779677787,0.047135564215320676,0.5195942265319363,25,30,0
22,2976,0.03466222930844437,0.3986079777967776,0.04713556414030891,0.519594228754469,25,30,0
22,2977,0.03468911658109711,0.3986079761136262,0.04710867825037171,0.5195942290549076,25,30,0
22,2978,0.03514627235247496,0.3981500967123026,0.04710940186586217,0.5195942290693624,25,30,0
22,2979,0.035146272922906716,0.3981500967123035,0.0471094014373678,0.5195942289274241,25,30,0
22,2980,0.03514639570138731,0.39815009671229507,0.04710932063471311,0.519594186951606,25,30,0
22,2981,0.03514628866960802,0.3981500967123571,0.047109307523445054,0.5195943070945913,25,30,0
22,2982,0.03514630536524738,0.39815009671238444,0.047109309590686294,0.5195942883316828,25,30,0
22,2983,0.035253937646630075,0.398010707041253,0.0471410666941432,0.5195942886179746,25,30,0
22,2984,0.03525295641962029,0.3980107070412008,0.04714114539188828,0.5195951911472914,25,30,0
22,2985,0.03525395643632074,0.39800970868335234,0.04714114372817982,0.5195951911521476,25,30,0
22,2986,0.03525407701810308,0.39800970868337904,0.047141062688278314,0.5195951516102398,25,30,0
22,2987,0.035247189267926915,0.3980160314056624,0.04714162771361795,0.5195951516127927,25,30,0
22,2988,0.0353219606658583,0.3979413457673447,0.04714154124051165,0.5195951523262853,25,30,0
22,2989,0.03524713739617049,0.3967781839971002,0.04837952699397254,0.5195951516127569,25,30,0
22,2990,0.03525106008557008,0.3967963106867996,0.04835747761011346,0.5195951516175166,25,30,0
22,2991,0.03524811759277882,0.3967963106867738,0.0483640805058033,0.5195914912146439,25,30,0
22,2992,0.035251031412365595,0.3780585699648934,0.06709890740120784,0.519591491221533,25,30,0
22,2993,0.03500240547156415,0.3780585699289151,0.06734753380252496,0.5195914907969963,25,30,0
22,2994,0.0350053680077187,0.3780561753896488,0.06734696580272856,0.5195914907999043,25,30,0
22,2995,0.03500526239614921,0.37805617538962216,0.06734696488642512,0.5195915973278037,25,30,0
22,2996,0.035009222408967526,0.37805617538977254,0.06734697668867519,0.5195876255125849,25,30,0
22,2997,0.03477079388961428,0.3780561753876366,0.06734679099416155,0.5198262397285878,25,30,0
22,2998,0.03477077724995176,0.379200707181029,0.066202275840432,0.5198262397285877,25,30,0
22,2999,0.034766924732839766,0.37920495517843217,0.06620188036489989,0.5198262397238284,25,30,0
22,3000,0.034766854803343655,0.37920495517842306,0.06620187968551448,0.5198263103327188,25,30,0
22,3001,0.034766874551071976,0.37920495517845915,0.06620188230869976,0.519826287961769,25,30,0
22,3002,0.0347638615663524,0.3792049551784401,0.06620188136957829,0.5198293018856295,25,30,0
22,3003,0.034763808331494894,0.379204612404226,0.06620227737384576,0.5198293018904336,25,30,0
22,3004,0.03476294864287023,0.37920461240419967,0.06620227443363738,0.5198301645192926,25,30,0
22,3005,0.03476000276174444,0.38044524939961755,0.06496458331914043,0.5198301645194975,25,30,0
22,3006,0.034761859837929066,0.3804452493996699,0.06497859399708918,0.5198142967653118,25,30,0
22,3007,0.03476478470656976,0.3804452493996689,0.06497198905462333,0.5198179768391382,25,30,0
22,3008,0.03487739770437393,0.3803324429656535,0.06497218248605789,0.5198179768439148,25,30,0
22,3009,0.034883392860431434,0.3803324429656446,0.06497218403660698,0.5198119801373169,25,30,0
22,3010,0.034957174895987125,0.3802589973981917,0.06497184699063042,0.5198119807151909,25,30,0
22,3011,0.03495627591633612,0.39899433290119535,0.04623741047654424,0.5198119807059242,25,30,0
22,3012,0.034957204244782644,0.3989943329012302,0.04623738496652673,0.5198110778874603,25,30,0
22,3013,0.034957273958023505,0.39899501816565375,0.04623662999116264,0.51981107788516,25,30,0
22,3014,0.03496538348454445,0.3989950181657695,0.04623664080785886,0.5198029575418265,25,30,0
22,3015,0.034969342987922265,0.3989950181657875,0.04623664127295779,0.5197989975733318,25,30,0
22,3016,0.034977260345875116,0.39899501816587624,0.04623664622044519,0.5197910752678028,25,30,0
22,3017,0.034974188715618346,0.39904308281987816,0.04619165319670682,0.5197910752677961,25,30,0
22,3018,0.0349741180555174,0.3990211439243226,0.046213662754780976,0.5197910752653783,25,30,0
22,3019,0.03497718403113036,0.3990211439243144,0.046213663175041726,0.5197880088695126,25,30,0
22,3020,0.03497720041696984,0.3990207335245822,0.04621405718400266,0.5197880088744445,25,30,0
22,3021,0.03497627088066406,0.3990207335245471,0.046214055664557864,0.5197889399302301,25,30,0
22,3022,0.039129998030024794,0.3990207341431882,0.011176737422700447,0.5506725304040849,25,30,0
22,3023,0.0391300196591427,0.39903710939638837,0.011160340540159762,0.5506725304043075,25,30,0
22,3024,0.03867378117813382,0.3994940715683726,0.011159616863338726,0.5506725303901534,25,30,0
22,3025,0.03868082719878671,0.3994940715684525,0.011159637699204106,0.550665463533555,25,30,0
22,3026,0.03868178785877901,0.3807583800118441,0.029894368591364025,0.5506654635380118,25,30,0
22,3027,0.03868501461973641,0.3807477960504845,0.02990172578937736,0.5506654635404008,25,30,0
22,3028,0.03868795859338355,0.38074779605048403,0.029901755575787402,0.550662489780344,25,30,0
22,3029,0.038689031222563675,0.3807477960504329,0.02988774273465855,0.5506754299923444,25,30,0
22,3030,0.03868806736085506,0.3807477960503009,0.02988781393109988,0.5506763226577438,25,30,0
22,3031,0.038690169509071094,0.3795074004077486,0.031126107430293298,0.5506763226528861,25,30,0
22,3032,0.03869316604753062,0.37950740040774095,0.031126105884327574,0.5506733276603999,25,30,0
22,3033,0.03869020600627216,0.3795107539370677,0.0311257123939581,0.5506733276627009,25,30,0
22,3034,0.03869008461688876,0.3795107539370764,0.03112571197261539,0.5506734494734185,25,30,0
22,3035,0.038687019144635695,0.3807519262898326,0.029887605092150427,0.5506734494733804,25,30,0
22,3036,0.03867689206555322,0.3807519262897428,0.029889876631475857,0.5506813050132275,25,30,0
22,3037,0.038675963824325615,0.3807519262897167,0.029887594247421215,0.5506845156385358,25,30,0
22,3038,0.03866792458471594,0.38075192628963633,0.029889210822950357,0.5506909383026969,25,30,0
22,3039,0.03866986215261233,0.3807519262902153,0.029889252668139132,0.5506889588890327,25,30,0
22,3040,0.03867344351837199,0.3801609252702919,0.030476672315452747,0.550688958895883,25,30,0
22,3041,0.03867736709373614,0.38016092527030765,0.030476677871947747,0.550685029764008,25,30,0
22,3042,0.03867741708553636,0.3801609252702633,0.030476675370026535,0.5506849822741732,25,30,0
22,3043,0.03868109310730717,0.38016498773443785,0.03046893688426221,0.5506849822739922,25,30,0
22,3044,0.03868403838055799,0.38016164577975153,0.030469333565612895,0.5506849822740771,25,30,0
22,3045,0.03868417728804188,0.3801616457797797,0.030469306355240578,0.5506848705769375,25,30,0
22,3046,0.03868341231451526,0.3982924404993068,0.012339276485120705,0.5506848707010562,25,30,0
22,3047,0.038916843527620044,0.3982924404994237,0.012339379929322838,0.5504513360436324,25,30,0
22,3048,0.03891305540386297,0.39829244049938933,0.012339376285756896,0.5504551278109898,25,30,0
22,3049,0.038913038944334614,0.3982924404993798,0.012339321318018268,0.5504551992382667,25,30,0
22,3050,0.03891205280256912,0.39829343396917305,0.012339313990292566,0.5504551992379646,25,30,0
22,3051,0.03868770882573158,0.3982934339701293,0.012339283570404957,0.5506795736337334,25,30,0
22,3052,0.03452990712086775,0.3982934333514971,0.007391930166989843,0.5597847293606444,25,30,0
22,3053,0.03452791565986163,0.39829343335091766,0.007391888883484195,0.5597867621057354,25,30,0
22,3054,0.03453569370112969,0.39829343335099615,0.007391895473209127,0.5597789774746638,25,30,0
22,3055,0.034533678015178565,0.3982958358989658,0.007391508606344783,0.5597789774795096,25,30,0
22,3056,0.034531681150676945,0.3982958358990012,0.007391483442013247,0.5597809995083074,25,30,0
22,3057,0.03453560547701802,0.39829583589904394,0.007391488553949774,0.5597770700699872,25,30,0
22,3058,0.03452662391132154,0.3982958358980362,0.00748219973219373,0.5596953404584476,25,30,0
22,3059,0.03452262810491784,0.39829583589796713,0.007482181610456409,0.5596993543866577,25,30,0
22,3060,0.03452262745784165,0.39829583589796713,0.007482181652603015,0.5596993549915876,25,30,0
22,3061,0.03440794630910556,0.3983792378198484,0.0075134608896479035,0.5596993549813972,25,30,0
22,3062,0.03440999730711852,0.3984086504871498,0.007481997069192243,0.5596993551365385,25,30,0
22,3063,0.03440798231728273,0.39840865048718505,0.007480380772146426,0.5597029864233845,25,30,0
22,3064,0.034405090620399786,0.3984086504872127,0.0074804247607401005,0.5597058341316461,25,30,0
22,3065,0.03440517777515264,0.39840865048723,0.007480423605614946,0.559705748132001,25,30,0
22,3066,0.03439820403799927,0.39840865048716784,0.007480422490838199,0.5597127229839934,25,30,0
22,3067,0.03439462574211219,0.39899964787462017,0.006893003398560585,0.5597127229847058,25,30,0
22,3068,0.03439164737153537,0.3990026375316153,0.006892992269540606,0.5597127228273076,25,30,0
22,3069,0.03439369669723145,0.39900263753159904,0.00689298667659525,0.5597106790945731,25,30,0
22,3070,0.034393695464605,0.39900282928955444,0.0068927961512680195,0.5597106790945715,25,30,0
22,3071,0.03439376325745102,0.3990028292895641,0.006892796870625936,0.5597106105823579,25,30,0
22,3072,0.03438579321477575,0.39900282928949354,0.006892789342537761,0.5597185881531916,25,30,0
22,3073,0.03440082185331787,0.39900282928959996,0.006892962258766137,0.5597033865983146,25,30,0
22,3074,0.03440387060788713,0.3990028292895824,0.006892959982553284,0.5597003401199758,25,30,0
22,3075,0.03439695124339957,0.39900282928954794,0.006897396712162738,0.5597028227548886,25,30,0
22,3076,0.03439989703352709,0.3989774381246385,0.006919842086946893,0.5597028227548863,25,30,0
22,3077,0.03440012621983626,0.39897743812465786,0.006915404664812452,0.5597070309906923,25,30,0
22,3078,0.03439316760154716,0.3989774381246237,0.006915399552072829,0.5597139947217553,25,30,0
22,3079,0.034393166226237414,0.39897743812461495,0.006915404326091007,0.5597139913230554,25,30,0
22,3080,0.034381150606438066,0.398977438124535,0.006915230776410279,0.5597261804926156,25,30,0
22,3081,0.034381136137251134,0.3989774381245173,0.006915229253849287,0.5597261964843812,25,30,0
22,3082,0.0343142758009388,0.39904455340209716,0.006914974885906422,0.5597261959110567,25,30,0
22,3083,0.03431126007104925,0.399044553402087,0.006914975608626029,0.5597292109182368,25,30,0
22,3084,0.034311172354698216,0.399044553402114,0.006914978586659303,0.5597292956565275,25,30,0
22,3085,0.03431804428800144,0.3990445534021122,0.0069149384341905115,0.5597224638756949,25,30,0
22,3086,0.034320111966630866,0.39904455340211265,0.00691504822348013,0.5597202864077754,25,30,0
22,3087,0.0343230725775786,0.39904455340203904,0.0068242649387950894,0.5598081090815866,25,30,0
22,3088,0.03432004036373518,0.399044553402066,0.006824266878064576,0.5598111393561335,25,30,0
22,3089,0.034319891998538604,0.39966447728028975,0.0062044914890318995,0.5598111392321389,25,30,0
22,3090,0.03432406863703718,0.39966447728029153,0.00620450704485968,0.5598069470378106,25,30,0
22,3091,0.03432420686951508,0.3996644772802923,0.0062045081118068226,0.5598068077383848,25,30,0
22,3092,0.03432618725859891,0.39966447728150456,0.00620899378489033,0.5598003416750051,25,30,0
22,3093,0.0343231909357858,0.39966447728149546,0.006209033633087568,0.5598032981496298,25,30,0
22,3094,0.034323157130903226,0.39966447728147736,0.006209030850068783,0.5598033347375493,25,30,0
22,3095,0.03420154701060354,0.3998172985387856,0.006177820006700974,0.5598033344439091,25,30,0
22,3096,0.03420061837678805,0.39981838937649017,0.006177657809909948,0.559803334436811,25,30,0
22,3097,0.03420061866972426,0.39981856654047276,0.006177480345722607,0.5598033344440796,25,30,0
22,3098,0.03420055373281484,0.3997962317788627,0.006199880049130969,0.5598033344391906,25,30,0
22,3099,0.034204336949095575,0.3997962317789056,0.006199882101055634,0.5597995491709423,25,30,0
22,3100,0.03420529934781183,0.3811024907130326,0.02489266076219855,0.559799549176956,25,30,0
22,3101,0.03420035924493377,0.38110249071180236,0.02488817378646543,0.5598089762567973,25,30,0
22,3102,0.03420042697828397,0.3811239187984172,0.024866677965936165,0.5598089762573615,25,30,0
22,3103,0.034200426999713526,0.3811239187984172,0.024871379948255043,0.5598042742536132,25,30,0
22,3104,0.034194667504745827,0.3811239187984198,0.024871431581176554,0.5598099821156568,25,30,0
22,3105,0.03419760959830081,0.3811239187984195,0.024871431542646753,0.559807040060632,25,30,0
22,3106,0.034197609558856,0.38112391892490466,0.02487143145568937,0.5598070400605486,25,30,0
22,3107,0.034191618086428795,0.38049663356990826,0.025504708285525896,0.5598070400581356,25,30,0
22,3108,0.03419254603296809,0.3804966335699338,0.025504712625263482,0.5598061077718333,25,30,0
22,3109,0.034194562384105315,0.38049663356990776,0.025504737829613787,0.5598040662163717,25,30,0
22,3110,0.03418981262485839,0.3804966335714618,0.025504769963998638,0.55980878383968,25,30,0
22,3111,0.03418985011736518,0.38049663357151564,0.025504771030936103,0.5598087452801821,25,30,0
22,3112,0.03418984919424533,0.3804825021558541,0.025518903370238686,0.559808745279661,25,30,0
22,3113,0.034182997726058616,0.3804893531868963,0.02551890380733899,0.5598087452797054,25,30,0
22,3114,0.03418392582776595,0.3804775576872054,0.025529771200413602,0.5598087452846142,25,30,0
22,3115,0.03418418598658719,0.3804997087894781,0.025507359941401794,0.559808745282532,25,30,0
22,3116,0.03418421986091958,0.38049970878947925,0.02550743692574634,0.5598086344238539,25,30,0
22,3117,0.034183274343146434,0.37878267636279506,0.027225414877125903,0.5598086344169318,25,30,0
22,3118,0.03418019512735179,0.3787826763627676,0.0272254137732272,0.5598117147366524,25,30,0
22,3119,0.0341832612749064,0.3787826763627513,0.027225414646464583,0.5598086477158768,25,30,0
22,3120,0.03419039022311699,0.37878267636274354,0.027225458634942915,0.5598014747791957,25,30,0
22,3121,0.034199130726935124,0.37878267636123447,0.027225430154964973,0.5597927627568646,25,30,0
22,3122,0.03443650041682929,0.3787826763633981,0.02722561853882138,0.5595552046809505,25,30,0
22,3123,0.04020453621303622,0.3787825988731,0.021457615565307744,0.5595552493485553,25,30,0
22,3124,0.04020162783386007,0.3787825988730907,0.021457612830289095,0.5595581604627597,25,30,0
22,3125,0.04019365966024125,0.37878259887302,0.02145760531452669,0.5595661361522116,25,30,0
22,3126,0.04019462358166038,0.3974747878734714,0.0027644523891073936,0.5595661361557605,25,30,0
22,3127,0.04019462234664459,0.39747478787347135,0.0027644524402643993,0.5595661373396191,25,30,0
22,3128,0.04018749154995926,0.3974747878734785,0.0027644069617831207,0.5595733136147786,25,30,0
22,3129,0.04018943393155369,0.39919063648761266,0.0010466159543346207,0.5595733136264985,25,30,0
22,3130,0.040204337021030365,0.3991906364887018,0.0010466654663476409,0.5595583610239194,25,30,0
22,3131,0.040202274304766535,0.399190636488946,0.0011388653106456834,0.5594682238956411,25,30,0
22,3132,0.04020529249445156,0.3991906364890013,0.0011341723093300181,0.5594698987072162,25,30,0
22,3133,0.04020502723174327,0.3991902059040331,0.0011348681550070365,0.5594698987092159,25,30,0
22,3134,0.040203048517732105,0.39919164800010526,0.0011354047825519918,0.5594698986996098,25,30,0
22,3135,0.040202904672770365,0.3991916480000403,0.0011353985515870884,0.5594700487756014,25,30,0
22,3136,0.040205902407306,0.3991916480000321,0.0011353984802782774,0.5594670511123829,25,30,0
22,3137,0.040209037274816437,0.39918851459272886,0.0011353970199033704,0.5594670511125505,25,30,0
22,3138,0.04020891566933975,0.3991885145927109,0.001135396200857679,0.5594671735370907,25,30,0
22,3139,0.0402087242069759,0.39795026212392304,0.0023738401297936575,0.5594671735393065,25,30,0
22,3140,0.04020879278283811,0.39917356821348143,0.0011504654619925632,0.559467173541687,25,30,0
22,3141,0.040216693322278486,0.39918018880461026,0.001135944321860885,0.5594671735512492,25,30,0
22,3142,0.0402158122608933,0.3991801888043484,0.001043627349556274,0.5595603715852008,25,30,0
22,3143,0.04020871331056079,0.3991801888044463,0.0010436420083063747,0.5595674558766851,25,30,0
22,3144,0.04020864436449084,0.39918024849126854,0.001043651272399875,0.5595674558718393,25,30,0
22,3145,0.04020871198621292,0.39918024849127776,0.001043622345313352,0.5595674171771946,25,30,0
22,3146,0.0402087813700616,0.3991802484912773,0.001043625611656186,0.5595673445270036,25,30,0
22,3147,0.04044604313739035,0.39918023718135104,0.0008064194469060728,0.5595673002343513,25,30,0
22,3148,0.040449110170251074,0.39915473472742974,0.0008288548726449075,0.5595673002296732,25,30,0
22,3149,0.040450107937053066,0.39915473472746543,0.0008288605000464265,0.5595662968354338,25,30,0
22,3150,0.04045100255195813,0.39915473472750984,0.0008289800774936093,0.5595652826430373,25,30,0
22,3151,0.04045105661346175,0.399132972262205,0.0008506884833778425,0.5595652826409541,25,30,0
22,3152,0.04044788452289997,0.39915857933697974,0.0008282534992486892,0.5595652826408702,25,30,0
22,3153,0.04044488803608024,0.3991585793369884,0.0008282536020680323,0.559568279024862,25,30,0
22,3154,0.040444959355862536,0.39915117780684156,0.0008355838099236135,0.5595682790273709,25,30,0
22,3155,0.04044501120974999,0.3991735302038178,0.0008131795688817857,0.559568279017549,25,30,0
22,3156,0.04044497321001156,0.39917301136392763,0.0008137364086367479,0.5595682790174227,25,30,0
22,3157,0.04044203651502353,0.39917301136391997,0.0008138524678739621,0.5595710996531812,25,30,0
22,3158,0.04044519779793307,0.3985604185709997,0.001423283676619012,0.5595710999544466,25,30,0
22,3159,0.04021194409627494,0.39856041856889035,0.0015154014215329975,0.5597122359133002,25,30,0
22,3160,0.040199735974614154,0.3985604185678879,0.0015154725654407248,0.5597243728920559,25,30,0
22,3161,0.0402006079623861,0.39856041856779556,0.0015154437861650898,0.559723529683652,25,30,0
22,3162,0.04020349747056968,0.39856041856776014,0.001515439763599993,0.559720644198069,25,30,0
22,3163,0.040195580850656255,0.3985688925202626,0.0015148824405754702,0.5597206441885046,25,30,0
22,3164,0.040436938594703216,0.39832729700412384,0.0015151202026119574,0.5597206441985598,25,30,0
22,3165,0.040436011281027986,0.39832729700412406,0.0015151167505045588,0.559721574964342,25,30,0
22,3166,0.040437995925872806,0.39832729700429326,0.00151512842354869,0.559719578646284,25,30,0
22,3167,0.04043805366278766,0.39832729700426805,0.0015150931889702205,0.5597195561439725,25,30,0
22,3168,0.04049304623197449,0.39832729700436803,0.001515184828357577,0.5596644719352983,25,30,0
22,3169,0.04049304876794948,0.3983272970043876,0.0015152141204062691,0.5596644401072554,25,30,0
22,3170,0.0404928834641868,0.3989374495084248,0.0009052272213133373,0.5596644398060738,25,30,0
22,3171,0.04048887575147484,0.39893744950840804,0.0008129238949984352,0.5597607508451178,25,30,0
22,3172,0.04049011866865733,0.3977087506324103,0.0020403798456020074,0.5597607508533298,25,30,0
22,3173,0.04049038675231802,0.39770130634224143,0.0020475560518491286,0.5597607508535904,25,30,0
22,3174,0.040494381187422095,0.39770130634217055,0.0020474340866400865,0.5597568783837663,25,30,0
22,3175,0.04049409640239696,0.39770931991912617,0.0020397052949293376,0.5597568783835467,25,30,0
22,3176,0.04025280761075744,0.3979508585512124,0.002039455464412341,0.559756878373617,25,30,0
22,3177,0.04025580230065334,0.397950858551204,0.0020395372983838256,0.559753801849758,25,30,0
22,3178,0.04025573052752254,0.39792847687932226,0.002061990726604219,0.55975380186655,25,30,0
22,3179,0.04024975647424173,0.39792847687931376,0.002061991113232028,0.5597597755332113,25,30,0
22,3180,0.040244829679834504,0.397928476879145,0.0020620584793095685,0.5597646349617099,25,30,0
22,3181,0.04024188222249469,0.39792847687912586,0.00206202970009345,0.559767611198285,25,30,0
22,3182,0.04023979979823321,0.3979284768791512,0.0020619509430568348,0.5597697723795578,25,30,0
22,3183,0.040237980298007237,0.39791962250909835,0.0020726248152898577,0.5597697723776043,25,30,0
22,3184,0.04023479370897816,0.39791962250909757,0.0020726217286330165,0.5597729620532909,25,30,0
22,3185,0.04023475826632728,0.3979190936477194,0.002073186032663117,0.5597729620532897,25,30,0
22,3186,0.04023684152180507,0.3985502894857706,0.001439906939016222,0.5597729620534074,25,30,0
22,3187,0.04023985524820045,0.3985502894858064,0.0014398270881783137,0.5597700281778142,25,30,0
22,3188,0.040239017689376565,0.39855028948577265,0.0014398246166725112,0.559770868208178,25,30,0
22,3189,0.04024199273728239,0.39855028948577215,0.0014398246357847438,0.5597678931411604,25,30,0
22,3190,0.0401839877758197,0.3985502894856542,0.0014397328660365424,0.5598259898724893,25,30,0
22,3191,0.040183918924679846,0.3985503522698559,0.0014397389355231866,0.5598259898699407,25,30,0
22,3192,0.04024293379284783,0.3985503522699297,0.0014398416788814635,0.5597668722583408,25,30,0
22,3193,0.04024888020259118,0.3997749523059865,0.0002092951030606644,0.5597668723883611,25,30,0
22,3194,0.040251875824715795,0.3997749523059771,0.00020929434950472551,0.559763877519802,25,30,0
22,3195,0.040254961916284006,0.3997749523059762,0.00020917895242931412,0.5597609068253103,25,30,0
22,3196,0.04025203882322916,0.39977767822496346,0.00020937610066283763,0.5597609068511445,25,30,0
22,3197,0.04025196660397427,0.3997776782249278,0.0002093749122674642,0.5597609802588306,25,30,0
22,3198,0.040324460356939096,0.39977767822961474,0.00020959638209805498,0.5596882650313476,25,30,0
22,3199,0.04032151701148413,0.3997806216335601,0.0002095963236517555,0.5596882650313036,25,30,0
22,3200,0.0403214612818448,0.39978062163351535,0.00020967612022237934,0.559688240964417,25,30,0
22,3201,0.040320656608890504,0.39978062163350736,0.0002096755546273602,0.5596890462029744,25,30,0
22,3202,0.04031253956436104,0.39979651580455594,0.00020189857375707356,0.5596890460573254,25,30,0
22,3203,0.04031546418129061,0.39979651580452924,0.0002018975714889858,0.5596861224426908,25,30,0
22,3204,0.04031546420930186,0.3997965059721363,0.00020190737344620815,0.5596861224451151,25,30,0
22,3205,0.04031555442928097,0.3998188708886045,0.00017945225378812292,0.5596861224283257,25,30,0
22,3206,0.04031656950093154,0.3998188708886667,0.000179456782375674,0.5596851028280253,25,30,0
22,3207,0.040316516636958594,0.3998188708886753,0.0001794569422399078,0.5596851555321252,25,30,0
22,3208,0.04031549903170089,0.39981887088873647,0.00017957926513760758,0.5596860508144241,25,30,0
22,3209,0.04031549712094304,0.36061155341180706,0.03938689865278327,0.5596860508144658,25,30,0
22,3210,0.04031554937373523,0.3606115178507596,0.03938688196329219,0.559686050812212,25,30,0
22,3211,0.040312518044230104,0.36061151785078666,0.03939352606182252,0.5596824380431601,25,30,0
22,3212,0.04031965559654264,0.3606115178508237,0.03939352967245517,0.559675296880178,25,30,0
22,3213,0.04032259864119959,0.36060857765147847,0.03939352682727109,0.5596752968800502,25,30,0
22,3214,0.04032252853939346,0.36060857765145166,0.03938688271660076,0.5596820110925534,25,30,0
22,3215,0.04033342167163623,0.3605754772817685,0.039409089955860316,0.5596820110907337,25,30,0
22,3216,0.04033342164160641,0.3605754772817689,0.0394089736092658,0.5596821274673576,25,30,0
22,3217,0.04033441765067607,0.36057547728179556,0.03940897459572788,0.5596811304717992,25,30,0
22,3218,0.04033250796536592,0.36057547728174283,0.03940896981422174,0.5596830449386682,25,30,0
22,3219,0.04026593053572814,0.36057547727706335,0.0394088009768902,0.5597497912103172,25,30,0
22,3220,0.040260773606271644,0.36057547727697303,0.03940883295295707,0.559754916163797,25,30,0
22,3221,0.04026073463336252,0.34547281153412795,0.05451153767077132,0.5597549161617388,25,30,0
22,3222,0.04026471203585582,0.3454728115341535,0.05451150104365615,0.5597509753863351,25,30,0
22,3223,0.04037827316704794,0.34547281156180626,0.05439793932045549,0.5597509759506911,25,30,0
22,3224,0.04037814800988976,0.3454728115618147,0.05439793883854546,0.5597511015897509,25,30,0
22,3225,0.04038113922125737,0.3454728115618046,0.054397906000457484,0.5597481432164811,25,30,0
22,3226,0.040378213454877236,0.34547281156181464,0.05439790924036259,0.5597510657429461,25,30,0
22,3227,0.04038117320614625,0.3454728115618414,0.05439791322198265,0.55974810201003,25,30,0
22,3228,0.04037716191930537,0.34547281156185855,0.05439950024202924,0.5597505262768069,25,30,0
22,3229,0.0403773404084632,0.3454726235193039,0.05439950979520754,0.5597505262770254,25,30,0
22,3230,0.04037723660264507,0.34547262351933905,0.05439951310310917,0.5597506267749067,25,30,0
22,3231,0.04037325989121558,0.34547262351931374,0.054399626340428095,0.5597544902490427,25,30,0
22,3232,0.040370317192698346,0.3454726235193322,0.054401904836066925,0.5597551544519027,25,30,0
22,3233,0.04037035124919337,0.34547262351929653,0.054401899513110974,0.5597551257183992,25,30,0
22,3234,0.04037252481756712,0.3454726235192352,0.054401782218476545,0.5597530694447207,25,30,0
22,3235,0.04037239886718422,0.3454726235191894,0.05440012306136179,0.5597548545522643,25,30,0
22,3236,0.040372397998940386,0.34547223780098996,0.05440050964780319,0.5597548545522661,25,30,0
22,3237,0.04037332993106216,0.3446910622171107,0.055180753294884616,0.5597548545569438,25,30,0
22,3238,0.04037058067267234,0.3446910622171649,0.055180830548900106,0.559757526561264,25,30,0
22,3239,0.04039755955655748,0.3593557448181422,0.040489168514810554,0.5597575271104915,25,30,0
22,3240,0.04041250330997562,0.35935574481825744,0.0404891772930646,0.559742574578704,25,30,0
22,3241,0.04041250424467147,0.35935574481825777,0.04048920430991496,0.5597425466271576,25,30,0
22,3242,0.0404137252865341,0.35935549177808535,0.040488236311958324,0.5597425466234238,25,30,0
22,3243,0.04041163916577757,0.35935757460638357,0.040488239599736325,0.5597425466281041,25,30,0
22,3244,0.04038765815117655,0.3597810596086367,0.04008873616924147,0.5597425460709471,25,30,0
22,3245,0.040380886947053767,0.3598100686718825,0.0400664983268016,0.5597425460542632,25,30,0
22,3246,0.04038183334182469,0.3598100686719173,0.040064223220920035,0.5597438747653389,25,30,0
22,3247,0.04038405710217042,0.35980745358557814,0.0400646145393462,0.5597438747729062,25,30,0
22,3248,0.04038507344819636,0.35980745358550764,0.04006460987957337,0.5597428630867235,25,30,0
22,3249,0.040382024866921336,0.35983250833814373,0.04004260370328137,0.5597428630916527,25,30,0
22,3250,0.040380882847621855,0.3598228258180543,0.04005342824436466,0.5597428630899592,25,30,0
22,3251,0.0403789225151924,0.35982282581839575,0.04042644429902292,0.5593718073673898,25,30,0
22,3252,0.04037885114705905,0.3598453038341707,0.040404037653808865,0.559371807364962,25,30,0
22,3253,0.04038479107705231,0.35984530383385527,0.040031023562459155,0.5597388815266331,25,30,0
22,3254,0.040387557230452266,0.35984530383381896,0.04003094782504791,0.5597361911106806,25,30,0
22,3255,0.04038460124507314,0.35984530383379243,0.040032567550325006,0.5597375273708101,25,30,0
22,3256,0.040384460056581445,0.35984546186283345,0.040032550707694646,0.5597375273728907,25,30,0
22,3257,0.04038869036398773,0.3598408059354699,0.040032976317800506,0.5597375273827421,25,30,0
22,3258,0.04038863853277966,0.3598408059354707,0.04003297823625419,0.5597375772954957,25,30,0
22,3259,0.040388478977788037,0.359840805935497,0.04003297689366412,0.5597377381930508,25,30,0
22,3260,0.04038644642836638,0.3598408059355777,0.04003768457209863,0.559735063063957,25,30,0
22,3261,0.0403835355856805,0.3598408059355962,0.04030386349726972,0.5594717949814535,25,30,0
22,3262,0.04038649707883566,0.35984080593556844,0.04003757054930041,0.5597351264362954,25,30,0
22,3263,0.04038963186929741,0.3598376657982203,0.04003757589840186,0.5597351264340804,25,30,0
22,3264,0.040385418194142986,0.3598419113559691,0.040037544025659996,0.5597351264242278,25,30,0
22,3265,0.04038863864458178,0.35984191135598864,0.04003754956793845,0.5597319004314909,25,30,0
22,3266,0.04038858484473486,0.3598643710378735,0.04001514368381664,0.5597319004335745,25,30,0
22,3267,0.040385733055487656,0.35986437103789354,0.04001522220829539,0.5597346736983229,25,30,0
22,3268,0.04106140105686035,0.3598643710380259,0.040020063046502095,0.5590541648586114,25,30,0
22,3269,0.04105932011855659,0.35986683645667134,0.04001967854921177,0.5590541648755599,25,30,0
22,3270,0.041059233867766,0.35985958399925344,0.04002701726966639,0.5590541648633139,25,30,0
22,3271,0.041058321369654045,0.3598604980411295,0.04002701573553317,0.5590541648536831,25,30,0
22,3272,0.04105509376486321,0.35986049804110926,0.040025386419394925,0.5590590217746324,25,30,0
22,3273,0.04105202731601807,0.3598604980411183,0.04002530264433671,0.5590621719985268,25,30,0
22,3274,0.04105207748502633,0.35986045519521825,0.04002529532854651,0.5590621719912088,25,30,0
22,3275,0.041048099132954236,0.35986045519519244,0.040025291979040784,0.5590661536928127,25,30,0
22,3276,0.04104522446850802,0.3598604551952014,0.04002529261136287,0.5590690277249277,25,30,0
22,3277,0.04150133726990413,0.3594150786009719,0.04001455611753279,0.5590690280115909,25,30,0
22,3278,0.041750485736431094,0.3591654628092488,0.040015022858942956,0.5590690285953768,25,30,0
22,3279,0.0417534641819424,0.35916287846892914,0.04001462875872706,0.559069028590401,25,30,0
22,3280,0.04129431551658525,0.359621735720184,0.04001492046482896,0.5590690282984013,25,30,0
22,3281,0.04061570384343148,0.35962173572005135,0.0400100532683125,0.5597525071682041,25,30,0
22,3282,0.04061565121142313,0.35962173572004275,0.04001005243969541,0.5597525606288382,25,30,0
22,3283,0.04061957507665612,0.3596172591956428,0.04001060509155122,0.5597525606361493,25,30,0
22,3284,0.04062258746293052,0.3596172591956608,0.04001060649821815,0.5597495468431901,25,30,0
22,3285,0.04062554810183581,0.35961725919566995,0.04001060717749609,0.5597465855249976,25,30,0
22,3286,0.04062646005985262,0.35961725919569526,0.04001060837674686,0.5597456723677046,25,30,0
22,3287,0.04062646479980697,0.3596176346769208,0.04001022815539975,0.5597456723678718,25,30,0
22,3288,0.04062653230618407,0.3207178608079082,0.0789099345178256,0.5597456723680814,25,30,0
22,3289,0.04062341451907453,0.3207287135065156,0.07890219960633169,0.5597456723680776,25,30,0
22,3290,0.04062351959999092,0.3207287135064977,0.07890219671494075,0.5597455701785704,25,30,0
22,3291,0.04061954433894871,0.32073324399931563,0.07890164148805086,0.5597455701736845,25,30,0
22,3292,0.04074111001319739,0.3206108205702833,0.07890249879585753,0.559745570620661,25,30,0
22,3293,0.04074116373180079,0.32020593567817246,0.079307329967648,0.559745570622378,25,30,0
22,3294,0.04074021695635116,0.32020593567811934,0.07930960456319287,0.5597442428023359,25,30,0
22,3295,0.05129866310112683,0.3202059356738946,0.0687511581967788,0.5597442430282001,25,30,0
22,3296,0.05129855767037684,0.32020593567391215,0.06875115852482282,0.5597443481308885,25,30,0
22,3297,0.0512993604114043,0.3202059356739082,0.06875336026740422,0.5597413436472835,25,30,0
22,3298,0.05129640312764854,0.3202059356738994,0.06875497971705272,0.5597426814813996,25,30,0
22,3299,0.051298312824966504,0.3202059356739525,0.06875498450394726,0.559740766997134,25,30,0
22,3300,0.04074463598148136,0.3202059356128789,0.07930866162306617,0.5597407667825747,25,30,0
22,3301,0.040746579789007475,0.3202059356129675,0.07930866891013533,0.5597388156878904,25,30,0
22,3302,0.04074861112940944,0.32020593561288685,0.07930866280131535,0.5597367904563889,25,30,0
22,3303,0.0407426374315954,0.3202061932084306,0.07931437891591697,0.5597367904440577,25,30,0
22,3304,0.04062108879603133,0.32032859925843793,0.07931352195074731,0.559736789994784,25,30,0
22,3305,0.04062110697395333,0.3203285992584562,0.07931124432716993,0.5597390494404212,25,30,0
22,3306,0.04062217571011608,0.3203285992583942,0.07931124091116906,0.5597379841203213,25,30,0
22,3307,0.04062666860607523,0.31924277682261304,0.08039256993057813,0.5597379846407315,25,30,0
22,3308,0.04062372496976988,0.3192453343064557,0.0803929560854235,0.5597379846383492,25,30,0
22,3309,0.04062763602750998,0.31924102688832073,0.08039335244598446,0.5597379846381828,25,30,0
22,3310,0.040638731478060935,0.31924102688938394,0.08039115274177164,0.5597290888907812,25,30,0
22,3311,0.0406357349746534,0.31924102688939215,0.08039342904433004,0.5597298090916223,25,30,0
22,3312,0.0406337213719858,0.3192410268894277,0.08039343206703603,0.5597318196715483,25,30,0
22,3313,0.041083776176858225,0.31924102065095616,0.0799433545878452,0.559731848584341,25,30,0
22,3314,0.04108416530644187,0.29048944944669436,0.10869453666244736,0.5597318485844158,25,30,0
22,3315,0.041084360205945,0.29048944944668625,0.10869454849467904,0.5597316418526889,25,30,0
22,3316,0.04108131254760586,0.29048944944668637,0.10868984689422499,0.559739391111482,25,30,0
22,3317,0.04108527246187541,0.29048944944672184,0.10868985135113152,0.5597354267402708,25,30,0
22,3318,0.041073430520289264,0.2904894494466066,0.10868987087209092,0.5597472491610128,25,30,0
22,3319,0.041076548365456676,0.29048944944660693,0.10868987284779655,0.5597441293401395,25,30,0
22,3320,0.04125938736513968,0.2904963100048632,0.10850017277907595,0.5597441298509179,25,30,0
22,3321,0.041259348305710306,0.2891833367607831,0.10981318508404408,0.5597441298494585,25,30,0
22,3322,0.04125722902033658,0.2891833367608716,0.10981316612410706,0.5597462680946808,25,30,0
22,3323,0.04125717449853433,0.289183336760863,0.10981154389307658,0.5597479448475223,25,30,0
22,3324,0.040802489986011804,0.2891833367607747,0.11026625783879788,0.5597479154144122,25,30,0
22,3325,0.04080553913828908,0.28918333676074837,0.110266256954478,0.559744867146481,25,30,0
22,3326,0.04080459293037121,0.2891833367606686,0.11026624774359141,0.5597458225653653,25,30,0
22,3327,0.04080476834886606,0.2891606182351801,0.11028879085050133,0.5597458225654492,25,30,0
22,3328,0.04080478484968445,0.2891606182351719,0.11028878984381636,0.5597458070713239,25,30,0
22,3329,0.04080478553676081,0.2891606182351808,0.11028890587556955,0.5597456903524862,25,30,0
22,3330,0.04080775031767701,0.28915046926168,0.1102960900682373,0.5597456903524032,25,30,0
22,3331,0.040807907526554124,0.28915050311944696,0.11029589900605283,0.559745690347944,25,30,0
22,3332,0.0408049557585334,0.28915050924638125,0.11029881542448276,0.5597457195706007,25,30,0
22,3333,0.040807905657438026,0.28915050924638186,0.1102966524587459,0.5597449326374327,25,30,0
22,3334,0.04080888601095748,0.26333371810242723,0.13611246324199894,0.5597449326446153,25,30,0
22,3335,0.040808937439374054,0.2633337181024357,0.13611249180778906,0.5597448526504,25,30,0
22,3336,0.040805993172383134,0.2633337181024719,0.13611241135243593,0.5597478773727079,25,30,0
22,3337,0.04080708241496829,0.2633337181024109,0.1361122901256731,0.5597469093569463,25,30,0
22,3338,0.040813197778651854,0.2633337181024467,0.13611229416357362,0.5597407899553268,25,30,0
22,3339,0.04081561475090962,0.24452421865326715,0.15491937657069343,0.5597407900251284,25,30,0
22,3340,0.04056639668541587,0.2447739041770639,0.15491890969387886,0.5597407894436399,25,30,0
22,3341,0.04056326233024598,0.22604934646992017,0.17364660175389804,0.5597407894459355,25,30,0
22,3342,0.040630135571242156,0.2260493464741135,0.1736468189091413,0.5596736990455028,25,30,0
22,3343,0.0406301333227876,0.22605696214164603,0.1736392054900639,0.5596736990455019,25,30,0
22,3344,0.040649821684829036,0.22605696224861188,0.17361954569241875,0.5596736703741396,25,30,0
22,3345,0.04065197509902605,0.25184821269335594,0.1478261418405326,0.5596736703670847,25,30,0
22,3346,0.040654096666011025,0.25184821269332086,0.14782613931812527,0.559671551322542,25,30,0
22,3347,0.040655041776924375,0.2518482126933473,0.14782614218989323,0.5596706033398342,25,30,0
22,3348,0.040643751411004916,0.2518485446106662,0.1478356062165523,0.5596720977617765,25,30,0
22,3349,0.04063470471843297,0.25184854460959566,0.1478355280743477,0.5596812225976237,25,30,0
22,3350,0.04063677303776766,0.2518485446095784,0.14783552532152305,0.5596791570311306,25,30,0
22,3351,0.04063936455722614,0.28057527509379415,0.11910620331596858,0.5596791570330104,25,30,0
22,3352,0.04063235408594787,0.2805752750937427,0.11910622617167538,0.5596861446486333,25,30,0
22,3353,0.040629405398506506,0.2805752750937425,0.11910619288014629,0.5596891266276036,25,30,0
22,3354,0.04063236849393444,0.2805752750937871,0.11910611351970178,0.5596862428925756,25,30,0
22,3355,0.040640074715651064,0.28057527509382973,0.11910610514679487,0.5596785450437228,25,30,0
22,3356,0.040638585660472154,0.2987743298419412,0.10090853951898464,0.5596785449786004,25,30,0
22,3357,0.04064147768883141,0.2987743298419122,0.10090850888974705,0.5596756835795077,25,30,0
22,3358,0.040634413800251956,0.2975432159111112,0.10214668670454115,0.5596756835840943,25,30,0
22,3359,0.0406315394353018,0.29754321591112043,0.10214668740559477,0.5596785572479815,25,30,0
22,3360,0.040627579550761767,0.29754321591108557,0.10214668498379914,0.5596825195543527,25,30,0
22,3361,0.040627578398345306,0.3162934363813916,0.08339646566832765,0.5596825195519343,25,30,0
22,3362,0.040627670010287005,0.3175317176600843,0.0821580927775143,0.5596825195521131,25,30,0
22,3363,0.04062772245613916,0.3175317176600845,0.08215809078282954,0.5596824691009457,25,30,0
22,3364,0.04062215960449723,0.31753137950887583,0.0821654311332221,0.5596810297534047,25,30,0
22,3365,0.04044610495812709,0.31752426135592204,0.08234860443762099,0.5596810292483259,25,30,0
22,3366,0.040446211010534236,0.31924200369807254,0.08063075604578476,0.5596810292456041,25,30,0
22,3367,0.040510875348121166,0.3192420037028075,0.0806310432861711,0.5596160776628959,25,30,0
22,3368,0.04050792868907229,0.3192420037028157,0.08063104379814778,0.5596190238099602,25,30,0
22,3369,0.04050889266052543,0.31924105222775084,0.08063103129687389,0.5596190238148455,25,30,0
22,3370,0.04051274759529463,0.3192371951272127,0.08063103345541506,0.5596190238220733,25,30,0
22,3371,0.04051360684779274,0.31923719512722976,0.08063103672956329,0.5596181612954104,25,30,0
22,3372,0.04050680713508668,0.319237199643036,0.080637831927401,0.5596181612944728,25,30,0
22,3373,0.04051064396745142,0.31925576699247576,0.0806154277410063,0.5596181612990629,25,30,0
22,3374,0.04050763554507144,0.3192557669924664,0.08061542759174,0.5596211698707184,25,30,0
22,3375,0.04051486385692619,0.3192557669924518,0.08061543185091027,0.5596139372997078,25,30,0
22,3376,0.0405708454254761,0.3192557669924043,0.08061622350323848,0.559557164078877,25,30,0
22,3377,0.04051196971097734,0.319255766992425,0.08061545835346412,0.5596168049431295,25,30,0
22,3378,0.040510884338315775,0.3192557669924272,0.08061546231254402,0.5596178863567095,25,30,0
22,3379,0.04051694655187947,0.3192557669924458,0.08061546214408398,0.5596118243115871,25,30,0
22,3380,0.04052012004856387,0.31925601117577407,0.08061204446337115,0.5596118243122874,25,30,0
22,3381,0.04058289843852639,0.3192580869856072,0.08054719001277037,0.5596118245630924,25,30,0
22,3382,0.04057600938202241,0.3192645908935029,0.08054757515895414,0.559611824565517,25,30,0
22,3383,0.040576009445497385,0.3192645906539261,0.08054757533505578,0.559611824565517,25,30,0
22,3384,0.04057709318601077,0.3192645906539242,0.08054757229676747,0.5596107438632939,25,30,0
22,3385,0.04057698893223193,0.3192645906538869,0.08054757003996924,0.5596108503739089,25,30,0
22,3386,0.04057408053014125,0.3192645906538688,0.08054756666261476,0.5596137621533726,25,30,0
22,3387,0.040571032996568245,0.31926459065389523,0.08054756614585365,0.5596168102036801,25,30,0
22,3388,0.04057397194527721,0.3192645906538952,0.08054756566317148,0.5596138717376532,25,30,0
22,3389,0.0406351455457586,0.3192022941997253,0.0805486878165631,0.5596138724379505,25,30,0
22,3390,0.04063124097826261,0.31920619848283244,0.08054868810082279,0.5596138724380798,25,30,0
22,3391,0.040632099698564655,0.31920619848284043,0.08054874422059469,0.5596129575979978,25,30,0
22,3392,0.04063407941466905,0.3191818166025771,0.08057114638964114,0.5596129575931102,25,30,0
22,3393,0.04056760046880263,0.31918181659839,0.08083715895229933,0.559413423980506,25,30,0
22,3394,0.04050642783630796,0.3192441120254976,0.08083603685789692,0.5594134232802954,25,30,0
22,3395,0.04050346760439966,0.2905134486412284,0.10956966047403016,0.5594134232803397,25,30,0
22,3396,0.04050642451877691,0.2905104990444412,0.10956965316129791,0.5594134232754814,25,30,0
22,3397,0.04050341046205236,0.290510499044432,0.10956969248421206,0.5594163980093014,25,30,0
22,3398,0.040506406797306244,0.29051049904442355,0.10956972034897625,0.5594133738092917,25,30,0
22,3399,0.04050935003497326,0.29051049904442383,0.10956972236972184,0.5594104285508786,25,30,0
22,3400,0.04050938348680987,0.3192664851176347,0.08081370284467695,0.559410428550876,25,30,0
22,3401,0.04050905880611806,0.319266485117638,0.08054748533526704,0.5596769707409743,25,30,0
22,3402,0.04050905891887619,0.3192664851176379,0.08055064728669128,0.5596738086767923,25,30,0
22,3403,0.04051035663627027,0.31926648511918676,0.08054934239460072,0.5596738158499401,25,30,0
22,3404,0.040688719720266955,0.31926416112776473,0.080373300401106,0.5596738187508606,25,30,0
22,3405,0.04069061242534186,0.3192624640847598,0.08037310473916154,0.5596738187507349,25,30,0
22,3406,0.040693592405987335,0.31925929689140164,0.08037329195187289,0.5596738187507362,25,30,0
22,3407,0.04069371402148724,0.31925929689141974,0.08037329345675186,0.5596736956303391,25,30,0
22,3408,0.04069376676599492,0.3192592968914114,0.08037013130369827,0.5596768050388934,25,30,0
22,3409,0.040695837856007194,0.3198593879792658,0.07976796913033887,0.5596768050343879,25,30,0
22,3410,0.040691496002418316,0.3198593879494352,0.07977229493304709,0.5596768211150991,25,30,0
22,3411,0.04068744826342306,0.3198593879493909,0.07977391676713415,0.5596792470200516,25,30,0
22,3412,0.040929792703512984,0.3198593879531711,0.07977263037858422,0.5594381889647314,25,30,0
22,3413,0.040926866147521945,0.31985938795318875,0.07977271572551181,0.5594410301737772,25,30,0
22,3414,0.0409239398645206,0.31985938795322466,0.07977271592815975,0.5594439562540946,25,30,0
22,3415,0.04085927391556922,0.3198593879484899,0.07977242864285335,0.5595089094930872,25,30,0
22,3416,0.04086324972551993,0.31987741925100077,0.07975042152554736,0.5595089094979315,25,30,0
22,3417,0.04093396441065464,0.31919772819535086,0.08035939759850123,0.5595089097954927,25,30,0
22,3418,0.0408631823027363,0.31985508385733924,0.07977282434675244,0.5595089094931712,25,30,0
22,3419,0.040866109207842144,0.3198550838573223,0.07977282434578925,0.5595059825890456,25,30,0
22,3420,0.04086603933017327,0.3198550838573046,0.07977282450269216,0.5595060523098296,25,30,0
22,3421,0.04086910580793097,0.31985187108986085,0.07977297079467298,0.5595060523075347,25,30,0
22,3422,0.04081308602710605,0.3198518710897956,0.07977294997127998,0.5595620929118176,25,30,0
22,3423,0.040810022419797594,0.31985493840082563,0.07977294626764184,0.5595620929117344,25,30,0
22,3424,0.040807028531130995,0.3198580679191818,0.07977281063790798,0.559562092911778,25,30,0
22,3425,0.040817992778117394,0.3198470975468226,0.07977281675367638,0.5595620929213825,25,30,0
22,3426,0.04089163523810956,0.3198470975490306,0.07977296702613834,0.5594883001867202,25,30,0
22,3427,0.04089170298248133,0.31984702093357276,0.07977297589726645,0.5594883001866783,25,30,0
22,3428,0.04088867029270426,0.31985019743865073,0.07977283207002255,0.5594883001986214,25,30,0
22,3429,0.040891668633661026,0.31985019743864224,0.07977283050722177,0.5594853034204739,25,30,0
22,3430,0.04088868566999295,0.31987503353231916,0.07975097737729722,0.5594853034203894,25,30,0
22,3431,0.04064651372762579,0.31987504575617065,0.0799930793853829,0.5594853611308207,25,30,0
22,3432,0.040647599428249484,0.3198741590699054,0.07999288037579116,0.5594853611260536,25,30,0
22,3433,0.04065131097357034,0.3198741590710075,0.07999291126644764,0.5594816186889738,25,30,0
22,3434,0.0406542375579762,0.31987415907099087,0.07999282601619057,0.5594787773548415,25,30,0
22,3435,0.0406528942357853,0.3198741463274309,0.07999424294092163,0.5594787164958617,25,30,0
22,3436,0.04065296383987287,0.31987414632744027,0.07999420362073761,0.5594786862119484,25,30,0
22,3437,0.0406499522129632,0.31987676546916893,0.07999459610799936,0.5594786862098676,25,30,0
22,3438,0.040647011471815216,0.31987676546916927,0.07999462430828637,0.5594815987507284,25,30,0
22,3439,0.040649043230094016,0.3198767654691526,0.07999465494529062,0.559479536355462,25,30,0
22,3440,0.04064606417981073,0.31987676546914445,0.07999457292071913,0.5594825974303252,25,30,0
22,3441,0.04086311637401493,0.319876765581128,0.07977757516443768,0.55948254288042,25,30,0
22,3442,0.04086602564441333,0.3198738395513945,0.07977759193354673,0.5594825428706456,25,30,0
22,3443,0.04085605777076662,0.3181658655210169,0.08149553384245449,0.5594825428657599,25,30,0
22,3444,0.04086290795731475,0.3181658655210424,0.08149553818878337,0.5594756883328571,25,30,0
22,3445,0.04085891218534281,0.31815939291813067,0.08150600655639847,0.559475688340126,25,30,0
22,3446,0.04086576030305419,0.3181593929181649,0.08150597928163034,0.5594688674971483,25,30,0
22,3447,0.04074556924950264,0.31815939293974566,0.08162619444300205,0.5594688433677475,25,30,0
22,3448,0.04074257352463085,0.3181699435044712,0.08161863960101995,0.5594688433698759,25,30,0
22,3449,0.04073569285636685,0.31816994350447303,0.08161863773513449,0.5594757259040235,25,30,0
22,3450,0.04073966947596408,0.31816994350452565,0.08161861357161633,0.5594717734478923,25,30,0
22,3451,0.04073360892883413,0.3181699435045072,0.08161861221634219,0.5594778353503148,25,30,0
22,3452,0.0406601771079467,0.31816994350232736,0.08161842545255249,0.5595514539371719,25,30,0
22,3453,0.04064924435957317,0.3181699435022585,0.08161841896707195,0.559562393171095,25,30,0
22,3454,0.04064924304712506,0.3181699435022496,0.08161841902983352,0.5595623944207904,25,30,0
22,3455,0.0406462992765731,0.31817277108033737,0.08161853522455383,0.5595623944185344,25,30,0
22,3456,0.04040402674751111,0.3181727710765669,0.08161819671338737,0.5598050054625332,25,30,0
22,3457,0.04040316709650759,0.31817277107654135,0.08161819366530475,0.5598058681616449,25,30,0
22,3458,0.04040323827400071,0.3181727710775859,0.08161820582185957,0.5598057848265523,25,30,0
22,3459,0.04040015181755156,0.3181727710765315,0.08161819500061956,0.5598088821052959,25,30,0
22,3460,0.04039222654070506,0.3181727710754534,0.081618160593119,0.5598168417907208,25,30,0
22,3461,0.04019364998647843,0.3181731283266065,0.08181468730774488,0.5598185343791695,25,30,0
22,3462,0.040193597630532596,0.3181731786591353,0.08181468932631604,0.5598185343840154,25,30,0
22,3463,0.04019368546473782,0.3181835703363544,0.08180420982194841,0.5598185343769583,25,30,0
22,3464,0.04020046801679536,0.3181835703363938,0.08181081723417012,0.5598051444126401,25,30,0
22,3465,0.040200428070369415,0.318183802738765,0.08181062478048523,0.5598051444103797,25,30,0
22,3466,0.03667632495664061,0.3181838068957018,0.08533465806571826,0.5598052100819388,25,30,0
22,3467,0.036676417271259976,0.3181733934549691,0.08534497918919115,0.5598052100845794,25,30,0
22,3468,0.03674584005792467,0.31981406018994124,0.08363488963256739,0.5598052101195656,25,30,0
22,3469,0.03673888471996028,0.31981406018988895,0.08363488797370465,0.559812167116445,25,30,0
22,3470,0.0367428080081235,0.3198140601899321,0.08363488962291918,0.5598082421790239,25,30,0
22,3471,0.03697327808476499,0.31958332117734034,0.08363515855633169,0.5598082421815618,25,30,0
22,3472,0.03729018287870205,0.31958332184333793,0.08331122600754184,0.5598152692704162,25,30,0
22,3473,0.03729016621801937,0.31958332184333865,0.08331134233892369,0.5598151695997167,25,30,0
22,3474,0.03729530935024365,0.3195833211848397,0.08331322694839997,0.5598081425165151,25,30,0
22,3475,0.03729525958180044,0.3195833211848476,0.0833132290685781,0.5598081901647725,25,30,0
22,3476,0.03729520519727335,0.3195833211848556,0.08331331162821916,0.5598081619896509,25,30,0
22,3477,0.037297545076662934,0.31958332118493804,0.08331320391910119,0.5598059298192968,25,30,0
22,3478,0.037303843031230285,0.3195833211860494,0.08330671145364425,0.5598061243290747,25,30,0
22,3479,0.03730680339947415,0.3195833211860586,0.0833067100852932,0.5598031653291726,25,30,0
22,3480,0.03731076283714233,0.3195833211860845,0.08330671244762292,0.5597992035291487,25,30,0
22,3481,0.03731076284169907,0.31958332118608473,0.08330682831954492,0.5597990876526695,25,30,0
22,3482,0.03731770040097372,0.31958669507401266,0.08329651687021905,0.5597990876547928,25,30,0
22,3483,0.03725027603035826,0.31966197528270635,0.08328866106955042,0.5597990876173833,25,30,0
22,3484,0.03701993067832291,0.3198705718762057,0.0833104098378921,0.5597990876075777,25,30,0
22,3485,0.037016881754210085,0.31987381419371835,0.08331021644453501,0.559799087607535,25,30,0
22,3486,0.03700662181449314,0.31987381419255007,0.08331010127389389,0.5598094627190614,25,30,0
22,3487,0.03707965804009244,0.31979908607544816,0.08331179273150184,0.5598094631529551,25,30,0
22,3488,0.03708064166463764,0.31979809239981327,0.08331180277047347,0.5598094631650731,25,30,0
22,3489,0.040344983927675646,0.31979809441342794,0.0800475126135007,0.5598094090453933,25,30,0
22,3490,0.04034205802737513,0.3197980944134546,0.08004751416548941,0.5598123333936786,25,30,0
22,3491,0.040340025933920526,0.3197980944134711,0.08004751522805545,0.5598143644245507,25,30,0
22,3492,0.04034394930283194,0.2940047301280266,0.10583695613982914,0.5598143644293104,25,30,0
22,3493,0.04027389428362512,0.2940764706985431,0.10583527102007227,0.5598143639977575,25,30,0
22,3494,0.04054109320603812,0.29407611335993794,0.0740001446993302,0.591382648734693,25,30,0
22,3495,0.04053711860231632,0.2940761133599031,0.07400014171059376,0.5913866263271864,25,30,0
22,3496,0.04054132639937387,0.2940718638982305,0.07400018324152552,0.5913866264608696,25,30,0
22,3497,0.04053726144942155,0.3198877722125843,0.0481883398819697,0.5913866264560239,25,30,0
22,3498,0.040928510220092654,0.3198877660088321,0.047797109740981523,0.591386614030093,25,30,0
22,3499,0.040935290646625724,0.31988776600885777,0.04779711147539393,0.5913798318691219,25,30,0
22,3500,0.04117056729392627,0.31988776601109054,0.04779741095811288,0.5911442557368697,25,30,0
22,3501,0.0411775246790875,0.31988776601112556,0.04779741185680605,0.5911372974529803,25,30,0
22,3502,0.03994798058945561,0.31988776601606955,0.0490269557687634,0.5911372976257109,25,30,0
22,3503,0.039950854337852,0.3198877660160603,0.04902695579776109,0.591134423848326,25,30,0
22,3504,0.03995106312885555,0.3198879425435721,0.049026570481713216,0.5911344238458586,25,30,0
22,3505,0.0399540427406617,0.3198849739016873,0.04902655951667923,0.591134423840971,25,30,0
22,3506,0.03996092380378832,0.31988497390169424,0.04902656142582572,0.5911275408686911,25,30,0
22,3507,0.03996511986423539,0.319884973903743,0.049206004276009435,0.5909439019560115,25,30,0
22,3508,0.040652699813551525,0.31988497390592446,0.04929690023020253,0.5901654260503205,25,30,0
22,3509,0.040650682874210683,0.3198849739059504,0.04929690375879453,0.5901674394610433,25,30,0
22,3510,0.041195853667463374,0.3198854158481135,0.048751252639225424,0.5901674778451966,25,30,0
22,3511,0.041188933175225574,0.31988541584806923,0.048751248921835265,0.5901744020548689,25,30,0
22,3512,0.04118900334179959,0.31988514494933373,0.04875144965395368,0.590174402054912,25,30,0
22,3513,0.04118605902004552,0.3198851449493343,0.04875144761185364,0.5901773484187656,25,30,0
22,3514,0.04117688690447437,0.319885144947304,0.04857200820821442,0.5903659599400061,25,30,0
22,3515,0.04089125884129027,0.31988514492271114,0.040441979657374956,0.5987816165786227,25,30,0
22,3516,0.040891241314584444,0.31988514492271053,0.04044197911111931,0.5987816346515853,25,30,0
22,3517,0.040891241873647274,0.31988514492271036,0.040441980816795835,0.5987816323868461,25,30,0
22,3518,0.0408934678170625,0.3198851449227297,0.0404419813046621,0.5987794059555455,25,30,0
22,3519,0.04089247042844286,0.3198851449227121,0.04044197874874705,0.5987804059000978,25,30,0
22,3520,0.04089149138700979,0.31988514492267794,0.04044197510546534,0.5987813885848469,25,30,0
22,3521,0.04089147537822223,0.31988514492270537,0.040441860769031425,0.5987815189300408,25,30,0
22,3522,0.039788678604158086,0.31988484590394195,0.04152148875027616,0.5988049867416237,25,30,0
22,3523,0.03978867953880127,0.3198844584406533,0.04152187527887962,0.5988049867416656,25,30,0
22,3524,0.03978835068975619,0.3198844584406168,0.04152187099185781,0.5988053198777687,25,30,0
22,3525,0.031846266815441046,0.31988431568028786,0.04948637919667962,0.5987830383075908,25,30,0
22,3526,0.03184610847787006,0.31988431568023346,0.04948637566764527,0.5987832001742508,25,30,0
22,3527,0.031846071537422894,0.3198843156802144,0.04948637567361141,0.5987832371087508,25,30,0
22,3528,0.031846054942465785,0.3198844592883791,0.04948624866031404,0.5987832371088406,25,30,0
22,3529,0.031846060557030785,0.31987353251715067,0.04949716981679697,0.5987832371090213,25,30,0
22,3530,0.03183908630595392,0.3198735325171155,0.049497166777338834,0.5987902143995913,25,30,0
22,3531,0.031834717019572516,0.3198735325170501,0.04949718979325466,0.598794560670122,25,30,0
22,3532,0.03183253768561548,0.31987521442217054,0.04949768736309181,0.5987945605291214,25,30,0
22,3533,0.031832554922889916,0.31987521442219746,0.049497688847873936,0.5987945418070378,25,30,0
22,3534,0.03182855638738389,0.3198573695949628,0.049519532215380295,0.598794541802272,25,30,0
22,3535,0.03182948591886543,0.3198573695949982,0.04951953732325735,0.598793607162878,25,30,0
22,3536,0.031826492081525826,0.31985736959498995,0.049519537218492095,0.5987966011049912,25,30,0
22,3537,0.03182654684891731,0.31986046764260356,0.049516384403397395,0.5987966011050808,25,30,0
22,3538,0.03182440936137794,0.31986279574999205,0.049516193776447136,0.5987966011121819,25,30,0
22,3539,0.04154878930885359,0.3198627955854641,0.0397930379029396,0.5987953772027417,25,30,0
22,3540,0.04154607544203239,0.3198627955854925,0.03979295698826701,0.5987981719842069,25,30,0
22,3541,0.041553048942734296,0.3198627955855265,0.03979295953068094,0.5987911959410571,25,30,0
22,3542,0.04132087659543633,0.31986279558329367,0.03979254828860499,0.5990237795326634,25,30,0
22,3543,0.04131996382817237,0.31986279558328623,0.03979479674045301,0.599022443848087,25,30,0
22,3544,0.0413198555858889,0.3198627955833037,0.039794794852949386,0.5990225539778566,25,30,0
22,3545,0.04131985926025522,0.3198517219905396,0.03980586476819511,0.5990225539810087,25,30,0
22,3546,0.04132185677230961,0.3198517219904953,0.03980585881177672,0.5990205624254171,25,30,0
22,3547,0.04132497228285804,0.3198517219904868,0.03980586140626017,0.5990174443203936,25,30,0
22,3548,0.041324988930119794,0.3198511577747214,0.03980640897259811,0.5990174443225591,25,30,0
22,3549,0.041345136669160044,0.31985115777578593,0.03980657505859006,0.5989971304964624,25,30,0
22,3550,0.04065944711005162,0.31985115777368434,0.03971568962911676,0.5997737054871459,25,30,0
22,3551,0.04065252738612667,0.3198511577736542,0.03971583102832037,0.5997804838118971,25,30,0
22,3552,0.0406525252406136,0.319843819809334,0.03972317114057815,0.5997804838094722,25,30,0
22,3553,0.040652542131847394,0.3198662074389694,0.03970076661243809,0.5997804838167431,25,30,0
22,3554,0.015346715618382172,0.319870032483068,0.06396701976317791,0.6008162321353704,25,30,0
22,3555,0.01534671140717181,0.31988056119147,0.06395649526909528,0.6008162321322614,25,30,0
22,3556,0.015348673535760485,0.31988056119140656,0.06395637074930187,0.6008143945235295,25,30,0
22,3557,0.015347726347768924,0.319882061787909,0.06395581734785263,0.6008143945164678,25,30,0
22,3558,0.015347795093669726,0.31988206178791795,0.06395744046907255,0.6008127026493384,25,30,0
22,3559,0.015345710226585476,0.31988414504694207,0.06395744207972551,0.6008127026467455,25,30,0
22,3560,0.015345429304887399,0.319884145046906,0.06395744046929613,0.6008129851789089,25,30,0
22,3561,0.015348548525338526,0.31988414504747736,0.06395744579420931,0.6008098606329736,25,30,0
22,3562,0.015344690289252075,0.3198841450474432,0.06395744232111496,0.6008137223421883,25,30,0
22,3563,0.015347755985723561,0.31988414504742596,0.06395582013998555,0.6008122788268634,25,30,0
22,3564,0.016748535630126057,0.31988414504624413,0.06255503994449045,0.6008122793791397,25,30,0
22,3565,0.016741615352403035,0.31988414504620866,0.06255503618699439,0.6008192034143944,25,30,0
22,3566,0.01673851122462164,0.3198841450456371,0.06255507133148779,0.6008222723982539,25,30,0
22,3567,0.01673851162720779,0.3198841450456371,0.062555071341909,0.6008222719852467,25,30,0
22,3568,0.016742710126048572,0.31987219850518644,0.0625628193735543,0.6008222719952112,25,30,0
22,3569,0.016747564540177628,0.3198750400201543,0.06255512344224451,0.6008222719974241,25,30,0
22,3570,0.01675057820081541,0.3198750400201815,0.06255516691001953,0.6008192148689842,25,30,0
22,3571,0.016752594231632428,0.31987301910135624,0.06255517180270463,0.6008192148643072,25,30,0
22,3572,0.016752523221391966,0.31987301910135496,0.06255516915506344,0.6008192885221901,25,30,0
22,3573,0.01729265822945306,0.3198730191654471,0.06201503416243037,0.6008192884426703,25,30,0
22,3574,0.017295777948016643,0.31987301916543864,0.06201275692868885,0.6008184459578564,25,30,0
22,3575,0.017275681887186548,0.3198730191643651,0.06201259069741662,0.6008387082510321,25,30,0
22,3576,0.01727594146309011,0.3198486554574676,0.06203669440127195,0.6008387086781706,25,30,0
22,3577,0.027865655009335365,0.3198497051337774,0.051445930206399954,0.6008387096504874,25,30,0
22,3578,0.052477230347761486,0.31984588009117226,0.027873928886965847,0.5998029606740991,25,30,0
22,3579,0.0524742530277728,0.3198458800911551,0.02787384537216911,0.5998060215089016,25,30,0
22,3580,0.03963640361177036,0.3198448303446392,0.04071274452604163,0.5998060215175492,25,30,0
22,3581,0.039633268877315844,0.31984483034464684,0.04071274354601164,0.5998091572320259,25,30,0
22,3582,0.039631270430753665,0.31984682462394,0.040712747703629544,0.5998091572416768,25,30,0
22,3583,0.03962831982252111,0.3198259013551014,0.04073662158045747,0.5998091572419199,25,30,0
22,3584,0.03963128163130973,0.3198259013551197,0.04073662289883583,0.5998061941147345,25,30,0
22,3585,0.03962532142648758,0.3198318985411318,0.040736585929897255,0.5998061941024829,25,30,0
22,3586,0.03962427489836455,0.3198329399235077,0.04073659106328988,0.5998061941148375,25,30,0
22,3587,0.039628058006694784,0.31983293992352363,0.04073659132880112,0.5998024107409801,25,30,0
22,3588,0.03963119404016959,0.31983293992509343,0.04073659550616591,0.5997992705285705,25,30,0
22,3589,0.03981011866656212,0.319677582474807,0.040713028016576794,0.5997992708420534,25,30,0
22,3590,0.03980719484098432,0.31967758247487876,0.040713071543184896,0.5998021511409517,25,30,0
22,3591,0.03980721186890333,0.3196775824749061,0.0408053363506075,0.5997098693055829,25,30,0
22,3592,0.039811243850998684,0.3196516960144206,0.04082719082410795,0.5997098693104724,25,30,0
22,3593,0.03980525208189848,0.31965169601442955,0.04082719047768921,0.5997158614259824,25,30,0
22,3594,0.0398091579421694,0.3196516960128946,0.040827189771767705,0.599711956273168,25,30,0
22,3595,0.039807074102410536,0.319651696012912,0.04082723146459391,0.5997139984200833,25,30,0
22,3596,0.03980717983330198,0.31965169601289495,0.04082722922898392,0.5997138949248189,25,30,0
22,3597,0.03981024526885884,0.3196516960128849,0.040827229257764906,0.5997108294604907,25,30,0
22,3598,0.03980821699635948,0.31965373694550464,0.040827216607711554,0.5997108294504236,25,30,0
22,3599,0.03980842901197124,0.31965373694556837,0.04082949681561097,0.5997083372268486,25,30,0
22,3600,0.03979197831620423,0.31965391785721314,0.040845768064851316,0.5997083357617314,25,30,0
22,3601,0.03979492219518973,0.3196539178572084,0.04084562375729906,0.5997055361903026,25,30,0
22,3602,0.03979492352214655,0.3196539178572173,0.04084562444358676,0.5997055341770492,25,30,0
22,3603,0.040032282583883284,0.31965391785732583,0.04084582182365398,0.5994679777351365,25,30,0
22,3604,0.039794991580827326,0.31965391785723546,0.04084562576641457,0.5997054647955222,25,30,0
22,3605,0.039793993382242286,0.3196549126246866,0.04084562920945139,0.5997054647836192,25,30,0
22,3606,0.039796781750079745,0.3196517390041349,0.04084601446225045,0.5997054647835346,25,30,0
22,3607,0.03979679937194278,0.31965173900408084,0.04075374964146316,0.599797711982513,25,30,0
22,3608,0.039796800283089635,0.31965174750354625,0.04075374023080905,0.5997977119825546,25,30,0
22,3609,0.03979380380503362,0.3196517475035636,0.040753740504198034,0.5998007081872042,25,30,0
22,3610,0.03979573089321786,0.31965174750374126,0.04075845740558669,0.5997940641974538,25,30,0
22,3611,0.0397958707507739,0.3196515982631326,0.04075846678847058,0.5997940641976225,25,30,0
22,3612,0.03978884486524186,0.31965159826309775,0.04076506971316855,0.5997944871584914,25,30,0
22,3613,0.039790983737744035,0.31965159826305434,0.04076506605409268,0.5997923519451088,25,30,0
22,3614,0.03979085992845852,0.31965173226267185,0.040765055863930665,0.5997923519449389,25,30,0
22,3615,0.03978793317330881,0.3196517322626807,0.04076505718109919,0.5997952773829113,25,30,0
22,3616,0.039787737732566775,0.31965173226261767,0.04076293072434685,0.5997975992804683,25,30,0
22,3617,0.03978169145815628,0.3196801729965158,0.04074053626974562,0.5997975992755815,25,30,0
22,3618,0.03985456081059049,0.3196801729986885,0.040740724547203594,0.5997245416435167,25,30,0
22,3619,0.0398515655445425,0.3196801729986976,0.04074072328296739,0.5997275381737919,25,30,0
22,3620,0.03985436725546007,0.319680172998634,0.04074067933486757,0.5997247804110375,25,30,0
22,3621,0.039854424112349116,0.3196801729986264,0.040740680746432674,0.5997247221425911,25,30,0
22,3622,0.03985446386884637,0.3196801729986348,0.04074053069950952,0.5997248324330084,25,30,0
22,3623,0.03985962097720661,0.3196749694494743,0.04074057657312815,0.5997248330001902,25,30,0
22,3624,0.03985961730777853,0.31967496944947354,0.04074057647793967,0.5997248367648075,25,30,0
22,3625,0.03986659020669325,0.31966799656645517,0.04074057645745213,0.5997248367693987,25,30,0
22,3626,0.03986559342442273,0.3196684540030059,0.04074111580793029,0.5997248367646402,25,30,0
22,3627,0.039794771773472876,0.31966845400080846,0.040740954444433465,0.5997958197812844,25,30,0
22,3628,0.039794704038341344,0.3196684540007994,0.0407409538348292,0.5997958881260292,25,30,0
22,3629,0.039795684018715714,0.31965702526182843,0.04075140258870746,0.5997958881307476,25,30,0
22,3630,0.039799696843258583,0.31965702526187145,0.04075137697366045,0.5997919009212087,25,30,0
22,3631,0.03979964415471179,0.31965702526186207,0.04075137680006015,0.5997919537833651,25,30,0
22,3632,0.039810556636447746,0.319645554673294,0.04075193489728967,0.5997919537929679,25,30,0
22,3633,0.03981050553953711,0.31964614310116857,0.040751397568624156,0.5997919537906689,25,30,0
22,3634,0.03981351854902733,0.31964614310116896,0.04075142611382605,0.5997889122359764,25,30,0
22,3635,0.03981449956960934,0.31964614310121287,0.040751429245154354,0.5997879280840221,25,30,0
22,3636,0.03981670614544463,0.3196545430034062,0.04074082277176438,0.5997879280793836,25,30,0
22,3637,0.039819688939425085,0.31965454300341506,0.04074082271306657,0.5997849453440919,25,30,0
22,3638,0.039814711714022184,0.31965951192914177,0.04074083099569101,0.5997849453611438,25,30,0
22,3639,0.04033700492844501,0.31965951547074895,0.04021804146848896,0.5997854381323158,25,30,0
22,3640,0.0403363604943286,0.31965951547075155,0.04021807165847844,0.5997860523764401,25,30,0
22,3641,0.040160390070842114,0.3198210483832397,0.04023250948320087,0.5997860520627162,25,30,0
22,3642,0.04016033475370863,0.319821497185685,0.04023211599805932,0.5997860520625458,25,30,0
22,3643,0.04016033350750456,0.3198214971856849,0.04023211450983204,0.5997860547969771,25,30,0
22,3644,0.040162992911243756,0.31982149718564723,0.04023208134932382,0.5997834285537837,25,30,0
22,3645,0.04015483975555356,0.31982970024068796,0.04023203201711253,0.5997834279866442,25,30,0
22,3646,0.040154853564251754,0.3198297002407062,0.04023202983210263,0.5997834163629374,25,30,0
22,3647,0.040157797019640847,0.3198297002407058,0.040232031814984165,0.5997804709246672,25,30,0
22,3648,0.04015784927361337,0.31982970024074275,0.040232150414744094,0.5997803000708974,25,30,0
22,3649,0.04015590892934516,0.318593275320418,0.04147051570102286,0.5997803000492118,25,30,0
22,3650,0.04015384124739361,0.31859327532045295,0.04147051875310567,0.5997823646790456,25,30,0
22,3651,0.0401657210080959,0.31859327532056797,0.04147055590950603,0.5997704477618281,25,30,0
22,3652,0.04016559833277937,0.31856232218204644,0.04150163171624355,0.5997704477689287,25,30,0
22,3653,0.04016559725938088,0.3185847270422387,0.0414792277768504,0.599770447921528,25,30,0
22,3654,0.04016652394137583,0.31858472704226504,0.041479230615210784,0.5997695184011466,25,30,0
22,3655,0.04016638436150216,0.3185847270422468,0.041479200745398265,0.5997696878508514,25,30,0
22,3656,0.040167349756343854,0.31858472704229907,0.04147259812546947,0.5997753250758864,25,30,0
22,3657,0.040167422942805266,0.3185847270423086,0.0414726002975822,0.5997752497173027,25,30,0
22,3658,0.0401644959049608,0.31858472704231816,0.04147260299029015,0.5997781740624297,25,30,0
22,3659,0.04016447870289537,0.31858472704230895,0.04147480459884692,0.5997759896559475,25,30,0
22,3660,0.040174461475230495,0.31858472704233537,0.04147480695437085,0.5997660045280621,25,30,0
22,3661,0.04017831600152457,0.3185847270423699,0.04147480892937998,0.5997621480267245,25,30,0
22,3662,0.04017829880652168,0.31858472704236035,0.04148141061150448,0.5997555635396123,25,30,0
22,3663,0.04018043597799737,0.31858472704232577,0.04148140813360844,0.5997534288460673,25,30,0
22,3664,0.04017651369639307,0.318584727042282,0.041481405509640704,0.5997573537516829,25,30,0
22,3665,0.04018250425872811,0.3185847270422818,0.0414813661895387,0.5997514025094499,25,30,0
22,3666,0.04018250545224989,0.3185847270422817,0.04148136667069384,0.5997514008347732,25,30,0
22,3667,0.04030003978135733,0.31858472704446067,0.0414816606863128,0.599633572487868,25,30,0
22,3668,0.040547248448942905,0.3195757017146825,0.040243477045128415,0.5996335727912449,25,30,0
22,3669,0.04054730111361155,0.3195756611150136,0.040243464980084076,0.5996335727912893,25,30,0
22,3670,0.04054755937205446,0.31957566111500624,0.04024346585249709,0.5996333136604406,25,30,0
22,3671,0.04054766467699085,0.3195755586724944,0.040243462985352155,0.5996333136651604,25,30,0
22,3672,0.04054461246808866,0.3195755586724767,0.04024346123250445,0.599636367626928,25,30,0
22,3673,0.04053756978693311,0.3195755586724431,0.040243573702694775,0.5996432978379268,25,30,0
22,3674,0.04053757071703478,0.319607027210862,0.04021210423655475,0.5996432978355465,25,30,0
22,3675,0.04053151150154594,0.3196070272108527,0.040212103536033224,0.5996493577515661,25,30,0
22,3676,0.040531511361261055,0.319607027210851,0.04021198747979876,0.5996494739480872,25,30,0
22,3677,0.04052851748434947,0.31961002098885827,0.04021198757866081,0.5996494739481294,25,30,0
22,3678,0.040513535901191056,0.31961002098874336,0.04021206626111353,0.5996643768489501,25,30,0
22,3679,0.040518709325549525,0.3196042505634862,0.04021266311629603,0.5996643769946663,25,30,0
22,3680,0.04051743086281441,0.3196042505635905,0.04021267020851953,0.5996656483650736,25,30,0
22,3681,0.04058919939114554,0.3196042505667957,0.04021293560046886,0.599593614441588,25,30,0
22,3682,0.04052440242320834,0.3196042505636343,0.0402126733532697,0.5996586736598858,25,30,0
22,3683,0.04052133614081335,0.3196042505636427,0.04021267448088211,0.5996617388146601,25,30,0
22,3684,0.040521351786585724,0.31960368846853027,0.04021322092541965,0.5996617388194627,25,30,0
22,3685,0.04052427854370271,0.31960130787036567,0.0402126747689749,0.5996617388169551,25,30,0
22,3686,0.04052725787706491,0.319601307870374,0.04021267489403343,0.599658759358526,25,30,0
22,3687,0.040650595918298144,0.31947751247693273,0.04021313195623941,0.599658759648528,25,30,0
22,3688,0.04088492749605477,0.3194775124819763,0.04020863364412509,0.5994289263778426,25,30,0
22,3689,0.04088487512220719,0.3194775124819679,0.0402086315264517,0.5994289808693719,25,30,0
22,3690,0.0408878733123157,0.3194775124819768,0.040300894567548,0.5993337196381582,25,30,0
22,3691,0.04089092216021051,0.31947751248200307,0.040300781021958575,0.5993307843358265,25,30,0
22,3692,0.0408902705255765,0.319477512481988,0.040300779510043426,0.5993314374823905,25,30,0
22,3693,0.04088655658469281,0.31947751248194606,0.040300778057349926,0.5993351528760096,25,30,0
22,3694,0.04088653840129752,0.31947753173391386,0.0403007769936231,0.5993351528711639,25,30,0
22,3695,0.0407650068780727,0.3194775317318151,0.04030048872802547,0.5994569726620849,25,30,0
22,3696,0.040764638781627595,0.3195088358257439,0.0402695531553884,0.5994569722372382,25,30,0
22,3697,0.04076476245318642,0.3195088358257356,0.0402695530456349,0.5994568486754411,25,30,0
22,3698,0.04150326056944164,0.31950883583295153,0.0402702092515215,0.5987176943460835,25,30,0
22,3699,0.04149536001780988,0.31951690062409416,0.04027004501906515,0.5987176943390288,25,30,0
22,3700,0.04137496518216777,0.3196377527465003,0.04026958802230522,0.5987176940490246,25,30,0
22,3701,0.041374925963572035,0.31963792144753117,0.0402694585426874,0.5987176940462094,25,30,0
22,3702,0.041374925901742514,0.31963792144753134,0.040269459880321525,0.5987176927704049,25,30,0
22,3703,0.04137481896456356,0.3196379214475489,0.04026946215275306,0.5987177974351348,25,30,0
22,3704,0.04137514475302957,0.3196058042026599,0.04030125376152325,0.5987177972827886,25,30,0
22,3705,0.041377178075950774,0.319605804202652,0.04030125336915193,0.5987157643522467,25,30,0
22,3706,0.04137212509329552,0.3196114537500924,0.04030065695008167,0.5987157642065314,25,30,0
22,3707,0.041369847755302204,0.3196114537501255,0.04030065830409283,0.59871804019048,25,30,0
22,3708,0.04136892109467838,0.31961145375009925,0.04030065544547828,0.5987189697097447,25,30,0
22,3709,0.041365665735693675,0.3196465575633544,0.04026880698665771,0.5987189697142936,25,30,0
22,3710,0.04136566571924853,0.3184746988295908,0.04144066573206155,0.5987189697190999,25,30,0
22,3711,0.041373225099856734,0.31845666304664894,0.04145114213016758,0.5987189697233272,25,30,0
22,3712,0.04137322544507979,0.3184565269473184,0.04145127788423389,0.5987189697233682,25,30,0
22,3713,0.041375941333661334,0.31845652694727206,0.04145131696532403,0.5987162147537429,25,30,0
22,3714,0.04137298404432124,0.31845652694726284,0.04145131498319772,0.5987191740252185,25,30,0
22,3715,0.041373053902651724,0.3184565269472805,0.04144471190694046,0.5987257072431271,25,30,0
22,3716,0.04137413931513503,0.3184565269471929,0.041444785060010814,0.5987245486776609,25,30,0
22,3717,0.04150137246649157,0.3184565269493715,0.04145171465140352,0.5985903859327334,25,30,0
22,3718,0.04150429970556496,0.31845652694934506,0.04145171462270308,0.598587458722387,25,30,0
22,3719,0.04150435305649356,0.31845646436748565,0.041451723858391014,0.5985874587176293,25,30,0
22,3720,0.04150435295914183,0.31845628081882443,0.04145190750678392,0.5985874587152492,25,30,0
22,3721,0.041504283632874485,0.3196282091325527,0.040280048521747464,0.5985874587128248,25,30,0
22,3722,0.04150431918961015,0.31962820913252654,0.040280047377448114,0.5985874243004148,25,30,0
22,3723,0.041511176021020176,0.31964868384663925,0.040252715827248764,0.5985874243050918,25,30,0
22,3724,0.04150817987902039,0.3196486838466479,0.040252674026494656,0.5985904622478369,25,30,0
22,3725,0.041264050253337396,0.31987060097687453,0.04027488681082885,0.5985904619589597,25,30,0
22,3726,0.04126096823027992,0.3198960958979307,0.040252473927372794,0.5985904619444166,25,30,0
22,3727,0.041130721956015456,0.31989609589573437,0.04024554229289833,0.5987276398553518,25,30,0
22,3728,0.041127795588537755,0.31989902413346594,0.04024554041541824,0.598727639862578,25,30,0
22,3729,0.041134782389892294,0.31989902413351,0.04024554340917618,0.5987206500674211,25,30,0
22,3730,0.04113171969264107,0.31989902413349236,0.0402455767416827,0.5987236794321836,25,30,0
22,3731,0.04112881107438732,0.31990286730151307,0.04024464218237209,0.5987236794417271,25,30,0
22,3732,0.04115525955482368,0.3199028638579032,0.04021867969565907,0.5987231968916146,25,30,0
22,3733,0.04115133018787727,0.32098550883250804,0.03913996409271617,0.5987231968868993,25,30,0
22,3734,0.04115441608471675,0.3209855088335802,0.03914001648226592,0.5987200585994377,25,30,0
22,3735,0.002203920989460606,0.32098562276885206,0.07809028601768131,0.5987201702240088,25,30,0
22,3736,0.0022109054736306273,0.32097843441833945,0.07809048986267211,0.5987201702453605,25,30,0
22,3737,0.002208013244240069,0.3209815159657277,0.07809030054442219,0.5987201702456126,25,30,0
22,3738,0.002208012900505583,0.32098150664485803,0.07809031020906701,0.5987201702455716,25,30,0
22,3739,0.0022122401492620414,0.32098150664806163,0.07809043953994221,0.5987158136627362,25,30,0
22,3740,0.0022046650659975804,0.32099221884810514,0.07808730243227781,0.5987158136536214,25,30,0
22,3741,0.0022017205186324394,0.3209922188481045,0.07799507969635273,0.5988109809369119,25,30,0
22,3742,0.0022086964225512254,0.32099221884813867,0.07799496907233845,0.5988041156569733,25,30,0
22,3743,0.002209622788758171,0.3209922188481651,0.07799493226748357,0.5988032260955948,25,30,0
22,3744,0.001977289267947212,0.32099221884297935,0.07799471667756101,0.5990357752115141,25,30,0
22,3745,0.0012357769995634466,0.3209922188357647,0.0779941802034737,0.5997778239611996,25,30,0
22,3746,0.0003675233401882759,0.32099210480653634,0.0788626698878766,0.5997777019654003,25,30,0
22,3747,0.00037839758008639834,0.3209808434162533,0.07886305704084727,0.5997777019628144,25,30,0
22,3748,0.00037940784598784554,0.3203699163318485,0.07947297385428106,0.5997777019678847,25,30,0
22,3749,0.0003795637341945205,0.3203774919545207,0.07946524234323463,0.5997777019680521,25,30,0
22,3750,0.0004991177205518505,0.3203774919566031,0.079465504884961,0.5996578854378856,25,30,0
22,3751,0.0004960995301173552,0.32037749195554033,0.07946545312945165,0.5996609553848921,25,30,0
22,3752,0.0004921338427950172,0.3203774919555235,0.07946544789160319,0.5996649263100795,25,30,0
22,3753,0.0014004477385257176,0.3194678875948217,0.07946673805119918,0.5996649266154532,25,30,0
22,3754,0.0014004123355153817,0.31946788759481387,0.07946453748127745,0.5996671625883931,25,30,0
22,3755,0.0014761009228554522,0.31836441864672993,0.08049231761487549,0.5996671628155374,25,30,0
22,3756,0.0014761891672627821,0.31836441864678394,0.0807585666697689,0.5994008255161839,25,30,0
22,3757,0.0014733333931573238,0.3183644186467662,0.0807584502340542,0.5994037977260223,25,30,0
22,3758,0.0014731407182399336,0.31833314698386683,0.08078991457203313,0.5994037977258597,25,30,0
22,3759,0.0014671851826557009,0.31833314698388543,0.08078991599344483,0.5994097518400138,25,30,0
22,3760,0.0014672205686780888,0.3183331469838934,0.08078991422439491,0.5994097182230333,25,30,0
22,3761,0.0017193078155454476,0.31833314698152565,0.08053782184776768,0.5994097233551602,25,30,0
22,3762,0.0008118893578778841,0.31880572640030885,0.08097266118747093,0.5994097230543399,25,30,0
22,3763,0.0008088931642457643,0.31880572640031773,0.08097266188862394,0.5994127185468099,25,30,0
22,3764,0.0008019733405632126,0.3188057264002921,0.0809726590485274,0.5994196412106144,25,30,0
22,3765,0.0007949827401903145,0.31880572640024074,0.0809726609245317,0.5994266299350344,25,30,0
22,3766,0.0007919877075807273,0.3188083386806311,0.08097304367674873,0.5994266299350367,25,30,0
22,3767,0.0007920405246907472,0.31883942602882176,0.08094190351145272,0.5994266299350322,25,30,0
22,3768,0.0007889916389323229,0.3188424289756319,0.08094194945031706,0.5994266299351161,25,30,0
22,3769,0.000788816121475348,0.31884242897560466,0.08094194702710641,0.599426807875811,25,30,0
22,3770,0.0007918301653566745,0.3188424289756145,0.08094194838107435,0.5994237924779522,25,30,0
22,3771,0.000793809452352179,0.3188424289757132,0.08094195787223235,0.5994218036997,25,30,0
22,3772,0.0007828600290068078,0.3188429140301813,0.08095242225046104,0.5994218036903491,25,30,0
22,3773,0.0007897834146406927,0.3188429140302145,0.08095242002995487,0.5994148825251883,25,30,0
22,3774,0.0007885717488451835,0.31884291402705656,0.08095241029284458,0.5994161039312518,25,30,0
22,3775,0.0007953535328003155,0.3188361375576405,0.08095240498085372,0.5994161039287027,25,30,0
22,3776,0.0007953523101955712,0.3188361375576401,0.08095244426032591,0.5994160658718358,25,30,0
22,3777,0.0007884992648660771,0.31883613755762413,0.08095244164917663,0.5994229215283305,25,30,0
22,3778,0.0007885346613061388,0.31884657147987866,0.08094197232835297,0.5994229215304595,25,30,0
22,3779,0.0007918128758129232,0.31884657147993367,0.08094197991817349,0.5994196357260777,25,30,0
22,3780,0.0007918475379047232,0.31884657147990764,0.08094209382542777,0.5994194871567573,25,30,0
22,3781,0.0007948274861160923,0.3188428213402073,0.08094286402176148,0.5994194871519128,25,30,0
22,3782,0.000815079683255396,0.3188529265739318,0.08091250630859494,0.5994194874342152,25,30,0
22,3783,0.0008210521275948456,0.31928308217591633,0.08047637826236023,0.599419487434128,25,30,0
22,3784,0.0008209997033275781,0.31928308217591556,0.08047641816829129,0.5994194999524648,25,30,0
22,3785,0.0008205977846562312,0.3192830821758519,0.0804764103863204,0.5994199096531708,25,30,0
22,3786,0.001062572252823863,0.319041785335984,0.08047573274348764,0.5994199096677039,25,30,0
22,3787,0.0010595212756393142,0.31904178533593003,0.0804756128814797,0.5994230805069504,25,30,0
22,3788,0.001029682448071772,0.31904178532937816,0.08050545691109176,0.5994230753114591,25,30,0
22,3789,0.001029683080315985,0.3190417853293779,0.08050545690116585,0.5994230746891408,25,30,0
22,3790,0.0011014077246330955,0.3189555685884677,0.08051994856259424,0.599423075124305,25,30,0
22,3791,0.001101372339365164,0.3189555685884506,0.08051991137887506,0.5994231476933092,25,30,0
22,3792,0.0011013730478965662,0.31895556858847857,0.08051995598343188,0.5994231023801927,25,30,0
22,3793,0.0011044406813934481,0.31895556858846935,0.0805199849955784,0.5994200057345583,25,30,0
22,3794,0.0011043883986808615,0.31895556858847723,0.08051986771910118,0.5994201752937403,25,30,0
22,3795,0.0011103059827098408,0.319559555174879,0.07990996354881809,0.5994201752935928,25,30,0
22,3796,0.0011104127378931542,0.300812323640707,0.09865707864722802,0.5994201849741692,25,30,0
22,3797,0.0011074837627704987,0.3008123236407154,0.09865719473869858,0.5994229978578126,25,30,0
22,3798,0.0011065197945306381,0.300812323640681,0.09865723174522328,0.5994239248195626,25,30,0
22,3799,0.0015694672875468235,0.30081232364285754,0.0986575139721712,0.5989606950974221,25,30,0
22,3800,0.0015694508808064347,0.3008123236428484,0.09865751328687476,0.598960712189468,25,30,0
22,3801,0.001571433069115655,0.30081232364279503,0.09865750830659119,0.5989587349814962,25,30,0
22,3802,0.0015713816341218507,0.3008123759133581,0.09865750747336076,0.5989587349791577,25,30,0
22,3803,0.001693838048687627,0.30081237591554527,0.09865935534262853,0.598834430693137,25,30,0
22,3804,0.001697818481282104,0.3008123759155714,0.0986625471219483,0.5988272584811966,25,30,0
22,3805,0.001697045984185871,0.30080220889979864,0.09867348622031895,0.5988272588956947,25,30,0
22,3806,0.0016900962659894023,0.30080936089792926,0.09867328395922778,0.598827258876851,25,30,0
22,3807,0.0016930776970594439,0.3008093608979116,0.09867316871522977,0.5988243926897965,25,30,0
22,3808,0.0016931196192484345,0.3008093608979214,0.09867316983898662,0.5988243496438409,25,30,0
22,3809,0.0014518657101945905,0.3010614708448567,0.09866231422775484,0.5988243492171912,25,30,0
22,3810,0.0013871905629491282,0.301140613435069,0.09864784721517986,0.598824348786799,25,30,0
22,3811,0.0013874524925995418,0.30114061343506227,0.09864784776035787,0.5988240863119774,25,30,0
22,3812,0.0013814748548101785,0.30114061343508947,0.09864466037099899,0.5988332513390984,25,30,0
22,3813,0.0013844432417894203,0.3011406134350977,0.09864465749927277,0.5988302858238372,25,30,0
22,3814,0.0013854997732349252,0.3011406134351716,0.09864470601837307,0.5988291807732177,25,30,0
22,3815,0.0013825050568841701,0.30114061343516313,0.09864470591079595,0.5988321755971543,25,30,0
22,3816,0.0013854169012561576,0.3011365951205844,0.0986458123835892,0.5988321755945677,25,30,0
22,3817,0.0013813326046848385,0.31988767135044704,0.07989883013325488,0.598832165911612,25,30,0
22,3818,0.0013842945345273572,0.31988522936645325,0.07989831018736634,0.5988321659116522,25,30,0
22,3819,0.0013872891590740741,0.3198852293664622,0.07989835033262221,0.5988291311418408,25,30,0
22,3820,0.0013874112113877438,0.31988523567172567,0.07989822197725921,0.5988291311396265,25,30,0
22,3821,0.001383286395884101,0.3198852356716604,0.07989814383208982,0.5988333341003649,25,30,0
22,3822,0.0017238856256186021,0.31988523567164084,0.07989654173362588,0.5984943369691138,25,30,0
22,3823,0.0017169676497643526,0.31989214941236055,0.07989654597113909,0.5984943369667352,25,30,0
22,3824,0.0017169626678143854,0.31989214941236005,0.07989654504107657,0.598494342878748,25,30,0
22,3825,0.0017140190262762882,0.31989214941234084,0.07989646110988118,0.5984973704515008,25,30,0
22,3826,0.001714018104985741,0.3198914188549648,0.07989719258854783,0.5984973704515008,25,30,0
22,3827,0.0018346686447860891,0.31988131327242547,0.07978664786018744,0.5984973702226009,25,30,0
22,3828,0.0018337218908374448,0.31988131327237257,0.07978664352312212,0.5984983213136679,25,30,0
22,3829,0.0018337742368967915,0.31988131327236413,0.0797866048357118,0.5984983076550272,25,30,0
22,3830,0.001837767877371638,0.319881313272417,0.0797866077035144,0.5984943111466969,25,30,0
22,3831,0.0018377512274438887,0.31988206721192874,0.0797858704139297,0.5984943111466976,25,30,0
22,3832,0.0013777449547138865,0.31988206720975176,0.0797855881484713,0.5989545996870629,25,30,0
22,3833,0.0012058580356290218,0.31988206721341217,0.0799574747758822,0.5989545999750767,25,30,0
22,3834,0.0012058769696131097,0.31988204375770113,0.07995747929760294,0.5989545999750829,25,30,0
22,3835,0.0012412576520054836,0.31988204375364776,0.07992209804163643,0.598954600552711,25,30,0
22,3836,0.040881026126306834,0.3198820437520774,0.040282329578962106,0.5989546005426544,25,30,0
22,3837,0.04075854667055348,0.31988204374988866,0.04028205789744223,0.5990773516821162,25,30,0
22,3838,0.02398201028879094,0.31988373534408754,0.05705210412552303,0.599082150241599,25,30,0
22,3839,0.023982991303610573,0.3198831379680008,0.057051720479434416,0.5990821502489544,25,30,0
22,3840,0.039282406175924094,0.31988144676255514,0.04175870405933781,0.5990774430021832,25,30,0
22,3841,0.03927926907903885,0.3198814467625014,0.041492454064693894,0.5993468300937661,25,30,0
22,3842,0.04101636350959961,0.3198814463781742,0.039755451576806725,0.599346738535419,25,30,0
22,3843,0.04101732746418499,0.3198814463782088,0.03975545403976844,0.5993457721178375,25,30,0
22,3844,0.04101630728780145,0.31987583238850326,0.03976208819863822,0.5993457721250564,25,30,0
22,3845,0.04101632550805892,0.3198758323885109,0.03976196866076273,0.5993458734426667,25,30,0
22,3846,0.04101741162201561,0.3198821167643447,0.039754598180454924,0.599345873433184,25,30,0
22,3847,0.041015414425236756,0.3198821167642385,0.03975463052017803,0.599347838290346,25,30,0
22,3848,0.041018357777663085,0.3198821167642385,0.039754631209167376,0.5993448942489303,25,30,0
22,3849,0.04101141360756852,0.31987840091698166,0.03976529122657045,0.5993448942488786,25,30,0
22,3850,0.041011395940507234,0.3198784009170794,0.03976530025123148,0.5993449028911815,25,30,0
22,3851,0.0407447768083443,0.31987840094045433,0.04003191923523008,0.5993449030159714,25,30,0
22,3852,0.04074772022215143,0.3198749123280155,0.04003246443620157,0.5993449030136315,25,30,0
22,3853,0.04074765201701796,0.3198753330005992,0.04003211196640997,0.5993449030159728,25,30,0
22,3854,0.04075462359687845,0.3198753330006425,0.04003211458188348,0.5993379288205954,25,30,0
22,3855,0.04075474528054703,0.3198754031746213,0.04003192272657656,0.5993379288182549,25,30,0
22,3856,0.04075273117505038,0.3198754031746562,0.04003192504260729,0.599339940607686,25,30,0
22,3857,0.04075795654569556,0.31987068219373116,0.04003142050477693,0.5993399407557962,25,30,0
22,3858,0.04075776100557832,0.31987068219374737,0.040404391208120345,0.5989671655925543,25,30,0
22,3859,0.040294741985175644,0.319870682191588,0.040404105067602704,0.5994304707556338,25,30,0
22,3860,0.04029567766798166,0.3198706821916755,0.04040411133528506,0.5994295288050578,25,30,0
22,3861,0.011600246515401093,0.31987760905889473,0.06909259046014463,0.5994295539655599,25,30,0
22,3862,0.011595021115575749,0.3198828752721284,0.06909254979250726,0.5994295538197889,25,30,0
22,3863,0.01158804952417406,0.3198828752720849,0.06909254669769706,0.5994365285060447,25,30,0
22,3864,0.011821399345086123,0.319649345801757,0.06909272604847368,0.5994365288046838,25,30,0
22,3865,0.011818388644805158,0.319649345801748,0.0687197533475367,0.5998125122059108,25,30,0
22,3866,0.01182140053840749,0.31964934580175697,0.0687197824311262,0.5998094712287098,25,30,0
22,3867,0.011824360890296495,0.319649345801766,0.06871978307820195,0.5998065102297357,25,30,0
22,3868,0.011830351462756097,0.31964934580176646,0.06871978449964684,0.5998005182358309,25,30,0
22,3869,0.011830419438411644,0.3196493458017668,0.06871982243967231,0.5998004123201494,25,30,0
22,3870,0.011834404142002397,0.3196453673043452,0.0687198162289064,0.5998004123247458,25,30,0
22,3871,0.011834511920642651,0.31964536730432813,0.06871981802625277,0.599800302748776,25,30,0
22,3872,0.011838504978424178,0.3196413634727106,0.0687198287856345,0.5998003027632304,25,30,0
22,3873,0.01273850225908055,0.3196413634838689,0.06781983084442511,0.5998003034126262,25,30,0
22,3874,0.012729515928513558,0.31961888207234784,0.06785129857923851,0.5998003034199009,25,30,0
22,3875,0.012735571487473505,0.3196188820723221,0.06785141183914059,0.5997941346010642,25,30,0
22,3876,0.0017333571621636163,0.3196122543195615,0.07886027922438578,0.5997941092938903,25,30,0
22,3877,0.0017403332163460448,0.31961225431959606,0.07886028469795499,0.5997871277661037,25,30,0
22,3878,0.0018650924697921703,0.31961195521485847,0.07873521328527346,0.5997877390300766,25,30,0
22,3879,0.0018650410275843812,0.31961195521485036,0.07873521319513531,0.5997877905624304,25,30,0
22,3880,0.0018679682685108978,0.3196119552148239,0.07873521172908028,0.5997848647875854,25,30,0
22,3881,0.001867986203343719,0.3196119552147263,0.07873520277657885,0.5997848558053512,25,30,0
22,3882,0.0018651861936886298,0.31961477291812807,0.07873518507781502,0.5997848558103683,25,30,0
22,3883,0.0018692052698121222,0.3196147729181638,0.07873517245960528,0.5997808493524189,25,30,0
22,3884,0.0012496031265892542,0.3196147730403654,0.07935477510641148,0.5997808487266346,25,30,0
22,3885,0.0014867422725811476,0.3196147730425542,0.07935497182853223,0.5995435128563331,25,30,0
22,3886,0.001488775984329202,0.3196147730425468,0.07944723272812854,0.5994492182449962,25,30,0
22,3887,0.0021642871190572966,0.31961477304267133,0.07944904293790887,0.598771896900363,25,30,0
22,3888,0.0021644247858505494,0.3196147730426893,0.07944904477481068,0.5987717573966498,25,30,0
22,3889,0.002166561610514447,0.3196126386639616,0.07944904233614505,0.598771757389379,25,30,0
22,3890,0.02596846338320501,0.31961267486239203,0.05564709832852622,0.598771763425877,25,30,0
22,3891,0.025968567542198152,0.3196126748623651,0.055554834964065096,0.5988639226313718,25,30,0
22,3892,0.025971685890089153,0.3196126748623645,0.055554918404829345,0.5988607208427171,25,30,0
22,3893,0.02596764903515454,0.31961267486232825,0.05555500476667492,0.5988646713358423,25,30,0
22,3894,0.025967512317364626,0.31961267486230993,0.05555500297465426,0.5988648098456711,25,30,0
22,3895,0.025968598042656898,0.2938285980893893,0.08133799403234226,0.5988648098356083,25,30,0
22,3896,0.025968609443102916,0.2938285980894074,0.08133799678812613,0.5988647956793606,25,30,0
22,3897,0.025975809420933187,0.29382859808948014,0.08133800112023357,0.5988575913693507,25,30,0
22,3898,0.025979804209063876,0.29382859808951595,0.08133800419578809,0.59885359350563,25,30,0
22,3899,0.02530031302021022,0.2938285980893658,0.08133627112289615,0.5995348177675259,25,30,0
22,3900,0.025297372089165493,0.31964560874199166,0.05552220139827514,0.5995348177705675,25,30,0
22,3901,0.025294375358520384,0.3196456087420095,0.055522162824396155,0.5995378530750737,25,30,0
22,3902,0.025297180428584025,0.31840451071681036,0.05676045578443256,0.5995378530701728,25,30,0
22,3903,0.025300212038077433,0.3184045107168099,0.05676033935099967,0.5995349378941127,25,30,0
22,3904,0.02530021784421172,0.3184039569344558,0.056760887327127,0.5995349378942053,25,30,0
22,3905,0.03778773382658074,0.31840819558629263,0.04426771216450152,0.599536358422625,25,30,0
22,3906,0.037787855290863606,0.31840819558628397,0.0442676320803162,0.599536317042536,25,30,0
22,3907,0.037784876328150696,0.3184081955863023,0.04426771543146482,0.5995392126540819,25,30,0
22,3908,0.037781822556057165,0.31841179358547345,0.04426717119737886,0.5995392126610902,25,30,0
22,3909,0.037548470612151434,0.3186453159005607,0.04426700112717613,0.5995392123601111,25,30,0
22,3910,0.03754834874137274,0.3186453159005692,0.04426700071962321,0.599539334638434,25,30,0
22,3911,0.03755220249175256,0.3186414660945553,0.04426699676807438,0.5995393346456165,25,30,0
22,3912,0.03742500011063005,0.31864146613335104,0.04439481040236602,0.5995387233536524,25,30,0
22,3913,0.03742291815603223,0.31864146613339484,0.0443947855934846,0.5995408301170876,25,30,0
22,3914,0.03742586027739312,0.31864146613339467,0.04439478553819849,0.5995378880510132,25,30,0
22,3915,0.037425806492676766,0.3186414661334034,0.04439478565196012,0.5995379417219593,25,30,0
22,3916,0.03741785251763036,0.31864146613334243,0.04439486136107587,0.5995458199879509,25,30,0
22,3917,0.03741687209789586,0.31864146613328176,0.04439485700430508,0.5995468047645168,25,30,0
22,3918,0.037421923544011235,0.3186414661353875,0.04439488733952681,0.5995417229810738,25,30,0
22,3919,0.03742190787706035,0.3186409341419672,0.04439543499994326,0.5995417229810285,25,30,0
22,3920,0.0376524114454638,0.31864093414204087,0.04439545141845827,0.5993112029940362,25,30,0
22,3921,0.0376442955021527,0.31864093413994415,0.04439542075616967,0.5993193496017326,25,30,0
22,3922,0.037642281696939894,0.31864093413997924,0.04439542442164331,0.5993213597414365,25,30,0
22,3923,0.03763802547809545,0.31864093413990635,0.044395446138024444,0.5993255942439726,25,30,0
22,3924,0.03763809383450395,0.3186409341399148,0.04439544614729231,0.5993255258782879,25,30,0
22,3925,0.037405469092844514,0.3186409341398764,0.04439534977411084,0.5995582469931673,25,30,0
22,3926,0.037401419955863865,0.3186409341398142,0.04439523172733375,0.599562414176987,25,30,0
22,3927,0.03770130907874514,0.31864093414472644,0.04439582944121554,0.5992619273353117,25,30,0
22,3928,0.03770136177045515,0.3186403391932037,0.04439637170341009,0.59926192733293,25,30,0
22,3929,0.03770222073514794,0.3186403391932201,0.044396374436713355,0.5992610656349175,25,30,0
22,3930,0.037706512981670194,0.3186403391932407,0.04439640526198037,0.5992567425631078,25,30,0
22,3931,0.0377134309210335,0.31863341895578745,0.044396407557855753,0.5992567425653224,25,30,0
22,3932,0.037706389325918556,0.31863341895573444,0.04439640327343959,0.5992637884449064,25,30,0
22,3933,0.03770239628391317,0.3186154037494241,0.044418411533656464,0.5992637884330059,25,30,0
22,3934,0.03771064832478923,0.31860714972088416,0.04441841351608586,0.5992637884382404,25,30,0
22,3935,0.037710683624659,0.31860714972086546,0.044418330123467555,0.5992638365310075,25,30,0
22,3936,0.037708670593896564,0.31860714972089144,0.044418361552590546,0.5992658181326209,25,30,0
22,3937,0.037708354182166934,0.3186071497209058,0.04441833374525058,0.5992661623516761,25,30,0
22,3938,0.03747506708857546,0.31860714971876875,0.04441813823097671,0.5994996449616785,25,30,0
22,3939,0.03747919116308548,0.29985583291495876,0.06316533095271294,0.5994996449692418,25,30,0
22,3940,0.03178161927545324,0.29985155807475006,0.06886860436155981,0.5994982182882365,25,30,0
22,3941,0.03178363510054653,0.29985155807474123,0.06886860427167249,0.5994962025530394,25,30,0
22,3942,0.03178375756135699,0.2998515580747326,0.06886860309254397,0.5994960812713662,25,30,0
22,3943,0.03178088586005907,0.2998515580747686,0.06886858022947995,0.5994989758356921,25,30,0
22,3944,0.03178290064251991,0.29985155807474256,0.06886857685518823,0.5994969644275489,25,30,0
22,3945,0.031779974523260805,0.29985155807475244,0.06886861772013354,0.5994998496818528,25,30,0
22,3946,0.031480945378065235,0.29985155806986685,0.06886802165392679,0.5997994748981406,25,30,0
22,3947,0.031480946706240825,0.30108929867505296,0.06763027972075718,0.5997994748979483,25,30,0
22,3948,0.031481805169428154,0.2998506356808933,0.06886808425159031,0.5997994748980873,25,30,0
22,3949,0.03148489057086535,0.29985063568091247,0.06886817036592403,0.5997963033822971,25,30,0
22,3950,0.031481875025155946,0.29985063568091996,0.06886816816069484,0.5997993211332281,25,30,0
22,3951,0.03147941762607372,0.2981259719144432,0.0705952893232364,0.5997993211362455,25,30,0
22,3952,0.03147941544083429,0.29812597191444246,0.07059528924230074,0.5997993234024216,25,30,0
22,3953,0.03147631362217736,0.29812597191444246,0.0705952908247777,0.5998024236386015,25,30,0
22,3954,0.03147233934494053,0.2981299398260861,0.07059529719521242,0.5998024236337595,25,30,0
22,3955,0.03146541332492651,0.31685260593765663,0.051879557111089804,0.599802423626325,25,30,0
22,3956,0.03146272275883601,0.31685285213136555,0.05188200148031722,0.5998024236294813,25,30,0
22,3957,0.03146265394372152,0.3168700357489043,0.05186488666589751,0.5998024236414767,25,30,0
22,3958,0.03146270572624609,0.3168700357489045,0.05186480561985927,0.5998024529049902,25,30,0
22,3959,0.03146265302790483,0.3168805923113423,0.05185430176052594,0.5998024529002268,25,30,0
22,3960,0.031462547405760814,0.316880592311316,0.051854299459463134,0.59980256082346,25,30,0
22,3961,0.03146950293227964,0.3168805923113592,0.05185430197618714,0.599795602780174,25,30,0
22,3962,0.03146852255675839,0.31811992104102926,0.05061595362693159,0.5997956027752804,25,30,0
22,3963,0.03146852122645807,0.31811993217099377,0.05061594382965076,0.599795602772897,25,30,0
22,3964,0.03146547359068547,0.3181199321709942,0.05061594386300763,0.5997986503753127,25,30,0
22,3965,0.031458571522899194,0.3181199321709686,0.050615942001942846,0.5998055543041891,25,30,0
22,3966,0.03145445506425254,0.2993752090174329,0.06936478162617815,0.5998055542921358,25,30,0
22,3967,0.03145445675789938,0.31810165273229574,0.05063833621776915,0.5998055542920351,25,30,0
22,3968,0.03145445557151886,0.31810165273228724,0.05063833355430036,0.5998055581418931,25,30,0
22,3969,0.03145244111944272,0.3181016527322956,0.05063833391595437,0.5998075722323069,25,30,0
22,3970,0.03145543734025718,0.3181016527323047,0.050638336109447984,0.5998045738179898,25,30,0
22,3971,0.031455314220356405,0.3180937126671265,0.0506463993066423,0.5998045738058744,25,30,0
22,3972,0.03145146025000409,0.31809371266713726,0.05064644856347672,0.5998083785193811,25,30,0
22,3973,0.03145152823139001,0.31811605148524036,0.05062404175914983,0.599808378524219,25,30,0
22,3974,0.03145964622150012,0.3181160514873282,0.050624078442967804,0.5998002238482032,25,30,0
22,3975,0.03145971653664293,0.3181082467846181,0.05063181282571926,0.599800223853019,25,30,0
22,3976,0.03145878885342344,0.3181082467845833,0.050631809137967235,0.5998011552240254,25,30,0
22,3977,0.03146124112077376,0.3198334634242398,0.04890414023381291,0.599801155221173,25,30,0
22,3978,0.031531035780965715,0.3198334634279425,0.048904350582956876,0.5997311502081343,25,30,0
22,3979,0.0315309634195277,0.3198334634279068,0.048904345964806334,0.5997312271877585,25,30,0
22,3980,0.031537885678095186,0.31983346342793306,0.048904348825157415,0.5997243020688137,25,30,0
22,3981,0.03154088286805997,0.31983346342794183,0.04890438946320851,0.5997212642407891,25,30,0
22,3982,0.03154381087844917,0.31983346342793206,0.048904349027812745,0.5997183766658051,25,30,0
22,3983,0.03179731331286793,0.3397296313864041,0.028754677886383216,0.5997183774143439,25,30,0
22,3984,0.040650801225446405,0.33972963125089206,0.019901188996458836,0.5997183785272014,25,30,0
22,3985,0.040653727393959505,0.3397267157258996,0.01990117835765827,0.5997183785224813,25,30,0
22,3986,0.040646772448013395,0.3397267157258563,0.019903457019492015,0.5997230548066372,25,30,0
22,3987,0.04064698025446501,0.3397487152950507,0.01988124964597845,0.5997230548045045,25,30,0
22,3988,0.040643999121044716,0.33974871529504247,0.020010713498443317,0.5995965720854681,25,30,0
22,3989,0.04063583316052771,0.33977889457588567,0.01998870017616932,0.5995965720874163,25,30,0
22,3990,0.040642809431323056,0.33977889457592036,0.019988704869925503,0.5995895911228302,25,30,0
22,3991,0.040665935869387944,0.3397788945811174,0.019859332352656547,0.5996958371968372,25,30,0
22,3992,0.04066294075967204,0.3397818891482796,0.019859332895294915,0.5996958371967526,25,30,0
22,3993,0.04040922901121679,0.3598498712292171,4.5063314327257255e-05,0.599695836445238,25,30,0
22,3994,0.0404062666916786,0.3598605535514999,3.734331618365609e-05,0.5996958364406371,25,30,0
22,3995,0.04041024437811992,0.3598605535515258,3.737469927009912e-05,0.5996918273710832,25,30,0
22,3996,0.04040737062335022,0.3598605535515182,3.737210602894277e-05,0.5996947037191018,25,30,0
22,3997,0.040038230538133594,0.35986055530261624,0.0004065121613940125,0.5996947019978552,25,30,0
22,3998,0.04003830029464464,0.3598600976335496,0.0004069000668062887,0.5996947020049985,25,30,0
22,3999,0.04004029739473838,0.3598600976335233,0.0004068983848009007,0.599692706586936,25,30,0
22,4000,0.04004415012717777,0.35986009763351356,0.0004068511960951933,0.5996889010432122,25,30,0
22,4001,0.039974460774615715,0.3598600976298287,0.00040664045278234693,0.5997588011427721,25,30,0
22,4002,0.03997545763792493,0.3598590984500219,0.00040664276456833673,0.5997588011474837,25,30,0
22,4003,0.039977488469038945,0.35985909844999553,0.00040663971744587987,0.5997567733635184,25,30,0
22,4004,0.03998041606891595,0.35985909844996783,0.0004066421894808038,0.5997538432916341,25,30,0
22,4005,0.039980364558035414,0.3345683991870112,0.025697392963356835,0.5997538432915962,25,30,0
22,4006,0.039980401334731214,0.33456839918699294,0.025697392138828677,0.5997538073394468,25,30,0
22,4007,0.039957327477963905,0.33456839918181286,0.025697260964388548,0.5997770123758341,25,30,0
22,4008,0.03995235223053797,0.3345683991823835,0.025697264208704707,0.5997819843783733,25,30,0
22,4009,0.039949372610761945,0.3345683991823748,0.02569726308864953,0.5997849651182134,25,30,0
22,4010,0.03995236789557987,0.334568399182366,0.025697264957459925,0.599781967964594,25,30,0
22,4011,0.03995236920295581,0.334568399182366,0.02569726309035328,0.5997819685243247,25,30,0
22,4012,0.0402534433150109,0.33456839996927196,0.02539568261718469,0.5997824740985324,25,30,0
22,4013,0.04025728059882988,0.33456494682970095,0.025395298470683093,0.5997824741007861,25,30,0
22,4014,0.04025004940729718,0.3345649442880785,0.025403011757766682,0.5997819945468577,25,30,0
22,4015,0.04025003247865011,0.3345649442880696,0.02540292863451534,0.5997820945987646,25,30,0
22,4016,0.04025003144487262,0.3598485145498768,0.0001193594063396191,0.5997820945989101,25,30,0
22,4017,0.04024997825875582,0.3598485145498857,0.00011935899990495222,0.5997821481914527,25,30,0
22,4018,0.04020330411285911,0.359848514606977,0.00016605854598280995,0.5997821227341804,25,30,0
22,4019,0.040205317608299394,0.35984629629993437,0.00016626334070620128,0.5997821227510592,25,30,0
22,4020,0.040207352098629405,0.3598462962999541,0.00016635617297700055,0.5997799954284386,25,30,0
22,4021,0.040205459918059704,0.35984839338911084,0.00016615128122693648,0.5997799954116017,25,30,0
22,4022,0.005049653480567472,0.35984839335461133,0.03532195706311816,0.5997799961017025,25,30,0
22,4023,0.005057415376902162,0.3586027745494955,0.03655981396236762,0.5997799961112341,25,30,0
22,4024,0.005739172250329299,0.3578967557545557,0.03658407489836359,0.5997799970967508,25,30,0
22,4025,0.005053455922979948,0.35859588159183226,0.03657066637866951,0.5997799961065177,25,30,0
22,4026,0.005052336519436429,0.3585958815918151,0.036570587989541284,0.5997811938992067,25,30,0
22,4027,0.005042352213492716,0.3598439086386023,0.03533254525371577,0.5997811938941887,25,30,0
22,4028,0.0050423686096288,0.359843908638611,0.03533254443249034,0.5997811783192692,25,30,0
22,4029,0.005035448495759551,0.3598439086385852,0.0353325130646914,0.5997881298009633,25,30,0
22,4030,0.005036429377211726,0.3598439086386203,0.0353302353402194,0.5997894266439483,25,30,0
22,4031,0.005039547646127872,0.35984390863865623,0.03533023642053179,0.5997863072946835,25,30,0
22,4032,0.005039460982673354,0.35984390863862076,0.03533023431798078,0.5997863960607246,25,30,0
22,4033,0.005036464104849271,0.35984390863862964,0.03533023453062114,0.5997893927258994,25,30,0
22,4034,0.005036535903605297,0.35984390863863874,0.03533023518168504,0.5997893202760703,25,30,0
22,4035,0.0050365187388289375,0.35984413016005967,0.03533003083235135,0.5997893202687592,25,30,0
22,4036,0.005039409524273079,0.3598412393702713,0.03533003083673778,0.599789320268717,25,30,0
22,4037,0.005045402042395372,0.3593993555453933,0.035765921999357984,0.5997893204128524,25,30,0
22,4038,0.00504545459078319,0.3594070370189065,0.03575818797760264,0.5997893204127067,25,30,0
22,4039,0.005045628518338192,0.3306550120644459,0.06451003899549126,0.5997893204217253,25,30,0
22,4040,0.005043632419604515,0.33065700124435493,0.06451004590933963,0.5997893204267014,25,30,0
22,4041,0.005046503381659073,0.3306570012443453,0.06451004658281993,0.599786448791176,25,30,0
22,4042,0.005046520999991469,0.3306570012443555,0.06451004659009663,0.5997864311655569,25,30,0
22,4043,0.005047522912825516,0.3306570012437493,0.06451003831827068,0.5997854375251549,25,30,0
22,4044,0.011829355618894206,0.33090718455243695,0.05747800813171627,0.5997854516969544,25,30,0
22,4045,0.011831425393609834,0.3309071845524121,0.05747800804875532,0.5997833820052244,25,30,0
22,4046,0.011834316182881428,0.33090430553231087,0.05747799627750326,0.599783382007306,25,30,0
22,4047,0.011842466224557478,0.33090430553340155,0.057478034169561994,0.5997751940724801,25,30,0
22,4048,0.011831352774823207,0.33090430553230304,0.057480276493844344,0.5997840651990307,25,30,0
22,4049,0.01182837403343071,0.33090726742289056,0.057480293346944454,0.5997840651967355,25,30,0
22,4050,0.011829342275978077,0.3296521679546401,0.058734424259967645,0.5997840655094155,25,30,0
22,4051,0.011822420987507316,0.32965216795461444,0.05873442143965819,0.5997909896182213,25,30,0
22,4052,0.011825364470907191,0.3296521679546151,0.05873442351898154,0.5997880440554975,25,30,0
22,4053,0.011826349878517144,0.32965216795460855,0.05873670500684575,0.5997847771600295,25,30,0
22,4054,0.01182634868108112,0.32965216795460905,0.058736704988465255,0.5997847783758457,25,30,0
22,4055,0.011832339713937072,0.3296521679546135,0.05873687508166614,0.5997786172497844,25,30,0
22,4056,0.01183525570982002,0.3296735589155881,0.05871256812490795,0.5997786172496845,25,30,0
22,4057,0.011833224546841992,0.32967558723157653,0.05871257097202079,0.5997786172495614,25,30,0
22,4058,0.011833286336693642,0.32967606730232574,0.058712029108966585,0.599778617252015,25,30,0
22,4059,0.01183023848437968,0.3296787316618343,0.05871241260652862,0.5997786172472583,25,30,0
22,4060,0.011823334971036494,0.3296787316618401,0.058712213705095495,0.5997857196620289,25,30,0
22,4061,0.011822367019012405,0.33093365798051166,0.05745825565112626,0.5997857193493504,25,30,0
22,4062,0.011821507183040668,0.3309447986469781,0.05744797481054,0.5997857193594419,25,30,0
22,4063,0.012052028456266706,0.33071418015426857,0.05744807201531108,0.5997857193741545,25,30,0
22,4064,0.012053077416675733,0.3307141801543022,0.057448068277214215,0.5997846741518079,25,30,0
22,4065,0.012048920073172589,0.33071418015224113,0.05744803746612028,0.5997888623084662,25,30,0
22,4066,0.012046029358424519,0.3307141801522414,0.05744803892289143,0.5997917515664429,25,30,0
22,4067,0.012049880052940262,0.33071418015229376,0.057448042015694964,0.5997878977790712,25,30,0
22,4068,0.01204991698473276,0.33071453748231233,0.057447647751587345,0.5997878977813678,25,30,0
22,4069,0.012048900703866544,0.3307155541570538,0.05744764736272898,0.5997878977763501,25,30,0
22,4070,0.012051895652326455,0.3307155541570444,0.057447675346866706,0.599784874843762,25,30,0
22,4071,0.012053936293951472,0.3582266072033227,0.02993458165785543,0.5997848748448689,25,30,0
22,4072,0.012050992520020176,0.3582266072033221,0.029934580886962964,0.5997878193896937,25,30,0
22,4073,0.012061836252263427,0.3582266072033838,0.02993458486635885,0.5997769716779928,25,30,0
22,4074,0.03988524398201493,0.35797660642804496,0.0023611383049630076,0.5997770112849757,25,30,0
22,4075,0.039886442424223886,0.3579766064311149,0.0023611688461344436,0.5997757822985254,25,30,0
22,4076,0.039885497303773464,0.3579775469011734,0.0023611734989896784,0.5997757822960618,25,30,0
22,4077,0.0398795026371233,0.35797754690118283,0.00236117404022363,0.5997817764214687,25,30,0
22,4078,0.039882702382720764,0.3579640677931025,0.002371453417141842,0.5997817764070332,25,30,0
22,4079,0.03987478491686059,0.3579640677930229,0.002371447166876686,0.5997897001232382,25,30,0
22,4080,0.039944648985207436,0.35789398721691545,0.002371663379443179,0.5997897004184323,25,30,0
22,4081,0.03994457777507228,0.35789398721691446,0.0023716595967897373,0.599789775411222,25,30,0
22,4082,0.039942238864135386,0.35790717062307403,0.002360815097224712,0.5997897754155644,25,30,0
22,4083,0.04040137208377031,0.3579071706252413,0.0023588371125218086,0.5993326201784652,25,30,0
22,4084,0.04040429857260366,0.35790717062520505,0.0023588360094933293,0.599329694792697,25,30,0
22,4085,0.04039737692361719,0.35790717062516253,0.0023588330290911417,0.5993366194221283,25,30,0
22,4086,0.04039443226573794,0.3579071706251618,0.002358832963350711,0.5993395641457486,25,30,0
22,4087,0.04039436396854946,0.3579071706251446,0.002358833818620988,0.599339631587684,25,30,0
22,4088,0.040402500144765915,0.3579071706257244,0.0023589041120267527,0.599331425117482,25,30,0
22,4089,0.04040157339320513,0.3579071706256889,0.0023589815483150817,0.5993322744327897,25,30,0
22,4090,0.04040066099717306,0.3579079114161978,0.002359153158516476,0.5993322744281113,25,30,0
22,4091,0.04040258700806662,0.3579079114162602,0.0023591591278880842,0.5993303424477838,25,30,0
22,4092,0.04039962846774347,0.3579079114162508,0.0023592722581292145,0.5993331878578756,25,30,0
22,4093,0.04039668479041133,0.35790791141625,0.002359272201041037,0.5993361315922968,25,30,0
22,4094,0.04039741487698812,0.35914592868027817,0.0011205248605642504,0.5993361315821686,25,30,0
22,4095,0.04063082615662388,0.35891225113336134,0.0011207911178852256,0.5993361315921287,25,30,0
22,4096,0.04063078917745816,0.3589122511333529,0.001120792513314622,0.5993361671758735,25,30,0
22,4097,0.04039758776676743,0.35911407240676846,0.001152172653077985,0.599336167173385,25,30,0
22,4098,0.040395520122560175,0.3591140724068034,0.0011521777074489014,0.5993382297631864,25,30,0
22,4099,0.04040058710012666,0.3591140724067678,0.0011521792152719746,0.5993331612778325,25,30,0
22,4100,0.040167127496299554,0.3593163464524405,0.0011833647685835322,0.5993331612826753,25,30,0
22,4101,0.040174029113474674,0.359309626360996,0.0011831832357162824,0.599333161289812,25,30,0
22,4102,0.04017706014615234,0.359309626361,0.0011831612479035521,0.599330152244943,25,30,0
22,4103,0.040181335807398674,0.3593096263621063,0.0011809604228373632,0.5993280774076566,25,30,0
22,4104,0.04018135334644526,0.3593096263621289,0.0011809068715626962,0.5993281134198621,25,30,0
22,4105,0.04017603935861692,0.35930962636102026,0.0011808260267664617,0.5993335082535954,25,30,0
22,4106,0.04017621604911628,0.35930905816666936,0.0011812175304448714,0.5993335082537685,25,30,0
22,4107,0.040173204173708024,0.35930905816665204,0.0011811778632266243,0.5993365597964123,25,30,0
22,4108,0.04017919613129545,0.3593090581666698,0.0011843383411216319,0.5993274073609121,25,30,0
22,4109,0.04017229286363013,0.35807758711890436,0.002422712663348729,0.5993274073541157,25,30,0
22,4110,0.04011738897051947,0.3581102987841873,0.0024449051695405143,0.5993274070757516,25,30,0
22,4111,0.040111537121063454,0.3585522279916766,0.0020088279554745926,0.599327406931784,25,30,0
22,4112,0.04011534741023503,0.35854055106077937,0.0020166937660916194,0.5993274077628928,25,30,0
22,4113,0.040122269270330184,0.3585405510608232,0.002016697296999511,0.5993204823718457,25,30,0
22,4114,0.04012324848430543,0.3585405510607865,0.002016686591332309,0.5993195138635743,25,30,0
22,4115,0.002118240327900634,0.35854036936274397,0.03995753907455781,0.5993838512347964,25,30,0
22,4116,0.0021152444494798783,0.3585403693627548,0.039957593666210905,0.5993867925215536,25,30,0
22,4117,0.0021112674617434256,0.35854036936271094,0.039957672619605734,0.599390690555939,25,30,0
22,4118,0.002114270231765315,0.3597751976145122,0.038719841593200834,0.599390690560521,25,30,0
22,4119,0.0021143216294469613,0.35977519761452037,0.03871984011293876,0.5993906406430928,25,30,0
22,4120,0.0021173352080815617,0.35977519761454735,0.03871984158152499,0.599387625595845,25,30,0
22,4121,0.0021135236452569242,0.35978686908327506,0.03871198250673078,0.5993876247647362,25,30,0
22,4122,0.03308511345734715,0.3597868700829823,0.007804784238623736,0.5993232322210456,25,30,0
22,4123,0.033085111576574996,0.3597868700829824,0.007804782727953296,0.5993232356124883,25,30,0
22,4124,0.0330974192659597,0.35978687008404536,0.007804877619901643,0.5993108330300924,25,30,0
22,4125,0.033104339473158544,0.3597868700840878,0.012461545181165845,0.5946472452615861,25,30,0
22,4126,0.03264715114067591,0.3597868700819988,0.012461248519410306,0.5951047302579133,25,30,0
22,4127,0.032649181157885544,0.3591951044189469,0.013050984165004123,0.5951047302581617,25,30,0
22,4128,0.03264912929352714,0.35919510441893815,0.013051066510660368,0.5951046997768726,25,30,0
22,4129,0.032634261962863,0.3592009097320774,0.013060128528686883,0.5951046997763715,25,30,0
22,4130,0.03263126752025505,0.3592009097320683,0.013060045868888709,0.5951077768787867,25,30,0
22,4131,0.03262832509243414,0.359200909732069,0.013060045866120753,0.5951107193093749,25,30,0
22,4132,0.0326322268136923,0.35919755841111756,0.013059495465978404,0.5951107193092104,25,30,0
22,4133,0.032635364193857784,0.3591975584111457,0.013059499074061407,0.5951075783209337,25,30,0
22,4134,0.0326389972346772,0.35919755841019774,0.01306284570195295,0.595100598653171,25,30,0
22,4135,0.032637893384549664,0.35919755840967965,0.013062787217143974,0.5951017609886253,25,30,0
22,4136,0.03263890532690998,0.35922800138250993,0.01303133231416318,0.5951017609764154,25,30,0
22,4137,0.03270861935335782,0.3592280013852088,0.013403953520782892,0.5946594257406493,25,30,0
22,4138,0.03270549677476325,0.35922800138518063,0.013403991426558737,0.5946625104134962,25,30,0
22,4139,0.03270742191920632,0.3592280013852504,0.013403997521188244,0.5946605791743536,25,30,0
22,4140,0.032691532731102126,0.3592280013851352,0.013400555992802328,0.5946799098909588,25,30,0
22,4141,0.03268454034696541,0.35922800138510935,0.01340055001338855,0.5946869082545354,25,30,0
22,4142,0.032681418979526096,0.35923113057691247,0.01340054218443627,0.5946869082591232,25,30,0
22,4143,0.03267938865101006,0.35982308820252323,0.012810614887592796,0.5946869082588718,25,30,0
22,4144,0.03269033875684753,0.3598230882025929,0.012812202919396352,0.5946743701211611,25,30,0
22,4145,0.03269039253718783,0.3598230882026017,0.012812122620069548,0.5946743966401388,25,30,0
22,4146,0.032693465698823546,0.35982308820369063,0.012814482227352065,0.5946689638701317,25,30,0
22,4147,0.03271336207912281,0.359823088203877,0.012814497682339845,0.5946490520346585,25,30,0
22,4148,0.032714380556650345,0.35982308820380665,0.012814491623524972,0.5946480396160164,25,30,0
22,4149,0.03271637825977394,0.3597986834395301,0.012836898681960009,0.5946480396187346,25,30,0
22,4150,0.032714379953168005,0.3598230859858744,0.012814494444940512,0.5946480396160156,25,30,0
22,4151,0.03271124424324801,0.35982621402916154,0.012814502109361487,0.5946480396182277,25,30,0
22,4152,0.03271131071524766,0.3598262140291706,0.012814420224673407,0.5946480550309075,25,30,0
22,4153,0.03271425397139463,0.3598262140291709,0.012814422280091518,0.594645109719342,25,30,0
22,4154,0.032711273329479595,0.35982621402916243,0.01281442317196691,0.5946480894693902,25,30,0
22,4155,0.0327112669159916,0.359857696536558,0.012782947086991061,0.5946480894604581,25,30,0
22,4156,0.032712180145368384,0.3598571570651836,0.012782573326425755,0.594648089463021,25,30,0
22,4157,0.032706305122946554,0.35985715706410476,0.01278021451117352,0.5946563233017736,25,30,0
22,4158,0.032698334987052255,0.3598571570640434,0.012778585122649884,0.5946659228262531,25,30,0
22,4159,0.032691416665286625,0.3598571570639997,0.012775421203217383,0.5946760050674953,25,30,0
22,4160,0.032699547192413615,0.359848784876261,0.012775662722936199,0.5946760052083879,25,30,0
22,4161,0.03270369292366575,0.3598487848762806,0.01278226913529577,0.5946652530647568,25,30,0
22,4162,0.03269771764693719,0.3592448570974968,0.013392172190807633,0.5946652530647573,25,30,0
22,4163,0.032705855160153105,0.359236676705787,0.013392214923694386,0.5946652532103638,25,30,0
22,4164,0.03270169032498042,0.35923667670575915,0.013385802832786897,0.5946758301364717,25,30,0
22,4165,0.03275056649882965,0.3591770870210746,0.013396516469923432,0.5946758300101707,25,30,0
22,4166,0.03275048221853165,0.3591771624868544,0.013396525291749785,0.5946758300028627,25,30,0
22,4167,0.03269545459810948,0.3592116927203919,0.013417022695777494,0.5946758299857197,25,30,0
22,4168,0.03267259643388283,0.35921169272025044,0.01341705003542029,0.5946986608104453,25,30,0
22,4169,0.032664634447181144,0.3591882292258435,0.013448475661879794,0.5946986606650945,25,30,0
22,4170,0.03266366871641255,0.35918919769625274,0.013448472926919095,0.5946986606604149,25,30,0
22,4171,0.03266374703950775,0.3591978152201633,0.013439777078239488,0.5946986606620888,25,30,0
22,4172,0.03265764455845828,0.35919781522014316,0.013439764731732185,0.5947047754896652,25,30,0
22,4173,0.03267655549905266,0.35874291589469315,0.01387575200055452,0.5947047766056982,25,30,0
22,4174,0.0326834938918007,0.3587429158947449,0.013875561306835591,0.5946980289066175,25,30,0
22,4175,0.03268141859641321,0.3587362791490264,0.013884273347188027,0.5946980289073711,25,30,0
22,4176,0.03268429189556995,0.3587648733039388,0.013852805886190603,0.5946980289142993,25,30,0
22,4177,0.03267737167137692,0.3587648733038948,0.013852802242281722,0.5947049527824452,25,30,0
22,4178,0.0326923027190219,0.3587648733039931,0.013852809225378482,0.5946900147516053,25,30,0
22,4179,0.03269925805571391,0.35873551814654947,0.01387520904145454,0.5946900147562808,25,30,0
22,4180,0.03270027563433717,0.3587355181464798,0.013875200938063133,0.5946890052811191,25,30,0
22,4181,0.032700278112956845,0.3587355181464802,0.013875200967164665,0.5946890027733971,25,30,0
22,4182,0.03269726694339811,0.3587379781516157,0.0138757521364711,0.5946890027685139,25,30,0
22,4183,0.03269214420966343,0.3587379781484932,0.013875744797180163,0.5946941328446621,25,30,0
22,4184,0.02387338086440606,0.35873797628749815,0.022694493691335173,0.5946941491567598,25,30,0
22,4185,0.02387749839076241,0.35873797628856224,0.02269456100339584,0.5946899643172788,25,30,0
22,4186,0.023878585351767206,0.3587379762885906,0.022694653654472256,0.5946887847051693,25,30,0
22,4187,0.023878584491711975,0.3587379943233177,0.022694636479982072,0.5946887847049873,25,30,0
22,4188,0.023877588404490682,0.35930967603847686,0.02212395085680217,0.5946887847002293,25,30,0
22,4189,0.02387732541294298,0.3593096760384404,0.022123948671225784,0.5946890498773899,25,30,0
22,4190,0.023877274766197377,0.3593096760384491,0.02212392039462784,0.5946891288007249,25,30,0
22,4191,0.023884442214652836,0.3593096760385561,0.022123923674592413,0.5946819580721979,25,30,0
22,4192,0.023888505781225096,0.3593276194350672,0.022101916706582285,0.5946819580771249,25,30,0
22,4193,0.023891554681639754,0.3593276194350672,0.022102032534087532,0.5946787933492049,25,30,0
22,4194,0.02388463536110687,0.3593276194350232,0.01744528234680399,0.599342462857065,25,30,0
22,4195,0.02389564787213784,0.35932761943502195,0.01744534717253405,0.5993313855203053,25,30,0
22,4196,0.023879696417852463,0.35977956132434513,0.017009357855869153,0.5993313844019326,25,30,0
22,4197,0.02388064214613033,0.3597786122042253,0.01700936124524758,0.5993313844043963,25,30,0
22,4198,0.023880692104007006,0.35975616490990814,0.01703175858177135,0.599331384404313,25,30,0
22,4199,0.0238777130701811,0.35975616490993473,0.017031645593417605,0.599334476426466,25,30,0
22,4200,0.023880500164535294,0.35978484822283546,0.017000175198469948,0.5993344764141597,25,30,0
22,4201,0.023880539809653312,0.3598071959224169,0.016977787853345555,0.5993344764145847,25,30,0
22,4202,0.024346718757485845,0.3598071959265489,0.016981367873717016,0.5988647174422486,25,30,0
22,4203,0.024345628403286995,0.35980719592652,0.016981275192371807,0.5988659004778214,25,30,0
22,4204,0.024345630262154763,0.35980719592652,0.01698127516729063,0.5988658986440348,25,30,0
22,4205,0.0243486093013766,0.35980719592649346,0.016981272288967883,0.5988629224831623,25,30,0
22,4206,0.024345667218410055,0.35980719592649324,0.0169812737647463,0.5988658630903503,25,30,0
22,4207,0.0243461315630288,0.3598071959265109,0.01724753163249211,0.5985991408779682,25,30,0
22,4208,0.024345849845698816,0.35980719592641136,0.017247490731754408,0.5985994634961355,25,30,0
22,4209,0.024333879452086506,0.35980719592632354,0.01724748514263211,0.5986114394789577,25,30,0
22,4210,0.02432997458037149,0.35980719592629007,0.017247481761813222,0.598615347731525,25,30,0
22,4211,0.024330049029115838,0.3598071959262905,0.01724752221353229,0.5986152328310616,25,30,0
22,4212,0.02433011679375595,0.3597852347176607,0.017269415655057477,0.5986152328335258,25,30,0
22,4213,0.024331134897356704,0.3597852347177073,0.017271754664712532,0.5986118757202232,25,30,0
22,4214,0.02432009969049853,0.359796663327415,0.017271361271339256,0.5986118757107473,25,30,0
22,4215,0.02430798154782992,0.3597966633263695,0.017271228983776008,0.5986241261420243,25,30,0
22,4216,0.02437178982018527,0.35973264355917434,0.017271439629228783,0.5986241269914112,25,30,0
22,4217,0.02445444880843769,0.3597326435664631,0.017271785747463363,0.5985411218776356,25,30,0
22,4218,0.0244614915838555,0.35976481007855715,0.017232576455192446,0.5985411218823945,25,30,0
22,4219,0.024463542337668516,0.3597942346949922,0.0172011010897107,0.5985411218776279,25,30,0
22,4220,0.02446653902155504,0.35979084464237465,0.017201494456270866,0.5985411218797987,25,30,0
22,4221,0.024468578067864715,0.3443566851494477,0.03263361490742006,0.598541121875267,25,30,0
22,4222,0.024382853958028396,0.34435668514213236,0.03263326932878599,0.5986271915710527,25,30,0
22,4223,0.02438677787635106,0.3443523719716745,0.032633658576202255,0.5986271915757717,25,30,0
22,4224,0.02438672614150158,0.3443523719716659,0.03263368687703984,0.598627215009792,25,30,0
22,4225,0.024385670442586497,0.34435237197161084,0.03263134682660216,0.5986306107591998,25,30,0
22,4226,0.024383654435213238,0.3443523719716366,0.03263134963384904,0.5986326239593002,25,30,0
22,4227,0.02438377896478735,0.3443526409448794,0.03263095613332801,0.5986326239570041,25,30,0
22,4228,0.024383779312699166,0.34374277807686776,0.03324081864846872,0.5986326239619636,25,30,0
22,4229,0.024384743993973917,0.343742778076911,0.03324093662114539,0.5986315413079688,25,30,0
22,4230,0.024388679020799563,0.3591709733162929,0.017808806348070604,0.5986315413148362,25,30,0
22,4231,0.024388746585838762,0.35917097331630216,0.017815410887271496,0.5986248692105869,25,30,0
22,4232,0.024388677788933895,0.35919348584517086,0.017792967157732844,0.5986248692081615,25,30,0
22,4233,0.023919486009434433,0.3591934858410294,0.017789384456594434,0.5990976436929409,25,30,0
22,4234,0.0239215554363915,0.35919141592842735,0.017789384949335782,0.5990976436858444,25,30,0
22,4235,0.023926621431899543,0.3591863366646313,0.01778939820541818,0.59909764369805,25,30,0
22,4236,0.023932637517270716,0.35918633666465977,0.01779153764795547,0.5990894881701131,25,30,0
22,4237,0.023935594761651233,0.3591863366646688,0.017791536817577988,0.5990865317561014,25,30,0
22,4238,0.023937609833147733,0.35918633666464295,0.017791533972264933,0.5990845195299437,25,30,0
22,4239,0.023933634320508605,0.3574724583086881,0.019509387847829237,0.5990845195229735,25,30,0
22,4240,0.02386088922742364,0.35747245830597274,0.019136881406406278,0.5995297710601964,25,30,0
22,4241,0.02386003114081837,0.35747245830597585,0.019134640478086027,0.5995328700751188,25,30,0
22,4242,0.02386255714992591,0.3574693654709943,0.019135207274089253,0.5995328701049893,25,30,0
22,4243,0.023861700014426442,0.35746936547095987,0.019135204558577524,0.5995337299560345,25,30,0
22,4244,0.023858633885723343,0.3574693654709414,0.019135202741964424,0.5995367979013692,25,30,0
22,4245,0.023861629005666317,0.35746936547095026,0.01913520493125941,0.5995338005921222,25,30,0
22,4246,0.023861665000893185,0.357469365470959,0.019141808973436515,0.5995271605547099,25,30,0
22,4247,0.023861576962296387,0.35743761136965363,0.019173651108083244,0.5995271605599658,25,30,0
22,4248,0.02386375135673755,0.3574376113712524,0.01917368745265383,0.5995249498193553,25,30,0
22,4249,0.023866657585508343,0.35743761137128865,0.019173689840505145,0.599522041202697,25,30,0
22,4250,0.023866530789621226,0.3574376113712796,0.019180253664808664,0.5995156041742894,25,30,0
22,4251,0.023864605590153628,0.35743761137127206,0.01918026354660458,0.5995175194919687,25,30,0
22,4252,0.023861593376621498,0.3574376113712633,0.019173775354002026,0.5995270198981123,25,30,0
22,4253,0.04039096661788543,0.35743761136970237,0.0026444184381028907,0.5995270035743085,25,30,0
22,4254,0.04039093475033571,0.3574376113696656,0.002644415757858022,0.5995270381221399,25,30,0
22,4255,0.040384888683535264,0.33869387294719316,0.021394200247128844,0.5995270381221423,25,30,0
22,4256,0.040384940201008045,0.3386938729471921,0.021394199162109828,0.5995269876896894,25,30,0
22,4257,0.04038686754028029,0.33869387294719994,0.02139648163954165,0.5995227778729774,25,30,0
22,4258,0.040381272767160394,0.3386849717580238,0.021410977629410702,0.5995227778454043,25,30,0
22,4259,0.04037838228071312,0.33868497175803275,0.021417621454666823,0.5995190245065867,25,30,0
22,4260,0.04038139883089792,0.33868497175803336,0.0214110188694855,0.5995226105415825,25,30,0
22,4261,0.040381443445956455,0.3392942448924003,0.02080170112505107,0.5995226105365917,25,30,0
22,4262,0.04038392122307807,0.33929424489238214,0.020535443259387717,0.5997863906251513,25,30,0
22,4263,0.034440172470752484,0.33929424513353057,0.026479173296185966,0.5997864090995304,25,30,0
22,4264,0.03445120792642193,0.33929424513361967,0.026479151786501575,0.5997753951534563,25,30,0
22,4265,0.0014493806375051631,0.33929443004387333,0.05948081202196956,0.5997753772966541,25,30,0
22,4266,0.0016787178585702877,0.3390646175294902,0.059481287023723,0.5997753775882181,25,30,0
22,4267,0.001678786368753083,0.33906461752949046,0.059481287536761754,0.5997753085649962,25,30,0
22,4268,0.001676650546743273,0.33906461752953443,0.05948129164024388,0.5997774402834799,25,30,0
22,4269,0.0019102692746987054,0.3388627560848376,0.059449534343142846,0.599777440297322,25,30,0
22,4270,0.0019103219137168797,0.3388627560848463,0.05944953244319387,0.5997773895582441,25,30,0
22,4271,0.0019102515478435543,0.3388627560848457,0.05944955906774228,0.5997774332995696,25,30,0
22,4272,0.001913302559979174,0.33886275608485045,0.05953521794026409,0.599688723414907,25,30,0
22,4273,0.001916194238757024,0.3388627560848502,0.05952857490230766,0.5996924747740858,25,30,0
22,4274,0.001913197747731424,0.33886275608485406,0.05943631175740128,0.5997877344100139,25,30,0
22,4275,0.0019172411492499658,0.33886275608489813,0.05943628696624824,0.5997837157996044,25,30,0
22,4276,0.0018513123057208223,0.33892888970825313,0.05943608302377909,0.5997837149622476,25,30,0
22,4277,0.0018532383184755308,0.3389288897083144,0.059435972637934625,0.5997818993352758,25,30,0
22,4278,0.0018502974718129306,0.3389288897083154,0.05943597311320939,0.5997848397066627,25,30,0
22,4279,0.0018502805193680541,0.3389288897082974,0.05943597060192476,0.5997848591704108,25,30,0
22,4280,0.0018512057024737496,0.33892888970832347,0.059435973465407986,0.5997839311237956,25,30,0
22,4281,0.001855180070364738,0.33892888970835755,0.05943368413830862,0.5997822460829699,25,30,0
22,4282,0.0018532703497735681,0.3389288897083048,0.05943367887159327,0.5997841610703292,25,30,0
22,4283,0.0018532365409489602,0.3389288897083039,0.059433561830464,0.5997843119202839,25,30,0
22,4284,0.0018561789732176787,0.3389259472792616,0.059433561829576556,0.5997843119179446,25,30,0
22,4285,0.001845214276578054,0.33892594727921777,0.05943825965843638,0.5997905787857682,25,30,0
22,4286,0.0008729573376675196,0.3389257623219373,0.060303880890447435,0.5998973994499486,25,30,0
22,4287,0.0008759019363860488,0.3389257623219374,0.06030388239657281,0.5998944533451046,25,30,0
22,4288,0.0008798817605992087,0.3389217661091701,0.06030389877802314,0.5998944533522085,25,30,0
22,4289,0.0008738201338050374,0.33892176610915187,0.060303897967424386,0.5999005157896194,25,30,0
22,4290,0.0008710134907575704,0.33892176610917035,0.06030389933757191,0.5999033210625008,25,30,0
22,4291,0.0008738340381228162,0.33892176610916097,0.060303899124228934,0.5999005007284882,25,30,0
22,4292,0.0008738347302436676,0.33892176610916247,0.06030401575050871,0.5999003834100859,25,30,0
22,4293,0.0008785801438168012,0.33892176610759905,0.060303982396734145,0.5998956713518503,25,30,0
22,4294,0.0006422873764461737,0.3391274554766244,0.06033458609135766,0.599895671055572,25,30,0
22,4295,0.0006393519856651585,0.33741296420822103,0.0620520127505035,0.5998956710556113,25,30,0
22,4296,0.0006394733600227688,0.3374129642082124,0.062052011103965556,0.5998955513278003,25,30,0
22,4297,0.0004089158216825772,0.3376433618546788,0.06205217101056424,0.5998955513130751,25,30,0
22,4298,0.00041191113713154076,0.33764336185467725,0.06205213684507588,0.5998925901631161,25,30,0
22,4299,0.00041392714631462456,0.3376433618546514,0.06205213398740786,0.5998905770116267,25,30,0
22,4300,0.00041103516086297704,0.3376433618546429,0.06205213316608343,0.5998934698184114,25,30,0
22,4301,0.0004816821613216161,0.33764336185784644,0.06205239533663748,0.5998225606441951,25,30,0
22,4302,0.0004816134916364322,0.33764336185783755,0.0620546736480281,0.5998203510024986,25,30,0
22,4303,0.0004078512293212458,0.33764336185463406,0.06205441240658069,0.5998943745094647,25,30,0
22,4304,0.00040778167976876766,0.3376433618546252,0.06205432923495475,0.599894527230652,25,30,0
22,4305,0.0006509292088986221,0.3376433618577713,0.06205459790595271,0.5996511110273779,25,30,0
22,4306,0.0006478548201896582,0.33764336185771493,0.062184817381188126,0.5995239659409078,25,30,0
22,4307,0.0006478424384033601,0.3376430801015524,0.0621851115239312,0.5995239659361136,25,30,0
22,4308,0.0006546923101621699,0.33935420887078505,0.060467132878269235,0.5995239659407828,25,30,0
22,4309,0.0006477897156524479,0.3393542088707593,0.060467131084937245,0.5995308703286504,25,30,0
22,4310,0.0006478058454151801,0.3393542088707685,0.06046713172116386,0.5995308535626519,25,30,0
22,4311,0.0006409029074918646,0.339354208870743,0.06046712932647157,0.599537758895293,25,30,0
22,4312,0.0006408859861698136,0.33935420887073364,0.06046712868762212,0.5995377764554739,25,30,0
22,4313,0.0006438290580665134,0.3393542088707332,0.060464850188397055,0.5995371118828027,25,30,0
22,4314,0.0006438808215949234,0.33935420887074175,0.06046493286414394,0.5995369774435185,25,30,0
22,4315,0.000643879590298882,0.33935420887074147,0.06046496129204933,0.5995369502469093,25,30,0
22,4316,0.0006418839250403957,0.33935420887077666,0.060464964401681025,0.5995389428025009,25,30,0
22,4317,0.0006347817282071611,0.33936093169631093,0.06046534378035027,0.5995389427951303,25,30,0
22,4318,0.0005815769809452068,0.3393755967064873,0.06061070477894912,0.5994321215336188,25,30,0
22,4319,0.0005846243482679947,0.33937559670644346,0.06060600061902378,0.5994337783262655,25,30,0
22,4320,0.0005846425620249308,0.33937559670646134,0.06060600191753478,0.5994337588139798,25,30,0
22,4321,0.0003414919074120434,0.33937559670331496,0.060607935277272984,0.599674976112001,25,30,0
22,4322,0.0004092406874535112,0.3393755967085586,0.060608101305986074,0.5996070612980027,25,30,0
22,4323,0.0004062285046534752,0.3393755967085482,0.060477892886935114,0.599740281899863,25,30,0
22,4324,0.000406230914806485,0.33937559670856565,0.06047789469063641,0.5997402776859913,25,30,0
22,4325,0.0003993279791764127,0.3393823663462863,0.06047802799322154,0.5997402776813154,25,30,0
22,4326,0.000399380393390881,0.3393823663462861,0.060480306405611355,0.5997379468547112,25,30,0
22,4327,0.00033163186935685005,0.33938236634104263,0.06048005790516637,0.5998059438844335,25,30,0
22,4328,0.000331579918534506,0.3393821606763636,0.060480315520665864,0.5998059438844355,25,30,0
22,4329,0.00040042889254930555,0.3393134786966294,0.060480148100676236,0.5998059443101446,25,30,0
22,4330,0.0004024236347091339,0.3393134786965943,0.06048022698727989,0.5998038706814163,25,30,0
22,4331,0.0004044740344697048,0.33931104775078064,0.06048060754536177,0.5998038706693873,25,30,0
22,4332,0.0004054025938998971,0.3393110477508065,0.06047840794136484,0.5998051417139281,25,30,0
22,4333,0.00040536822465668553,0.33930061413940055,0.060488875922015455,0.5998051417139272,25,30,0
22,4334,0.00040629645482689045,0.3393006141394266,0.06048885135010659,0.5998042380556395,25,30,0
22,4335,0.0004053493896029304,0.339300614139393,0.06048884847326095,0.5998051879977429,25,30,0
22,4336,0.0004032774369399151,0.3393024942640869,0.06048904029651791,0.5998051880024549,25,30,0
22,4337,0.0004062902825080562,0.33930249426409614,0.06048904097743231,0.5998021744759631,25,30,0
22,4338,0.00041733596680318104,0.3380848742172002,0.06169561533023545,0.59980217448576,25,30,0
22,4339,0.00041647976394468565,0.3380848742171834,0.0616956131407364,0.5998030328781343,25,30,0
22,4340,0.00041360411983201804,0.33808487421719285,0.06169565231816948,0.5998058693448044,25,30,0
22,4341,0.0004136738899282406,0.338084874217202,0.06169557195155358,0.599805879941315,25,30,0
22,4342,0.0004157418714289183,0.33808355392687417,0.06169482426501409,0.5998058799366817,25,30,0
22,4343,0.0004176677906104085,0.3380965584725629,0.061679893792879456,0.5998058799439462,25,30,0
22,4344,0.0004096172596255055,0.3393426554780974,0.06044184732813072,0.5998058799341452,25,30,0
22,4345,0.00040961818690919005,0.3393426523410056,0.06044184953054293,0.5998058799415411,25,30,0
22,4346,0.0004115448053556871,0.3393426523410673,0.060441855402543695,0.5998039474510319,25,30,0
22,4347,0.0004115454087986081,0.33934265688823495,0.060441850254357485,0.5998039474486077,25,30,0
22,4348,0.0004116661064372272,0.3393426568882789,0.06044185499097335,0.5998038220143093,25,30,0
22,4349,0.0004137496908187305,0.3393426568882708,0.06044185386967234,0.599801739551237,25,30,0
22,4350,0.00041080648410325086,0.3393426568882708,0.0604418524253944,0.5998046842022302,25,30,0
22,4351,0.0004107713702935729,0.3393426568882718,0.06044413242319108,0.5998024393182422,25,30,0
22,4352,0.00040879305584532404,0.3393426568882019,0.0604441264310816,0.5998044236248696,25,30,0
22,4353,0.0004130005998547784,0.3393426568882654,0.0604441724333339,0.5998001700785444,25,30,0
22,4354,0.0004189918715189514,0.33934265688827403,0.060444172577267634,0.599794178662938,25,30,0
22,4355,0.000418974260685894,0.3393426568882472,0.060444170111834804,0.5997941987392308,25,30,0
22,4356,0.0003521070547890806,0.3393782875341762,0.06047540710239153,0.5997941983086416,25,30,0
22,4357,0.00035210309903175636,0.33937829893248206,0.060475399659804106,0.5997941983086804,25,30,0
22,4358,0.0003522060232397522,0.3393886646980938,0.060464930969943875,0.599794198308721,25,30,0
22,4359,0.0003551134267694033,0.3393886646980833,0.060462650338604415,0.5997935715365414,25,30,0
22,4360,0.0003550607761405996,0.3393886646980836,0.06046037142340916,0.5997959031023652,25,30,0
22,4361,0.0003581627554231645,0.3393859461812546,0.06045998796095551,0.5997959031023651,25,30,0
22,4362,0.0003585884259525787,0.3393859461813376,0.060469371911098815,0.5997860934816094,25,30,0
22,4363,0.00035887310856703216,0.33938565775379,0.06046937566308056,0.5997860934745606,25,30,0
22,4364,0.0003589415671479471,0.3393856577537995,0.060469377727297005,0.5997860229517538,25,30,0
22,4365,0.000361903732200858,0.3393856577538072,0.06046940517071601,0.5997830333432741,25,30,0
22,4366,0.000359902880744047,0.33941898405605925,0.060438079707793885,0.5997830333554007,25,30,0
22,4367,0.000359850349419545,0.33941864646512726,0.06043846982779522,0.5997830333576558,25,30,0
22,4368,0.0003619172132933626,0.358166364038345,0.041688685388280425,0.5997830333600788,25,30,0
22,4369,0.0003588690773579762,0.35813815181640457,0.04171994574606241,0.599783033360173,25,30,0
22,4370,0.0003657716804702628,0.35816289994907735,0.041688295005735475,0.5997830333647147,25,30,0
22,4371,0.0003673248516389054,0.3581628999491353,0.04167892377060627,0.5997908514286172,25,30,0
22,4372,0.00036439765506398247,0.35816621169589274,0.041678539222471445,0.5997908514265694,25,30,0
22,4373,0.0003622589675364202,0.35816835087822263,0.041678538722994075,0.5997908514312443,25,30,0
22,4374,0.00036307030811737916,0.34273480927418054,0.05711126897807668,0.599790851439623,25,30,0
22,4375,0.0003610914642877054,0.3427348092741555,0.05711133789291588,0.5997927613686386,25,30,0
22,4376,0.00036906990008174294,0.34273480927469263,0.057111374652653424,0.5997847461725702,25,30,0
22,4377,0.0003700536409922263,0.3427334048052804,0.0571117953837593,0.5997847461699662,25,30,0
22,4378,0.0003691897544747537,0.3575570868797064,0.04228897720447592,0.599784746161341,25,30,0
22,4379,0.00036193611849667193,0.35755708687970467,0.04229058523009096,0.5997903917717057,25,30,0
22,4380,0.0003649365453006858,0.3581634543997218,0.04168121728092145,0.5997903917740538,25,30,0
22,4381,0.00036488112505887326,0.3581634543996604,0.04167956326524688,0.5997921012100317,25,30,0
22,4382,0.00036898165681577435,0.3581634543996978,0.041679588716503686,0.5997879752269806,25,30,0
22,4383,0.0003661086607214274,0.3581634543997164,0.041679588652945514,0.5997908482866149,25,30,0
22,4384,0.00035932866353915403,0.35817023834354045,0.0416795847009847,0.5997908482919339,25,30,0
22,4385,0.0003663563849186284,0.35817023834357486,0.04167958766590302,0.5997838176056017,25,30,0
22,4386,0.00037040107601630227,0.35817023834363704,0.04167959407632611,0.5997797665040189,25,30,0
22,4387,0.0003784236636520914,0.3581550306631122,0.04168677916680366,0.5997797665064304,25,30,0
22,4388,0.0003753709753869274,0.35815061771206963,0.04169424481328482,0.5997797664992569,25,30,0
22,4389,0.00037241034105291615,0.3581506177120606,0.041694243641799966,0.5997827283050848,25,30,0
22,4390,0.0003654040902610766,0.35815061771307677,0.04169423237770423,0.5997897458189564,25,30,0
22,4391,0.00036829486756493327,0.3581506177130773,0.041694232427381885,0.5997868549919741,25,30,0
22,4392,0.00038321459980574657,0.35815061771414863,0.04169428376899123,0.5997718839170526,25,30,0
22,4393,0.0003831443836574929,0.3581504987276743,0.041694472976889836,0.5997718839117766,25,30,0
22,4394,0.000380148288036011,0.35815049872765653,0.04169675345874475,0.599772599525561,25,30,0
22,4395,0.000378290727518378,0.358150498727533,0.041696741477322094,0.5997744690676249,25,30,0
22,4396,0.00037823807258624163,0.35815049872753435,0.041696732112032814,0.5997745310878452,25,30,0
22,4397,0.0003782205308292816,0.35815049872749816,0.04169673003268717,0.599774550708984,25,30,0
22,4398,0.00037636183218907435,0.3581504987275183,0.04169678656553178,0.5997763528747597,25,30,0
22,4399,0.0003794302587477645,0.35815049872751,0.04169678851483935,0.5997732824989016,25,30,0
22,4400,0.00037942914817975035,0.35986835684505436,0.03997893150568916,0.5997732825010753,25,30,0
22,4401,0.00037942883909437576,0.3598675464852793,0.03997974217459441,0.5997732825010313,25,30,0
22,4402,0.006130561417299629,0.3598531003163481,0.03424265261748504,0.5997736856488669,25,30,0
22,4403,0.006133628657342912,0.35985310031635775,0.03424265335690158,0.5997706176693975,25,30,0
22,4404,0.00613033161535683,0.3598561513713645,0.03424289934422518,0.5997706176690535,25,30,0
22,4405,0.0061234120703356956,0.35986306773612703,0.03424290252920271,0.5997706176643347,25,30,0
22,4406,0.006123414487379605,0.35986306773611815,0.03424290382576992,0.5997706139507322,25,30,0
22,4407,0.006125493969487964,0.3598501356849128,0.0342537563971307,0.5997706139484679,25,30,0
22,4408,0.0061153592049738945,0.3598501356837857,0.03425364687301969,0.59978085823822,25,30,0
22,4409,0.006108367801550242,0.3598501356837589,0.034253644916465945,0.5997878515982243,25,30,0
22,4410,0.006182062412631465,0.35985013568844876,0.03425385282571562,0.5997139490732036,25,30,0
22,4411,0.006181939755966851,0.35985013568844737,0.03425385265526137,0.599714071900324,25,30,0
22,4412,0.006183025984675147,0.3598500011391083,0.03425290098065334,0.5997140718955625,25,30,0
22,4413,0.006185930786822328,0.359850001138055,0.034252858332253666,0.5997112097428683,25,30,0
22,4414,0.0004236716804405519,0.35984978433771303,0.04001573690043252,0.5997108070814139,25,30,0
22,4415,0.00042074537334109424,0.35984978433773124,0.040015709322678436,0.5997137609662491,25,30,0
22,4416,0.0004227073183839119,0.35984978433777487,0.04001563920185857,0.5997118691419823,25,30,0
22,4417,0.0004215788067328047,0.35984978433723713,0.04001559938080392,0.5997130374752256,25,30,0
22,4418,0.00041155331724885614,0.35986715113618056,0.040008258071271105,0.5997130374752988,25,30,0
22,4419,0.00041661606266184985,0.35985491253476143,0.040015433932041586,0.5997130374705353,25,30,0
22,4420,0.0004185995467979249,0.35985331843731067,0.04001504455023718,0.5997130374656543,25,30,0
22,4421,0.0004226991777566303,0.359853318437356,0.040015049157078125,0.5997089332278093,25,30,0
22,4422,0.00041977334867598047,0.35985331843734886,0.04001505108497334,0.5997118571290021,25,30,0
22,4423,0.0004219247141121412,0.35986133479627247,0.04000488334336254,0.5997118571462523,25,30,0
22,4424,0.0004218019647348975,0.35986133479628046,0.04013436058877764,0.5995825026502076,25,30,0
22,4425,0.00042176640807760487,0.35986133479629834,0.04014096385327422,0.5995759349423503,25,30,0
22,4426,0.0004248030455797556,0.35986576525399094,0.04013349675813407,0.5995759349422959,25,30,0
22,4427,0.00042088041330519627,0.3598657652539564,0.040133492365062536,0.5995798619676763,25,30,0
22,4428,0.000431793631923852,0.35986576525401787,0.04013357978716089,0.5995688613268976,25,30,0
22,4429,0.00036912405284348943,0.35986576525040803,0.04013345334913493,0.5996316573476137,25,30,0
22,4430,0.00036907319798058086,0.3598657652504434,0.04013345591794476,0.5996317056336314,25,30,0
22,4431,0.00036699088906478906,0.359845437483125,0.04015586598941272,0.5996317056383973,25,30,0
22,4432,0.00036001793298366024,0.3598601369083749,0.04014813952024314,0.5996317056383981,25,30,0
22,4433,0.00035996198949838016,0.35986013690836544,0.04015034160774146,0.5996295594943946,25,30,0
22,4434,0.0003599626077518557,0.35985977097612687,0.040150706926485855,0.5996295594896355,25,30,0
22,4435,0.0003569146256824051,0.3598626929467268,0.040150832937915076,0.5996295594896758,25,30,0
22,4436,0.00036096253346260947,0.3598580877184294,0.04015139024632216,0.5996295595017854,25,30,0
22,4437,0.0003610165344764486,0.3598580877184475,0.040144816109586715,0.5996360796374892,25,30,0
22,4438,0.0003580724985463334,0.359858087718411,0.04014481746774093,0.5996390223153018,25,30,0
22,4439,0.0003522743342132076,0.3598580877183959,0.04014484299518226,0.5996447949522086,25,30,0
22,4440,0.0003532029437867925,0.35985808771843103,0.040144844526952994,0.5996438648108291,25,30,0
22,4441,0.0003603950698942047,0.3598580877184589,0.04014257990075839,0.5996389373108884,25,30,0
22,4442,0.00035941278932887525,0.3598814666849662,0.04012018322434065,0.5996389373013641,25,30,0
22,4443,0.0003695710799852792,0.3598814666855569,0.040120278550400464,0.5996286836840573,25,30,0
22,4444,0.0003725500789206746,0.35987848529834127,0.04012028094348264,0.599628683679255,25,30,0
22,4445,0.0003795210586434524,0.35987175605420957,0.040120039203217085,0.5996286836839293,25,30,0
22,4446,0.0003785397959215855,0.35987175605416577,0.040120039535060104,0.5996296646148519,25,30,0
22,4447,0.00037159626224230504,0.3598785547837782,0.04012018434374596,0.5996296646102329,25,30,0
22,4448,0.0003644416761528682,0.3598785547837584,0.0401201677777606,0.5996368357623275,25,30,0
22,4449,0.0003675951226524102,0.3592655369649341,0.040730032149778495,0.5996368357626344,25,30,0
22,4450,0.00036759392215778117,0.359265673640014,0.040729896675235,0.5996368357625924,25,30,0
22,4451,0.00036061971806944967,0.3592726490516365,0.040729895482111374,0.5996368357481819,25,30,0
22,4452,0.00035763902155941905,0.3592756361513602,0.04072988907885531,0.5996368357482242,25,30,0
22,4453,0.00035763809333741936,0.3592756361513604,0.04072988910637093,0.5996368366489304,25,30,0
22,4454,0.00035247898386751603,0.35928148757984296,0.04072919680689333,0.5996368366293968,25,30,0
22,4455,0.0003524103464532754,0.35928156011285645,0.04072919291133545,0.5996368366293555,25,30,0
22,4456,0.0003492160878026913,0.3592815579554538,0.040732389838952124,0.5996368361177941,25,30,0
22,4457,0.0003601815042715029,0.3592705910234059,0.04073239134492843,0.5996368361273969,25,30,0
22,4458,0.00035711306258253675,0.3592705910234141,0.0407323914039751,0.599639904510031,25,30,0
22,4459,0.00036009246772089213,0.35926761282533676,0.04073239019695719,0.5996399045099879,25,30,0
22,4460,0.00034918017082415743,0.35926761282527503,0.04073230128951727,0.5996509057143858,25,30,0
22,4461,0.00034922164004932537,0.3592673343846575,0.04073253825361309,0.5996509057216823,25,30,0
22,4462,0.00034920641372092364,0.3592673343846053,0.040732535409940734,0.5996509237917348,25,30,0
22,4463,0.00034913633844786533,0.3592673343845791,0.04073262161842869,0.5996509076585461,25,30,0
22,4464,0.0005863844004216727,0.3590303647035716,0.04073234323523343,0.599650907660775,25,30,0
22,4465,0.0005834271929839714,0.35903036470357125,0.04073018149626532,0.5996560266071809,25,30,0
22,4466,0.0005805540443184033,0.3590332305620095,0.04073018878644881,0.5996560266072247,25,30,0
22,4467,0.0005805559188742597,0.3590332212807668,0.040730196190925654,0.5996560266094345,25,30,0
22,4468,0.0005806947978092909,0.3590332212807854,0.04073019897989199,0.5996558849415144,25,30,0
22,4469,0.0005808872577318576,0.35903322128077825,0.0406007237512275,0.5997851677102636,25,30,0
22,4470,0.0005807486811244325,0.35903322128076004,0.040600720972747896,0.5997853090653688,25,30,0
22,4471,0.0005807498973325401,0.35903322128076076,0.040600717582590075,0.5997853112393178,25,30,0
22,4472,0.0005837978269162432,0.35903322128076026,0.04060071896354572,0.5997822619287789,25,30,0
22,4473,0.000586794512323257,0.35903077401616784,0.04060016954273232,0.5997822619287774,25,30,0
22,4474,0.0005866885639428783,0.3590308763017227,0.04060017320071169,0.5997822619336235,25,30,0
22,4475,0.0005846196817391164,0.35903087630175745,0.0406001747481499,0.5997843292683543,25,30,0
22,4476,0.0005835667071941452,0.359030876301756,0.04060014756879867,0.5997854094222516,25,30,0
22,4477,0.0005855349755364068,0.3590308762241962,0.04059696341856393,0.5997866253817042,25,30,0
22,4478,0.00057237708580085,0.35903087622361424,0.04059687070391844,0.599799875986667,25,30,0
22,4479,0.0005744619997502527,0.3590308762236157,0.04059687065767821,0.5997977911189564,25,30,0
22,4480,0.000578247224084625,0.359030876223649,0.0405968710814007,0.5997940054708661,25,30,0
22,4481,0.0005902122832801539,0.3596286377590967,0.039987144477373726,0.5997940054802497,25,30,0
22,4482,0.0005911578019775737,0.35962863775914045,0.03998714813743778,0.5997930563014443,25,30,0
22,4483,0.0005920691247833796,0.35962863775917414,0.03998715011701131,0.5997921429990315,25,30,0
22,4484,0.0003577632926119044,0.3598630527528158,0.03998704096512522,0.5997921429894472,25,30,0
22,4485,0.00035672897596011324,0.3598640797198475,0.03998704830989751,0.5997921429942947,25,30,0
22,4486,0.00036293710425055944,0.3598640797201375,0.03999364121619398,0.599779341959418,25,30,0
22,4487,0.00036284959176955956,0.35986407972012074,0.039993643556792934,0.5997794271313167,25,30,0
22,4488,0.000364059531259179,0.3598628733312539,0.03999364001578018,0.5997794271217067,25,30,0
22,4489,0.0003620630387967052,0.35986312641764134,0.039996578192910165,0.5997782323506522,25,30,0
22,4490,0.00035585958411265065,0.3598631264173517,0.039989868743854476,0.5997911452546815,25,30,0
22,4491,0.0003528479139473916,0.35986312641732476,0.03998994987812771,0.5997940757906004,25,30,0
22,4492,0.00035274162450273365,0.358145252127146,0.04170793045775365,0.5997940757906002,25,30,0
22,4493,0.00035614385070385497,0.3592499680203263,0.04059981232115786,0.5997940758078145,25,30,0
22,4494,0.0003592134260531468,0.3592474403769528,0.04059927038913235,0.5997940758078638,25,30,0
22,4495,0.0003531692891733384,0.3592474403769172,0.04059926737831919,0.5998001229555919,25,30,0
22,4496,0.0003561349461920955,0.35924744037692535,0.04059926470756386,0.5997971599693203,25,30,0
22,4497,0.00035573088470751223,0.3598573874364335,0.0399897217243636,0.5997971599544951,25,30,0
22,4498,0.00035584764279172996,0.3598573874364249,0.03998972210202116,0.5997970428187618,25,30,0
22,4499,0.00035572600495571233,0.359857387436398,0.03998983650118508,0.599797050057461,25,30,0
22,4500,0.00035568843341611046,0.3598574243963166,0.039989837115144686,0.599797050055122,25,30,0
22,4501,0.0003586826285271683,0.35985742439628055,0.03998983453328934,0.5997940584419023,25,30,0
22,4502,0.0003558136197091116,0.35982914817951284,0.040020979761259026,0.5997940584395199,25,30,0
22,4503,0.0003406954763635315,0.35984385508726446,0.04002139100411574,0.5997940584322571,25,30,0
22,4504,0.0003375933306295025,0.35984697061927373,0.04002137761784099,0.5997940584322565,25,30,0
22,4505,0.0003375927288234474,0.35984713380038436,0.040021215040958014,0.5997940584298348,25,30,0
22,4506,0.0003405888370480529,0.35984413690899203,0.040021215824047045,0.5997940584299135,25,30,0
22,4507,0.00033962517892361543,0.3598441369089582,0.04626904060984868,0.5935471973022701,25,30,0
22,4508,0.00033953146989806464,0.3598756927692729,0.04623757845622774,0.593547197304602,25,30,0
22,4509,0.0003395323986457651,0.3598756927692729,0.04623757646838629,0.5935471983636957,25,30,0
22,4510,0.0003395526835696802,0.35987569276926457,0.046237604538681545,0.5935471500084846,25,30,0
22,4511,0.00034753964566122355,0.3598756927693357,0.04623769364641899,0.5935390739385842,25,30,0
22,4512,0.00035053658047682305,0.3598756927693443,0.046237577867894224,0.5935361927822848,25,30,0
22,4513,0.00035445884704403624,0.35987569276949527,0.046237590742073814,0.593532257641387,25,30,0
22,4514,0.000354452173233267,0.35943957263530174,0.04667371754979539,0.5935322576416696,25,30,0
22,4515,0.0003543946989530756,0.35941723356077204,0.04669611409384886,0.5935322576464257,25,30,0
22,4516,0.0003514151222134252,0.35942059649691876,0.046695730729723745,0.5935322576511435,25,30,0
22,4517,0.00035450154930795607,0.3594205964969175,0.040447943283486526,0.5997769586702874,25,30,0
22,4518,0.0003545508982266734,0.35942059649693453,0.040447913337450514,0.5997769392673876,25,30,0
22,4519,0.00035768677233097046,0.3594205964968372,0.04044790486514041,0.5997738118656908,25,30,0
22,4520,0.0003577556954334822,0.3594199747711467,0.04044845766768448,0.5997738118657343,25,30,0
22,4521,0.0003536589852848519,0.35941997477109355,0.040448453788032586,0.599777912455588,25,30,0
22,4522,0.0003505575693784646,0.35941997477109333,0.04044845375606543,0.5997810139034616,25,30,0
22,4523,0.00034961174843019867,0.35941997477104976,0.04044856600387103,0.5997818474766476,25,30,0
22,4524,0.00034959453005930043,0.35942000246852657,0.04044855552956778,0.599781847471845,25,30,0
22,4525,0.0003356150948516016,0.3594200024684555,0.04044846715022365,0.599795915286468,25,30,0
22,4526,0.000338600142337141,0.3598531384626162,0.04001234610890275,0.5997959152861427,25,30,0
22,4527,0.00033561980287674756,0.35985313846260775,0.04001238958522185,0.5997988521492926,25,30,0
22,4528,0.0003386335360544866,0.3598531384626265,0.04001235049269354,0.5997958775086244,25,30,0
22,4529,0.0003356216507326839,0.3586839384114802,0.04118456242686269,0.5997958775109233,25,30,0
22,4530,0.00033567580489443443,0.35868393841144663,0.0411845750606022,0.5997958107230555,25,30,0
22,4531,0.00033867688241752733,0.3586839384114561,0.0411845340832552,0.59979285062287,25,30,0
22,4532,0.0005691237051441295,0.3586839384115377,0.04118465942737912,0.5995622784559379,25,30,0
22,4533,0.0005691249745318253,0.3574460949011264,0.04242250165552088,0.5995622784688198,25,30,0
22,4534,0.0005690168448420243,0.35744609490114404,0.04242246160406062,0.5995624266499521,25,30,0
22,4535,0.0005710312694763545,0.3574460949011427,0.04242244499338834,0.5995604288359915,25,30,0
22,4536,0.0008081946097695395,0.35744609490378315,0.042514402862845246,0.599231307623601,25,30,0
22,4537,0.0008164026121541937,0.3574460949039008,0.04264386251964676,0.5990936399642971,25,30,0
22,4538,0.0010547125268975074,0.35744609490705714,0.04264419048180615,0.598855002084238,25,30,0
22,4539,0.0010548799808784658,0.35825086255281025,0.04183927620662048,0.5988549812596913,25,30,0
22,4540,0.0012960730778487323,0.3580093498394952,0.04183959538461238,0.598854981698044,25,30,0
22,4541,0.001303031828086855,0.33219046002593233,0.06765152644312095,0.5988549817028609,25,30,0
22,4542,0.0012920664036964458,0.33220144114740535,0.06765151075568256,0.5988549816932169,25,30,0
22,4543,0.0012929975756577985,0.3315906145069588,0.06826140622182608,0.5988549816955584,25,30,0
22,4544,0.0012930455044832673,0.3315906145069672,0.06826610601873619,0.5988502339698146,25,30,0
22,4545,0.0012960417250562463,0.33275983727451375,0.06709388703287059,0.59885023396756,25,30,0
22,4546,0.0012959168080433651,0.3327598372745374,0.06709396950275114,0.5988502764146686,25,30,0
22,4547,0.001058684011754702,0.3327598372718783,0.06700200963654146,0.5991794690798259,25,30,0
22,4548,0.0010518327994384269,0.3327598372718523,0.06700196477421573,0.5991863651544939,25,30,0
22,4549,0.0010518703747591654,0.33275983727186065,0.06700196435559831,0.5991863279977824,25,30,0
22,4550,0.00105583225948672,0.3327598372718781,0.0670019665754777,0.5991823638931584,25,30,0
22,4551,0.001058829703115812,0.3327598372718688,0.06700185052638001,0.599179482498636,25,30,0
22,4552,0.0010587929641558838,0.3327596826917347,0.06700204184075535,0.5991794825033545,25,30,0
22,4553,0.0010589333468240428,0.33275968269177164,0.06700204454616898,0.5991793394152359,25,30,0
22,4554,0.0010619303497305132,0.33275667624644245,0.06700205398850927,0.5991793394153183,25,30,0
22,4555,0.0010728447656907743,0.332722959708566,0.06702485610086,0.5991793394248837,25,30,0
22,4556,0.0008405971032344165,0.3327229597054277,0.06702922940832216,0.5994072137830162,25,30,0
22,4557,0.0008433999436682583,0.3327229597053918,0.067029226720903,0.5994044136300375,25,30,0
22,4558,0.000836390964684605,0.33272295970533994,0.06702452283370045,0.5994161264962754,25,30,0
22,4559,0.0008334118378373874,0.3327229597053317,0.06715379669141218,0.5992898317654192,25,30,0
22,4560,0.0005922889006619463,0.3329644076504726,0.06715347212163182,0.5992898313272339,25,30,0
22,4561,0.000592219041306729,0.3329644076504634,0.06715343144988964,0.5992899418583405,25,30,0
22,4562,0.000589154148154272,0.33296440765044477,0.06715343059010126,0.5992930076112999,25,30,0
22,4563,0.0005860886845590039,0.33296734472997835,0.06715355897199161,0.5992930076134714,25,30,0
22,4564,0.0005930086607555549,0.3329605446684887,0.06715343905490408,0.599293007615852,25,30,0
22,4565,0.0005939899761506866,0.3329605446685329,0.06715352489043962,0.5992919404648771,25,30,0
22,4566,0.0005979491341653254,0.3329605446686834,0.06703087030730802,0.5994106358898437,25,30,0
22,4567,0.0006009804245218146,0.3329605446687088,0.06703087065682639,0.5994076042499434,25,30,0
22,4568,0.0006040450184676323,0.33296054466869984,0.06703078709108552,0.5994046232217473,25,30,0
22,4569,0.0006019927076818429,0.33296054466873515,0.0670307950989425,0.5994066675246407,25,30,0
22,4570,0.0006021689601932504,0.3341987605601321,0.06579240296753101,0.5994066675121436,25,30,0
22,4571,0.0006060834369924517,0.33419876056014014,0.06579248905879977,0.5994026669440675,25,30,0
22,4572,0.0006040727516290192,0.3342005404316732,0.06579271986543747,0.5994026669512603,25,30,0
22,4573,0.0006043211695231642,0.3341997159030326,0.0657932959710707,0.5994026669563735,25,30,0
22,4574,0.00037392393918625694,0.33419971590295966,0.06579317080984642,0.5996331893480074,25,30,0
22,4575,0.000372997041870055,0.33419971590280967,0.06578655192377336,0.5996407351315466,25,30,0
22,4576,0.0003617770287078752,0.33419971590268366,0.0656571600263096,0.5997813470422986,25,30,0
22,4577,0.0003558502003633629,0.33374733087805886,0.06611547186881911,0.5997813470527584,25,30,0
22,4578,0.0003488759277262475,0.33374733087802355,0.06611546878300491,0.5997883244112451,25,30,0
22,4579,0.0003419652325734292,0.3337473308780066,0.06611538205472878,0.599795321834691,25,30,0
22,4580,0.00034988394194303567,0.33374733087809544,0.06611547035801751,0.5997873148219438,25,30,0
22,4581,0.00035680502453262433,0.3337473308781216,0.06611555577066511,0.5997803083266803,25,30,0
22,4582,0.00035477379593560585,0.3337493589938181,0.06611555887888294,0.599780308331363,25,30,0
22,4583,0.0003438598104552834,0.3337493589937375,0.06611549868641393,0.5997912825093931,25,30,0
22,4584,0.00033990133535920014,0.3337493589937213,0.06611541455861203,0.5997953251123072,25,30,0
22,4585,0.0003418518443016116,0.33420572924043085,0.06565709381571726,0.59979532509955,25,30,0
22,4586,0.0003417983616268265,0.33420572924044073,0.06565709407735432,0.5997953783205777,25,30,0
22,4587,0.0003379426395897321,0.36002113262115976,0.0398455464234049,0.599795378315845,25,30,0
22,4588,0.00033822324883131234,0.36002113262272084,0.03984554941483261,0.5997950947136146,25,30,0
22,4589,0.00034025244313372636,0.36062900836271544,0.039235644485176684,0.5997950947089737,25,30,0
22,4590,0.0003403055100034206,0.3606289542511392,0.0392356455299229,0.599795094708934,25,30,0
22,4591,0.00034032088722382915,0.3606289542511486,0.0392356191879361,0.599795105673691,25,30,0
22,4592,0.00034233519503827414,0.3606289542511308,0.039235611982217165,0.5997930985716134,25,30,0
22,4593,0.0003422825610444611,0.3606289542511134,0.03923561168692118,0.5997931515009204,25,30,0
22,4594,0.000333167555560624,0.3606289542501202,0.039235506924000935,0.5998023712703175,25,30,0
22,4595,0.0003332036595614428,0.3606289542501288,0.03923550659237743,0.5998023354979317,25,30,0
22,4596,0.000330190406389382,0.36062895425011954,0.039230804772247475,0.5998100505712433,25,30,0
22,4597,0.00033416272622089385,0.3606289542501538,0.039230924690680354,0.5998059583329443,25,30,0
22,4598,0.00033386381469635985,0.360628954248583,0.039230920426171816,0.5998062615105482,25,30,0
22,4599,0.0003388752442730038,0.3598239335169925,0.04003092994615555,0.599806261292579,25,30,0
22,4600,0.0003349680127517881,0.35982393351696684,0.04003081036821873,0.5998102881020625,25,30,0
22,4601,0.0003349702512108216,0.35982393351696634,0.040030926134402164,0.5998101700974207,25,30,0
22,4602,0.00033497678866253536,0.3581060770203012,0.04174877609358589,0.5998101700974525,25,30,0
22,4603,0.0003409480822115313,0.3581005248175119,0.04174835701014524,0.5998101700901334,25,30,0
22,4604,0.00034399908809834253,0.3581005248175035,0.04174835615457572,0.5998071199398243,25,30,0
22,4605,0.00034701128804965774,0.3581005248175129,0.04174835637958611,0.5998041075148527,25,30,0
22,4606,0.00035092112189833666,0.3581005248175295,0.04174835905693506,0.5998001950036386,25,30,0
22,4607,0.0003489030774635299,0.35810052481686483,0.0417503768745465,0.5998001952311267,25,30,0
22,4608,0.00034588938173625046,0.35810353280884194,0.041750382575998994,0.5998001952334242,25,30,0
22,4609,0.0003489049507587144,0.35809996449281684,0.041750935325296654,0.5998001952311293,25,30,0
22,4610,0.0003419315031652611,0.35809996449278303,0.041750931894236044,0.599807172109817,25,30,0
22,4611,0.0003419305562310092,0.35809996449278336,0.04175093334729497,0.5998071716036916,25,30,0
22,4612,0.00034096569348501435,0.35810093173082214,0.04175093097668204,0.5998071715990115,25,30,0
22,4613,0.00034101825282255066,0.35812328533723353,0.04172852481093647,0.5998071715990081,25,30,0
22,4614,0.00034091134308599565,0.35688549316116364,0.042966423892067146,0.5998071716036838,25,30,0
22,4615,0.00034476371808921954,0.3568854931612153,0.04296642689865032,0.5998033162220457,25,30,0
22,4616,0.00034770668750147457,0.35688549316121493,0.0429664268736911,0.5998003732775928,25,30,0
22,4617,0.00035450339231008133,0.3568786942294604,0.04296642908648066,0.5998003732917487,25,30,0
22,4618,0.00035762454569606924,0.3568755736605133,0.042966428484855594,0.599800373308935,25,30,0
22,4619,0.00035770978108885706,0.35687557366054845,0.042966430592264036,0.5998002859660986,25,30,0
22,4620,0.00035544496129756375,0.356878420078766,0.042965848994313875,0.5998002859656222,25,30,0
22,4621,0.00034645753096741223,0.35691020010526747,0.04294305639572265,0.5998002859680435,25,30,0
22,4622,0.0003495398133392104,0.35691020010528635,0.04294314027724765,0.5997971198041276,25,30,0
22,4623,0.0003573871985749856,0.35691020010537405,0.04294314708890587,0.5997892656071457,25,30,0
22,4624,0.0003573669073655618,0.35691020010547075,0.04294967228196166,0.5997827607052024,25,30,0
22,4625,0.0003623626264189661,0.35691020010539937,0.04294966766784217,0.5997777696003395,25,30,0
22,4626,0.00035936006741758023,0.3586310540603151,0.04123181627437968,0.5997777695978876,25,30,0
22,4627,0.00035238244010532744,0.3585988408234915,0.04127100683638487,0.5997777699000181,25,30,0
22,4628,0.0003423972225249971,0.35859884082343824,0.04127100249523145,0.5997877594588051,25,30,0
22,4629,0.0003423484389918068,0.3585988408234739,0.041271006547949345,0.5997878041895849,25,30,0
22,4630,0.0003395294827328627,0.35859884082340426,0.041264508404201046,0.5997971212896617,25,30,0
22,4631,0.00033861755332300833,0.35859962475456625,0.04126463640232527,0.5997971212897855,25,30,0
22,4632,0.00033860181129667286,0.3585996247545485,0.04126463608651898,0.5997971373476355,25,30,0
22,4633,0.0003386181233422811,0.35855726401577975,0.041306980513201745,0.5997971373476759,25,30,0
22,4634,0.0003386244157146945,0.35855726401577925,0.04130856042061626,0.5997955511478894,25,30,0
22,4635,0.0003386227576049131,0.3585572640158422,0.04130864663786324,0.5997954665886894,25,30,0
22,4636,0.0004063463385353925,0.3585572640180139,0.04130875355834041,0.5997276360851099,25,30,0
22,4637,0.0004093426112583195,0.35855726401802324,0.041308754297139635,0.5997246390735784,25,30,0
22,4638,0.0004123250103021944,0.3585934776755832,0.04126955855725039,0.5997246387568639,25,30,0
22,4639,0.0003445313896597253,0.3585934776734018,0.04126936845008716,0.599792622486851,25,30,0
22,4640,0.00034374191687769513,0.35859347767339356,0.04126928477949008,0.5997934956302376,25,30,0
22,4641,0.0003437274442078818,0.3585712162773247,0.04129156065072921,0.5997934956277371,25,30,0
22,4642,0.00034383513285328384,0.3585712162772554,0.04129149824246075,0.5997934503474294,25,30,0
22,4643,0.0003409076450572874,0.3585712162772737,0.04129149859912392,0.5997963774785436,25,30,0
22,4644,0.00034078602989648355,0.3585712162772552,0.04129149771201531,0.5997964999808315,25,30,0
22,4645,0.00034174782948867793,0.3585926477052462,0.041269104474703756,0.5997964999905598,25,30,0
22,4646,0.0003417487529441652,0.3585926477052466,0.04126910445855384,0.5997964990832539,25,30,0
22,4647,0.0003398404833041769,0.3585945537492891,0.04126910668639867,0.5997964990810069,25,30,0
22,4648,0.0003438727749145442,0.3598133265366474,0.04004630160252724,0.5997964990859093,25,30,0
22,4649,0.0003460193093725894,0.35981117662993173,0.04004630497710224,0.5997964990835919,25,30,0
22,4650,0.0003460256993414915,0.35981060809695475,0.04004686711985905,0.5997964990838429,25,30,0
22,4651,0.0003429885302015144,0.35981419064322645,0.040046321747653775,0.5997964990789165,25,30,0
22,4652,0.00034601976683186605,0.3598535038165075,0.04000397732802269,0.5997964990886361,25,30,0
22,4653,0.00034309243712393885,0.35985350381651626,0.04000400588451101,0.599799397861847,25,30,0
22,4654,0.000343051123141916,0.3598458201728286,0.04001173085181779,0.5997993978522099,25,30,0
22,4655,0.000343284041528774,0.35985332248649016,0.04000399561953225,0.5997993978524473,25,30,0
22,4656,0.00033631159400071174,0.35985332248642876,0.040004073681002256,0.5998062922385669,25,30,0
22,4657,0.00033336916310558603,0.35985332248642854,0.04000411366636352,0.599809194684101,25,30,0
22,4658,0.000333332541259738,0.3598533224864199,0.040004113095090964,0.5998092318772282,25,30,0
22,4659,0.0003263046689660113,0.35987514943058424,0.03998931403265693,0.5998092318677918,25,30,0
22,4660,0.0003290383382981777,0.3598723978005405,0.0399893319913682,0.5998092318697921,25,30,0
22,4661,0.00032599034425395153,0.35987239780052305,0.03998933471120602,0.5998122771440163,25,30,0
22,4662,0.0003229233296338778,0.3598754720960111,0.03998932743038261,0.5998122771439718,25,30,0
22,4663,0.0003260604345295088,0.35987269387114457,0.03998896855022712,0.5998122771440982,25,30,0
22,4664,0.0003290932887555956,0.35987269387114457,0.03998896754861935,0.5998092452914798,25,30,0
22,4665,0.0003290394249759785,0.35987269387113563,0.03998896737991466,0.5998092993239731,25,30,0
22,4666,0.00032807544212770277,0.3598726938711014,0.03998896495922357,0.599810265727547,25,30,0
22,4667,0.00032819799068544597,0.3598726938711108,0.03998896765636657,0.5998101404818368,25,30,0
22,4668,0.00032523525383049764,0.3598726938710669,0.039988962995007635,0.5998131078800946,25,30,0
22,4669,0.00032835527874616825,0.35987269387106763,0.03998903946472962,0.5998099113854564,25,30,0
22,4670,0.0003314053726527137,0.3598726938711208,0.03998904433196624,0.59980685642426,25,30,0
22,4671,0.00033438699430542006,0.35987000745398234,0.03998874912537873,0.5998068564263332,25,30,0
22,4672,0.00033440449483189075,0.3598700074540002,0.03998872204170259,0.5998068660094649,25,30,0
22,4673,0.00033065593913908156,0.35987000745397296,0.039993398256759974,0.5998059383501272,25,30,0
22,4674,0.0005717088983347867,0.35987000745617026,0.03999347366611656,0.5995648099793776,25,30,0
22,4675,0.0005716388078634915,0.359870007456161,0.03999347240197015,0.5995648813340047,25,30,0
22,4676,0.000571621318284201,0.3598700074561435,0.03999347455877679,0.5995648966667947,25,30,0
22,4677,0.0005676999028030414,0.35987392937563684,0.03999347405935655,0.5995648966622033,25,30,0
22,4678,0.0005709081213149464,0.3598739293766991,0.039993475079672255,0.5995616874223132,25,30,0
22,4679,0.0005818748792150665,0.3598739293767698,0.03999339867910466,0.59955079706491,25,30,0
22,4680,0.0005788971079942641,0.35987689609215506,0.03999340972766956,0.5995507970721807,25,30,0
22,4681,0.000576653341627265,0.3598768960911364,0.039993409252864535,0.5995530413143715,25,30,0
22,4682,0.0005658782286377626,0.35987689609109297,0.03999340466177594,0.599563821018493,25,30,0
22,4683,0.0005659298829314686,0.35987689609109474,0.03999340634225638,0.5995637676837169,25,30,0
22,4684,0.0005629336395303678,0.3598768960910857,0.03999340620529185,0.5995667640640916,25,30,0
22,4685,0.0005628250648264324,0.35987689650124255,0.03926848429599797,0.6002917941379331,25,30,0
22,4686,0.0005598325292002655,0.3598768965012515,0.03926856542020563,0.6002947055493429,25,30,0
22,4687,0.0005570251409121204,0.35987995733593237,0.03926831197590022,0.6002947055472556,25,30,0
22,4688,0.0005570266918286022,0.3598799573359399,0.03926831192340256,0.6002947040488292,25,30,0
22,4689,0.0005569915108009434,0.3598799573359224,0.039268349172099,0.600294701981178,25,30,0
22,4690,0.0005569228873060318,0.3598799573359128,0.039269969343599526,0.6002931504331819,25,30,0
22,4691,0.0005648983844311898,0.359872161966734,0.03926978920572124,0.6002931504431138,25,30,0
22,4692,0.0005677196915391556,0.3598694801071593,0.03926964975840066,0.6002931504429011,25,30,0
22,4693,0.0005675447357041213,0.3598694801071233,0.039269767336224254,0.6002932078209484,25,30,0
22,4694,0.0005646357495727245,0.35987240692468814,0.03926974949981906,0.6002932078259201,25,30,0
22,4695,0.0005795081728478375,0.35987240692476774,0.03926975662495548,0.600278328277429,25,30,0
22,4696,0.0005796132150415556,0.35987240692479444,0.039269639812544714,0.6002783400476194,25,30,0
22,4697,0.0005897030625650612,0.3598724069253851,0.039269734925021005,0.6002681550870289,25,30,0
22,4698,0.0005896641321554093,0.35987244119654394,0.03926973958427364,0.6002681550870271,25,30,0
22,4699,0.0005893977382113924,0.35987244119709483,0.03935730159588297,0.6001808594688108,25,30,0
22,4700,0.0005912897247787942,0.35986972779172727,0.039358123010006324,0.6001808594734875,25,30,0
22,4701,0.0005793082227634877,0.35986972779172693,0.039358123040222175,0.6001928409452872,25,30,0
22,4702,0.0005823007421540595,0.3598697277917005,0.0393580406358063,0.600189930830339,25,30,0
22,4703,0.0005823533515371846,0.3598697277916129,0.03935803284605893,0.6001898860107908,25,30,0
22,4704,0.0005802848010320611,0.3598697277916472,0.039358038848207995,0.6001919485591126,25,30,0
22,4705,0.0005802421378247033,0.35986972779163856,0.03935639341771462,0.6001936366528211,25,30,0
22,4706,0.0005711325683762779,0.3598697277910831,0.03935630134082117,0.6002028382997183,25,30,0
22,4707,0.0005711020978542238,0.3598697593037938,0.03935630029862849,0.600202838299722,25,30,0
22,4708,0.0005741687948482164,0.3598697593037678,0.03935632702316906,0.6001997448782134,25,30,0
22,4709,0.0006544368605048248,0.35986986823702355,0.040000980166479724,0.5994747147359917,25,30,0
22,4710,0.000654505178409044,0.3598698682370323,0.040000980774456386,0.5994746458101018,25,30,0
22,4711,0.0006514755338043782,0.3598698682370053,0.04000097928200332,0.5994776769471866,25,30,0
22,4712,0.0006554516458577188,0.3598698682365152,0.03990871823039689,0.5995659618872291,25,30,0
22,4713,0.0006575201751596625,0.35986986823648076,0.0399087122651511,0.5995638993232074,25,30,0
22,4714,0.00041334838792897563,0.3598698682342832,0.03990852044065707,0.5998082629371294,25,30,0
22,4715,0.00040942464203064564,0.35986986823422173,0.039908545426232594,0.5998121616975136,25,30,0
22,4716,0.0004074462070001785,0.35987252446065926,0.03990786764677192,0.5998121616855674,25,30,0
22,4717,0.00041422619734380223,0.35987252446067586,0.039907869281750566,0.5998053800602287,25,30,0
22,4718,0.0004112686199072377,0.3598754868075849,0.03990786451231835,0.5998053800601884,25,30,0
22,4719,0.000411286897930028,0.3598677321684769,0.03991560087827969,0.5998053800553125,25,30,0
22,4720,0.00041032361637378397,0.3598685119757413,0.03991578436226016,0.5998053800456234,25,30,0
22,4721,0.0004103759658053111,0.359868511975759,0.03991578211525761,0.599805329943177,25,30,0
22,4722,0.00041030734467858743,0.3598685119757415,0.046163613953884575,0.5935575667256956,25,30,0
22,4723,0.0004133033239112871,0.3598685119757502,0.03991578142561116,0.5998024032747263,25,30,0
22,4724,0.0004133569212230978,0.3598608625740741,0.03992337722763624,0.5998024032770655,25,30,0
22,4725,0.0004274505896550736,0.3594103204353207,0.04035982542004162,0.599802403554982,25,30,0
22,4726,0.00042450733359039464,0.35942061127377967,0.04035247783768537,0.5998024035549439,25,30,0
22,4727,0.000424454950853625,0.35942061127376407,0.040352481272927204,0.5998024525024546,25,30,0
22,4728,0.00047217484775441014,0.35937282329659204,0.040352549351183986,0.599802452504469,25,30,0
22,4729,0.000474189894911436,0.3593728232965658,0.04035254643352659,0.5998004403749954,25,30,0
22,4730,0.00047632626197604893,0.3593728232965223,0.04035254287169427,0.5997983075698063,25,30,0
22,4731,0.0004764502537201433,0.3593728232965139,0.040352543783438416,0.5997981826663266,25,30,0
22,4732,0.0004765169168389927,0.35937261309123647,0.040352687320874034,0.5997981826710493,25,30,0
22,4733,0.0004844864282111428,0.35937261309129853,0.04035115344917832,0.5997917470313108,25,30,0
22,4734,0.0004864125152344475,0.35937028830071077,0.04035155214555382,0.5997917470385006,25,30,0
22,4735,0.00048336395664378405,0.35937028830071094,0.04035155415264701,0.599794793589998,25,30,0
22,4736,0.0004912116636875556,0.3593702883007904,0.040351559865013834,0.5997869401705079,25,30,0
22,4737,0.0004911050196134243,0.35937028830076223,0.04035141690290004,0.5997871897767237,25,30,0
22,4738,0.0004910345920366632,0.3589390509414601,0.0407827246885525,0.5997871897779502,25,30,0
22,4739,0.0004911026036042394,0.35893905094147777,0.040782725487290124,0.5997871209676273,25,30,0
22,4740,0.00048814376322235854,0.3589416169592131,0.04078311830750974,0.5997871209700546,25,30,0
22,4741,0.0004921196966520231,0.3589416169592566,0.040783122625638775,0.5997831407184527,25,30,0
22,4742,0.0004920883514140654,0.3589416169592562,0.040785360068333325,0.5997809346209957,25,30,0
22,4743,0.0004941411304683218,0.3589416169598336,0.04091262469726794,0.5996516172124294,25,30,0
22,4744,0.0004940721961175034,0.3589416169598158,0.040912623974592464,0.5996516868694736,25,30,0
22,4745,0.0004383571130915078,0.35899701988194843,0.04091293614751751,0.5996516868574421,25,30,0
22,4746,0.0004273938306683904,0.35899701988187865,0.04091287608597106,0.5996627102014813,25,30,0
22,4747,0.00042343426697307596,0.3589970198819337,0.040912881952123864,0.5996666638989687,25,30,0
22,4748,0.0004125228106635541,0.3589970198818629,0.04091449992554755,0.5996759573819255,25,30,0
22,4749,0.0004125055649700516,0.3589970198818691,0.04091449581836322,0.5996759787347969,25,30,0
22,4750,0.0004256351715098565,0.3572664749961112,0.0426319110846262,0.5996759787477528,25,30,0
22,4751,0.00043654889563139016,0.3572664749961734,0.04263191704968559,0.5996650590585098,25,30,0
22,4752,0.0004395442225470439,0.3572664749961816,0.0426319456049584,0.5996620351763127,25,30,0
22,4753,0.0003639223173426303,0.3572663673242695,0.04270762701657258,0.5996620833418175,25,30,0
22,4754,0.0003708412888051347,0.35726636732431255,0.042709254958863685,0.5996535364280207,25,30,0
22,4755,0.00036884538127460815,0.3572682135987939,0.04270940460636232,0.5996535364135711,25,30,0
22,4756,0.000365918649521801,0.3572682135988029,0.042709376785175876,0.5996564909665013,25,30,0
22,4757,0.00036593435096638047,0.3572682135988029,0.04270937728810533,0.599656474762127,25,30,0
22,4758,0.0003659328408212329,0.35723713949411257,0.04274045290523996,0.5996564747598281,25,30,0
22,4759,0.0006021923480481373,0.3572371394961856,0.04274062930165598,0.5994200388541118,25,30,0
22,4760,0.000599089333836171,0.35723713949618613,0.04274062881141963,0.5994231423585592,25,30,0
22,4761,0.0005991259263373474,0.35723713949619423,0.0427406298405015,0.5994231047369679,25,30,0
22,4762,0.0006003300196137171,0.35723713949561764,0.0426110888645668,0.5995514416202027,25,30,0
22,4763,0.0006032714117819193,0.35723713949561736,0.0426094648111755,0.5995501242814261,25,30,0
22,4764,0.0006032043533313704,0.3572372074826412,0.04260946388502146,0.599550124279007,25,30,0
22,4765,0.000665067434215729,0.35723720601448533,0.04254764731996385,0.599550079231336,25,30,0
22,4766,0.0006519504824663399,0.3589672017211303,0.04083076857789862,0.5995500792185048,25,30,0
22,4767,0.0006528803092498399,0.3589672017211653,0.0408307716306226,0.5995491463389623,25,30,0
22,4768,0.0006506218154176648,0.3589672017212176,0.040830773545003286,0.5995514029183614,25,30,0
22,4769,0.0006476276646405632,0.3589672017212094,0.040830801840762376,0.5995543687733879,25,30,0
22,4770,0.0006464894764293305,0.358968727516842,0.040830414223728344,0.599554368783,25,30,0
22,4771,0.000641496363030598,0.3589687275168956,0.040828792820118344,0.5995609832999554,25,30,0
22,4772,0.0006384305281015761,0.3589687275169041,0.04082876552492163,0.5995640764300729,25,30,0
22,4773,0.0006444040212379529,0.35896872751690323,0.04083038632864532,0.5995564821332137,25,30,0
22,4774,0.0006444400506565774,0.35896872751691183,0.04083038394055466,0.5995564484918771,25,30,0
22,4775,0.0006474524304060876,0.35896872751693826,0.040830439461806485,0.5995533805908494,25,30,0
22,4776,0.0006475185781195082,0.3589690374027777,0.040830063430639954,0.5995533805884631,25,30,0
22,4777,0.0006483787752897254,0.3572502420623961,0.04254799856914717,0.5995533805931685,25,30,0
22,4778,0.0006514466438244477,0.3572502420623875,0.04254799840255056,0.599550312891239,25,30,0
22,4779,0.0006445086746920094,0.35725024206234457,0.04254799839340804,0.5995572508695564,25,30,0
22,4780,0.0006445256771660547,0.3572811408754679,0.042517082573173395,0.5995572508741934,25,30,0
22,4781,0.0006444739533962436,0.3572811408754593,0.04251708099309793,0.5995573041780471,25,30,0
22,4782,0.000644579239548707,0.3572811943265657,0.042516922251163596,0.5995573041827226,25,30,0
22,4783,0.0006446297938540565,0.3572811943265748,0.04251692377221221,0.5995572521073594,25,30,0
22,4784,0.000644613693584433,0.35728174689134024,0.04251638731014032,0.5995572521049355,25,30,0
22,4785,0.0007026335031673577,0.3571927493293478,0.042547365052622604,0.5995572521148623,25,30,0
22,4786,0.0007036516279461999,0.35719274932925055,0.04254735705071456,0.5995562419920887,25,30,0
22,4787,0.0006928087366966894,0.3571927493291976,0.04254735180987772,0.5995670901242277,25,30,0
22,4788,0.0006377839477822048,0.3572478412230185,0.04254728471490701,0.599567090114292,25,30,0
22,4789,0.0006407804423408876,0.35724484518568006,0.0425472842625342,0.5995670901094448,25,30,0
22,4790,0.0006408362840606571,0.357275705820351,0.04251636778588733,0.5995670901097008,25,30,0
22,4791,0.0006438149156343126,0.3572757058203966,0.042516453774766184,0.5995640254892024,25,30,0
22,4792,0.0006467632561438726,0.3577042111007362,0.04208500015748006,0.599564025485639,25,30,0
22,4793,0.0006497585739707711,0.357701410536379,0.04208480540638711,0.5995640254832622,25,30,0
22,4794,0.0006508438873458651,0.35770032351833014,0.04208480711591291,0.5995640254784099,25,30,0
22,4795,0.0006528401943185838,0.35770032351828573,0.04208480337695344,0.5995620329104412,25,30,0
22,4796,0.0006527176152331796,0.35770032351826814,0.04208480369782227,0.5995621551686756,25,30,0
22,4797,0.0006516550564863718,0.3577003235183392,0.042084935330031444,0.599563086095142,25,30,0
22,4798,0.002732360011357636,0.3577003358308366,0.028792910776738,0.6107743933810666,25,30,0
22,4799,0.002735372422053019,0.35770033583085487,0.02879291043886526,0.6107713813082257,25,30,0
22,4800,0.002716046496214644,0.3581561211295143,0.02835645135887244,0.6107713810153976,25,30,0
22,4801,0.0029492419824655807,0.35792296432086507,0.028356412250164255,0.6107713814465037,25,30,0
22,4802,0.002953270297114767,0.3579229643208918,0.028356332086832744,0.6107674332951593,25,30,0
22,4803,0.0029502599156747762,0.3579042625266866,0.028378044261673566,0.6107674332959635,25,30,0
22,4804,0.0029475632098422714,0.35790426252669616,0.028382664256636173,0.610765510006824,25,30,0
22,4805,0.002946597653027921,0.3596231800861282,0.02666471225872501,0.6107655100021177,25,30,0
22,4806,0.002946527917020764,0.3596231800861282,0.026664710259948873,0.610765581736901,25,30,0
22,4807,0.0029498043460017224,0.35964122128259435,0.026643392639808902,0.6107655817315938,25,30,0
22,4808,0.002954881505063928,0.3596357102989379,0.026643826454556735,0.6107655817414402,25,30,0
22,4809,0.0029588061156510877,0.35963571029897295,0.02664391748355685,0.6107615661018179,25,30,0
22,4810,0.0029567077461922094,0.3596382428652085,0.026643483294329705,0.6107615660942682,25,30,0
22,4811,0.002959775323610004,0.35963824286519985,0.026643482368782653,0.6107584994424062,25,30,0
22,4812,0.0029598464793348473,0.35963763545838573,0.026644018622207413,0.61075849944007,25,30,0
22,4813,0.0029598991239836924,0.3596376354583947,0.026644018713773532,0.6107584467038459,25,30,0
22,4814,0.002960961400580282,0.35963763545830596,0.02664388580819892,0.6107575173329132,25,30,0
22,4815,0.0032042033731709695,0.3596376354645098,0.026644135002680463,0.6105140261596369,25,30,0
22,4816,0.0032044122918171414,0.35963763546451133,0.02664413709544628,0.6105138151482236,25,30,0
22,4817,0.0032033609524840722,0.3596376354645646,0.026644142599770784,0.6105148609831786,25,30,0
22,4818,0.0032052857042888755,0.3596434386917442,0.02663641461334973,0.6105148609906164,25,30,0
22,4819,0.0032012917329422457,0.3596434386916908,0.026636410771019966,0.6105188588043463,25,30,0
22,4820,0.0031984161394759585,0.35964343869170035,0.02663641350061252,0.6105217316682104,25,30,0
22,4821,0.003198539996251137,0.35964343869169246,0.026641115547414967,0.6105169057646411,25,30,0
22,4822,0.003202501988717517,0.35964343869170906,0.026641118207144786,0.6105129411124286,25,30,0
22,4823,0.003205287409804997,0.3596434386916455,0.026636413137163712,0.6105148607613856,25,30,0
22,4824,0.002962973693588467,0.3596434386854673,0.026636167262710377,0.6107574203582339,25,30,0
22,4825,0.0029629023237412984,0.359643438685467,0.02663616689684549,0.6107574920939463,25,30,0
22,4826,0.002962784832322675,0.35964343868544996,0.02663616548909089,0.6107576109931364,25,30,0
22,4827,0.0029606646644698494,0.3596434386855025,0.02663146918553131,0.6107644274644962,25,30,0
22,4828,0.0029635362412425478,0.35964111317061176,0.026630923123610487,0.6107644274645352,25,30,0
22,4829,0.0029605959600784264,0.3596440500269454,0.02663092654597349,0.6107644274670025,25,30,0
22,4830,0.0029537435512024253,0.3596440500269189,0.026629302603319516,0.6107729038185586,25,30,0
22,4831,0.0029537411142448984,0.359612594645312,0.026660760424138775,0.610772903816304,25,30,0
22,4832,0.001168190106947551,0.3596125822258176,0.039657625970961966,0.5995616016962729,25,30,0
22,4833,0.0011672258907368448,0.35961258222578363,0.03965762303535422,0.5995625688481252,25,30,0
22,4834,0.0011702934930262173,0.3596015898031519,0.03966554785053858,0.5995625688532832,25,30,0
22,4835,0.00122496795079045,0.35960158980322293,0.03966568420470438,0.5995077580412822,25,30,0
22,4836,0.0012230410474701255,0.3596035201589936,0.03966568075973351,0.5995077580338026,25,30,0
22,4837,0.001227013275085355,0.3595994092683453,0.03966581942051908,0.59950775803605,25,30,0
22,4838,0.0012349138149383946,0.35959940926840694,0.0396658228085501,0.599499854108104,25,30,0
22,4839,0.0012352436377928075,0.35959940926846096,0.03966579786082044,0.5994995492329253,25,30,0
22,4840,0.0012272742615487095,0.35959940926838985,0.03966587423705485,0.599507442233006,25,30,0
22,4841,0.0012272410972087738,0.35959940926842576,0.03966587565202264,0.5995074739823424,25,30,0
22,4842,0.001227277677178918,0.35959940926843437,0.03966587532410201,0.5995074377302843,25,30,0
22,4843,0.0011762468259420454,0.359599409268405,0.03966573943648809,0.5995586044691643,25,30,0
22,4844,0.0011762637633873816,0.3595994092684229,0.0396657409293901,0.5995585860387991,25,30,0
22,4845,0.001175746938656818,0.3407923769235561,0.05847329003154225,0.5995585861062444,25,30,0
22,4846,0.001065574068892453,0.34079237693028425,0.05858225633105278,0.5995597926697717,25,30,0
22,4847,0.0010675703954809064,0.3407923769302398,0.058582250587677354,0.5995578020866027,25,30,0
22,4848,0.0010705159217574212,0.34079237693023956,0.058582250606947044,0.5995548565410567,25,30,0
22,4849,0.0010685027164139512,0.34079237693027586,0.058582256426890404,0.5995568639264205,25,30,0
22,4850,0.001068204290343973,0.340792376930222,0.05858236983749717,0.5995570489419374,25,30,0
22,4851,0.00106844860872413,0.3407923769301881,0.05858237083344608,0.5995568036276423,25,30,0
22,4852,0.0010714092655236727,0.3407923769302056,0.05858237210649276,0.5995538416977783,25,30,0
22,4853,0.0015233934004361205,0.34079237693233727,0.05858255367155375,0.5991016759956729,25,30,0
22,4854,0.0015204120713002117,0.3407733123954167,0.05860459953283317,0.5991016760004498,25,30,0
22,4855,0.0015201492128885507,0.34077331239542374,0.05860459660229724,0.5991019417893904,25,30,0
22,4856,0.0015201989328092096,0.3407733123954311,0.05860459672054336,0.5991018919512164,25,30,0
22,4857,0.001523424211842479,0.3407733123954316,0.05860456559431401,0.5990986977984119,25,30,0
22,4858,0.0015254377201666094,0.34077331239539627,0.058604559871547536,0.5990966900128895,25,30,0
22,4859,0.001526010798204281,0.35957989548927133,0.03979740376928871,0.5990966899432343,25,30,0
22,4860,0.0015230104763561225,0.3595830967470699,0.039797202833257286,0.5990966899433152,25,30,0
22,4861,0.0015199975265226748,0.3595830967470432,0.03979720188049538,0.5990997038459374,25,30,0
22,4862,0.001283700510217571,0.3598197445965417,0.039796851478448664,0.5990997034147906,25,30,0
22,4863,0.0012816853888405872,0.35981974459656707,0.03979685631451491,0.5991017137000759,25,30,0
22,4864,0.0013374666585565576,0.3598197445966469,0.03979693360914233,0.5990458551356526,25,30,0
22,4865,0.0013444747075578595,0.3598197445966995,0.03979705089671709,0.5990387297990242,25,30,0
22,4866,0.0013444744065879983,0.3598197445966995,0.0397970529187212,0.5990387280779902,25,30,0
22,4867,0.001338517832030242,0.3598197445966915,0.03979705593450009,0.599044681636777,25,30,0
22,4868,0.0013315961047634189,0.3598197445966661,0.039797052643841986,0.5990516066547277,25,30,0
22,4869,0.0013307032054194756,0.3598283346823949,0.03978935545023387,0.599051606661951,25,30,0
22,4870,0.0013456091476135323,0.35982833468250064,0.03978936594252901,0.599036690227356,25,30,0
22,4871,0.001525497899184559,0.3596480931180615,0.03978971845856298,0.5990366905241902,25,30,0
22,4872,0.0015185779160451864,0.35964809311803464,0.03978960152712126,0.5990437274387981,25,30,0
22,4873,0.0013387615553076754,0.35982826725559236,0.039789244037355086,0.599043727151744,25,30,0
22,4874,0.0013418302749209055,0.3598282672556013,0.0397893263778429,0.599040576091634,25,30,0
22,4875,0.001400830429447244,0.3598282672557028,0.039789429690008864,0.5989814726248399,25,30,0
22,4876,0.001386851837528224,0.35982826725562406,0.039789424099908224,0.5989954568069383,25,30,0
22,4877,0.0013900264311633753,0.3598282672597453,0.03978943062140395,0.5989922756876862,25,30,0
22,4878,0.0013340215683993889,0.35982826725963535,0.03978932573336479,0.5990483854385994,25,30,0
22,4879,0.0013316709650296181,0.3598304646918253,0.0397894789001201,0.5990483854430237,25,30,0
22,4880,0.0013335988173051076,0.3598287152909381,0.03978930043937351,0.599048385452382,25,30,0
22,4881,0.0013369405917541247,0.35813900004999494,0.04147567390562182,0.5990483854526282,25,30,0
22,4882,0.0013339985419965976,0.35813900004999505,0.0414755914553,0.599051409952707,25,30,0
22,4883,0.0013369921327889447,0.3581360105977121,0.041475587328827314,0.5990514099406703,25,30,0
22,4884,0.0013376717017262092,0.3581360105937059,0.04147558952724085,0.5990507281773256,25,30,0
22,4885,0.0013346770702765843,0.3581360105936973,0.04147561577795467,0.5990536965580704,25,30,0
22,4886,0.0013336748682102367,0.3581360105937771,0.04147562384204044,0.5990546906959712,25,30,0
22,4887,0.001326755714640957,0.358111600388756,0.04150695320300812,0.5990546906935935,25,30,0
22,4888,0.0013266677566584656,0.35811160038873063,0.04150852136331169,0.599053210491298,25,30,0
22,4889,0.0019124142826005028,0.35811160050148805,0.040923987110587444,0.5990519981053246,25,30,0
22,4890,0.0019124319130094938,0.3581110316915431,0.040924538290039364,0.5990519981054087,25,30,0
22,4891,0.0018605595019405936,0.3581110316914802,0.04093106573221661,0.5990973430743636,25,30,0
22,4892,0.0018615730912114018,0.3581110316914456,0.04093110242220634,0.5990962927951377,25,30,0
22,4893,0.001864675993520042,0.35813874296003745,0.040900287262284625,0.5990962937841587,25,30,0
22,4894,0.0019236713184276172,0.3581387429601374,0.04090258991115392,0.5990349958102819,25,30,0
22,4895,0.0024327368143941255,0.3581387429264954,0.04039351794586793,0.5990350023132437,25,30,0
22,4896,0.0024366254926666115,0.35811310101486593,0.04041527216578368,0.5990350013266849,25,30,0
22,4897,0.00243364588995799,0.3581131010148845,0.040415274460682486,0.5990379786344759,25,30,0
22,4898,0.02301280812961158,0.35811334688839463,0.019770815049492053,0.5991030299325005,25,30,0
22,4899,0.023015854707647505,0.3581133468883943,0.01977078656555318,0.5991000118384038,25,30,0
22,4900,0.023011863073824107,0.3577036508852324,0.02018447420337309,0.5991000118375693,25,30,0
22,4901,0.02255579570886398,0.357703650883101,0.020184174153584037,0.5995563792544492,25,30,0
22,4902,0.02255476165171704,0.35770365088315276,0.020184138043550792,0.5995574494215776,25,30,0
22,4903,0.040029719687996054,0.35770340980225496,0.002774472256335324,0.5994923982534118,25,30,0
22,4904,0.04002777517050877,0.3577034098021749,0.0027744641362407955,0.5994943508910737,25,30,0
22,4905,0.040027772053868274,0.357703409802329,0.00277667124699885,0.5994921468968021,25,30,0
22,4906,0.040023846257360864,0.35770340980229415,0.0027700650178230667,0.5995026789225204,25,30,0
22,4907,0.04002087402079274,0.35770340980220316,0.0027678956899656305,0.599507820487037,25,30,0
22,4908,0.040020821167433454,0.35770340980221177,0.0027678958249637148,0.5995078732053895,25,30,0
22,4909,0.03978454529851134,0.35770340980004006,0.0027677112619762675,0.5997443336394709,25,30,0
22,4910,0.03978062095323427,0.3577034097999068,0.0027677012419192975,0.5997482680049382,25,30,0
22,4911,0.03978269621007922,0.3576704218645975,0.0027986139250914983,0.5997482680002306,25,30,0
22,4912,0.04035923459894384,0.3576704168897538,0.002222089910301781,0.5997482586009996,25,30,0
22,4913,0.04036214243101362,0.35767041688984996,0.0022220989342466376,0.5997453417448885,25,30,0
22,4914,0.040362108482298646,0.3576704168898487,0.0022205293153577214,0.5997469453124936,25,30,0
22,4915,0.04031919650972858,0.35767041689141343,0.0022249944890098206,0.5997853921098464,25,30,0
22,4916,0.04043868709024725,0.3576704168935742,0.0022252771491845327,0.5996656188669924,25,30,0
22,4917,0.04044268277437687,0.3576704168934941,0.0022252688057330357,0.5996616315263944,25,30,0
22,4918,0.040443708516828165,0.35766937385213665,0.002225286101881947,0.5996616315291516,25,30,0
22,4919,0.04044742366440298,0.3576693738521703,0.0022252033717614955,0.5996579991116637,25,30,0
22,4920,0.04045047284008394,0.35766937385217107,0.0022252320629612553,0.5996549212447824,25,30,0
22,4921,0.04033099959157733,0.3576693738500198,0.0022249500979564414,0.599774676460445,25,30,0
22,4922,0.04033194565534558,0.35766896381318697,0.0022244140664271893,0.5997746764650389,25,30,0
22,4923,0.04032889676112759,0.3576689638131863,0.002224385466898735,0.599777753958786,25,30,0
22,4924,0.040332893512976885,0.3580695934004514,0.0018197591268970445,0.5997777539596734,25,30,0
22,4925,0.04034163322061352,0.3580610677682246,0.0018195450543067732,0.5997777539568531,25,30,0
22,4926,0.0403445617808765,0.35808034521271026,0.0017973390521695968,0.5997777539542415,25,30,0
22,4927,0.0395990865020806,0.35808034521764315,0.00254281170081227,0.5997777565794619,25,30,0
22,4928,0.039602669438366774,0.35979458365190475,0.000824990326086434,0.5997777565836394,25,30,0
22,4929,0.03960359895447821,0.3597945836519309,0.0008249926958920107,0.5997768246976962,25,30,0
22,4930,0.03961057174167252,0.359794583651966,0.0008249956720452117,0.5997698489343137,25,30,0
22,4931,0.03961744996397551,0.3597945836519467,0.000824878780827254,0.599763087603248,25,30,0
22,4932,0.039621714756399994,0.35979458365250166,0.0008249162677025788,0.5997587853233932,25,30,0
22,4933,0.03961671581853965,0.3597992000876733,0.0008252987630834786,0.599758785330701,25,30,0
22,4934,0.03961873276990012,0.3597992000876461,0.0008253222396889005,0.5997567449027624,25,30,0
22,4935,0.03961368129829946,0.35979920008710103,0.000825282971886719,0.5997618356427104,25,30,0
22,4936,0.039606829841471444,0.359799200087084,0.0008252807340773198,0.5997686893373647,25,30,0
22,4937,0.03960285390189718,0.35979920008703997,0.000825278525001205,0.5997726674860591,25,30,0
22,4938,0.03959999962595653,0.35980204987612197,0.000825283009394832,0.5997726674885245,25,30,0
22,4939,0.03983329179269797,0.35960003901998405,0.0007940013952956217,0.5997726677920202,25,30,0
22,4940,0.03982532107322267,0.35960800641139967,0.0007940047305777667,0.599772667784798,25,30,0
22,4941,0.039825214138323586,0.3596080064113717,0.0007940012089872836,0.5997727782413156,25,30,0
22,4942,0.03982233978731452,0.35960800641139906,0.0007940411346695931,0.5997756126666149,25,30,0
22,4943,0.03982221938923445,0.3596080064113814,0.0007940403439469823,0.5997757338554353,25,30,0
22,4944,0.03982319943382817,0.35960800641142454,0.0007940455052741235,0.5997747486494711,25,30,0
22,4945,0.039810249514344864,0.35960800640975193,0.0007872805104068035,0.5997944635654945,25,30,0
22,4946,0.03985179360073817,0.34446963896662763,0.01588410369517325,0.599794463737459,25,30,0
22,4947,0.03985274069834165,0.34446963896692184,0.020556562306499535,0.595121058028235,25,30,0
22,4948,0.028506773573590855,0.34446968267338013,0.03190236647055908,0.5951211772824682,25,30,0
22,4949,0.028513551370145676,0.3444629073755771,0.03190236396951847,0.5951211772847571,25,30,0
22,4950,0.02851369213039537,0.3444627748289715,0.03190235575090235,0.5951211772897292,25,30,0
22,4951,0.028516763838570956,0.3444627748289355,0.0319023171089044,0.5951181442235876,25,30,0
22,4952,0.040458505114650635,0.34446273648980474,0.01996073399740103,0.5951180243981417,25,30,0
22,4953,0.04045453150193487,0.344444309508204,0.019983134596427577,0.5951180243934318,25,30,0
22,4954,0.04045360529368826,0.3440091132710262,0.020419257046365755,0.595118024388918,25,30,0
22,4955,0.04044967956177351,0.3440091132709921,0.020419253990463914,0.595121953176769,25,30,0
22,4956,0.04045876648552063,0.3440091132709754,0.02068546383592964,0.5948466564075731,25,30,0
22,4957,0.040474791227302666,0.3440091132711269,0.020685448745731323,0.5948306467558379,25,30,0
22,4958,0.040474788451692126,0.3444137873643109,0.020280777428153013,0.5948306467558427,25,30,0
22,4959,0.040482984806078745,0.344413787364384,0.02028081965753982,0.594822408171996,25,30,0
22,4960,0.04047086578229066,0.34441378736427675,0.020280776506915465,0.5948345703465158,25,30,0
22,4961,0.04046078341364269,0.344413787364312,0.020014606958373274,0.5951108222636704,25,30,0
22,4962,0.04052761716892166,0.34441378736847744,0.0200148186090218,0.5950437768535778,25,30,0
22,4963,0.04051171293541,0.3444137873683177,0.020014807095884733,0.5950596926003863,25,30,0
22,4964,0.04051151464488699,0.3444137873683261,0.020014804399466245,0.5950598935873193,25,30,0
22,4965,0.04051146195463485,0.34441378736832673,0.020014805817402396,0.5950599448596346,25,30,0
22,4966,0.04050932384974666,0.34441591739783645,0.02001481389520339,0.5950599448572121,25,30,0
22,4967,0.040576964619777375,0.34432545807945525,0.02003763201068547,0.5950599452900807,25,30,0
22,4968,0.040727345066453625,0.34432545270728476,0.019887258984200927,0.5950599432420592,25,30,0
22,4969,0.040727414848030205,0.34432545270730325,0.019887260323549028,0.5950598721211161,25,30,0
22,4970,0.04065868886613574,0.3443254527031613,0.01988867327006881,0.5951271851606328,25,30,0
22,4971,0.040657741757438914,0.3443254527028672,0.015216216669062668,0.5998005888706298,25,30,0
22,4972,0.04065677807669186,0.34432545270283266,0.01534570295553534,0.5996720662649389,25,30,0
22,4973,0.03419021353071422,0.3443254731891273,0.021812192907043546,0.5996721203731138,25,30,0
22,4974,0.04064123609859619,0.3443254529134084,0.015361229379728962,0.5996720816082651,25,30,0
22,4975,0.040642321772152566,0.3443135112004162,0.01537208542379243,0.5996720816036387,25,30,0
22,4976,0.040643250731101095,0.34434404027433824,0.01534062738641403,0.5996720816081464,25,30,0
22,4977,0.04087382686733246,0.34434404027444676,0.015340733265706286,0.5994413995925144,25,30,0
22,4978,0.04087591049240337,0.34434404027442106,0.01534072889710263,0.599439320336073,25,30,0
22,4979,0.04087995516878932,0.34430892238428873,0.015371802108375094,0.5994393203385461,25,30,0
22,4980,0.04088006345618599,0.3443089223843257,0.015242430816021701,0.5995685833434657,25,30,0
22,4981,0.04088213258536247,0.34430892238429145,0.015242426995432119,0.5995665180349132,25,30,0
22,4982,0.04111254980012504,0.3443089223843814,0.015242633319041965,0.5993358944964507,25,30,0
22,4983,0.041572546317836814,0.3438800031051465,0.015211555364358632,0.5993358952126568,25,30,0
22,4984,0.04152902472566319,0.35902075087783886,0.00011432936762129144,0.5993358950288753,25,30,0
22,4985,0.041528096824833154,0.35902168416063296,0.00011432398327306243,0.5993358950312594,25,30,0
22,4986,0.041527130205440556,0.35902168416054453,0.00011427861662932625,0.5993369070173842,25,30,0
22,4987,0.04152709736869526,0.35902158419228514,0.00011441142864624922,0.599336907010372,25,30,0
22,4988,0.041455369171216366,0.3590846806909295,0.00012304356313521894,0.5993369065747172,25,30,0
22,4989,0.041462308352628104,0.35864182105789266,0.0005589640102701332,0.5993369065792075,25,30,0
22,4990,0.04147335787588337,0.3586622251852491,0.0005275103499812299,0.5993369065888846,25,30,0
22,4991,0.041473217182897947,0.3586622251852482,0.000527507346382632,0.5993370502854697,25,30,0
22,4992,0.04147015232571964,0.3586622251852213,0.0005276217332764754,0.5993400007557812,25,30,0
22,4993,0.041468180012262816,0.358662225185283,0.0005277661829696065,0.5993418286194833,25,30,0
22,4994,0.04100125624704279,0.35912934857116463,0.00052756728332665,0.5993418278984648,25,30,0
22,4995,0.041001187735104014,0.35913989382059347,0.0005170905507358195,0.5993418278935656,25,30,0
22,4996,0.04100129281612767,0.35913989382061096,0.0005170903413383905,0.5993417230219218,25,30,0
22,4997,0.041001345438797895,0.3591398938206107,0.0005170888992298721,0.5993416718413603,25,30,0
22,4998,0.041001293790762075,0.3591398938206196,0.0005171173076318313,0.5993416950809853,25,30,0
22,4999,0.04099929526985723,0.359139893820646,0.000517119199433125,0.5993436917100624,25,30,0
22,5000,0.040765827991308796,0.35913989382055617,0.0005169121983109306,0.599577365989823,25,30,0
22,5001,0.04078080632219707,0.35913989382066336,0.0005169793436701348,0.5995623205134684,25,30,0
22,5002,0.041017222754739346,0.3591398938233312,0.0005172029506649686,0.5993256804712633,25,30,0
22,5003,0.04102835401102818,0.35913989382342093,0.0005170969181859432,0.5993146552473637,25,30,0
22,5004,0.04102835614114495,0.35913989382342115,0.0005170949287131065,0.5993146551067199,25,30,0
22,5005,0.04101106475427296,0.3591398972202092,0.0005343815499739816,0.5993146564755429,25,30,0
22,5006,0.04100718091926204,0.34414764534567516,0.01553051725722717,0.5993146564778342,25,30,0
22,5007,0.04100422520409941,0.34088896010343395,0.01879215821928182,0.5993146564731835,25,30,0
22,5008,0.04076786139973466,0.34088896010077463,0.01879193476628129,0.599551243733208,25,30,0
22,5009,0.04076777708967236,0.3595824923656116,9.848681389779067e-05,0.5995512437308173,25,30,0
22,5010,0.040765693476434356,0.35958249236563766,9.860501273352015e-05,0.5995532091451935,25,30,0
22,5011,0.04088509992694575,0.3595824923678159,9.88620700430313e-05,0.5994335456351945,25,30,0
22,5012,0.04089202354655157,0.35954449610833655,0.0001299347050167974,0.5994335456400942,25,30,0
22,5013,0.04089202446056874,0.359536601931335,0.00013782796548017653,0.5994335456426152,25,30,0
22,5014,0.040894095399780415,0.35953399111807494,0.0001383678442426186,0.5994335456379011,25,30,0
22,5015,0.040891083285526764,0.3595339911180568,0.00013836709247431678,0.5994365585039411,25,30,0
22,5016,0.04089104450585337,0.359534578045616,0.00013781893978793674,0.5994365585087416,25,30,0
22,5017,0.04088092418405826,0.3595222354597157,0.00016028184020243821,0.5994365585160226,25,30,0
22,5018,0.04075848640395809,0.35952223545756445,0.0001600242736469919,0.5995592538648293,25,30,0
22,5019,0.04075850176569042,0.35954461492105033,0.00013762944125376904,0.5995592538720038,25,30,0
22,5020,0.040758517793346244,0.3595446149210598,0.011192431462177221,0.5885044358234148,25,30,0
22,5021,0.04052224218403124,0.35978067369883454,0.01119264859220388,0.588504435524929,25,30,0
22,5022,0.040522155746982653,0.3597806736988071,0.011192647106765777,0.5885045234474431,25,30,0
22,5023,0.040288586249452696,0.3597806736987072,0.011194165238584495,0.5887365748132541,25,30,0
22,5024,0.04029266083143798,0.3597806736987271,0.00013938046329137817,0.5997872850065423,25,30,0
22,5025,0.04028971533276345,0.3597919053380905,0.0001310943228260994,0.5997872850063185,25,30,0
22,5026,0.04028471769987276,0.3598283530941703,9.964419497453409e-05,0.5997872850109808,25,30,0
22,5027,0.04028482107108176,0.35982769544801463,0.00010019847000665343,0.5997872850108955,25,30,0
22,5028,0.04028482133541645,0.3598276930918944,0.00010020056413131364,0.5997872850085565,25,30,0
22,5029,0.04028998347021739,0.35982769309246765,0.0001002433974426774,0.5997820800398712,25,30,0
22,5030,0.040287818611932175,0.35982769309187745,0.00010020028428826237,0.5997842880119011,25,30,0
22,5031,0.04029002594540736,0.3598276930918349,0.00010008235068002905,0.5997821986120769,25,30,0
22,5032,0.04029096974811254,0.3598276930918622,9.846198205879947e-05,0.5997828751779656,25,30,0
22,5033,0.0402938610270811,0.35982424869746743,9.90150927250084e-05,0.5997828751827257,25,30,0
22,5034,0.04030093791019189,0.35938166198725713,0.0005345249125820061,0.5997828751899682,25,30,0
22,5035,0.04029800940978789,0.3593816619872743,0.0005345636290856954,0.5997857649738516,25,30,0
22,5036,0.0403317475548129,0.3593816583824415,0.0005008452256770926,0.599785748837068,25,30,0
22,5037,0.04032866241227285,0.3593816583824417,0.0005008482883938673,0.5997888309168912,25,30,0
22,5038,0.04032579025699446,0.3593816583824512,0.0005008207329643678,0.5997917306275897,25,30,0
22,5039,0.04032579065816547,0.35938127078072846,0.0005012079309630927,0.5997917306301426,25,30,0
22,5040,0.04031471453173836,0.3593812707806481,0.0005011982797089987,0.5998028164079038,25,30,0
22,5041,0.04031677695703641,0.35940167333139206,0.0004787333085194289,0.5998028164030513,25,30,0
22,5042,0.040316684645508104,0.3594016733314001,0.00047859398267494665,0.5998030480404158,25,30,0
22,5043,0.040316735990201046,0.35940162935961906,0.0004785866169440482,0.5998030480332347,25,30,0
22,5044,0.04032500704100449,0.3594243533122848,0.00044759160097959097,0.5998030480457309,25,30,0
22,5045,0.04032183475475487,0.35942435331228423,0.0004475910582843743,0.5998062208746764,25,30,0
22,5046,0.04031465386374187,0.3598675983297482,1.1526939201291667e-05,0.5998062208673083,25,30,0
22,5047,0.040316775471534984,0.3598675983297129,1.1552387556672024e-05,0.5998040738111948,25,30,0
22,5048,0.040326757048758814,0.3598675983297306,1.1556068605538838e-05,0.5997940885529046,25,30,0
22,5049,0.04031445527541965,0.3598803641971864,1.1091987078221967e-05,0.5997940885403152,25,30,0
22,5050,0.040312317145748615,0.35988036419722974,1.1065641018812478e-05,0.5997962530160023,25,30,0
22,5051,0.040779165095960156,0.35988036419940606,1.1418718880505327e-05,0.5993290519857528,25,30,0
22,5052,0.040781118789982466,0.35988036419936603,1.2071827636298564e-05,0.5993264451830147,25,30,0
22,5053,0.040779191773261954,0.35988268378691474,1.1679268880493772e-05,0.5993264451709421,25,30,0
22,5054,0.04078128384873461,0.3598826837869076,1.174401287987158e-05,0.5993242883514773,25,30,0
22,5055,0.0407812286966524,0.35988268378690763,1.1743959922196209e-05,0.5993243435565173,25,30,0
22,5056,0.040784223199699036,0.3598796869040059,1.1746339779112561e-05,0.5993243435565154,25,30,0
22,5057,0.04079516610312464,0.35986895521638573,1.1534981232656605e-05,0.5993243436992564,25,30,0
22,5058,0.04080201426248383,0.3598689552163829,1.1417961950033095e-05,0.5993176125591821,25,30,0
22,5059,0.04080194688753276,0.3598686328494155,1.1807701487375002e-05,0.5993176125615628,25,30,0
22,5060,0.04080193870159898,0.3598686328494057,1.174267864236003e-05,0.5993176857703514,25,30,0
22,5061,0.0408019569238472,0.3598686328494136,1.1741265192589834e-05,0.5993176689615448,25,30,0
22,5062,0.04080194059731926,0.3586303608736053,0.001250029569986292,0.5993176689590876,25,30,0
22,5063,0.040804939128228496,0.358630360874238,0.001250124837422606,0.5993145751601092,25,30,0
22,5064,0.04080194196905252,0.3586231737118404,0.0012603091636740468,0.5993145751554313,25,30,0
22,5065,0.04034201163774717,0.35862317370972485,0.0012599609704467194,0.5997748536820794,25,30,0
22,5066,0.04033099691275785,0.3586029126043204,0.0012912369485632569,0.5997748535343566,25,30,0
22,5067,0.0403379560687072,0.35860291260436467,0.0012913544137504072,0.5997677769131758,25,30,0
22,5068,0.04034190650177088,0.3586029126043978,0.0012890783665773825,0.599766102527252,25,30,0
22,5069,0.04034194320289596,0.3586029126044065,0.0012890779693081065,0.5997660662233877,25,30,0
22,5070,0.04033500196377517,0.35860291260437144,0.0012889591768459815,0.5997731262550058,25,30,0
22,5071,0.040332040666663405,0.3586053158008976,0.0012895172771766597,0.5997731262552608,25,30,0
22,5072,0.0403290614652465,0.3598460294624555,5.1782819341255826e-05,0.5997731262529552,25,30,0
22,5073,0.04031415341040365,0.3598460294623672,5.641903633356332e-05,0.5997833980908936,25,30,0
22,5074,0.04031418782056944,0.35984599425075237,5.6419830557450984e-05,0.5997833980981183,25,30,0
22,5075,0.04006579790622193,0.35984599437552556,0.000304793449842624,0.5997834142684075,25,30,0
22,5076,0.04006576149071765,0.35984599437551695,0.00030479688214030945,0.5997834472516227,25,30,0
22,5077,0.04006574420206031,0.35984599437550746,0.00030479756037559574,0.5997834638620543,25,30,0
22,5078,0.04006971847608529,0.3598422201032189,0.0003045975563021038,0.5997834638643912,25,30,0
22,5079,0.04006574143335608,0.3598422201031573,0.0003045926063038856,0.5997874458571805,25,30,0
22,5080,0.04005675458239135,0.35984222010313993,0.0003045918345738664,0.5997964334798929,25,30,0
22,5081,0.04005985584683127,0.3598396668191557,0.00030404385411845027,0.5997964334798926,25,30,0
22,5082,0.04006291098256203,0.3598362132466075,0.0003044422904409474,0.5997964334803876,25,30,0
22,5083,0.04006193712051489,0.35859887193718754,0.0015427574648372452,0.5997964334774584,25,30,0
22,5084,0.04006491582113887,0.358595902924272,0.001542747777171598,0.5997964334774157,25,30,0
22,5085,0.04006494700426511,0.3585959029236754,0.0015426545868326344,0.5997964954852253,25,30,0
22,5086,0.040176533042682136,0.35848415492767766,0.0015428165296179424,0.5997964955000207,25,30,0
22,5087,0.04017953012256067,0.35848415492767804,0.0016723104412602586,0.5996640045084998,25,30,0
22,5088,0.04017658884544835,0.35848699541552753,0.0016724112277809048,0.5996640045112416,25,30,0
22,5089,0.040176642039654695,0.3584869954155191,0.0016724943855207337,0.599663868159304,25,30,0
22,5090,0.040179604302277995,0.35848402835535914,0.0016724991833123011,0.5996638681590489,25,30,0
22,5091,0.040176789962415464,0.35849783419972814,0.001661507674151374,0.5996638681637033,25,30,0
22,5092,0.04017715751697546,0.35846599963478043,0.0016929746799051943,0.5996638681683373,25,30,0
22,5093,0.04024485101979617,0.35846599963796777,0.0016932118249092204,0.5995959375173254,25,30,0
22,5094,0.04024147006359679,0.3585008395107452,0.0016617529201888202,0.5995959375054678,25,30,0
22,5095,0.040241433723932823,0.3585008395107371,0.0016617559658496678,0.599595970799479,25,30,0
22,5096,0.04023936063927046,0.3597408462334548,0.00042382233701998345,0.5995959707902531,25,30,0
22,5097,0.040250259020837384,0.35972233925429814,0.00043143093258842793,0.5995959707922743,25,30,0
22,5098,0.040258208441172984,0.3597223392543516,0.0004314364001924343,0.5995880159042813,25,30,0
22,5099,0.040190445669879435,0.3597223392511558,0.00043776439349977795,0.5996494506854633,25,30,0
22,5100,0.040194387487894084,0.35972233925116354,0.0004377654217871891,0.5996455078391535,25,30,0
22,5101,0.04019531759735272,0.35848306083795206,0.00167611372081137,0.5996455078438823,25,30,0
22,5102,0.040187492355805536,0.35848306083787307,0.0016762223475194737,0.5996532244588003,25,30,0
22,5103,0.0401835153538109,0.35848306083783804,0.0016762198215291512,0.5996572039868205,25,30,0
22,5104,0.04018453161480136,0.35848306083789266,0.0016762222256785774,0.5996561853216261,25,30,0
22,5105,0.04017854107918173,0.35848306083789283,0.001676222253676134,0.5996621758292481,25,30,0
22,5106,0.040178544005614006,0.3584830608377767,0.0016809135291795607,0.5996574816274285,25,30,0
22,5107,0.04017646041591255,0.358483060837803,0.0016809153699526825,0.5996595633763305,25,30,0
22,5108,0.040179459815772894,0.3584725916750467,0.0016883851326775937,0.5996595633765026,25,30,0
22,5109,0.04023980809445126,0.3584726129915481,0.0016280114593339467,0.5996595674546664,25,30,0
22,5110,0.04024774853768177,0.35847261299214767,0.0016280199553296967,0.5996516185148406,25,30,0
22,5111,0.040247993978677975,0.35847261299218425,0.0016280185820952112,0.5996513744470425,25,30,0
22,5112,0.040248010457589904,0.3584726129921759,0.0016280190318446164,0.5996513575183896,25,30,0
22,5113,0.040248062651824394,0.3584727327886829,0.001627847041058818,0.5996513575184338,25,30,0
22,5114,0.04025007916214294,0.35970848953695317,0.0003900737871946707,0.5996513575137091,25,30,0
22,5115,0.04024767963348081,0.3597084681439423,0.00039249142006696637,0.5996513608025098,25,30,0
22,5116,0.04025041879175503,0.3597060651141857,0.00039215529444436834,0.5996513607996147,25,30,0
22,5117,0.04024979144015567,0.35970606511424974,0.0003922724790226415,0.5996518709665718,25,30,0
22,5118,0.04024958113807708,0.3597060651142216,0.0003922724287676593,0.5996520813189334,25,30,0
22,5119,0.04024652976214136,0.3597165812160143,0.00038480770308383733,0.5996520813187602,25,30,0
22,5120,0.04013187856864372,0.3598313947332615,0.0003846453892814736,0.5996520813088128,25,30,0
22,5121,0.04036818185606981,0.35958776799819625,0.00039196812630577614,0.5996520820194278,25,30,0
22,5122,0.04037422602501187,0.3595877679982232,0.000391969046639333,0.5996460369301251,25,30,0
22,5123,0.040607687900444105,0.3593546236959763,0.00039165146107282556,0.5996460369425063,25,30,0
22,5124,0.040609650333620934,0.35935462369605525,0.00039165449540575083,0.5996440714749176,25,30,0
22,5125,0.040609648541825694,0.35935462369605503,0.00039355673655778957,0.5996421710255609,25,30,0
22,5126,0.04037918347492658,0.35958496751035063,0.000393677999122644,0.5996421710155996,25,30,0
22,5127,0.04037925204988837,0.3595773525578209,0.0004012243741712216,0.599642171018119,25,30,0
22,5128,0.04037719009695686,0.35957735255785583,0.0004012265822223254,0.5996442307629644,25,30,0
22,5129,0.040380254907300815,0.3595742942761213,0.00040122004876833495,0.5996442307678089,25,30,0
22,5130,0.04036928703916856,0.3595742942755711,0.0004077021184371764,0.5996487165668227,25,30,0
22,5131,0.04037231702587147,0.35957429427559845,0.0004077036401535037,0.599645685058376,25,30,0
22,5132,0.04037526251599827,0.3595742942755986,0.0004077016361047665,0.5996427415722976,25,30,0
22,5133,0.0403749088595408,0.35957429427549087,0.00040758336183125944,0.5996432135031362,25,30,0
22,5134,0.040376906509574165,0.3595742942754633,0.0004075818635050599,0.5996412173514564,25,30,0
22,5135,0.04038785998041919,0.35957429427546395,0.00040450605426404265,0.5996333396898519,25,30,0
22,5136,0.04038094078700247,0.35958140706548003,0.00040431246242634986,0.5996333396850906,25,30,0
22,5137,0.040381168749505314,0.35958140706545416,0.00040435256840866163,0.5996330716166312,25,30,0
22,5138,0.04037843449855772,0.3595838649311331,0.00040462895584484184,0.5996330716144636,25,30,0
22,5139,0.04037527355055398,0.35958386493114775,0.000404615364540129,0.5996362461537573,25,30,0
22,5140,0.040378215928174165,0.35958092546659165,0.0004046124540272349,0.5996362461512057,25,30,0
22,5141,0.04037042776919087,0.3595649647771346,0.0004283613117105826,0.5996362461419628,25,30,0
22,5142,0.04013412251112813,0.3597983157349305,0.0004313163224743417,0.5996362454314654,25,30,0
22,5143,0.04013407006546706,0.3597983613439281,0.00043132315917937514,0.5996362454314237,25,30,0
22,5144,0.040136857174728854,0.359795850590889,0.00043104680316896035,0.5996362454312115,25,30,0
22,5145,0.040194880660664706,0.3597377309431576,0.000431142952646838,0.5996362454435291,25,30,0
22,5146,0.040194969984662966,0.3205574107515458,0.03961137381974566,0.5996362454440441,25,30,0
22,5147,0.04019595317287014,0.32055741075162475,0.039611378584384065,0.5996352574911196,25,30,0
22,5148,0.0401900317540279,0.3205574107516172,0.03961149537464263,0.5996410621197107,25,30,0
22,5149,0.040186843354983244,0.32055741075163424,0.03961153711299355,0.5996442087803875,25,30,0
22,5150,0.04019495537181195,0.2816630529754231,0.07849778286498374,0.5996442087877814,25,30,0
22,5151,0.04019688522636857,0.2816630529753685,0.07849766154815618,0.5996424002501068,25,30,0
22,5152,0.040199828640366225,0.28166305297536853,0.07849766206481495,0.5996394563194505,25,30,0
22,5153,0.0401447661050802,0.28171821054937085,0.0784975670383745,0.5996394563071746,25,30,0
22,5154,0.04014275098331417,0.28171821054939705,0.07849756896644552,0.5996414695008435,25,30,0
22,5155,0.04014283713457877,0.2817495889669758,0.07846610439033513,0.5996414695081104,25,30,0
22,5156,0.040132017338043,0.28065815522201876,0.0795683575094322,0.5996414699305063,25,30,0
22,5157,0.04012900395275784,0.280658155222009,0.07943886291453774,0.5997739779106958,25,30,0
22,5158,0.04013101889800163,0.28065815522193854,0.0794388572411779,0.5997719686388822,25,30,0
22,5159,0.040128836375403674,0.28008189497253,0.08001729999662692,0.5997719686554395,25,30,0
22,5160,0.040133899528021155,0.28008189497250424,0.08001733640040758,0.5997668690990671,25,30,0
22,5161,0.040131025095113945,0.2800732224137033,0.08002888338496832,0.5997668691062146,25,30,0
22,5162,0.04012831068540582,0.280073222413732,0.08002888504355242,0.5997695818573096,25,30,0
22,5163,0.04037158341527913,0.2800732224169136,0.08002917637906756,0.5995260177887394,25,30,0
22,5164,0.040363559484786704,0.2800732224168762,0.08002755057468317,0.5995356675236533,25,30,0
22,5165,0.04036270081463544,0.28007322241688654,0.08002762722526745,0.5995364495432098,25,30,0
22,5166,0.04050375836166536,0.2800732223730586,0.07988659298470656,0.5995364262805696,25,30,0
22,5167,0.04050468903360633,0.2800614266869051,0.0798974579964891,0.5995364262829992,25,30,0
22,5168,0.04050462003925361,0.28006149555027243,0.07989745813470162,0.5995364262757721,25,30,0
22,5169,0.04050761625383557,0.2800805153570573,0.07987544211324886,0.599536426275858,25,30,0
22,5170,0.040507705658619546,0.28008051535708467,0.07987047334941094,0.5995413056348843,25,30,0
22,5171,0.04026441848863942,0.28008051535389333,0.0798700988011056,0.5997849673563611,25,30,0
22,5172,0.0403151064131782,0.28008051534685974,0.07981941173444525,0.5997849665055162,25,30,0
22,5173,0.04018963132888294,0.2800805153532318,0.07994488663887021,0.5997849666790145,25,30,0
22,5174,0.04018957768698833,0.2800883024876525,0.07993715314644208,0.5997849666789167,25,30,0
22,5175,0.040189453193115426,0.28008830248766187,0.07993715289341383,0.5997850914258085,25,30,0
22,5176,0.04018248043668567,0.2800883024876272,0.07993715190741446,0.5997920651682721,25,30,0
22,5177,0.040639494549754074,0.2800883024877147,0.07994382757787737,0.5993283753846534,25,30,0
22,5178,0.04063951037326438,0.28008696481400974,0.07994514942798862,0.5993283753847367,25,30,0
22,5179,0.040641558465327146,0.278377929893629,0.08165213625856596,0.5993283753824766,25,30,0
22,5180,0.04064765041815397,0.27837270831949584,0.08165126586514919,0.5993283753971997,25,30,0
22,5181,0.04065362422619874,0.2789766392944186,0.08104136109433993,0.5993283753850411,25,30,0
22,5182,0.040200380997273424,0.27897663929432154,0.08103469949281739,0.599788280215586,25,30,0
22,5183,0.04020239250011216,0.27897663929429606,0.08103461416449077,0.5997863540410999,25,30,0
22,5184,0.040205320633604574,0.2789766392942515,0.08103453345881302,0.5997835066133299,25,30,0
22,5185,0.04020924582650168,0.2789730958969015,0.08103415165132181,0.5997835066252738,25,30,0
22,5186,0.04020628749152001,0.27897591923221027,0.08103428665583304,0.5997835066204353,25,30,0
22,5187,0.04020618331189782,0.2781704638840182,0.08183984618887294,0.5997835066152107,25,30,0
22,5188,0.040209177123143404,0.2781676156042581,0.08183970065739489,0.5997835066152033,25,30,0
22,5189,0.040208107920669256,0.2781682854156392,0.0818401000388818,0.5997835066248094,25,30,0
22,5190,0.04020799989976772,0.2781682854155976,0.08183349266438261,0.5997902220202513,25,30,0
22,5191,0.0402018393040381,0.2781745043565149,0.08183343433396036,0.599790222005486,25,30,0
22,5192,0.040199914452969034,0.2781768187364411,0.08183304481232716,0.599790221998262,25,30,0
22,5193,0.04019392441159362,0.278182808692729,0.08183304489257098,0.5997902220031057,25,30,0
22,5194,0.04019393895466586,0.2781828086927465,0.0818330457513895,0.5997902066011974,25,30,0
22,5195,0.04019595143133195,0.2781828086927021,0.08183304404376386,0.5997881958322016,25,30,0
22,5196,0.04019910466173939,0.2781796543188095,0.08183304517495182,0.5997881958444987,25,30,0
22,5197,0.04019810945148022,0.27817965431887093,0.08183305066357544,0.5997891855660726,25,30,0
22,5198,0.040198085474288534,0.27825889020554706,0.08175383918600368,0.5997891851341579,25,30,0
22,5199,0.04020207221399153,0.2782551010073673,0.08175364163981373,0.5997891851388247,25,30,0
22,5200,0.04020103087876017,0.278255101007358,0.08175362660494852,0.5997902415089306,25,30,0
22,5201,0.040198214193770815,0.27825510100736905,0.08175362647802696,0.5997930583208304,25,30,0
22,5202,0.04019521845357704,0.2782579305251946,0.0817537927004353,0.5997930583207904,25,30,0
22,5203,0.040224192265757124,0.2781786883996967,0.08180406098412518,0.5997930583504184,25,30,0
22,5204,0.040223473120384726,0.2781786884007775,0.0818040981095177,0.5997937403693175,25,30,0
22,5205,0.040226485350284745,0.2781786884007867,0.0818041008081106,0.5997907254408152,25,30,0
22,5206,0.040226501637658466,0.27817868840080473,0.08180414208903058,0.5997906678725032,25,30,0
22,5207,0.04022150692727911,0.27818368506922625,0.0818041401309459,0.5997906678725458,25,30,0
22,5208,0.04022136597070041,0.27818364554292435,0.08180432062119276,0.5997906678651794,25,30,0
22,5209,0.04022129589724708,0.27818364554291497,0.08180428114863389,0.5997907774112012,25,30,0
22,5210,0.04022122603168695,0.2781836455428883,0.0818042397654513,0.5997908886599707,25,30,0
22,5211,0.04045751777288859,0.27818364554606234,0.08180445698558621,0.5995543796954602,25,30,0
22,5212,0.04046848291029925,0.27818364554614206,0.08180446320508249,0.5995434083384734,25,30,0
22,5213,0.04046553891683124,0.27818364554614233,0.08179786088909922,0.5995529546479248,25,30,0
22,5214,0.04092160979712339,0.278183645548311,0.08179811578085865,0.5990966288737051,25,30,0
22,5215,0.04092258978235913,0.2781832152852792,0.08179756605393575,0.599096628878424,25,30,0
22,5216,0.04092570843238672,0.27818321528527973,0.08179756457328477,0.5990935117090471,25,30,0
22,5217,0.04068647026211795,0.2781832152821056,0.08179734780465689,0.5993329666511179,25,30,0
22,5218,0.040683526914667104,0.27818321528210566,0.08179734924399279,0.599335908559233,25,30,0
22,5219,0.040681333781221775,0.2781832152810425,0.08179742930793717,0.5993380216297971,25,30,0
22,5220,0.04068134887959494,0.27818321528105266,0.0818021305826312,0.5993333052567198,25,30,0
22,5221,0.040681347979835795,0.2781832163846648,0.08180213037393282,0.5993333052615649,25,30,0
22,5222,0.04068539356438751,0.27818321194352197,0.08179808921555204,0.599333305276538,25,30,0
22,5223,0.04068537722121128,0.2781832119435117,0.08179338649782418,0.5993380243374523,25,30,0
22,5224,0.04068637568564396,0.27818221684941535,0.08179338312255892,0.5993380243423813,25,30,0
22,5225,0.040227446249866426,0.27818221684727396,0.08179312973959102,0.599797207163268,25,30,0
22,5226,0.04023244030169945,0.2781772193583152,0.08179313318164669,0.5997972071583382,25,30,0
22,5227,0.040226467276191044,0.2781772193583335,0.08179313478692764,0.5998031785785474,25,30,0
22,5228,0.04022646761580031,0.27817721935833406,0.08179313481061032,0.5998031782152549,25,30,0
22,5229,0.040226305540374804,0.27817721935831496,0.08179313334391576,0.599803341757394,25,30,0
22,5230,0.0402243577267821,0.2781772193582531,0.0817931256835932,0.5998052972313708,25,30,0
22,5231,0.04022227340013793,0.27817721935827006,0.08179540528184241,0.5998051019597489,25,30,0
22,5232,0.04021927743291513,0.2781772193582545,0.0817954080099162,0.5998080951989134,25,30,0
22,5233,0.04022619995072055,0.27817721935828066,0.08179541234427068,0.5998011683467275,25,30,0
22,5234,0.040228198396388457,0.27817721935822737,0.08179540775867514,0.5997991744867084,25,30,0
22,5235,0.04022523784906402,0.2798902226497092,0.08008536500232685,0.5997991744988991,25,30,0
22,5236,0.04022225691093958,0.27989022264970087,0.08008536400595706,0.5998021564334016,25,30,0
22,5237,0.040222255641701905,0.27989022264970026,0.08008536398637622,0.5998021577222208,25,30,0
22,5238,0.04022223963332243,0.2798902226497,0.08008536343271054,0.5998021742842662,25,30,0
22,5239,0.040214392395389306,0.27989022264962055,0.08008538667040684,0.5998099982845821,25,30,0
22,5240,0.04021750015524686,0.27989022264964164,0.08008766694757904,0.5998046102475316,25,30,0
22,5241,0.040217358418111145,0.27989022264960534,0.08008602982386182,0.5998063891084209,25,30,0
22,5242,0.040217433533008246,0.27989022264961505,0.08008603184217505,0.599806311975201,25,30,0
22,5243,0.04127372722391124,0.27989050216143013,0.07902810518392477,0.5998076654307348,25,30,0
22,5244,0.04162751387340671,0.2798905065756896,0.07867431300413412,0.5998076665467713,25,30,0
22,5245,0.04163061514770106,0.2798905065757084,0.07867431490297844,0.5998045633736138,25,30,0
22,5246,0.04162461995228636,0.2798905065757085,0.07867431345319803,0.5998105600188087,25,30,0
22,5247,0.041620711696231785,0.2798944243021236,0.07867430398747438,0.599810560014172,25,30,0
22,5248,0.04162071120676757,0.2798944243021235,0.07867427500838406,0.5998105894827265,25,30,0
22,5249,0.0416276827325257,0.2798944243021671,0.07867427810954992,0.5998036148557585,25,30,0
22,5250,0.0416306630187332,0.2798944243021761,0.0786742777661717,0.5998006349129201,25,30,0
22,5251,0.04163052633493987,0.27989442430215744,0.07867427642715982,0.5998007729357439,25,30,0
22,5252,0.0416335000933649,0.2798944243021477,0.07867427436430842,0.5997978012401801,25,30,0
22,5253,0.04163257275620097,0.2798944243021222,0.07867202059387333,0.5998009823478043,25,30,0
22,5254,0.04163253842672608,0.27989442430218503,0.07867367524988247,0.5997993620212072,25,30,0
22,5255,0.039186107782664716,0.27989445642025507,0.08112006799548686,0.5997993678015899,25,30,0
22,5256,0.039189065032497354,0.2798944564202641,0.08112007062134621,0.599796407925889,25,30,0
22,5257,0.039195984607938855,0.279894456420308,0.08112007426473386,0.5997894847070155,25,30,0
22,5258,0.010153970072174152,0.27989443337841347,0.11016198887600379,0.5997896076734051,25,30,0
22,5259,0.010225685528236168,0.2798944333815986,0.11016222583214132,0.5997176552580207,25,30,0
22,5260,0.010225632665296622,0.27989443338161624,0.11016222613070628,0.5997177078223777,25,30,0
22,5261,0.010232621331459784,0.2798944333816603,0.11016220133166554,0.5997107439552108,25,30,0
22,5262,0.010239541215376138,0.2798944333816952,0.1101669060647549,0.5996991193381705,25,30,0
22,5263,0.010239592969427376,0.27989402014469206,0.11016726755497758,0.5996991193309001,25,30,0
22,5264,0.010295528705375291,0.27983852966182915,0.11016682228715972,0.5996991193456329,25,30,0
22,5265,0.010301519978327098,0.2798325261870826,0.11016683447925989,0.5996991193553273,25,30,0
22,5266,0.010301503655486694,0.2798325312770648,0.11016684571692055,0.5996991193505248,25,30,0
22,5267,0.010373568936249642,0.2798325312507501,0.11009478072042268,0.5996991190925758,25,30,0
22,5268,0.010369607487147173,0.27811865197343866,0.11181262146605377,0.5996991190733594,25,30,0
22,5269,0.01036945821315127,0.27811865197343566,0.11181034250805794,0.5997015473053545,25,30,0
22,5270,0.010362428498912326,0.2781258749835033,0.11181014921680837,0.5997015473007751,25,30,0
22,5271,0.010361519588100577,0.27812587498354835,0.11181015154445564,0.5997024538838943,25,30,0
22,5272,0.010359487472324083,0.2781258749835652,0.11181015174196599,0.5997044858021436,25,30,0
22,5273,0.010356549507661067,0.2781282723935696,0.11181069229436277,0.5997044858044054,25,30,0
22,5274,0.010358565624656868,0.2781282723935441,0.11181068993758929,0.5997024720442085,25,30,0
22,5275,0.010358670943115062,0.27984601378380414,0.11009284322883078,0.5997024720442483,25,30,0
22,5276,0.010355711772821394,0.2798460137837953,0.11009287050031173,0.5997054039430698,25,30,0
22,5277,0.010351752268581212,0.2798460137837698,0.11008816498004105,0.5997140689676062,25,30,0
22,5278,0.01035862068266783,0.2798469517110455,0.1100803586510379,0.5997140689552468,25,30,0
22,5279,0.010000262648223063,0.27984695282008687,0.1104387002829227,0.5997140842487658,25,30,0
22,5280,0.0100041876728548,0.2798469528201043,0.11043870253776746,0.599710156969272,25,30,0
22,5281,0.012744063664422028,0.280032831766629,0.10751223645183852,0.5997108681171103,25,30,0
22,5282,0.012740998866567266,0.2800357608435511,0.10751237217285194,0.5997108681170294,25,30,0
22,5283,0.012666495954690877,0.28003575542580184,0.10758689666902325,0.599710851950484,25,30,0
22,5284,0.012663532856479375,0.28003575542574755,0.10758524215349327,0.59971546956428,25,30,0
22,5285,0.01266353060557177,0.28003575542566966,0.10758523900981405,0.5997154749589447,25,30,0
22,5286,0.012663704433543331,0.2547463602037783,0.13287446039389064,0.5997154749687842,25,30,0
22,5287,0.012666875515768807,0.2547607857572867,0.13285686374840364,0.5997154749785374,25,30,0
22,5288,0.012669888614567042,0.25476078575729627,0.1328634683035022,0.5997058573246309,25,30,0
22,5289,0.012669871714820004,0.2547607857572783,0.13286508975695938,0.5997042527709391,25,30,0
22,5290,0.012672797687273075,0.2547607857572844,0.13286508908618516,0.599701327469254,25,30,0
22,5291,0.011591588960046625,0.25478027199106157,0.13383381684622034,0.5997943222026677,25,30,0
22,5292,0.011587613960753558,0.2547802719910181,0.13383381319496362,0.5997983008532615,25,30,0
22,5293,0.011590638335194697,0.254777242355301,0.13383381845623987,0.5997983008532615,25,30,0
22,5294,0.011590690939638569,0.25477693228294646,0.1338340759218126,0.5997983008555995,25,30,0
22,5295,0.011587659553638859,0.254776932282946,0.13383407381581636,0.5998013343475962,25,30,0
22,5296,0.0115847851744503,0.25477693228295556,0.1338340745059368,0.5998042080366548,25,30,0
22,5297,0.014322912578371025,0.2547571723734288,0.1312100275636751,0.5997098874845226,25,30,0
22,5298,0.014322911989645725,0.25475755022395047,0.13120965030187803,0.5997098874845231,25,30,0
22,5299,0.01431986375130456,0.25475755022393265,0.13120304671144223,0.5997195393133181,25,30,0
22,5300,0.014323840444939187,0.25475755022396734,0.1312030492095725,0.5997155601215186,25,30,0
22,5301,0.014572363678493875,0.2547573129701685,0.13095476281548635,0.5997155605358493,25,30,0
22,5302,0.014570314306480585,0.2547484950641795,0.13096563008898207,0.5997155605403557,25,30,0
22,5303,0.014571279277012185,0.25474849506422337,0.13096563214792287,0.5997145935108396,25,30,0
22,5304,0.014601012165774892,0.254718744147549,0.1309656501457188,0.5997145935409551,25,30,0
22,5305,0.014598032494319305,0.2547187441475408,0.13096565055811935,0.5997175728000188,25,30,0
22,5306,0.014608875047317949,0.2547187441476023,0.1309656574006171,0.599706723404461,25,30,0
22,5307,0.014605984563199746,0.25471874414761086,0.1309656580563033,0.5997096132328842,25,30,0
22,5308,0.014608928868952407,0.2547187441476106,0.13096562956731053,0.5997066974161246,25,30,0
22,5309,0.01460899842409329,0.2547187441476545,0.1309656337639245,0.5997066236643258,25,30,0
22,5310,0.014609103788728161,0.2547187441476279,0.13096563385754856,0.5997065182060934,25,30,0
22,5311,0.014607180178385302,0.2547206704599474,0.13096563116751636,0.5997065181941494,25,30,0
22,5312,0.014551122522606428,0.2547768287486188,0.13096553054706056,0.5997065181817127,25,30,0
22,5313,0.014540277517579145,0.25477682874857566,0.13096552591179583,0.5997173678220483,25,30,0
22,5314,0.014546395657772833,0.25478136691958436,0.1309548696001662,0.5997173678224754,25,30,0
22,5315,0.014544399582914863,0.2547833592527031,0.13095487333455172,0.5997173678298291,25,30,0
22,5316,0.014556407537496369,0.2547833592528725,0.13095338011027066,0.5997068530993592,25,30,0
22,5317,0.014556339857359617,0.2547833592528557,0.13095337955902792,0.5997069213307554,25,30,0
22,5318,0.014544279971667661,0.254783359252695,0.13095325062224783,0.5997191101533881,25,30,0
22,5319,0.014546310806726302,0.2547833592526695,0.13095324836665068,0.5997170815739522,25,30,0
22,5320,0.014546241517544871,0.254783359252651,0.13095324702860872,0.5997171522011941,25,30,0
22,5321,0.014549182669817005,0.2547833592526499,0.1309532482936328,0.5997142097838991,25,30,0
22,5322,0.014547167954762987,0.25478335925268525,0.13095325130962285,0.5997162214829276,25,30,0
22,5323,0.01454722251304117,0.2547833592526767,0.13095552950183462,0.5997138887324465,25,30,0
22,5324,0.011807893416333428,0.25478335341658576,0.1336948912259121,0.5997138619411678,25,30,0
22,5325,0.011807893382737331,0.25478335341657654,0.13369647725741607,0.5997122759432689,25,30,0
22,5326,0.01180883374663486,0.22896716566730976,0.15951172463552635,0.5997122759505304,25,30,0
22,5327,0.011811774041789878,0.22896422222976856,0.15951172777561834,0.5997122759528246,25,30,0
22,5328,0.011782047349587058,0.22899358965546246,0.15951208707202302,0.5997122759229281,25,30,0
22,5329,0.011778999155513453,0.22899358965546276,0.15951450931087033,0.5997129018781541,25,30,0
22,5330,0.011774006289553355,0.22899358965548985,0.15951451274461456,0.5997178913103429,25,30,0
22,5331,0.011771025330584599,0.22899358965548125,0.15951451315568826,0.5997208718582464,25,30,0
22,5332,0.011764054707855527,0.2283906491131779,0.16012442432790358,0.5997208718510645,25,30,0
22,5333,0.011766981925578129,0.22839064911315116,0.1601244228564986,0.5997179461047734,25,30,0
22,5334,0.01169833495608009,0.22839064911005355,0.16012418978197876,0.5997868261518879,25,30,0
22,5335,0.011700524791774693,0.25420425129836494,0.13430839776741105,0.5997868261424494,25,30,0
22,5336,0.011697285265420935,0.26074648592966676,0.12776940266995226,0.5997868261349592,25,30,0
22,5337,0.011697339055716682,0.26074648592965805,0.1277694005154256,0.5997867744991986,25,30,0
22,5338,0.011694271831401313,0.2607464859296665,0.12777167800089467,0.5997875642380367,25,30,0
22,5339,0.011695250638730083,0.2613239541120326,0.12719323100660884,0.5997875642426276,25,30,0
22,5340,0.011692202056821017,0.26132395411203274,0.1271932337694329,0.5997906100617125,25,30,0
22,5341,0.011443540702745949,0.26130977025076496,0.12745607940392698,0.5997906096425596,25,30,0
22,5342,0.011510151559643373,0.26124284354660127,0.12745639480626825,0.5997906100874844,25,30,0
22,5343,0.011513060204563927,0.26124284354658284,0.1274562796009143,0.5997878166479363,25,30,0
22,5344,0.011747426445018593,0.2612428497477149,0.12722190746662607,0.5997878163406377,25,30,0
22,5345,0.011926336991666033,0.2612428497499248,0.1272222368496701,0.5996085764087364,25,30,0
22,5346,0.011929348791559774,0.26124284974994244,0.1272222348490741,0.5996055666094207,25,30,0
22,5347,0.011932286070650668,0.26121788337323704,0.12724426393457403,0.5996055666215351,25,30,0
22,5348,0.011924316074206465,0.2612178833731667,0.12724425847498277,0.5996135420776411,25,30,0
22,5349,0.011936210554697353,0.26121788337316665,0.12724432165682134,0.5996015844153116,25,30,0
22,5350,0.011934145385145124,0.2612178833732283,0.1272443275538834,0.5996036436877402,25,30,0
22,5351,0.011017526291116395,0.2610319953479737,0.1283476743127556,0.5996028040481505,25,30,0
22,5352,0.011017670656197388,0.2610316175539344,0.12834790773408847,0.5996028040557758,25,30,0
22,5353,0.011015744689046404,0.2610316175538732,0.1283480172453408,0.599604620511736,25,30,0
22,5354,0.011000834520777568,0.2610316175538015,0.1283479495906513,0.599619598334766,25,30,0
22,5355,0.011000816286162486,0.27978186148695455,0.10959772389429359,0.5996195983325859,25,30,0
22,5356,0.011004722280005036,0.2797821100141176,0.10959356937354282,0.5996195983323317,25,30,0
22,5357,0.01101071015767746,0.2797821100140996,0.10959360656945266,0.5996135732587673,25,30,0
22,5358,0.011014884467427799,0.2797779384358094,0.10959360383524228,0.5996135732615184,25,30,0
22,5359,0.011018913958635933,0.279777938435844,0.10959360675430233,0.5996095408512155,25,30,0
22,5360,0.010943459736708811,0.28015689268680777,0.10929009752679496,0.5996095500496844,25,30,0
22,5361,0.010943513411886293,0.28015689268680843,0.10929009901557332,0.5996094948857283,25,30,0
22,5362,0.010943487448526022,0.28014629705474914,0.10930072062087642,0.5996094948758446,25,30,0
22,5363,0.01094063450410063,0.2801462970850294,0.10943021157922121,0.5994828568316452,25,30,0
22,5364,0.010781949905244264,0.2797676963945194,0.10996750662756619,0.5994828470726666,25,30,0
22,5365,0.011017761586453923,0.27976744776234297,0.1097319431168731,0.5994828475343272,25,30,0
22,5366,0.011017815333976893,0.27976744776233375,0.1097319408962608,0.5994827960074258,25,30,0
22,5367,0.011019831293750601,0.2797968956892083,0.10970047701433015,0.5994827960027084,25,30,0
22,5368,0.011022862641266387,0.27979689568920785,0.10970047857104401,0.5994797630984793,25,30,0
22,5369,0.010781077034908177,0.2797968913564016,0.109942268976544,0.5994797626321422,25,30,0
22,5370,0.010778081749092283,0.2797968913564115,0.10994226755320331,0.599482759341289,25,30,0
22,5371,0.010778047295879922,0.2797968913563756,0.1099422628847584,0.5994827984629826,25,30,0
22,5372,0.010771128403665162,0.27979689135634084,0.10994221997718086,0.5994897602628096,25,30,0
22,5373,0.01077312317873347,0.27979689135642954,0.10993752490101368,0.5994924605638201,25,30,0
22,5374,0.010769163140903995,0.2797968913564129,0.1099359385750959,0.599498006927584,25,30,0
22,5375,0.010766290875297546,0.2797968913564227,0.10993593722836252,0.5995008805399146,25,30,0
22,5376,0.010772282650640232,0.27979689135642277,0.10993593722977581,0.5994948887631596,25,30,0
22,5377,0.010769220561758122,0.279810808623291,0.10992508204957105,0.5994948887653777,25,30,0
22,5378,0.01076928956444365,0.2798108086232989,0.10992508363079495,0.5994948181814603,25,30,0
22,5379,0.010702485178250865,0.279877927299476,0.10992476978590521,0.5994948177363656,25,30,0
22,5380,0.010710437683983496,0.2798779272995462,0.10992488960797898,0.599486745408489,25,30,0
22,5381,0.010710438968298899,0.2798779272995285,0.10992489034584862,0.5994867433863217,25,30,0
22,5382,0.010718556189476418,0.2798779273001004,0.10992482067519287,0.5994786958352277,25,30,0
22,5383,0.010788563166765327,0.2798779273032632,0.10992275618381615,0.599410753346153,25,30,0
22,5384,0.010789512459811195,0.27987698169859515,0.1099227524836291,0.5994107533579625,25,30,0
22,5385,0.010722589901212422,0.2798769816954516,0.10992253995879678,0.5994778884445371,25,30,0
22,5386,0.010711658551238649,0.2798769816953643,0.10992469834259615,0.5994866614107986,25,30,0
22,5387,0.011067641890442032,0.27989626647010846,0.10954942935982476,0.5994866622796242,25,30,0
22,5388,0.011068606496703621,0.27989626647016075,0.10954715213222062,0.5994879749009145,25,30,0
22,5389,0.01106853576224679,0.279896266472336,0.10954727722529922,0.5994879205401171,25,30,0
22,5390,0.0110745182399636,0.27989626647231747,0.10954728089458816,0.5994819343931299,25,30,0
22,5391,0.010898675645702082,0.2798962664700993,0.10954695294224853,0.5996581049419489,25,30,0
22,5392,0.010898747339140617,0.27989606683943125,0.10954708088177233,0.5996581049396547,25,30,0
22,5393,0.010898879433978435,0.2798644755824101,0.10957854004389826,0.5996581049397121,25,30,0
22,5394,0.010895759118102963,0.27986447558240984,0.1095832404822783,0.5996565248172078,25,30,0
22,5395,0.01089875560052354,0.27986447558239247,0.10958324074942052,0.5996535280676621,25,30,0
22,5396,0.010901907799254191,0.27986447558344557,0.10958324397740603,0.5996503726398931,25,30,0
22,5397,0.016869777936217134,0.2798644755810856,0.1036153740796033,0.5996503724030933,25,30,0
22,5398,0.016867779510745782,0.27986591702098873,0.10361593105292799,0.599650372415337,25,30,0
22,5399,0.016867849016707195,0.2798659170188129,0.10361580450629121,0.599650429458188,25,30,0
22,5400,0.01686877897887957,0.2798659170199804,0.10361820655252563,0.599647097448614,25,30,0
22,5401,0.016867814906958007,0.27986688797955955,0.1036181996769854,0.5996470974364967,25,30,0
22,5402,0.016879658087480928,0.27986688797967507,0.10362480837456593,0.5996286455582776,25,30,0
22,5403,0.016877836306916215,0.27986688798064957,0.10361825563220219,0.5996370200802316,25,30,0
22,5404,0.016875944018541384,0.2798668879806061,0.10361825157870222,0.5996389164221494,25,30,0
22,5405,0.016887028273840324,0.27986688798172915,0.10361360698045047,0.599632476763979,25,30,0
22,5406,0.016881063317925497,0.2798668879817571,0.10361360544704565,0.5996384432532708,25,30,0
22,5407,0.01687804906964898,0.27986688798175596,0.10361360487247963,0.5996414580761144,25,30,0
22,5408,0.016881893721774132,0.2798944995125618,0.10358214868480277,0.5996414580808603,25,30,0
22,5409,0.0168818593014179,0.2798945282991497,0.10358215431865815,0.5996414580807731,25,30,0
22,5410,0.016881858864337823,0.2799168030001535,0.10355988006940875,0.599641458066099,25,30,0
22,5411,0.01687794869703622,0.2799168029990038,0.10355747885852715,0.5996477694454319,25,30,0
22,5412,0.016880052990826736,0.27991680299894134,0.10355747643926497,0.5996456675709659,25,30,0
22,5413,0.016877932082333888,0.2799168029990032,0.10355909928540032,0.5996461656332616,25,30,0
22,5414,0.01688082347724376,0.27991680299896643,0.10355909858928132,0.5996432749345074,25,30,0
22,5415,0.01688283621190505,0.27991680299892274,0.10355747302016922,0.5996428877690019,25,30,0
22,5416,0.016885964646297304,0.27991680300151917,0.10355910005006835,0.599638132302114,25,30,0
22,5417,0.0168827757978756,0.27991680300045735,0.10355909715608613,0.5996413240455799,25,30,0
22,5418,0.016885772822353307,0.2799168030004312,0.10355909624785488,0.5996383279293596,25,30,0
22,5419,0.016892622919377962,0.2799168030004579,0.10356071857453403,0.5996298555056293,25,30,0
22,5420,0.016892832934027456,0.27991680300048577,0.10356072068380844,0.5996296433816775,25,30,0
22,5421,0.01688878514375825,0.2799168030004598,0.10356071836216371,0.5996336934936174,25,30,0
22,5422,0.01705797240827569,0.279716197970971,0.10359213610762145,0.599633693513131,25,30,0
22,5423,0.01706084517256741,0.27971619797096164,0.103592176398619,0.5996307804578511,25,30,0
22,5424,0.017056872028180774,0.27968871744866514,0.10362363006762902,0.5996307804555243,25,30,0
22,5425,0.017056872027800256,0.27968871744866514,0.1036236300586285,0.5996307804649053,25,30,0
22,5426,0.017056994371017375,0.2796887174486568,0.10362362841431728,0.5996306597660078,25,30,0
22,5427,0.017056994773243732,0.2796887174486565,0.10362362887011488,0.5996306589079841,25,30,0
22,5428,0.017057047993141533,0.2796887174486745,0.10362374578583931,0.5996304887723438,25,30,0
22,5429,0.0170600980383962,0.2796887174486568,0.10362844761215317,0.599622736900793,25,30,0
22,5430,0.01706108063534899,0.2796568242561467,0.10365935819566716,0.5996227369128366,25,30,0
22,5431,0.017063148148786254,0.2796858333715459,0.10362828157891232,0.599622736900755,25,30,0
22,5432,0.016891946077585308,0.27988858874878764,0.1035967282876239,0.5996227368860025,25,30,0
22,5433,0.01688888152944568,0.2798885887487698,0.10359672746812126,0.5996258022536627,25,30,0
22,5434,0.016888812043945954,0.27988860544011107,0.10359678026228272,0.5996258022536599,25,30,0
22,5435,0.016883671909549827,0.279861725048356,0.10362880080066611,0.5996258022414276,25,30,0
22,5436,0.016882474747691962,0.27986172504780954,0.10362875736939343,0.5996270428351047,25,30,0
22,5437,0.016882354315665947,0.2798617250478178,0.10362875700195234,0.5996271636345635,25,30,0
22,5438,0.016878428898589714,0.2798617250478198,0.10362875969233096,0.5996310863612591,25,30,0
22,5439,0.01687843053482538,0.2798617250478204,0.10362871875004734,0.5996311256673066,25,30,0
22,5440,0.016867398177300017,0.27986172504670603,0.10362874397842897,0.5996421327975646,25,30,0
22,5441,0.016874202473328968,0.27986172504671064,0.10362887355359307,0.5996351989263671,25,30,0
22,5442,0.01687108626242893,0.27986172504672896,0.1036241725864423,0.5996430161043995,25,30,0
22,5443,0.017104435676425705,0.2798617250503897,0.10362438360815691,0.5994094556650273,25,30,0
22,5444,0.0009486753274056417,0.2798617250540861,0.11978006263283734,0.5994095369856719,25,30,0
22,5445,0.0009496191582225568,0.2798500980211822,0.1197907458301641,0.5994095369904321,25,30,0
22,5446,0.0009505976402180617,0.2798500980212072,0.11979074930820482,0.5994085550303708,25,30,0
22,5447,0.0006332747120300552,0.2798394279303808,0.12011874300101726,0.5994085543565728,25,30,0
22,5448,0.0006324057904616818,0.27983970334274333,0.1201193365004888,0.5994085543663047,25,30,0
22,5449,0.0006353284088306775,0.2798397033124638,0.11998984610550865,0.5995351221731955,25,30,0
22,5450,0.0006344020817750755,0.27984043374157963,0.11999004200586659,0.5995351221707774,25,30,0
22,5451,0.000701268059166542,0.2798404337437784,0.11999022996554806,0.599468068231506,25,30,0
22,5452,0.0006982041204006461,0.27984043374378764,0.11999022913130837,0.5994711330045026,25,30,0
22,5453,0.000696189973842844,0.27984043374382206,0.11999023005126244,0.5994731462310721,25,30,0
22,5454,0.0006922943356232082,0.27984043374383494,0.12024172251642018,0.5992255494041201,25,30,0
22,5455,0.0006861873418282019,0.27984043374122164,0.12024009782348807,0.5992332810934602,25,30,0
22,5456,0.0004508220879296645,0.27984043373759576,0.12023989269116725,0.5994688514833053,25,30,0
22,5457,0.0004570263814625367,0.2798404337375545,0.12023989459524394,0.599462645285737,25,30,0
22,5458,0.0005229525120965326,0.27984043374076945,0.12024010892222799,0.599396504824904,25,30,0
22,5459,0.0005242030941245494,0.27984043374081735,0.12024011356154193,0.5993952496035141,25,30,0
22,5460,0.0004772736041335116,0.27984043373979317,0.12033223454467276,0.5993500581113986,25,30,0
22,5461,0.00044722605265639476,0.27983146552742627,0.12037125051072206,0.5993500579091943,25,30,0
22,5462,0.0004502381962965138,0.27983146552744437,0.12037125134368896,0.5993470449325693,25,30,0
22,5463,0.0004303526847214531,0.2798314655262615,0.1202789422947342,0.5994592394942816,25,30,0
22,5464,0.00043021232457917324,0.27983146552626087,0.12027894123407336,0.5994593809150853,25,30,0
22,5465,0.0004171272551829569,0.2798314655254288,0.12028281036056859,0.5994685968588178,25,30,0
22,5466,0.0004121341403761539,0.27983146552546384,0.12028119122033998,0.5994752091138184,25,30,0
22,5467,0.0003452819285932369,0.27983146552221383,0.1202809719131117,0.5995422806360795,25,30,0
22,5468,0.00034850599320270583,0.27983146552221383,0.12028097289884766,0.5995390555857344,25,30,0
22,5469,0.0003455085451756031,0.2798348594766459,0.12028057639231961,0.5995390555858577,25,30,0
22,5470,0.0010710725540022672,0.27983692889167666,0.11955276545534854,0.5995392330989706,25,30,0
22,5471,0.001073139094568893,0.27983692889163253,0.11955275937241375,0.5995371726413827,25,30,0
22,5472,0.0010761171707262362,0.27983692889165956,0.11955264479671035,0.599534309140902,25,30,0
22,5473,0.0010760652618792106,0.27983692889166817,0.11955264638084248,0.5995343594656083,25,30,0
22,5474,0.0010738064236373935,0.27983692889172046,0.11955264611717283,0.5995366185674676,25,30,0
22,5475,0.0010768034337999093,0.27983692889171174,0.11955256348010625,0.5995337041943808,25,30,0
22,5476,0.0010767502784572265,0.27983692889171985,0.11955256354460848,0.5995337572852132,25,30,0
22,5477,0.0010797250905125737,0.2798369288917384,0.11955256484233123,0.5995307811754162,25,30,0
22,5478,0.0010778680178072126,0.27983692889167694,0.11955255948076939,0.5995326436097449,25,30,0
22,5479,0.001077693301651698,0.27983692889163214,0.11930097541104584,0.5997844023956691,25,30,0
22,5480,0.0010807074596879815,0.2798659410560464,0.11926894908876359,0.5997844023955006,25,30,0
22,5481,0.0010827806903749215,0.26112592006384355,0.13800689685380255,0.5997844023919783,25,30,0
22,5482,0.001085792715267144,0.2611228790154351,0.13800692587264282,0.5997844023966543,25,30,0
22,5483,0.0010857914144112892,0.2611230890857012,0.13800671710557436,0.5997844023943126,25,30,0
22,5484,0.001085913108736276,0.2611230890856931,0.13800671607665516,0.5997842817289147,25,30,0
22,5485,0.001088144289621988,0.26112308908675663,0.1381369359849881,0.5996518306386326,25,30,0
22,5486,0.0010881233996048682,0.261137235285229,0.1381228105354748,0.5996518307796928,25,30,0
22,5487,0.0010920102438704824,0.26113723528726074,0.13812288866050346,0.599647865808366,25,30,0
22,5488,0.0010849638396616353,0.26114450052303934,0.13812266983404123,0.5996478658032572,25,30,0
22,5489,0.001077970116346085,0.2611445005230644,0.1381226668232337,0.599654862537355,25,30,0
22,5490,0.0004384448148997504,0.2612735100124649,0.13863343376613774,0.5996546114064943,25,30,0
22,5491,0.0005032139723771288,0.261177136702819,0.1386650376184858,0.5996546117063146,25,30,0
22,5492,0.0005175129964103195,0.2611771367028746,0.14332082196665608,0.5949845283340545,25,30,0
22,5493,0.000514570864760815,0.26117713670287523,0.14332082416172287,0.5949874682706369,25,30,0
22,5494,0.0005175728101739973,0.2611426664587261,0.1433522924604051,0.5949874682706906,25,30,0
22,5495,0.000514594874012321,0.26114266645870937,0.14335230906301002,0.5949904296042637,25,30,0
22,5496,0.0005792321548254505,0.26114266645984413,0.14322223850253013,0.595055862882796,25,30,0
22,5497,0.0005872200083436376,0.26114266645990536,0.14322224529450892,0.5950478682372384,25,30,0
22,5498,0.0005263760425528018,0.2612351033691,0.14319065264624764,0.5950478679420957,25,30,0
22,5499,0.0005293900916464162,0.26123510336909983,0.1431906387533367,0.5950448677859133,25,30,0
22,5500,0.0005263427574127027,0.2612351033690633,0.14319063309201716,0.5950479207815035,25,30,0
22,5501,0.0005293009928211013,0.2612351033688231,0.14318670902172181,0.5950488866166309,25,30,0
22,5502,0.0009852807066333292,0.2612351033709904,0.14318701071116682,0.5945926052112068,25,30,0
22,5503,0.0009184125492976134,0.2612351033687916,0.1431868213066597,0.5946596627752485,25,30,0
22,5504,0.0009183539962544273,0.2612666173388595,0.14315536588969016,0.5946596627751933,25,30,0
22,5505,0.0009215435506418157,0.2612666173388606,0.143155366985122,0.594656472125373,25,30,0
22,5506,0.016924806402134368,0.2612666118880386,0.12715191582397667,0.5946566658858476,25,30,0
22,5507,0.04078401454395498,0.2612666111100381,0.10329290190447987,0.5946564724415242,25,30,0
22,5508,0.04078923874901509,0.26126661111060995,0.10329298714461146,0.5946511629957608,25,30,0
22,5509,0.04077706085501147,0.2612666111105009,0.09863720391338208,0.5993191241211033,25,30,0
22,5510,0.0407790728594379,0.26126447039869777,0.09863733263048237,0.5993191241113799,25,30,0
22,5511,0.040768097355116856,0.26126447039860023,0.09864202569795401,0.5993254065483269,25,30,0
22,5512,0.040768117661518784,0.2612644703986537,0.09864202455868719,0.5993253873811382,25,30,0
22,5513,0.040768255376099585,0.2612644703986549,0.0986420221952149,0.5993252520300284,25,30,0
22,5514,0.040763116706196596,0.2612644703965754,0.09864193944334301,0.5993304734538829,25,30,0
22,5515,0.040828847426317205,0.2612644703988265,0.09864213236580388,0.5992645498090505,25,30,0
22,5516,0.04076318781604916,0.2612644703965753,0.0986419404466407,0.599330401340733,25,30,0
22,5517,0.04076019176982395,0.2612674952104809,0.09864191168368082,0.5993304013360123,25,30,0
22,5518,0.04075323622946367,0.26126749521043746,0.09864190904297276,0.5993373595171242,25,30,0
22,5519,0.040750288063818293,0.28001924983992416,0.079893102558638,0.5993373595376188,25,30,0
22,5520,0.04075400278847518,0.28001924983999327,0.0798931049967215,0.5993336423748092,25,30,0
22,5521,0.04075412488912635,0.27999629802593895,0.07991593471004113,0.5993336423748928,25,30,0
22,5522,0.040748182570510084,0.2782843056712247,0.08163386938313283,0.5993336423751302,25,30,0
22,5523,0.04074833839083263,0.2782843056712704,0.08163387267597218,0.5993334832619227,25,30,0
22,5524,0.04075121148633172,0.2782843056712608,0.08163387145770423,0.5993306113847016,25,30,0
22,5525,0.04075121147757895,0.278284305671261,0.08163398732398995,0.5993304955271684,25,30,0
22,5526,0.04075128127260807,0.278284368290461,0.08163385490729728,0.5993304955296319,25,30,0
22,5527,0.04063375651549192,0.27828437343487006,0.08175082696384209,0.5993310430857943,25,30,0
22,5528,0.04063366417240489,0.27826995258780274,0.08176534030470396,0.5993310429350884,25,30,0
22,5529,0.040633679870664824,0.2782699525878219,0.08176545706728458,0.599330910474229,25,30,0
22,5530,0.04063460748688443,0.27826995258784754,0.08176545828850491,0.5993299816367631,25,30,0
22,5531,0.04063478341050113,0.27826995258783066,0.0817654558291014,0.5993298081725665,25,30,0
22,5532,0.04063771093061658,0.2782699525878136,0.08176545508518218,0.5993268813963877,25,30,0
22,5533,0.08039848896716643,0.2781388736797697,0.042135763179532056,0.5993268741735327,25,30,0
22,5534,0.08039843507258546,0.2781383893323453,0.042136301438465626,0.5993268741566044,25,30,0
22,5535,0.08039722422268164,0.2781383893324595,0.04213630686873502,0.5993280795761246,25,30,0
22,5536,0.08039729284611898,0.2781383893324682,0.04213619310289484,0.5993281247185187,25,30,0
22,5537,0.08039335021152347,0.2781383893324338,0.04213619017615164,0.5993320702798915,25,30,0
22,5538,0.08039326332492022,0.2781383893325302,0.04213608497366752,0.5993322623688827,25,30,0
22,5539,0.08039324568400266,0.2781383893325117,0.04213608563161582,0.5993322793518704,25,30,0
22,5540,0.0803912282763979,0.2781714765669586,0.042105015800065516,0.5993322793565783,25,30,0
22,5541,0.07957558982478295,0.2781714788039288,0.04292064365838298,0.5993322877129057,25,30,0
22,5542,0.0796244597047529,0.2781714781890771,0.042857415234539585,0.5993466468716308,25,30,0
22,5543,0.07962444399441956,0.2627380898487278,0.05829081928989734,0.5993466468669556,25,30,0
22,5544,0.07962737941557192,0.2627380898487277,0.058286116737409764,0.5993484139982909,25,30,0
22,5545,0.0796303257143713,0.26273459085197093,0.05828666943306447,0.5993484140005934,25,30,0
22,5546,0.07963330574258648,0.26273459085197964,0.05828666975885285,0.5993454336465812,25,30,0
22,5547,0.07963565772327082,0.26273459085200085,0.05828667112500971,0.5993430802997188,25,30,0
22,5548,0.07963565715895841,0.2627345908520011,0.05829327444121981,0.5993364775478208,25,30,0
22,5549,0.07963472978112161,0.2627281803899648,0.058300612285935305,0.5993364775429784,25,30,0
22,5550,0.07963264220339542,0.26272818038995394,0.05830061303492354,0.5993385643717271,25,30,0
22,5551,0.0798887592871825,0.26272817962581435,0.05804449612800442,0.5993385649590001,25,30,0
22,5552,0.07989585373376057,0.26272817962639583,0.058044592212798854,0.5993313744270461,25,30,0
22,5553,0.07989587154253946,0.2627281603959831,0.05804459362720376,0.5993313744342745,25,30,0
22,5554,0.07988585127029739,0.26272816039541175,0.05804677885374126,0.5993392094805504,25,30,0
22,5555,0.07988289024719145,0.26272816039540287,0.05804689406200716,0.599342055295399,25,30,0
22,5556,0.07988686407923402,0.2627243429290159,0.058046737693975635,0.5993420552977748,25,30,0
22,5557,0.0655960392109804,0.2627243587266963,0.07233752085521644,0.599342081207107,25,30,0
22,5558,0.06559418212877122,0.26272435872660765,0.07233751579418009,0.5993439433504408,25,30,0
22,5559,0.06558721027630851,0.26273171725372063,0.07233712912416515,0.5993439433458055,25,30,0
22,5560,0.06559013670008848,0.26272915346554554,0.0723367664933645,0.5993439433410007,25,30,0
22,5561,0.06582263565939415,0.22354123455276395,0.11129218589616785,0.5993439438916718,25,30,0
22,5562,0.06582261965036036,0.22354123455275535,0.11129218323816623,0.5993439625587158,25,30,0
22,5563,0.06582256686631725,0.23895227898602975,0.09588119158875187,0.5993439625588981,25,30,0
22,5564,0.0658212133463282,0.23895227898605353,0.09588119292457721,0.5993453147430382,25,30,0
22,5565,0.06582035757093069,0.23895227898604715,0.09588119254080132,0.5993461709022183,25,30,0
22,5566,0.06602260085448072,0.23895228739540542,0.09567892111015439,0.5993461906399571,25,30,0
22,5567,0.06601965742128503,0.23895523892244455,0.09567891301657715,0.5993461906396909,25,30,0
22,5568,0.06556355599196338,0.23895523892028536,0.09567861094124536,0.5998025941465033,25,30,0
22,5569,0.06557040590102746,0.23895523892030252,0.09567861464084089,0.5997957405378264,25,30,0
22,5570,0.06572028546477117,0.23895524454653747,0.09554363557802169,0.599780834410667,25,30,0
22,5571,0.06572040725102894,0.2389552445465287,0.09554363598643115,0.5997807122160085,25,30,0
22,5572,0.06548789589557968,0.2381544563461837,0.0965769360974229,0.5997807116608129,25,30,0
22,5573,0.06549181966118454,0.23817336495367092,0.0965541037122565,0.5997807116728867,25,30,0
22,5574,0.0654888581181885,0.23817336495355598,0.09655417516711115,0.5997836017611436,25,30,0
22,5575,0.07551867685011641,0.2381733469266025,0.08652437771644472,0.5997835985068339,25,30,0
22,5576,0.07554092170608712,0.23986896092982612,0.08480651885674328,0.5997835985073408,25,30,0
22,5577,0.07508277622878862,0.23986978797690564,0.08526385757433469,0.5997835782199666,25,30,0
22,5578,0.03779843784336244,0.24049257261151905,0.12192440020569766,0.5997845893394155,25,30,0
22,5579,0.037801543244077314,0.24049257261151927,0.12192432119887149,0.5997815629455266,25,30,0
22,5580,0.03780467695996282,0.24048944613375628,0.12192431395101425,0.5997815629552612,25,30,0
22,5581,0.07087140469369758,0.24048861300661462,0.08885841853207607,0.599781563767607,25,30,0
22,5582,0.07086940776054547,0.2404886130066592,0.0888584242812845,0.5997835549515067,25,30,0
22,5583,0.0713500972325144,0.24048861304156666,0.08837775786281876,0.5997835318630961,25,30,0
22,5584,0.07134711728272738,0.24048861304158417,0.08837780025473485,0.5997864694209496,25,30,0
22,5585,0.0713448759172809,0.24048861304161054,0.08847006892110212,0.5996964421200023,25,30,0
22,5586,0.07134489094439429,0.24049614129151997,0.08846252564637756,0.5996964421177037,25,30,0
22,5587,0.07134793974191064,0.24049614129150243,0.08846252534845628,0.5996933936181269,25,30,0
22,5588,0.07135088189491548,0.24051559669716138,0.0884401277898363,0.5996933936180835,25,30,0
22,5589,0.06867974691593923,0.23989305467863584,0.09173479528816358,0.5996924031172587,25,30,0
22,5590,0.06868174297515492,0.2398930546785913,0.09174139340325597,0.599683808942995,25,30,0
22,5591,0.06867482293257038,0.23989305467855612,0.09174138907603589,0.5996907333128354,25,30,0
22,5592,0.06794578404873128,0.23989305464108443,0.09247041690049482,0.5996907444096874,25,30,0
22,5593,0.06758585846081173,0.2398930549193447,0.09283027030603413,0.5996908163138073,25,30,0
22,5594,0.06759309262257544,0.23989330335106732,0.09282278769750855,0.5996908163288439,25,30,0
22,5595,0.06765265770716768,0.23989305047403436,0.09276347480118564,0.5996908170176076,25,30,0
22,5596,0.0676605074136205,0.23989305047411377,0.09276348050458978,0.5996829616076715,25,30,0
22,5597,0.06766052353934922,0.23989302538088345,0.09276348945735187,0.5996829616224112,25,30,0
22,5598,0.06765744180851986,0.23989596681765613,0.09276362975884504,0.5996829616149749,25,30,0
22,5599,0.06811456079388231,0.23989596681973643,0.09276387848524356,0.5992255939011342,25,30,0
22,5600,0.0681146306342557,0.23989596681974626,0.09276387847072069,0.5992255240752737,25,30,0
22,5601,0.06812247449377254,0.23989596681981612,0.09276388053957085,0.5992176781468372,25,30,0
22,5602,0.06812848259712556,0.23989596681979694,0.09267161278435511,0.599303937798719,25,30,0
22,5603,0.0681262782275051,0.23989596681985825,0.09267161619959342,0.5993061387530401,25,30,0
22,5604,0.06812932856364574,0.23989596681990322,0.09267165554355929,0.5993030490728888,25,30,0
22,5605,0.06812540685419749,0.23989596681985048,0.0926716523426055,0.5993069739833435,25,30,0
22,5606,0.06813337661766938,0.23989596681992953,0.09266505504643367,0.5993056015159643,25,30,0
22,5607,0.06813728475295222,0.23989596681995612,0.09266509591360679,0.5993016525134823,25,30,0
22,5608,0.06820711395022286,0.23989596682310793,0.09266526564615338,0.5992316535805134,25,30,0
22,5609,0.06827168077249021,0.23989596682520614,0.09266547261372331,0.5991668797885779,25,30,0
22,5610,0.06827173604310248,0.23989596682518877,0.09266555583431677,0.5991667412973898,25,30,0
22,5611,0.07266644897318593,0.23989922274069642,0.08826752181187236,0.5991668064742435,25,30,0
22,5612,0.07266432998029125,0.2398992227407496,0.08826741232098609,0.5991690349579712,25,30,0
22,5613,0.07266415340761463,0.2398992227406951,0.08826741227727862,0.5991692115744098,25,30,0
22,5614,0.07220505540558683,0.23989922273853526,0.08826715874771082,0.599628563108165,25,30,0
22,5615,0.07220799479107436,0.23989922273851594,0.08826723929316024,0.5996255431772477,25,30,0
22,5616,0.07220782935404342,0.23989897388802983,0.08480755436947258,0.6030856423884523,25,30,0
22,5617,0.07220784810046098,0.2398989636604388,0.08480754586525946,0.6030856423738392,25,30,0
22,5618,0.07243625013490818,0.23989896366062502,0.08480784129367205,0.6028569449107931,25,30,0
22,5619,0.07495740655413854,0.23989570536781296,0.08229000918295673,0.6028568788950902,25,30,0
22,5620,0.07495754857169551,0.2398957423682148,0.08228983014543172,0.6028568789146564,25,30,0
22,5621,0.0749544976141996,0.23989574236823244,0.08228974691518579,0.6028600131023807,25,30,0
22,5622,0.07495155464543539,0.2398957423682414,0.0822896657429769,0.6028630372433448,25,30,0
22,5623,0.07495167448014248,0.23988469974651433,0.08230058852995334,0.6028630372433886,25,30,0
22,5624,0.0749805713513924,0.23983544376592753,0.08232094762148379,0.6028630372611952,25,30,0
22,5625,0.07501704693027061,0.2398422111638967,0.08348266939551395,0.6016580725103179,25,30,0
22,5626,0.07500620071507903,0.23984221116383472,0.08348266597614684,0.6016689221449384,25,30,0
22,5627,0.07501017837657767,0.23984221116387022,0.08348262951586281,0.6016649809436881,25,30,0
22,5628,0.07501021192806806,0.2398313861426394,0.08349342098067329,0.6016649809486182,25,30,0
22,5629,0.07501473716670265,0.23921706401596482,0.0841032178634112,0.6016649809539203,25,30,0
22,5630,0.07501673468378557,0.23921706401592055,0.08410321121183227,0.6016629900884606,25,30,0
22,5631,0.07500895901379952,0.2392170640158334,0.0841032054505754,0.6016707715197908,25,30,0
22,5632,0.07500982261687918,0.23921706401588602,0.08410320837104975,0.6016699049961841,25,30,0
22,5633,0.07500883766378115,0.23921706401581574,0.08410549494009872,0.6016686033803034,25,30,0
22,5634,0.07500884079664213,0.2392170640158167,0.08410320472809728,0.6016708904594428,25,30,0
22,5635,0.0750048471337839,0.23922106757611336,0.0841031948427707,0.6016708904473306,25,30,0
22,5636,0.07499787653742665,0.23922106757606953,0.08410319119448123,0.6016778646920211,25,30,0
22,5637,0.07499787717010382,0.2392210675760776,0.08410102917831155,0.6016800260755063,25,30,0
22,5638,0.07496145924969501,0.23922871144776747,0.08638375326559075,0.5994260760369466,25,30,0
22,5639,0.07473610635913328,0.23922871144758123,0.08638345645558403,0.5996517257377013,25,30,0
22,5640,0.07466930818200741,0.23922871144490224,0.0863831640706664,0.599718816302424,25,30,0
22,5641,0.07466636690867273,0.23922871144490243,0.08637656222771149,0.5997283594187133,25,30,0
22,5642,0.07466929179999329,0.23922871144488414,0.08637647133491788,0.5997255254202046,25,30,0
22,5643,0.0746692574489286,0.2392283514018511,0.08637686572901204,0.5997255254202082,25,30,0
22,5644,0.07466926880653409,0.23921394086919295,0.08282114984707363,0.6032956404771984,25,30,0
22,5645,0.07467233309319311,0.23921394086918468,0.11811037465669058,0.5680033513809328,25,30,0
22,5646,0.06968085950890095,0.23921394682685493,0.12310100971020552,0.5680041839540398,25,30,0
22,5647,0.0733351228276198,0.23921394809382568,0.1194347291853219,0.5680161998932338,25,30,0
22,5648,0.07333897729643696,0.23921394809386026,0.1194348131741773,0.5680122614355266,25,30,0
22,5649,0.0733358391807387,0.23921394809386762,0.1194348121861891,0.5680154005392057,25,30,0
22,5650,0.07330704889513086,0.2388379055180782,0.11983964496209193,0.5680154006247002,25,30,0
22,5651,0.07331396888423619,0.23883790551812192,0.11983967638082707,0.5680084492168157,25,30,0
22,5652,0.07331074831507234,0.23927686931467296,0.11940393325674276,0.5680084491135129,25,30,0
22,5653,0.07331267574863204,0.23927686931476153,0.11940394064893609,0.5680065142876713,25,30,0
22,5654,0.07331267574714277,0.2392767094411562,0.11940410051442926,0.5680065142972726,25,30,0
22,5655,0.06956727411847896,0.23931141313174945,0.12311533131645615,0.5680059814333127,25,30,0
22,5656,0.0695472560515387,0.23933150929198052,0.12311525322837649,0.5680059814281012,25,30,0
22,5657,0.06954816712304186,0.23933150929199867,0.12311525552614475,0.568005068058812,25,30,0
22,5658,0.07006528382013667,0.2401025981660236,0.12181835658744966,0.5680137614263879,25,30,0
22,5659,0.07006528292725454,0.24010275976135553,0.12181819589447805,0.5680137614169096,25,30,0
22,5660,0.07007725049848972,0.24010275976149756,0.12191016332225457,0.5679098264177559,25,30,0
22,5661,0.07008024527625284,0.24010032022637248,0.12190960807970114,0.5679098264176712,25,30,0
22,5662,0.0700732199493169,0.24010032022630193,0.12190957840121301,0.5679168814231657,25,30,0
22,5663,0.06949023489382031,0.23932948432883724,0.123272093421316,0.567908187356025,25,30,0
22,5664,0.0694827323133733,0.23994678448949597,0.12266229584419203,0.5679081873529376,25,30,0
22,5665,0.07164953913468311,0.23994678294395747,0.12050759724535261,0.5678960806760057,25,30,0
22,5666,0.055055619481352645,0.2399467829586567,0.137101498487842,0.5678960990721478,25,30,0
22,5667,0.05504365219373291,0.23994678295851485,0.13700961849612767,0.5679999463516233,25,30,0
22,5668,0.05504386315135372,0.2399467829585876,0.1370097094964342,0.5679996443936233,25,30,0
22,5669,0.05504396943614733,0.23994678295860525,0.13700970846902583,0.5679995391362204,25,30,0
22,5670,0.055043966031585054,0.23994678295860414,0.1370097063106891,0.5679995446991207,25,30,0
22,5671,0.05503301665437858,0.23994678295853447,0.13701630515104987,0.5680038952360362,25,30,0
22,5672,0.05503313880039601,0.23994627058330212,0.13701669538022046,0.5680038952360804,25,30,0
22,5673,0.055036256896517984,0.2399462705833026,0.137021397537958,0.5679960749822204,25,30,0
22,5674,0.05503618578334028,0.2399462705833094,0.13702369101333953,0.5679938526200098,25,30,0
22,5675,0.05503630497340185,0.23994627058332674,0.13702369327451586,0.5679937311687544,25,30,0
22,5676,0.05503331059775477,0.23994627058333506,0.1370236938964199,0.5679967249224892,25,30,0
22,5677,0.05503336242717923,0.23994661211849114,0.1370233005319266,0.5679967249224018,25,30,0
22,5678,0.05510059973453538,0.23994661212507126,0.14155632447506844,0.5633964636653226,25,30,0
22,5679,0.055097536714085044,0.23994661212507976,0.14155162249343647,0.5634042286673963,25,30,0
22,5680,0.05510841537784945,0.23994666158722391,0.141540694365279,0.5634042286696448,25,30,0
22,5681,0.055108412010963344,0.2399466615872236,0.14154069432319885,0.5634042320786112,25,30,0
22,5682,0.05512139286931823,0.23994666158723263,0.14154069892885718,0.5633912466145894,25,30,0
22,5683,0.055055470479117324,0.23994666158421446,0.14154049980068031,0.5634573681359855,25,30,0
22,5684,0.055058643919792344,0.23994666158424366,0.1419134737857175,0.5630812207102442,25,30,0
22,5685,0.05504780382882099,0.239957500414993,0.14191347505545487,0.5630812207007289,25,30,0
22,5686,0.055061019321953786,0.2399574957525796,0.14540354222293783,0.5595779427025263,25,30,0
22,5687,0.055060878531483295,0.2399576471119002,0.14540353166647024,0.5595779426901439,25,30,0
22,5688,0.055068707693012614,0.23995764711191644,0.14540333425720164,0.5595703109378674,25,30,0
22,5689,0.055060737369446,0.2399576471118458,0.1456549238061561,0.5593266917125499,25,30,0
22,5690,0.055060019315926585,0.23995764711184658,0.14565500712757226,0.5593273264446526,25,30,0
22,5691,0.05505777504929945,0.23995764711184356,0.14528203707542764,0.5597025407634286,25,30,0
22,5692,0.05512661862101106,0.23995739406087824,0.14521344626585703,0.55970254105225,25,30,0
22,5693,0.055133714260633473,0.23995739406094926,0.1452068494102932,0.5597020422681205,25,30,0
22,5694,0.05513364282434395,0.23995746289301587,0.1452068520120943,0.5597020422705429,25,30,0
22,5695,0.055133782915291876,0.23995746289301884,0.14520455720862105,0.5597041969830655,25,30,0
22,5696,0.07136262523425226,0.23995753518203744,0.12897565214234352,0.5597041874413644,25,30,0
22,5697,0.0712985685323796,0.2399575351755534,0.12913416529886654,0.5596097309931982,25,30,0
22,5698,0.07153982308057745,0.239957535175526,0.12913423447652103,0.5593684072673732,25,30,0
22,5699,0.07153383033129379,0.23995753517551693,0.12913419642594678,0.5593744380672404,25,30,0
22,5700,0.07153288358180793,0.23995753517548343,0.12914079789146815,0.5593687833512382,25,30,0
22,5701,0.0715298184226081,0.2399609973835304,0.12914040084028358,0.559368783353576,25,30,0
22,5702,0.07152883445069863,0.239960997383468,0.12914047882154275,0.5593696893442888,25,30,0
22,5703,0.06815716158216233,0.23992628770487479,0.13254716106971418,0.5593693896432471,25,30,0
22,5704,0.06816024513437145,0.239926287704874,0.13254055811031892,0.5593729090504341,25,30,0
22,5705,0.06816039053180578,0.23992594922477878,0.13254075118770067,0.5593729090557129,25,30,0
22,5706,0.06833440042507782,0.23992587691470843,0.13236682331717692,0.5593728993430349,25,30,0
22,5707,0.06950438928537651,0.23992587697015236,0.1311655598878589,0.5594041738566111,25,30,0
22,5708,0.06950721014016764,0.239925876970143,0.1358227670023805,0.5547441458873077,25,30,0
22,5709,0.06951819207037757,0.2399258769702054,0.13582277590093214,0.5547331550584836,25,30,0
22,5710,0.08163042284314778,0.2399258770002039,0.12371053639700655,0.5547331637596407,25,30,0
22,5711,0.08162250471510951,0.23992587700015133,0.12371052882235409,0.5547410894623843,25,30,0
22,5712,0.08162253994516376,0.23992587700013285,0.11905332020659998,0.5593982628481022,25,30,0
22,5713,0.08185968806125363,0.23992587700331441,0.11905580759495651,0.5591586273404746,25,30,0
22,5714,0.08185854934091084,0.23992587700342002,0.11905592906112647,0.559159644594542,25,30,0
22,5715,0.08186245673878019,0.2399219661510141,0.11905593250618407,0.5591596446040215,25,30,0
22,5716,0.08184915495942482,0.2407011629754396,0.11835808046430717,0.559091601600828,25,30,0
22,5717,0.0818599994881837,0.2407011629754659,0.11835800002557953,0.5590808375107695,25,30,0
22,5718,0.04472856367371695,0.2407011766099859,0.15548942786281195,0.559080831853483,25,30,0
22,5719,0.04473356061473378,0.24070117660991458,0.1554893079306205,0.5590759548447288,25,30,0
22,5720,0.044496290880344055,0.24070117660671517,0.15548681825709074,0.5593157142558476,25,30,0
22,5721,0.04449308552310338,0.24069339433110087,0.15549780588785622,0.5593157142579374,25,30,0
22,5722,0.04448909278943798,0.24069339433104786,0.15549780210125985,0.5593197107782522,25,30,0
22,5723,0.04448511440675015,0.24069339433102216,0.15549771624514958,0.5593237750170762,25,30,0
22,5724,0.04448513080828482,0.24070436680006302,0.15548672737683347,0.5593237750148168,25,30,0
22,5725,0.04447702128992948,0.24070436680000895,0.15548672296756563,0.559331888942494,25,30,0
22,5726,0.044478020380891096,0.24070436680006219,0.15548672682799408,0.5593308859910505,25,30,0
22,5727,0.04448479640669459,0.24067538693939497,0.1555089306657126,0.5593308859881959,25,30,0
22,5728,0.04424653769996877,0.24067538693931453,0.15550885202707118,0.5595692233336435,25,30,0
22,5729,0.044249533889987064,0.2406723906139605,0.15550885216478727,0.5595692233312628,25,30,0
22,5730,0.04424953387591004,0.24067239061396056,0.15550885215240023,0.559569223357727,25,30,0
22,5731,0.04419333408782123,0.24068655108013015,0.15555089146151008,0.5595692233705354,25,30,0
22,5732,0.044196264354351485,0.24022366498065587,0.1560108473016732,0.5595692233633186,25,30,0
22,5733,0.04419342961807202,0.24024888682255494,0.15598846019080514,0.5595692233685668,25,30,0
22,5734,0.05331201014989105,0.24024888677123638,0.14683306854531744,0.5596060345335535,25,30,0
22,5735,0.053309069917971394,0.24024888677125536,0.1468330700123393,0.5596089732984323,25,30,0
22,5736,0.04302131512205547,0.24024888676706943,0.14856371721999384,0.5681660808908796,25,30,0
22,5737,0.04302038899323515,0.24024888676704406,0.14856371235570498,0.5681670118840146,25,30,0
22,5738,0.04302035382096956,0.24024888676704442,0.1483121147206659,0.568418644691319,25,30,0
22,5739,0.043020496343633925,0.2402488867680798,0.14831211711160747,0.5684184997766777,25,30,0
22,5740,0.0431406948371597,0.24024888677029715,0.14840450693567328,0.5682059114568685,25,30,0
22,5741,0.043133774670378926,0.2402488867702557,0.14841111024074077,0.5682062283186231,25,30,0
22,5742,0.043130796901929544,0.2402518538140209,0.1484111209653818,0.568206228318666,25,30,0
22,5743,0.043132795966858366,0.24025185381397648,0.1484110348106565,0.5682043154085068,25,30,0
22,5744,0.0431369561077353,0.2402518538139798,0.14841103842693043,0.5682001516513528,25,30,0
22,5745,0.04313686230084361,0.24068943171618928,0.14797355431758008,0.5682001516653855,25,30,0
22,5746,0.04312982256612788,0.24068943171617194,0.1566074844852202,0.5595732612324786,25,30,0
22,5747,0.04312277955054344,0.24068943171611856,0.15660747723435164,0.559580311498985,25,30,0
22,5748,0.04324329925809687,0.24068943171830517,0.1566078109533295,0.559459458070267,25,30,0
22,5749,0.043246417411492294,0.24068943171830565,0.1566078134495292,0.5594563374206719,25,30,0
22,5750,0.043249344205597694,0.24068943171829613,0.1566079286186359,0.5594532954574692,25,30,0
22,5751,0.04325234914029765,0.2406750221419189,0.15661933326032584,0.5594532954574565,25,30,0
22,5752,0.05882948995989131,0.2406750086719674,0.1410421965469275,0.5594533048212127,25,30,0
22,5753,0.058829419780449844,0.2406749538068807,0.1410423215914149,0.5594533048212534,25,30,0
22,5754,0.05882943266725385,0.24067495380687096,0.14104232077476883,0.559453292751105,25,30,0
22,5755,0.05882146175118247,0.2406749538068178,0.14104231205678844,0.5594612723852098,25,30,0
22,5756,0.05905775445987671,0.2406749538099823,0.14104252769808062,0.5592247640320588,25,30,0
22,5757,0.059054772341296816,0.2406749538099745,0.14104253213438928,0.5592277417143379,25,30,0
22,5758,0.059074910783425034,0.2406749538126771,0.14102219734703975,0.5592279380568567,25,30,0
22,5759,0.05895439017345617,0.24067495381049,0.1410218655514891,0.5593487904645635,25,30,0
22,5760,0.05895432673049969,0.24068587926738177,0.14101100353766902,0.5593487904644485,25,30,0
22,5761,0.05895525285167576,0.24068587926740714,0.14101320898489075,0.5593456588960253,25,30,0
22,5762,0.058953399874535545,0.24068587926741788,0.14101541219757474,0.5593453086604707,25,30,0
22,5763,0.05895544957638545,0.24068587926741095,0.14101332394137855,0.5593453472148238,25,30,0
22,5764,0.05895252246919316,0.24068587926742896,0.14101802575987377,0.559343572503503,25,30,0
22,5765,0.05913426858101628,0.2406858793023205,0.1408360933521295,0.5593437587645326,25,30,0
22,5766,0.05913520078040077,0.24068587930238014,0.14082949086486213,0.5593494290523556,25,30,0
22,5767,0.059132099212967255,0.24068587930238,0.1408294894038074,0.5593525320808438,25,30,0
22,5768,0.05914714102782674,0.2406707871604638,0.1408295394495641,0.5593525323621443,25,30,0
22,5769,0.059147087461086476,0.24067078716043738,0.14082491956546817,0.559357205813007,25,30,0
22,5770,0.05915113604933839,0.24067078716046456,0.14082480860072216,0.5593532681894738,25,30,0
22,5771,0.05915117146611211,0.24067078716047302,0.1408248077174113,0.5593532336560025,25,30,0
22,5772,0.05891188377196264,0.24067078715731757,0.14082459220574955,0.5595927368649691,25,30,0
22,5773,0.05891603588353561,0.24067078715736273,0.14082459805466077,0.5595885789044398,25,30,0
22,5774,0.05891601870246972,0.24067078715735316,0.14082459732318242,0.5595885968169936,25,30,0
22,5775,0.05891794771496402,0.24067078715741502,0.14082460375667144,0.5595866613709485,25,30,0
22,5776,0.05916211495253886,0.23989159033536167,0.14135961185064716,0.559586682861452,25,30,0
22,5777,0.05916212004848283,0.23989158524077325,0.14135961184928653,0.5595866828614569,25,30,0
22,5778,0.05915915945540296,0.239891585240829,0.14135967232927743,0.5595895829744898,25,30,0
22,5779,0.05916213851226299,0.23989158524083679,0.1413596687889588,0.5595866074579404,25,30,0
22,5780,0.05914800900579949,0.23990576514319004,0.14135961866969007,0.5595866071813196,25,30,0
22,5781,0.059140964949610186,0.23990576514315434,0.14135961368057226,0.5595936562266624,25,30,0
22,5782,0.04125829217041946,0.2399057652843534,0.15924229841557508,0.5595936441296511,25,30,0
22,5783,0.04125850366971186,0.23992763314361812,0.15922021907097703,0.5595936441156921,25,30,0
22,5784,0.04126547428796105,0.22117380504620635,0.17796707654299626,0.5595936441228337,25,30,0
22,5785,0.04126741637729231,0.22117380504629502,0.17796708393507404,0.5595916946413361,25,30,0
22,5786,0.041263205546488955,0.2211738050463007,0.17796708042851073,0.559595908978697,25,30,0
22,5787,0.04125260719142088,0.2211598977141608,0.1779915860443278,0.5595959090500893,25,30,0
22,5788,0.041255639770389395,0.22115989771416097,0.1779915030319683,0.5595929594834805,25,30,0
22,5789,0.04113544036626072,0.2211598977119436,0.1778991124864538,0.559805549435341,25,30,0
22,5790,0.04113158325439998,0.2211598977119095,0.17789922484481713,0.5598092941888724,25,30,0
22,5791,0.016748866015821883,0.2211599051237765,0.20227802889920318,0.5598131999611987,25,30,0
22,5792,0.016741893798846115,0.22116687162188042,0.20227803462763702,0.5598131999516361,25,30,0
22,5793,0.016742120920508877,0.2211668716219349,0.20227803911022982,0.5598129683473262,25,30,0
22,5794,0.016744184940295982,0.22116687162187318,0.20227803533880956,0.5598109080990218,25,30,0
22,5795,0.016744184902205878,0.22116687162187318,0.20227803533881783,0.559810908137104,25,30,0
22,5796,0.013715518276668493,0.2211714234286128,0.2053059488627194,0.5598071094320002,25,30,0
22,5797,0.013715376063252495,0.2211714234275776,0.2053059465058741,0.5598072540032961,25,30,0
22,5798,0.013716391351363806,0.22117142342751614,0.20530594007742664,0.5598062451436935,25,30,0
22,5799,0.013713377351916583,0.2211714234274889,0.20530594181097578,0.5598092574096188,25,30,0
22,5800,0.013709403018507869,0.23992238206287975,0.18655895751613522,0.5598092574024777,25,30,0
22,5801,0.013710524914594322,0.23992238206278227,0.18655895055057,0.5598081424720536,25,30,0
22,5802,0.013706437324213283,0.23992629697915788,0.1865591232322477,0.5598081424643803,25,30,0
22,5803,0.013706493077298886,0.2399262969792038,0.1865592072716296,0.5598080026718668,25,30,0
22,5804,0.013746931634845205,0.23992604384617836,0.18465977032854153,0.5616672541904351,25,30,0
22,5805,0.013502858597190439,0.23992617081711376,0.1849031326873596,0.5616678378983355,25,30,0
22,5806,0.0011295123226421682,0.2399216116764883,0.19728114516210787,0.5616677308387602,25,30,0
22,5807,0.0011332169740314831,0.23992161167648035,0.2018692286914422,0.557075942658047,25,30,0
22,5808,0.03715304982725791,0.23992161294659956,0.16584663321557044,0.557078704010571,25,30,0
22,5809,0.03695453264318996,0.23992161291465217,0.16604557323947294,0.557078281202685,25,30,0
22,5810,0.036961424485766,0.2399214903814606,0.16603940912363066,0.5570776760091429,25,30,0
22,5811,0.036952884482862845,0.2399214948225906,0.16604794469782583,0.5570776759967214,25,30,0
22,5812,0.03694688575454458,0.23992149482258754,0.16145986032752965,0.5616717590953385,25,30,0
22,5813,0.03694700711642747,0.23992149482260522,0.16145986311990312,0.5616716349410643,25,30,0
22,5814,0.03694402721163055,0.23992149482262368,0.16145986398193668,0.561674613983809,25,30,0
22,5815,0.03694588021085115,0.2399214948226134,0.16145765950147187,0.5616749654650629,25,30,0
22,5816,0.0371822205576754,0.2407224071487342,0.16042040666384116,0.5616749656297485,25,30,0
22,5817,0.037183185835492176,0.24072240714877782,0.16042040856653145,0.5616739984491976,25,30,0
22,5818,0.03718504316875872,0.24072240714885712,0.16042041393810375,0.5616721357442794,25,30,0
22,5819,0.03718411585507597,0.24072279184004133,0.16042095656302352,0.5616721357418577,25,30,0
22,5820,0.03718108480824152,0.2407262146676001,0.16042056477506889,0.5616721357490876,25,30,0
22,5821,0.0371871654953818,0.24072621508688993,0.16040602159587228,0.5616805978218546,25,30,0
22,5822,0.03719032032066323,0.24072621508681816,0.16040596338269095,0.5616775012098248,25,30,0
22,5823,0.037191354930760846,0.24072621508674774,0.16040595664451363,0.561676473337975,25,30,0
22,5824,0.0371942995270155,0.24072621508674932,0.1604059582487666,0.5616735271374655,25,30,0
22,5825,0.03718809772140058,0.24072621508671127,0.1604058420588893,0.5616798451329965,25,30,0
22,5826,0.03718718637477357,0.24072621508669434,0.16040583584249557,0.5616807626960342,25,30,0
22,5827,0.03718022738448432,0.24072621507901026,0.1603441056373032,0.5617494518991994,25,30,0
22,5828,0.037474355641046043,0.22511221962450148,0.17566397265697278,0.5617494520774763,25,30,0
22,5829,0.037476371285490195,0.2251122196244663,0.17566396765334108,0.5617474414366991,25,30,0
22,5830,0.037476336668566264,0.22511221962448455,0.1756639719657301,0.5617474717412156,25,30,0
22,5831,0.03747335605626463,0.2251122196244764,0.17566397239170523,0.5617504519275502,25,30,0
22,5832,0.03747116472783777,0.22511221962448258,0.17566389155873158,0.561752724088945,25,30,0
22,5833,0.037474093916192025,0.22511221962447256,0.17566389331041743,0.5617497931489149,25,30,0
22,5834,0.03494665320457929,0.2251122180243263,0.17819409601897476,0.5617470327521165,25,30,0
22,5835,0.03513186160566509,0.24265617403328588,0.16046492124957062,0.5617470431114738,25,30,0
22,5836,0.03513393070888226,0.24265617403324224,0.1604649176546789,0.5617449776031921,25,30,0
22,5837,0.035131914477293955,0.24265763431134713,0.16046547360352764,0.5617449776078276,25,30,0
22,5838,0.03536339495308857,0.24265763894481773,0.1602339719676951,0.5617449941343949,25,30,0
22,5839,0.03536242926223341,0.24265763894476547,0.1602340861929064,0.561745845600091,25,30,0
22,5840,0.035362479976881175,0.24265763894475653,0.1602341259772642,0.5617457551010946,25,30,0
22,5841,0.03828488922058681,0.22431299721818937,0.17565636892778191,0.5617457446334392,25,30,0
22,5842,0.03493894596227178,0.22431301902746462,0.17900228833965226,0.5617457466706086,25,30,0
22,5843,0.07478934763932713,0.22431301860767572,0.13916033250393597,0.5617373012490595,25,30,0
22,5844,0.07478642025302557,0.22431301860768355,0.13916033158197977,0.5617402295573098,25,30,0
22,5845,0.07491071618014361,0.2243127701402875,0.1390362858508797,0.5617402278286877,25,30,0
22,5846,0.07492993858988947,0.22431276570855324,0.1355363014240186,0.5652209942775355,25,30,0
22,5847,0.0749124163964544,0.2243199775227321,0.13909606719293235,0.5616715388878778,25,30,0
22,5848,0.0748995608875565,0.22431998195015163,0.14089956188125993,0.5598808952810276,25,30,0
22,5849,0.07460834191301846,0.2399310579419803,0.12557970504713561,0.5598808950978613,25,30,0
22,5850,0.0799796698750619,0.23993105981119908,0.12020834022805746,0.5598809300856776,25,30,0
22,5851,0.07998270214661132,0.23993105981119908,0.12020822222895644,0.5598780158132294,25,30,0
22,5852,0.07998268737307929,0.23993105981119048,0.1202082216155706,0.5598780312001559,25,30,0
22,5853,0.07998267198837808,0.2399310598111905,0.12020833765386034,0.5598779305465678,25,30,0
22,5854,0.07998966119885587,0.2399242236716541,0.12020818458028724,0.5598779305491998,25,30,0
22,5855,0.07998669934977554,0.23992422367163596,0.12020818323988022,0.559880893738705,25,30,0
22,5856,0.0799896475737952,0.23992422367163752,0.12021482604020506,0.5598713027143589,25,30,0
22,5857,0.07999262780409935,0.2399242236716198,0.12021482520612187,0.5598683233181557,25,30,0
22,5858,0.07999171790876794,0.23992568690534935,0.12021427186274851,0.5598683233231313,25,30,0
22,5859,0.08012021603884988,0.23992568690447336,0.12008578981105528,0.5598683072456186,25,30,0
22,5860,0.080120284932562,0.23992568690448351,0.1200857883041856,0.5598682398587664,25,30,0
22,5861,0.08012126807380962,0.23992470323272347,0.12008578882997487,0.5598682398634898,25,30,0
22,5862,0.08011520618071302,0.23993116142399987,0.12008539252958346,0.5598682398657013,25,30,0
22,5863,0.08034855586654624,0.23993116142713763,0.12008563849570425,0.5596346442106097,25,30,0
22,5864,0.08053554947941505,0.23993115494965495,0.11989869642307237,0.5596345991478555,25,30,0
22,5865,0.08053468797626621,0.23993201691745966,0.11989869596309566,0.5596345991431764,25,30,0
22,5866,0.08041443543654336,0.23993201244796322,0.12001895333686735,0.5596345987786256,25,30,0
22,5867,0.08041443543420117,0.23993201244796353,0.12001899332449843,0.5596345587933363,25,30,0
22,5868,0.08041148719874816,0.23993201244796192,0.12001235051657994,0.5596441498367095,25,30,0
22,5869,0.0804152011303574,0.23993201244799528,0.12001235043477759,0.55964043598687,25,30,0
22,5870,0.08041824910118342,0.23993201244799478,0.12001223386117425,0.5596375045896476,25,30,0
22,5871,0.0804152016342277,0.23993201244799525,0.12001227642629676,0.5596405094914804,25,30,0
22,5872,0.08041507789656452,0.23993201244800336,0.12001216012797117,0.5596407495274613,25,30,0
22,5873,0.08041211151760484,0.2399355291534172,0.12001160980373562,0.5596407495252423,25,30,0
22,5874,0.08041211437581688,0.23993552915341676,0.12001168570709321,0.5596406707636731,25,30,0
22,5875,0.08040813764148806,0.23993552915339078,0.12001168431005924,0.5596446488950619,25,30,0
22,5876,0.08064254870307903,0.239935529157592,0.12001207453553892,0.5594098476037901,25,30,0
22,5877,0.08064554219443193,0.23993254020891042,0.12001207000251958,0.5594098475941379,25,30,0
22,5878,0.08088141928727186,0.23993281733472036,0.11977591097992356,0.5594098523980832,25,30,0
22,5879,0.07838692078161513,0.23993281730266833,0.12227041710615716,0.5594098448095598,25,30,0
22,5880,0.07838392549886865,0.23993281730267696,0.12227041717923409,0.5594128400192211,25,30,0
22,5881,0.07838783407150214,0.2398974430364201,0.12230188286818063,0.5594128400238978,25,30,0
22,5882,0.07839475082796922,0.2398974430364554,0.12230658704723817,0.5594012190883378,25,30,0
22,5883,0.04380921281834814,0.23989744316093278,0.1568921229768067,0.5594012210439131,25,30,0
22,5884,0.04381220870946719,0.23989744316094166,0.156892040617131,0.5593983075124608,25,30,0
22,5885,0.04381427660994828,0.23989537839185118,0.15689203749288297,0.5593983075053179,25,30,0
22,5886,0.043814347422528765,0.23989472320817742,0.1568926218638386,0.5593983075054557,25,30,0
22,5887,0.04381433294144961,0.2398947232081593,0.1568926498674541,0.5593982939829373,25,30,0
22,5888,0.04381734665863177,0.23989472320818636,0.15689735346542308,0.5593905766677592,25,30,0
22,5889,0.04381431382237419,0.2398947232081865,0.15689735601184684,0.5593936069575927,25,30,0
22,5890,0.043808321648526875,0.2399320400519075,0.15686603134197247,0.5593936069575933,25,30,0
22,5891,0.043809250083038626,0.23993204005195115,0.15686607495280913,0.5593926349122009,25,30,0
22,5892,0.043809193539436526,0.23993204005195923,0.1568660736206472,0.5593926927879569,25,30,0
22,5893,0.04108475611901146,0.23993204311206998,0.159590507195946,0.5593926935729724,25,30,0
22,5894,0.04085543623605784,0.23993204310894944,0.1595903422678599,0.5596221783871322,25,30,0
22,5895,0.04881756277249138,0.2399248350002701,0.151635391687106,0.559622210540133,25,30,0
22,5896,0.0640962227757038,0.2399248624227025,0.13635630352979558,0.5596226112717987,25,30,0
22,5897,0.06409622180571066,0.23992486242270217,0.13635642112443125,0.5596224946471563,25,30,0
22,5898,0.06397152916378988,0.23992486242535283,0.13648111330774268,0.5596224951031149,25,30,0
22,5899,0.0638874170761025,0.25439487627730406,0.12209520934831325,0.5596224972982783,25,30,0
22,5900,0.06388743313468752,0.2543948762773128,0.12209526433648304,0.559622426251515,25,30,0
22,5901,0.06388741251964976,0.2543871605961204,0.1221030006327743,0.5596224262514539,25,30,0
22,5902,0.06388436364694104,0.2543871605961203,0.12210300062385554,0.5596254751330815,25,30,0
22,5903,0.06388140515942045,0.2543871605961113,0.12210291748497791,0.5596285167594888,25,30,0
22,5904,0.06372770470036972,0.27990255105646045,0.09674123448313318,0.5596285097600369,25,30,0
22,5905,0.06371136431596629,0.2799027953723407,0.09682591800268908,0.5595599223090028,25,30,0
22,5906,0.06394858018178091,0.27990279537553087,0.09682617995605257,0.5593224444866344,25,30,0
22,5907,0.06401941544844494,0.27990279538227275,0.09682858154596528,0.5592492076233156,25,30,0
22,5908,0.0640313790497186,0.27990279538238794,0.09682859238015959,0.5592372331877328,25,30,0
22,5909,0.06379430235599187,0.27990279537927054,0.09682834947635188,0.5594745527883845,25,30,0
22,5910,0.04897166376158563,0.2799027647860296,0.11165142112389623,0.5594741503284874,25,30,0
22,5911,0.048968598660529175,0.2799052744882653,0.11165197652041318,0.5594741503307914,25,30,0
22,5912,0.04897068340042306,0.2799052744882311,0.11165193403858392,0.5594721080727608,25,30,0
22,5913,0.048971666095091015,0.2799052744882844,0.11165193678533913,0.5594711226312843,25,30,0
22,5914,0.0492060676997549,0.2799052744883563,0.11165440523464287,0.5592342525772448,25,30,0
22,5915,0.04919275961561044,0.279905025814705,0.11166679521622175,0.5592354193534621,25,30,0
22,5916,0.049129965843599674,0.27990502580804294,0.1116642841002478,0.5593007242481086,25,30,0
22,5917,0.04913387034506992,0.27990502580806764,0.11166428641078902,0.5592968174360725,25,30,0
22,5918,0.04913781802994951,0.27946550350421523,0.11209986100799042,0.5592968174578443,25,30,0
22,5919,0.04913089881919888,0.2794655035041796,0.11209515678540556,0.5593084408912156,25,30,0
22,5920,0.049118935196301755,0.27946550350406435,0.11209518495992862,0.5593203763397046,25,30,0
22,5921,0.04888871209075006,0.27946550349994403,0.112094801676638,0.5595509827326665,25,30,0
22,5922,0.048888853440701444,0.2794654174845541,0.11209474634420319,0.5595509827305397,25,30,0
22,5923,0.04888978105200367,0.27946541748458037,0.11209474922935705,0.5595500522340574,25,30,0
22,5924,0.04901316001565859,0.27946541748095627,0.11197137099694869,0.5595500515064351,25,30,0
22,5925,0.04901517510661706,0.2794654174809301,0.11197136813181535,0.5595480392806362,25,30,0
22,5926,0.049018157087094234,0.2794624434925772,0.11197136013241264,0.5595480392879149,25,30,0
22,5927,0.0490182258868946,0.27946225030279,0.11197148452477927,0.5595480392855348,25,30,0
22,5928,0.04901119968940359,0.2794622503027549,0.1119714001043875,0.5595551499034526,25,30,0
22,5929,0.04104741520861891,0.27946224659764873,0.11993522071062551,0.5595551174831044,25,30,0
22,5930,0.04104944630467253,0.2794288970480826,0.11996653916405538,0.5595551174831878,25,30,0
22,5931,0.041048568898327066,0.279428897048047,0.1199665346477218,0.5595559994059027,25,30,0
22,5932,0.04081443101396283,0.27942889704796725,0.11996876931233956,0.5597879026257288,25,30,0
22,5933,0.04081821378568308,0.27942889704802765,0.11996406974701544,0.5597888194192723,25,30,0
22,5934,0.040815429152004076,0.27942889704804663,0.119964072598145,0.5597916012018026,25,30,0
22,5935,0.04081543329963018,0.27942911701432593,0.11996384816215298,0.5597916015238892,25,30,0
22,5936,0.040815293207869745,0.2794291170142536,0.11996383057436764,0.5597917592035077,25,30,0
22,5937,0.040811416949113694,0.27986893159552734,0.11952789227099297,0.5597917591843641,25,30,0
22,5938,0.04080831356889326,0.2798720657048601,0.1195278615420162,0.5597917591842289,25,30,0
22,5939,0.04080530233359925,0.27987206570483425,0.11952318649853978,0.5597994454630253,25,30,0
22,5940,0.040802198979438965,0.2798746183650203,0.11952373719983674,0.5597994454557024,25,30,0
22,5941,0.030851443470933916,0.2798749110071942,0.12947021697754663,0.5598034285443236,25,30,0
22,5942,0.030851373606704674,0.2798749110071848,0.129470216292527,0.5598034990935816,25,30,0
22,5943,0.03108057037327204,0.27987491100930234,0.1294703986934336,0.5595741199239902,25,30,0
22,5944,0.031083460786000123,0.2798407433816889,0.12950167589870773,0.5595741199336014,25,30,0
22,5945,0.031077400183518452,0.2798407433816709,0.12950167460798834,0.5595801818268205,25,30,0
22,5946,0.031069375724571434,0.27984074338160053,0.12950174715399243,0.5595881337398338,25,30,0
22,5947,0.041016387709600345,0.27984045073972336,0.11955901117215573,0.5595841503785189,25,30,0
22,5948,0.04101637161267093,0.27984045073971414,0.11955893259347626,0.5595842450541371,25,30,0
22,5949,0.04124828887474537,0.27984025376488697,0.11932709896566714,0.5595843583946983,25,30,0
22,5950,0.04124828886569922,0.261090553839546,0.1380767989000577,0.5595843583946967,25,30,0
22,5951,0.04125224832025296,0.2611175058300482,0.13804588745500376,0.5595843583946949,25,30,0
22,5952,0.041258240101711904,0.2611175058300395,0.13804588780813262,0.5595783662601156,25,30,0
22,5953,0.04125824041832284,0.2798362888322741,0.11932710448928457,0.5595783662601164,25,30,0
22,5954,0.04125524564869916,0.27983628883226586,0.11932710441970591,0.5595813610993271,25,30,0
22,5955,0.04125525886450068,0.2798362888322751,0.11932699122697603,0.5595814610762464,25,30,0
22,5956,0.04126321196239684,0.2798362888323452,0.11932699519675546,0.5595735040085007,25,30,0
22,5957,0.04126619870352855,0.27981863449042427,0.1193416627975589,0.5595735040084864,25,30,0
22,5958,0.041269315837716876,0.2798186344904244,0.11934174578289866,0.5595703038889581,25,30,0
22,5959,0.04304180579131772,0.27981863449253724,0.11756776897735359,0.559571790738791,25,30,0
22,5960,0.04078902716716105,0.27981863447652006,0.11981864507254539,0.5595736932837736,25,30,0
22,5961,0.04078900858056248,0.27981863447654853,0.11981864869107295,0.5595737082518164,25,30,0
22,5962,0.04078222871912082,0.27981863447653277,0.11981872909274158,0.5595804077116049,25,30,0
22,5963,0.04078748805440838,0.2798186344735282,0.11981346964400018,0.5595804078280632,25,30,0
22,5964,0.040787331497805814,0.27981863447350935,0.11981346799168056,0.5595805660370041,25,30,0
22,5965,0.040790345842603236,0.27981863447350047,0.11981344161410261,0.5595775780697936,25,30,0
22,5966,0.04078922427924439,0.2798186344735713,0.1198134810922578,0.5595786601549265,25,30,0
22,5967,0.0407961431363194,0.279818634473606,0.1198134826566314,0.559571739733443,25,30,0
22,5968,0.04079612593528948,0.27981878815128397,0.1198133461800268,0.5595717397333995,25,30,0
22,5969,0.04079612467639203,0.27981891156620814,0.1198132240119636,0.5595717397454357,25,30,0
22,5970,0.04079616166176302,0.27985033781517915,0.11978176077528328,0.5595717397477739,25,30,0
22,5971,0.04079610834634431,0.27985033781525676,0.11978176829000833,0.5595717855483899,25,30,0
22,5972,0.04079608893590676,0.27985033781525626,0.119781768296026,0.5595718049528102,25,30,0
22,5973,0.04079614129413101,0.2798503378152739,0.1197818843517493,0.5595716365388455,25,30,0
22,5974,0.04079607122617182,0.27985033781527296,0.11978180181487827,0.5595717891436768,25,30,0
22,5975,0.04079728180532628,0.27983875777911066,0.11979217125963182,0.5595717891559304,25,30,0
22,5976,0.04128435692450998,0.27983875770606903,0.11923846147332398,0.5596384238960956,25,30,0
22,5977,0.04127638681453502,0.27983875770599,0.11923845482438704,0.5596464006550866,25,30,0
22,5978,0.04127643937834481,0.2798387577059814,0.11923841468837372,0.5596463882272987,25,30,0
22,5979,0.08094670678014675,0.2798387347131075,0.07956828394173432,0.5596462745650118,25,30,0
22,5980,0.08405152214998879,0.2798387347225538,0.07637791837657898,0.5597318247508798,25,30,0
22,5981,0.08094376382462232,0.2798387347131065,0.07957461741943964,0.5596428840428335,25,30,0
22,5982,0.08102745576663302,0.2798387390181311,0.07955872146983244,0.5595750837454053,25,30,0
22,5983,0.08102740236278926,0.2798387390181667,0.07955872009239609,0.5595751385266496,25,30,0
22,5984,0.08102743591757411,0.27983873901816747,0.07955872273602142,0.5595751023282386,25,30,0
22,5985,0.08098958028947062,0.2798387390390519,0.07959657640435779,0.5595751042671214,25,30,0
22,5986,0.08099050767315673,0.2798387390390869,0.07959660669966025,0.5595741465880976,25,30,0
22,5987,0.08098358855009008,0.2798458166566196,0.0795964482076514,0.55957414658564,25,30,0
22,5988,0.08143970548859313,0.27938942576509346,0.07959672186584955,0.5595741468804648,25,30,0
22,5989,0.08144660844031447,0.2793894257651282,0.07959660800353119,0.559567357791027,25,30,0
22,5990,0.08121028126645735,0.2793894257629296,0.07959641922478944,0.5598038737458242,25,30,0
22,5991,0.08120336200056505,0.27938942576288617,0.07959641610959005,0.5598107961269594,25,30,0
22,5992,0.08120616885741029,0.2793752091723969,0.07960782585547509,0.5598107961147181,25,30,0
22,5993,0.08120613221653451,0.2793752091723887,0.07960794366094591,0.5598107149501312,25,30,0
22,5994,0.08165832650346103,0.27937520917451397,0.07960820900713243,0.559358255314893,25,30,0
22,5995,0.08165843734409593,0.27937520917717523,0.07960827088672072,0.5593580825920086,25,30,0
22,5996,0.0817838866613909,0.2792498866612066,0.07960814378090773,0.5593580828964952,25,30,0
22,5997,0.0817809400059137,0.2775461043319756,0.08131487276327705,0.559358082898831,25,30,0
22,5998,0.08201319397792262,0.27732463612343405,0.08130408699747521,0.5593580829011658,25,30,0
22,5999,0.08201613920114935,0.2790398347136052,0.0795859431840414,0.5593580829012044,25,30,0
22,6000,0.08201534975039886,0.2790398347135888,0.0795859130354736,0.5593589025005391,25,30,0
22,6001,0.08201740154756912,0.2790398347167201,0.07959065221112839,0.5593521115245828,25,30,0
22,6002,0.0820144581814344,0.2790398347167202,0.07959065015326494,0.5593550569485808,25,30,0
22,6003,0.08201338931183765,0.26066356336418867,0.09796799038059537,0.5593550569433764,25,30,0
22,6004,0.08178689757498316,0.26089018801119157,0.09796785748027609,0.5593550569335473,25,30,0
22,6005,0.08178003372059679,0.26089018801123864,0.09796785767598014,0.5593619205921823,25,30,0
22,6006,0.08177708554665827,0.26091498990522805,0.0979460039559778,0.5593619205921335,25,30,0
22,6007,0.08184400861437531,0.26091498990790796,0.09794623009150218,0.5592947713862122,25,30,0
22,6008,0.08184709091328107,0.2609149899079266,0.0979462294341835,0.5592916897446065,25,30,0
22,6009,0.08184330642660317,0.260918503795037,0.09794650003838391,0.5592916897399735,25,30,0
22,6010,0.08184525773237375,0.26091850379192477,0.09794180059675449,0.5592944378789446,25,30,0
22,6011,0.08184520597500161,0.26091909812038805,0.0979412580256242,0.5592944378789838,25,30,0
22,6012,0.08130522966946234,0.2609190938140415,0.0949137192008984,0.5628619573155956,25,30,0
22,6013,0.08130230135743194,0.2609220175367349,0.09491372379256921,0.5628619573132616,25,30,0
22,6014,0.08123250576939174,0.26092201753406413,0.09491349976205232,0.5629319769344895,25,30,0
22,6015,0.0812325356108541,0.2609220175314039,0.09491344044996085,0.5629320064077791,25,30,0
22,6016,0.07534199815450322,0.260922017571329,0.10080397845481741,0.5629320058193489,25,30,0
22,6017,0.07534895389836122,0.2609220175713723,0.10080397969567295,0.562925048834592,25,30,0
22,6018,0.07534702666834052,0.260922017571319,0.10080385869789854,0.5629270970624409,25,30,0
22,6019,0.0753470466338199,0.2609220175712218,0.10080384768043321,0.5629270881145249,25,30,0
22,6020,0.07535000512230484,0.26091906557539707,0.10080384119007268,0.5629270881122259,25,30,0
22,6021,0.07535307111773198,0.26091906557540673,0.1008038416976346,0.5629240216092272,25,30,0
22,6022,0.07535307451196831,0.2609190655754071,0.10080384176687962,0.5629240181457457,25,30,0
22,6023,0.07535307235364122,0.26091906557540695,0.10080384176116972,0.5629240203097828,25,30,0
22,6024,0.07513117638993388,0.2611404415092346,0.10080436178726325,0.5629240203135687,25,30,0
22,6025,0.07502070330810158,0.261250779131971,0.1008044975386998,0.5629240200212284,25,30,0
22,6026,0.0750235755724762,0.2612507791319617,0.10080449590006013,0.5629211493955025,25,30,0
22,6027,0.07502357683559531,0.2612507791319711,0.10080449656052812,0.5629211474719061,25,30,0
22,6028,0.07502357804106531,0.2612507791319717,0.10080449657334106,0.5629211462536226,25,30,0
22,6029,0.07502475100181706,0.2796359284106497,0.08241817434324973,0.5629211462442839,25,30,0
22,6030,0.0750227373071632,0.27963701346071734,0.08241910298311071,0.5629211462490091,25,30,0
22,6031,0.07502675997539116,0.27963701346074493,0.08242369011396805,0.5629125364498963,25,30,0
22,6032,0.07503366570600076,0.2796299828328299,0.0824238150066011,0.5629125364545685,25,30,0
22,6033,0.07504144252158486,0.27838442730508317,0.08366159370690628,0.5629125364664259,25,30,0
22,6034,0.0750413187830156,0.27838442730510027,0.08366159201497685,0.5629126618969074,25,30,0
22,6035,0.07504443664775665,0.2783844273050393,0.08366159774082714,0.5629095383063767,25,30,0
22,6036,0.0750375487259026,0.27839145027993945,0.08366146269228969,0.562909538301868,25,30,0
22,6037,0.07504054275970251,0.27839145027993073,0.08366146396739747,0.562906542992969,25,30,0
22,6038,0.07564226135063773,0.277780687212839,0.08367050770114419,0.5629065437353789,25,30,0
22,6039,0.07563923057779809,0.2777806872128223,0.08367054820013978,0.5629095340092397,25,30,0
22,6040,0.07562831840346633,0.27902965166693844,0.08243249592991425,0.5629095339996808,25,30,0
22,6041,0.0753920320738545,0.279266728478477,0.08243170574187639,0.5629095337057914,25,30,0
22,6042,0.07540299748922658,0.2792333555083682,0.08245411328695201,0.5629095337154526,25,30,0
22,6043,0.07541000611274565,0.2792333555084155,0.08235070725376714,0.5630059311250696,25,30,0
22,6044,0.07564724265535042,0.2792333555125985,0.08235094354420118,0.5627684582878483,25,30,0
22,6045,0.07564606164057133,0.2792333555125878,0.0823509049333428,0.5627696779134962,25,30,0
22,6046,0.07564513291802243,0.2792342875646732,0.08235090160614628,0.5627696779111563,25,30,0
22,6047,0.07563516628628728,0.2792662747839077,0.08232888102354456,0.5627696779062586,25,30,0
22,6048,0.07609423026739151,0.2792662747860928,0.08232918610408387,0.5623103088424299,25,30,0
22,6049,0.07586007797216078,0.2792662747819094,0.08232894773026177,0.5625446995156662,25,30,0
22,6050,0.07584917064823259,0.2792662747818568,0.08232432278372881,0.5625602317861801,25,30,0
22,6051,0.07584622909042524,0.2792662747818302,0.08232432254441159,0.5625631735833315,25,30,0
22,6052,0.07584624583636664,0.27926627478191074,0.08176451859866407,0.5631229607830575,25,30,0
22,6053,0.0758462795253739,0.279266274781965,0.08176452070191446,0.5631229249907453,25,30,0
22,6054,0.07584629748123199,0.27926627478197263,0.08176459540137943,0.5631228323354146,25,30,0
22,6055,0.07585013559084759,0.27926627478201566,0.08176459843473065,0.5631189911924049,25,30,0
22,6056,0.0753919296905514,0.2792662747798384,0.08176429438448012,0.563577501145129,25,30,0
22,6057,0.07493288519551879,0.2792662747776874,0.08176402870644152,0.564036811320351,25,30,0
22,6058,0.0749308888437003,0.2792662747777318,0.08176403258205614,0.5640388037965106,25,30,0
22,6059,0.07493065836016392,0.2792662747777197,0.08176402333365773,0.5640390435284572,25,30,0
22,6060,0.07434093375857964,0.27987959967433046,0.08174042372173876,0.5640390428453498,25,30,0
22,6061,0.07434396782990585,0.2798795996748573,0.08174042483252046,0.5640360076627151,25,30,0
22,6062,0.07434489666490571,0.27987959967488296,0.08174031284848873,0.5640351908117214,25,30,0
22,6063,0.07434493276562248,0.27987959967483755,0.08174031144692463,0.564035156112614,25,30,0
22,6064,0.07434284807045027,0.2798795996748639,0.08174031477709881,0.5640372374775857,25,30,0
22,6065,0.0743428502681389,0.2798795996748644,0.08174035485266291,0.5640371952043328,25,30,0
22,6066,0.11426808345203616,0.27987959970356274,0.04247130587146117,0.5633810109729389,25,30,0
22,6067,0.11425601844420154,0.27989958938931364,0.04246338125288988,0.5633810109135939,25,30,0
22,6068,0.11425605278113826,0.2798995893892776,0.04246337867801197,0.563380979151571,25,30,0
22,6069,0.11638803609755247,0.2798997830848394,0.04032849461694441,0.5633836862006625,25,30,0
22,6070,0.11639103108175018,0.2798997830848302,0.040328493969543994,0.5633806918638746,25,30,0
22,6071,0.11636225326302999,0.279899783187204,0.0439247919773604,0.5598131715724076,25,30,0
22,6072,0.11636438943054131,0.2798997831871964,0.04392641279395487,0.5598094145883092,25,30,0
22,6073,0.11636053573662546,0.27989978318712655,0.04392640826640969,0.5598132728098398,25,30,0
22,6074,0.11635755548571314,0.2798997831871442,0.043926407615808696,0.5598162537113356,25,30,0
22,6075,0.11635957804322754,0.279876280441381,0.0439478878063094,0.5598162537090838,25,30,0
22,6076,0.11635957673747079,0.2798766648470981,0.043947504706350025,0.5598162537090827,25,30,0
22,6077,0.11635965229546973,0.2798541842590614,0.04396990973621143,0.559816253709259,25,30,0
22,6078,0.11636653919001752,0.27985418425907754,0.04396994739955746,0.559809329151349,25,30,0
22,6079,0.11636653807075716,0.2798541842590683,0.043969946289587065,0.5598093313805887,25,30,0
22,6080,0.11531277409632161,0.2798541842459595,0.04502371015443435,0.5598093315032858,25,30,0
22,6081,0.11531061617805034,0.27985418424545,0.04502370976105682,0.5598114898154438,25,30,0
22,6082,0.11531067036637901,0.27985418424544156,0.045023711894717884,0.5598114334934625,25,30,0
22,6083,0.11836135794210181,0.2798539917732259,0.04197589043830208,0.5598087598463711,25,30,0
22,6084,0.1183633733754127,0.2798539917732004,0.04224212644004673,0.559540508411341,25,30,0
22,6085,0.1183664221722745,0.2798539917731834,0.04224212762476674,0.5595374584297761,25,30,0
22,6086,0.11836342594217932,0.27985399177319215,0.04224212916748022,0.5595404531171491,25,30,0
22,6087,0.11836334170126595,0.27985406573367155,0.042242139448038604,0.5595404531170247,25,30,0
22,6088,0.1183634818562285,0.2798540657337432,0.042242143520414006,0.5595403088896153,25,30,0
22,6089,0.11835145214719293,0.27986593882193006,0.04224230015562034,0.5595403088752566,25,30,0
22,6090,0.11835052290120901,0.27986593882189537,0.04224229849527365,0.5595412397816218,25,30,0
22,6091,0.11835257309587538,0.27986593882185984,0.04224229638460033,0.5595391916976642,25,30,0
22,6092,0.1183495423721641,0.2798659388218608,0.04224229554139998,0.5595422232645748,25,30,0
22,6093,0.11834740428915232,0.2798659388219039,0.042242300242480164,0.5595443566464632,25,30,0
22,6094,0.11834833162575098,0.2781470645750147,0.04396024715047389,0.5595443566487598,25,30,0
22,6095,0.11835250923277284,0.2781470645750809,0.04396027717979314,0.5595401490123525,25,30,0
22,6096,0.11835545353803525,0.2781470645750814,0.04396027579137753,0.5595372060955053,25,30,0
22,6097,0.118357661876463,0.2781470645750473,0.04396027573391842,0.5595349978145705,25,30,0
22,6098,0.11835685595075666,0.27814748875689144,0.04396065747284712,0.5595349978195041,25,30,0
22,6099,0.11836016923466101,0.2781474887568927,0.043960660393796216,0.5595316816146494,25,30,0
22,6100,0.11836324404835499,0.2781438611017919,0.04396121323733522,0.5595316816125168,25,30,0
22,6101,0.11836310511694012,0.2781438611017553,0.043959589457649946,0.5595334443236538,25,30,0
22,6102,0.11836000296961562,0.27814386110179945,0.04395958925241064,0.5595365466761736,25,30,0
22,6103,0.1183600738213611,0.2781438611018088,0.043959588564815084,0.5595364765120141,25,30,0
22,6104,0.11836012424000121,0.2781438611018712,0.043959552078668904,0.5595364625794577,25,30,0
22,6105,0.11835798838896246,0.2781438611019374,0.05020723241419366,0.5532909180949054,25,30,0
22,6106,0.11836487494365606,0.27814386110192724,0.050207232604569774,0.5532840313498459,25,30,0
22,6107,0.11836285660751741,0.27811496918774226,0.05023814285030422,0.5532840313544352,25,30,0
22,6108,0.11835997549609012,0.27811840052579057,0.05023759262124531,0.5532840313568732,25,30,0
22,6109,0.11836284987493904,0.27811840052578146,0.050237592653745396,0.5532811569455333,25,30,0
22,6110,0.11889159209548655,0.2781183993070949,0.04970888530954029,0.5532811232878774,25,30,0
22,6111,0.11889544049749294,0.27813656192375424,0.04968687428382226,0.5532811232949295,25,30,0
22,6112,0.11889955528322105,0.2781365619238076,0.04968687938434942,0.553277003408621,25,30,0
22,6113,0.11890554523697518,0.27813656192378466,0.04343920021949983,0.5595186926197393,25,30,0
22,6114,0.11890524470212988,0.27813656192381,0.04343919823003867,0.5595189951440203,25,30,0
22,6115,0.11890126675474981,0.27813656192378367,0.04343919535685299,0.5595229759646123,25,30,0
22,6116,0.11889732555615883,0.27813656192376773,0.04343931058946108,0.5595268019306112,25,30,0
22,6117,0.11889519699063462,0.2781365619236855,0.043439359333325094,0.5595288817523536,25,30,0
22,6118,0.11889221700422749,0.27813656192367747,0.043173121872896125,0.5597980991991978,25,30,0
22,6119,0.11888929144970539,0.2781365619237045,0.043173122404953815,0.5598010242216351,25,30,0
22,6120,0.11889614149352554,0.2781300970654215,0.04317273722430889,0.559801024216743,25,30,0
22,6121,0.1188994315755351,0.2781445200224693,0.043155045234757765,0.5598010031672379,25,30,0
22,6122,0.11890333853057367,0.2781445200224956,0.04315504961153713,0.5597970918353935,25,30,0
22,6123,0.11890847796469566,0.2781445200230871,0.04315509572594192,0.5597919062862755,25,30,0
22,6124,0.11891537932400094,0.2781445200230952,0.04315509675892566,0.5597850038939782,25,30,0
22,6125,0.11891930161767593,0.27814452002312096,0.04315517954563575,0.5597809988135674,25,30,0
22,6126,0.11893048708296845,0.2781445200263035,0.04315525238970107,0.559769740501027,25,30,0
22,6127,0.11894254010626736,0.27814452002643697,0.04315542323207526,0.55975751663522,25,30,0
22,6128,0.11893954132550412,0.2781445200264451,0.04315542103908254,0.5597605176089681,25,30,0
22,6129,0.11892878793593528,0.2781445200269202,0.043155334327660666,0.5597713577094837,25,30,0
22,6130,0.11881110911547452,0.2781445201148113,0.043272661067857286,0.5597717097018574,25,30,0
22,6131,0.11880088889235303,0.27814452011167184,0.04327258878865165,0.559782002207324,25,30,0
22,6132,0.11880076645731583,0.27814452011168056,0.04327258842054764,0.5597821250104565,25,30,0
22,6133,0.11879385006088994,0.2781445201116471,0.04327258557417098,0.5597890442532928,25,30,0
22,6134,0.11880804134093675,0.2790079238185532,0.04239499057727517,0.5597890442632353,25,30,0
22,6135,0.1188020153859619,0.2790029876616946,0.04240595268906543,0.5597890442632784,25,30,0
22,6136,0.11880490705448014,0.2790029876616321,0.04240594917651751,0.5597861561073705,25,30,0
22,6137,0.11880590547719183,0.2790334485625241,0.04237448984806884,0.5597861561122157,25,30,0
22,6138,0.11880590423460595,0.27903344856252355,0.04237448976516826,0.5597861574377027,25,30,0
22,6139,0.11880592586429074,0.27903287598266413,0.04237504071523619,0.5597861574378094,25,30,0
22,6140,0.11880891942786825,0.2790190347764836,0.04238588835792457,0.5597861574377242,25,30,0
22,6141,0.11880182400715043,0.2790190347764215,0.042385883444742936,0.5597932577716854,25,30,0
22,6142,0.11881575490494202,0.2778445110046281,0.04354647576533074,0.5597932583250995,25,30,0
22,6143,0.11906328370144198,0.2778445113047099,0.043298945083232815,0.5597932599106157,25,30,0
22,6144,0.11904811183536655,0.27870003520148695,0.04245859306719571,0.5597932598959511,25,30,0
22,6145,0.11837570503996446,0.27870005175313844,0.043130865813795355,0.5597933773931022,25,30,0
22,6146,0.11837568685146245,0.27870005175325324,0.04313095800470524,0.5597933033905795,25,30,0
22,6147,0.1183757066256446,0.27870005175313906,0.043130867296851616,0.5597933743243652,25,30,0
22,6148,0.11838262765961964,0.2787000517531745,0.04313087032624821,0.5597864502609581,25,30,0
22,6149,0.11837771404563727,0.2787000517531321,0.04313250884334563,0.5597897253578855,25,30,0
22,6150,0.11837379375101698,0.27870005175302687,0.043138990230064754,0.5597871642658918,25,30,0
22,6151,0.11835976770330049,0.2787000517529647,0.043138836650696,0.5598013438930391,25,30,0
22,6152,0.11835976584742694,0.2787000517529641,0.04313883653709063,0.5598013458625187,25,30,0
22,6153,0.11835684000248684,0.2787138261741455,0.043127987948672335,0.5598013458746958,25,30,0
22,6154,0.11835874844065777,0.27871137220444353,0.04312853348281877,0.5598013458720802,25,30,0
22,6155,0.11835775103257742,0.27871291610079274,0.04312798699939317,0.559801345867237,25,30,0
22,6156,0.1183568233876977,0.27871291610075744,0.04312798652860692,0.5598022739829385,25,30,0
22,6157,0.11835774195320858,0.2787129161008709,0.04312635415231541,0.5598029877936055,25,30,0
22,6158,0.11835554688575436,0.27871291610094046,0.04311975428878448,0.5598117827245211,25,30,0
22,6159,0.11835554811536865,0.27871291610093996,0.04311975425449077,0.5598117815292011,25,30,0
22,6160,0.11835556640467651,0.27871291610083376,0.043119745121637944,0.5598117723728522,25,30,0
22,6161,0.11835353355138857,0.27871291610084126,0.043119631730617704,0.5598139186171528,25,30,0
22,6162,0.11835150517041576,0.27871291610086735,0.04311963547817825,0.5598159432505387,25,30,0
22,6163,0.11835153975486688,0.2787129161008574,0.04311963475746631,0.5598159093868093,25,30,0
22,6164,0.11835767170141623,0.2786751414925525,0.04315127739975505,0.559815909406276,25,30,0
22,6165,0.11835767193279047,0.2786751414935867,0.04315127822076326,0.5598159083528593,25,30,0
22,6166,0.11835774086436192,0.27867514149359596,0.043151278396648604,0.5598158392453931,25,30,0
22,6167,0.11837667630383678,0.2786751414937551,0.04315129084186098,0.5597968913605468,25,30,0
22,6168,0.11837660518637355,0.2786751414937457,0.04315128810244623,0.5597969652174342,25,30,0
22,6169,0.118548545040981,0.2785029727391398,0.04315151697600538,0.559796965243873,25,30,0
22,6170,0.11855252291207018,0.27850297273916563,0.043151520818150296,0.5597929835306132,25,30,0
22,6171,0.11855157812549491,0.27850297273913954,0.04315151597634557,0.5597939331590192,25,30,0
22,6172,0.11855063077397097,0.278502972739077,0.04315151294875139,0.5597948835381996,25,30,0
22,6173,0.11854957094660085,0.2785029727390061,0.04315149620285207,0.5597959601115398,25,30,0
22,6174,0.11855256473388696,0.27850297273899627,0.0431515233181395,0.5597929392089761,25,30,0
22,6175,0.11855159760411915,0.2784967612470364,0.043158701934901116,0.5597929392139425,25,30,0
22,6176,0.11855937677788767,0.27848233825148216,0.04316532731644924,0.5597929576541814,25,30,0
22,6177,0.11855553174002058,0.2784782815342822,0.04317322907859467,0.5597929576471028,25,30,0
22,6178,0.15649322181680392,0.27851898566326355,0.005194852617566033,0.5597929399023657,25,30,0
22,6179,0.1564931870742415,0.2785189856632565,0.0055678517680967324,0.5594199754944044,25,30,0
22,6180,0.1564931826257791,0.2785189856632654,0.005567850903566639,0.5594199808073881,25,30,0
22,6181,0.1564773487099582,0.27851898566310695,0.005567839426180987,0.5594358262007533,25,30,0
22,6182,0.1579451262401032,0.2784782822017015,0.004140023537600149,0.5594365680205946,25,30,0
22,6183,0.15794526576602064,0.2784782822017201,0.0041401393619967105,0.5594363126702622,25,30,0
22,6184,0.15794918946086495,0.2784782822017722,0.004140117771575373,0.5594324105657872,25,30,0
22,6185,0.1578002729286662,0.2784782822358387,0.004289386229457799,0.5594320586060371,25,30,0
22,6186,0.15803667371063593,0.27847828223952453,0.003916597444625254,0.5595684466052139,25,30,0
22,6187,0.1580365465445967,0.27848615207753463,0.00390885477033525,0.559568446607533,25,30,0
22,6188,0.15803857760025308,0.2772533004285466,0.0051396753782625955,0.5595684465929373,25,30,0
22,6189,0.15803857353191855,0.27725330042749446,0.005139672832530781,0.5595684532080558,25,30,0
22,6190,0.15803350537917102,0.2772533004269389,0.0051396313539098844,0.5595735628399797,25,30,0
22,6191,0.15803049416899115,0.27849467592237126,0.0039012670636014964,0.5595735628450356,25,30,0
22,6192,0.1580165285957501,0.27968020363541723,0.0027297054773735134,0.5595735622914586,25,30,0
22,6193,0.15801262158399157,0.2796802036353915,0.0027297031093947983,0.5595774716712216,25,30,0
22,6194,0.15800955651312043,0.2796802036353469,0.0027296984785994995,0.5595805413729326,25,30,0
22,6195,0.15801162555536596,0.2796779446449089,0.0027298884315151255,0.5595805413682094,25,30,0
22,6196,0.15800947194173123,0.2796779446449255,0.002729774196797727,0.559582809216545,25,30,0
22,6197,0.15777631961939476,0.27967794464133405,0.0027296132859330018,0.5598161224533376,25,30,0
22,6198,0.15777637303650124,0.2796779446413252,0.002821875911743162,0.5597238064104296,25,30,0
22,6199,0.15777038141311986,0.2796779446413166,0.0028218752948783923,0.5597297986506845,25,30,0
22,6200,0.15776829910338136,0.2796779446413514,0.0028218782623781434,0.5597318779928886,25,30,0
22,6201,0.1577681525819884,0.27967794464125567,0.0028218277176264876,0.5597320750591289,25,30,0
22,6202,0.15776514158953148,0.27967794464124673,0.0028218270651472316,0.5597350867040741,25,30,0
22,6203,0.12845477045443354,0.27967794403239415,0.03212650518508456,0.5597407803280877,25,30,0
22,6204,0.12845484157141726,0.2796779440324036,0.03212658839920417,0.5597406259969752,25,30,0
22,6205,0.12845495525022677,0.279700222348249,0.03210419640693766,0.5597406259945865,25,30,0
22,6206,0.12845511102542395,0.27970022234829506,0.032011962767243794,0.5598327038590373,25,30,0
22,6207,0.1284520083999699,0.27970022234829517,0.032011964303328554,0.5598358049484065,25,30,0
22,6208,0.12845200727470052,0.27970040632815757,0.032011781448735524,0.5598358049484066,25,30,0
22,6209,0.1284490594094264,0.279703361918606,0.03201177372602961,0.5598358049459379,25,30,0
22,6210,0.12844206794851631,0.27974196442715343,0.031980162697773463,0.5598358049265564,25,30,0
22,6211,0.128449253301249,0.24053219958948888,0.07118274216748141,0.5598358049417808,25,30,0
22,6212,0.12844914714820319,0.240532199589472,0.07118268785875138,0.5598359654035735,25,30,0
22,6213,0.12844909736117513,0.2405321995899799,0.07118266069216825,0.5598360423566767,25,30,0
22,6214,0.12845216490458058,0.2405321995899806,0.07118266148816838,0.5598329740172707,25,30,0
22,6215,0.12845209302366717,0.24053219958998934,0.07118273912530572,0.559832968261038,25,30,0
22,6216,0.12845428305570095,0.2405321995899548,0.07118281914445844,0.5598306982098855,25,30,0
22,6217,0.12846124107916812,0.24053219958998856,0.0711827960385393,0.5598237632923038,25,30,0
22,6218,0.12846124479055543,0.24053219958998853,0.07118279466167773,0.5598237609577785,25,30,0
22,6219,0.12846012769123813,0.24053219959052183,0.07118285743934634,0.5598248152788938,25,30,0
22,6220,0.1284632999773267,0.24053219959052266,0.07118285800167011,0.5598216424304806,25,30,0
22,6221,0.12846636453453622,0.24052932647341108,0.07118266656662618,0.5598216424254263,25,30,0
22,6222,0.12846627427874102,0.24052932647287445,0.07118269294425943,0.5598217063041246,25,30,0
22,6223,0.12846627634826344,0.24052987676799184,0.07118214057961832,0.5598217063041259,25,30,0
22,6224,0.12892358611681154,0.24052987676809043,0.07118222000638734,0.5593643171087104,25,30,0
22,6225,0.1289255487501022,0.24052987676816087,0.07118222349100532,0.5593623509907313,25,30,0
22,6226,0.12892642574847865,0.24052987676819623,0.07118219898947294,0.5593614984938519,25,30,0
22,6227,0.1291618073733211,0.24052987677082027,0.07118242020106323,0.5591258956547948,25,30,0
22,6228,0.1291695850264726,0.24052987677089924,0.07118234288815357,0.559118195314474,25,30,0
22,6229,0.12916547131282724,0.2397508416178885,0.07196428487800026,0.5591194021912842,25,30,0
22,6230,0.1291664287166845,0.2397508416168096,0.07196422024468536,0.5591185094218207,25,30,0
22,6231,0.12916844233682445,0.2397508416167744,0.07196421720196419,0.5591164988444371,25,30,0
22,6232,0.1287111307257401,0.23975084161667617,0.07196405529299046,0.5595739723645935,25,30,0
22,6233,0.1287171900671134,0.23975084161668575,0.07197065922472995,0.559561309091471,25,30,0
22,6234,0.13567245102406356,0.23975084150767986,0.06502183132301359,0.5595548761452449,25,30,0
22,6235,0.13567658027788115,0.2397508415078123,0.06502354717953202,0.5595490310347764,25,30,0
22,6236,0.1356735474524421,0.23975349052993422,0.06502393098264064,0.5595490310349848,25,30,0
22,6237,0.13613744151292573,0.23975349060903284,0.064560050430925,0.5595490174471185,25,30,0
22,6238,0.136136461354058,0.23975349060902423,0.06456004886294094,0.5595499991739785,25,30,0
22,6239,0.13613628513301387,0.23975349060904116,0.0645600770086712,0.5595501472492753,25,30,0
22,6240,0.1361362490353318,0.23975349060903206,0.06456668348511645,0.5595435768705209,25,30,0
22,6241,0.13612834874127114,0.2397534906089789,0.06456667866805924,0.5595514819816918,25,30,0
22,6242,0.1361362655515714,0.239753490609086,0.06456668588019028,0.5595435579591533,25,30,0
22,6243,0.13277271406312485,0.23975349080488229,0.06793023315536048,0.5595435619766338,25,30,0
22,6244,0.13232739472568378,0.23975349086487102,0.06522890978323277,0.5626902046262144,25,30,0
22,6245,0.13232341764450462,0.23975349086482692,0.06522230287808704,0.5627007886125834,25,30,0
22,6246,0.13232224994331807,0.2397534908647128,0.06522058838411611,0.5627036708078549,25,30,0
22,6247,0.15523762429478405,0.23975349084891281,0.04230521739631191,0.562703667459993,25,30,0
22,6248,0.15523553971052556,0.2397534908489211,0.0423074979430521,0.5627034714975028,25,30,0
22,6249,0.15350847605587062,0.23975349259052423,0.04403467440701174,0.5627033569465951,25,30,0
22,6250,0.15351456820295184,0.23975349259158715,0.044034719203650624,0.5626972200018118,25,30,0
22,6251,0.153581314750248,0.23968656314178768,0.04403490180862676,0.562697220299339,25,30,0
22,6252,0.15357832091160156,0.23968656314177983,0.04403490173390172,0.5627002142127183,25,30,0
22,6253,0.1535588042400881,0.23970087883448965,0.04718791746381462,0.5595523994616098,25,30,0
22,6254,0.15355883964616257,0.23970122781764755,0.0471875330747916,0.5595523994614003,25,30,0
22,6255,0.15355589654334356,0.23970122781764694,0.0471874571662159,0.5595554184727952,25,30,0
22,6256,0.1535558440745296,0.23970122781764677,0.047187457163381116,0.5595554709444441,25,30,0
22,6257,0.15355589847057124,0.23970116245856957,0.04718746812135194,0.5595554709495087,25,30,0
22,6258,0.15332253280951283,0.23970116245591058,0.0471872454124049,0.5597890593221732,25,30,0
22,6259,0.15325272068978127,0.2397711645592351,0.04718705572404094,0.5597890590269441,25,30,0
22,6260,0.1532447302662926,0.2397711645591274,0.04718704935324031,0.559797055821341,25,30,0
22,6261,0.15324478273978934,0.23977116455912773,0.047187051901092285,0.5597970007999921,25,30,0
22,6262,0.15324471297315734,0.23853295975509017,0.04842532646465916,0.5597970008070944,25,30,0
22,6263,0.11330131781395648,0.23853295984388975,0.08836849166244166,0.559797230679713,25,30,0
22,6264,0.11330828962540024,0.23853295984392414,0.08836849665477226,0.5597902538759041,25,30,0
22,6265,0.11331043116355641,0.23853295984389902,0.08836852278067699,0.5597880862118686,25,30,0
22,6266,0.11331330663033486,0.23853012871459622,0.08836847844800494,0.5597880862070643,25,30,0
22,6267,0.11331330659462249,0.23853012871459633,0.08836847604071893,0.5597880886500627,25,30,0
22,6268,0.11332126062550868,0.23853012871466692,0.08836845369720296,0.5597801569626222,25,30,0
22,6269,0.11080646175193502,0.23853011289320386,0.09088324499552983,0.5597801803593319,25,30,0
22,6270,0.11094224536468948,0.2385301898735357,0.09074760309441088,0.5597799616673654,25,30,0
22,6271,0.11094615357287746,0.2385301898735526,0.09074760275052783,0.5597760538030434,25,30,0
22,6272,0.11094613512731628,0.23853018987351593,0.09074757786261843,0.5597760971365504,25,30,0
22,6273,0.11095011089009384,0.23853018987354158,0.09074758062675438,0.5597721186096107,25,30,0
22,6274,0.10459034564740376,0.23853018703709838,0.09710633165165565,0.5597731356638428,25,30,0
22,6275,0.10459425481334426,0.23976401446923215,0.09586859505613048,0.5597731356612936,25,30,0
22,6276,0.09917623805607947,0.2397640147382822,0.10128652117539229,0.5597732260302464,25,30,0
22,6277,0.09917651603376372,0.2397413132380008,0.10130894468323123,0.5597732260450045,25,30,0
22,6278,0.09917646320828476,0.23974131323800954,0.10130894539311215,0.5597732781605935,25,30,0
22,6279,0.09917324112285025,0.2397354902149936,0.1013179905138451,0.559773278148311,25,30,0
22,6280,0.09923332142936397,0.23970676994314272,0.10128663047386373,0.5597732781536295,25,30,0
22,6281,0.09930015313175324,0.2397067699463578,0.10128819802370265,0.5597048788981863,25,30,0
22,6282,0.09930311319179067,0.23970676994639434,0.1016611705773011,0.5593289462845139,25,30,0
22,6283,0.09929409510508562,0.23970676994534096,0.10166112651384823,0.5593380084357247,25,30,0
22,6284,0.09929017243832332,0.23970676994530687,0.10166273558536859,0.5593403220310007,25,30,0
22,6285,0.09929406255886432,0.2397067699453418,0.10166284873099891,0.5593363187647943,25,30,0
22,6286,0.09928614529882877,0.23970676994525372,0.10166284182661452,0.5593442429293021,25,30,0
22,6287,0.0991143435138853,0.23970669287639157,0.10183472587144468,0.5593442377382782,25,30,0
22,6288,0.09911431791777373,0.23970669288440852,0.10183475744706735,0.5593442317507502,25,30,0
22,6289,0.09910734610150404,0.23970669288437377,0.10183703187506596,0.559348929139056,25,30,0
22,6290,0.09910133286864636,0.2397066928843916,0.10183691683708007,0.5593550574098818,25,30,0
22,6291,0.09893214057595409,0.23987532901143588,0.10183747303185281,0.5593550573807571,25,30,0
22,6292,0.09962166100523358,0.23986126189975704,0.1011620195621916,0.5593550575328162,25,30,0
22,6293,0.09962073339152562,0.23986126189973095,0.10115973916166339,0.559358265547079,25,30,0
22,6294,0.09924740230178422,0.23986179090095497,0.10151013519035086,0.5593806716069077,25,30,0
22,6295,0.09924943438023957,0.23986179090095625,0.10151013148002104,0.5593786432387816,25,30,0
22,6296,0.11599690896865754,0.23986179069540003,0.08476379309084915,0.5593775072450919,25,30,0
22,6297,0.11662209330164221,0.23986179068348004,0.08413860886099737,0.5593775071538789,25,30,0
22,6298,0.1166151732233989,0.2398617906834544,0.08413860603744772,0.5593844300556973,25,30,0
22,6299,0.11661811288520584,0.2398584678922098,0.08413898917194956,0.5593844300506331,25,30,0
22,6300,0.11654840710164097,0.2398584678890129,0.0841374243707831,0.5594557006385615,25,30,0
22,6301,0.11654844228524,0.23985846788896864,0.08414212456097583,0.559450965264814,25,30,0
22,6302,0.11654856753822015,0.23924886532899692,0.08475160186336617,0.5594509652694151,25,30,0
22,6303,0.11655163303084932,0.23924579266960816,0.08475160903225812,0.5594509652672827,25,30,0
22,6304,0.11630338130534408,0.23924579269695193,0.08499979512033437,0.5594510308773679,25,30,0
22,6305,0.11630569173314545,0.23924579269022467,0.08499724956433667,0.5594512660122912,25,30,0
22,6306,0.11630567486331353,0.23924579269022467,0.08499064436036814,0.5594578880860919,25,30,0
22,6307,0.11630470989770769,0.23924579269017268,0.08499064374135265,0.5594588536707655,25,30,0
22,6308,0.11630777502816342,0.23924579269019985,0.08525691761497509,0.5591895146666602,25,30,0
22,6309,0.1163108915066002,0.23924579269020016,0.08525463870597831,0.5591886770972198,25,30,0
22,6310,0.11631080508098776,0.23924579269017263,0.08525463785885966,0.5591887643699786,25,30,0
22,6311,0.11630877205442997,0.23924579269018,0.08525463986274076,0.559190795392648,25,30,0
22,6312,0.11631968579109313,0.23923488194359524,0.08525463686310206,0.5591907954022087,25,30,0
22,6313,0.11631667359223308,0.23923488194357684,0.08498836314156037,0.5594600813226288,25,30,0
22,6314,0.1163166218328211,0.23923488194356776,0.08498836441930402,0.5594601318043062,25,30,0
22,6315,0.1163136430409088,0.23752066288330118,0.08670556227144173,0.5594601318043477,25,30,0
22,6316,0.11630555273462932,0.2375063434744729,0.08672797197529163,0.5594601318156055,25,30,0
22,6317,0.11630560655252221,0.2392242671369679,0.08500999448767622,0.559460131822833,25,30,0
22,6318,0.12029513419414886,0.23922373782004516,0.08104340598199038,0.5594377220038149,25,30,0
22,6319,0.12029612593126462,0.23919128121682465,0.08107487085060974,0.5594377220013004,25,30,0
22,6320,0.1202999820907592,0.23919128121946376,0.08107493838991109,0.5594337982998652,25,30,0
22,6321,0.12030003290352834,0.23919128121947217,0.08107493846777647,0.5594337474092221,25,30,0
22,6322,0.12029692865197124,0.23980424951393833,0.08046507442942875,0.5594337474046609,25,30,0
22,6323,0.08178808467894468,0.2398042495104655,0.1189739187732708,0.5594337470373185,25,30,0
22,6324,0.0817910462358061,0.23980424951047316,0.1189739171182114,0.5594307871355089,25,30,0
22,6325,0.08179104594740969,0.23980424951047283,0.1189739170912706,0.5594307874508464,25,30,0
22,6326,0.08179497808210742,0.23980424951050827,0.11897392413315494,0.5594268482742287,25,30,0
22,6327,0.08179503190837512,0.23980424951049964,0.11897392259396522,0.5594267959871594,25,30,0
22,6328,0.08186275730485076,0.23971396759873964,0.11899647880935066,0.5594267962870583,25,30,0
22,6329,0.08186268753386734,0.23971396759873898,0.11899647826257566,0.5594268666048173,25,30,0
22,6330,0.08181374733058513,0.23974060309273923,0.11901878296441647,0.559426866612258,25,30,0
22,6331,0.08181374854197072,0.2397406030927395,0.11901878155453344,0.5594268668107552,25,30,0
22,6332,0.08182080849507888,0.2397406030928021,0.11901878520263426,0.5594198032094835,25,30,0
22,6333,0.08181987974477678,0.23974060309280476,0.11901879841244237,0.5594207187499749,25,30,0
22,6334,0.0818156591627961,0.23974482920326332,0.1190187928944793,0.5594207187394602,25,30,0
22,6335,0.05844937352203841,0.23974484887775038,0.14238512295652808,0.5594206546436822,25,30,0
22,6336,0.058458477415456685,0.2397448488783124,0.14238519991131907,0.5594114737949107,25,30,0
22,6337,0.05845740578439112,0.23974484887839206,0.1423835927130217,0.5594141526241941,25,30,0
22,6338,0.058599807345325834,0.23985431797513398,0.1421319567843109,0.5594139178952285,25,30,0
22,6339,0.058532012962790134,0.23994466953562715,0.14210939990646174,0.5594139175951202,25,30,0
22,6340,0.05838700980208103,0.23983520047628293,0.14232950698940355,0.5594482827322317,25,30,0
22,6341,0.05838322586911968,0.23986138083981892,0.14230711056342246,0.5594482827276377,25,30,0
22,6342,0.05838336337590801,0.23988365198641615,0.1422847019260114,0.5594482827116636,25,30,0
22,6343,0.05838348912397409,0.23988365198642703,0.142284702592371,0.5594481562972271,25,30,0
22,6344,0.05903803890898275,0.23988340334496605,0.14163040209492822,0.5594481556511208,25,30,0
22,6345,0.05903803864088867,0.2398834033449657,0.14162570115200615,0.5594528568621372,25,30,0
22,6346,0.059041997018260045,0.23988340334497366,0.14125281223566868,0.5598217874010953,25,30,0
22,6347,0.05903819304602883,0.23988340334499336,0.1412528359847388,0.559825567624237,25,30,0
22,6348,0.059038156706046535,0.23988340334498495,0.14125295087882436,0.5598254890701427,25,30,0
22,6349,0.05903119869908985,0.23989077089059674,0.14125254134484794,0.5598254890654641,25,30,0
22,6350,0.059029009218682725,0.2398907708905772,0.1412525192966021,0.5598277005941367,25,30,0
22,6351,0.05902083478911103,0.23989077089002175,0.14125242878038974,0.5598359655404761,25,30,0
22,6352,0.05901976510888155,0.23989144684840094,0.14125282249267454,0.5598359655500417,25,30,0
22,6353,0.0590217792102531,0.23989144684836586,0.14125290195549223,0.5598338719858874,25,30,0
22,6354,0.07517001370163362,0.23989142763967342,0.12510338136450494,0.5598351772941861,25,30,0
22,6355,0.0738427657682266,0.23989142763905444,0.12643062872123928,0.5598351778714791,25,30,0
22,6356,0.07384687129260437,0.23989142763919968,0.12643226317821313,0.559829437889982,25,30,0
22,6357,0.07384685397270535,0.2381735954472237,0.12815011269493337,0.5598294378851367,25,30,0
22,6358,0.07384778290396599,0.23817359540829128,0.0944434760201782,0.5935351456675658,25,30,0
22,6359,0.07384370505543496,0.23817359540822916,0.09445007493516169,0.5935326246011754,25,30,0
22,6360,0.07384466870700353,0.2381735954082634,0.09444996148051253,0.5935317744042217,25,30,0
22,6361,0.07384987216991917,0.23817359540827265,0.09444996171126065,0.593526570710548,25,30,0
22,6362,0.07384687595864661,0.23817359540828126,0.09445004432804187,0.5935294843050307,25,30,0
22,6363,0.0738468391778607,0.23817359540829916,0.09445004657740007,0.5935295188364405,25,30,0
22,6364,0.07384588396768488,0.2382059893179763,0.09441860787046215,0.5935295188438772,25,30,0
22,6365,0.07385685204636798,0.23819423449633775,0.09441939460381128,0.5935295188534835,25,30,0
22,6366,0.07385891996246344,0.23819423449630361,0.09441938944187654,0.5935274560993568,25,30,0
22,6367,0.07385800863041828,0.23819423449628668,0.09441938724988916,0.5935283696234062,25,30,0
22,6368,0.0743107800000131,0.23819423880244464,0.09389849998838963,0.5935964812091532,25,30,0
22,6369,0.07430279212794842,0.23820288495294317,0.09389784171956184,0.5935964811995471,25,30,0
22,6370,0.0744144653859849,0.21113944442192203,0.12084960897775762,0.5935964812143326,25,30,0
22,6371,0.07441054118270177,0.21113944441926524,0.12084953870258369,0.5936004756954469,25,30,0
22,6372,0.07440638338149048,0.21113944441912844,0.12084790363634196,0.5936062685630368,25,30,0
22,6373,0.07440638366638161,0.21113944441912882,0.1208479034743618,0.5936062684401255,25,30,0
22,6374,0.07440641661462483,0.2111394444191382,0.12084790509030549,0.5936062338759293,25,30,0
22,6375,0.07440948091692459,0.2111394444191299,0.1255051010964368,0.5889459735675071,25,30,0
22,6376,0.07440949598171333,0.2111394444191209,0.1254984984685135,0.5889525611306502,25,30,0
22,6377,0.07440937504997971,0.2111394444191295,0.1208413039282331,0.5936098766026556,25,30,0
22,6378,0.07440540735187849,0.2111394444191206,0.12084130038290221,0.5936138478460972,25,30,0
22,6379,0.07441630579314244,0.21113944441917298,0.12084130911658145,0.5936029406711014,25,30,0
22,6380,0.07441931847925706,0.21113632984608746,0.12084141101570081,0.5936029406589529,25,30,0
22,6381,0.07442231354048026,0.21113632984609587,0.12084141064181883,0.5935999459716033,25,30,0
22,6382,0.07442218966795694,0.21113632984608477,0.12084143644241274,0.5936000440435442,25,30,0
22,6383,0.07443017602324599,0.2111363298461465,0.12084144704760058,0.5935920470830055,25,30,0
22,6384,0.07431855654775274,0.2399175712830364,0.09217182510090785,0.5935920470683039,25,30,0
22,6385,0.07432181816140858,0.23991757128309993,0.09217174936515829,0.5935888611903338,25,30,0
22,6386,0.07432181816578985,0.23991757128309993,0.09217174932772368,0.5935888612233873,25,30,0
22,6387,0.07432793455076102,0.23991757128308744,0.08592402653082085,0.5998304676353312,25,30,0
22,6388,0.0743258669467593,0.23991757128313063,0.08592403030946155,0.5998325314606489,25,30,0
22,6389,0.07431889554377155,0.23991757128307817,0.08592394815265142,0.5998395850204993,25,30,0
22,6390,0.07431477651693219,0.2399175712830236,0.0859239427978349,0.5998437094022097,25,30,0
22,6391,0.07431179626537031,0.23991757128304145,0.085923942168191,0.5998466902833977,25,30,0
22,6392,0.0743147573730099,0.2399175712830231,0.085923942411836,0.5998437289321312,25,30,0
22,6393,0.07431496517046181,0.2399175712830506,0.08592394298948389,0.5998435205570042,25,30,0
22,6394,0.07431503523753605,0.23991757128312222,0.08592403017729086,0.5998433633020513,25,30,0
22,6395,0.07430410553317701,0.23991757128306046,0.08592402162541993,0.5998543015583432,25,30,0
22,6396,0.07430112656113858,0.23991757128301638,0.08592393691420303,0.5998573652416426,25,30,0
22,6397,0.0742931717822329,0.23991757128296382,0.08592396905252139,0.5998652878822825,25,30,0
22,6398,0.07429312015014901,0.23991757128297272,0.08592396717875472,0.5998653413881241,25,30,0
22,6399,0.07428996908193067,0.239917571282945,0.08592404453328856,0.5998684151018363,25,30,0
22,6400,0.0742870238622491,0.2399175712829453,0.08592401748349152,0.5998713873713146,25,30,0
22,6401,0.07429022976137217,0.23991757128293806,0.08592401745430463,0.5998681815013858,25,30,0
22,6402,0.0742872183733893,0.2399175712829207,0.08592397780028362,0.5998712325434067,25,30,0
22,6403,0.07428728611684893,0.23991757128293836,0.08592397860657423,0.5998711639936388,25,30,0
22,6404,0.07428017406035807,0.23991757128287555,0.0859239749692187,0.599878279687548,25,30,0
22,6405,0.07427998168136866,0.239917381683235,0.08592435694789094,0.5998782796875055,25,30,0
22,6406,0.0742799276238819,0.2399175691155942,0.0859242235707225,0.5998782796898016,25,30,0
22,6407,0.0742799788831229,0.2399175691155859,0.08592433683411593,0.5998781151671754,25,30,0
22,6408,0.07427799942736793,0.23991939412518967,0.08592449128983287,0.5998781151576092,25,30,0
22,6409,0.0742809264859979,0.2399193941251803,0.0859244919597249,0.5998751874290967,25,30,0
22,6410,0.07381836136437211,0.23991964275945699,0.08645373497030069,0.5998082609058704,25,30,0
22,6411,0.07382206216235047,0.23991964275942956,0.08645384739958603,0.5998044476786341,25,30,0
22,6412,0.08128001503057913,0.23991964225146303,0.07899720160362872,0.5998031411143289,25,30,0
22,6413,0.08128001595126838,0.2399196422514629,0.07899720365929727,0.5998031381379714,25,30,0
22,6414,0.08129497508286693,0.2399052244547391,0.0789966623100173,0.5998031381523766,25,30,0
22,6415,0.08129895235294227,0.23990522445481005,0.07899658675647647,0.5997992364357709,25,30,0
22,6416,0.08129581855179287,0.2399052244548265,0.07899658542734758,0.5998023715660328,25,30,0
22,6417,0.08152617872957389,0.23990522445481774,0.07899667959024007,0.5995719172253681,25,30,0
22,6418,0.08152938764186017,0.23990522445480905,0.07899660217958056,0.5995687857237497,25,30,0
22,6419,0.08152935190523113,0.23990522445480042,0.07899671698076316,0.5995687066592044,25,30,0
22,6420,0.08194493003991496,0.2245375022862552,0.09394886101697454,0.5995687066568565,25,30,0
22,6421,0.08256988118188995,0.22453724934346805,0.08983072294873659,0.6030621465259067,25,30,0
22,6422,0.08256697162753765,0.22453724934348682,0.08983072293592206,0.6030650560930546,25,30,0
22,6423,0.08256397612571283,0.22453724934346897,0.08983072367109751,0.6030680508597219,25,30,0
22,6424,0.082563977344345,0.22453724934346905,0.08983072574780676,0.6030680475643805,25,30,0
22,6425,0.08267855890093834,0.2245372493435498,0.08983088891002464,0.6029533028454886,25,30,0
22,6426,0.08267777362971002,0.22453838283513988,0.08983054067736443,0.6029533028577868,25,30,0
22,6427,0.08267656138079314,0.22453963550073136,0.08983050026099951,0.6029533028574772,25,30,0
22,6428,0.08267634767010983,0.22453963550073175,0.08983049937069895,0.6029535174584607,25,30,0
22,6429,0.08268232234300811,0.22329549164923818,0.09106866854933625,0.6029535174584187,25,30,0
22,6430,0.08268624377621267,0.2232954916492639,0.09106859429902416,0.6029496702755002,25,30,0
22,6431,0.08268929356487519,0.22329549164928142,0.09106847872288965,0.6029467360629546,25,30,0
22,6432,0.08245500989687456,0.22329549164921056,0.0910683774971117,0.603181120956804,25,30,0
22,6433,0.08244804672863544,0.22329549164920384,0.09106833660087725,0.6031881250212843,25,30,0
22,6434,0.08244817096729895,0.22329549164918727,0.09106842090191256,0.603187916481602,25,30,0
22,6435,0.08244524491979742,0.22329786728902662,0.09106897131178736,0.6031879164793893,25,30,0
22,6436,0.08233364207795377,0.2232978672889454,0.09106880810607323,0.6032996825270284,25,30,0
22,6437,0.08233583529330862,0.22329786729004433,0.0910689228315878,0.6032973745850598,25,30,0
22,6438,0.08646954080752631,0.22329846624509905,0.08693461722042616,0.6032973757269454,25,30,0
22,6439,0.08646761558082904,0.2232984662451015,0.08693478353881455,0.6032991346352519,25,30,0
22,6440,0.08670683737729779,0.22329846624825514,0.08694140465071126,0.6030532917237328,25,30,0
22,6441,0.08670690631188059,0.22329846624825542,0.08694140514837269,0.6030532222914883,25,30,0
22,6442,0.08669997861097974,0.22329846624823788,0.08694128936846578,0.6030602657723141,25,30,0
22,6443,0.08669996142231089,0.22329846624822927,0.08694128668293233,0.6030602856465249,25,30,0
22,6444,0.08669984055539588,0.22329846624823804,0.08694128635777275,0.6030604068385906,25,30,0
22,6445,0.08669977179299947,0.2232990876197134,0.08694073374877791,0.6030604068385066,25,30,0
22,6446,0.08606872766844259,0.2233132581289256,0.09105225358142492,0.5995657606212049,25,30,0
22,6447,0.0860687276579568,0.2233132581289252,0.09105225353609984,0.5995657606770162,25,30,0
22,6448,0.04618291400661057,0.22331325808233615,0.13093806746224176,0.5995657604488075,25,30,0
22,6449,0.04617991706579606,0.22331325808232755,0.1309381082451499,0.5995687166067225,25,30,0
22,6450,0.046174285057443386,0.22455663046089822,0.12970036744642016,0.5995687170352347,25,30,0
22,6451,0.045934043954414465,0.224556630457742,0.12969357997306477,0.5998157456147752,25,30,0
22,6452,0.04593103073078128,0.2245424598728336,0.12971076377937904,0.5998157456170027,25,30,0
22,6453,0.04593416862911133,0.22454245987288934,0.12971076590120328,0.5998126055967926,25,30,0
22,6454,0.05443685903801535,0.22454246348106327,0.12120806430473624,0.5998126131761816,25,30,0
22,6455,0.05443985756380918,0.22410350765433942,0.12164402159490806,0.5998126131869401,25,30,0
22,6456,0.05400937346012928,0.2394860103216342,0.10669200304092302,0.5998126131773099,25,30,0
22,6457,0.05401235134790163,0.239451163432291,0.10672387202256527,0.5998126131972384,25,30,0
22,6458,0.05401131597116989,0.2398878993095696,0.10628817151355793,0.5998126132056989,25,30,0
22,6459,0.0540143107974355,0.23988789930955196,0.1062881716950789,0.5998096181979302,25,30,0
22,6460,0.054007777654946736,0.23988789931748122,0.1062947036958721,0.5998096193316964,25,30,0
22,6461,0.05070912245053526,0.23988730038284933,0.10959395821403703,0.5998096189525747,25,30,0
22,6462,0.05070975973450054,0.23988708321893387,0.10959353852254225,0.5998096185240197,25,30,0
22,6463,0.05070663809484932,0.23988708321888752,0.10959353511105953,0.5998127435752,25,30,0
22,6464,0.05070765494130865,0.23988646867100616,0.10959313282936098,0.5998127435583205,25,30,0
22,6465,0.05070459008741669,0.23988646867097954,0.10959313284122009,0.5998158084003802,25,30,0
22,6466,0.05070380039841015,0.23988646867097224,0.10959313118605268,0.5998165997445619,25,30,0
22,6467,0.05070984700188706,0.23988054879446755,0.10959300445845989,0.5998165997451818,25,30,0
22,6468,0.05071676605748428,0.23987375543889972,0.1095928787511243,0.5998165997524879,25,30,0
22,6469,0.050713891386516,0.23987662312944022,0.1095928857338907,0.5998165997501493,25,30,0
22,6470,0.05071089445665953,0.23987662312943162,0.10959288359436434,0.5998195988195412,25,30,0
22,6471,0.0507138219789348,0.239873693220577,0.10959288598098572,0.5998195988194991,25,30,0
22,6472,0.05071189617423585,0.2398756251031497,0.10959287991271802,0.5998195988098931,25,30,0
22,6473,0.053440897160458266,0.23987562508377958,0.1068638796483929,0.5998195981073658,25,30,0
22,6474,0.053441055152658,0.23990678206371915,0.106832564696097,0.5998195980875219,25,30,0
22,6475,0.05344013127716996,0.23990824378445455,0.10683202684080802,0.5998195980975635,25,30,0
22,6476,0.05344018483842482,0.2399082437844633,0.10683202552732589,0.5998195458497823,25,30,0
22,6477,0.05344310949908302,0.23987384966755523,0.10686349496422631,0.5998195458691317,25,30,0
22,6478,0.05344100334054226,0.2398738496665015,0.10686338007491453,0.5998217669180385,25,30,0
22,6479,0.05344705575738005,0.23987384966908823,0.10686343595227794,0.5998156586212512,25,30,0
22,6480,0.05344398882786416,0.23987384966909675,0.10686343506524379,0.5998187264377927,25,30,0
22,6481,0.053444893021787,0.23987384966650946,0.1068633816283072,0.5998178756833937,25,30,0
22,6482,0.05344367880917823,0.23987506988469304,0.10686337562809489,0.5998178756780311,25,30,0
22,6483,0.053446721779536806,0.23987506988467414,0.10686338326154232,0.5998148250742442,25,30,0
22,6484,0.053048567937901296,0.23987507060170526,0.10726137703078416,0.5998149844296067,25,30,0
22,6485,0.05305235066076908,0.23987507060174773,0.10726129507410231,0.5998112836633788,25,30,0
22,6486,0.054167979385326366,0.23987507060396124,0.1076247003801806,0.5983322496305298,25,30,0
22,6487,0.05417097344143012,0.23987507060395236,0.10762470027045241,0.5983292556841632,25,30,0
22,6488,0.03133679047518037,0.2398750700449769,0.13045904440171568,0.5983290950781258,25,30,0
22,6489,0.031335890180922414,0.23866899577413025,0.13166601897930771,0.5983290950656383,25,30,0
22,6490,0.03133886892944382,0.2386689957741302,0.13166829968028074,0.5983238356161439,25,30,0
22,6491,0.031339789113074105,0.23990633608107134,0.13043003919661,0.5983238356092432,25,30,0
22,6492,0.031336828013738535,0.23990927686500046,0.1304300595019356,0.5983238356193241,25,30,0
22,6493,0.0313337951495591,0.23991230917596998,0.13043006005510285,0.5983238356193666,25,30,0
22,6494,0.023013408649355627,0.23991255740132492,0.13875020559479542,0.5983238283545229,25,30,0
22,6495,0.006286233390881705,0.23991256191441,0.1554105986680591,0.5983906060266453,25,30,0
22,6496,0.006277605589870974,0.23991255731064695,0.1554859880288097,0.5983238490706683,25,30,0
22,6497,0.006280622610924293,0.23991255731072714,0.15548595248561925,0.5983208675927255,25,30,0
22,6498,0.005171898018623948,0.23991255730853955,0.1551226653310849,0.5997928793417504,25,30,0
22,6499,0.005173007800153113,0.2399125573090857,0.15512270326772715,0.5997917316230329,25,30,0
22,6500,0.0051709419762848065,0.23991255730911173,0.15512046637276383,0.5997960343418384,25,30,0
22,6501,0.005167157512099544,0.23991255730906905,0.15512034846706815,0.5997999367117619,25,30,0
22,6502,0.005287486353057031,0.23991255731128155,0.15512064338906126,0.5996793129465988,25,30,0
22,6503,0.005287504302703635,0.23991255731126312,0.15512064203332,0.5996792963527117,25,30,0
22,6504,0.005287538606193167,0.23991214203565306,0.15512102301075087,0.5996792963474014,25,30,0
22,6505,0.005284542409984779,0.23991214203566166,0.15512102311328113,0.5996822924410705,25,30,0
22,6506,0.005288497316504123,0.23991214203563388,0.15512102354675833,0.5996783371011021,25,30,0
22,6507,0.005283356791485014,0.2399121420350701,0.1551209822677673,0.5996835189056761,25,30,0
22,6508,0.005294378055149596,0.23991214203509884,0.15512103606401215,0.5996724438457377,25,30,0
22,6509,0.005294326113051128,0.23991214203510683,0.1551210349488867,0.599672496902954,25,30,0
22,6510,0.005294220512505882,0.2399121420350802,0.15512103403855096,0.5996726034138614,25,30,0
22,6511,0.005291260781987046,0.23991214203507102,0.155121031946177,0.5996755652367635,25,30,0
22,6512,0.005294581166611951,0.23991214195727958,0.15504905017387205,0.5997442267022352,25,30,0
22,6513,0.005294510459072345,0.23991214195727004,0.155049041062383,0.5997443065212729,25,30,0
22,6514,0.008018666243478256,0.24051199485458483,0.15172433005518218,0.5997450088467532,25,30,0
22,6515,0.008015668835244839,0.24048371472011987,0.15175560760021903,0.5997450088444147,25,30,0
22,6516,0.00783335918841086,0.2404976346434711,0.15192399727420014,0.5997450088939149,25,30,0
22,6517,0.007829383626448298,0.2404976346434367,0.15192399571457002,0.5997489860155418,25,30,0
22,6518,0.007821201896265676,0.2405054288464324,0.15192438323760807,0.5997489860196903,25,30,0
22,6519,0.007824145322570497,0.24050542884643236,0.15192658408147156,0.5997438417495223,25,30,0
22,6520,0.007824127189269269,0.24050542884641452,0.15192658277441273,0.5997438611899008,25,30,0
22,6521,0.007825056163490104,0.2404732364971215,0.15195784614928134,0.5997438611901046,25,30,0
22,6522,0.007828053910929344,0.2404732364971132,0.1519579285550999,0.5997407810368549,25,30,0
22,6523,0.007826018814894796,0.24047323649714886,0.16592345151800206,0.5857772931699513,25,30,0
22,6524,0.0078231077515544,0.24047323649716712,0.16592345142685583,0.5857802043244195,25,30,0
22,6525,0.007826247257430318,0.24047323649730226,0.1659234621539993,0.5857770540912656,25,30,0
22,6526,0.007833178201500592,0.24045906925887725,0.16593069881473707,0.5857770537248833,25,30,0
22,6527,0.007712657055524454,0.2404590692566726,0.16593040293709177,0.5858978707507093,25,30,0
22,6528,0.00771963012384952,0.24048356117608535,0.16589893794463934,0.5858978707554237,25,30,0
22,6529,0.007719680835559005,0.24048356117607658,0.1658989392360447,0.5858978187523178,25,30,0
22,6530,0.007718735742664696,0.2404845162478143,0.16589892925962504,0.5858978187498939,25,30,0
22,6531,0.00771873882247989,0.24048451624781447,0.16589892787318822,0.5858978170565153,25,30,0
22,6532,0.007718556040125305,0.24048452069615744,0.16204109625364585,0.5897558270100692,25,30,0
22,6533,0.007720343214339647,0.24048452069620102,0.16204110032717506,0.5897540357622825,25,30,0
22,6534,0.00772626495216552,0.2404874645374697,0.16203223474842043,0.5897540357619429,25,30,0
22,6535,0.007728278770421542,0.24048746453743391,0.16203219020639226,0.5897520664857511,25,30,0
22,6536,0.007725351714930179,0.2404874645374433,0.16203219234239385,0.5897549914052315,25,30,0
22,6537,0.007718708064180657,0.24048746002028754,0.16203884050549536,0.5897549914100363,25,30,0
22,6538,0.007730724607716797,0.2404874600203942,0.16203664878588872,0.5897451665860001,25,30,0
22,6539,0.007731635985490577,0.2404874600204111,0.16203665007393792,0.5897442539201598,25,30,0
22,6540,0.007731637304469038,0.24048746002041124,0.16203664871415938,0.5897442539609596,25,30,0
22,6541,0.007743586124427516,0.24048746002239,0.16203670493270794,0.5897322489204739,25,30,0
22,6542,0.0077355298502125155,0.24048746002236254,0.16203673994177292,0.5897402701856514,25,30,0
22,6543,0.007741518709563979,0.24048186524986526,0.16203634585500878,0.5897402701855614,25,30,0
22,6544,0.0049234437202635255,0.23988226974302695,0.1654547191549466,0.5897395673817604,25,30,0
22,6545,0.004924389524343769,0.23988132089784353,0.16545472219358526,0.5897395673842251,25,30,0
22,6546,0.004914319351830473,0.23988132089787664,0.16545695229348376,0.589747407456806,25,30,0
22,6547,0.004902240113096389,0.23988132089577138,0.16545916414154593,0.5897572748495832,25,30,0
22,6548,0.004901684972281997,0.2398813164477323,0.16938468886400457,0.5858323097159791,25,30,0
22,6549,0.004896992121727558,0.23988558242833777,0.16938511545717871,0.5858323099927536,25,30,0
22,6550,0.004893017952527149,0.23988558242824953,0.1693850706426441,0.5858363289765764,25,30,0
22,6551,0.004893017021361296,0.23988558242825,0.16938507206060682,0.5858363284897795,25,30,0
22,6552,0.004893056838010153,0.2398855824282414,0.16964903280720903,0.585572327926537,25,30,0
22,6553,0.004900171896413392,0.23988558242828542,0.16965065458337747,0.5855635910919217,25,30,0
22,6554,0.004899260825432514,0.23988558242826882,0.1696506519049008,0.585564504841396,25,30,0
22,6555,0.00490222354557673,0.2398855824282413,0.16965065183090877,0.5855615421952717,25,30,0
22,6556,0.004898317811784516,0.23991189597233015,0.1696282440252873,0.5855615421905963,25,30,0
22,6557,0.004895391698970824,0.23991189597237475,0.16962824876167948,0.5855644635669734,25,30,0
22,6558,0.005354232890865341,0.23942421971858285,0.1696570832203178,0.5855644641702326,25,30,0
22,6559,0.0053542866831443655,0.2394242197185741,0.1696570845202948,0.5855644090779852,25,30,0
22,6560,0.005353392997579122,0.2394242197185561,0.15569147980092846,0.5995309074829351,25,30,0
22,6561,0.0053503964687726556,0.23942421971856453,0.15542524032272656,0.599800143489935,25,30,0
22,6562,0.005351002845363494,0.23942421971808261,0.15542630128641752,0.5997984761501364,25,30,0
22,6563,0.005350074536871679,0.23942495905147904,0.15542649026631522,0.5997984761453338,25,30,0
22,6564,0.005343118915987813,0.23943191362225635,0.15542649132611205,0.5997984761356431,25,30,0
22,6565,0.0053431275683348154,0.23944613250904012,0.15541226378763665,0.5997984761349884,25,30,0
22,6566,0.005341200540219114,0.23944613250896915,0.155412258214596,0.5998004087362163,25,30,0
22,6567,0.005346362052653774,0.23943191806276784,0.15542131100677184,0.5998004088778046,25,30,0
22,6568,0.004887838330284055,0.201023489841643,0.19428826353989645,0.599800408288172,25,30,0
22,6569,0.010601163822815906,0.21376675280008453,0.17583167520408186,0.5998004081730134,25,30,0
22,6570,0.01061196837330441,0.21457815829227989,0.175009465154215,0.5998004081801959,25,30,0
22,6571,0.010614964464474852,0.21457815829229776,0.17500946542666276,0.5997974118165604,25,30,0
22,6572,0.010618099043742066,0.21457482009519932,0.17500966904432783,0.5997974118167266,25,30,0
22,6573,0.010621079025069598,0.21457184063916906,0.17500966851669117,0.5997974118190659,25,30,0
22,6574,0.010621010431917783,0.2145718406391597,0.17500966792128816,0.5997974810076302,25,30,0
22,6575,0.010621009507713148,0.21457184063916,0.17500966648895894,0.5997974833641636,25,30,0
22,6576,0.010621149062531324,0.21457184063916077,0.17500966760355335,0.5997973426947503,25,30,0
22,6577,0.010621219268064646,0.21457184063918766,0.1750096710345519,0.5997972690581916,25,30,0
22,6578,0.010632087807381422,0.21457184064073848,0.17500969771924402,0.5997863738326322,25,30,0
22,6579,0.010631912680654181,0.21457184064075524,0.1750096974068824,0.5997865492717043,25,30,0
22,6580,0.010634896702562825,0.21457184064073856,0.17501132181752088,0.5997819408391739,25,30,0
22,6581,0.010634859984648843,0.2145718406407304,0.1750113221661208,0.599781977208496,25,30,0
22,6582,0.010631707887699394,0.21457537911456798,0.17501093578940047,0.5997819772083284,25,30,0
22,6583,0.010635669752155439,0.21457537911458488,0.17501093942037133,0.5997780117128846,25,30,0
22,6584,0.010632761887912902,0.21457773586163184,0.17501149053253567,0.5997780117179158,25,30,0
22,6585,0.0106357406368699,0.21457476189619806,0.17501148574905503,0.5997780117178735,25,30,0
22,6586,0.010631832497780425,0.21457476189618088,0.17501148215663398,0.5997819234494011,25,30,0
22,6587,0.01063980201929096,0.2145669776107861,0.1750112969109389,0.5997819234589806,25,30,0
22,6588,0.010639868378971564,0.2145669776107956,0.17501129757791947,0.5997818564323103,25,30,0
22,6589,0.010639884451059749,0.21456697761080457,0.17501129827334075,0.5997818396647916,25,30,0
22,6590,0.010641947435248296,0.21456697761075216,0.17500901507741726,0.5997820598765796,25,30,0
22,6591,0.01063916366431618,0.21456697761078034,0.1750090210506295,0.5997848376742714,25,30,0
22,6592,0.010641985151481634,0.21456697761073446,0.17500901502759544,0.5997820222101857,25,30,0
22,6593,0.010641984895327623,0.21456659429128322,0.17500939860319698,0.5997820222101893,25,30,0
22,6594,0.01064212606756933,0.21413036983809608,0.17544548187681802,0.5997820222175139,25,30,0
22,6595,0.010645349494411425,0.2141303698381341,0.17544556734862116,0.5997787133188307,25,30,0
22,6596,0.010637422670705452,0.21413036983655684,0.1754455366845722,0.5997866708081628,25,30,0
22,6597,0.010637402298081642,0.2141303698365935,0.17544554015410285,0.5997866877112193,25,30,0
22,6598,0.010635337065332862,0.21413036983665534,0.17544554316163463,0.5997887499363744,25,30,0
22,6599,0.010639255655362754,0.21413036985050624,0.1758169030067987,0.5994134714873294,25,30,0
22,6600,0.010706190404925056,0.21413036983936246,0.17544883793631744,0.5997146018193922,25,30,0
22,6601,0.010717173212030135,0.21413036983944267,0.17544896059516404,0.5997034963533602,25,30,0
22,6602,0.005001461709617702,0.24137239102266028,0.1539226509449427,0.5997034963227762,25,30,0
22,6603,0.005001533027078262,0.24137239102266936,0.15392264960067836,0.5997034263495711,25,30,0
22,6604,0.005001466924947364,0.2413723910226609,0.15392264898956246,0.5997034930628264,25,30,0
22,6605,0.005002261802320197,0.24137239102266922,0.15392264181042428,0.5997027053645837,25,30,0
22,6606,0.005002173385396006,0.24137304013006392,0.15392208112736733,0.59970270535717,25,30,0
22,6607,0.005135544346133232,0.24137304016127065,0.1537887688890633,0.5997026466035313,25,30,0
22,6608,0.0051385420313619,0.24136256651194846,0.15379624485311758,0.5997026466035705,25,30,0
22,6609,0.005139522911185862,0.24136157594451205,0.1537962545357901,0.5997026466085105,25,30,0
22,6610,0.005137475592506083,0.24136157594451008,0.1537962817742691,0.599704666688713,25,30,0
22,6611,0.005070680966780935,0.24136157594189972,0.15379136955447215,0.5997763735368454,25,30,0
22,6612,0.005074641636638952,0.24136157594192628,0.15379141188777035,0.5997723705336626,25,30,0
22,6613,0.005072430354698185,0.24092809504738916,0.15422710434093972,0.5997723702569726,25,30,0
22,6614,0.005065330709875265,0.24092809504734952,0.1542320851340024,0.5997744891087727,25,30,0
22,6615,0.005066345023709311,0.2409280950473504,0.15423867788359139,0.5997668820453488,25,30,0
22,6616,0.005066276698939252,0.24092809504732365,0.15423867389378243,0.5997669543599546,25,30,0
22,6617,0.017070426574621888,0.24092809503057025,0.14141867091400034,0.6005828074808057,25,30,0
22,6618,0.017078342937741086,0.24091984541053443,0.14141900415882258,0.6005828074928999,25,30,0
22,6619,0.017087381490153073,0.24091984541058725,0.14141238876211462,0.600580384337143,25,30,0
22,6620,0.01708438404136635,0.23921272851320588,0.14312250310832553,0.6005803843371003,25,30,0
22,6621,0.017078646700212773,0.23840106578398484,0.14393990317823685,0.6005803843375661,25,30,0
22,6622,0.017070802370236168,0.23840106578389744,0.14403204576622713,0.6004960860796398,25,30,0
22,6623,0.01707477583431436,0.23840106578394032,0.14403204933554922,0.6004921090461967,25,30,0
22,6624,0.017071726592849213,0.23840106578392292,0.14403216692473206,0.6004950406984964,25,30,0
22,6625,0.017073107162565628,0.2384150740350966,0.1440167780730474,0.600495040729291,25,30,0
22,6626,0.017069271103022546,0.23841507403507126,0.14401677583328173,0.6004988790286251,25,30,0
22,6627,0.017065253729301514,0.23841507403502502,0.14401669751394774,0.6005029747217262,25,30,0
22,6628,0.004933018925192711,0.23841507402081494,0.12157256606747419,0.6350793409865192,25,30,0
22,6629,0.004933142681783757,0.2384150740207982,0.12157256636710864,0.6350792169303103,25,30,0
22,6630,0.0049142423918265956,0.2384345091280969,0.12157203156910269,0.6350792169109745,25,30,0
22,6631,0.004910021992160198,0.23736904183870144,0.12264171924937423,0.6350792169197611,25,30,0
22,6632,0.004909091003426133,0.23736904183864843,0.12264171492507886,0.6350801522328439,25,30,0
22,6633,0.004921363821491439,0.23734878986539557,0.12264969310488333,0.6350801532082272,25,30,0
22,6634,0.004922327451009767,0.23734878986545876,0.12264972650334319,0.6350791561801856,25,30,0
22,6635,0.004929407208412585,0.23734878986555752,0.12264963604337244,0.6350721668826548,25,30,0
22,6636,0.004929304224982738,0.23733823215793554,0.12266029672719564,0.6350721668898833,25,30,0
22,6637,0.004932426112224703,0.23733823215805241,0.12266030566216203,0.6350690360675583,25,30,0
22,6638,0.004932424896953532,0.23733823215805208,0.12266030564825264,0.6350690372967389,25,30,0
22,6639,0.004995299503285882,0.23733823216020652,0.12266045116913114,0.6350060171673736,25,30,0
22,6640,0.004991754241423284,0.23842794810441803,0.12157428053021536,0.6350060171239407,25,30,0
22,6641,0.004998745898255217,0.2401387416780414,0.11985649514961354,0.6350060172740876,25,30,0
22,6642,0.004989592395579248,0.24013874189233797,0.1198656491530305,0.6350060165590512,25,30,0
22,6643,0.0049835497725259185,0.23842703649003702,0.12158339732349738,0.6350060164139358,25,30,0
22,6644,0.004914684698820921,0.23842703648789076,0.12158321243493303,0.6350750663783514,25,30,0
22,6645,0.004918937070962864,0.23842703648785918,0.12158323933628477,0.63507078710489,25,30,0
22,6646,0.004915852857644806,0.21011421996122284,0.14989914008356264,0.6350707870975667,25,30,0
22,6647,0.004904699979227681,0.21011421996123947,0.14989911163926778,0.6350819684202621,25,30,0
22,6648,0.004915884653764907,0.21053911479348955,0.14946303212496956,0.6350819684277724,25,30,0
22,6649,0.0049188675245469835,0.210539114794566,0.14971451116453063,0.6348275065163531,25,30,0
22,6650,0.005668171877336924,0.21053911480458043,0.14980580733214066,0.633986905985939,25,30,0
22,6651,0.005672094023443991,0.21053911480464163,0.1498058107434649,0.6339829804284467,25,30,0
22,6652,0.005661111400174831,0.21053911480456267,0.14980580214031275,0.6339939716549474,25,30,0
22,6653,0.005663125659344372,0.21052917265397486,0.14981373003432882,0.6339939716523497,25,30,0
22,6654,0.005659987779622041,0.21052917265385787,0.14981372262014786,0.6339971169463701,25,30,0
22,6655,0.0056599693623710125,0.2105402421229347,0.1498026715732105,0.6339971169414816,25,30,0
22,6656,0.03119441828930876,0.2105402430246423,0.12426820228774908,0.6339971363982979,25,30,0
22,6657,0.03127211741500193,0.21046235760647744,0.12426838827790306,0.6339971367006157,25,30,0
22,6658,0.03127511485235918,0.210462357606469,0.12426838819718389,0.6339941393439862,25,30,0
22,6659,0.031263915109831536,0.210473593103949,0.12426835245424771,0.6339941393319699,25,30,0
22,6660,0.0312639511141909,0.21047359310395325,0.12426186178023914,0.6340005940016147,25,30,0
22,6661,0.03128625643032737,0.20938976105913448,0.12532338848862093,0.6340005940219168,25,30,0
22,6662,0.03128233308227815,0.2093897610590373,0.12532338224504727,0.6340045236136368,25,30,0
22,6663,0.03128611385876464,0.20938976105907972,0.12523112002705744,0.6340930050550984,25,30,0
22,6664,0.03053591635907691,0.20938976104902912,0.12513979249985657,0.6349345300920377,25,30,0
22,6665,0.030787027305456446,0.23789019908745346,0.09638824320445412,0.634934530402636,25,30,0
22,6666,0.030786973175173992,0.23789019908744408,0.09676124216186137,0.6345615855755212,25,30,0
22,6667,0.03078546988705262,0.23789019908724307,0.09217314093085588,0.6391511900948488,25,30,0
22,6668,0.030781387886950954,0.23789019908720835,0.09217313792582721,0.6391552751000138,25,30,0
22,6669,0.030775398872924305,0.23789019908722683,0.09217322173217075,0.6391611803076784,25,30,0
22,6670,0.03069769945645968,0.2379680820195513,0.0921730385186704,0.6391611800053191,25,30,0
22,6671,0.0011395040781531133,0.23796818408293402,0.12058519879927915,0.6403071130396338,25,30,0
22,6672,0.0011665755418890666,0.23796818408919626,0.12523958178758648,0.6356256585813267,25,30,0
22,6673,0.0011716805239917949,0.23796818409026893,0.12523961365424055,0.6356205217314971,25,30,0
22,6674,0.0011736920925715225,0.23968391781560278,0.1235218683605948,0.6356205217312295,25,30,0
22,6675,0.0011777388568759246,0.2396877949225554,0.12351394448687815,0.6356205217336894,25,30,0
22,6676,0.0011776841054423155,0.23968779492251813,0.12351394940656707,0.6356205715654708,25,30,0
22,6677,0.0011744957606384802,0.23968779492251735,0.12351403104846724,0.6356236782683752,25,30,0
22,6678,0.0011774908543060623,0.2396877949225261,0.12351394944600927,0.6356207647771569,25,30,0
22,6679,0.001179956328469889,0.23968779492273465,0.12351626622774355,0.6356159825210507,25,30,0
22,6680,0.0011869459157770675,0.23968779492277936,0.12351615408385637,0.6356091050775862,25,30,0
22,6681,0.0011901350021727357,0.23968779492274417,0.12351615152293917,0.6356059185521431,25,30,0
22,6682,0.001193846422076411,0.23968779492279463,0.12351615356857756,0.6356022050865505,25,30,0
22,6683,0.001186821118116572,0.23968779492274161,0.12351615021839202,0.635609233740749,25,30,0
22,6684,0.001189816217151694,0.23968779492275089,0.1235161483446603,0.6356062405154365,25,30,0
22,6685,0.0011869436776062283,0.23968779492276027,0.1235161504739829,0.63560911092565,25,30,0
22,6686,0.0011898906436752928,0.23968422316820573,0.12351677470269774,0.6356091114854204,25,30,0
22,6687,0.0011898386966015632,0.23968422316821453,0.1235168032750672,0.6356091348601159,25,30,0
22,6688,0.011007544621555699,0.23968933227598718,0.11483945137701408,0.6344636717254426,25,30,0
22,6689,0.011010733197503973,0.23968933227598854,0.11446645189973705,0.6348334826267699,25,30,0
22,6690,0.011022661348810707,0.2396764596987633,0.11446739630624186,0.6348334826461834,25,30,0
22,6691,0.011029582885133733,0.2396764596987797,0.11447210034833455,0.6348218570677513,25,30,0
22,6692,0.011490712440982227,0.23967645969889528,0.11447225000235145,0.6343605778577706,25,30,0
22,6693,0.01149087179397674,0.23967645969893223,0.11447233421993336,0.6343603342871571,25,30,0
22,6694,0.011480992348874014,0.2396872400155225,0.11447143336019111,0.6343603342754117,25,30,0
22,6695,0.011477068663356302,0.23968724001547914,0.11447613184316051,0.6343595594780034,25,30,0
22,6696,0.011477921464564132,0.23968724001441932,0.11422465441966131,0.6346101841013548,25,30,0
22,6697,0.011472321071092138,0.23968724001418434,0.11422233617843391,0.6346181027362889,25,30,0
22,6698,0.011467162214467218,0.23968724001310288,0.11422230415674062,0.6346232936156887,25,30,0
22,6699,0.0114672845799295,0.23968724001309444,0.11422230309175888,0.6346231723152167,25,30,0
22,6700,0.011467231446120474,0.23968724001310268,0.11421760157901918,0.6346279269617568,25,30,0
22,6701,0.011494481329138585,0.23966734806625364,0.11421017933979606,0.6346279912648122,25,30,0
22,6702,0.011491519099535464,0.2396703124639501,0.11421017717395769,0.634627991262557,25,30,0
22,6703,0.011489485836383626,0.23967215054331512,0.11421037235783019,0.6346279912624716,25,30,0
22,6704,0.01149662416794341,0.23967215054496654,0.11421052084560217,0.6346207044414884,25,30,0
22,6705,0.011493559380693977,0.23967215054497515,0.11421054874543714,0.6346237413288943,25,30,0
22,6706,0.011465557691577366,0.2396721505386593,0.10955607895683375,0.6393062128129301,25,30,0
22,6707,0.011214446046625455,0.23992314593095124,0.10955619551987658,0.6393062125025467,25,30,0
22,6708,0.011221507862503002,0.2399159400070547,0.10955633961606354,0.6393062125143788,25,30,0
22,6709,0.011223382662271823,0.23991410961615056,0.10955629520768459,0.6393062125138925,25,30,0
22,6710,0.011223312178832772,0.23991410961612364,0.10955629316974043,0.639306285035303,25,30,0
22,6711,0.011222383466499113,0.23991410961607987,0.10955629152748939,0.6393072153899317,25,30,0
22,6712,0.01121931335687039,0.23991411569355303,0.10955935584701156,0.6393072151025645,25,30,0
22,6713,0.01122719077293556,0.2399141095120035,0.10955148460281741,0.6393072151122431,25,30,0
22,6714,0.01122720737640322,0.23991410951200426,0.10955160177613817,0.6393070813354537,25,30,0
22,6715,0.011216263497159817,0.23991411564074205,0.1095625395363919,0.6393070813257056,25,30,0
22,6716,0.01076212411244564,0.23991411564065246,0.10956239320077199,0.6397613670461295,25,30,0
22,6717,0.010762193088239445,0.23991411564066198,0.1095623918937244,0.6397612993773737,25,30,0
22,6718,0.010754284402494764,0.2399115322011925,0.10957288403084356,0.639761299365469,25,30,0
22,6719,0.01074722133464459,0.2399187363679002,0.10957274294177748,0.6397612993556773,25,30,0
22,6720,0.010749289053618372,0.23991691959735387,0.10957249199806957,0.6397612993509576,25,30,0
22,6721,0.0003965131282212158,0.23991171204262904,0.11993096495849237,0.6397608098706556,25,30,0
22,6722,0.00039265903316358403,0.23991171204256825,0.1199309331240093,0.6397646958002575,25,30,0
22,6723,0.00038962737276520274,0.23990402540715433,0.11994165141969716,0.6397646958003822,25,30,0
22,6724,0.0005777858222967914,0.23990402505615857,0.11975355731775153,0.6397646318037914,25,30,0
22,6725,0.000573763949344156,0.2399040250545067,0.11975340927240045,0.6397688017237468,25,30,0
22,6726,0.0005766362456193568,0.23990402505446956,0.11975332596675087,0.639766012733158,25,30,0
22,6727,0.000577798999363157,0.23990402505452596,0.11975332613745686,0.6397648498086516,25,30,0
22,6728,0.0005809173321370511,0.23990402505456174,0.11975321118568794,0.6397618464276112,25,30,0
22,6729,0.000587907809218783,0.23989704051093416,0.11975320524492568,0.6397618464349193,25,30,0
22,6730,0.0005920982443856921,0.23989704051096303,0.11975322208563169,0.639757639159018,25,30,0
22,6731,0.0005990582825676291,0.2399009330191339,0.11974236953468202,0.6397576391636147,25,30,0
22,6732,0.0003616622919639572,0.23990093301043333,0.11997976586034845,0.6397576388372527,25,30,0
22,6733,0.00036167827529863576,0.23990093301044227,0.11997973820660623,0.6397576505076513,25,30,0
22,6734,0.00035789386356706163,0.23990093301039114,0.11997973553848361,0.6397614375875573,25,30,0
22,6735,0.00036070576758320436,0.23990093301036947,0.11997970988845383,0.6397586513335926,25,30,0
22,6736,0.0003610140880744357,0.24022162206989844,0.1196584838184687,0.6397588800235586,25,30,0
22,6737,0.0003610157266143262,0.24022162206991646,0.11965848557970574,0.6397588766237637,25,30,0
22,6738,0.0005913113836132568,0.24022162207308065,0.11965406632135112,0.6395330002219553,25,30,0
22,6739,0.0005942548516815602,0.24022162207308093,0.11965406684247101,0.6395300562327667,25,30,0
22,6740,0.0003578953702615149,0.2402216220699165,0.11965378274378632,0.6397666998160357,25,30,0
22,6741,0.0003609618712416662,0.24021911597427403,0.11965322233849694,0.6397666998159877,25,30,0
22,6742,0.000375893651436202,0.24021911597437168,0.11991939036806105,0.6394856000061313,25,30,0
22,6743,0.00037888992125559637,0.24021946531901223,0.1199160447535996,0.6394856000061317,25,30,0
22,6744,0.0003923746322217728,0.24134129087707493,0.11878073448432926,0.6394856000063728,25,30,0
22,6745,0.0003923935846142939,0.24134126639556094,0.11878074001357307,0.6394856000062495,25,30,0
22,6746,0.0003892611774033527,0.24134126639556938,0.11878073912284684,0.639488733304178,25,30,0
22,6747,0.0003757250144094401,0.24021908536702205,0.11991645631228877,0.6394887333062779,25,30,0
22,6748,0.0003863665359108329,0.23989839178940847,0.12022671589167062,0.639488525783007,25,30,0
22,6749,0.0003824405893046969,0.2399021923190919,0.12022684131318519,0.6394885257784155,25,30,0
22,6750,0.00037840985012143664,0.23990621935083556,0.12022684502546861,0.6394885257735718,25,30,0
22,6751,0.00037875798420191747,0.23990610675865987,0.12022661002364694,0.6394885252334874,25,30,0
22,6752,0.0003787591707914252,0.23990610675866872,0.12022669267855346,0.6394884413919827,25,30,0
22,6753,0.0003767281042443664,0.23990813012526654,0.1202267003759937,0.6394884413944917,25,30,0
22,6754,0.00037765672953556697,0.23990813012530177,0.12022681921492163,0.6394873939302371,25,30,0
22,6755,0.00037474957970076917,0.23990813012529266,0.1202269009966813,0.639490219298322,25,30,0
22,6756,0.0003726127729050254,0.23991025496758692,0.12022691295659133,0.639490219302914,25,30,0
22,6757,0.0006000602847172719,0.23997929954136532,0.11993042056161433,0.6394902196123026,25,30,0
22,6758,0.0005932786343074471,0.23997929954133987,0.11993041781176973,0.6394970040125824,25,30,0
22,6759,0.0005972381068537005,0.23997929954134814,0.11993036533250988,0.6394930970192877,25,30,0
22,6760,0.000366861851002213,0.2399102549620363,0.12022978647935942,0.6394930967076005,25,30,0
22,6761,0.00036367405778969347,0.23991025496203533,0.1202297860761541,0.6394962849040196,25,30,0
22,6762,0.0003605023650107687,0.23991025496203428,0.12022978753928379,0.6394994551336706,25,30,0
22,6763,0.00036050265647406,0.23991025496203489,0.12022978616346465,0.6394994562180261,25,30,0
22,6764,0.00036344711711138713,0.23990731693504636,0.12022977972735266,0.6394994562204893,25,30,0
22,6765,0.0003655149771459842,0.23990525735754858,0.12022977145212867,0.6394994562131765,25,30,0
22,6766,0.00036153821184875973,0.2399052573575226,0.12022974011733618,0.6395034643132922,25,30,0
22,6767,0.00043131813433882455,0.23990560601499747,0.1201596112399241,0.6395034646107393,25,30,0
22,6768,0.0004283219167220319,0.2399080492891642,0.12016016418099358,0.6395034646131198,25,30,0
22,6769,0.0004311786327960955,0.2399080492891295,0.12016016280739712,0.639500609270677,25,30,0
22,6770,0.00043203611793820115,0.23990804928914644,0.134125696218532,0.6255342183743836,25,30,0
22,6771,0.0004349797388939205,0.23990804928914675,0.13412569626548565,0.6255312747064738,25,30,0
22,6772,0.00043795789780446564,0.23990804928915502,0.1341256952573391,0.6255282975557013,25,30,0
22,6773,0.00043816932972913036,0.23990804928918347,0.13412581322137557,0.6255279681597119,25,30,0
22,6774,0.00043529587490799223,0.23990804928919318,0.13412581248691818,0.6255308423489807,25,30,0
22,6775,0.00043544442521021036,0.2399073343037864,0.13412637891432558,0.6255308423566778,25,30,0
22,6776,0.04034646685041456,0.23990736356486037,0.09421532635187227,0.625530843232853,25,30,0
22,6777,0.04034436443487894,0.23990736356489598,0.09421544777807002,0.6255328242221554,25,30,0
22,6778,0.04034037015775188,0.23990736356482528,0.09421532782206514,0.6255369384553581,25,30,0
22,6779,0.04033946098582944,0.23990736356482611,0.09421532894510717,0.6255378465042377,25,30,0
22,6780,0.040339464096220565,0.2399073635648258,0.094215328975439,0.625537843363515,25,30,0
22,6781,0.0403394454101349,0.23990736356479928,0.09421536440580928,0.6255378266192568,25,30,0
22,6782,0.040332388959400084,0.23990736356478093,0.09421546555897513,0.6255447819168439,25,30,0
22,6783,0.04032135403054497,0.23990761664992427,0.09422626857180603,0.6255447607477229,25,30,0
22,6784,0.04031842697109628,0.2399076166499335,0.09422638512912705,0.6255475712498416,25,30,0
22,6785,0.040325330776799555,0.23990761664995935,0.09422789375504027,0.6255391588181992,25,30,0
22,6786,0.04032521164638394,0.23990761664994265,0.09422789448444555,0.6255392772192262,25,30,0
22,6787,0.04032813300805007,0.2399076166499237,0.09422777707274455,0.62553647326928,25,30,0
22,6788,0.04032715290507165,0.2399084187243314,0.09422795510603449,0.6255364732645614,25,30,0
22,6789,0.040257426096485756,0.23990806995971392,0.09429803097173753,0.6255364729720627,25,30,0
22,6790,0.040504190177621274,0.25776830654057403,0.07619103027654472,0.625536473005262,25,30,0
22,6791,0.04050622374080262,0.25776830654053906,0.0761909083886794,0.6255345613299806,25,30,0
22,6792,0.040509219632643714,0.25776587035921916,0.0761903486803262,0.6255345613278128,25,30,0
22,6793,0.04050636429214549,0.2577688503406564,0.07619022402960059,0.6255345613375988,25,30,0
22,6794,0.040506290811300714,0.2577689349147249,0.0761902129414905,0.625534561332485,25,30,0
22,6795,0.040518193142717436,0.25776733731461066,0.07617990819101571,0.6255345613516569,25,30,0
22,6796,0.040518123051985516,0.2577673373146099,0.07617990806834998,0.6255346315650553,25,30,0
22,6797,0.040515196110223875,0.25776733731463564,0.07617990994638356,0.6255375566287575,25,30,0
22,6798,0.04051820728465744,0.25776451612819584,0.07617971995834853,0.6255375566287991,25,30,0
22,6799,0.04052115279897903,0.25776451612819534,0.07617971997646972,0.6255346110963563,25,30,0
22,6800,0.040521219246077295,0.2577645161282119,0.07617971922084829,0.6255345454048631,25,30,0
22,6801,0.04050632544652334,0.25777187591961165,0.07618725324582956,0.6255345453880361,25,30,0
22,6802,0.04050604376863864,0.2560547007020999,0.07790471015827896,0.6255345453709833,25,30,0
22,6803,0.040509039969910995,0.2560547007021087,0.07790471079579465,0.6255315485321865,25,30,0
22,6804,0.040509109609159454,0.2560547007021084,0.07790479314085669,0.6255313965478763,25,30,0
22,6805,0.04050220552321919,0.2560547007020829,0.07790316866883398,0.6255399251058651,25,30,0
22,6806,0.04050618475884086,0.2560547007020918,0.07790321091134458,0.6255359036277239,25,30,0
22,6807,0.04051309665644287,0.2560555117318319,0.07789548798170426,0.6255359036300221,25,30,0
22,6808,0.04051602330113219,0.2560525788109842,0.07789549426262343,0.6255359036252615,25,30,0
22,6809,0.04051598818107891,0.2560525788109666,0.07789549453855563,0.6255359384694001,25,30,0
22,6810,0.04051607428641911,0.2560524852687652,0.07789550197550481,0.6255359384693118,25,30,0
22,6811,0.04058695980022975,0.2560522321853695,0.04405608914993615,0.6593047188644651,25,30,0
22,6812,0.04059095344158476,0.25604823252688247,0.04405609516230769,0.6593047188692255,25,30,0
22,6813,0.04059100170231377,0.25604823252687336,0.044056094973252344,0.6593046707975609,25,30,0
22,6814,0.040590022588772576,0.2560482325268386,0.030090478267718258,0.6732712666166699,25,30,0
22,6815,0.04059002168276277,0.25604823252683845,0.030090478962948662,0.6732712668274493,25,30,0
22,6816,0.04083121521635154,0.2560482325290194,0.030090669956326633,0.6730298822983015,25,30,0
22,6817,0.040828070401535584,0.25605193733715653,0.030090109973126396,0.6730298822881804,25,30,0
22,6818,0.040828071605453146,0.2560519373371569,0.030090109329683666,0.6730298817277053,25,30,0
22,6819,0.04083205090713172,0.25605193733721854,0.030090115593540797,0.6730258961621078,25,30,0
22,6820,0.04082004421382401,0.2560519373371027,0.029823977179505298,0.6733040412695667,25,30,0
22,6821,0.04081797727000625,0.2565332693276245,0.029344712127580976,0.6733040412747867,25,30,0
22,6822,0.040821096660816736,0.256533269327625,0.02934471268894738,0.6733009213226094,25,30,0
22,6823,0.040821009950945314,0.25653335675045247,0.02934471197607241,0.6733009213225284,25,30,0
22,6824,0.040817020946198816,0.2565149525024641,0.029367105233604043,0.6733009213177317,25,30,0
22,6825,0.04081708950495895,0.25651495250246387,0.029367135208805163,0.6733008227837709,25,30,0
22,6826,0.04081996267126586,0.2565149525024458,0.02936713339900698,0.6732979514272803,25,30,0
22,6827,0.040817036659907976,0.2565149525024781,0.02937219747924241,0.6732958133583705,25,30,0
22,6828,0.04081693133894064,0.25651495250244655,0.029367103522882732,0.6733010126357292,25,30,0
22,6829,0.04081481267033916,0.25651495250247264,0.029367105871103742,0.6733031289560835,25,30,0
22,6830,0.040817946408260995,0.25651495250250017,0.029367107373420423,0.6732999937158176,25,30,0
22,6831,0.04081891033737391,0.256514952502535,0.029367109835436035,0.6732990273246547,25,30,0
22,6832,0.04074805515043423,0.2565149524993658,0.023218014968819155,0.6795189773813803,25,30,0
22,6833,0.0407480383502676,0.2565149524993384,0.023218016000961166,0.6795189931494322,25,30,0
22,6834,0.040748057519810574,0.2565149524993484,0.02321801818101089,0.6795189717998297,25,30,0
22,6835,0.04074800493901892,0.256515002498127,0.023218020763066824,0.6795189717997866,25,30,0
22,6836,0.0407489337962964,0.25651500249816195,0.02321798436618689,0.679518079339354,25,30,0
22,6837,0.040523667498394776,0.2565150024976386,0.023217939225371617,0.679743390778594,25,30,0
22,6838,0.04052361425716567,0.25651500249765574,0.02321785698138087,0.6797435262637969,25,30,0
22,6839,0.04052065648109437,0.25650745120315965,0.023228366049567385,0.6797435262661778,25,30,0
22,6840,0.0405177991488116,0.2565074512031873,0.023228367578060634,0.6797463820699399,25,30,0
22,6841,0.040272892571895175,0.27863347629338825,0.0013472490908916057,0.679746382043824,25,30,0
22,6842,0.040275013568249515,0.27863347629338003,0.0013472492423065438,0.6797442608960627,25,30,0
22,6843,0.04027593250151114,0.27863347629341634,0.0013473292579471619,0.6797432619471241,25,30,0
22,6844,0.04027282863116776,0.2786334762934166,0.0013474156145104705,0.6797462794609036,25,30,0
22,6845,0.04026984927325491,0.2786364550816953,0.001347416184103229,0.6797462794609452,25,30,0
22,6846,0.04027682111954021,0.27862948022938744,0.0013474191854490943,0.679746279465622,25,30,0
22,6847,0.0402768552540664,0.2786298037215426,0.001347061544224108,0.6797462794801657,25,30,0
22,6848,0.04027483530696819,0.2786298037226468,0.0013470189312960624,0.6797483420390878,25,30,0
22,6849,0.04027769140755044,0.2786298037226191,0.0013470173440135685,0.6797454875258159,25,30,0
22,6850,0.040269776900001816,0.2786298037225926,0.001346907418098077,0.6797535119593064,25,30,0
22,6851,0.04026591788114692,0.27862593997188334,0.0013546301921640311,0.679753511954804,25,30,0
22,6852,0.04026292136690292,0.27862593997190094,0.0013546284454934374,0.6797565102157012,25,30,0
22,6853,0.016906995495197294,0.27862591179714113,0.024710567376964955,0.6797565253306951,25,30,0
22,6854,0.016907971901078532,0.27862591179600854,0.02471052948536558,0.6797555868175458,25,30,0
22,6855,0.01690795656922395,0.2786259117960098,0.02471053046400036,0.6797556011707645,25,30,0
22,6856,0.026721838377609056,0.2786259168231135,0.014895047466939428,0.6797571973323363,25,30,0
22,6857,0.02678571581249535,0.2786259168253044,0.01489523706078364,0.6796931303014149,25,30,0
22,6858,0.026774704669892797,0.27862591682368193,0.028861139478356845,0.6657382390280673,25,30,0
22,6859,0.026707903879695568,0.2786259168220359,0.02886099196290752,0.66580518733536,25,30,0
22,6860,0.026707888134128478,0.27862591682201804,0.028865692731423982,0.6658005023124284,25,30,0
22,6861,0.026705944495364283,0.2786275076223023,0.028866045589336687,0.6658005022929955,25,30,0
22,6862,0.02672990030401606,0.2632103097690967,0.04425928759988577,0.6658005023270022,25,30,0
22,6863,0.02673491665862269,0.2632103097691151,0.04438878512274019,0.6656659884495226,25,30,0
22,6864,0.02677482879316496,0.27856340865687157,0.028995773839227804,0.6656659887107346,25,30,0
22,6865,0.026767924361505456,0.2785634086568374,0.02899576838886737,0.6656728985927888,25,30,0
22,6866,0.026767872599156802,0.27857119172571126,0.028988037070446525,0.665672898604684,25,30,0
22,6867,0.0267747764161026,0.2785711917252026,0.02898803833900192,0.6656659935196916,25,30,0
22,6868,0.026779985854433388,0.27856648955510566,0.028987530791723698,0.665665993798736,25,30,0
22,6869,0.026782859891285246,0.27856648955509655,0.028987530156337083,0.6656631203972799,25,30,0
22,6870,0.026770840289006944,0.27857092587656657,0.028995113725015505,0.6656631201094098,25,30,0
22,6871,0.02677083899699022,0.27858088413862403,0.028985156755012023,0.6656631201093723,25,30,0
22,6872,0.026782007902826487,0.2785382198996319,0.029016652075848984,0.6656631201216906,25,30,0
22,6873,0.026778975026278462,0.27853821989963223,0.02901195300091119,0.6656708520731762,25,30,0
22,6874,0.02677585667694079,0.27853821989963284,0.02901195409928286,0.665673969324142,25,30,0
22,6875,0.026775909241739723,0.27853821989962424,0.02901203643891602,0.6656738344197184,25,30,0
22,6876,0.026772194516669314,0.2785382198996256,0.029011995534362785,0.6656775900493406,25,30,0
22,6877,0.02677226285760039,0.2785382198996427,0.02901199425279469,0.6656775229899605,25,30,0
22,6878,0.026765306233669447,0.27853821989966915,0.029015159349882823,0.6656813145167771,25,30,0
22,6879,0.02676222282256819,0.27853821989962385,0.029015154817773777,0.6656844024600328,25,30,0
22,6880,0.026762188990113022,0.27853821989957056,0.029011986326446148,0.6656876047838688,25,30,0
22,6881,0.02676213534101786,0.2785382198995354,0.02901198525172938,0.6656876595077159,25,30,0
22,6882,0.026770054772814477,0.2785382198996059,0.029013703927979785,0.6656780213995985,25,30,0
22,6883,0.025517699698717443,0.2785382154517433,0.030267246668844137,0.6656768381806937,25,30,0
22,6884,0.04038067969541766,0.2785382137858562,0.015404697254944628,0.6656764092637801,25,30,0
22,6885,0.04038360612420358,0.27853821378584714,0.01540469660838931,0.6656734834815586,25,30,0
22,6886,0.04038360733946915,0.27853821378584764,0.015404696625507778,0.6656734822491742,25,30,0
22,6887,0.040383675087555436,0.27853821378585697,0.015404697304464691,0.6656734138221216,25,30,0
22,6888,0.04038468976960389,0.27853821378590143,0.015404702252413001,0.6656723941920804,25,30,0
22,6889,0.040392659934080435,0.2785382137859633,0.015404710162289635,0.665664416117665,25,30,0
22,6890,0.04038971658913975,0.2785382137859633,0.015404710141542153,0.6656673594833532,25,30,0
22,6891,0.040390642991912626,0.2785382137859894,0.015404713009646053,0.6656664302124505,25,30,0
22,6892,0.040387644062085386,0.2781274940916004,0.01581843163152546,0.6656664302147876,25,30,0
22,6893,0.040387644061763324,0.27812749409160065,0.01582059467872463,0.6656642671679106,25,30,0
22,6894,0.04038967738616353,0.278127494091593,0.01582059456985859,0.6656622339523841,25,30,0
22,6895,0.04038666627798058,0.2781274940915672,0.015820592177272903,0.6656652474531785,25,30,0
22,6896,0.04038671869523009,0.27812749409159393,0.01582062090738778,0.6656651663057872,25,30,0
22,6897,0.04038776108716141,0.2785625698872007,0.015384502717270843,0.6656651663083661,25,30,0
22,6898,0.04037880226194217,0.278602805866111,0.015353225003801365,0.6656651668681445,25,30,0
22,6899,0.04038190526841772,0.278602805866111,0.015350946087842881,0.6656643427776274,25,30,0
22,6900,0.040381115842238635,0.27860280586609454,0.015357432926151661,0.6656586453655144,25,30,0
22,6901,0.04038200881042733,0.27857973418169846,0.01537961221445524,0.6656586447934183,25,30,0
22,6902,0.04037908487972633,0.27855063311690126,0.015411637214452711,0.6656586447889191,25,30,0
22,6903,0.04037608717192574,0.27854274982250365,0.015422518216648614,0.6656586447889213,25,30,0
22,6904,0.04037594450908906,0.27854274982245797,0.015422517646224009,0.665658788022228,25,30,0
22,6905,0.04037594507690046,0.2785760361193036,0.015389230781567514,0.6656587880222274,25,30,0
22,6906,0.04037201845023484,0.2785760361192684,0.015389187675753946,0.6656627577547419,25,30,0
22,6907,0.04037294900334484,0.27857603611931225,0.0014248748920616466,0.6796261399852805,25,30,0
22,6908,0.04037296403266717,0.278576036119311,0.0014248738494234531,0.679626125998598,25,30,0
22,6909,0.0404265167061841,0.2785224167222021,0.00142494084959501,0.6796261257220183,25,30,0
22,6910,0.040369719570376585,0.27857912829212256,0.001425026424903201,0.6796261257125973,25,30,0
22,6911,0.04036965184177475,0.27857912829211284,0.0014250257249304326,0.6796261941411816,25,30,0
22,6912,0.040368615497297526,0.2785488926718748,0.001456297685068768,0.6796261941457585,25,30,0
22,6913,0.04036859948977733,0.27854889267187455,0.001456297150821234,0.6796262106875265,25,30,0
22,6914,0.04044872542047526,0.2785488926746997,0.0014566568136937259,0.6795457250911311,25,30,0
22,6915,0.04044872502317303,0.27854889267469296,0.0014566598010478623,0.679545722501086,25,30,0
22,6916,0.040458664143783324,0.27853895319668487,0.0014566601489170766,0.6795457225106145,25,30,0
22,6917,0.04045457627515498,0.2785389531967011,0.0013271642419866996,0.6796793062861568,25,30,0
22,6918,0.04045769297171121,0.27856786259516275,0.0012951381542888759,0.6796793062788368,25,30,0
22,6919,0.04045672841275039,0.27856786259510924,0.0012974864221009734,0.6796779225700389,25,30,0
22,6920,0.04045686852623986,0.27856757567011786,0.001297633223907515,0.6796779225797343,25,30,0
22,6921,0.04069035307111563,0.2785675756702258,0.0012977821573348111,0.6794442891013233,25,30,0
22,6922,0.04068711096325139,0.2598198643275541,0.020048735608102317,0.6794442891010916,25,30,0
22,6923,0.040686181188844116,0.25985171206534335,0.02001781764952448,0.6794442890962873,25,30,0
22,6924,0.040452765327322865,0.2598517120652536,0.020019719549023547,0.6796758030583994,25,30,0
22,6925,0.04039401288252953,0.25991827814608015,0.020011905920252735,0.6796758030511347,25,30,0
22,6926,0.040394088686671124,0.2599182781460467,0.02001023844718243,0.6796773947200972,25,30,0
22,6927,0.04038617167640503,0.2599182781459769,0.02001023044823914,0.6796853197293765,25,30,0
22,6928,0.040386189111950174,0.2599188121501472,0.02000967900129896,0.6796853197366012,25,30,0
22,6929,0.04039217835687932,0.2599188121501387,0.02000805590850273,0.6796809535844769,25,30,0
22,6930,0.040392231029311214,0.25991881215013846,0.020006045206885304,0.6796829116136626,25,30,0
22,6931,0.040393176763831536,0.25991881215016505,0.02000369796589181,0.6796843131201092,25,30,0
22,6932,0.04039219557106354,0.25991881215012974,0.02000369338816535,0.679685298890639,25,30,0
22,6933,0.04039217677852371,0.26115741840142037,0.01876510593471617,0.6796852988853372,25,30,0
22,6934,0.04038911199577889,0.2611574184014294,0.01876510556199924,0.67968836404079,25,30,0
22,6935,0.04038917975283614,0.2611574184014385,0.0187651069399695,0.6796882949057536,25,30,0
22,6936,0.040225429958326286,0.2611574185313545,0.018928843199811765,0.6796883083105052,25,30,0
22,6937,0.04080163357879314,0.25888730674444566,0.0206227496700996,0.6796883100066599,25,30,0
22,6938,0.04080068782549331,0.2588873067444187,0.02062274622758303,0.6796892592025037,25,30,0
22,6939,0.04080063636741968,0.25888730674442806,0.02062436928230715,0.6796876876058439,25,30,0
22,6940,0.040809365880382795,0.258887306749385,0.02514336195176265,0.6751599654184686,25,30,0
22,6941,0.04081440749915357,0.2588873067494309,0.025143485940563908,0.6751547998108507,25,30,0
22,6942,0.04081523325799712,0.25888730674947535,0.025136900254480746,0.6751605597380461,25,30,0
22,6943,0.04074320548014484,0.25888730674824684,0.025136571801190787,0.6752329159704168,25,30,0
22,6944,0.040746166693508286,0.2588873067483793,0.02513658131689072,0.6752299452412207,25,30,0
22,6945,0.040819918691624754,0.277563456689149,0.006386677957613165,0.675229946661612,25,30,0
22,6946,0.040819988843765635,0.27756345668901616,0.006386669457296712,0.6752298850099204,25,30,0
22,6947,0.040816885786286575,0.2775634566890161,0.006386669440590267,0.675232988084106,25,30,0
22,6948,0.03552909553592605,0.2775634599380197,0.011526012742986919,0.6753814317830661,25,30,0
22,6949,0.035529042987276285,0.27756345993802856,0.01152601286203116,0.6753814842126628,25,30,0
22,6950,0.03553120005123576,0.277560356335919,0.011526959404944788,0.6753814842078992,25,30,0
22,6951,0.03553116302556914,0.2775609387000446,0.011526414068830444,0.6753814842055543,25,30,0
22,6952,0.03553819363711826,0.2775609387000883,0.011526418689576982,0.675374448973215,25,30,0
22,6953,0.03553519711888456,0.27756093870010573,0.011526418933049475,0.675377445247959,25,30,0
22,6954,0.035535143553307676,0.2775609387000791,0.011524796362654924,0.675379121383957,25,30,0
22,6955,0.034961932127258906,0.27981725498711785,0.009841693195464409,0.6753791196901575,25,30,0
22,6956,0.022557601996743264,0.279817253315324,0.02239404856312111,0.6752310961248107,25,30,0
22,6957,0.022550683420407256,0.2798172533152893,0.022394045588637227,0.6752380176756652,25,30,0
22,6958,0.022550615703954415,0.27981725331528023,0.02239404495447988,0.6752380860262843,25,30,0
22,6959,0.02254279842893543,0.2798172533103396,0.017875026121974055,0.6797649221387492,25,30,0
22,6960,0.02255371859233125,0.2798172533104195,0.017875019685634833,0.6797540084116127,25,30,0
22,6961,0.022552863009132312,0.27981725331038576,0.017875019548730865,0.6797548641317495,25,30,0
22,6962,0.022548797982326944,0.27981725331032253,0.01787501733723694,0.679758931370112,25,30,0
22,6963,0.02255077526364546,0.26107817523046295,0.03661211813848404,0.6797589313674058,25,30,0
22,6964,0.022553879136230442,0.2610750688493059,0.03661212064696595,0.6797589313674959,25,30,0
22,6965,0.022556801395213873,0.26107506884929604,0.03661211759981557,0.6797560121556727,25,30,0
22,6966,0.02256370546911686,0.2610679737290537,0.036612308646236144,0.6797560121555916,25,30,0
22,6967,0.022561637876039802,0.2610679737290972,0.03661231180861328,0.6797580765862482,25,30,0
22,6968,0.022557639516395164,0.2610679737290537,0.036612306688067024,0.6797620800664828,25,30,0
22,6969,0.02256455971235888,0.2610679737290955,0.03661230667992471,0.6797551598786198,25,30,0
22,6970,0.02256851515696969,0.26106797373118373,0.03661231553624169,0.6797511955756039,25,30,0
22,6971,0.022563613651779738,0.26106797373117346,0.03661219620820011,0.6797562164088454,25,30,0
22,6972,0.022559550023461564,0.26104057871395414,0.0366436548633002,0.679756216399283,25,30,0
22,6973,0.022555643024217534,0.26107595052500643,0.036612190051578335,0.6797562163991964,25,30,0
22,6974,0.02255676911388812,0.26107595052504345,0.03661220405845138,0.6797550763026162,25,30,0
22,6975,0.02255477340854422,0.2798149580187522,0.01787519227450623,0.6797550762981964,25,30,0
22,6976,0.022556786957925404,0.27981495801877904,0.017875177213873286,0.6797530778094214,25,30,0
22,6977,0.022552875038861817,0.2798149580187619,0.017875146523147603,0.679757020419228,25,30,0
22,6978,0.022538857629393828,0.27981495801667206,0.017875093580850293,0.6797710907730832,25,30,0
22,6979,0.02253883973636779,0.27981495801671735,0.017875178902560428,0.6797710233443536,25,30,0
22,6980,0.02253787413381522,0.27981495801665457,0.017875186399919352,0.6797719814496098,25,30,0
22,6981,0.022537913097570916,0.279814958016655,0.017881790334400394,0.6797653385513723,25,30,0
22,6982,0.022659606648092533,0.27981495801887885,0.017882092717681607,0.6796433426153458,25,30,0
22,6983,0.022663513702558192,0.27853966713171696,0.019153476548037382,0.6796433426176862,25,30,0
22,6984,0.022663647737902498,0.2785395619620347,0.019153447684666827,0.6796433426153947,25,30,0
22,6985,0.022666716325103045,0.27853956196202584,0.019153449353066967,0.6796402723598031,25,30,0
22,6986,0.02266659172694006,0.2785395619620344,0.01915344768219104,0.6796403986288334,25,30,0
22,6987,0.02266660965749241,0.27853956196198904,0.019153444855301384,0.6796403835252162,25,30,0
22,6988,0.02312282571795124,0.2785395619641564,0.019147224935243345,0.6791903873826479,25,30,0
22,6989,0.023120759011198127,0.2785395619642001,0.01914718558202051,0.6791924934425801,25,30,0
22,6990,0.022662435727701876,0.2785395619620665,0.019146805964419124,0.6796511963458114,25,30,0
22,6991,0.02271829440743599,0.2785395619620758,0.01914690746070775,0.6795952361697793,25,30,0
22,6992,0.022714372996367724,0.27981485831184594,0.01787553252914485,0.6795952361626404,25,30,0
22,6993,0.022717192312469877,0.2798148583118188,0.017875556927854253,0.679592392447856,25,30,0
22,6994,0.022714127265166216,0.2785773242856081,0.019116156001539743,0.6795923924476847,25,30,0
22,6995,0.022716142979341394,0.2785773242855818,0.019116151655627463,0.679590381079448,25,30,0
22,6996,0.022716282787747785,0.2785773242856004,0.01911612801865743,0.679590264907993,25,30,0
22,6997,0.022713354257390964,0.2785799952053248,0.019116385629246335,0.6795902649080366,25,30,0
22,6998,0.022705305929628147,0.2785799952037357,0.0191164365916205,0.6795982622750144,25,30,0
22,6999,0.022705293365230896,0.27857999520372656,0.019382647647503585,0.6793320637835377,25,30,0
22,7000,0.022705332813487796,0.2785799952037637,0.019382649009722478,0.679332022973025,25,30,0
22,7001,0.02270522418081007,0.2785799952037181,0.01975561975919246,0.6789591608562783,25,30,0
22,7002,0.022705254683467176,0.2785799952037459,0.01948938260149754,0.6792253675112883,25,30,0
22,7003,0.022632629215887535,0.2786536635173818,0.019488341175425368,0.679225366091304,25,30,0
22,7004,0.022629685575652526,0.27865366351738136,0.01911536842738762,0.6796012824795773,25,30,0
22,7005,0.022630612855597722,0.27865366351740734,0.0191153998059316,0.6796003238210625,25,30,0
22,7006,0.022632592129328624,0.2786536635175062,0.019115409959342865,0.6795983343938217,25,30,0
22,7007,0.022634608108733065,0.2786536635174713,0.01911536698571364,0.6795963613880812,25,30,0
22,7008,0.022638601767819275,0.27865366351753307,0.01911528892372829,0.6795924457909186,25,30,0
22,7009,0.022639758273967504,0.27865366351742654,0.019115281141808386,0.6795912970667969,25,30,0
22,7010,0.02258074485166008,0.2786536635173534,0.019115178145450107,0.6796504134855356,25,30,0
22,7011,0.02258074916679411,0.2774156885312163,0.020353148816220717,0.6796504134857679,25,30,0
22,7012,0.02258766869468005,0.2774156885312514,0.020353069300065658,0.679643573474002,25,30,0
22,7013,0.022588388195932885,0.2774151071459695,0.02035293118911225,0.6796435734689844,25,30,0
22,7014,0.02258148776291313,0.27741510714596157,0.020352930155116064,0.6796504749360084,25,30,0
22,7015,0.022577512228879507,0.2774151071459269,0.020352927839032208,0.6796544527861605,25,30,0
22,7016,0.02258052365165803,0.2786526913933141,0.019112332168823548,0.6796544527862034,25,30,0
22,7017,0.013744885898307722,0.27865270599490866,0.02595514600119459,0.6816472621055886,25,30,0
22,7018,0.013741890501001285,0.27865270599490044,0.025955146968403186,0.6816502565356946,25,30,0
22,7019,0.013734982071237679,0.27989764781609877,0.02471711357711957,0.6816502565355433,25,30,0
22,7020,0.013737855113382385,0.27989764781608995,0.02471711244985706,0.6816473846206702,25,30,0
22,7021,0.00044737979742605994,0.2798976359150063,0.03999961160583325,0.6796553726817334,25,30,0
22,7022,0.00045035853944754435,0.2798976359150147,0.039999609752865144,0.679652395792672,25,30,0
22,7023,0.0004474496124649714,0.27989763591503364,0.039999611119806384,0.6796553033526945,25,30,0
22,7024,0.0003278240622976231,0.2798976359127754,0.03999930371115587,0.6797752363137706,25,30,0
22,7025,0.00032785983878892824,0.27989763591278344,0.03999930501291795,0.6797751992355091,25,30,0
22,7026,0.0003269469928915768,0.2798985484913061,0.039999305284847374,0.6797751992309543,25,30,0
22,7027,0.00032780736112970416,0.279898548491323,0.040250917138362804,0.6795227270091868,25,30,0
22,7028,0.0003247588047046657,0.2798985484913051,0.04025091487805448,0.6795257778259379,25,30,0
22,7029,0.0003248795026865439,0.2798985484913315,0.04025091777204363,0.6795256542339401,25,30,0
22,7030,0.00032494642122095926,0.27989075385573864,0.040258645484353005,0.6795256542386892,25,30,0
22,7031,0.00032494454476843975,0.2798907538557385,0.04025864550263537,0.6795256560968593,25,30,0
22,7032,0.0003249446104429935,0.2798907538557386,0.04025864697724254,0.6795256545565772,25,30,0
22,7033,0.0003249822183113229,0.2798907538557469,0.040258646515776125,0.679525617410167,25,30,0
22,7034,0.0003239139815927933,0.2798918126467376,0.04025865594695783,0.6795256174247131,25,30,0
22,7035,0.0003199200479139751,0.2798918126466756,0.04025865149132088,0.6795296158140907,25,30,0
22,7036,0.00031991975897221526,0.27989207030877333,0.040258394113322396,0.6795296158189333,25,30,0
22,7037,0.0003198671555050304,0.2798920703087821,0.04025839428766588,0.6795296682480482,25,30,0
22,7038,0.00031991846138930316,0.27989207030883634,0.04025840105918291,0.6795296101705922,25,30,0
22,7039,0.00031895275427734594,0.2798920703087841,0.04000678995773067,0.6797821869792078,25,30,0
22,7040,0.00031800745290351605,0.27988213331070655,0.04001767227147084,0.6797821869649199,25,30,0
22,7041,0.00032007397467303947,0.27988213331066336,0.04001766980340013,0.6797801229112639,25,30,0
22,7042,0.0003230687441304872,0.27988213331067174,0.04001766887070388,0.6797771290744937,25,30,0
22,7043,0.0003200726855605977,0.27988213331068,0.040017668351016916,0.6797801256527424,25,30,0
22,7044,0.00031711108539452367,0.27988213331067224,0.04001778317808993,0.6797829724258432,25,30,0
22,7045,0.00031411649665961884,0.27988213331061734,0.0400177756799551,0.6797859745127678,25,30,0
22,7046,0.0003141174529262061,0.2798821333106177,0.04001777566388975,0.6797859735725663,25,30,0
22,7047,0.0003140449441517474,0.2798829643617475,0.04001701711677524,0.6797859735773251,25,30,0
22,7048,0.00031406317200711125,0.2798829643617552,0.04001694024164414,0.6797860322245932,25,30,0
22,7049,0.0003108922774361224,0.2798829643617546,0.04001693928503317,0.6797892040757759,25,30,0
22,7050,0.00031085945240008986,0.2798829643617274,0.04001693629086908,0.6797892398950034,25,30,0
22,7051,0.0003108615844943205,0.2798829643617277,0.04001693774245508,0.6797892363113226,25,30,0
22,7052,0.00030788280288865757,0.2798829643617193,0.04001693866389389,0.679792214171498,25,30,0
22,7053,0.00030783243275651423,0.27988301474305716,0.040016938655143636,0.6797922141690426,25,30,0
22,7054,0.000307938672429809,0.27988301474310145,0.040017022317590724,0.6797920242668778,25,30,0
22,7055,0.00030807848482887105,0.2798830147431289,0.040017024312786205,0.6797918824592557,25,30,0
22,7056,0.0003099312055270046,0.27988117262696965,0.04001701370863406,0.6797918824588686,25,30,0
22,7057,0.0003128735603758797,0.2798811726269698,0.04001701575712665,0.6797889380555269,25,30,0
22,7058,0.00031087513053877674,0.27988117262701484,0.04001701950412477,0.6797909327383209,25,30,0
22,7059,0.0003098738731577159,0.27989294335607967,0.04000625003274199,0.6797909327380195,25,30,0
22,7060,0.0003098716696535784,0.2798929433560795,0.04000787084832122,0.6797893141259448,25,30,0
22,7061,0.00031281313402180093,0.27989294335607967,0.04000787083521381,0.6797863726746837,25,30,0
22,7062,0.0003098706852994157,0.27989294335607967,0.04000787080816552,0.6797893151504543,25,30,0
22,7063,0.0003069273361790281,0.27989294335608017,0.04000787282766371,0.6797922564800761,25,30,0
22,7064,0.00030790925109169245,0.2798929433561467,0.04001257810417037,0.6797865692885905,25,30,0
22,7065,0.0005412930956381053,0.2798929433562808,0.040012608139906945,0.6795531554081734,25,30,0
22,7066,0.0005412413630974865,0.27989294335627224,0.040012683896790316,0.6795531313838391,25,30,0
22,7067,0.000538169968444908,0.27990687211907556,0.04000182652391148,0.6795531313885667,25,30,0
22,7068,0.000541182052459452,0.27990687211909326,0.04000171146632489,0.679550234362121,25,30,0
22,7069,0.0005431617525713271,0.2799068721191466,0.040001716989876035,0.679548249138405,25,30,0
22,7070,0.0005431097578878259,0.2799068721191549,0.04000171573218312,0.6795483023907732,25,30,0
22,7071,0.0005499457014530233,0.279885367275126,0.040016384632843606,0.679548302390576,25,30,0
22,7072,0.0005508054307942707,0.279884376211141,0.04001651596769823,0.6795483023903652,25,30,0
22,7073,0.0005468295697894501,0.2798843762109991,0.040016502334381414,0.6795522918848286,25,30,0
22,7074,0.0005529538346448962,0.2798843762745935,0.04001040254086355,0.679552267349899,25,30,0
22,7075,0.000553005129660815,0.2798843762746213,0.04001048707683912,0.6795521315188796,25,30,0
22,7076,0.0005530042090940364,0.27988382482201585,0.040011039450094744,0.679552131518796,25,30,0
22,7077,0.0005598545365550303,0.27988382482204194,0.040011040356988575,0.6795452802844152,25,30,0
22,7078,0.0005667747217388549,0.2798838248220851,0.04001104197840661,0.6795383584777697,25,30,0
22,7079,0.000563848967115311,0.27988382482206625,0.0401361459691449,0.6794161802416744,25,30,0
22,7080,0.0005698221042064115,0.27988382482206453,0.040136145861637676,0.679410207212092,25,30,0
22,7081,0.0005698410712569768,0.2798838248221407,0.040131482093186746,0.6794148520134158,25,30,0
22,7082,0.0005729046234392328,0.27988382482213253,0.04013148147827732,0.6794117890761511,25,30,0
22,7083,0.0005757824628240606,0.27988382482212376,0.04000629300536275,0.6795340997096893,25,30,0
22,7084,0.0005747647045090563,0.2798838248219807,0.04000624793850711,0.679535162535003,25,30,0
22,7085,0.0006982050406907403,0.27976010559260617,0.0400065265368136,0.6795351628298891,25,30,0
22,7086,0.000698211466838605,0.2797597375408488,0.04000688816721709,0.679535162825095,25,30,0
22,7087,0.0007021906399309158,0.27975973754087585,0.04000526880276598,0.6795328030164266,25,30,0
22,7088,0.0007021554411546077,0.2797372652980239,0.040027776246691966,0.6795328030141293,25,30,0
22,7089,0.0007001591594524499,0.2797372652980696,0.04029403319884077,0.6792685423436366,25,30,0
22,7090,0.0007003524621851809,0.27973761349495413,0.040293491699054856,0.6792685423438052,25,30,0
22,7091,0.0007034745091079438,0.27973761349498244,0.04029512525177934,0.6792637867441296,25,30,0
22,7092,0.0007025439432612066,0.2797385376038975,0.04029513171104931,0.6792637867417903,25,30,0
22,7093,0.0005810135317087456,0.27986047881742115,0.04029472119431397,0.6792637864565545,25,30,0
22,7094,0.000583818032297123,0.27986047881739445,0.04029472120744515,0.679260981942862,25,30,0
22,7095,0.0005841000583931689,0.279860478817423,0.04029472351740307,0.6792606976067794,25,30,0
22,7096,0.0005838869244183605,0.27986047881740367,0.040294721255928916,0.6792609130022477,25,30,0
22,7097,0.000585861461715752,0.2786426806653117,0.041510544848256316,0.6792609130247149,25,30,0
22,7098,0.00035946892894378376,0.27864268066519654,0.041510434193523654,0.6794874162123348,25,30,0
22,7099,0.0003594849826520811,0.27864268066520576,0.041510432846452644,0.6794874015056884,25,30,0
22,7100,0.0003555228020707001,0.27864268066517195,0.04151270801773332,0.679489088515023,25,30,0
22,7101,0.00035352454503026563,0.2786426806651984,0.04151271084230888,0.6794910839474614,25,30,0
22,7102,0.000349687705893247,0.2786689229882262,0.041490305362883194,0.679491083942996,25,30,0
22,7103,0.0003587551172047239,0.2786689229893327,0.04148811114624749,0.6794842107472137,25,30,0
22,7104,0.00036077114663198213,0.2786689229893082,0.041488079943911814,0.6794822259201467,25,30,0
22,7105,0.0003607199659069059,0.27866892298929036,0.04148812222387602,0.6794822348209254,25,30,0
22,7106,0.0003567777368830593,0.2786689229892653,0.0414881199217433,0.6794861793521072,25,30,0
22,7107,0.000349697066663403,0.27866892298920287,0.041494759636329634,0.6794866203078029,25,30,0
22,7108,0.0003506253202142501,0.2786681307625372,0.04149462360710893,0.6794866203101385,25,30,0
22,7109,0.00035080025770087633,0.27866813076257535,0.041494628030367096,0.6794864409493555,25,30,0
22,7110,0.0003508424920811569,0.27866813076256713,0.04150123151995299,0.6794797952253976,25,30,0
22,7111,0.00034891570565419544,0.27866950851386857,0.0415017805671487,0.6794797952133272,25,30,0
22,7112,0.0003489508540902624,0.2786695085138771,0.04150173963425864,0.6794798009977728,25,30,0
22,7113,0.0003467925015113377,0.2786695085138835,0.04150010799815959,0.6794835909864442,25,30,0
22,7114,0.0003488775114029764,0.27866703871150905,0.04150049279531826,0.6794835909817682,25,30,0
22,7115,0.00033685270736661077,0.2786670387103926,0.04150040819674159,0.6794957003854979,25,30,0
22,7116,0.00033671314714640475,0.2786670387103742,0.04150040887437871,0.6794958392680995,25,30,0
22,7117,0.00032979274905582114,0.2786670387103475,0.04150040593843024,0.6795027626021652,25,30,0
22,7118,0.00033077463333064513,0.2786670387103923,0.04150040914966599,0.67950177750661,25,30,0
22,7119,0.0003278482246548407,0.27866703871040177,0.04150040781990033,0.679504705245042,25,30,0
22,7120,0.00032786573644352725,0.27866703871042886,0.04150040781592582,0.6795046877372006,25,30,0
22,7121,0.00032986172916542143,0.2786670387103832,0.04123415086503848,0.6797689486954118,25,30,0
22,7122,0.0003427967677550992,0.27862251242126207,0.04126574168918304,0.6797689491217987,25,30,0
22,7123,0.0003427807186431413,0.2786151791904836,0.04127309096911486,0.6797689491217576,25,30,0
22,7124,0.00035280515951253326,0.2786151791910264,0.041362221828553196,0.679669793820907,25,30,0
22,7125,0.00035282169699753577,0.2786151791910276,0.04136233830056193,0.6796696608114122,25,30,0
22,7126,0.00035879612788878126,0.2786151791910357,0.04136234047384269,0.679663684207232,25,30,0
22,7127,0.00047643112971989523,0.277896921253443,0.04196296311916555,0.6796636844976708,25,30,0
22,7128,0.0004684201834914654,0.2778969212528644,0.0418738291794019,0.6797608293842414,25,30,0
22,7129,0.00046637410584317513,0.27789692125289867,0.04187383212282211,0.6797628725184351,25,30,0
22,7130,0.0004693526860100876,0.27789692125291543,0.0418672285614006,0.6797664974996729,25,30,0
22,7131,0.0005003694299258908,0.2778969212841229,0.04187053718683121,0.679732172099119,25,30,0
22,7132,0.00046931782718694185,0.27789692125289833,0.04186734470420645,0.6797664162157072,25,30,0
22,7133,0.000470319008953359,0.2778961982734358,0.04186706650394197,0.679766416213668,25,30,0
22,7134,0.00047037301057029134,0.27789619827345424,0.04186925878818955,0.679764169927785,25,30,0
22,7135,0.00047636578000934604,0.27789619827345424,0.04186926020563879,0.6797581757408964,25,30,0
22,7136,0.00047944807498310343,0.27789619827347367,0.041869290796847626,0.6797550628546944,25,30,0
22,7137,0.0005931821058576605,0.27789619823264244,0.04175676262274885,0.6797538570387512,25,30,0
22,7138,0.0005911680716401381,0.2778961982327027,0.04175676641109642,0.6797558672845608,25,30,0
22,7139,0.0005909744941249332,0.27789640249279596,0.04175675572864365,0.6797558672844357,25,30,0
22,7140,0.0005900595059824474,0.2778964024927522,0.04175675210349492,0.6797567858977708,25,30,0
22,7141,0.0005901476180610158,0.2778964024927866,0.04175663727296345,0.6797568126161889,25,30,0
22,7142,0.000590268976039027,0.27789640249278674,0.04175663929447686,0.6797566892366972,25,30,0
22,7143,0.0005902689617823851,0.27789640249278685,0.04202285267448129,0.6794904758709499,25,30,0
22,7144,0.0006022499866900707,0.27789640249288555,0.04202278145736184,0.679478566063063,25,30,0
22,7145,0.0006172856142738075,0.2778964024949554,0.04202286074875155,0.6794634511420199,25,30,0
22,7146,0.0006192284522148069,0.27745861996996846,0.04245870043371906,0.6794634511440981,25,30,0
22,7147,0.0006182982008219,0.27745861996990695,0.04245869644404234,0.6794643853852292,25,30,0
22,7148,0.0006211556338697063,0.27745861996987076,0.04245869226727319,0.6794615321289867,25,30,0
22,7149,0.00061821352960473,0.27745861996987153,0.04245869279330825,0.6794644737072159,25,30,0
22,7150,0.0006192001823662153,0.2786954217092714,0.041220904421409924,0.6794644736869532,25,30,0
22,7151,0.0006890120190371358,0.27869542171145273,0.04122109052486524,0.6793944757446456,25,30,0
22,7152,0.0006780846824738386,0.27869542170942,0.04122108993082693,0.6794054036772799,25,30,0
22,7153,0.0006780495492096293,0.27869542170940326,0.04122109019764277,0.6794054385437448,25,30,0
22,7154,0.0006759815441709911,0.2786954217094469,0.04122120919505013,0.6794073875513326,25,30,0
22,7155,0.0006759223658968007,0.27869542170943706,0.041214604856922056,0.6794140510677447,25,30,0
22,7156,0.0005562184301526284,0.27881358640134846,0.0412161443864725,0.6794140507820268,25,30,0
22,7157,0.0005532222241680174,0.27881358640135756,0.041216144539178746,0.679417046835296,25,30,0
22,7158,0.0005532054069158632,0.2788135864013568,0.0412161735389867,0.6794170346527411,25,30,0
22,7159,0.0004874976732000411,0.2788135863992414,0.04121614361921821,0.6794827723083408,25,30,0
22,7160,0.000483670835673651,0.27881358640026727,0.04095028693318094,0.6797524558308787,25,30,0
22,7161,0.00048049535533728304,0.27881358640023673,0.0409501330719467,0.6797557851724798,25,30,0
22,7162,0.0004874527621679278,0.27881358640027193,0.04095010746907735,0.6797488533684835,25,30,0
22,7163,0.00047534117558324705,0.2788135863991305,0.04094982034943834,0.6797612520758485,25,30,0
22,7164,0.0004844207050986803,0.27881358640185694,0.041216218691056704,0.6794857742019884,25,30,0
22,7165,0.0007227809988932923,0.2788135864055279,0.04121631701421572,0.6792473155813639,25,30,0
22,7166,0.0007188086018712534,0.2788135864055384,0.04134303339036959,0.6791245716022213,25,30,0
22,7167,0.0008342731304028907,0.2788138380387048,0.041227317517685665,0.6791245713132084,25,30,0
22,7168,0.0008381810309281641,0.2788138380387035,0.04122508746218689,0.6791228934681829,25,30,0
22,7169,0.0008251063499552788,0.2771406477221284,0.04291135288403638,0.6791228930438808,25,30,0
22,7170,0.0008218561210298225,0.2771406477220905,0.04291355365897087,0.6791239424979093,25,30,0
22,7171,0.0008198422951454395,0.27714064772212565,0.04291367259069034,0.6791258373920392,25,30,0
22,7172,0.0008198398560071053,0.2771406477221078,0.0429136712485513,0.6791258411733344,25,30,0
22,7173,0.0008199019215272809,0.27714060310140876,0.04291365380204329,0.6791258411750212,25,30,0
22,7174,0.0009334139870731686,0.27714060310152294,0.04278708788222791,0.6791388950291766,25,30,0
22,7175,0.0009294755363976182,0.2771406031014889,0.0427870827829785,0.6791428385791356,25,30,0
22,7176,0.0006941484547120929,0.2779303473281287,0.04223266592958875,0.6791428382875714,25,30,0
22,7177,0.0006941843179801477,0.2779303473281113,0.04223274762225854,0.6791427207316509,25,30,0
22,7178,0.0004549117749713924,0.2779303473244151,0.04223253115271433,0.6793822097479,25,30,0
22,7179,0.00045487636889640875,0.2779305177501398,0.04223239613293944,0.6793822097480249,25,30,0
22,7180,0.00045195025158536426,0.27793324957247006,0.04223259042792152,0.6793822097480237,25,30,0
22,7181,0.0004557487062832795,0.2779332495724671,0.04223919227527076,0.6793718094459793,25,30,0
22,7182,0.0004567133267292947,0.2779332495725099,0.04223907895857879,0.6793709581421828,25,30,0
22,7183,0.00045671450944705517,0.27791103365766373,0.0422612936834793,0.6793709581494107,25,30,0
22,7184,0.00045692358369461833,0.2779110336576911,0.04226129541449522,0.6793707473441198,25,30,0
22,7185,0.00046489168400587396,0.2779036023021471,0.04226075866008421,0.6793707473537629,25,30,0
22,7186,0.00046194898653375004,0.2796243888856082,0.040542914776433354,0.6793707473514244,25,30,0
22,7187,0.00045891521950957887,0.27962438888559865,0.04054291271864713,0.6793737831762445,25,30,0
22,7188,0.00046681084648750564,0.27961664683663634,0.04054275913107655,0.6793737831857992,25,30,0
22,7189,0.00046908842104023533,0.2796166468365937,0.04054275739819919,0.6793715073441663,25,30,0
22,7190,0.00046922733882507906,0.2796166468366119,0.04053623992091381,0.6793778859036488,25,30,0
22,7191,0.0004692309762158808,0.28021528648037125,0.03993759663976418,0.6793778859036479,25,30,0
22,7192,0.00046625240767279966,0.28021528648035465,0.03993759693077213,0.6793808641812,25,30,0
22,7193,0.00046718072608017643,0.2802152864803897,0.03993760143027833,0.679379931363251,25,30,0
22,7194,0.0004672506083371103,0.2802152864804082,0.039944375560671305,0.6793730873505825,25,30,0
22,7195,0.00046508874609400906,0.28021528647771676,0.03967797877349976,0.6796416460026883,25,30,0
22,7196,0.00046514142791877086,0.2802152864777609,0.039678096333548345,0.6796414757607708,25,30,0
22,7197,0.00045722271693044987,0.28022360468095736,0.03967769685094487,0.6796414757511662,25,30,0
22,7198,0.00045929063329057667,0.2802236046809148,0.039677776244285375,0.6796393284415082,25,30,0
22,7199,0.0005270382507169802,0.2801771421185188,0.0396564899304907,0.6796393297002723,25,30,0
22,7200,0.00046221881506750885,0.28024253336674143,0.03965591938394824,0.6796393284342418,25,30,0
22,7201,0.00046221950712984814,0.2802425333667408,0.03965592137698613,0.679639325749142,25,30,0
22,7202,0.0004641121829466713,0.2802425333667928,0.03965592607684383,0.6796374283734156,25,30,0
22,7203,0.0009277587752568238,0.280242533368986,0.03965621812929736,0.6791734897264586,25,30,0
22,7204,0.0009333515647096882,0.2796383715906818,0.04025478711398785,0.6791734897306203,25,30,0
22,7205,0.0009332863114834629,0.27963837159066385,0.040254788264803006,0.6791735538330493,25,30,0
22,7206,0.0009264344615221225,0.27963837159067295,0.040254786528856557,0.6791804074189481,25,30,0
22,7207,0.0009334960547400947,0.2796383715907021,0.04025478992025167,0.6791733424343055,25,30,0
22,7208,0.0009299853982856109,0.28025116073495,0.039645511441212276,0.6791733424255507,25,30,0
22,7209,0.0009290565010738586,0.2802511607349147,0.039645394534931745,0.6791743882290783,25,30,0
22,7210,0.0009290865982439823,0.28025116073491557,0.03964539565231449,0.6791743570145244,25,30,0
22,7211,0.0009306366550987076,0.27946116044464053,0.036973425511513384,0.6826347773887466,25,30,0
22,7212,0.0009303752000747837,0.2794611604446045,0.036973423180078055,0.6826350411752422,25,30,0
22,7213,0.0010521412645651338,0.27946116044819447,0.036973571434721374,0.6825131268525187,25,30,0
22,7214,0.001048180587154731,0.2794611604481862,0.03697357131271034,0.6825170876519487,25,30,0
22,7215,0.0026766355996980414,0.27946116060738013,0.035692055393113785,0.682170148399808,25,30,0
22,7216,0.0010477678555929509,0.279461160448651,0.04043319449612298,0.6790578771996332,25,30,0
22,7217,0.0010447567090643263,0.27946116044862507,0.04043319166260046,0.6790608911797102,25,30,0
22,7218,0.001048592384942605,0.279461160448641,0.040433164082140455,0.679057083084276,25,30,0
22,7219,0.0010466836848781562,0.27946116044858016,0.04043304285743308,0.6790591130091088,25,30,0
22,7220,0.0010457713753915842,0.279461160448554,0.04043304046192626,0.6790600277141284,25,30,0
22,7221,0.001048837377968203,0.27946116044856373,0.0404330401961863,0.679056961977282,25,30,0
22,7222,0.0010418651588248494,0.2794611604485204,0.04043303505275448,0.6790639393399007,25,30,0
22,7223,0.0010488366468380359,0.2794611604485377,0.040523768906191554,0.6789662339984345,25,30,0
22,7224,0.0010517800694895673,0.27946116044854585,0.040516996206680964,0.6789700632752853,25,30,0
22,7225,0.0010487836099942532,0.2794641566266687,0.04051699648575324,0.6789700632775854,25,30,0
22,7226,0.0010517969195949146,0.27946415662669527,0.04051699795744604,0.6789670484962653,25,30,0
22,7227,0.0010488007092871441,0.27946415662670404,0.04051691559912658,0.6789701270648836,25,30,0
22,7228,0.0010417033517894955,0.27946415662666657,0.04051691359082391,0.678977226430721,25,30,0
22,7229,0.001048701162807726,0.2794571458274842,0.04051692657651939,0.6789772264331897,25,30,0
22,7230,0.0010516937931182386,0.279457145827492,0.04051692665667262,0.6789742337227179,25,30,0
22,7231,0.0010456885694686531,0.27945714582744074,0.0404261933991586,0.6790709722039316,25,30,0
22,7232,0.001045740633237033,0.2794571458274584,0.040426194114204096,0.6790709194251002,25,30,0
22,7233,0.0010456519559749811,0.2794571458274149,0.04042619256977211,0.6790710096468375,25,30,0
22,7234,0.0010425170039419691,0.27945714582738707,0.04042619058298805,0.6790741465856824,25,30,0
22,7235,0.0010425163786375203,0.2794571458273872,0.04042630448737126,0.6790740333066034,25,30,0
22,7236,0.0008154197583733573,0.2794571458252444,0.040426066218634024,0.6793013681977478,25,30,0
22,7237,0.0008042940024979829,0.27945714582364684,0.04042600304346901,0.6793125571303856,25,30,0
22,7238,0.0008810091727529339,0.2794571458288784,0.04042626902344909,0.6792355759749192,25,30,0
22,7239,0.0008819789982840671,0.2794565685234856,0.040425876496155505,0.6792355759820743,25,30,0
22,7240,0.0008819977768145557,0.27945656852405604,0.04042815783366392,0.6792332758654649,25,30,0
22,7241,0.0008710493040270979,0.27946696808067334,0.04042870676177451,0.6792332758535247,25,30,0
22,7242,0.000877988498271289,0.2794669680807163,0.04042870876941273,0.6792263346515993,25,30,0
22,7243,0.000875048590214292,0.2794669680807181,0.04042874889339156,0.6792292344356758,25,30,0
22,7244,0.0008780972068743499,0.2794669680807176,0.040428750320353146,0.6792261843920548,25,30,0
22,7245,0.0008711943060963674,0.27946696808069166,0.04042875001590777,0.679233087597304,25,30,0
22,7246,0.001104542760964845,0.27923359418133115,0.04042877515942533,0.6792330878982784,25,30,0
22,7247,0.0011044875752307941,0.2792335941813223,0.04042877348839721,0.6792331447550491,25,30,0
22,7248,0.0011015260093700356,0.2792335941813043,0.04042877221294425,0.6792361075963808,25,30,0
22,7249,0.0011015047263374174,0.279233594181295,0.04042873353614655,0.6792361675562205,25,30,0
22,7250,0.0010945855969647046,0.27923359418125965,0.040428730487496504,0.6792430897342788,25,30,0
22,7251,0.0010906130414520714,0.27922671719998016,0.04043958002378553,0.6792430897347822,25,30,0
22,7252,0.0010865774384387233,0.27923090627117264,0.04043942656288957,0.6792430897274991,25,30,0
22,7253,0.0010895387169679407,0.2792309062711822,0.04043942776615113,0.6792401272456988,25,30,0
22,7254,0.0010926765475405107,0.2792309062712172,0.04043942734406635,0.679236989837176,25,30,0
22,7255,0.0010926768118795175,0.2792309062712174,0.040439427380120005,0.6792369895367832,25,30,0
22,7256,0.0010897492333610136,0.27923090627123504,0.04043942812329961,0.6792399163721045,25,30,0
22,7257,0.001089892363819272,0.27920835955812706,0.04046183170557443,0.6792399163724795,25,30,0
22,7258,0.0010152065611947457,0.27920835955291134,0.040461592318612905,0.6793148415672811,25,30,0
22,7259,0.001012202336677697,0.2796469089457466,0.040026047154358896,0.6793148415632162,25,30,0
22,7260,0.0010151962179234283,0.27964690894575495,0.04002604777228563,0.6793118470640355,25,30,0
22,7261,0.0010131628777311351,0.27964690894576305,0.040026049278014834,0.6793138788984906,25,30,0
22,7262,0.0010101725156056508,0.2796469089457556,0.04002899431644412,0.6793139242221942,25,30,0
22,7263,0.0010111365082296452,0.279614850112127,0.04006008915276838,0.6793139242268746,25,30,0
22,7264,0.0010111838098571908,0.27961485011213477,0.04005714366110687,0.6793168224169008,25,30,0
22,7265,0.001009169318829877,0.2796148501121875,0.040149415481370944,0.6792265650876114,25,30,0
22,7266,0.0010091881185246804,0.2796148501122058,0.040149457041086946,0.6792265047281824,25,30,0
22,7267,0.001009293752836244,0.2508628013463883,0.06890140017209646,0.6792265047286798,25,30,0
22,7268,0.0010113426031719225,0.2508628013463351,0.068901355634148,0.6792245004163457,25,30,0
22,7269,0.001022537812203217,0.25086280134639904,0.06890375090401132,0.6792109099373872,25,30,0
22,7270,0.001023471184785113,0.25086280134644356,0.06890375691280293,0.679209970555969,25,30,0
22,7271,0.0010213866475987066,0.25086280134647015,0.0689103743367794,0.6792054376691523,25,30,0
22,7272,0.0012558599221211932,0.25086280143254786,0.06860883143346604,0.6792725072118667,25,30,0
22,7273,0.001253763199276194,0.24970392866203728,0.06976980092741669,0.679272507211272,25,30,0
22,7274,0.0012566560777031595,0.2784529766529924,0.041017860058615255,0.6792725072106913,25,30,0
22,7275,0.0012596013238716714,0.2784529766529922,0.041017860038118324,0.6792695619850196,25,30,0
22,7276,0.0012587076073547097,0.27845297665298474,0.041015582792950624,0.6792727329467121,25,30,0
22,7277,0.001029088018041493,0.2784530027564931,0.04131345319718166,0.679204456028286,25,30,0
22,7278,0.0010291438186529724,0.27848458736058024,0.04128181279201657,0.6792044560287523,25,30,0
22,7279,0.0010291253101633016,0.27848459220480015,0.04128182645624531,0.6792044560287933,25,30,0
22,7280,0.0010291609055840907,0.2784845922048,0.0412818635287907,0.6792043833608271,25,30,0
22,7281,0.0010251162628317496,0.2784845922047561,0.04128177684104756,0.6792085146913664,25,30,0
22,7282,0.0007918346154921696,0.27871843705003263,0.04128121394404442,0.6792085143904327,25,30,0
22,7283,0.0007918527676044161,0.2787184370500408,0.041281212529221796,0.679208497653135,25,30,0
22,7284,0.0007947265850730599,0.27871843705002275,0.04128119876511729,0.6792056375997889,25,30,0
22,7285,0.0007917459718199658,0.2787184370500323,0.041281197963153105,0.6792086190149966,25,30,0
22,7286,0.0007947399809754051,0.2787184370500235,0.041281197776801476,0.6792056251922013,25,30,0
22,7287,0.000794654444116122,0.2787184370499958,0.04128119626000663,0.6792057122458831,25,30,0
22,7288,0.0007956516416570598,0.2787184370500312,0.04127455782407169,0.6792113534842414,25,30,0
22,7289,0.000792777279265112,0.27871843705004024,0.04127453238484858,0.6792142532858475,25,30,0
22,7290,0.0007927258570777425,0.2787184370500492,0.04127453159082868,0.6792143055020458,25,30,0
22,7291,0.0007935637404699111,0.2787400031410026,0.04125212760971688,0.6792143055088111,25,30,0
22,7292,0.0007853809652725359,0.27874000314095776,0.041249735203150326,0.6792248806906201,25,30,0
22,7293,0.0007953485454441653,0.27874000314095737,0.04115746806341001,0.6793071802501889,25,30,0
22,7294,0.0007963670263019104,0.278740003140886,0.04115745987307237,0.67930616995974,25,30,0
22,7295,0.0008003433371302282,0.27873603240293204,0.04115745429556017,0.6793061699643779,25,30,0
22,7296,0.0008043407212852381,0.2787360324030033,0.04116215947932666,0.6792974673963852,25,30,0
22,7297,0.000801169637605179,0.27873603240296746,0.04116215825885179,0.6793006397005757,25,30,0
22,7298,0.0008050944384252154,0.27873603240300215,0.04116207874386448,0.6792967944147079,25,30,0
22,7299,0.00033919007467870453,0.27873603240087796,0.04116184269801819,0.6797629348264246,25,30,0
22,7300,0.0003392057902371791,0.2787360324008781,0.04116412070379014,0.6797606411050942,25,30,0
22,7301,0.0003412208647825181,0.2787340140868353,0.04116412395021636,0.6797606410981654,25,30,0
22,7302,0.000348138761161405,0.27872764109783266,0.041163579038164165,0.6797606411028413,25,30,0
22,7303,0.00034824673676519635,0.2787276410978139,0.04116361833426134,0.6797604938311589,25,30,0
22,7304,0.000344286201443801,0.27872764109779674,0.04116369862936451,0.6797643740713943,25,30,0
22,7305,0.010584706777013158,0.2787276149294348,0.030923202467883687,0.6797644758256677,25,30,0
22,7306,0.010580851860911518,0.27829782412263293,0.03135684819543917,0.6797644758210155,25,30,0
22,7307,0.010587758804939635,0.2782978241226406,0.0313568817572485,0.6797575353151702,25,30,0
22,7308,0.00035161698159921805,0.2782978246454665,0.03811831148420541,0.6832322468887284,25,30,0
22,7309,0.00035946536418006024,0.27829782464554653,0.038118277568897414,0.6832244324213754,25,30,0
22,7310,0.000361427792625827,0.2782978246456257,0.038116120211450534,0.6832246273502972,25,30,0
22,7311,0.00036142777041410945,0.27829782464562597,0.038116118765618906,0.6832246288183405,25,30,0
22,7312,0.00036049948357978084,0.27947057560649075,0.03694429609626629,0.683224628813663,25,30,0
22,7313,0.0003604973251889503,0.2794705756064906,0.036944296101155856,0.6832246309671642,25,30,0
22,7314,0.0003574666650349475,0.2799068659542038,0.036511036399038334,0.6832246309817224,25,30,0
22,7315,0.00035758749351108327,0.27990686595419545,0.03651103677277625,0.6832245097795163,25,30,0
22,7316,0.00035360635664041876,0.2799068659541693,0.03651100235840037,0.683228525330789,25,30,0
22,7317,0.0003466127788671346,0.27990686595410674,0.03650629875857491,0.6832402225084502,25,30,0
22,7318,0.0008026837062619391,0.2799068659562752,0.03650815742217194,0.6827822929152901,25,30,0
22,7319,0.0008175736844951378,0.27990686595637226,0.036508164453219354,0.682767395905913,25,30,0
22,7320,0.0008175548845730777,0.27990686595580117,0.036505883079887155,0.6827696960797384,25,30,0
22,7321,0.0008146829654090976,0.27990686595585496,0.0365058896654916,0.6827725614132443,25,30,0
22,7322,0.000817593141360222,0.27989648328997907,0.036513362167662634,0.682772561400998,25,30,0
22,7323,0.0008175580478437012,0.27989648328996214,0.03651347820783694,0.6827724804543575,25,30,0
22,7324,0.0008107806070805455,0.2798808614694691,0.0365358774664526,0.6827724804569981,25,30,0
22,7325,0.0008137242351360743,0.2798808614694692,0.03653587603925488,0.6827695382561398,25,30,0
22,7326,0.000823662367177406,0.25361720930285325,0.06278959006944804,0.6827695382605227,25,30,0
22,7327,0.000824557353337449,0.253617209302898,0.06278959386005406,0.6827686394837116,25,30,0
22,7328,0.0008257562804270703,0.25361720930293497,0.06278959733034796,0.6827674370862914,25,30,0
22,7329,0.0008258954311716291,0.2536170698696101,0.06278959761271517,0.6827674370865033,25,30,0
22,7330,0.0008288734266255784,0.25358262775439855,0.06282106173238922,0.6827674370865863,25,30,0
22,7331,0.0008309930302356934,0.2535826277543544,0.06282105915943152,0.682765320055978,25,30,0
22,7332,0.000820040861937354,0.25358262775427454,0.06282105242751115,0.6827762789562768,25,30,0
22,7333,0.000822915213008931,0.25358262775422163,0.0628210479070002,0.6827734091257692,25,30,0
22,7334,0.0010561966164124293,0.25331784534711,0.06285254847955173,0.6827734095569253,25,30,0
22,7335,0.0010602444036713868,0.25331784534715474,0.06285255224929144,0.6827693579998819,25,30,0
22,7336,0.0010499770984239072,0.2533178492436511,0.06633642436007478,0.6792957492978512,25,30,0
22,7337,0.0010569477180419513,0.25331784924369494,0.06633642955185119,0.6792887734864129,25,30,0
22,7338,0.0010639038545440058,0.2533178492437389,0.06633643318345746,0.6792818137182606,25,30,0
22,7339,0.0010659676041748225,0.253317849243686,0.06633631110811311,0.6792798720440268,25,30,0
22,7340,0.001066984278816104,0.2533178492436247,0.06633627170619542,0.6792788947713643,25,30,0
22,7341,0.0013040514464968981,0.2533178492436685,0.06633637251663652,0.6790417267931985,25,30,0
22,7342,0.0013009859816927904,0.25331784924367673,0.06633637209571872,0.6790447926789117,25,30,0
22,7343,0.0012989693063838817,0.2533277196569248,0.0663285183554396,0.6790447926812513,25,30,0
22,7344,0.0013019463531357728,0.2533277196569431,0.06632851971633577,0.6790418142735849,25,30,0
22,7345,0.0013039620566735275,0.25332571266158604,0.06632851101049597,0.679041814271244,25,30,0
22,7346,0.0010728956197184345,0.2535882866457595,0.06629700387251158,0.6790418138620098,25,30,0
22,7347,0.001072717529527154,0.25361086318590564,0.06627460542987544,0.679041813854691,25,30,0
22,7348,0.0010757353138329444,0.2536108631859061,0.06627460645629173,0.6790387950439686,25,30,0
22,7349,0.0010697454998809983,0.2536108631859066,0.06627460490290707,0.6790447864113047,25,30,0
22,7350,0.0010667320963865206,0.25364479678304264,0.06624368470934573,0.6790447864112243,25,30,0
22,7351,0.0010677135735869408,0.25364382230895305,0.06624367770143086,0.6790447864160285,25,30,0
22,7352,0.0006086811617163053,0.253643822306812,0.06624182052728675,0.6795056760041841,25,30,0
22,7353,0.0005977686741199272,0.2536438223067504,0.06624181507640313,0.6795165939427256,25,30,0
22,7354,0.0005957710814196446,0.2536458257914692,0.06624180917498833,0.6795165939521212,25,30,0
22,7355,0.0005927761743831863,0.2536458258053814,0.06625193143778593,0.6795094665824479,25,30,0
22,7356,0.0005867882630962786,0.25364582580541695,0.06625193202617362,0.6795154539053117,25,30,0
22,7357,0.0005858576614061704,0.253645825805391,0.06625187660028038,0.6795164399329212,25,30,0
22,7358,0.0005829842413322339,0.25364870572852966,0.06625187009955279,0.6795164399305844,25,30,0
22,7359,0.000582122640820572,0.25364870572850273,0.06625194976157886,0.6795172218690968,25,30,0
22,7360,0.000601110799823417,0.2536487057147236,0.06624183900767194,0.6795083444777801,25,30,0
22,7361,0.0006079646918687264,0.25364870571474096,0.06624175876497392,0.6795015708284154,25,30,0
22,7362,0.0006827186610791798,0.2536487057184695,0.06624206245055712,0.6794265131698932,25,30,0
22,7363,0.0006787416370562975,0.25364870571844317,0.06624206101126041,0.6794304916332392,25,30,0
22,7364,0.000678566420966319,0.25364888411199876,0.06624205783396467,0.6794304916330693,25,30,0
22,7365,0.0006777044109084752,0.25364888411194597,0.06624205550948058,0.6794313559676639,25,30,0
22,7366,0.0006767662448400331,0.25303990899803114,0.0668519687916701,0.679431355965458,25,30,0
22,7367,0.0006767640821332972,0.253039908998031,0.06685196827146332,0.6794313586483718,25,30,0
22,7368,0.0006738179066505966,0.25303990899803114,0.06685196885517047,0.6794343042401471,25,30,0
22,7369,0.0006758682761902512,0.25303786243557874,0.0668519650575649,0.6794343042306653,25,30,0
22,7370,0.0006757993333089532,0.25303792494349375,0.06685197149257338,0.6794343042306231,25,30,0
22,7371,0.0006787442522825362,0.2530379249434942,0.06685196950733045,0.679431361296892,25,30,0
22,7372,0.0006798325685987172,0.25303680964516423,0.06685199648201978,0.6794313613042164,25,30,0
22,7373,0.000678848072244401,0.2530368096456702,0.06685416697756748,0.6794301753045191,25,30,0
22,7374,0.0007427426054619247,0.2530368096478603,0.06685427320459403,0.6793661745420847,25,30,0
22,7375,0.0007406051722411291,0.2530368096478949,0.06685427501004244,0.6793683101698227,25,30,0
22,7376,0.0007366829432776964,0.2530368096479137,0.06685430442706077,0.6793722029817488,25,30,0
22,7377,0.0007346670830865008,0.2530368096479875,0.06685434809485417,0.6793741751740727,25,30,0
22,7378,0.0009708811116854499,0.25305065933471077,0.06660430489339335,0.6793741546602114,25,30,0
22,7379,0.0009708476315554277,0.2530506593346932,0.06660442093145968,0.6793740721022925,25,30,0
22,7380,0.0009717857774566546,0.25365907235375,0.06599506976428404,0.6793740721045086,25,30,0
22,7381,0.0009748340565761862,0.2536336279398912,0.06601746589405245,0.6793740721094795,25,30,0
22,7382,0.0009637976486887068,0.2536336279397578,0.06601742724095752,0.6793851471705952,25,30,0
22,7383,0.0009668622063759533,0.25363362793977573,0.06601742803277913,0.6793820818210683,25,30,0
22,7384,0.0010841082846056336,0.2535161201528568,0.06601768946624523,0.6793820820962911,25,30,0
22,7385,0.0010842483856725168,0.2535161201528846,0.06601769151076355,0.6793819399506781,25,30,0
22,7386,0.0008490189882744352,0.2535022661035356,0.06626677550504115,0.6793819394031497,25,30,0
22,7387,0.0008490900103859264,0.25350205135812776,0.0662669192284193,0.6793819394030679,25,30,0
22,7388,0.0008450431568497104,0.2535020513580833,0.06626691548508017,0.6793859899999879,25,30,0
22,7389,0.0008473424228433312,0.2535003145684483,0.06626635286811036,0.6793859901405988,25,30,0
22,7390,0.0006183132225215636,0.25350031456951083,0.06627300809431368,0.6796083641136543,25,30,0
22,7391,0.000615353350970327,0.25350031456950173,0.06627292494039519,0.6796114071391334,25,30,0
22,7392,0.000617990496998146,0.23477240098805388,0.08499818757289926,0.6796114209420491,25,30,0
22,7393,0.0006329884780513624,0.234772400988065,0.08499822825040829,0.6795963822834756,25,30,0
22,7394,0.0006248915743950963,0.23477240098805371,0.08499818802838968,0.6796045194091619,25,30,0
22,7395,0.0006269405013319421,0.2347724009879985,0.0849981457043965,0.6796025128062732,25,30,0
22,7396,0.0006271693356667947,0.23477240098797286,0.08499814699149891,0.6796022826848614,25,30,0
22,7397,0.0006202312869846051,0.23477240098792937,0.08499814540308441,0.6796092223220017,25,30,0
22,7398,0.0006200902588951109,0.23477240098792748,0.08499814311543177,0.6796093656377457,25,30,0
22,7399,0.0006190009626605056,0.2347735237603721,0.08499810964416568,0.6796093656328014,25,30,0
22,7400,0.0006218042097535514,0.23477352376034427,0.08499810764718788,0.679606564382714,25,30,0
22,7401,0.0005450336474559321,0.2347735237566412,0.08499780830222889,0.6796836342936738,25,30,0
22,7402,0.00048114216664587337,0.23477352375444205,0.08499762097159974,0.679747713107312,25,30,0
22,7403,0.00048022520705606286,0.2347735236768707,0.08499851675001796,0.6797477343660558,25,30,0
22,7404,0.0004772815823959882,0.23477352367687043,0.08499863258989336,0.6797505621508408,25,30,0
22,7405,0.0004811864401958415,0.23477352367689597,0.08499863591639567,0.6797466539665129,25,30,0
22,7406,0.0004743160444798187,0.2347735236769422,0.08500345267705538,0.679748707601523,25,30,0
22,7407,0.0004742799736579898,0.2347735236769339,0.08500345361446746,0.6797487427349407,25,30,0
22,7408,0.0004752251172264024,0.23477243953730834,0.0850035926079743,0.679748742737491,25,30,0
22,7409,0.0003558207394388424,0.23489211152170647,0.08500332529850793,0.6797487424403467,25,30,0
22,7410,0.00035487362486721067,0.23489211152167344,0.0850033198798512,0.6797496949736079,25,30,0
22,7411,0.00033807709897915505,0.23489211152259462,0.08500553649422987,0.6797642748841959,25,30,0
22,7412,0.0003369912371448358,0.23489211152267392,0.0850056590374244,0.6797652382027559,25,30,0
22,7413,0.00033690384207763353,0.23489211152259293,0.08500084035233582,0.6797701442829926,25,30,0
22,7414,0.00033397797187395344,0.23489211152258516,0.08500084129718533,0.679773069208355,25,30,0
22,7415,0.0003318387377953523,0.23489424224982394,0.08500084979450354,0.6797730692178766,25,30,0
22,7416,0.0005269336353485597,0.23489424225818908,0.08500312824993916,0.6795756958565228,25,30,0
22,7417,0.0005266340139123093,0.23489435441391696,0.08500331585873211,0.6795756957134383,25,30,0
22,7418,0.0005878048801303371,0.2348943544155758,0.08500346464571723,0.6795143760585762,25,30,0
22,7419,0.0005878224040354865,0.23489435441557668,0.0850034674276725,0.6795143557527148,25,30,0
22,7420,0.0005848271302342466,0.23489435441559497,0.08500346773870955,0.6795173507154604,25,30,0
22,7421,0.0005838820975013533,0.23430553756092679,0.08559322963099646,0.6795173507105752,25,30,0
22,7422,0.0005236586946616375,0.2343055375593106,0.08559308239003728,0.6795777213559901,25,30,0
22,7423,0.0005207506099272704,0.23430858149825537,0.08559294653548585,0.6795777213563312,25,30,0
22,7424,0.0005237321953366051,0.23430858149826395,0.08559294409700506,0.6795747422093941,25,30,0
22,7425,0.0005258151999813573,0.21887438587825364,0.10102505671131418,0.6795747422104503,25,30,0
22,7426,0.0005257962459515707,0.21946375244630167,0.10043570909708847,0.6795747422106578,25,30,0
22,7427,0.0005327354592301432,0.21946375244633567,0.10043559320041578,0.6795679188940188,25,30,0
22,7428,0.0089938439211615,0.21946375275386412,0.08501126747900872,0.6865311358459671,25,30,0
22,7429,0.009048829518955416,0.23483307746839582,0.06958695716490976,0.6865311358477402,25,30,0
22,7430,0.009040974013255394,0.2610946651819532,0.043333224966580965,0.6865311358382109,25,30,0
22,7431,0.009037941765100033,0.2610946651819533,0.04333326698637072,0.6865341260665764,25,30,0
22,7432,0.009040920795887258,0.2610946651819526,0.04333326448919368,0.6865311495329668,25,30,0
22,7433,0.009043864468605582,0.26109466518195307,0.043333265984559735,0.6865282043648814,25,30,0
22,7434,0.009031684232879244,0.2610946651808097,0.04332650601584211,0.6865471445704685,25,30,0
22,7435,0.009031752825357056,0.2610946651808184,0.04332658768796712,0.686546994305857,25,30,0
22,7436,0.009030825442535619,0.2610946651807835,0.04332658465535078,0.6865479247213296,25,30,0
22,7437,0.009032751756165594,0.26109466518087227,0.04332647760285858,0.6865461054601033,25,30,0
22,7438,0.009026759997382594,0.26109466518088165,0.04332647926676692,0.6865520955549687,25,30,0
22,7439,0.004106734115259976,0.26109478126050634,0.0552095841402378,0.6795889004839958,25,30,0
22,7440,0.028980008812193283,0.26109511439089056,0.03025443458916025,0.6796704422077551,25,30,0
22,7441,0.04041219246342412,0.2610946650508388,0.01890428449318119,0.679588857992555,25,30,0
22,7442,0.0404121761683787,0.2610952251880401,0.018903740651069142,0.6795888579925107,25,30,0
22,7443,0.04041217744430713,0.26109522518804057,0.018903740735333248,0.6795888566323175,25,30,0
22,7444,0.04041505059319979,0.2610952251880309,0.01890374006447395,0.6795859841542942,25,30,0
22,7445,0.04041690785259454,0.2610952251881462,0.018903748826972402,0.6795841181322854,25,30,0
22,7446,0.04041480553622099,0.26109522518710104,0.018901522371133694,0.6795884469055428,25,30,0
22,7447,0.04042296540100165,0.2610952251871396,0.01890152570902003,0.6795802837028372,25,30,0
22,7448,0.040546372513910536,0.2610952251893174,0.018901727887628075,0.6794566744091426,25,30,0
22,7449,0.040549245347751256,0.2610952251892902,0.018901724830088232,0.679453804632869,25,30,0
22,7450,0.0405511700928639,0.26109522518935147,0.018901733243935723,0.6794518714738474,25,30,0
22,7451,0.040548173897500026,0.2610982202345979,0.018901734384444573,0.6794518714834562,25,30,0
22,7452,0.04055123856584708,0.2610949640039639,0.01890192594141844,0.6794518714887693,25,30,0
22,7453,0.04050015961012459,0.2611532997437498,0.018894669160145813,0.6794518714859785,25,30,0
22,7454,0.04049468775751442,0.27990644596379866,0.000147008593176965,0.6794518576855084,25,30,0
22,7455,0.0404945621235858,0.27990583710187367,0.0001477430819700281,0.6794518576925676,25,30,0
22,7456,0.04049458220995605,0.27990583710189065,0.0001569960461672668,0.6794425846419834,25,30,0
22,7457,0.0405015199426221,0.2799058371019337,0.00015699535622820662,0.6794356475992136,25,30,0
22,7458,0.04049950377993056,0.27987657317375136,0.00018827544234313275,0.6794356476039723,25,30,0
22,7459,0.04049752514924068,0.2798765731736555,0.00018827006620021223,0.6794376316109014,25,30,0
22,7460,0.040497469208199466,0.27987657317366416,0.00019297180716122838,0.6794329858109731,25,30,0
22,7461,0.04050432074308212,0.27986971022121204,0.00019298322966284056,0.679432985806041,25,30,0
22,7462,0.04049745322812323,0.2798697102211863,0.00019306624050358432,0.6794397703101849,25,30,0
22,7463,0.04049049793587711,0.2798770302247254,0.00019270153877156776,0.679439770300624,25,30,0
22,7464,0.04049440565464571,0.2798770302247692,0.0001927385150699033,0.6794358256055136,25,30,0
22,7465,0.04048744818746143,0.2798836280736483,0.0001930981380496272,0.6794358256008389,25,30,0
22,7466,0.04072453386471165,0.2796464521623519,0.00019318836988823255,0.6794358256030465,25,30,0
22,7467,0.04072159086389426,0.27964645216235207,0.00019321679019984817,0.6794387401835522,25,30,0
22,7468,0.0407365675651999,0.2796464521624053,0.0001840095146464897,0.6794329707577467,25,30,0
22,7469,0.04073162624096639,0.27964645216246053,0.00018389821311750804,0.6794380233834539,25,30,0
22,7470,0.04066699337411991,0.2796464521603444,0.00018368104686111058,0.6795028734186728,25,30,0
22,7471,0.04066706129038203,0.2796464521603628,0.00018368442042992458,0.6795028021288237,25,30,0
22,7472,0.0406661731517563,0.27965640330473074,0.0001746214216160898,0.6795028021218955,25,30,0
22,7473,0.04061034102248003,0.27965640330466784,0.00017451970645108926,0.6795587359663997,25,30,0
22,7474,0.04060934279593842,0.2796564033047483,0.00017452647684553847,0.6795597274224661,25,30,0
22,7475,0.04060934280120195,0.27965640330476615,0.00017452772884816558,0.6795597261651823,25,30,0
22,7476,0.04061621153348688,0.2796564033047827,0.0001744450592533693,0.6795529401024756,25,30,0
22,7477,0.04061631774971151,0.27964874887005686,0.00018199326559273143,0.6795529401146374,25,30,0
22,7478,0.0406167032892519,0.2796487488701484,0.00018205552663885845,0.6795524923139586,25,30,0
22,7479,0.04061472520131855,0.27964874887007857,0.00018204692123476726,0.6795544790073664,25,30,0
22,7480,0.04061440739788129,0.2796487488699962,0.0001819853222521121,0.6795548584098686,25,30,0
22,7481,0.040615405901044496,0.279648748869916,0.0001819785888337194,0.6795538666402041,25,30,0
22,7482,0.040613513474906375,0.27964874886978436,0.00018196663051240922,0.6795557710247949,25,30,0
22,7483,0.040616451030330125,0.27964267735101656,0.0001851006058516579,0.6795557710127997,25,30,0
22,7484,0.04061645131756208,0.2796426773509903,0.00018498536682425525,0.6795558859646214,25,30,0
22,7485,0.04061741510787656,0.2796426773508822,0.00018497652284311591,0.679554931018396,25,30,0
22,7486,0.04061746778849697,0.2796427829058559,0.0001848182777669884,0.6795549310278781,25,30,0
22,7487,0.040614542033031636,0.2796427829058661,0.0001848496302254977,0.6795578254308746,25,30,0
22,7488,0.04060756900661055,0.2796427829058312,0.00018484611373234625,0.6795648019738242,25,30,0
22,7489,0.04060750581324223,0.27965371943656103,0.00017397277415732437,0.6795648019760376,25,30,0
22,7490,0.041286037472680004,0.27899729820940866,0.00015186232290440098,0.6795648019950051,25,30,0
22,7491,0.041289031957908014,0.27899729820941693,0.00015186442539601034,0.6795618054072772,25,30,0
22,7492,0.04129197434111757,0.27899729820941666,0.00015183595629771518,0.6795588914931665,25,30,0
22,7493,0.04109887696462686,0.2789972982010077,0.00015615776926134777,0.6797476670651025,25,30,0
22,7494,0.04110183812011026,0.27899472892191507,0.00015576590260247736,0.6797476670553706,25,30,0
22,7495,0.04111268226222387,0.27899472892196764,0.00015577463501859794,0.6797368141807882,25,30,0
22,7496,0.04111066988474186,0.2789947289220116,0.0001557777081490056,0.679738823485096,25,30,0
22,7497,0.041177538269301046,0.2789947289247181,0.0001560055635950182,0.6796717272423841,25,30,0
22,7498,0.04050194354261971,0.2796706167726313,0.00015571246141836016,0.679671727223329,25,30,0
22,7499,0.040575709964632944,0.27967061677683214,0.0001559521102152965,0.6795977211483177,25,30,0
22,7500,0.040575745205601615,0.27967061677686855,0.00015595406297789363,0.6795976839545497,25,30,0
22,7501,0.040572873056209546,0.27967061677687766,0.00014935227252452888,0.6796071578943862,25,30,0
22,7502,0.04057870614911476,0.279670616776901,0.0001493554915707558,0.6796013215824117,25,30,0
22,7503,0.04056677982611607,0.27967061677679483,0.00014938427687329398,0.6796132191202139,25,30,0
22,7504,0.040573752525165624,0.27967061677682875,0.00014938515221459673,0.6796062455457893,25,30,0
22,7505,0.04057375000742865,0.27967061677682903,0.0001493843914073639,0.6796062488243332,25,30,0
22,7506,0.04058065507039566,0.27967061677684485,0.00014962443248142684,0.6795991037202765,25,30,0
22,7507,0.04058065668536658,0.27967061677681876,0.00014962552261728974,0.6795991010151958,25,30,0
22,7508,0.040346390044188156,0.2799049728673616,0.0001495360829195567,0.6795991010055293,25,30,0
22,7509,0.03490104741439925,0.2799049969923654,0.005594609087024302,0.6795993465062096,25,30,0
22,7510,0.034898033388506416,0.27990499699232074,0.005594608279353808,0.6796023613398176,25,30,0
22,7511,0.03490209755642585,0.27990053912787777,0.0055950019709928986,0.679602361344702,25,30,0
22,7512,0.03489918917773504,0.2799034399286146,0.0055950095490294735,0.6796023613446193,25,30,0
22,7513,0.03490611065026322,0.279874123028514,0.005617404971842102,0.679602361349379,25,30,0
22,7514,0.03489814336420556,0.2798741230284527,0.005617478819440668,0.6796102547878992,25,30,0
22,7515,0.03489115224043979,0.2798720533767076,0.005626539599752924,0.6796102547830978,25,30,0
22,7516,0.03482227137317039,0.27987205337405435,0.0056263174964160285,0.6796793577563576,25,30,0
22,7517,0.034823200935897164,0.27990257893827875,0.00559486236228131,0.6796793577635412,25,30,0
22,7518,0.03482325070300282,0.2799025789382698,0.0055947790106865335,0.679679391348039,25,30,0
22,7519,0.034808236434817834,0.27990257893819853,0.0055947347840478775,0.6796944498429339,25,30,0
22,7520,0.03480823584349079,0.27990257893819814,0.00559003453519347,0.6796991506831163,25,30,0
22,7521,0.03480816814222656,0.2799028374710558,0.005589843706531996,0.6796991506801838,25,30,0
22,7522,0.034807178446392834,0.27990283747214334,0.005589876505458697,0.6797001075760033,25,30,0
22,7523,0.03481021233537568,0.2799028374721878,0.005589878233332818,0.679697071959102,25,30,0
22,7524,0.03481013995132485,0.27990283747211614,0.0055898750050345156,0.6796971475715229,25,30,0
22,7525,0.03481014330177094,0.27990283747211653,0.0055898764699360394,0.6796971427561752,25,30,0
22,7526,0.03480922935559663,0.27990283747207256,0.005962871323434925,0.6793250618488945,25,30,0
22,7527,0.0348063176296659,0.2799028374720916,0.005962872707208649,0.6793279721910329,25,30,0
22,7528,0.03473267280710328,0.2799028374679092,0.005962633919619404,0.6794018558053666,25,30,0
22,7529,0.034736988129608355,0.279902837468929,0.0059626602044016395,0.6793975141970593,25,30,0
22,7530,0.034737164672501895,0.279902837468948,0.005962662197873664,0.6793973356606746,25,30,0
22,7531,0.0347370945117813,0.25115163630594,0.034713933529004495,0.6793973356532723,25,30,0
22,7532,0.034740271155185395,0.27988947466265407,0.005972918528513621,0.6793973356536449,25,30,0
22,7533,0.03473755779963586,0.27988947466271896,0.0059729501252812345,0.679400017412362,25,30,0
22,7534,0.034734680997958865,0.2798894746627279,0.005972951351076356,0.6794028929882352,25,30,0
22,7535,0.03473241296732102,0.27988947466168274,0.005972921880042532,0.679405190490952,25,30,0
22,7536,0.03473040879395893,0.27989135015853445,0.005973050551663737,0.6794051904958412,25,30,0
22,7537,0.03472742878211048,0.2798913501585615,0.005973047530434376,0.6794081735288919,25,30,0
22,7538,0.03472737805762588,0.2798913501585703,0.005973007696568719,0.6794082640872334,25,30,0
22,7539,0.034730287657645784,0.279891350158552,0.005973007791188481,0.6794053543926121,25,30,0
22,7540,0.03473230175009326,0.2798893419521758,0.005973001912300771,0.6794053543854285,25,30,0
22,7541,0.03473326604166481,0.27988934195221005,0.005973003434944731,0.679404388571179,25,30,0
22,7542,0.03473316026590639,0.27988934195219156,0.005973004503566803,0.6794044932783337,25,30,0
22,7543,0.034745382318890725,0.27988934195325466,0.005973097394518386,0.6793921783333348,25,30,0
22,7544,0.03474549085682114,0.2798893419542986,0.005973128369749157,0.6793920388191296,25,30,0
22,7545,0.03474934422317627,0.2798858700244254,0.00597274692617082,0.6793920388262259,25,30,0
22,7546,0.03474945326187195,0.27988587002443427,0.005972707634435954,0.6793919690792566,25,30,0
22,7547,0.03474940030519397,0.2798858700244071,0.005972824290691899,0.6793919053797057,25,30,0
22,7548,0.034746420969550385,0.27988830343649856,0.0059733702142026005,0.6793919053797474,25,30,0
22,7549,0.034743475503031446,0.2798883034364984,0.005973371617054814,0.6793948494434143,25,30,0
22,7550,0.03478653801786395,0.2798883034369253,0.011675955467203463,0.6736492030780064,25,30,0
22,7551,0.03478955406921674,0.279885106623123,0.011676136222420837,0.6736492030852383,25,30,0
22,7552,0.034746475572421456,0.27988510662268723,0.005600551796068953,0.6797678660088212,25,30,0
22,7553,0.03474645762877094,0.2798851066226797,0.005725770611056573,0.6796426651374916,25,30,0
22,7554,0.03475362101288755,0.2798851066231908,0.005725830760768027,0.6796354416031527,25,30,0
22,7555,0.0347413643485775,0.27988510662210936,0.005725736483896372,0.679647792545416,25,30,0
22,7556,0.03474445121874659,0.27988510662210925,0.005725620162190676,0.6796448219969526,25,30,0
22,7557,0.03474439692617219,0.2798851066221444,0.005725620369495203,0.6796448760821875,25,30,0
22,7558,0.03520044504893956,0.27942878875881255,0.005725889817716427,0.6796448763745309,25,30,0
22,7559,0.035198429960269964,0.2794287887588467,0.005725893369653417,0.6796468879112293,25,30,0
22,7560,0.035198446967911454,0.2794287887588539,0.005600757028867115,0.6797720072443667,25,30,0
22,7561,0.03520121263450072,0.2794287887578002,0.005600841202855407,0.6797691574048429,25,30,0
22,7562,0.03544356041541581,0.2794287887599194,0.0056032526984523745,0.6795243981262115,25,30,0
22,7563,0.03544049527946399,0.27942878875992705,0.005603249766614803,0.6795274661939932,25,30,0
22,7564,0.03544044507219199,0.2794287887599535,0.005603252190826104,0.6795275139770274,25,30,0
22,7565,0.035200184586003956,0.2794287887577914,0.005600836499394443,0.6797701901568093,25,30,0
22,7566,0.03520203737287763,0.27942878875786187,0.0056008420248271264,0.6797683318444325,25,30,0
22,7567,0.03519902133061376,0.2794323504565861,0.00560029637559975,0.6797683318371996,25,30,0
22,7568,0.03519504427512167,0.27943235045655984,0.005600293487908081,0.6797723117804098,25,30,0
22,7569,0.03519509722675759,0.2794317524916067,0.005600838501224138,0.679772311780411,25,30,0
22,7570,0.024132051087204388,0.27943172820387113,0.016664101955547392,0.6797721187533763,25,30,0
22,7571,0.024134834269384547,0.27943172820381557,0.016664152104624595,0.6797692854221744,25,30,0
22,7572,0.024134834571690175,0.2794317282038158,0.016664071686625946,0.6797693655378673,25,30,0
22,7573,0.024132845263749113,0.2794317282027458,0.016664039679061424,0.6797713868544428,25,30,0
22,7574,0.024132844039090346,0.2794317298142532,0.016664039294553915,0.6797713868521015,25,30,0
22,7575,0.024132777594317166,0.27943172981424413,0.016663956144569555,0.679771536446868,25,30,0
22,7576,0.024129834560549374,0.2794317298142446,0.016663956194588072,0.6797744794306168,25,30,0
22,7577,0.024133816309239497,0.27942747695659176,0.016664227286718233,0.6797744794474494,25,30,0
22,7578,0.02413406203019931,0.27942747695663717,0.016664228982719565,0.6797742320304431,25,30,0
22,7579,0.023675034567437473,0.2798866420914821,0.016664091602932377,0.6797742317381474,25,30,0
22,7580,0.023678012862775374,0.2798866420915012,0.01666409092735274,0.6797712541183699,25,30,0
22,7581,0.023678140140948937,0.27988664209149394,0.01666397581627173,0.6797712419512846,25,30,0
22,7582,0.0236750882087938,0.27988664209149383,0.01666397537396551,0.6797742943257461,25,30,0
22,7583,0.02367503557064964,0.2798868542896234,0.0166638158139777,0.6797742943257483,25,30,0
22,7584,0.023797544403797333,0.27976462647603323,0.016663534497354665,0.6797742946228128,25,30,0
22,7585,0.02379756394682684,0.27976462647605227,0.016663572551428623,0.6797742370256903,25,30,0
22,7586,0.023800558600929275,0.27976462647602607,0.016663569450322893,0.6797712454727199,25,30,0
22,7587,0.023806549840491274,0.27976462647603545,0.01666356913031724,0.6797652545531545,25,30,0
22,7588,0.02380362742012916,0.2797646264760625,0.016663699965551015,0.6797680461382558,25,30,0
22,7589,0.023860044275920166,0.27976462688239545,0.056239282834829096,0.6401360460068556,25,30,0
22,7590,0.02386703897759587,0.2797646268824221,0.056239287791684106,0.6401290463482979,25,30,0
22,7591,0.023867038980091758,0.27976423120089605,0.056239683470756606,0.6401290463482554,25,30,0
22,7592,0.023867038366950002,0.2797642312009046,0.05623968408945197,0.6401290463426932,25,30,0
22,7593,0.023866983402278753,0.2797642312008774,0.0562396450982084,0.6401291402986351,25,30,0
22,7594,0.023871021605523023,0.27894957011706517,0.057050267959686325,0.6401291403177258,25,30,0
22,7595,0.02386814815822666,0.27892137012796986,0.057081341391273036,0.6401291403225307,25,30,0
22,7596,0.02386805941970898,0.278942053901137,0.05706074636134161,0.6401291403178127,25,30,0
22,7597,0.02374853053801887,0.2790618545516931,0.05706047488715837,0.6401291400231299,25,30,0
22,7598,0.023748319812529298,0.27906185455164895,0.0570604738218971,0.640129351813925,25,30,0
22,7599,0.023748249445258992,0.27906185455162175,0.05706047318409661,0.6401294228190225,25,30,0
22,7600,0.02375122843150214,0.2790618545516482,0.05706058737232899,0.6401263296445207,25,30,0
22,7601,0.023751178582152085,0.27906203263110746,0.057060459142136664,0.6401263296446039,25,30,0
22,7602,0.023748301762850227,0.2790620326311166,0.05706045979578961,0.6401292058102438,25,30,0
22,7603,0.0237483014889559,0.27906203316932815,0.05706045953389562,0.6401292058078205,25,30,0
22,7604,0.023741374537186145,0.2790620331693111,0.057060455233471814,0.6401361370600314,25,30,0
22,7605,0.023742446177244633,0.27906203316923217,0.05706044702576013,0.6401350736277637,25,30,0
22,7606,0.023745458075197824,0.2790620331692412,0.05706044767100952,0.6401320610845517,25,30,0
22,7607,0.023742515081828626,0.27906203316924166,0.05706044809999729,0.6401350036489327,25,30,0
22,7608,0.02374248129135257,0.27907238826944863,0.057050126790267754,0.6401350036489313,25,30,0
22,7609,0.023739411489309102,0.27908630150779784,0.057039283349441555,0.6401350036534508,25,30,0
22,7610,0.023739518305108915,0.27908630150783326,0.057039286269036885,0.6401348939180204,25,30,0
22,7611,0.023736522496135084,0.27908950844062824,0.057039075159753594,0.6401348939034825,25,30,0
22,7612,0.02374350868456969,0.27989352379930177,0.05622807362213028,0.6401348938939972,25,30,0
22,7613,0.023746521991499913,0.27989352379931065,0.0562280743275892,0.6401318798815993,25,30,0
22,7614,0.023746504682540713,0.27989352379929383,0.05622807394775986,0.6401318975704049,25,30,0
22,7615,0.023750498252333913,0.2798935237993301,0.05622807905721989,0.6401278988911154,25,30,0
22,7616,0.023984719979285606,0.27989352380100924,0.05622828387914916,0.639893472340555,25,30,0
22,7617,0.023974660665725928,0.27990358754908207,0.056228279444595984,0.6398934723405949,25,30,0
22,7618,0.023978497545391386,0.27990358754909883,0.056228397607128555,0.6398895172983802,25,30,0
22,7619,0.023978453360054698,0.2799035875491402,0.056230021549945323,0.6398879375408589,25,30,0
22,7620,0.023971495276867375,0.2799035875491062,0.0562297525515309,0.6398951646224942,25,30,0
22,7621,0.02397151099068811,0.2799035875491238,0.05622975478356694,0.6398951466766196,25,30,0
22,7622,0.02397452510155508,0.2799035875491415,0.05622987107255395,0.6398920162767481,25,30,0
22,7623,0.023975523580908854,0.27990312825305247,0.05622933188461245,0.6398920162814249,25,30,0
22,7624,0.02397352282699159,0.27990312825410285,0.056230107456222346,0.6398932414626818,25,30,0
22,7625,0.023972663365371263,0.2799036033388176,0.05623049184277761,0.6398932414530322,25,30,0
22,7626,0.05630653800948718,0.27990360293889593,0.024253400179740203,0.6395364588718749,25,30,0
22,7627,0.05630461348216759,0.2794693935509063,0.024689534102144015,0.6395364588647804,25,30,0
22,7628,0.056303646507097814,0.2794693935498059,0.024687132522262404,0.639539827420832,25,30,0
22,7629,0.056303592289778666,0.27946959530991594,0.02468698497960374,0.6395398274206997,25,30,0
22,7630,0.05630646694897155,0.27946959530990706,0.024686984841857496,0.6395369528992623,25,30,0
22,7631,0.056306469029088035,0.2794686551073893,0.02468792295201339,0.6395369529115077,25,30,0
22,7632,0.05630939503685499,0.27946611740293736,0.02468753464865761,0.6395369529115486,25,30,0
22,7633,0.06378249981179689,0.2794661174601805,0.017214414688445503,0.6395369680395754,25,30,0
22,7634,0.06378545927456929,0.2794661174601891,0.017214415334628724,0.6395340079306111,25,30,0
22,7635,0.06379336063370737,0.2794661174602415,0.017214462069729743,0.6395260598363195,25,30,0
22,7636,0.06332183283941384,0.2794661207577072,0.017685956355708476,0.6395260900471685,25,30,0
22,7637,0.06332177862869401,0.27987101824178445,0.017281113084708408,0.6395260900448112,25,30,0
22,7638,0.06332392509091278,0.27987101824285715,0.01728117151145355,0.6395238851547745,25,30,0
22,7639,0.06331595718139456,0.279878859370913,0.01728129830440805,0.6395238851432815,25,30,0
22,7640,0.06331593841528829,0.27985648397088264,0.017303692470667334,0.6395238851431585,25,30,0
22,7641,0.06331296105243675,0.27985648397086377,0.017303575193116056,0.6395269797835805,25,30,0
22,7642,0.06331001896266895,0.279856483970864,0.017303689743072496,0.6395298073233919,25,30,0
22,7643,0.0633109303229505,0.27985648397088086,0.017303694591718582,0.6395288911144476,25,30,0
22,7644,0.06376691343646775,0.2793896375876805,0.01731455756735443,0.6395288914084949,25,30,0
22,7645,0.06376686113509768,0.2793896375876635,0.017314633066637414,0.6395288682105991,25,30,0
22,7646,0.06376684323322893,0.27938963758765395,0.017314554174726163,0.6395289650043886,25,30,0
22,7647,0.06376885897228816,0.2793896375876286,0.017314550130232052,0.6395269533098489,25,30,0
22,7648,0.06376871129696177,0.2793896375876098,0.017314420100945454,0.6395272310144803,25,30,0
22,7649,0.06376899960975264,0.27894409243737894,0.017759676932652946,0.6395272310202127,25,30,0
22,7650,0.06401392080927397,0.2791439737085626,0.01731487416915732,0.6395272313130033,25,30,0
22,7651,0.06401704223273393,0.2791631236553826,0.017292602798628088,0.6395272313132526,25,30,0
22,7652,0.06401735883464137,0.2791631236553665,0.017292633773154355,0.6395268837368352,25,30,0
22,7653,0.06377131028543001,0.2794094623837478,0.017292343880167482,0.6395268834506521,25,30,0
22,7654,0.06377441186452168,0.2794094623837478,0.01729234241406803,0.6395237833376602,25,30,0
22,7655,0.06376749392065632,0.27940946238371295,0.01729222431363328,0.6395308193819953,25,30,0
22,7656,0.07395729675385217,0.26920114026588615,0.017310725567085305,0.6395308374131741,25,30,0
22,7657,0.07926447091978267,0.26920115407540757,0.012003590662487702,0.6395307843423196,25,30,0
22,7658,0.07926452355026922,0.2692011540754353,0.012003673732193874,0.6395306486420992,25,30,0
22,7659,0.079261544417225,0.26920115407543643,0.012003557940838244,0.6395337435664983,25,30,0
22,7660,0.07926552114135825,0.26920115407546225,0.012003559415570133,0.6395297653676072,25,30,0
22,7661,0.06907272476773323,0.27941245988406743,0.011985068011683855,0.6395297473365134,25,30,0
22,7662,0.042076567852504444,0.2794126837482741,0.03897966090165197,0.6395310874975685,25,30,0
22,7663,0.04214849816784276,0.2793643212376358,0.03895609279186374,0.6395310878026569,25,30,0
22,7664,0.04215149713969169,0.2793643212376277,0.03895597694948064,0.639528204673199,25,30,0
22,7665,0.042151426281123804,0.2793639759512931,0.03895639309455196,0.6395282046730304,25,30,0
22,7666,0.041911112291618785,0.2793639759490326,0.03895612304033311,0.6397687887190144,25,30,0
22,7667,0.04185014714722786,0.2794328570206625,0.03894820740873321,0.6397687884233754,25,30,0
22,7668,0.04185014594861701,0.2794328570206623,0.03894832529859846,0.6397686717321212,25,30,0
22,7669,0.011075047244660765,0.27943285376845234,0.06972346861622354,0.6397686303706646,25,30,0
22,7670,0.011077043884063203,0.27943180827050623,0.0697225174893926,0.639768630356039,25,30,0
22,7671,0.011077025097867246,0.279431808270499,0.06972255848858802,0.6397686081430467,25,30,0
22,7672,0.011073116909130633,0.27943180827048175,0.06972255620881138,0.6397725186115772,25,30,0
22,7673,0.011070172142449144,0.27943180827049224,0.06972267725008827,0.6397753423369713,25,30,0
22,7674,0.011070170896451481,0.27943167068738556,0.06972281607918823,0.6397753423369755,25,30,0
22,7675,0.01152600710825913,0.27943167068953423,0.06972306248193741,0.6393192597202701,25,30,0
22,7676,0.01107004676352844,0.2794316706874192,0.06972278694280025,0.639775495606253,25,30,0
22,7677,0.011071862569098612,0.27943167068636315,0.06972281369717381,0.639773653047365,25,30,0
22,7678,0.011069792610096529,0.277706685984673,0.07144986835063277,0.6397736530545982,25,30,0
22,7679,0.01106985908367344,0.27770668598467263,0.07144986923980143,0.6397735856918529,25,30,0
22,7680,0.01107585032085522,0.27942829846829986,0.06972226551913133,0.639773585691714,25,30,0
22,7681,0.011082735995634982,0.2794282984683781,0.06972227167005833,0.6397666938659289,25,30,0
22,7682,0.027037059974879693,0.27942806091826544,0.05376952519188888,0.6397653539149669,25,30,0
22,7683,0.027044031863963452,0.2794212320321273,0.05376938218172315,0.639765353922187,25,30,0
22,7684,0.01854870714433792,0.2794212319234465,0.06226471116307489,0.639765349769143,25,30,0
22,7685,0.018540737392264996,0.279421231923439,0.062264719371324384,0.6397733113129739,25,30,0
22,7686,0.040923326233962616,0.27942123181538536,0.039882130433655835,0.6397733115169961,25,30,0
22,7687,0.04092332701462637,0.27942123181533185,0.03988207338204195,0.6397733677879999,25,30,0
22,7688,0.040926342762080584,0.2794212318153311,0.03988195300250441,0.6397704724200838,25,30,0
22,7689,0.04092034910028505,0.2794212318153318,0.03988187153544954,0.6397765475489335,25,30,0
22,7690,0.04090940003308791,0.2794212318152524,0.03988197967322732,0.6397873884784325,25,30,0
22,7691,0.04090934500591811,0.2794212318152607,0.03988197674103087,0.6397874464377903,25,30,0
22,7692,0.007667812252191102,0.27942137577215986,0.073093237816276,0.6398175741593743,25,30,0
22,7693,0.007662076210361245,0.2394574817490217,0.1130628677329999,0.6398175743076149,25,30,0
22,7694,0.0072062245546037195,0.2399133557521882,0.1130628456800741,0.639817574013132,25,30,0
22,7695,0.007207118509039831,0.2399133557522065,0.1130628480294205,0.6398166777093315,25,30,0
22,7696,0.007090191580436761,0.2399133557520211,0.11317977001077432,0.6398166826567648,25,30,0
22,7697,0.00744789409954671,0.23955299579857214,0.1131824187881344,0.6398166913137436,25,30,0
22,7698,0.007446931447897582,0.23955299579854508,0.11318241519584245,0.6398176575577118,25,30,0
22,7699,0.0074997365931255226,0.23955290186715952,0.11312970411756301,0.639817657422149,25,30,0
22,7700,0.007499789482691539,0.2395529018671417,0.11312970336048439,0.6398176052896797,25,30,0
22,7701,0.0074966767840303605,0.23953552933377636,0.11315018859252478,0.6398176052896658,25,30,0
22,7702,0.00749572744179192,0.2395355293338752,0.11315019841920758,0.6398185448051226,25,30,0
22,7703,0.03176908553612865,0.23953542264849365,0.08890576127427957,0.6397897305410949,25,30,0
22,7704,0.03176987263481427,0.2395347968143821,0.08890560001970745,0.6397897305310929,25,30,0
22,7705,0.031766807176049815,0.23953479681439163,0.08890560118631637,0.6397927948232391,25,30,0
22,7706,0.04064780739531271,0.2395347675531015,0.08002593627551048,0.6397914887760723,25,30,0
22,7707,0.040645823525032175,0.23953476755322586,0.08002841864242632,0.6397909902793125,25,30,0
22,7708,0.0406418454891495,0.2395387488400435,0.08002841539645951,0.6397909902743445,25,30,0
22,7709,0.04063986572489256,0.23953874884007118,0.08002842085112585,0.6397929645839074,25,30,0
22,7710,0.04064090925134802,0.23953874884008214,0.080028458543156,0.6397918833654109,25,30,0
22,7711,0.040647927631241636,0.23953874884011725,0.08002850360521348,0.6397848199234248,25,30,0
22,7712,0.040647927602227,0.23953819703176102,0.08002905544504806,0.6397848199209608,25,30,0
22,7713,0.040650903704742516,0.2395381970317796,0.08002913728634514,0.6397817619771297,25,30,0
22,7714,0.04065083514399937,0.23953819703177068,0.08002913731562178,0.639781830508605,25,30,0
22,7715,0.04064478011588559,0.2395381970317892,0.08002909811557365,0.6397879247367485,25,30,0
22,7716,0.04064385419849742,0.23953819703176266,0.08002909376847957,0.6397888550012575,25,30,0
22,7717,0.04064085698710489,0.23954119202939925,0.08002909598465846,0.6397888549988346,25,30,0
22,7718,0.023155234713134857,0.23954118504744598,0.09751472218969605,0.6397888580497204,25,30,0
22,7719,0.023160392729770177,0.23954118504803648,0.09751465209228502,0.6397837701299058,25,30,0
22,7720,0.023162425612515386,0.23954118504797392,0.09751464612200443,0.6397817432175037,25,30,0
22,7721,0.023160299657703262,0.23954118504738323,0.09751930143263422,0.6397792138622767,25,30,0
22,7722,0.023405681757768148,0.2395411850474668,0.09752105264224964,0.6395320805525129,25,30,0
22,7723,0.023402685754826978,0.23954118504745803,0.09752105186560174,0.6395350773321106,25,30,0
22,7724,0.023402877393918806,0.23951858663787462,0.09754345863818135,0.6395350773300222,25,30,0
22,7725,0.02340974363492884,0.23951858663788092,0.09754337701600889,0.6395282927111784,25,30,0
22,7726,0.02340979597818509,0.23951858663788936,0.09754337712089367,0.6395282402630289,25,30,0
22,7727,0.023409603432508194,0.23954118613765948,0.09752097016471184,0.6395282402651175,25,30,0
22,7728,0.023402686952456432,0.23954118613762543,0.09752096721882655,0.6395351596910887,25,30,0
22,7729,0.023403615607415072,0.23954118613766046,0.0975209706946841,0.6395342275602374,25,30,0
22,7730,0.04067141581491741,0.23954118511716935,0.0802531756907484,0.6395342233771618,25,30,0
22,7731,0.018262588376142194,0.23954118533043497,0.10266199174133953,0.6395342345520802,25,30,0
22,7732,0.018632016527205794,0.23954118533729082,0.10229256769499827,0.6395342304405047,25,30,0
22,7733,0.018635942412827008,0.23954118533733537,0.10228786928952154,0.6395350029603155,25,30,0
22,7734,0.018636278352155367,0.2395408110755658,0.10228790761416741,0.6395350029581107,25,30,0
22,7735,0.01864211426569505,0.23954081107549313,0.10228542848798361,0.6395316461708278,25,30,0
22,7736,0.01863735162204747,0.23954608162550384,0.10228492057400101,0.6395316461784469,25,30,0
22,7737,0.018630504239336074,0.23954608162540708,0.10228491347206976,0.6395385006631865,25,30,0
22,7738,0.01863053938580889,0.23957694662627585,0.10225401332455614,0.6395385006633586,25,30,0
22,7739,0.0013633035365180732,0.2395769463737935,0.1195212673054951,0.6395384827841927,25,30,0
22,7740,0.001364229399840194,0.23957694637382762,0.1195212702883229,0.6395375539380085,25,30,0
22,7741,0.0013642119840670801,0.23957694637384677,0.1195212702393547,0.6395375714027312,25,30,0
22,7742,0.0013642997412050028,0.23957694637387195,0.11952134645930788,0.6395374074256153,25,30,0
22,7743,0.0013639971916174242,0.23957728644098553,0.11952130894187565,0.6395374074255215,25,30,0
22,7744,0.0013619558775083362,0.23957728644093865,0.11965075669522873,0.6394100009863246,25,30,0
22,7745,0.000991548835765219,0.23957728645067725,0.12002116468876413,0.6394100000247909,25,30,0
22,7746,0.0010211809850465688,0.23957728668279132,0.11999153120815727,0.6394100011240005,25,30,0
22,7747,0.0010181145569711219,0.23957728668279954,0.11999153021887947,0.6394130685413457,25,30,0
22,7748,0.0007728029191326421,0.23957728668274464,0.11998978312961936,0.6396601272684989,25,30,0
22,7749,0.0007757450439435236,0.2395772866827443,0.11998978301373281,0.639657185259575,25,30,0
22,7750,0.000938734635093733,0.23957728666610809,0.11982679344270593,0.6396571852560933,25,30,0
22,7751,0.0009407657270079313,0.23957728666608244,0.11982679064245814,0.639655156964453,25,30,0
22,7752,0.0009557960604624247,0.2395398587826753,0.11984918817306552,0.6396551569837979,25,30,0
22,7753,0.0009557982914474165,0.23953946536220377,0.119849579362511,0.6396551569838385,25,30,0
22,7754,0.0009626445760319223,0.23953946536221063,0.11985183218282533,0.6396460578789328,25,30,0
22,7755,0.0009557216999115873,0.23953946536216783,0.11985194651583714,0.6396528664220842,25,30,0
22,7756,0.0009611755037709728,0.2395394652074683,0.11984629875967066,0.6396530605290912,25,30,0
22,7757,0.0019660509131691813,0.23953946527478792,0.1188409709112215,0.6396535129008235,25,30,0
22,7758,0.0019520029960641255,0.23954444253929427,0.11885004157844012,0.6396535128862032,25,30,0
22,7759,0.0019510019709460486,0.23952305098238721,0.11887243415310172,0.6396535128935666,25,30,0
22,7760,0.001965173355726064,0.23950923580513442,0.11887195112213568,0.6396536397169996,25,30,0
22,7761,0.0019582717052026807,0.23950923580511715,0.11887439746042372,0.6396580950292526,25,30,0
22,7762,0.005985703354009199,0.23950923640938412,0.11484741758082963,0.639657642655774,25,30,0
22,7763,0.0059966178475047306,0.23949833004979804,0.11484740943756977,0.6396576426651248,25,30,0
22,7764,0.005993605919025546,0.2394983300497891,0.1148472908836618,0.6396607731475213,25,30,0
22,7765,0.005990592531438631,0.2395007910084887,0.11484784331263193,0.6396607731474386,25,30,0
22,7766,0.005988434805937803,0.23950246700731292,0.11484832504930105,0.6396607731374453,25,30,0
22,7767,0.005986386691863067,0.23950246700732983,0.11484824425320721,0.6396629020475972,25,30,0
22,7768,0.005985370770538246,0.23950246700738337,0.11484825004059245,0.6396639121814833,25,30,0
22,7769,0.015986039759635858,0.23950244143266475,0.10484773280601274,0.6396637860016839,25,30,0
22,7770,0.015986055747687838,0.23950244143267352,0.1048477334057205,0.6396637694139153,25,30,0
22,7771,0.015988068688337714,0.23953190858073778,0.1048162533217301,0.6396637694091916,25,30,0
22,7772,0.015983075810384228,0.2395319085807653,0.10481637164209456,0.6396686439667536,25,30,0
22,7773,0.01597776981798772,0.23834332095441088,0.1060102477407618,0.6396686614868373,25,30,0
22,7774,0.01598289236228263,0.23834332095450111,0.10601021560172344,0.6396635710814907,25,30,0
22,7775,0.015986868812874318,0.23833878934041564,0.1060107707604587,0.6396635710862494,25,30,0
22,7776,0.015986852225601672,0.23833878934041589,0.10588139566777695,0.6397929627662041,25,30,0
22,7777,0.015987870109428558,0.23833878934034483,0.10588127366458991,0.6397920668856353,25,30,0
22,7778,0.015986957775709968,0.23833878934031918,0.10588135451094903,0.639792898373021,25,30,0
22,7779,0.01598434548045162,0.23953528901032797,0.10468748466563663,0.639792880843583,25,30,0
22,7780,0.015995408125619635,0.2395352890124322,0.104687520898246,0.6397817819637013,25,30,0
22,7781,0.01599935439241854,0.23953528901257556,0.10468753318766673,0.6397778234073381,25,30,0
22,7782,0.016002436575313382,0.23953528901254828,0.1046875328858321,0.6397747415263061,25,30,0
22,7783,0.016005380730489148,0.2395352890125402,0.10468741640979692,0.6397719138471735,25,30,0
22,7784,0.015998462791639582,0.23954275524129875,0.10468686812226606,0.6397719138447954,25,30,0
22,7785,0.015998461376326312,0.23954275524129856,0.10495310800917927,0.6395056753731958,25,30,0
22,7786,0.016037095410079017,0.23954275524180274,0.11101861571046545,0.6334015336376523,25,30,0
22,7787,0.016034969727711783,0.23954275524171162,0.11101853031404842,0.6334037447165276,25,30,0
22,7788,0.01603502428740682,0.23954275524166863,0.11101855821542411,0.6334036622554998,25,30,0
22,7789,0.016033027832949406,0.2395427552415973,0.11101855155964603,0.6334056653658066,25,30,0
22,7790,0.016036023569187197,0.23954275524160562,0.11101843634074733,0.6334027848484594,25,30,0
22,7791,0.016039018811524502,0.2395178733972222,0.11104032294504133,0.6334027848462116,25,30,0
22,7792,0.01603595333673569,0.23951787339720404,0.11104032210375628,0.6334058511623036,25,30,0
22,7793,0.01603716658487046,0.23951787339726052,0.1110403637929819,0.6334045962248868,25,30,0
22,7794,0.016035187984719396,0.23951787339717093,0.1110403546497782,0.6334065839683316,25,30,0
22,7795,0.016035311326229953,0.23951787339716316,0.1110403551906958,0.6334064600859111,25,30,0
22,7796,0.01603531162596399,0.23951787339716302,0.11104035465917597,0.6334064603176972,25,30,0
22,7797,0.016039166957046096,0.23951787339719696,0.11104035615192227,0.6334026034938348,25,30,0
22,7798,0.028482276824008626,0.2395178733975357,0.0985972466387822,0.6334026031396736,25,30,0
22,7799,0.02848227683823272,0.2395178733975355,0.0985972459630503,0.6334026038011816,25,30,0
22,7800,0.028479350197829448,0.23951787339755298,0.09859724881596672,0.633405527588651,25,30,0
22,7801,0.028480261244263838,0.2395178733975785,0.09859725114367021,0.6334046142144875,25,30,0
22,7802,0.023296781505595,0.23951787272656655,0.1037807315619638,0.6334046142058762,25,30,0
22,7803,0.023297694504060783,0.23951787272660982,0.10377603315691858,0.6334083996124121,25,30,0
22,7804,0.023338771359837557,0.23951787265468366,0.10373515075545607,0.6334082052300198,25,30,0
22,7805,0.02298406600716937,0.2398748491572481,0.10373288826249398,0.6334081965730849,25,30,0
22,7806,0.02298411667393434,0.23987484915723928,0.10373288853233487,0.6334081456364877,25,30,0
22,7807,0.02297603335634073,0.23987484915511806,0.10373285254061733,0.6334162649479205,25,30,0
22,7808,0.0229741024902939,0.23987484960753108,0.10373475796818735,0.6334162899339845,25,30,0
22,7809,0.022972100731643564,0.23987484960746808,0.10373475389605742,0.6334182957648279,25,30,0
22,7810,0.02297204839867209,0.23987484960745087,0.1037346724603951,0.633418429533479,25,30,0
22,7811,0.02297211830175935,0.23989718513852717,0.10371226702126657,0.6334184295384442,25,30,0
22,7812,0.02297206788997455,0.23989761138691648,0.10371189118253263,0.6334184295405736,25,30,0
22,7813,0.022971858731482168,0.23989761138688842,0.10371188909994673,0.6334186407816804,25,30,0
22,7814,0.023095385634448774,0.2398976113890583,0.10371226853319367,0.6332947344432968,25,30,0
22,7815,0.02309344477085375,0.23992233127198184,0.10368948952114254,0.63329473443602,25,30,0
22,7816,0.02316004832421499,0.23992233127413293,0.10368963943388668,0.633227980967764,25,30,0
22,7817,0.023159926879058223,0.23992233127414134,0.10368963904704291,0.6332281027997558,25,30,0
22,7818,0.023230684365871074,0.23985150899231175,0.10368970354454014,0.6332281030972754,25,30,0
22,7819,0.023297551394688407,0.23985150899598892,0.10368991815228652,0.6331610214570345,25,30,0
22,7820,0.023230701949819545,0.23985150899232988,0.1036897034567209,0.633228085601128,25,30,0
22,7821,0.02323768847232647,0.23984452284103386,0.10368970307586378,0.6332280856107741,25,30,0
22,7822,0.04070268141569974,0.23984452287077912,0.08622470192448771,0.6332280937890328,25,30,0
22,7823,0.04069265973016207,0.2398445224183398,0.08623474882986289,0.6332280690216349,25,30,0
22,7824,0.04070469241511325,0.23984452241845525,0.08623475862211075,0.6332160265443203,25,30,0
22,7825,0.04070460936413639,0.23984452241792312,0.08623484188577145,0.6332160263321687,25,30,0
22,7826,0.04070663781441319,0.23984452241793947,0.08623489403560859,0.6332139457320382,25,30,0
22,7827,0.04064186954450248,0.23984452241573284,0.08623470250090115,0.6332789055388628,25,30,0
22,7828,0.04063885639051375,0.23984792940300184,0.0862343086700854,0.6332789055363979,25,30,0
22,7829,0.040638788021630304,0.23984799816540364,0.08623430828137157,0.6332789055315932,25,30,0
22,7830,0.04062473996675893,0.23984799816531402,0.08623658122313053,0.6332906806447951,25,30,0
22,7831,0.04069159798723212,0.23984799816901692,0.08623679882558288,0.6332236050181664,25,30,0
22,7832,0.04069559136142719,0.2398479981690782,0.08623688621192281,0.6332195242575701,25,30,0
22,7833,0.04069273739624038,0.2398479981691051,0.08623688818384681,0.633222376250806,25,30,0
22,7834,0.040689812958958065,0.23984799816913213,0.085970650245731,0.6334915386261776,25,30,0
22,7835,0.04069284490548273,0.23984799816913246,0.08597064916022351,0.6334885077651602,25,30,0
22,7836,0.040689830219844986,0.23984799816913255,0.08597064982337997,0.6334915217876415,25,30,0
22,7837,0.04061025520109084,0.23984799814158442,0.08605023277761994,0.6334915138797043,25,30,0
22,7838,0.04061018597947275,0.23984799814160243,0.08605246318235828,0.633489352696566,25,30,0
22,7839,0.040612202785189344,0.23984799814166619,0.0860524957536921,0.6334873033194518,25,30,0
22,7840,0.04061214960092283,0.2398480553810188,0.08605249169648367,0.633487303321574,25,30,0
22,7841,0.04061523347241499,0.23984805538101836,0.08605249012941296,0.6334842210171532,25,30,0
22,7842,0.040615232288332415,0.2398480553810099,0.08605249097476504,0.633484221355892,25,30,0
22,7843,0.040579607528697915,0.23984805538052392,0.07998698560792819,0.6395853514828495,25,30,0
22,7844,0.040578394582172786,0.23984805538046822,0.07998695445921053,0.639586595578148,25,30,0
22,7845,0.07965628751980955,0.23984805544470603,0.04090831722399476,0.6395873398114892,25,30,0
22,7846,0.0796583015592777,0.23984805544464446,0.040908312298345295,0.6395853306977323,25,30,0
22,7847,0.07959053988134192,0.2399164220205407,0.040907707697905395,0.6395853304002117,25,30,0
22,7848,0.07958754461398071,0.2399164220205494,0.04090782323680779,0.6395882101286618,25,30,0
22,7849,0.07958761236748192,0.2399162251287634,0.04090795237743149,0.6395882101263229,25,30,0
22,7850,0.0795217351152457,0.239916225125105,0.040907766619483484,0.6396542731401658,25,30,0
22,7851,0.0795187920660078,0.23991917374312707,0.04090776105065505,0.6396542731402102,25,30,0
22,7852,0.07951967038671842,0.23991787375698934,0.04090818270889161,0.6396542731474006,25,30,0
22,7853,0.07952059930738926,0.2399178737570249,0.04090821433454434,0.6396533126010415,25,30,0
22,7854,0.07960401019986246,0.23991787381043866,0.04082480268008127,0.6396533133096175,25,30,0
22,7855,0.07983935901141323,0.2396515710355556,0.040855756219443436,0.6396533137335877,25,30,0
22,7856,0.079847353154634,0.23965157103667054,0.04085578706101667,0.6396452887476785,25,30,0
22,7857,0.07468605973432484,0.2396515710048892,0.04599516373654732,0.6396672055242381,25,30,0
22,7858,0.07468206576235499,0.2392193815752598,0.04643134715025941,0.6396672055121253,25,30,0
22,7859,0.07468406392979204,0.23921938157523331,0.04643142585167014,0.6396651286433037,25,30,0
22,7860,0.074687023403298,0.23921642188990805,0.04643142606578385,0.6396651286410081,25,30,0
22,7861,0.07468714715453989,0.2392163092062498,0.04643141499811542,0.6396651286410929,25,30,0
22,7862,0.07468628787610394,0.23921630920623305,0.04642913433495259,0.6396682685827088,25,30,0
22,7863,0.07439161565886815,0.23921639816030582,0.046723291180416696,0.6396686950004077,25,30,0
22,7864,0.07426808775785902,0.2392163981581268,0.04672291257807253,0.63979260150594,25,30,0
22,7865,0.11181205349406526,0.23921639816442478,0.009178945944014466,0.6397926023974929,25,30,0
22,7866,0.11181198511468357,0.23921639816441664,0.009178983885832624,0.6397926328350646,25,30,0
22,7867,0.11180495949265636,0.23921639816435494,0.009178899039479806,0.6397997433035065,25,30,0
22,7868,0.1130239877605081,0.23921639823279406,0.007959868891180132,0.6397997451155155,25,30,0
22,7869,0.11302486492138333,0.2392163982328302,0.007959869937116391,0.6397988669086679,25,30,0
22,7870,0.11302188401245265,0.23921639823282195,0.007959870847423443,0.6398018469072998,25,30,0
22,7871,0.1132563725018583,0.23921639823492216,0.007960049616155304,0.6395671796470622,25,30,0
22,7872,0.11325933192577305,0.23921639823493046,0.007960010282530976,0.6395642595567635,25,30,0
22,7873,0.11332307280758062,0.23921639823863344,0.007960226369764338,0.6395003025840197,25,30,0
22,7874,0.11326031054930055,0.2392163982411902,0.007962469847520392,0.639560821361987,25,30,0
22,7875,0.1132632895941779,0.2392163982411985,0.007962468965605691,0.6395578431990161,25,30,0
22,7876,0.11326421694795652,0.23921545822947476,0.007962481621252708,0.6395578432013143,25,30,0
22,7877,0.11326421694305822,0.23921545822947476,0.007962479593699742,0.6395578452337654,25,30,0
22,7878,0.11326421894352233,0.23921545822947501,0.007969083456100909,0.6395512393709001,25,30,0
22,7879,0.11326122391035125,0.2392154582294664,0.007969113207625767,0.6395542046525549,25,30,0
22,7880,0.1132583498439836,0.23921545822944798,0.0079668002616745,0.6395593916648921,25,30,0
22,7881,0.11349463928483748,0.23921545823161008,0.007966986122011813,0.6393229163615387,25,30,0
22,7882,0.11349371136247428,0.23921545823158394,0.007966982214263335,0.6393238481916764,25,30,0
22,7883,0.11349274707143472,0.23920557189678174,0.007977832844742922,0.6393238481870386,25,30,0
22,7884,0.11355094144890378,0.2392055718968818,0.007977910067204351,0.6392655765870082,25,30,0
22,7885,0.1135361653211632,0.2392055718958088,0.008107491331506568,0.6391507714515199,25,30,0
22,7886,0.11354215617784626,0.23920557189581662,0.00810746321374769,0.639144808712588,25,30,0
22,7887,0.07651140966120674,0.2392054828992323,0.04513741236247402,0.6391456950770866,25,30,0
22,7888,0.07651345807079497,0.23920548289921562,0.04513726623984954,0.6391437927901394,25,30,0
22,7889,0.0765114093385307,0.2392054828992318,0.04513730787927957,0.6391457998829576,25,30,0
22,7890,0.07650853468419987,0.2392054828992407,0.045137254008999275,0.6391487284075597,25,30,0
22,7891,0.07645035786952971,0.23920548289914115,0.04513717832513372,0.6392069809061951,25,30,0
22,7892,0.07645041074211129,0.23920548289911506,0.045137176460402405,0.639206929898371,25,30,0
22,7893,0.0764533374017811,0.23920548289909768,0.04513717569052506,0.6392040040085959,25,30,0
22,7894,0.07644648683715904,0.23920548289906296,0.045137174167515,0.6392108560962627,25,30,0
22,7895,0.0764434910030871,0.23920828068486233,0.04513737221582976,0.6392108560962206,25,30,0
22,7896,0.07644251004263865,0.2392082806848193,0.045137330056746,0.6392118792157958,25,30,0
22,7897,0.07643937417322194,0.23921141187943978,0.04513733473162678,0.6392118792157112,25,30,0
22,7898,0.07620302569508282,0.2394792720361958,0.04510582348421252,0.6392118787845087,25,30,0
22,7899,0.07620395561431673,0.23947927203623975,0.04510582716585436,0.6392109451835889,25,30,0
22,7900,0.0762039722037893,0.239478705095273,0.045106377517347085,0.6392109451835905,25,30,0
22,7901,0.07620192301046598,0.23991653804191326,0.044670593759228966,0.6392109451883914,25,30,0
22,7902,0.0759655611511279,0.23991653803974222,0.04467040748622763,0.6394474933229018,25,30,0
22,7903,0.07596859380429044,0.23991329125654937,0.04467062161629576,0.639447493322864,25,30,0
22,7904,0.075971539503706,0.2399132912505958,0.04479806509581767,0.63931710414988,25,30,0
22,7905,0.07597849752338309,0.23991719349183474,0.044787204830266256,0.6393171041545148,25,30,0
22,7906,0.07499035837487826,0.2399562746290298,0.045736159296693085,0.6393172076993978,25,30,0
22,7907,0.07498828809141832,0.23995627462906433,0.04572955940991305,0.6393258778696034,25,30,0
22,7908,0.07499033855256351,0.2399542303956153,0.045729553187016894,0.6393258778648034,25,30,0
22,7909,0.08089236011301626,0.23995423047982828,0.03985018422559702,0.6393032251815572,25,30,0
22,7910,0.08309167380252157,0.23991514926788413,0.037690058003110496,0.6393031189264827,25,30,0
22,7911,0.08309469032193999,0.23991514926788352,0.037690057425546625,0.6393001029846288,25,30,0
22,7912,0.08309455289478951,0.23991514926788277,0.037690056410105616,0.6393002414272214,25,30,0
22,7913,0.08310152441891125,0.23991514926792593,0.03781952345313261,0.6391638028600293,25,30,0
22,7914,0.08309460560337872,0.23991514926789168,0.03769005706237799,0.6393001880663508,25,30,0
22,7915,0.0830877041784732,0.2399220511756571,0.03769005658414774,0.6393001880617212,25,30,0
22,7916,0.08308756473430569,0.2399220511755898,0.03756044182922313,0.6394299422608803,25,30,0
22,7917,0.08308842339221525,0.23992205117560705,0.037560415582025206,0.6394291098501514,25,30,0
22,7918,0.08309441472565085,0.23992205117562498,0.037560470851923225,0.6394230632467999,25,30,0
22,7919,0.0830943795551116,0.23992205117572216,0.0375605951389213,0.6394229741302438,25,30,0
22,7920,0.08309443023320034,0.2111723513682238,0.06631024427045838,0.639422974128117,25,30,0
22,7921,0.08309139859686696,0.2399249007262657,0.03756072654891896,0.6394229741279474,25,30,0
22,7922,0.08309146966780735,0.23992490072630143,0.03756070017207814,0.6394229294338121,25,30,0
22,7923,0.08309746239338672,0.2399249007263368,0.0375607023002063,0.6394169345800692,25,30,0
22,7924,0.08310038809645208,0.23992142527418087,0.037561252049381905,0.6394169345799843,25,30,0
22,7925,0.0830994596842343,0.23992142527413754,0.037561248941550794,0.6394178661000762,25,30,0
22,7926,0.08316725089693809,0.23985365203398218,0.03756123065455117,0.6394178664145275,25,30,0
22,7927,0.08317637248869468,0.23985365203409192,0.03756127920037454,0.6394086962768378,25,30,0
22,7928,0.08316726661850384,0.23985365203399137,0.03756123065155693,0.6394178506959469,25,30,0
22,7929,0.08325545275750028,0.2398536519164012,0.0374730293615983,0.6394178659644991,25,30,0
22,7930,0.08325862614570056,0.23985365191746275,0.037473031170399004,0.6394146907664365,25,30,0
22,7931,0.08326156813299974,0.23985365191746383,0.037473031223187306,0.6394117487263479,25,30,0
22,7932,0.08325864235571155,0.23985365191735744,0.03747290623678672,0.639414799490143,25,30,0
22,7933,0.08302448906914622,0.23985365191517719,0.0374727186098103,0.639649140405865,25,30,0
22,7934,0.0829667129786459,0.23763199856529543,0.0397521483506039,0.6396491401054535,25,30,0
22,7935,0.08296566030267889,0.2376334343702424,0.039751765211977506,0.6396491401150999,25,30,0
22,7936,0.08296268488688849,0.23760534404416497,0.03978283095374136,0.639649140115204,25,30,0
22,7937,0.07215829559163191,0.23760534421556084,0.050587200037108905,0.6396491601556971,25,30,0
22,7938,0.07215821105012074,0.23760534421552498,0.05058719861339523,0.6396492461209577,25,30,0
22,7939,0.0721582131908208,0.2376053442155253,0.05058719865020512,0.6396492439434475,25,30,0
22,7940,0.07215912551623907,0.2376053442155508,0.05058720094673062,0.6396483293214782,25,30,0
22,7941,0.07215713039799898,0.23760703013670778,0.050587510153420175,0.6396483293118717,25,30,0
22,7942,0.0721570609756263,0.23760703013646262,0.050457610943334626,0.6397782979445749,25,30,0
22,7943,0.0721569920698675,0.237607030136454,0.05045760929598522,0.6397783684976919,25,30,0
22,7944,0.07214496056541941,0.23989901967508662,0.048177651271080604,0.6397783684884121,25,30,0
22,7945,0.07214797153220488,0.2398963343769623,0.04817732560233651,0.639778368488495,25,30,0
22,7946,0.07214774235411807,0.23989633437589997,0.04817732373902262,0.6397785995309582,25,30,0
22,7947,0.07215088606860091,0.23989309747613766,0.04817741663103488,0.6397785998242255,25,30,0
22,7948,0.07215199020452677,0.23989309747614837,0.04817753608295122,0.6397773762363727,25,30,0
22,7949,0.07214507082939442,0.2398930974760961,0.04817753181909734,0.6397842998754111,25,30,0
22,7950,0.07215303911186217,0.23989309747617582,0.04817753712857354,0.6397763262833874,25,30,0
22,7951,0.07216008198144387,0.23986364679412056,0.0481999449362443,0.6397763262881899,25,30,0
22,7952,0.07215009676572887,0.2398636467940669,0.048199941071806515,0.6397863153683964,25,30,0
22,7953,0.06975306971295975,0.23998874820557517,0.05047318045795883,0.6397850016235057,25,30,0
22,7954,0.0697599835628783,0.2399887482055834,0.05047322051818951,0.6397780477133481,25,30,0
22,7955,0.0766613824302694,0.23998876599491098,0.0435717948313316,0.6397780567434885,25,30,0
22,7956,0.07666454109106818,0.23998876599594873,0.04357185942752879,0.6397748334854546,25,30,0
22,7957,0.07665841878958597,0.2399320274047258,0.04363472061330433,0.6397748331923848,25,30,0
22,7958,0.07666160409913685,0.2399379127120374,0.04362564999629557,0.6397748331925313,25,30,0
22,7959,0.07665860618910765,0.2399379127120462,0.04362573259315927,0.6397777485056881,25,30,0
22,7960,0.0766664406790109,0.23934273171698542,0.04421307909372402,0.6397777485102809,25,30,0
22,7961,0.07666552597367769,0.23934273171757361,0.044213146669219876,0.6397785956395301,25,30,0
22,7962,0.07665444926488074,0.23996355879605955,0.043603396304335795,0.6397785956347252,25,30,0
22,7963,0.07665446667330533,0.23996355879607734,0.04360339769476534,0.6397785768358532,25,30,0
22,7964,0.0766545033145322,0.2399638373134782,0.043603082533798146,0.6397785768381922,25,30,0
22,7965,0.07666965259305632,0.239963837332537,0.04369236244614969,0.6396741476282576,25,30,0
22,7966,0.07666762176836926,0.23996383733256318,0.04369236380217728,0.6396761770968908,25,30,0
22,7967,0.076736557471251,0.23996383733570645,0.04369726763801756,0.6396023375550255,25,30,0
22,7968,0.07673655531690204,0.23996383733570603,0.04369726708580867,0.6396023402615836,25,30,0
22,7969,0.06631573134474492,0.23996383735433838,0.05411810941716829,0.6396023218837485,25,30,0
22,7970,0.06631465979205774,0.23996383735443344,0.054118185801024954,0.639603317052484,25,30,0
22,7971,0.0663147814612035,0.23996383735443455,0.05411818535824417,0.6396031958261179,25,30,0
22,7972,0.06605336924570226,0.2398387359228564,0.05450469918258085,0.6396031956488613,25,30,0
22,7973,0.06604639761441086,0.23983873592280427,0.054504639968756846,0.6396102264940285,25,30,0
22,7974,0.06604660805330864,0.23983873592284077,0.05450623553084372,0.6396084204930075,25,30,0
22,7975,0.06603140752095145,0.23983873590377314,0.05441687500813213,0.639712981567144,25,30,0
22,7976,0.06602835927974081,0.23983873590375485,0.05441687721608815,0.6397160276004168,25,30,0
22,7977,0.06603142499035876,0.23983873590374594,0.05441687808614341,0.6397129610197522,25,30,0
22,7978,0.06603356089392266,0.2398365986289936,0.05441687946201326,0.6397129610150706,25,30,0
22,7979,0.06602961380951487,0.2398365986279839,0.05441681739656418,0.6397169701659369,25,30,0
22,7980,0.06602964824350752,0.23983659862800233,0.0544168207963067,0.6397169323321831,25,30,0
22,7981,0.06602661887056048,0.23983659862801193,0.05441685968145013,0.6397199228199772,25,30,0
22,7982,0.06603473624804362,0.23982844126975827,0.05441689951428834,0.6397199229679095,25,30,0
22,7983,0.06603088135373862,0.23982844126968836,0.05441689539401249,0.6397237819825604,25,30,0
22,7984,0.06603177548540506,0.2398284412696084,0.05441681880518945,0.6397229644397969,25,30,0
22,7985,0.06602484411673754,0.2398284412695732,0.05441689123671317,0.6397298233769757,25,30,0
22,7986,0.06602482663681078,0.23989140315555932,0.05435394683080894,0.6397298233768207,25,30,0
22,7987,0.06603159028126931,0.23989140315555713,0.05435238314342285,0.6397246234197503,25,30,0
22,7988,0.06603449790547061,0.23989140315555596,0.05435234335905984,0.6397217555799132,25,30,0
22,7989,0.06603437614802206,0.23989153228885787,0.05435233598303115,0.6397217555800885,25,30,0
22,7990,0.06603835360925411,0.23989153228888388,0.05435233933758247,0.639717774764279,25,30,0
22,7991,0.06604538045372023,0.2398845048036763,0.05435233997368859,0.6397177747689144,25,30,0
22,7992,0.06604832461312399,0.2394454750502299,0.054788425562684456,0.6397177747739611,25,30,0
22,7993,0.06605521123549683,0.23944547505023783,0.05478842575928943,0.6397108879549753,25,30,0
22,7994,0.066054275241827,0.23944547523865978,0.054789361410560254,0.639710888108954,25,30,0
22,7995,0.06605440121988372,0.23944547523866938,0.0547893598484557,0.6397107636929923,25,30,0
22,7996,0.06606135860506149,0.23943907211814075,0.05478880557904435,0.6397107636977546,25,30,0
22,7997,0.06606433709000761,0.2394390721181489,0.05478880402611872,0.6397077867657258,25,30,0
22,7998,0.06606140834872101,0.23943907211816653,0.054788806109861136,0.6397107134232521,25,30,0
22,7999,0.0659916139214243,0.23943907211499732,0.054785468367688085,0.6397838455958907,25,30,0
22,8000,0.06617541583596119,0.2394391659345688,0.054588887639170525,0.6397965305903001,25,30,0
22,8001,0.06617341684327328,0.23987685689487037,0.054153195673878204,0.6397965305879775,25,30,0
22,8002,0.06616943860521385,0.23988082844156278,0.05415320236771119,0.6397965305855116,25,30,0
22,8003,0.0661724507081275,0.23988082844158087,0.05424389763452067,0.6397028232157702,25,30,0
22,8004,0.06617233276928504,0.2398808284415912,0.05424389533014438,0.6397029434589786,25,30,0
22,8005,0.06616833788641746,0.23988482451561816,0.05424389414374717,0.6397029434542164,25,30,0
22,8006,0.06632942357385174,0.23988473057244591,0.054095570035347096,0.6396902758183545,25,30,0
22,8007,0.06632936970810904,0.23988473057243717,0.05409545397127866,0.6396904457481741,25,30,0
22,8008,0.06632944006650023,0.23927477036426786,0.05470534380439062,0.6396904457648422,25,30,0
22,8009,0.06633629142907074,0.23927477036427525,0.05470534683432635,0.6396835913723286,25,30,0
22,8010,0.06633727296610593,0.23927477036431924,0.05470535204837665,0.6396826046211992,25,30,0
22,8011,0.06633634411542255,0.23927477036429312,0.05470523272729002,0.6396836527929952,25,30,0
22,8012,0.06639916633696548,0.23927477036693856,0.05470545412208848,0.6396206091740082,25,30,0
22,8013,0.06640134693673126,0.239274770368011,0.05470556713366914,0.6396183155615894,25,30,0
22,8014,0.06639902557352916,0.23927477036705333,0.054705462410271403,0.639620741649147,25,30,0
22,8015,0.06640201695442519,0.23927477036703376,0.054707740785349145,0.6396154718931926,25,30,0
22,8016,0.0664020190545744,0.2392747703670339,0.0547077668744827,0.6396154437039097,25,30,0
22,8017,0.06640201877035543,0.23927477036703376,0.0547077668783696,0.6396154439842417,25,30,0
22,8018,0.06640482667583929,0.23927477036698108,0.05470776320226545,0.6396126397549149,25,30,0
22,8019,0.0664050180694762,0.2392747703669734,0.054707765114586096,0.639612446448965,25,30,0
22,8020,0.06640507027081427,0.23927471826958085,0.05470776501293747,0.639612446446668,25,30,0
22,8021,0.06640202257920357,0.23927776195339626,0.05470776902077283,0.6396124464466277,25,30,0
22,8022,0.07629362221600017,0.2392779146199486,0.044815984221172916,0.6396124789428785,25,30,0
22,8023,0.07629367701129548,0.23927785706786328,0.04481598697783501,0.6396124789430064,25,30,0
22,8024,0.07629455582034901,0.2392778570672923,0.04481592017800826,0.6396116669343506,25,30,0
22,8025,0.07628763691820777,0.23927785706728422,0.04481599925961281,0.6396185067548954,25,30,0
22,8026,0.07628752602534353,0.2392778570672748,0.044815999359383824,0.6396186175479979,25,30,0
22,8027,0.07628472630475208,0.23927785706728513,0.04481599990050146,0.6396214167274614,25,30,0
22,8028,0.07597568919006802,0.23927785700488893,0.045125054424393456,0.6396213993806511,25,30,0
22,8029,0.07662853316797257,0.23954525678563027,0.04420480894508892,0.6396214011013089,25,30,0
22,8030,0.07662848202585101,0.239545256785622,0.04420480891511353,0.639621452273414,25,30,0
22,8031,0.07662926325607176,0.23954525678564523,0.044204809634002806,0.6396206703242808,25,30,0
22,8032,0.07662638986409363,0.23954525678565447,0.04420253357180286,0.6396258197784497,25,30,0
22,8033,0.07663038717409319,0.2395452567855739,0.044202527776902346,0.639621828263431,25,30,0
22,8034,0.07663038352165642,0.23954527000122436,0.044202518211477845,0.6396218282656416,25,30,0
22,8035,0.07662745753896325,0.2241158721099794,0.059634842085414315,0.6396218282656434,25,30,0
22,8036,0.07662749633724623,0.22411587210998785,0.05963484164331917,0.639621789909447,25,30,0
22,8037,0.07662754907907804,0.22411587210999787,0.059636462888600236,0.6396201159223243,25,30,0
22,8038,0.07662961419510153,0.2241141293119902,0.05963614056554215,0.6396201159273661,25,30,0
22,8039,0.07662565502906558,0.22411412931199062,0.05963613945728613,0.6396240762016575,25,30,0
22,8040,0.07686671039799027,0.22411412931516303,0.05963642983195538,0.6393827304548914,25,30,0
22,8041,0.07685975206118648,0.22411412931512892,0.059636398421622105,0.6393897202020625,25,30,0
22,8042,0.07685974961660873,0.22411412931512864,0.05963639687599863,0.639389724192264,25,30,0
22,8043,0.07686191294875325,0.2395437365661618,0.04420462628309291,0.6393897242019919,25,30,0
22,8044,0.07661970026985775,0.23954373656309663,0.044204430572054275,0.6396321325949912,25,30,0
22,8045,0.0766226408730173,0.23954373656308717,0.04420434916670337,0.6396292733971919,25,30,0
22,8046,0.04407712739963356,0.23954508910214325,0.07621313797498969,0.6401646455232342,25,30,0
22,8047,0.04408407435801049,0.23954508910218197,0.07647935453097196,0.6398914820088358,25,30,0
22,8048,0.04408111222219693,0.23954508910215494,0.07647935204701443,0.6398944466286342,25,30,0
22,8049,0.044083296198047545,0.2383270933462742,0.07769516367391485,0.6398944467817637,25,30,0
22,8050,0.04408324103798009,0.23832709334624677,0.07769354115621571,0.6398961244595576,25,30,0
22,8051,0.04407629193936618,0.23832709334620805,0.077427324618934,0.6401692900954922,25,30,0
22,8052,0.04400954420841548,0.23832709334352803,0.07742710119169324,0.6402362612563636,25,30,0
22,8053,0.044456937605672125,0.2383269407203677,0.0769798979012658,0.6402362237726947,25,30,0
22,8054,0.04445406454364196,0.2383269407203773,0.07707218753274962,0.6401468072032317,25,30,0
22,8055,0.04445401190539235,0.2383269407203596,0.0770721872582866,0.640146860115962,25,30,0
22,8056,0.044457014208832246,0.23832694072035207,0.07707218926124945,0.6401438558095667,25,30,0
22,8057,0.04445405573482472,0.23832694072034333,0.07707218865398065,0.6401468148908517,25,30,0
22,8058,0.044453178434091675,0.23832694072033628,0.07707218773631035,0.640147693109262,25,30,0
22,8059,0.04445311158040319,0.23832694072032734,0.07707380748891529,0.6401461402103545,25,30,0
22,8060,0.04445293634970248,0.23832694072030058,0.0769815161667099,0.6402386067632875,25,30,0
22,8061,0.04116348931240752,0.2383255702248244,0.08080642399723091,0.6397045164655366,25,30,0
22,8062,0.04047482758239468,0.2380723429306496,0.08174831505840137,0.6397045144285527,25,30,0
22,8063,0.0404667625321835,0.2380798855497627,0.08174883763743229,0.6397045142806195,25,30,0
22,8064,0.040540511237704274,0.2380798855539632,0.08174907644289627,0.6396305267654341,25,30,0
22,8065,0.04054348922390421,0.2380798855542542,0.08184181038526303,0.6395348148365765,25,30,0
22,8066,0.04054142149902078,0.23807988555429815,0.08184181353464634,0.6395368794120323,25,30,0
22,8067,0.040541476413866774,0.23807990826644962,0.08184173591729874,0.6395368794023824,25,30,0
22,8068,0.04053953219346736,0.23807990826639538,0.08184161514267327,0.6395389443974616,25,30,0
22,8069,0.04054428973473745,0.23807531693306794,0.08184144893969963,0.639538944392493,25,30,0
22,8070,0.04054428687373929,0.2380753169330771,0.08184144857305828,0.6395389476201239,25,30,0
22,8071,0.04054631461260323,0.23682315306509927,0.08309158469515196,0.6395389476271426,25,30,0
22,8072,0.04054624474579685,0.23598193376902912,0.08393287385848076,0.6395389476266904,25,30,0
22,8073,0.04054939990651283,0.23598193376899396,0.08393287575104448,0.6395357905734467,25,30,0
22,8074,0.04054833086816845,0.23679262528948897,0.08312325324229068,0.6395357906000497,25,30,0
22,8075,0.04054838225377444,0.23740246299356035,0.08251336416949683,0.6395357905831655,25,30,0
22,8076,0.040479987758773754,0.23740246298947004,0.08251313386862201,0.6396044153831315,25,30,0
22,8077,0.04048305437832171,0.23740246298946155,0.08251154590095032,0.6396029367312641,25,30,0
22,8078,0.040497182842967085,0.23740246679491275,0.0824973505511266,0.6396029998109912,25,30,0
22,8079,0.040494061665337845,0.23740246679491261,0.08249731593993458,0.6396061555998127,25,30,0
22,8080,0.06055408225913955,0.23740246935778977,0.0624386031814052,0.6396048452016647,25,30,0
22,8081,0.060550107384191774,0.23740246935775539,0.062438600278232635,0.6396088229798194,25,30,0
22,8082,0.060794379818051886,0.23714338270750868,0.06245341419840878,0.6396088232760292,25,30,0
22,8083,0.06079150447415754,0.2371433827075174,0.06245341546322324,0.6396116973551004,25,30,0
22,8084,0.07050921979373395,0.23714359311113575,0.05273414095038644,0.6396130461447423,25,30,0
22,8085,0.07050941132379893,0.23714359311116315,0.05273422494500478,0.6396127706200317,25,30,0
22,8086,0.0705074229980133,0.2383733165585686,0.0515064898301617,0.6396127706132549,25,30,0
22,8087,0.07050843917731572,0.23840327935801622,0.05147551087546967,0.639612770589197,25,30,0
22,8088,0.07050856019975402,0.23840327935803415,0.05147551238091955,0.6396126480612906,25,30,0
22,8089,0.07051854550237283,0.23840327935808736,0.05147551527106191,0.6396026598684762,25,30,0
22,8090,0.07052860094305442,0.23840327935815073,0.051475600762948145,0.6395925189358449,25,30,0
22,8091,0.07053152624401995,0.2384032793581147,0.0514756001648679,0.6395895942329958,25,30,0
22,8092,0.07057030239545997,0.23840327730716,0.051436846767732754,0.6395895735296456,25,30,0
22,8093,0.07057036972683399,0.23840327730715924,0.05143684669713606,0.6395895062688688,25,30,0
22,8094,0.07056239785688655,0.2384032773070704,0.051436756850431385,0.6395975679856097,25,30,0
22,8095,0.07056534029394744,0.23840327730707053,0.051436756813914755,0.6395946255850651,25,30,0
22,8096,0.07056320284953109,0.238403277307132,0.051436759250793745,0.6395967605925409,25,30,0
22,8097,0.04106819299393555,0.2384030643905477,0.08093026490843949,0.6395984777070749,25,30,0
22,8098,0.04107104868646319,0.23840306439063577,0.08093027244347628,0.6395956144794224,25,30,0
22,8099,0.04108533987814541,0.23840306439285133,0.08130322512979563,0.6392083705992052,25,30,0
22,8100,0.04108537524806127,0.23840306439276313,0.08130321685739092,0.6392083435017824,25,30,0
22,8101,0.04115621329167737,0.2384030643949705,0.0813034066555786,0.6391373156577711,25,30,0
22,8102,0.041156146686963276,0.2384025792366353,0.08130395841862333,0.6391373156577757,25,30,0
22,8103,0.08013403735966017,0.2384025791867753,0.042329132511400705,0.6391342509421617,25,30,0
22,8104,0.08012715890433236,0.23840257922158162,0.042335995553162434,0.6391342663209214,25,30,0
22,8105,0.08037764008714478,0.23840257922477506,0.04233624220168292,0.6388835384863951,25,30,0
22,8106,0.080374755584218,0.2384025792247845,0.04233624166878256,0.6388864235222129,25,30,0
22,8107,0.08038267086938594,0.23839520332761174,0.04233570226880534,0.638886423534195,25,30,0
22,8108,0.0803855974851785,0.23839520332763114,0.04233570350546361,0.6388834956817249,25,30,0
22,8109,0.08038546993649319,0.23839520332760436,0.042335701248514705,0.6388836254873859,25,30,0
22,8110,0.08038245719095453,0.23839520332760383,0.042243438311557836,0.6389789011698822,25,30,0
22,8111,0.08038231578523186,0.23839520332760278,0.04224343474054097,0.6389790461466229,25,30,0
22,8112,0.08038133477547077,0.2383952033275591,0.04224347157740604,0.6389799903195624,25,30,0
22,8113,0.08038130136445103,0.23839520332726916,0.04215073766124212,0.6390727576470364,25,30,0
22,8114,0.08037897997238583,0.23839520332715858,0.04215073007735672,0.6390750866230974,25,30,0
22,8115,0.0803789288336338,0.23838103083932155,0.04216495370382775,0.6390750866232173,25,30,0
22,8116,0.08037694909168079,0.23838103083937504,0.042164958094115475,0.6390770619748289,25,30,0
22,8117,0.08013574238367135,0.23863741962655685,0.04214977631107097,0.6390770616787009,25,30,0
22,8118,0.0801277710069723,0.2386374196264683,0.0421497689898633,0.6390850403766961,25,30,0
22,8119,0.07988016444891541,0.23863741962326535,0.0421510074566688,0.6393314084711501,25,30,0
22,8120,0.0798772201655065,0.2386374196232652,0.042151007440170536,0.6393343527710575,25,30,0
22,8121,0.07986299986721818,0.23863741962109544,0.04177805676265156,0.6397215237490343,25,30,0
22,8122,0.07986300108200171,0.23863741962109533,0.041778058728317594,0.6397215205685849,25,30,0
22,8123,0.06764657913321544,0.2386374303580271,0.05399027371627488,0.6397257167924834,25,30,0
22,8124,0.0676736412675613,0.2386374286305878,0.05396325627557472,0.6397256738262769,25,30,0
22,8125,0.06766985099510289,0.23864043990841594,0.053964035264929947,0.6397256738315518,25,30,0
22,8126,0.0676698496148616,0.2386404399084067,0.05396403453542556,0.6397256759413064,25,30,0
22,8127,0.06308191343273824,0.2386404398580242,0.058551878944038765,0.639725767765199,25,30,0
22,8128,0.06308392713736517,0.23864043985798047,0.05855187674759341,0.6397237562570611,25,30,0
22,8129,0.0630808782858035,0.23864043985798047,0.058551877364993475,0.6397268044912225,25,30,0
22,8130,0.06308073933346155,0.23864022486252867,0.05855223131291183,0.6397268044910981,25,30,0
22,8131,0.063077936467566,0.2386431708781739,0.05855208816310863,0.6397268044911517,25,30,0
22,8132,0.06308086367813784,0.2386431708781384,0.06320929386707895,0.6350666715766448,25,30,0
22,8133,0.06308098505268153,0.23864317087815612,0.06320925471521617,0.6350665893539459,25,30,0
22,8134,0.06308794190426385,0.23864317087821707,0.06320925858350888,0.6350596286340102,25,30,0
22,8135,0.06301410775740486,0.23864317087599204,0.063209109149322,0.6351336122172812,25,30,0
22,8136,0.06302051941417998,0.23865784224898123,0.06318802610885216,0.6351336122279877,25,30,0
22,8137,0.06302053509357154,0.23865784224898948,0.06318802674522521,0.6351335959122147,25,30,0
22,8138,0.0630138022019523,0.23863310846635075,0.06321949342400257,0.6351335959076954,25,30,0
22,8139,0.06301392351223568,0.23863310846636857,0.06321949563354785,0.6351334723878489,25,30,0
22,8140,0.06302082766025367,0.23863310846638564,0.06321949783309297,0.6351265660402688,25,30,0
22,8141,0.06302083294375138,0.23863310846638683,0.06321949987335533,0.6351265587165073,25,30,0
22,8142,0.0630239503568018,0.23863310846638733,0.06321949888008495,0.6351234422967266,25,30,0
22,8143,0.06302693009893706,0.23863310846639604,0.06321946070802284,0.6351205007266448,25,30,0
22,8144,0.06302668880834973,0.23866502180896568,0.06318778865147986,0.6351205007312055,25,30,0
22,8145,0.038467608900100016,0.23866503779825657,0.08774222737077152,0.635125125930872,25,30,0
22,8146,0.03846075746197799,0.23866503779823997,0.08774222519158403,0.6351319795481981,25,30,0
22,8147,0.03845781499032494,0.23866866525530092,0.08774154020638618,0.6351319795479884,25,30,0
22,8148,0.03845679963468953,0.23866866525523892,0.08774153569809151,0.6351329994119808,25,30,0
22,8149,0.03847186717075293,0.2386759789552752,0.08771915444490892,0.6351329994290625,25,30,0
22,8150,0.03846491045369689,0.23867597895521453,0.08771915063060425,0.6351399599604837,25,30,0
22,8151,0.03846783718908403,0.23867324338254217,0.0877189594703942,0.635139959957979,25,30,0
22,8152,0.038467888592890034,0.23867324338255,0.08771895955067652,0.6351399084738829,25,30,0
22,8153,0.03863692753459571,0.23867324338268323,0.08809064661690263,0.6345991824658176,25,30,0
22,8154,0.03864301980963824,0.23867324338375503,0.08809077229308716,0.6345929645135184,25,30,0
22,8155,0.03864984251692456,0.23823077784041025,0.08852641512439709,0.6345929645182669,25,30,0
22,8156,0.03864566451396709,0.2373944874219216,0.08936688356080506,0.6345929645033042,25,30,0
22,8157,0.03863748171363254,0.2373802497696423,0.08938930402836115,0.634592964488362,25,30,0
22,8158,0.03864164072699471,0.23738024976962474,0.08938934615954337,0.6345887633438354,25,30,0
22,8159,0.03864463603747175,0.23737725096035445,0.08938934966067319,0.6345887633414987,25,30,0
22,8160,0.03864170994209806,0.23737998347040784,0.08938954324344257,0.6345887633440497,25,30,0
22,8161,0.038645800339172365,0.2373799834704197,0.08938954625195222,0.6345846699384539,25,30,0
22,8162,0.038646677470639455,0.23737998347046396,0.08938954989762733,0.6345837891612676,25,30,0
22,8163,0.0386505844899303,0.2373799834704896,0.08938955421018635,0.6345798778293922,25,30,0
22,8164,0.038648449349036405,0.23737998347054157,0.0893895589391768,0.6345820082412437,25,30,0
22,8165,0.03864637799899738,0.2373799834705845,0.0893895600940649,0.6345840784363518,25,30,0
22,8166,0.03864332813215139,0.23737998347056696,0.08938799203859883,0.6345886963586821,25,30,0
22,8167,0.038646201861448744,0.23737998347055755,0.08938798993698782,0.6345858247310052,25,30,0
22,8168,0.03864639420824181,0.2373799834705495,0.08938798898272671,0.6345856333384814,25,30,0
22,8169,0.038646393642989746,0.23737998347054964,0.08938798896662145,0.6345856339198385,25,30,0
22,8170,0.038640359361749976,0.23782205492016423,0.08895195179832825,0.6345856339197572,25,30,0
22,8171,0.038644142521140894,0.23782205492020725,0.08895195289327772,0.6345818496653738,25,30,0
22,8172,0.04316020556477495,0.2378220548770107,0.0844359823353468,0.6345817572228671,25,30,0
22,8173,0.043170691875081955,0.2373899210511087,0.08485762985024868,0.6345817572235602,25,30,0
22,8174,0.04316660520221771,0.2373899210510892,0.08485758652624603,0.6345858872204465,25,30,0
22,8175,0.0431696705530491,0.23738704815335773,0.08485739407791171,0.6345858872156811,25,30,0
22,8176,0.0431606340325084,0.23738704815228576,0.08485726702342972,0.6345950507917756,25,30,0
22,8177,0.04315703660666873,0.23738704815229955,0.08486388362104806,0.6345920316199831,25,30,0
22,8178,0.0431569315678089,0.23738704815233522,0.08486616200274776,0.6345898582771079,25,30,0
22,8179,0.04112603073768782,0.23738702138938764,0.08690592779322992,0.6345810200796942,25,30,0
22,8180,0.041126014492004044,0.23738702138938828,0.08690600931726059,0.6345809548013466,25,30,0
22,8181,0.041126012251499006,0.2382277318522344,0.08606530109721841,0.634580954799048,25,30,0
22,8182,0.04112622230103049,0.23822773185227164,0.08606530580110502,0.6345807400455926,25,30,0
22,8183,0.041126258554960736,0.2382277318522802,0.0860653053500183,0.6345807042427407,25,30,0
22,8184,0.0411201696756078,0.23947163239146094,0.0848274938407399,0.6345807040921904,25,30,0
22,8185,0.04112009936907025,0.23947163239141528,0.08482749539347989,0.6345807728460333,25,30,0
22,8186,0.04112400302224088,0.2394603991789111,0.08483482495054422,0.6345807728483026,25,30,0
22,8187,0.04112400302072829,0.23946039917891113,0.08483485275764607,0.6345807450427131,25,30,0
22,8188,0.04112102788763162,0.23946039917893128,0.08017926917536779,0.639239303758068,25,30,0
22,8189,0.04111705042919194,0.23948627135529676,0.0801573744621612,0.6392393037533483,25,30,0
22,8190,0.041118086687973454,0.23948627135533265,0.08015737836542072,0.6392382635912714,25,30,0
22,8191,0.04112111891912936,0.23948627135533246,0.08015737570180927,0.6392352340237272,25,30,0
22,8192,0.04112829120723384,0.23948627135640663,0.08015968223551148,0.6392257552008463,25,30,0
22,8193,0.04112536486782819,0.23948865084389365,0.08016022908024455,0.6392257552080319,25,30,0
22,8194,0.041124985790178765,0.23948865084384496,0.08015360748538347,0.639232755880591,25,30,0
22,8195,0.04112498074071103,0.23948865084384327,0.08015198559961106,0.6392343828158329,25,30,0
22,8196,0.041114494139649,0.2399207965869573,0.07973032645583157,0.6392343828175604,25,30,0
22,8197,0.041114495354678135,0.2399283936298996,0.07972272820266374,0.6392343828127569,25,30,0
22,8198,0.04111440481310753,0.23992839362994442,0.07972272945474952,0.639234472102197,25,30,0
22,8199,0.04111643613911713,0.23992839362992754,0.079722697959412,0.6392324722715418,25,30,0
22,8200,0.04111917049820264,0.23992839362989155,0.07972269475203583,0.6392297411198684,25,30,0
22,8201,0.041129999214577634,0.23992839362998616,0.07972270095750887,0.639218906197926,25,30,0
22,8202,0.04112484099776623,0.23992839362887672,0.07972039145450004,0.6392263739188556,25,30,0
22,8203,0.04112189628739484,0.2399283936288753,0.07972050575823114,0.6392292043254973,25,30,0
22,8204,0.04112391004349338,0.23992839362899063,0.0797204320949252,0.6392272642325896,25,30,0
22,8205,0.04112390975049874,0.23992839362899043,0.07972043202050226,0.6392272646000073,25,30,0
22,8206,0.040440362239232926,0.2399283936265667,0.08040397982714154,0.6392272643070581,25,30,0
22,8207,0.04042544314336616,0.2399283936264612,0.08040397162925592,0.639242191600916,25,30,0
22,8208,0.04415544191680265,0.23992841893009495,0.07667382449173438,0.6392423146613668,25,30,0
22,8209,0.04415542470099285,0.23992841893008524,0.07667382301020158,0.6392423333587189,25,30,0
22,8210,0.04415554867117136,0.23992841893007694,0.07667382389870878,0.6392422085000417,25,30,0
22,8211,0.0441556174386508,0.2399285050811632,0.07667366897537733,0.6392422085048075,25,30,0
22,8212,0.04415551329885047,0.23992850508114533,0.0766736707393287,0.6392423108806744,25,30,0
22,8213,0.04415547785329812,0.23992850508113656,0.07667367027024845,0.6392423467953158,25,30,0
22,8214,0.0441554772111299,0.23992850508113608,0.0766736706343183,0.6392423470734145,25,30,0
22,8215,0.04422876318520351,0.23992850520340045,0.07660038366483683,0.6392423479465582,25,30,0
22,8216,0.04423673422944103,0.23948324809519125,0.07703766970711544,0.6392423479682511,25,30,0
22,8217,0.04423666621105433,0.2394838699428325,0.07703711588508852,0.6392423479610236,25,30,0
22,8218,0.044239610797772146,0.2394838699428333,0.07703708255320306,0.6392394367061905,25,30,0
22,8219,0.044239540888581244,0.23948433244698908,0.07703668996070596,0.6392394367037226,25,30,0
22,8220,0.04423146035180911,0.23992196543581634,0.07660713752406138,0.6392394366883122,25,30,0
22,8221,0.044059442672098194,0.23992196543567496,0.07623556878593683,0.6397830231062887,25,30,0
22,8222,0.044059582550771664,0.23992196543569386,0.07623557021472116,0.6397828817988122,25,30,0
22,8223,0.044059636564020115,0.23992190939832816,0.07623557224113527,0.6397828817965152,25,30,0
22,8224,0.044074843761222775,0.23992190939939786,0.07632479004762248,0.6396784567917556,25,30,0
22,8225,0.04407473879221748,0.23992190939939773,0.07632479071857481,0.6396785610898088,25,30,0
22,8226,0.04407866276450838,0.2398955785605304,0.07634719758038672,0.6396785610945732,25,30,0
22,8227,0.04408761481598139,0.23989557856048452,0.07634719523987245,0.6396696113836602,25,30,0
22,8228,0.04407538552586956,0.2398955785594236,0.07625797498647463,0.6397710609282309,25,30,0
22,8229,0.044075401123172,0.23989557855945062,0.07625797746084582,0.6397710428565301,25,30,0
22,8230,0.0440754011267467,0.23989556883819077,0.07625798717619145,0.6397710428588697,25,30,0
22,8231,0.04407538555534529,0.2398955688381637,0.07625798541227334,0.6397710601942163,25,30,0
22,8232,0.044071982357737405,0.23988090199125398,0.07627605546763856,0.6397710601833719,25,30,0
22,8233,0.04407101741196314,0.23988186955548052,0.07627605285624318,0.6397710601763149,25,30,0
22,8234,0.044301314774561534,0.23988186955763507,0.07627624061067938,0.6395405750571256,25,30,0
22,8235,0.044293470512530006,0.239881869557565,0.07627626518881907,0.6395483947410874,25,30,0
22,8236,0.044293576644803684,0.23988186955754734,0.07627626440452352,0.6395482893931266,25,30,0
22,8237,0.0442906520101835,0.2398818695575838,0.07628287144460599,0.639544606987628,25,30,0
22,8238,0.04452488564163652,0.23988186955765511,0.0762829461644162,0.6393102986362935,25,30,0
22,8239,0.044525846260425245,0.2398805224081622,0.07628333269253929,0.6393102986388743,25,30,0
22,8240,0.044522710994209375,0.23988052240813532,0.07628333278296126,0.6393134338146952,25,30,0
22,8241,0.04451987408752813,0.23988052240818916,0.07628341187044789,0.6393161916338357,25,30,0
22,8242,0.04451854107838637,0.23988052231829815,0.0762847455415241,0.6393161910617922,25,30,0
22,8243,0.044518540464358845,0.23988052231829785,0.07629134864699019,0.639309588570354,25,30,0
22,8244,0.04451557619161478,0.23987316800164407,0.07630166723617664,0.6393095885705649,25,30,0
22,8245,0.044516600717825885,0.2398731680016638,0.07630166795321619,0.6393085633272944,25,30,0
22,8246,0.04451658443938067,0.23987316800166375,0.07630166767404098,0.6393085798849146,25,30,0
22,8247,0.0442862007629176,0.23987316800163622,0.07630156502461957,0.6395390662108267,25,30,0
22,8248,0.04428946044276141,0.23987316800166394,0.07630158021031928,0.6395357913452555,25,30,0
22,8249,0.04428949770869622,0.23987316800167208,0.07630146184467779,0.6395358724449539,25,30,0
22,8250,0.04429839151807114,0.2398731680021725,0.07630144885734538,0.639526991622411,25,30,0
22,8251,0.0442981991716719,0.23987316800217173,0.07630151688233618,0.6395271159438203,25,30,0
22,8252,0.04429819793599826,0.2398731680021805,0.07630613665780918,0.6395224974040121,25,30,0
22,8253,0.044301279018368306,0.23987316800219893,0.07630622065282541,0.6395193323266074,25,30,0
22,8254,0.044301208900080574,0.23987316800218952,0.07630613731588391,0.6395194857818461,25,30,0
22,8255,0.04429730443034972,0.23987316800216482,0.07631274057343869,0.6395167869940469,25,30,0
22,8256,0.04429742841378488,0.23987316800215666,0.07631274217329297,0.6395166614107654,25,30,0
22,8257,0.04429746489967402,0.2398731680021215,0.07631274007792671,0.6395166270202775,25,30,0
22,8258,0.044291473080342786,0.2399015607107582,0.07629033918862355,0.6395166270202751,25,30,0
22,8259,0.04430647069079293,0.23989700370962044,0.07627989857459079,0.6395166270249955,25,30,0
22,8260,0.04430939501516615,0.2398970037095835,0.07627329149548842,0.6395203097797614,25,30,0
22,8261,0.0442836625662862,0.2398970039653851,0.07629899270535095,0.6395203407629773,25,30,0
22,8262,0.044282569196018834,0.23989700396536523,0.07629899195722682,0.6395214348813885,25,30,0
22,8263,0.04428253350187423,0.23989700396540073,0.07629899300722673,0.6395214695254977,25,30,0
22,8264,0.0442804646897228,0.23989700396544486,0.0762990786906573,0.6395234526541745,25,30,0
22,8265,0.04428645492879339,0.23989700396544422,0.07629899813674729,0.6395175429690145,25,30,0
22,8266,0.04427738433217919,0.23989700396486302,0.0762989303758284,0.639526681327129,25,30,0
22,8267,0.044277436517224864,0.23989700396484534,0.0762966508001623,0.6395289087177671,25,30,0
22,8268,0.044277585040881154,0.2398970039648372,0.0762966526899889,0.6395287583042923,25,30,0
22,8269,0.044270654745253976,0.2399040648601127,0.07629652194959513,0.6395287584450378,25,30,0
22,8270,0.04427371960263975,0.23990406486013927,0.07628991817278645,0.6395322973644341,25,30,0
22,8271,0.04427359654070538,0.2399040648601477,0.0762899170487111,0.6395324215504352,25,30,0
22,8272,0.04427956960690758,0.2399040648601301,0.07629003163965904,0.6395263338933027,25,30,0
22,8273,0.04427660754611136,0.2399040648602018,0.07629003497092608,0.63952929262276,25,30,0
22,8274,0.04426968776637716,0.23990406486016677,0.07628991607553097,0.6395363312979244,25,30,0
22,8275,0.044268559321838125,0.2399050967889634,0.076290012729767,0.6395363311594309,25,30,0
22,8276,0.044280641064864665,0.23990071732373097,0.0762823104531793,0.639536331158225,25,30,0
22,8277,0.044283619285546666,0.2399007173237495,0.07628231179766173,0.6395333515930419,25,30,0
22,8278,0.04428560351016273,0.23989912247264336,0.0762819224289471,0.6395333515882465,25,30,0
22,8279,0.044306092832259135,0.23989912219292195,0.07626146386049155,0.6395333211143271,25,30,0
22,8280,0.04430598751228928,0.2398991221929741,0.07626146827254365,0.639533422022193,25,30,0
22,8281,0.044302989986151425,0.23990211702366365,0.07626147096807498,0.6395334220221099,25,30,0
22,8282,0.044300012535905015,0.23990211702364442,0.07626155220943241,0.639536318231018,25,30,0
22,8283,0.044302986454459986,0.2387277108111632,0.0774329844991336,0.6395363182352424,25,30,0
22,8284,0.04430296956165394,0.23872771081113683,0.07743298307021236,0.6395363365569959,25,30,0
22,8285,0.044296014346639455,0.23872771081109334,0.07743301996519548,0.6395432548770709,25,30,0
22,8286,0.04429599461565796,0.23872771081106628,0.07743301731447584,0.6395432772587991,25,30,0
22,8287,0.04429910588106639,0.23871374667048273,0.07744387018961206,0.639543277258838,25,30,0
22,8288,0.04429913950272004,0.2387137466705105,0.07744378957573281,0.6395433242510358,25,30,0
22,8289,0.044299084519535244,0.23871374667050907,0.07743718390879026,0.639549984901165,25,30,0
22,8290,0.04429908579727518,0.2387137466705097,0.0774372998139444,0.6395498677182704,25,30,0
22,8291,0.04429906857536336,0.23871374667049175,0.0774373269608141,0.6395498577933305,25,30,0
22,8292,0.04429602469672293,0.23988835227046948,0.0762657652437892,0.6395498577890182,25,30,0
22,8293,0.044296076316745675,0.23988835227046038,0.07626565018150064,0.6395499212312931,25,30,0
22,8294,0.044315876387020794,0.23988835227065544,0.0762703630405155,0.6395254083018079,25,30,0
22,8295,0.044321866968788974,0.23988236452910874,0.07627036020033696,0.6395254083017644,25,30,0
22,8296,0.04431899379331026,0.23988236452912715,0.07627036297913099,0.6395282786984307,25,30,0
22,8297,0.04431697897993273,0.23988236452915346,0.07627036857117211,0.6395302879197409,25,30,0
22,8298,0.044316979311463764,0.23988236452915424,0.0762704851717256,0.6395301709876555,25,30,0
22,8299,0.04431604932117124,0.23988236452906583,0.07627059272438567,0.6395309934253762,25,30,0
22,8300,0.04431305307902189,0.2398823645290569,0.07626589046131754,0.6395386919306028,25,30,0
22,8301,0.04431401933482583,0.239881395197615,0.07626589352743013,0.6395386919401284,25,30,0
22,8302,0.027469710700107498,0.23988140033026745,0.09311006678798969,0.6395388221816345,25,30,0
22,8303,0.027446748661521077,0.23988140033007124,0.09310535087292533,0.6395665001354817,25,30,0
22,8304,0.02745582195197447,0.23988140033013608,0.09310533028719646,0.6395574474306923,25,30,0
22,8305,0.027448917715587325,0.23988775795171652,0.0931058769019608,0.6395574474307346,25,30,0
22,8306,0.027450983121909637,0.23988568668062457,0.09310588277633962,0.6395574474211255,25,30,0
22,8307,0.02744495828971254,0.23988568668054167,0.09310587460680526,0.6395634804229399,25,30,0
22,8308,0.027207689416201008,0.23988568667834376,0.09310568576427075,0.6398009381411837,25,30,0
22,8309,0.027210701490632604,0.23988568667836113,0.09310568452900439,0.6397979273020011,25,30,0
22,8310,0.027216763112668893,0.23988568667837926,0.09310568266060228,0.6397918675483486,25,30,0
22,8311,0.027210788833148057,0.23989204383897852,0.09310529977705917,0.6397918675508134,25,30,0
22,8312,0.02721389243983987,0.23989204383897866,0.093105259319144,0.6397888044020367,25,30,0
22,8313,0.027289845701779544,0.2398920438736751,0.09310553221742217,0.6397125782071226,25,30,0
22,8314,0.027289791660884067,0.23989204387368324,0.09310553085256362,0.6397126336128682,25,30,0
22,8315,0.027292857217404577,0.23989204387367508,0.09310557121655723,0.6397095276923622,25,30,0
22,8316,0.027301884391523513,0.23989204387373067,0.09310561450511418,0.6397004572296308,25,30,0
22,8317,0.027304826128829687,0.2398920438737308,0.09310549869347921,0.6396976313039594,25,30,0
22,8318,0.027302761028070263,0.2398941145128151,0.09310549315043155,0.6396976313086821,25,30,0
22,8319,0.0272997665762062,0.23989411451280646,0.09310553316131508,0.6397005857496713,25,30,0
22,8320,0.027755850592491065,0.23989411451496548,0.09310579891506247,0.6392442359774796,25,30,0
22,8321,0.027754857407127465,0.2398947278270466,0.09310617879777734,0.6392442359680471,25,30,0
22,8322,0.04436120573442444,0.23989479331196834,0.07649985536226624,0.6392441455913396,25,30,0
22,8323,0.04436623844170168,0.2398947933130672,0.07649991328404292,0.6392390549611866,25,30,0
22,8324,0.04459947226750072,0.23989479331572663,0.07650240349527404,0.6390033309214974,25,30,0
22,8325,0.044588308644241036,0.2398947933157142,0.07650236484359185,0.6390145331964517,25,30,0
22,8326,0.0445883249371793,0.23989479331571467,0.07650236489658352,0.6390145168505217,25,30,0
22,8327,0.044592547741090664,0.23989479331574232,0.07650455524171253,0.6390081037014537,25,30,0
22,8328,0.044592564350086177,0.23989479331575977,0.07650455602059067,0.6390080863135629,25,30,0
22,8329,0.04087697880999125,0.23989476804020207,0.0802202898493407,0.6390079633004667,25,30,0
22,8330,0.04087689267810182,0.23989476804017532,0.08022028835392293,0.6390080509278006,25,30,0
22,8331,0.04087365102266414,0.23989476804018225,0.08022026332112565,0.6390113176160285,25,30,0
22,8332,0.040875718389855854,0.2398947680401733,0.08021798231843251,0.6390115312515389,25,30,0
22,8333,0.04087570203658975,0.23989476804016407,0.08021798304266739,0.639011546880579,25,30,0
22,8334,0.040877839736823296,0.23989476804012136,0.08021797845586037,0.6390094137671951,25,30,0
22,8335,0.05697716500721118,0.2398952185640786,0.06411819762103758,0.6390094188076723,25,30,0
22,8336,0.041235417615932926,0.23989477224161246,0.041474979795175705,0.677394830347278,25,30,0
22,8337,0.04123837793207409,0.23989477224171096,0.04147498918443036,0.6773918606417837,25,30,0
22,8338,0.041308364664934455,0.23989477224488084,0.04147520274266851,0.677321660347515,25,30,0
22,8339,0.04093616563454997,0.2398947680153218,0.040247158915293575,0.6789219074348335,25,30,0
22,8340,0.04094014278688151,0.2398947680153666,0.04024716268565135,0.6789179265120994,25,30,0
22,8341,0.04094005629445586,0.2398947680152953,0.04024715794272101,0.6789180177475277,25,30,0
22,8342,0.0404839722668629,0.23989476801313625,0.04024689218666582,0.6793743675333349,25,30,0
22,8343,0.040481875407298015,0.23929781883998114,0.04084593821443692,0.679374367538284,25,30,0
22,8344,0.04047893231703488,0.23929781883998147,0.040845938238018735,0.6793773106049648,25,30,0
22,8345,0.040476061968525254,0.23929781883997261,0.04084602169445332,0.6793800974970486,25,30,0
22,8346,0.04040612882095742,0.23929781883681106,0.040845811242872,0.6794502410993593,25,30,0
22,8347,0.040413033011255345,0.2392910747578627,0.040845651129096036,0.679450241101786,25,30,0
22,8348,0.04041291130647278,0.23929107475787054,0.040845733177522735,0.6794502807581339,25,30,0
22,8349,0.04040602466289977,0.2392979587206403,0.04084573586542906,0.6794502807510306,25,30,0
22,8350,0.040408039030272416,0.23987438615351098,0.040267294070092496,0.6794502807461239,25,30,0
22,8351,0.040408183008085165,0.2398743861535034,0.0402673301997212,0.67945010063869,25,30,0
22,8352,0.04041119425211919,0.23987438615352136,0.040267328494611,0.6794470910997482,25,30,0
22,8353,0.03955468751066277,0.2398743165703782,0.041123775650273225,0.6794472202686854,25,30,0
22,8354,0.0395546819339441,0.2398747058882218,0.041123391909363996,0.6794472202684697,25,30,0
22,8355,0.039552600708940996,0.23987470588826545,0.04112339629038449,0.6794492971124086,25,30,0
22,8356,0.039549660568310135,0.2398749543721119,0.041126087946989534,0.6794492971125908,25,30,0
22,8357,0.03954675221252563,0.23990932837600082,0.041094622294207545,0.6794492971172681,25,30,0
22,8358,0.03954363430276217,0.2399093283760005,0.041094582758909357,0.6794524545623299,25,30,0
22,8359,0.039543618610637,0.23990932837598283,0.04109458342270075,0.6794524695906812,25,30,0
22,8360,0.03953967853922938,0.23990932837490356,0.04109452799920062,0.6794564650866683,25,30,0
22,8361,0.03953368754631964,0.23990932837489456,0.04109452727908147,0.6794624567997061,25,30,0
22,8362,0.03953575298291554,0.23990707278283094,0.04109471743922932,0.6794624567950258,25,30,0
22,8363,0.039535541358122574,0.2399070727828217,0.041094632619841275,0.6794627532392166,25,30,0
22,8364,0.039540715476992665,0.23990707278293083,0.041101207294139616,0.6794510044459391,25,30,0
22,8365,0.03984153236164966,0.23990707278924286,0.041103869267582506,0.679147525581527,25,30,0
22,8366,0.03954066282184509,0.23990707278292206,0.04110120917320212,0.6794510552220326,25,30,0
22,8367,0.039540715487397377,0.2399070727829308,0.041101208342628655,0.6794510033870451,25,30,0
22,8368,0.03954064868260709,0.23990707278291282,0.041101207823698714,0.6794510707107834,25,30,0
22,8369,0.03978694109541359,0.23990682420186007,0.04085516367874957,0.6794510710239788,25,30,0
22,8370,0.03978000315850869,0.23990682420184364,0.04085516403524351,0.6794580086044055,25,30,0
22,8371,0.03978010855052337,0.23990682420173667,0.040855270876123805,0.6794577963716171,25,30,0
22,8372,0.03978834533752358,0.23990682420179052,0.04085539263834785,0.6794494378223389,25,30,0
22,8373,0.03978830871136946,0.23990682420178203,0.040855391553900194,0.679449475532949,25,30,0
22,8374,0.0011713332524724259,0.23990691384976087,0.07947176866302166,0.679449984234747,25,30,0
22,8375,0.0011714070510719884,0.23990691384976187,0.07947168673070734,0.6794499923684605,25,30,0
22,8376,0.0011744170828260965,0.23990691384977986,0.07947180235706072,0.6794468667103348,25,30,0
22,8377,0.0009978680288443142,0.2399071626397225,0.07964810210580904,0.6794468672256261,25,30,0
22,8378,0.0009979412376109114,0.2399071626397236,0.07964814312801506,0.6794467529946522,25,30,0
22,8379,0.001004984561514014,0.23989973139482187,0.07964853104421118,0.6794467529994546,25,30,0
22,8380,0.0009928746121783954,0.23991187383771176,0.0796484985535189,0.6794467529965924,25,30,0
22,8381,0.0010517068491911888,0.23991187383779133,0.07965517164033135,0.6793812476726874,25,30,0
22,8382,0.0009958705910768479,0.2399118738377205,0.0796485366230986,0.6794437189481053,25,30,0
22,8383,0.0009889488943247845,0.23991919257350416,0.07964813958882823,0.6794437189433441,25,30,0
22,8384,0.00099189032395421,0.23991919257397584,0.07964319017922246,0.6794457269228487,25,30,0
22,8385,0.0009849353179697394,0.23989468763120742,0.07967465013269202,0.6794457269181315,25,30,0
22,8386,0.006590378581520812,0.23989460042737992,0.0740699624650968,0.6794450585260033,25,30,0
22,8387,0.006587169468422123,0.23989460042736085,0.07406992535622477,0.6794483047479926,25,30,0
22,8388,0.006508254598703842,0.2398946003926747,0.07406957099758622,0.6795275740110357,25,30,0
22,8389,0.0067435847620500484,0.23989460039530752,0.07406979569138163,0.6792920191512608,25,30,0
22,8390,0.006742493335545255,0.23989460039528843,0.07406979224005235,0.6792931140291141,25,30,0
22,8391,0.006745541607102756,0.23820515978148474,0.07575618458230142,0.6792931140291113,25,30,0
22,8392,0.006509230738786708,0.23820515977880785,0.0757559967549022,0.6795296127275035,25,30,0
22,8393,0.00651012554322976,0.23820466071711052,0.07575560100509693,0.6795296127345631,25,30,0
22,8394,0.006510075447376619,0.23820466071708285,0.0757555969637025,0.6795296668718381,25,30,0
22,8395,0.006509145401892707,0.23820466071702143,0.07575559132020845,0.6795306025608777,25,30,0
22,8396,0.006508369283079866,0.23696711400608927,0.07699391414305998,0.6795306025677713,25,30,0
22,8397,0.006506318733070555,0.2369693517234685,0.07699372697088648,0.6795306025725746,25,30,0
22,8398,0.006509192461500172,0.23696592583211248,0.07699427913147491,0.6795306025749123,25,30,0
22,8399,0.00651232741375251,0.23696592583214005,0.07699436268137352,0.6795273840727337,25,30,0
22,8400,0.006512395179879043,0.2369659258321493,0.07699436334736073,0.6795273156406109,25,30,0
22,8401,0.006968374256419374,0.2369659258343085,0.07699450068960845,0.6790711992196635,25,30,0
22,8402,0.0069713877706595396,0.2369659258342893,0.07699449947723505,0.6790681869178161,25,30,0
22,8403,0.006978542285997417,0.23696592583428175,0.07699450252612182,0.679061029353599,25,30,0
22,8404,0.007436725888081261,0.23650708915420196,0.07699515531669034,0.6790610296410263,25,30,0
22,8405,0.00743966915523975,0.23650414312050574,0.07699515808794781,0.6790610296363064,25,30,0
22,8406,0.007439599395665887,0.23650414312191212,0.07699909155185454,0.679057165930567,25,30,0
22,8407,0.006980518918677418,0.2365041431197532,0.07699883770716318,0.6795165002544057,25,30,0
22,8408,0.00697852146250402,0.23650414312135024,0.07699886626058533,0.6795184691555599,25,30,0
22,8409,0.006975652373759696,0.23650754453626302,0.07699833393423983,0.679518469155737,25,30,0
22,8410,0.006975688380078775,0.23650754453627187,0.07699833358157399,0.6795184335020753,25,30,0
22,8411,0.006972654515342577,0.2365075445362725,0.07700056379139944,0.6795192371569847,25,30,0
22,8412,0.006974915881361049,0.23650489378164383,0.07700095318464442,0.67951923715235,25,30,0
22,8413,0.006518800161481524,0.23696166576580402,0.07700029721484815,0.6795192368578656,25,30,0
22,8414,0.006513731337678009,0.23696166576522285,0.07699863172335436,0.6795259711737442,25,30,0
22,8415,0.006513661521177878,0.23696166576522207,0.07699854913833176,0.6795261235752679,25,30,0
22,8416,0.006520596213493249,0.2369616657652552,0.07699632135353413,0.6795214166677169,25,30,0
22,8417,0.006527569075822983,0.23696166576532593,0.07699644231048886,0.6795143228483613,25,30,0
22,8418,0.0065247006436092115,0.23696166576532587,0.08805118839691399,0.6684624451941498,25,30,0
22,8419,0.006528413474162723,0.23695834633198434,0.0880507949951944,0.6684624451986575,25,30,0
22,8420,0.004040795233074131,0.23695836675064008,0.09053840266566195,0.6684624353506246,25,30,0
22,8421,0.004038957435916629,0.2369583667507132,0.09053843160712724,0.6684642442062436,25,30,0
22,8422,0.004108716455771471,0.2369583667529028,0.09053862060593267,0.668394296185394,25,30,0
22,8423,0.004112625576122913,0.23867231003398126,0.08882076819974115,0.668394296190155,25,30,0
22,8424,0.004115761861013569,0.2386723100339733,0.08882076913041244,0.668391158974601,25,30,0
22,8425,0.00411672732428097,0.2386723100325513,0.08881681723630913,0.6683941454068587,25,30,0
22,8426,0.0007422577261348867,0.2386722863677795,0.09219124391436223,0.6683942119917234,25,30,0
22,8427,0.0007301291546717009,0.23867228636772378,0.09219114028473366,0.668406444192871,25,30,0
22,8428,0.0007301457943114637,0.23867228636774157,0.09219114178257197,0.6684064260553753,25,30,0
22,8429,0.000733177764925946,0.23867228636774176,0.0921911419872053,0.6684033938801273,25,30,0
22,8430,0.0007310147614254879,0.23867228636614338,0.09219111018569738,0.6684055886867343,25,30,0
22,8431,0.0007308397908385563,0.23867228636616936,0.09219111124667725,0.6684057625963152,25,30,0
22,8432,0.0007278963048999072,0.23867228636616905,0.09219111052422237,0.668408706804709,25,30,0
22,8433,0.0007280049251743527,0.23867209731347772,0.09219119066324348,0.6684087070981044,25,30,0
22,8434,0.0007308730951245751,0.23867209731347733,0.0811364065879208,0.6794606230034765,25,30,0
22,8435,0.0007377954423076955,0.23866519012107798,0.08113639142846145,0.679460623008152,25,30,0
22,8436,0.0007308223169867141,0.23866519012100731,0.08113627048083318,0.6794677170811719,25,30,0
22,8437,0.0007296663698791478,0.23866519012094345,0.08113781066408537,0.6794673328450911,25,30,0
22,8438,0.00072978767771402,0.23866519012096238,0.08113789405791438,0.6794671281434084,25,30,0
22,8439,0.0007944933848509639,0.239838258575598,0.07990011960538979,0.6794671284341596,25,30,0
22,8440,0.0007306854989316335,0.23990259820250917,0.07989958816433929,0.6794671281342183,25,30,0
22,8441,0.000897184814087713,0.23990235082067493,0.07973333611201502,0.679467128253222,25,30,0
22,8442,0.0009050288906212257,0.23990235082076233,0.07973334374999956,0.6794592765386166,25,30,0
22,8443,0.0009080236653550508,0.23990235082077088,0.079733305886512,0.6794563196273617,25,30,0
22,8444,0.0009119433365510285,0.2399025962054586,0.07972914097240051,0.6794563194855897,25,30,0
22,8445,0.0009009781283464653,0.23990259620537058,0.07972913272946876,0.679467292936814,25,30,0
22,8446,0.0009251034692023602,0.23990294072909468,0.07961100390332118,0.6795609518983824,25,30,0
22,8447,0.0009250380915826443,0.23990294072907703,0.07961088615391859,0.6795611350254225,25,30,0
22,8448,0.0009228997378754243,0.23990454024759192,0.07961142498443347,0.6795611350300998,25,30,0
22,8449,0.0009199767853018998,0.23990454024761024,0.07961146513570366,0.6795640178313846,25,30,0
22,8450,0.0006837121969696389,0.23990454024493446,0.07960909113354503,0.6798026564245512,25,30,0
22,8451,0.000683726962831169,0.23990454024494337,0.07960752284803234,0.6798042099441932,25,30,0
22,8452,0.0006805700569486455,0.23990758294030698,0.07960763735198703,0.6798042096507573,25,30,0
22,8453,0.0006785505703287995,0.23990758294033274,0.07960764014730792,0.6798062263420305,25,30,0
22,8454,0.0006824733007377514,0.2399036472956139,0.07960765305681625,0.679806226346832,25,30,0
22,8455,0.0006816845929388857,0.23990498345545638,0.07960710560222146,0.6798062263493833,25,30,0
22,8456,0.0006835956956174401,0.23990498345543915,0.07960709857524552,0.6798043222736978,25,30,0
22,8457,0.000679763543521339,0.23947265891394992,0.08004325471583507,0.6798043228266891,25,30,0
22,8458,0.0006805519377244546,0.2394718662801554,0.0800432589579375,0.6798043228241782,25,30,0
22,8459,0.0006785407248137635,0.23947186628013103,0.08004337658333999,0.6798062164117112,25,30,0
22,8460,0.000678613246890476,0.2394718662801412,0.08004337662434759,0.6798061438486173,25,30,0
22,8461,0.0006795968829729865,0.23947186628022035,0.08004343778615626,0.6798050990506468,25,30,0
22,8462,0.0006796494836604325,0.23947186628023792,0.08004343804121987,0.6798050461948786,25,30,0
22,8463,0.0006816604002312786,0.23947186628025385,0.08004331982967408,0.6798031534898377,25,30,0
22,8464,0.0006785756259867012,0.23947186628023484,0.08004559740251947,0.6798039606912557,25,30,0
22,8465,0.0006756348398007733,0.23947186628022826,0.08004571534131602,0.6798067835386518,25,30,0
22,8466,0.000677668185071091,0.2394698360240085,0.08004571224958092,0.6798067835413362,25,30,0
22,8467,0.0004376513856213424,0.23946983783978912,0.08028452131565414,0.6798079894589334,25,30,0
22,8468,0.0004376336348287093,0.2394698378397891,0.0802866838690813,0.6798058446562989,25,30,0
22,8469,0.0004307143893700887,0.23946983783975484,0.08028668100613315,0.67981276676474,25,30,0
22,8470,0.00042673881707125453,0.23944235741564865,0.08031813700733828,0.6798127667599401,25,30,0
22,8471,0.0004954405654291254,0.23944235741881809,0.08031841601959817,0.6797437859961529,25,30,0
22,8472,0.0004276073280558716,0.23944235741669945,0.08031823380677709,0.6798118014484661,25,30,0
22,8473,0.00042453883896914705,0.23944235741670689,0.08031827396348445,0.6798148297808382,25,30,0
22,8474,0.0004337400566047967,0.23944235741664735,0.08031829929742441,0.6798056032293222,25,30,0
22,8475,0.0004366661992165866,0.2394423574166379,0.08031829857611317,0.6798026778080309,25,30,0
22,8476,0.00043580755865229594,0.2394423574166212,0.08031829637298142,0.6798035386517433,25,30,0
22,8477,0.0004377336013271549,0.23944235741668232,0.08031830270327786,0.6798016062787109,25,30,0
22,8478,0.0004388186106581858,0.23944235741668077,0.08031822683497056,0.6798005971376888,25,30,0
22,8479,0.00042763894004970083,0.23944235741666056,0.08031819660264934,0.6798118070406385,25,30,0
22,8480,0.00043147099973012896,0.23987468184669825,0.07988204066350361,0.6798118064900673,25,30,0
22,8481,0.00044770844720232953,0.2398746818468959,0.07988205643449722,0.6797955532714041,25,30,0
22,8482,0.0004185581008615415,0.23987451482059804,0.08000509965375419,0.6797018274247832,25,30,0
22,8483,0.0004215162027228124,0.2398745148206138,0.08000498040053007,0.6796989885761304,25,30,0
22,8484,0.0004023362789287324,0.23987451482041725,0.08000496482736319,0.679718184073288,25,30,0
22,8485,0.00040324759634087715,0.23987451482043412,0.08000508423028348,0.6797171533529394,25,30,0
22,8486,0.000403176242911247,0.23987451482042402,0.08027130301763949,0.6794510059190249,25,30,0
22,8487,0.0004032123016382151,0.23987427692239793,0.0802715048546411,0.6794510059213228,25,30,0
22,8488,0.0004033175890139986,0.2398742769224145,0.08026925506356365,0.6794531504250078,25,30,0
22,8489,0.00040331875198871517,0.23987426912721915,0.080269261698164,0.6794531504226281,25,30,0
22,8490,0.00042655101783267956,0.23987426912831983,0.08026934397871824,0.6794298358751292,25,30,0
22,8491,0.00042860072471978517,0.2398742691283121,0.08026922524236829,0.6794279049045997,25,30,0
22,8492,0.0004286010240028621,0.23987426912832102,0.08026919693121437,0.6794279329164615,25,30,0
22,8493,0.0004307374213675448,0.2398742691283549,0.08064215144376778,0.6790528420065094,25,30,0
22,8494,0.0004075045430448513,0.23987426912725363,0.08064206699373738,0.6790761593359638,25,30,0
22,8495,0.00040456343681144523,0.2398742691272541,0.08064206707011902,0.679079100365815,25,30,0
22,8496,0.00040253165457779705,0.23987426912726334,0.08064206936112486,0.6790811298570335,25,30,0
22,8497,0.00040552789577995936,0.2398742691273259,0.08064207597640198,0.6790781270004922,25,30,0
22,8498,0.0004055299207476987,0.23988818728576913,0.08062817528326281,0.6790781075102185,25,30,0
22,8499,0.00041150601120974685,0.2398881872857771,0.0806281746594793,0.679072132043532,25,30,0
22,8500,0.0004116652122199869,0.2398881872857698,0.08036191964373328,0.6793382278582749,25,30,0
22,8501,0.00041166396676189666,0.23988819769690747,0.08036191048545749,0.6793382278508712,25,30,0
22,8502,0.0004116479097127485,0.23988819769689884,0.08036191004304945,0.679338244350337,25,30,0
22,8503,0.00041555373611123163,0.2398881976968622,0.08036190580499487,0.6793343427620298,25,30,0
22,8504,0.0004115035941990253,0.23989185961211557,0.08036229403654609,0.6793343427571376,25,30,0
22,8505,0.00040459948079182,0.2398985752957051,0.08036248246631647,0.6793343427571847,25,30,0
22,8506,0.0004077635000136581,0.23989857529577868,0.08049196060015334,0.6792017006040524,25,30,0
22,8507,0.00040084422662488945,0.23989857529573502,0.08049195696369649,0.6792086235139416,25,30,0
22,8508,0.0004009132432028658,0.2398985752957442,0.08048967865199094,0.6792108328090598,25,30,0
22,8509,0.000408513424088858,0.23988460767952963,0.0774023658437909,0.6823045130525923,25,30,0
22,8510,0.00041145772046444976,0.23988460767953054,0.07740236589144366,0.6823015687085631,25,30,0
22,8511,0.00041438488680911226,0.23987100668870745,0.07741303971574767,0.6823015687087374,25,30,0
22,8512,0.0004142697343037325,0.23987100668863387,0.07728355958961515,0.6824311639874489,25,30,0
22,8513,0.00040929377904722037,0.23987100668867853,0.07728359553685678,0.6824361039954192,25,30,0
22,8514,0.00040641817477141096,0.239871006688687,0.07728359613201156,0.6824389790045318,25,30,0
22,8515,0.00040433375562528407,0.23943618633160532,0.07772050089715782,0.6824389790156132,25,30,0
22,8516,0.00040731134164882624,0.23943618633162267,0.07772049830660734,0.6824360040201227,25,30,0
22,8517,0.00040724362669010335,0.23943618633161393,0.07772049771268012,0.6824360723290175,25,30,0
22,8518,0.0004072448549623654,0.23943618633161423,0.07772041528972003,0.6824361535237048,25,30,0
22,8519,0.0004102400290737278,0.23943618633160546,0.0777204976167511,0.6824330760225712,25,30,0
22,8520,0.0004036855085955092,0.23943598275866382,0.08082107867297181,0.679339253059768,25,30,0
22,8521,0.00040662922730922975,0.23943598275866365,0.08082111864415813,0.6793362693698688,25,30,0
22,8522,0.0004095048005550484,0.23943598275865421,0.08082111796282768,0.679333394477963,25,30,0
22,8523,0.0003377911523943087,0.23943598275547587,0.0808208382984798,0.6794053877936499,25,30,0
22,8524,0.00034078734927645693,0.23943598275544942,0.08082083788122725,0.6794023920140466,25,30,0
22,8525,0.00034074885881742195,0.23943598275544098,0.08082084024866637,0.6794024281370749,25,30,0
22,8526,0.00034369132925514764,0.23943598275544112,0.08082084029618297,0.6793994856191202,25,30,0
22,8527,0.0003436899927979764,0.2394359827554331,0.08082078500604715,0.6793995422457219,25,30,0
22,8528,0.00034171376711986286,0.23943598275536337,0.08082084688203947,0.6794014565954772,25,30,0
22,8529,0.000338700456460866,0.2394359827553548,0.0808208062484572,0.6794045105397271,25,30,0
22,8530,0.000341679524635835,0.23943598275536318,0.08082088836316817,0.6794014493568328,25,30,0
22,8531,0.0003378438434028133,0.23941742082292297,0.08084328598164398,0.67940144935203,25,30,0
22,8532,0.00034078591661898105,0.23941742082292206,0.08084328589789326,0.6793985073625657,25,30,0
22,8533,0.0003407321415272317,0.2394174208229305,0.08084320355166963,0.6793986434838728,25,30,0
22,8534,0.0003386679864101318,0.23941742082290665,0.08047024965842389,0.6797736615322592,25,30,0
22,8535,0.0005771018276058967,0.2394174208259826,0.0804704636185909,0.6795350137278204,25,30,0
22,8536,0.0005810775753701411,0.23942412252128858,0.08045978617578145,0.6795350137275598,25,30,0
22,8537,0.0005831620753824079,0.23985874798018558,0.0800230762231931,0.6795350137212395,25,30,0
22,8538,0.0005831815256509013,0.23985874798021245,0.08002307816328186,0.6795349923308553,25,30,0
22,8539,0.0005911690701658204,0.23985874798030113,0.08002308504325663,0.6795269979062766,25,30,0
22,8540,0.0005911505822736519,0.2398587479802747,0.0800230831198239,0.6795270183176281,25,30,0
22,8541,0.0005881560817449676,0.2398587479802661,0.08002308436395256,0.6795300115740366,25,30,0
22,8542,0.0005901862510649705,0.2398587479802223,0.08002307931610927,0.6795279864526037,25,30,0
22,8543,0.0005901859409280314,0.23985874798022214,0.08002307959570333,0.6795279864831468,25,30,0
22,8544,0.0005911841129280388,0.23985874798027498,0.0800230837377753,0.6795269841690219,25,30,0
22,8545,0.0008023437634544707,0.23985858342541103,0.07981202379305596,0.6795270490180796,25,30,0
22,8546,0.0007993790987048151,0.23989261680865892,0.07978095507442656,0.6795270490182103,25,30,0
22,8547,0.0007924616172249049,0.23987731967055667,0.07980316969851681,0.6795270490137021,25,30,0
22,8548,0.0007895348653614828,0.23987731967056564,0.07980308783440122,0.6795300576296719,25,30,0
22,8549,0.0007865391252426019,0.23987731967055673,0.0798030877038599,0.679533053500341,25,30,0
22,8550,0.0007834712911948945,0.23987731967055684,0.07980308657583488,0.6795361224624135,25,30,0
22,8551,0.0007863619906574984,0.23987731967056497,0.07980308713810885,0.6795332312006687,25,30,0
22,8552,0.0008053873773562534,0.23987731967064208,0.07993250939232578,0.6793847835596758,25,30,0
22,8553,0.0008055776076151404,0.2398551106915222,0.0799545281434006,0.6793847835574615,25,30,0
22,8554,0.0008126391062850203,0.23985511069157586,0.07995453256148902,0.6793777176406499,25,30,0
22,8555,0.0008157405858355094,0.23985511069161244,0.07995458346928,0.6793745652532723,25,30,0
22,8556,0.0008187546294735531,0.23985511069162133,0.07995458412728697,0.6793715505516184,25,30,0
22,8557,0.0008156179652015187,0.2398551106915944,0.07995453596774846,0.6793747353754559,25,30,0
22,8558,0.0008125521526498823,0.23985511069160295,0.07995453784055657,0.6793777993151907,25,30,0
22,8559,0.0008094859253375029,0.2398551106916017,0.07995453885614937,0.6793808645269113,25,30,0
22,8560,0.0008094670434641374,0.23985552858351272,0.07995413984828162,0.6793808645247408,25,30,0
22,8561,0.0005801404087851315,0.23985552858044673,0.07995389444235475,0.6796104365684122,25,30,0
22,8562,0.0005801053170193409,0.23985552858042997,0.07995389270719398,0.6796104733953555,25,30,0
22,8563,0.0005720649412798857,0.2398555285803581,0.08008336376495657,0.6794890427134049,25,30,0
22,8564,0.0005700483164724061,0.2398555285803852,0.0800833667339363,0.6794910563692055,25,30,0
22,8565,0.0005780374514761035,0.23985552858039466,0.0800833732792166,0.6794830606889118,25,30,0
22,8566,0.0006362155434988901,0.23985552858057357,0.08008348940798571,0.679424766467941,25,30,0
22,8567,0.0005781252354361742,0.2398555285804113,0.0800833735187386,0.6794829726654131,25,30,0
22,8568,0.0005782130815933174,0.2398448112609859,0.08009400298724197,0.6794829726701781,25,30,0
22,8569,0.0005780722794202531,0.23986680699106647,0.08007214805946013,0.6794829726700519,25,30,0
22,8570,0.0005790245596866894,0.2398762040589848,0.08006179871581258,0.6794829726655146,25,30,0
22,8571,0.0005799541179969353,0.2398762040590733,0.08006180618410488,0.6794820356388235,25,30,0
22,8572,0.0005800766013649048,0.239876266211558,0.08006162155292934,0.6794820356341463,25,30,0
22,8573,0.0005801983111315172,0.23987626621154998,0.08006162339903417,0.6794819120782829,25,30,0
22,8574,0.0005821379947360511,0.23987460707891298,0.08006134284842206,0.6794819120779274,25,30,0
22,8575,0.0005821916560383949,0.23987491849443263,0.08006097777159901,0.6794819120779286,25,30,0
22,8576,0.0008184166730070434,0.23987491849808432,0.08006118758406897,0.6792454772448383,25,30,0
22,8577,0.000819361415635978,0.2398963580022647,0.08003880333266697,0.6792454772494306,25,30,0
22,8578,0.0008173465833419026,0.23989635800229095,0.08003880568466343,0.6792474897297021,25,30,0
22,8579,0.0008152109925312223,0.23989635800232698,0.08004541110220215,0.6792430199029381,25,30,0
22,8580,0.0008151257584676891,0.23989635800229955,0.08004540759326316,0.679243108645968,25,30,0
22,8581,0.0008171952920885055,0.23989635800226355,0.08003880029506315,0.6792476464105833,25,30,0
22,8582,0.0008142013263195206,0.2398919217484544,0.08004623051464155,0.679247646410583,25,30,0
22,8583,0.0008121315556321014,0.23989192174849838,0.08004634954327525,0.6792495971525928,25,30,0
22,8584,0.0008112047746095353,0.23989192174846286,0.08004623055811595,0.6792506429188101,25,30,0
22,8585,0.00081504493605471,0.23988807966678052,0.08004623247371433,0.6792506429234488,25,30,0
22,8586,0.0008080701305006841,0.2398950668296753,0.08004622012109547,0.679250642918727,25,30,0
22,8587,0.0005717936309519233,0.23989506682603257,0.08004601044928751,0.6794871290937265,25,30,0
22,8588,0.0005717914959940278,0.2398950668260327,0.08004601046816956,0.6794871312098023,25,30,0
22,8589,0.0005718236037754918,0.23989506682597142,0.0800460910531752,0.6794870185170763,25,30,0
22,8590,0.0005750313747236203,0.23989133491813916,0.08004661518992913,0.6794870185172066,25,30,0
22,8591,0.0005721402517717452,0.23989133491812983,0.08004661515031458,0.6794899096797825,25,30,0
22,8592,0.000572103897301138,0.23989133491812104,0.08004661721658576,0.6794899439679907,25,30,0
22,8593,0.00057115844948226,0.23989133491807757,0.08004661527354973,0.6794908913588891,25,30,0
22,8594,0.0005740853821176181,0.23989133491806114,0.08004661657085206,0.6794879631289679,25,30,0
22,8595,0.000578064556667441,0.23989133491806963,0.07991714143545005,0.6796134590898119,25,30,0
22,8596,0.0005801331125623517,0.239891334918034,0.07991713835860118,0.6796113936108016,25,30,0
22,8597,0.0005831281855791412,0.2398913349180428,0.07991713847849939,0.6796083984178778,25,30,0
22,8598,0.0005792724954262851,0.23989133491800804,0.0799171379244295,0.6796122546621352,25,30,0
22,8599,0.0005763288308738683,0.23989133491800774,0.07991713766432862,0.6796151985867885,25,30,0
22,8600,0.0005762602531120191,0.2398913349179815,0.0799171367621838,0.6796152680667216,25,30,0
22,8601,0.0005732810383520586,0.23989430657711885,0.07991714431772044,0.6796152680668076,25,30,0
22,8602,0.0005732142024178036,0.2398943065781697,0.07991724635501421,0.679615232864397,25,30,0
22,8603,0.0005542553299908104,0.23989430657811006,0.07978783908703382,0.679763599004864,25,30,0
22,8604,0.0005552205698926841,0.23989430657813607,0.07978775991327212,0.6797627129386978,25,30,0
22,8605,0.0005553255768097388,0.23989430657815392,0.07978775848200384,0.6797626093630312,25,30,0
22,8606,0.0005553256063753968,0.23989430657815386,0.07978775847111594,0.6797626093443536,25,30,0
22,8607,0.0005393619917419577,0.23989430657701366,0.07978764311746571,0.6797786883137775,25,30,0
22,8608,0.0005423762686908886,0.23989167922923432,0.07978725618838824,0.6797786883136852,25,30,0
22,8609,0.0005393289402296994,0.23988325599499652,0.07979872675107932,0.6797786883136929,25,30,0
22,8610,0.0005394162301207574,0.23988316696431755,0.0797987284918255,0.6797786883137347,25,30,0
22,8611,0.0005463875123462138,0.23988316696436118,0.07979873208092603,0.6797717134423652,25,30,0
22,8612,0.0005534234214952716,0.23987558569835513,0.07979927743300713,0.6797717134471413,25,30,0
22,8613,0.0005494469037024272,0.23987558569832007,0.07979927442299078,0.6797756929749855,25,30,0
22,8614,0.0005492705782040299,0.239866707288816,0.07980832915331788,0.6797756929796607,25,30,0
22,8615,0.0005492862390646273,0.23987816496387637,0.07979685581740398,0.6797756929796536,25,30,0
22,8616,0.0005481106747938986,0.23987816495574296,0.07979907553150611,0.679774648837959,25,30,0
22,8617,0.0005511777032652487,0.2398781649557347,0.07979907367120391,0.6797715836697982,25,30,0
22,8618,0.0005482518649049817,0.23987816495574582,0.07979919037612439,0.6797743928032266,25,30,0
22,8619,0.0005552275089337118,0.23987118479210096,0.07979919489106188,0.6797743928079051,25,30,0
22,8620,0.0005552293719927957,0.23987118479210084,0.07979922710052205,0.6797743587353857,25,30,0
22,8621,0.0005551926840814367,0.23987118479208175,0.07979911203582535,0.679774510488013,25,30,0
22,8622,0.0005552439808452967,0.23987118479207387,0.0797991081942738,0.6797744630328084,25,30,0
22,8623,0.0005510987774977488,0.23987587142098896,0.07979856677360965,0.679774463027905,25,30,0
22,8624,0.017765766284118623,0.23987585834094524,0.06258393440649264,0.679774440968445,25,30,0
22,8625,0.017823734315566806,0.23987585841881498,0.06252476156172529,0.6797756457038951,25,30,0
22,8626,0.017816672898047715,0.23987585841876258,0.06252475716396945,0.6797827115192223,25,30,0
22,8627,0.017813675381648682,0.23987585841876438,0.06252705115333325,0.6797834150462556,25,30,0
22,8628,0.017809890555994547,0.2398796453273321,0.06252704907501105,0.679783415041664,25,30,0
22,8629,0.018277750061553046,0.23987964541891366,0.06252914041488992,0.679313464104645,25,30,0
22,8630,0.018274823140656118,0.2398796454189308,0.06252911544082708,0.6793164159995875,25,30,0
22,8631,0.01827383157344108,0.2386999258050006,0.06370982662128587,0.6793164160002736,25,30,0
22,8632,0.018270887118234113,0.23869992580500038,0.0637098280278619,0.6793193590489044,25,30,0
22,8633,0.018269921881741754,0.23869992580497437,0.06370986597669315,0.6793202863365915,25,30,0
22,8634,0.0013105027335161797,0.2386999429211156,0.08030848440008245,0.6796810699452824,25,30,0
22,8635,0.001312500491354997,0.23869994292107158,0.08030851864278456,0.679679037944786,25,30,0
22,8636,0.0013124634832014695,0.23869994292106234,0.08030851726377355,0.67967907633196,25,30,0
22,8637,0.0013093250344684345,0.2387030743831873,0.08030852425050908,0.6796790763318328,25,30,0
22,8638,0.0013071169633352665,0.23870307438322147,0.08030856313775782,0.6796812455156835,25,30,0
22,8639,0.0013072645697330529,0.23870307438322147,0.08030856622571987,0.6796810948213239,25,30,0
22,8640,0.0008373194555811128,0.23870307429164028,0.08030647907023715,0.6801531271825401,25,30,0
22,8641,0.0008341084719443028,0.23871434474331238,0.08029841959999279,0.6801531271847494,25,30,0
22,8642,0.0008370697773981886,0.23871434474331987,0.08029841796161721,0.6801501675176636,25,30,0
22,8643,0.0008400303355480107,0.23871145273614322,0.0802983494129402,0.6801501675153674,25,30,0
22,8644,0.0008400481155929876,0.23871145273614394,0.08029835205734631,0.6801501470909156,25,30,0
22,8645,0.0008430899506524553,0.23988895645102398,0.0791178065128536,0.6801501470854707,25,30,0
22,8646,0.0008430905837674898,0.23988895645102393,0.07911780743772714,0.6801501455274821,25,30,0
22,8647,0.0008450873509328772,0.23988895645100583,0.07911771861187133,0.6801482375861907,25,30,0
22,8648,0.0007953993148948673,0.2398889564515325,0.07916861174566411,0.6801470324879098,25,30,0
22,8649,0.0007924034776052302,0.23989196783330288,0.07916859620118374,0.6801470324879092,25,30,0
22,8650,0.0005401050082323331,0.23989195061632157,0.07978173776944122,0.6797862066060063,25,30,0
22,8651,0.02372947955987481,0.2398919506151245,0.056592363105330404,0.6797862067196715,25,30,0
22,8652,0.02373244271926394,0.239891950615132,0.056592361314681525,0.6797832453509237,25,30,0
22,8653,0.02372949940475078,0.23989195061513205,0.05659235987838038,0.6797861901017379,25,30,0
22,8654,0.023732375007881786,0.23989195061512308,0.05659235778105624,0.6797833165959397,25,30,0
22,8655,0.023735599167444228,0.23989195061514224,0.05659236002859484,0.6797800901888194,25,30,0
22,8656,0.023734671532603356,0.23989195061511656,0.05659231828539644,0.679781059566884,25,30,0
22,8657,0.023738204757104465,0.23989195053794618,0.05344283427742669,0.6829270104275237,25,30,0
22,8658,0.02373522513837762,0.2398919505379628,0.05344295029271296,0.6829298740309477,25,30,0
22,8659,0.023744245529371905,0.239891950539026,0.053442981115959375,0.6829208228156436,25,30,0
22,8660,0.023744279350359006,0.23989195053906168,0.05344298371524077,0.6829207863953393,25,30,0
22,8661,0.02374137094899097,0.23989195053908954,0.053442985749664114,0.6829236927622562,25,30,0
22,8662,0.02374545516627029,0.2398919505391178,0.05344296091650949,0.6829196333781029,25,30,0
22,8663,0.023752374362253893,0.23988435457658724,0.053443637678241326,0.682919633382918,25,30,0
22,8664,0.023749161651130155,0.2398843545765955,0.05344363418828259,0.6829228495839921,25,30,0
22,8665,0.02374616649663454,0.2399188137746873,0.053412170149443036,0.6829228495792353,25,30,0
22,8666,0.02375818305349018,0.23947161004420914,0.053847357308616554,0.6829228495936839,25,30,0
22,8667,0.023761127529293487,0.23947161004420908,0.05384735734209624,0.6829199050844015,25,30,0
22,8668,0.0237609021109506,0.2394716100442,0.05384739638368116,0.6829200914611688,25,30,0
22,8669,0.0237618300447601,0.2394716100442264,0.05384740130000749,0.6829191586110065,25,30,0
22,8670,0.023764809138361365,0.23946808120773447,0.05384795104056008,0.6829191586133446,25,30,0
22,8671,0.023764805119104462,0.2394680812077329,0.053847911345536376,0.6829192023276268,25,30,0
22,8672,0.02376084209032619,0.23946808120769625,0.05384789658376977,0.6829231801182084,25,30,0
22,8673,0.023757202166289213,0.23947239571826487,0.053847222001751176,0.6829231801136953,25,30,0
22,8674,0.023745185680008333,0.2399196060893418,0.05341202813136336,0.6829231800992871,25,30,0
22,8675,0.02375222980046586,0.2399196060893339,0.053412053447261965,0.6829161106629387,25,30,0
22,8676,0.023761249764940873,0.23991960608939905,0.05341217371298027,0.6829069704326802,25,30,0
22,8677,0.023755157350278486,0.23991960608931617,0.05341205195900096,0.6829131846014049,25,30,0
22,8678,0.02375521183555404,0.23991960608929852,0.05341205425036459,0.6829131278247834,25,30,0
22,8679,0.023755160873392175,0.23991960608926222,0.053412082622500086,0.6829131504148461,25,30,0
22,8680,0.023758226037078733,0.23991960608925328,0.05341213462896853,0.6829100332447,25,30,0
22,8681,0.0237582773323847,0.23991960608924562,0.053412133339657684,0.6829099832387125,25,30,0
22,8682,0.02376646493967545,0.23991960609134266,0.05341219726409393,0.6829017317048885,25,30,0
22,8683,0.023766297957936736,0.23991960608982588,0.05341220100495965,0.6829018949472784,25,30,0
22,8684,0.02376943790903966,0.23991646648838075,0.05341220065500374,0.6829018949475764,25,30,0
22,8685,0.0237664591071471,0.23991646648837275,0.05341220309017107,0.6829048713143098,25,30,0
22,8686,0.023757386362676877,0.23991646648729162,0.053412132520450184,0.6829140146295818,25,30,0
22,8687,0.023754407480732303,0.23991963187005225,0.05341194600267758,0.6829140146465379,25,30,0
22,8688,0.023758614326449243,0.23991963187005402,0.05341198913412912,0.6829097646693678,25,30,0
22,8689,0.024215471435824823,0.23991963187220766,0.05341433479866575,0.6824505618933021,25,30,0
22,8690,0.02375148359351844,0.23991963187001694,0.053412045548883326,0.6829168389875815,25,30,0
22,8691,0.02375119927320911,0.23990906356780062,0.05342289816197942,0.6829168389970109,25,30,0
22,8692,0.023759130437898884,0.23990906356838085,0.053422894130961976,0.6829089118627585,25,30,0
22,8693,0.023756027758993544,0.23991215996022006,0.053422900418285624,0.6829089118625009,25,30,0
22,8694,0.02375504576828965,0.23991215996022777,0.05342289529914575,0.682909898972337,25,30,0
22,8695,0.024259005360810465,0.23991216002769356,0.056055537334644204,0.679773297276852,25,30,0
22,8696,0.024262002459535664,0.23991216002770227,0.056055453655078684,0.6797703838576836,25,30,0
22,8697,0.024261966390020796,0.239912160027694,0.05605545528908234,0.679770418293203,25,30,0
22,8698,0.024261913535447446,0.23991216002770271,0.0560554533883256,0.6797704730485244,25,30,0
22,8699,0.02426296596602046,0.23988868844859346,0.05607787253654276,0.6797704730488434,25,30,0
22,8700,0.02426988605549569,0.23988868844861946,0.0560778753846112,0.6797635501112738,25,30,0
22,8701,0.02426990457702246,0.23988868844864428,0.0560821871544105,0.679759219819923,25,30,0
22,8702,0.024266872631677056,0.2398886884486435,0.056082188110994614,0.6797622508086851,25,30,0
22,8703,0.024269976408196742,0.23988868844864147,0.0561743469007117,0.67966698824245,25,30,0
22,8704,0.024273950988019113,0.2398886884486765,0.056174350634316986,0.6796630099289872,25,30,0
22,8705,0.02427095360412417,0.2398886884487386,0.05654735097476951,0.6792930069723675,25,30,0
22,8706,0.024270953705581383,0.23988868844873895,0.05667111978666197,0.6791692380590191,25,30,0
22,8707,0.02426797534234467,0.23990252064633086,0.05666026595719406,0.6791692380541317,25,30,0
22,8708,0.024269971931571415,0.23990105070132375,0.0566597392960137,0.6791692380710919,25,30,0
22,8709,0.039337023889203376,0.2399010516019901,0.04158799858995068,0.6791739259188566,25,30,0
22,8710,0.03934007392996595,0.23990105160200786,0.04146423049901741,0.6792946439690095,25,30,0
22,8711,0.03934711890620139,0.23989397629634915,0.0414642608257176,0.6792946439717327,25,30,0
22,8712,0.03934708215137114,0.23989397629635836,0.04146426203185972,0.6792946795204116,25,30,0
22,8713,0.04076493082540443,0.23989418792230935,0.0400508413610341,0.6792900398912528,25,30,0
22,8714,0.040759954824314014,0.23989863583697957,0.04005136946675413,0.679290039871953,25,30,0
22,8715,0.040775980823404334,0.23989863583715745,0.040051386309465815,0.6792739970299728,25,30,0
22,8716,0.04076893707862311,0.23990516267712753,0.040051903221802326,0.6792739970224474,25,30,0
22,8717,0.04082908903552781,0.23990516268051207,0.04005613625132933,0.6792096120326312,25,30,0
22,8718,0.040813061473831604,0.2399051626803347,0.04005611943295926,0.6792256564128748,25,30,0
22,8719,0.04081600917652535,0.23990516268033538,0.04005612049461641,0.679222707648523,25,30,0
22,8720,0.040815993157705364,0.23990516268033535,0.040056118817649776,0.6792227253443098,25,30,0
22,8721,0.0408080940177564,0.2399051626797467,0.04006075115308708,0.6792259921494102,25,30,0
22,8722,0.04081504955444482,0.23990516267979042,0.04006075175702176,0.6792190360087434,25,30,0
22,8723,0.040831219554473996,0.23990516267986192,0.040060864181568984,0.6792027535840954,25,30,0
22,8724,0.040816015228714385,0.23990516267928083,0.040060827953565636,0.6792179941384393,25,30,0
22,8725,0.040814155674199,0.23990516267929948,0.040060855083534935,0.6792198265629668,25,30,0
22,8726,0.040795041675757364,0.23990516267922785,0.04006074266062983,0.6792390529843851,25,30,0
22,8727,0.040795970636021826,0.23990516267926257,0.04006074573506566,0.6792381209496502,25,30,0
22,8728,0.040803002197690036,0.2399051626793259,0.040060725871005974,0.6792311092519782,25,30,0
22,8729,0.040800025166303086,0.23990516267930734,0.04006080573426715,0.6792340064201222,25,30,0
22,8730,0.0407933339756671,0.23990516267933523,0.04006090396812107,0.6792405993768764,25,30,0
22,8731,0.04079337074612321,0.23990511398488096,0.04006091589219933,0.6792405993767963,25,30,0
22,8732,0.040793370686960914,0.23990511398487985,0.040060917857194546,0.6792405974709642,25,30,0
22,8733,0.04079037530873187,0.23990511398487058,0.04006091775718978,0.6792435929492073,25,30,0
22,8734,0.040789270238785334,0.23992864561775068,0.04003849119453371,0.6792435929489298,25,30,0
22,8735,0.040789271781737454,0.23992864561775826,0.040038487971546556,0.6792435946289572,25,30,0
22,8736,0.07962384827036798,0.2399286456125186,0.0012132114480272402,0.6792342946690852,25,30,0
22,8737,0.07962477797927497,0.2399286456125632,0.0012131325033628672,0.6792334439047981,25,30,0
22,8738,0.08006391013759442,0.23992864735356104,0.0007740062967444114,0.6792334362120992,25,30,0
22,8739,0.08005480498672454,0.23992864735024114,0.0007698624849232664,0.6792466851781102,25,30,0
22,8740,0.08005780069308292,0.23992864735024974,0.0007698625413063645,0.6792436894153601,25,30,0
22,8741,0.08005682035033908,0.2399286473502066,0.0007698593568316829,0.6792446729426216,25,30,0
22,8742,0.08005590664431995,0.23992864735017108,0.0007698567981765303,0.6792455892073314,25,30,0
22,8743,0.0800560269032941,0.23992833460334054,0.0007700492858207718,0.6792455892075435,25,30,0
22,8744,0.08000107189747822,0.23992833460325916,0.0007699599271858172,0.6793006335720757,25,30,0
22,8745,0.07999802078992428,0.2399283346032615,0.0006776845162223668,0.6793959600905909,25,30,0
22,8746,0.07999895073468156,0.2399283346033139,0.0006776887563126864,0.6793950259056908,25,30,0
22,8747,0.08000597579993542,0.23992146652954854,0.000677531755259728,0.6793950259152552,25,30,0
22,8748,0.08000885121496923,0.23991813055006495,0.0006779923199206336,0.6793950259150442,25,30,0
22,8749,0.08001195357224743,0.2399146380747023,0.0006783824380008531,0.6793950259150475,25,30,0
22,8750,0.0800089056644954,0.23991463807468463,0.0006784970334140833,0.6793979592274039,25,30,0
22,8751,0.08000498244207271,0.239914638074641,0.0006786083140938364,0.6794017711691904,25,30,0
22,8752,0.08000491341692838,0.23991463807458796,0.00030560500137391154,0.6797748435071083,25,30,0
22,8753,0.08000405370158518,0.23991463807458,0.00030568647201756197,0.6797756217518157,25,30,0
22,8754,0.04027921018119659,0.23991442592245957,0.040017741324285296,0.6797886225720585,25,30,0
22,8755,0.04027910437580944,0.239914425922477,0.04001765890252087,0.6797888107991926,25,30,0
22,8756,0.040282081837868536,0.23991199705450228,0.04001711030848003,0.6797888107991491,25,30,0
22,8757,0.04028511808120913,0.23991199705450278,0.040017109374761224,0.6797857754895267,25,30,0
22,8758,0.04029216213207055,0.23991199705453828,0.04001711290349106,0.6797787279098999,25,30,0
22,8759,0.040286099036430975,0.23991199705454627,0.04001711243296489,0.6797847914760576,25,30,0
22,8760,0.040293054749776826,0.23991199705463387,0.04010925529294765,0.6796856929026415,25,30,0
22,8761,0.04029305291540474,0.23991264516416813,0.04010860901791149,0.6796856929025153,25,30,0
22,8762,0.040295994517365846,0.239912645164168,0.04010860903699115,0.6796827512814745,25,30,0
22,8763,0.04029595877219431,0.22116384381004892,0.0588574461313697,0.6796827512863872,25,30,0
22,8764,0.04053518568596714,0.2209167139691269,0.058865348776916716,0.6796827515679896,25,30,0
22,8765,0.040539106287446385,0.22091671396918774,0.05886535166854714,0.6796788280748193,25,30,0
22,8766,0.04053933486573662,0.22091671397025014,0.05886535637331053,0.679678594790703,25,30,0
22,8767,0.04101148131306525,0.22091671397494878,0.058866419571668945,0.679205385140317,25,30,0
22,8768,0.0410114308968165,0.22091671397496693,0.05886171878674231,0.679210136341474,25,30,0
22,8769,0.04077218621490428,0.22116347215086807,0.05885420558900917,0.6792101360452183,25,30,0
22,8770,0.04077523660960192,0.22116347215085036,0.05885428780006317,0.6792070034394839,25,30,0
22,8771,0.040770077543414024,0.22116347215077706,0.058860884062064335,0.6792055662437443,25,30,0
22,8772,0.04076990005114046,0.22116347214972298,0.05886087947387925,0.679205748325257,25,30,0
22,8773,0.04077017922264326,0.2211634721512852,0.058860913106100095,0.6792054355199713,25,30,0
22,8774,0.040768148323889905,0.23991379995628784,0.04011261619519872,0.6792054355246232,25,30,0
22,8775,0.04076718231888872,0.23991477202747225,0.04011261013853977,0.6792054355150989,25,30,0
22,8776,0.04029517668043651,0.23991477202483583,0.04011146688004711,0.6796785844146801,25,30,0
22,8777,0.04029870183086683,0.2393214541546497,0.040701259582138556,0.6796785844323446,25,30,0
22,8778,0.04029656336237049,0.23932145415468412,0.040701180580709435,0.6796808019022356,25,30,0
22,8779,0.04028965971609402,0.23932145415461434,0.040608921103050456,0.6797799650262409,25,30,0
22,8780,0.04029272581612698,0.23932145415460604,0.04060892494065385,0.6797768950886129,25,30,0
22,8781,0.04029363808957412,0.23932145415463218,0.040608929350464826,0.6797759784053286,25,30,0
22,8782,0.0402965974922012,0.23932145415464082,0.040608927949955624,0.6797730204032016,25,30,0
22,8783,0.040298735586574666,0.23932145415459793,0.04060892538933898,0.6797708848694879,25,30,0
22,8784,0.04029778880280568,0.23932145415456432,0.04060896149401061,0.6797717955486189,25,30,0
22,8785,0.040293548580998054,0.23932145415295875,0.04060892425745256,0.6797760730085903,25,30,0
22,8786,0.04053479842166967,0.23932145415307204,0.0406089637217934,0.6795347837034647,25,30,0
22,8787,0.04053190766622395,0.23932145415307235,0.04060896374735691,0.6795376744333466,25,30,0
22,8788,0.04053799897546604,0.23932145415415376,0.04060889258493706,0.6795316542854428,25,30,0
22,8789,0.04053721092551533,0.2393214541541544,0.040608972634665966,0.6795323622856639,25,30,0
22,8790,0.04053432077629127,0.23932145415417222,0.04060897389735814,0.6795352511721778,25,30,0
22,8791,0.04060100117835272,0.239321454157341,0.0406091060646332,0.6794684385996724,25,30,0
22,8792,0.04059794895560613,0.2393171697801577,0.040616442664294705,0.6794684385999409,25,30,0
22,8793,0.04060073535353765,0.2393171697780423,0.04061643889514011,0.6794656559732792,25,30,0
22,8794,0.040597806593051775,0.2393171697780601,0.04061643767594445,0.6794685859529429,25,30,0
22,8795,0.04059486468957586,0.2393171697780598,0.04061643762927207,0.6794715279030916,25,30,0
22,8796,0.04059179969967168,0.23931716977806855,0.04061651644260593,0.6794745140796532,25,30,0
22,8797,0.04059176514147012,0.239317169778079,0.040616517273877085,0.6794745478065731,25,30,0
22,8798,0.0405917136826364,0.23931716977808773,0.040616518408310355,0.6794745981309649,25,30,0
22,8799,0.0405925723502196,0.23931716977810463,0.04061652042623321,0.6794737374454424,25,30,0
22,8800,0.040593486839825665,0.23932397661684301,0.040608799091061194,0.6794737374522698,25,30,0
22,8801,0.04059534365931203,0.23932397661688715,0.04061540731434793,0.6794652724094525,25,30,0
22,8802,0.040595289156663876,0.2393239766169045,0.04061540756184372,0.6794653266645877,25,30,0
22,8803,0.040971350714503876,0.2393239762789717,0.04025237173983535,0.6794523012666893,25,30,0
22,8804,0.040965328517338175,0.23932397627789068,0.04025232761306951,0.6794583675917019,25,30,0
22,8805,0.07172665457555386,0.2393239763703522,0.009491025384605606,0.6794583436694875,25,30,0
22,8806,0.07179446963172909,0.2380194734218777,0.010727712668349043,0.6794583442780434,25,30,0
22,8807,0.07179558085776545,0.2380194734218888,0.010727715849480093,0.6794572298708651,25,30,0
22,8808,0.07179557992767155,0.23801947342188895,0.010727715851528999,0.67945723079891,25,30,0
22,8809,0.07179233897654842,0.2386125021006333,0.010137928138847934,0.6794572307839699,25,30,0
22,8810,0.07179142856378419,0.23861250210064314,0.010137928371249933,0.6794581409643224,25,30,0
22,8811,0.07179653150701842,0.23861250210058393,0.010131320576018421,0.6794596458163786,25,30,0
22,8812,0.0717277364101573,0.23991799771367306,0.008894620675446604,0.6794596452007227,25,30,0
22,8813,0.07173078472364099,0.23991550003531814,0.008894070040318168,0.6794596452007223,25,30,0
22,8814,0.07173071530539585,0.2399155000353093,0.008900673337271656,0.6794531113220229,25,30,0
22,8815,0.07173066604379824,0.2399149989309511,0.008901223698460388,0.67945311132679,25,30,0
22,8816,0.0717246043440337,0.23992131900556563,0.008900965328498607,0.679453111321902,25,30,0
22,8817,0.07172773804721146,0.2399179938267854,0.00890115680393145,0.6794531113220715,25,30,0
22,8818,0.07172477797505725,0.2399179938267768,0.008894552307992352,0.6794626758901733,25,30,0
22,8819,0.07172770500646727,0.23991799382674162,0.008894547704377665,0.6794597534624133,25,30,0
22,8820,0.0714884005373526,0.23991799382673296,0.00889447522093757,0.6796991304149766,25,30,0
22,8821,0.07155812778902486,0.239917993829385,0.008894814411464775,0.679629063970125,25,30,0
22,8822,0.07156114092264763,0.23991799382941129,0.008894816302018662,0.6796260489459222,25,30,0
22,8823,0.07156120851168297,0.23991799382942072,0.008894816471270401,0.6796259811876255,25,30,0
22,8824,0.07155821200371566,0.23991799382940304,0.0088948152059424,0.6796289789609387,25,30,0
22,8825,0.07155923546760015,0.2399172117449076,0.00889457381913378,0.6796289789683574,25,30,0
22,8826,0.07156216253690646,0.2399172117448899,0.008887969592159917,0.6796326561260428,25,30,0
22,8827,0.08019576331201811,0.23991721369319,0.0002543648740693073,0.6796326581207217,25,30,0
22,8828,0.08020371641876547,0.23991721369326074,0.0002543709355796654,0.6796246989523934,25,30,0
22,8829,0.08027045105165476,0.23991721369593852,0.0002546416542637124,0.679557693598142,25,30,0
22,8830,0.08027016751846684,0.2399174990094706,0.000254639874305492,0.6795576935977559,25,30,0
22,8831,0.08027120073967957,0.2399174990093825,0.00025463255373664814,0.6795566676972001,25,30,0
22,8832,0.0802044343589052,0.2399174990067019,0.0002542917157574565,0.6796237749186342,25,30,0
22,8833,0.08020640856443542,0.23991567448166282,0.0002541420449468447,0.6796237749089538,25,30,0
22,8834,0.08037879266376073,0.2399156744811894,0.0002540980738897726,0.679451434781159,25,30,0
22,8835,0.08038175312742121,0.23991567448120693,0.0002540167204839263,0.6794485556708868,25,30,0
22,8836,0.08037959943052408,0.23991567448122272,0.0002540582847906982,0.6794506678034614,25,30,0
22,8837,0.08039156109295494,0.2399156744813197,0.00025406724360797317,0.6794386971821162,25,30,0
22,8838,0.08038940935324908,0.23991801348957043,0.00025387997055018984,0.6794386971866291,25,30,0
22,8839,0.08043804549409508,0.23991801348646344,0.00025386334912525345,0.6793900776703151,25,30,0
22,8840,0.08043713123057955,0.23991837564405574,0.00025441545496875475,0.6793900776703947,25,30,0
22,8841,0.08043714578339221,0.23991835636827427,0.00025442017797761734,0.6793900776703546,25,30,0
22,8842,0.05582000131698809,0.23991835457153995,0.024871607467887222,0.6793900366435838,25,30,0
22,8843,0.05582696749386062,0.23819407909832427,0.02658891675685675,0.6793900366509574,25,30,0
22,8844,0.0558239534135131,0.23819407909832535,0.026588919870199682,0.6793930476179608,25,30,0
22,8845,0.05582609085227396,0.23819207956458108,0.026588781969861114,0.6793930476132829,25,30,0
22,8846,0.05582902102685317,0.23819207956458158,0.026588819070553056,0.6793900803380113,25,30,0
22,8847,0.05582296680260731,0.2398620997678997,0.02492485309893577,0.6793900803305565,25,30,0
22,8848,0.055707473598549925,0.23986209976779307,0.024924653286969176,0.6795057733466869,25,30,0
22,8849,0.05570544127386636,0.23986209976781012,0.02492465499809112,0.6795078039602315,25,30,0
22,8850,0.05570635524353618,0.2398620997678721,0.024924661998035277,0.6795068829905554,25,30,0
22,8851,0.05570835229715699,0.23986209976794334,0.024924784680616513,0.6795047632542824,25,30,0
22,8852,0.055705425515075825,0.23986502909309843,0.024924782135030698,0.6795047632567944,25,30,0
22,8853,0.05570444426458947,0.2398650290930548,0.024924739496869793,0.6795057871454856,25,30,0
22,8854,0.05570139661292612,0.23986807637031396,0.024924739871229843,0.6795057871455288,25,30,0
22,8855,0.055701291652067185,0.23986807637033214,0.024924740576821165,0.6795058914007788,25,30,0
22,8856,0.055700334545425445,0.2398680763702979,0.024924620606290734,0.6795069684779853,25,30,0
22,8857,0.05570702613052064,0.23986807637027843,0.02492452299970023,0.6795003744995001,25,30,0
22,8858,0.055710090704500094,0.2398650209883075,0.024924513807692873,0.6795003744994988,25,30,0
22,8859,0.055707162353249726,0.23986502098830012,0.02492455484665522,0.6795032618117943,25,30,0
22,8860,0.05569624986415279,0.23986502098822135,0.02492454817411628,0.6795141809735088,25,30,0
22,8861,0.05569826491076355,0.23986502098818666,0.024924545178769953,0.6795121689222791,25,30,0
22,8862,0.05569831653659088,0.23986502098817758,0.02492454497927037,0.6795121174959603,25,30,0
22,8863,0.055698374112561504,0.23986502098821563,0.024924574981270653,0.679512029917951,25,30,0
22,8864,0.05570043974032459,0.23986502098813645,0.024924568671634114,0.6795099705999035,25,30,0
22,8865,0.05570140405857523,0.23986502098817086,0.024924613107217483,0.679508961846035,25,30,0
22,8866,0.055709029805733036,0.23984631069862947,0.024935697640443504,0.6795089618551927,25,30,0
22,8867,0.055709050356851836,0.2398463106986571,0.02506518513354877,0.6793794538109411,25,30,0
22,8868,0.055702952361920174,0.23984631069870804,0.025065192369034747,0.6793855445703357,25,30,0
22,8869,0.05570296996428415,0.2398463106987178,0.02515745406535705,0.6792932652716399,25,30,0
22,8870,0.05570291695869508,0.23984631069870813,0.025157453807177134,0.6792933185354189,25,30,0
22,8871,0.055702933300006585,0.23984631069874346,0.025157453887046356,0.6792933021142027,25,30,0
22,8872,0.05570594862540777,0.23984631069874315,0.02515745080594932,0.6792902898698991,25,30,0
22,8873,0.05569531734880161,0.23985710248619152,0.025157290301767207,0.679290289863239,25,30,0
22,8874,0.040545713664980984,0.23985710247916703,0.040306894459286424,0.6792902893965674,25,30,0
22,8875,0.040542771175780846,0.23985710247916675,0.0403002905104522,0.6792998358346022,25,30,0
22,8876,0.040543885381731454,0.23985710247923886,0.04020804357809986,0.6793909685609316,25,30,0
22,8877,0.04053698454091181,0.23985710247922182,0.040208041852750516,0.6793978711271171,25,30,0
22,8878,0.04054004936303958,0.23985710247923994,0.040208042718015126,0.6793948054397067,25,30,0
22,8879,0.04053706915246437,0.23985710247925746,0.04020804352786146,0.6793977848404179,25,30,0
22,8880,0.04053701679759346,0.2398571024792396,0.040208045802538575,0.6793978349206296,25,30,0
22,8881,0.04053994119281332,0.23985710247933675,0.040208055302502474,0.6793949010253486,25,30,0
22,8882,0.0405378920663366,0.2398571024794076,0.040208060438810464,0.6793969450154463,25,30,0
22,8883,0.04053990627083749,0.23985710247938147,0.040208015123708335,0.6793949761260736,25,30,0
22,8884,0.04053206031200926,0.23985710247933828,0.040208039059708885,0.6794027981489442,25,30,0
22,8885,0.04053505380871746,0.23985710247932043,0.04020803776261753,0.6793998059493452,25,30,0
22,8886,0.0405321118512878,0.23985710247932057,0.0402080377845719,0.6794027478848207,25,30,0
22,8887,0.04052505287043839,0.23985710247927652,0.040208044963665104,0.6794097996866211,25,30,0
22,8888,0.04053322148619776,0.23984873242708804,0.040208246373658094,0.679409799713057,25,30,0
22,8889,0.0405361488624575,0.23984525977800328,0.0402087916512935,0.6794097997082464,25,30,0
22,8890,0.04053618761197515,0.23984525977795104,0.04020878621679678,0.6794097663932775,25,30,0
22,8891,0.04053417169672674,0.23984525977798643,0.04020878778982283,0.6794117807354643,25,30,0
22,8892,0.04053629172206387,0.23984525977791635,0.04020889977916449,0.6794095487208555,25,30,0
22,8893,0.040533280127115566,0.23984525977790805,0.040215503555201655,0.679405956539775,25,30,0
22,8894,0.04053534777805836,0.23984525977783708,0.0402154939009755,0.6794038985431294,25,30,0
22,8895,0.04053834368120889,0.23984525977782767,0.0402088894256765,0.6794075071152872,25,30,0
22,8896,0.040081048252980055,0.23984525770031484,0.040666187442768516,0.6794075066039372,25,30,0
22,8897,0.04008392079462847,0.23984525770030612,0.04066618679844925,0.6794046347066167,25,30,0
22,8898,0.0400840458434933,0.23984498874942348,0.04066633070038115,0.6794046347067025,25,30,0
22,8899,0.04008404581545537,0.23984498874942342,0.041039329080067015,0.6790316363550546,25,30,0
22,8900,0.04008400333583749,0.2398553998059997,0.04102896050552609,0.6790316363526372,25,30,0
22,8901,0.040091006030817215,0.23985539980598883,0.04102893447488594,0.6790246596883085,25,30,0
22,8902,0.04008800955552086,0.2398553998059979,0.041029018055993315,0.6790275725824887,25,30,0
22,8903,0.04007245189808616,0.23985539980542112,0.04104457573091062,0.6790275725655839,25,30,0
22,8904,0.04029752006552842,0.23962006287985083,0.041054844091485965,0.6790275729631365,25,30,0
22,8905,0.04030456006416062,0.2396200628799026,0.041054810814480314,0.6790205662414581,25,30,0
22,8906,0.04030456218852123,0.23962006287990292,0.041054810837552275,0.679020564094025,25,30,0
22,8907,0.04030461457257692,0.23962006287992071,0.040681810153646226,0.6793935123938573,25,30,0
22,8908,0.040301617653055025,0.23962006287991197,0.04068181001591489,0.6793965094511194,25,30,0
22,8909,0.040302615125766536,0.2396200628799472,0.040681817519660116,0.6793955044746274,25,30,0
22,8910,0.04029955015017519,0.23962006287995513,0.040681700576165936,0.6793986863937049,25,30,0
22,8911,0.04029643272737992,0.2396231808332749,0.040681700045681474,0.6793986863936645,25,30,0
22,8912,0.0557002669009315,0.23962318084476494,0.025277864887592,0.6793986873667115,25,30,0
22,8913,0.05570126026711027,0.2396231808447198,0.02527786008609447,0.6793976988020749,25,30,0
22,8914,0.055694182145948436,0.23962318084464912,0.02527781740316647,0.6794048196062354,25,30,0
22,8915,0.055693237333755904,0.23962318084462297,0.025277811475845957,0.6794057703457744,25,30,0
22,8916,0.05570427746098325,0.2396121324969602,0.02527781969143157,0.6794057703506243,25,30,0
22,8917,0.05570335062986797,0.23965608653486775,0.02523479248935704,0.6794057703459062,25,30,0
22,8918,0.055703400373597924,0.23965608653488618,0.025234754523981343,0.6794057585675336,25,30,0
22,8919,0.055703501433705324,0.23965608653487674,0.025105268816625333,0.6795351432147915,25,30,0
22,8920,0.05569345981252301,0.2396657394733092,0.025105657499422812,0.6795351432147438,25,30,0
22,8921,0.055696404323715115,0.23966573947330883,0.025105576036954423,0.6795322801660204,25,30,0
22,8922,0.055696476519049326,0.23966573947336184,0.025105579862670993,0.6795322041449168,25,30,0
22,8923,0.055460224153297426,0.239913011971248,0.02509456015933369,0.6795322037161197,25,30,0
22,8924,0.055462081238007846,0.23991301197130024,0.025094565001804355,0.6795303417888864,25,30,0
22,8925,0.03128687936683753,0.23991301679655966,0.049269763870222055,0.6795303399663817,25,30,0
22,8926,0.03128989171372264,0.2399098177560972,0.04926995056375866,0.6795303399664223,25,30,0
22,8927,0.03129283323163591,0.23990981775609735,0.04926995057499447,0.6795273984372727,25,30,0
22,8928,0.03130493124715174,0.2398975086831619,0.049270161622451125,0.6795273984472356,25,30,0
22,8929,0.01971237346266135,0.23989750385952166,0.060862696558106714,0.6795274261197108,25,30,0
22,8930,0.019716296768307565,0.23865333119506996,0.062102945912152624,0.6795274261244707,25,30,0
22,8931,0.01600925994269014,0.23865358909809348,0.06580882893874325,0.6795283220204756,25,30,0
22,8932,0.016006335954280783,0.23865358909815623,0.06580883349528595,0.6795312414522792,25,30,0
22,8933,0.016005283022546314,0.23865358909825413,0.06580888181871139,0.6795322460604902,25,30,0
22,8934,0.01600635473281527,0.23865358909818407,0.06580895781011761,0.6795310983588848,25,30,0
22,8935,0.016006371923198138,0.23865358909820164,0.06580895766725385,0.6795310813113479,25,30,0
22,8936,0.016019335861472264,0.23865358909824524,0.06580892047313497,0.6795181545671489,25,30,0
22,8937,0.016018335778206497,0.23864761687184036,0.06581589276839367,0.6795181545815606,25,30,0
22,8938,0.016020614986309,0.23864573132236472,0.06581549911184612,0.6795181545794811,25,30,0
22,8939,0.016020670236514913,0.23864573132292702,0.06594499606092838,0.6793886023796304,25,30,0
22,8940,0.01601662196949664,0.23989016269482197,0.06470461295613555,0.6793886023795466,25,30,0
22,8941,0.01601661739349329,0.23989016269482133,0.06470461155688294,0.6793886083548031,25,30,0
22,8942,0.016023521473428424,0.2398901626948382,0.0647046962147693,0.679381619616965,25,30,0
22,8943,0.01602651658106862,0.2398980400939568,0.06469382370792824,0.6793816196170468,25,30,0
22,8944,0.01602758524450526,0.23988026478427982,0.06471053036381944,0.6793816196073961,25,30,0
22,8945,0.016034406443698253,0.23988026478425972,0.06471052098394689,0.6793748077880956,25,30,0
22,8946,0.01603357105343492,0.23988026478633942,0.06471049426244535,0.6793756698977808,25,30,0
22,8947,0.016038686242080574,0.2398802647866276,0.0693617168822035,0.6747193320890885,25,30,0
22,8948,0.01579565338513491,0.23988026478443103,0.06936149107186432,0.6749625907585696,25,30,0
22,8949,0.015794724729389347,0.23988026478439545,0.06936148942444474,0.67496352106177,25,30,0
22,8950,0.015794723521944557,0.2398802647843867,0.06936160465379658,0.6749634070398719,25,30,0
22,8951,0.01579178131599766,0.23988026478440477,0.06936160600359316,0.6749663478960042,25,30,0
22,8952,0.01584664410784886,0.23988000687941993,0.06745732625429862,0.676816022758434,25,30,0
22,8953,0.015850692149376237,0.23988000687944716,0.06745733048092772,0.6768119704902504,25,30,0
22,8954,0.015850657155790183,0.2398800068794285,0.06745732973418607,0.6768120062305966,25,30,0
22,8955,0.015850620988360764,0.2398800068788742,0.06732782876238103,0.6769415433703854,25,30,0
22,8956,0.01631055861069175,0.23941979214619366,0.06732810558059607,0.6769415436625198,25,30,0
22,8957,0.016321331814376026,0.23941979214603795,0.06268349622823091,0.6815753798113551,25,30,0
22,8958,0.0009103056719607288,0.23941979215026563,0.078094523305761,0.6815753788720141,25,30,0
22,8959,0.0009102505762365673,0.23941979215022133,0.07809463692527807,0.6815753203482652,25,30,0
22,8960,0.0009102336192154997,0.23943629383624274,0.07807815220107552,0.681575320343468,25,30,0
22,8961,0.0008982706602488417,0.2394362938361098,0.07807822374542693,0.6815872117582158,25,30,0
22,8962,0.0008953456741812215,0.23944695570006239,0.07807048686750205,0.6815872117582551,25,30,0
22,8963,0.0008982740103583796,0.23944695570005348,0.07807048309034953,0.681584287199239,25,30,0
22,8964,0.0008832531717850574,0.23946216595796954,0.07807029367123555,0.6815842871990101,25,30,0
22,8965,0.0008753184721116064,0.23946216595791717,0.07807040483261073,0.6815921107373606,25,30,0
22,8966,0.000875371687398099,0.23946267444141398,0.07806984313390897,0.6815921107372793,25,30,0
22,8967,0.0008753585960208213,0.23946267444140473,0.07806992456192641,0.6815920424006486,25,30,0
22,8968,0.0008753222507653641,0.23946267444139657,0.07806992359987604,0.6815920797079624,25,30,0
22,8969,0.0004123732381566677,0.23992590127771257,0.07806964606812652,0.6815920794160045,25,30,0
22,8970,0.0004153522190337914,0.23992590127769411,0.0780696445813933,0.681589101921879,25,30,0
22,8971,0.00041235719656734093,0.239925901277703,0.07806964516993008,0.6815920963557996,25,30,0
22,8972,0.0004152999167667597,0.2399229545840074,0.07806964914602615,0.6815920963531998,25,30,0
22,8973,0.00042333570668483207,0.2399229545840874,0.07806957455936324,0.6815841351498646,25,30,0
22,8974,0.0004346277019363183,0.23991127600833578,0.07806996113699294,0.6815841351527351,25,30,0
22,8975,0.000431629194231367,0.2399112760082737,0.07806996224814032,0.6815871325493548,25,30,0
22,8976,0.0004317205785399278,0.23991127600824774,0.07806984598788011,0.6815871574253325,25,30,0
22,8977,0.0004357674253711021,0.23990723910097891,0.07806983604104965,0.6815871574326006,25,30,0
22,8978,0.0004357478744536172,0.23990723910093417,0.07806987192935004,0.6815871410952629,25,30,0
22,8979,0.0004388665197758404,0.23990723910098796,0.07815907164798727,0.6814948227312503,25,30,0
22,8980,0.0004327346869492479,0.23990723910099562,0.0781590721625602,0.6815009540494956,25,30,0
22,8981,0.0004286866245958959,0.2399072391009684,0.07815906723418112,0.6815050070402552,25,30,0
22,8982,0.00042854827840499264,0.23990723910092326,0.07806986782011434,0.6815943448005577,25,30,0
22,8983,0.0004314917207216118,0.23990723910092326,0.07806975395173768,0.6815915152266174,25,30,0
22,8984,0.0004283334837716232,0.2394749445828792,0.0785052066948788,0.6815915152384707,25,30,0
22,8985,0.000409380213235418,0.2394749445827108,0.07849859251762323,0.6816170826864307,25,30,0
22,8986,0.00040631398251675925,0.23947494458271876,0.07850021401883513,0.6816185274159294,25,30,0
22,8987,0.0004093264192104228,0.23947494458274585,0.07850681736327282,0.6816089116347708,25,30,0
22,8988,0.00034937175190147913,0.2394749445835055,0.08041734872908708,0.6797583349355062,25,30,0
22,8989,0.00034844491836506943,0.23947494458348914,0.08041738533884503,0.6797592251593007,25,30,0
22,8990,0.0003485146913201868,0.23947494458352445,0.08041738721837768,0.6797591535067774,25,30,0
22,8991,0.0015405756796631007,0.2394749445932404,0.07922532415987017,0.6797591555672281,25,30,0
22,8992,0.001537632637329387,0.23947494459324062,0.07923002615400851,0.6797573966154233,25,30,0
22,8993,0.0015377716651256155,0.23947479485152237,0.07923003687247132,0.6797573966108825,25,30,0
22,8994,0.001534756982837477,0.23947479485146914,0.07923014887863805,0.6797602992870567,25,30,0
22,8995,0.0004683317250494857,0.2394747948285469,0.08029657599905989,0.6797602974473412,25,30,0
22,8996,0.00047028226667452733,0.23947479483065132,0.08029661175393527,0.6797583111487365,25,30,0
22,8997,0.0006985369772861132,0.2394747948352515,0.08029682110861876,0.6795298470788411,25,30,0
22,8998,0.0006955419720045085,0.23947479483524375,0.08029678158544512,0.6795328816073049,25,30,0
22,8999,0.04048596498132591,0.23947479483482817,0.04050635853857396,0.6795328816452727,25,30,0
22,9000,0.04049295662765664,0.23946725654002612,0.040506905182200216,0.6795328816501176,25,30,0
22,9001,0.040507245079495026,0.23946725653963866,0.040492616840658587,0.6795328815402083,25,30,0
22,9002,0.04050729878154945,0.23946725653963866,0.04049261482740607,0.6795328298514066,25,30,0
22,9003,0.040505317833877355,0.23946725653969245,0.040492538637647006,0.6795348869887837,25,30,0
22,9004,0.040508475090430596,0.23946725653981032,0.04049686589420079,0.679527402475559,25,30,0
22,9005,0.040508472237140186,0.23945960823406268,0.04050451705081988,0.6795274024779779,25,30,0
22,9006,0.04050774811015107,0.23945960823407475,0.04049799475265837,0.6795346489031163,25,30,0
22,9007,0.040504555153779306,0.2394596082339489,0.04049355207079472,0.6795422845414777,25,30,0
22,9008,0.04050471229609773,0.23945889376451335,0.04049410939302251,0.6795422845463668,25,30,0
22,9009,0.04056376448410546,0.23945889376461216,0.04049428833575845,0.679483053415524,25,30,0
22,9010,0.04057075343547125,0.23945889376465657,0.040494293476696405,0.6794760593231757,25,30,0
22,9011,0.04056880261252545,0.2394588937625519,0.04049425723353749,0.6794780463913851,25,30,0
22,9012,0.04057250214290912,0.23943278949710733,0.040516661966592274,0.6794780463933905,25,30,0
22,9013,0.040572606519900356,0.23943278949712446,0.04051666366050458,0.6794779403224699,25,30,0
22,9014,0.04057653127749356,0.2394327894971649,0.040516808973769025,0.6794738702515718,25,30,0
22,9015,0.04058045269054581,0.23943278949720867,0.0405167290264341,0.6794700287858104,25,30,0
22,9016,0.04057322844715665,0.23987532241765525,0.040081420364140176,0.6794700287710468,25,30,0
22,9017,0.040576290708098386,0.23987532241764653,0.04007979831273555,0.6794685885615184,25,30,0
22,9018,0.04057620215432896,0.23985356188840434,0.04010164740068075,0.6794685885565848,25,30,0
22,9019,0.04016964875805235,0.239853562048439,0.0405080429333205,0.6794687462601872,25,30,0
22,9020,0.040169455669351165,0.23985356204841182,0.040508038705621294,0.6794689435766149,25,30,0
22,9021,0.04016252986471205,0.23988287961525487,0.04048564694814574,0.6794689435718867,25,30,0
22,9022,0.04016253079488214,0.2398828855861555,0.04048564004707207,0.6794689435718897,25,30,0
22,9023,0.04015942899503309,0.2398828855861555,0.04048564008500191,0.6794720453338088,25,30,0
22,9024,0.04016138814668642,0.23988288558620036,0.04048560878463897,0.6794701174824737,25,30,0
22,9025,0.04017034118040399,0.23988288558623444,0.04048560699748868,0.6794611662358722,25,30,0
22,9026,0.040170392922324355,0.23988288558624316,0.040485606442877124,0.6794611150485546,25,30,0
22,9027,0.04016651039228638,0.23988288558619497,0.040485499263439244,0.6794651047580789,25,30,0
22,9028,0.040166492288966765,0.23988288558616946,0.0404854966791185,0.679465125445745,25,30,0
22,9029,0.040175901300698855,0.24068811866446957,0.039670875601854824,0.6794651044329769,25,30,0
22,9030,0.040178844543136895,0.24068811866446918,0.03967087410645979,0.6794621626859343,25,30,0
22,9031,0.040182703116076635,0.24070666254114564,0.03964847165216327,0.6794621626906145,25,30,0
22,9032,0.040185716564417995,0.2407066625411641,0.03964852895643791,0.6794590919379802,25,30,0
22,9033,0.040182911030760715,0.24070666253906875,0.03964851576666661,0.679461910663504,25,30,0
22,9034,0.04018596106132924,0.2407066625391331,0.03964840366653866,0.6794589727329989,25,30,0
22,9035,0.04017499678503632,0.2407066625390275,0.03965499994153953,0.6794633407343967,25,30,0
22,9036,0.04018277879156778,0.24070666254009765,0.039654989522506144,0.6794555691458284,25,30,0
22,9037,0.04018993460769373,0.24070666254012668,0.03965503479068892,0.6794483680614906,25,30,0
22,9038,0.04018991613257779,0.24070666254015433,0.03965503683694466,0.6794483844903231,25,30,0
22,9039,0.040189917671445904,0.24070666254010897,0.03965503397383094,0.679448385814614,25,30,0
22,9040,0.040189780614276964,0.2406758904832117,0.03968594308806054,0.6794483858144509,25,30,0
22,9041,0.0401898332691209,0.24067589048322938,0.03968602581073936,0.6794482504369104,25,30,0
22,9042,0.04018383832016117,0.22213067691327304,0.05823723432966043,0.6794482504369066,25,30,0
22,9043,0.04018481928811643,0.22213067691331634,0.058237239501317505,0.6794472642972508,25,30,0
22,9044,0.04017770607170176,0.22213779859337068,0.05823723103798141,0.6794472642969472,25,30,0
22,9045,0.040181614184223696,0.22213779859337848,0.05823717729123458,0.6794434099311644,25,30,0
22,9046,0.040177637485849765,0.22213779859335284,0.05823717378097554,0.6794473901398231,25,30,0
22,9047,0.040177601930727794,0.22213779859337943,0.058237176701927636,0.6794474227739664,25,30,0
22,9048,0.040166504384032534,0.22213779859229033,0.05823714259645736,0.6794585544272209,25,30,0
22,9049,0.040169432763062805,0.22214252201292717,0.05822949079683021,0.6794585544271804,25,30,0
22,9050,0.04016955202646777,0.22214252201294435,0.058222887217359964,0.6794650387432286,25,30,0
22,9051,0.04016746806034163,0.22214252201296125,0.05822289247201835,0.6794671174546794,25,30,0
22,9052,0.04017042917359987,0.22214252201307655,0.05822290074823724,0.679464148065087,25,30,0
22,9053,0.04017556748865475,0.22214252201314966,0.05822302148075435,0.6794588890174418,25,30,0
22,9054,0.039937329979888476,0.2221425220085066,0.05822283896072891,0.6796973090508763,25,30,0
22,9055,0.03993939628594524,0.22173105129685397,0.05863224336820393,0.6796973090489967,25,30,0
22,9056,0.03993939750204966,0.22169958305982504,0.058663710393888936,0.6796973090442363,25,30,0
22,9057,0.0399383798744481,0.22169958305991316,0.0586637184093222,0.6796983186563168,25,30,0
22,9058,0.03994130631527243,0.2216995830599041,0.05866363728469268,0.6796954733401311,25,30,0
22,9059,0.03994332002196396,0.22169958305986948,0.058663632269597914,0.6796934646485687,25,30,0
22,9060,0.03994326848698555,0.22169958305987933,0.05866363563357227,0.6796935128195628,25,30,0
22,9061,0.03994726343765437,0.22169958305982554,0.05866374801848668,0.6796894054840332,25,30,0
22,9062,0.039947263182345955,0.22169958305982543,0.05865907453450021,0.679694079223328,25,30,0
22,9063,0.03989518131667173,0.22169958305977022,0.058659014103607125,0.6797462215199501,25,30,0
22,9064,0.03990598165470229,0.2216995830598122,0.05865893108084186,0.6797355042046429,25,30,0
22,9065,0.03989906043230531,0.22170650846882553,0.058658926898945606,0.6797355041999227,25,30,0
22,9066,0.040408577682761376,0.22090127542567015,0.05888823669724887,0.6798019101943195,25,30,0
22,9067,0.04038962543700991,0.22090127542552832,0.058888196084503415,0.6798209030529582,25,30,0
22,9068,0.04039368961500811,0.22090127542555582,0.05888808224483727,0.6798169527145985,25,30,0
22,9069,0.040392758903378276,0.22090127542553756,0.058892750850339015,0.6798132148207447,25,30,0
22,9070,0.04039577034625683,0.22028839363722721,0.05950262119132442,0.6798132148251927,25,30,0
22,9071,0.04039179512476114,0.22028839363719263,0.059502618234835734,0.6798171930032118,25,30,0
22,9072,0.040391916270385846,0.22028839363718386,0.059502618610932846,0.6798170714814988,25,30,0
22,9073,0.04039202121090384,0.22028839363718322,0.05950262056752965,0.6798169645843843,25,30,0
22,9074,0.04039201999837106,0.22031985784353125,0.059471157573714954,0.6798169645843837,25,30,0
22,9075,0.040389058701224494,0.22031985784352343,0.05947115930278523,0.6798199241524675,25,30,0
22,9076,0.04039012889029205,0.22031985784342645,0.05947115315045596,0.6798188601158259,25,30,0
22,9077,0.04039007589856884,0.22072950469522173,0.05906155929819858,0.6798188601080112,25,30,0
22,9078,0.04039092145710299,0.2207295046952094,0.059153740271782426,0.6797258335759055,25,30,0
22,9079,0.04039078375212353,0.22072950469519093,0.059153736884306085,0.6797259746683798,25,30,0
22,9080,0.04039775670608088,0.2207225348056406,0.059153733810294255,0.6797259746779847,25,30,0
22,9081,0.04039589387032482,0.20529099662544545,0.07458713475141267,0.6797259747528172,25,30,0
22,9082,0.04039496652986873,0.22387406907079094,0.05600498964851809,0.679725974750822,25,30,0
22,9083,0.04039484413539243,0.2238740690707828,0.05591272648877855,0.6798183603050459,25,30,0
22,9084,0.04039480858929411,0.22387406907080973,0.055912808593517396,0.6798183137463785,25,30,0
22,9085,0.03987065230084602,0.2238740691118092,0.056502165297326386,0.6797531132900191,25,30,0
22,9086,0.03987267237603627,0.22387406911178406,0.05650215946497325,0.6797510990472071,25,30,0
22,9087,0.03987959244271463,0.2238667428257499,0.05650256567709193,0.6797510990544435,25,30,0
22,9088,0.03987957103277704,0.22383582400821683,0.05653350590711894,0.6797510990518874,25,30,0
22,9089,0.03987683318170983,0.22383582400819496,0.05653567372971636,0.6797516690803791,25,30,0
22,9090,0.004850405411933626,0.22383584984383423,0.09155547459562294,0.6797582701486057,25,30,0
22,9091,0.004858253085686531,0.22383584984391344,0.09155548023805644,0.67975041683234,25,30,0
22,9092,0.004858236938849108,0.2244378776501611,0.09095346858309743,0.6797504168278885,25,30,0
22,9093,0.004858220999502691,0.2244378776501519,0.09095346455722658,0.6797504367931154,25,30,0
22,9094,0.004858070831918576,0.2398708729288368,0.0755206195136629,0.6797504367255818,25,30,0
22,9095,0.03328568521627602,0.23987084693134242,0.047099790082298615,0.6797436777700828,25,30,0
22,9096,0.03328566787372344,0.2398708469313241,0.04709970610017573,0.6797437790947763,25,30,0
22,9097,0.03328271865086389,0.23987084693132313,0.04709970596392834,0.6797467284538844,25,30,0
22,9098,0.033286624172742536,0.23987084693130278,0.04709970626269459,0.6797428226332599,25,30,0
22,9099,0.03328362753961051,0.2398817101885303,0.047091839638345984,0.6797428226335129,25,30,0
22,9100,0.03352596543290881,0.23996445827613053,0.04676783758587174,0.6797417387050899,25,30,0
22,9101,0.03351505024941003,0.2399644582760594,0.04677253251944254,0.6797479589550888,25,30,0
22,9102,0.03351209423146733,0.21415150604955904,0.07258844076158433,0.6797479589573908,25,30,0
22,9103,0.033508170047360404,0.2141477022262869,0.07259616877856613,0.679747958947788,25,30,0
22,9104,0.03350620757826233,0.21414770222635884,0.07259617650586947,0.6797499136895105,25,30,0
22,9105,0.033498377104770174,0.21414770222633323,0.07259617384278712,0.6797577468261106,25,30,0
22,9106,0.034175824952884036,0.21347760820280315,0.07258881972302406,0.6797577471212898,25,30,0
22,9107,0.034174727183321395,0.21347760820280878,0.07258653685198597,0.6797611277618849,25,30,0
22,9108,0.04107649996503268,0.2134776180294844,0.06568473400164737,0.6797611480038366,25,30,0
22,9109,0.04107644729181951,0.2134776180294846,0.06568003405173817,0.6797659006269587,25,30,0
22,9110,0.04039686302426108,0.2141575779862298,0.06567965865063356,0.6797659003388766,25,30,0
22,9111,0.040399790351623534,0.2141575779862209,0.06567965800437332,0.6797629736577833,25,30,0
22,9112,0.04039967810952975,0.21415757798621887,0.06567961776599197,0.6797631261382606,25,30,0
22,9113,0.040402744447033366,0.2141575779862009,0.06568432074095915,0.6797553568258077,25,30,0
22,9114,0.04039582380953565,0.2141649041401955,0.06568391522923286,0.6797553568210369,25,30,0
22,9115,0.04063599770095379,0.2139244792237627,0.06568416582559411,0.6797553572496904,25,30,0
22,9116,0.040635085350639845,0.21392483746196608,0.06568471994000151,0.6797553572473934,25,30,0
22,9117,0.04063802894139276,0.21392483746196625,0.06568469153819127,0.6797524420584502,25,30,0
22,9118,0.04063508651517525,0.21392483746196578,0.0656846895013376,0.6797553865215218,25,30,0
22,9119,0.040634157334371104,0.2139248374619315,0.0656846845144548,0.6797563206892429,25,30,0
22,9120,0.04063791426543055,0.21392483746198945,0.07034092619283241,0.6750963220797473,25,30,0
22,9121,0.04063793213168087,0.21392482070568714,0.07034092508071471,0.675096322081917,25,30,0
22,9122,0.04064399260986828,0.21391891928992027,0.07034076602321367,0.6750963220769974,25,30,0
22,9123,0.040646936827594925,0.21391891928992,0.07034546789746607,0.6750886759850186,25,30,0
22,9124,0.04064788530331919,0.21391891928997175,0.07034546980447592,0.6750877256022331,25,30,0
22,9125,0.04065186325798814,0.2139189192899979,0.0703407707495667,0.6750884467024473,25,30,0
22,9126,0.04041163567200709,0.2141592625733292,0.0703406554833334,0.6750884462713302,25,30,0
22,9127,0.040409482300647566,0.21415926257331983,0.07034065515932611,0.6750905999667066,25,30,0
22,9128,0.04040639809947086,0.21415926257330006,0.07034065177830807,0.6750936875489211,25,30,0
22,9129,0.04040639963291225,0.21415926257330067,0.07034069329756548,0.6750936444962216,25,30,0
22,9130,0.04040636418200309,0.2141592625732922,0.07034069368591908,0.6750936795587856,25,30,0
22,9131,0.040406359535755214,0.23997571525883682,0.04452424564896492,0.6750936795564426,25,30,0
22,9132,0.04040634206140977,0.23997572024306227,0.044524258139127644,0.6750936795563995,25,30,0
22,9133,0.04040629277699895,0.24000723789221484,0.04449278977664118,0.6750936795541442,25,30,0
22,9134,0.04040245583030025,0.2400072378921989,0.044495067176483015,0.6750952391010171,25,30,0
22,9135,0.040410356360588644,0.24000723789226022,0.04449279351103092,0.6750896122361193,25,30,0
22,9136,0.04039951779356839,0.24000723789222733,0.03983651249903638,0.6797567318151662,25,30,0
22,9137,0.040392528534543344,0.2399922134388087,0.0398585262162821,0.679756731810364,25,30,0
22,9138,0.04038958426537433,0.23999221343881008,0.03985852634657398,0.6797596759492401,25,30,0
22,9139,0.04062704704072756,0.23976200930455227,0.03985126769554848,0.6797596759591703,25,30,0
22,9140,0.04062307000614124,0.23976200930452585,0.03985288718583334,0.6797620335034984,25,30,0
22,9141,0.0406230003683913,0.23976200930450686,0.03984818381543902,0.6797668065116618,25,30,0
22,9142,0.040625921513522706,0.23976200930444438,0.03984817771964356,0.6797638914623882,25,30,0
22,9143,0.04062590386906387,0.23976200930447988,0.04011442068182358,0.679497666144632,25,30,0
22,9144,0.04063287690702112,0.23976200930451486,0.040114424378206136,0.6794906894102568,25,30,0
22,9145,0.04063287696915523,0.2397620093045152,0.04011442441332651,0.679490689313002,25,30,0
22,9146,0.04063587284578016,0.23976200930450642,0.04011438283497414,0.6794877350147382,25,30,0
22,9147,0.040635943022559434,0.23976200930453348,0.04011599658030368,0.679486051092602,25,30,0
22,9148,0.04062690381417058,0.23976200930453348,0.04011611245225569,0.6794949744290387,25,30,0
22,9149,0.04062686891776947,0.23976260034772678,0.04011555631018166,0.6794949744243205,25,30,0
22,9150,0.04039033412101408,0.24001427470743164,0.040100416752439735,0.679494974419113,25,30,0
22,9151,0.040390316332256336,0.24001427470742231,0.04009880277772444,0.6794966061825953,25,30,0
22,9152,0.04039033261749249,0.24001427470744033,0.040105408484779614,0.6794899841902862,25,30,0
22,9153,0.04038836553808107,0.24001427470751185,0.04010075972447284,0.679496600029933,25,30,0
22,9154,0.040388486409335,0.24001427470750353,0.04009913772386545,0.6794981011592945,25,30,0
22,9155,0.04038556186895457,0.24001427470755993,0.04009914201197308,0.6795010214115113,25,30,0
22,9156,0.040385631731216225,0.24001427470759526,0.04009914456328167,0.6795009489979057,25,30,0
22,9157,0.04039172900972868,0.24001427470754272,0.04009918102445664,0.6794948152582708,25,30,0
22,9158,0.040406567588786274,0.24001427470760414,0.04009919085398999,0.6794799668496183,25,30,0
22,9159,0.04040555278832324,0.2400142747075592,0.04010567547749086,0.6794744970266255,25,30,0
22,9160,0.040408477346893464,0.24001427470750247,0.04010567251748069,0.6794715754281222,25,30,0
22,9161,0.04040546524263096,0.24001427470748365,0.04010571165454982,0.6794745483953342,25,30,0
22,9162,0.04040541140393666,0.2400142747074575,0.04009910639083829,0.6794812074977661,25,30,0
22,9163,0.040408360696449146,0.2400142747076928,0.04036534789506249,0.679212016700794,25,30,0
22,9164,0.04040844197043713,0.23940428838870037,0.04097525293901093,0.6792120167018502,25,30,0
22,9165,0.04046779800103799,0.23940428104797318,0.040915741002685975,0.6792121799483014,25,30,0
22,9166,0.04070014007477705,0.23940428104804526,0.04091817472075254,0.6789774041564237,25,30,0
22,9167,0.040703188449784,0.2394011711374242,0.04091823625632871,0.6789774041564617,25,30,0
22,9168,0.040703259167704474,0.2394011711374335,0.04091823686780436,0.6789773328270564,25,30,0
22,9169,0.04070327756296333,0.23940076307824687,0.04091862653185519,0.6789773328269335,25,30,0
22,9170,0.040700280439404136,0.23940076307824704,0.04091862651233796,0.6789803299700098,25,30,0
22,9171,0.04070033584909302,0.23940076307827352,0.04091863058615128,0.6789802704864811,25,30,0
22,9172,0.040707313621462335,0.23940076307830793,0.040918595578098904,0.6789733277221298,25,30,0
22,9173,0.040707191525418594,0.23940076307831606,0.040923296799865956,0.6789687485963983,25,30,0
22,9174,0.040706209232471195,0.23940076307826344,0.04092329102904612,0.6789697366602183,25,30,0
22,9175,0.04190079921932241,0.23931801647522952,0.03981155934160837,0.678969624963839,25,30,0
22,9176,0.04189778519218437,0.23931801647517553,0.03954531725070661,0.6792388810819325,25,30,0
22,9177,0.041897996350205524,0.23931801647517756,0.0395453189490877,0.6792386682255281,25,30,0
22,9178,0.041905085137452974,0.23931130716064408,0.039544939471497544,0.6792386682304046,25,30,0
22,9179,0.04190213649124968,0.23931130716039167,0.039278698806079995,0.6795078575422777,25,30,0
22,9180,0.041902187947641674,0.23931130716040008,0.03927875434264665,0.6795077505493107,25,30,0
22,9181,0.04190222306808056,0.23931128525196357,0.0392787411260503,0.6795077505539047,25,30,0
22,9182,0.04190214710027067,0.23988981087674602,0.03870029146763534,0.6795077505553471,25,30,0
22,9183,0.041902131092272116,0.23988982765881894,0.03870029069589909,0.6795077505530089,25,30,0
22,9184,0.041902131319898374,0.2398583674117687,0.03873175071532215,0.6795077505530093,25,30,0
22,9185,0.041998314348828066,0.23985836492862694,0.0386357534859615,0.6795075672365819,25,30,0
22,9186,0.0420004677129646,0.23985836492862753,0.03863575304344064,0.6795054143149659,25,30,0
22,9187,0.04201537362367234,0.23984289062428776,0.038636321422710534,0.679505414329328,25,30,0
22,9188,0.04201936634595039,0.2398428906243412,0.03863632392293963,0.6795014191067675,25,30,0
22,9189,0.04202223764038126,0.23984289062430553,0.03863640169119947,0.6794984700441126,25,30,0
22,9190,0.04202228722812289,0.2398428313068648,0.038636411420897826,0.679498470044113,25,30,0
22,9191,0.04201830422858878,0.2398428313068388,0.03863640661379639,0.6795024578507746,25,30,0
22,9192,0.04201127863134643,0.2398428313067858,0.038636403269772294,0.679509486792094,25,30,0
22,9193,0.04200833501163281,0.23984283130678563,0.03863640314863321,0.6795124305329469,25,30,0
22,9194,0.042008469605838705,0.23983202927830935,0.03864707057290741,0.6795124305429431,25,30,0
22,9195,0.042002478472694296,0.2398320292783001,0.038647070925511985,0.6795184213234924,25,30,0
22,9196,0.041995469144324664,0.23983202927828995,0.03864710986476044,0.6795253917126236,25,30,0
22,9197,0.04199640431186671,0.2398320292783617,0.03864706008254688,0.6795245063272235,25,30,0
22,9198,0.041993460320403846,0.23983202927836195,0.03864236122855541,0.6795321491726776,25,30,0
22,9199,0.04199542275435178,0.23983202927844074,0.03864236739272121,0.679530180574485,25,30,0
22,9200,0.041994492298118066,0.23983286162078585,0.03864246522038216,0.6795301808607127,25,30,0
22,9201,0.04198758971328416,0.23983286162078687,0.03864246433323812,0.6795370843326894,25,30,0
22,9202,0.04198137894424515,0.2398389867163582,0.038642550297813244,0.679537084041582,25,30,0
22,9203,0.04196741702141036,0.23983898671630569,0.03864482044092593,0.679548775821357,25,30,0
22,9204,0.04196734685930684,0.23983898671627,0.038644819759049,0.679548846665373,25,30,0
22,9205,0.04196641167487497,0.23983898671619822,0.038644814087248645,0.679549787521677,25,30,0
22,9206,0.04197767794908811,0.23983898671685547,0.038647103721444004,0.6795362316126113,25,30,0
22,9207,0.0419806933323652,0.23814901747668302,0.04033405758078732,0.6795362316101632,25,30,0
22,9208,0.04197971385939089,0.2381490174766489,0.04033405268793957,0.6795372159760195,25,30,0
22,9209,0.04198120242907609,0.23814901747383593,0.04033256429919039,0.6795372157978966,25,30,0
22,9210,0.0419802729895141,0.2381490174737937,0.04069985762608273,0.6791708519106083,25,30,0
22,9211,0.04198326995201903,0.2381490174738023,0.040699856836521324,0.6791678557376563,25,30,0
22,9212,0.041985266253048555,0.23814901747383704,0.04069986255368265,0.6791658537194306,25,30,0
22,9213,0.04198517925379945,0.23814901747379216,0.04069986044774921,0.6791659428246581,25,30,0
22,9214,0.04199008288774482,0.23814901747378955,0.04069495681337785,0.6791659428250867,25,30,0
22,9215,0.041995060862833306,0.2381490174738086,0.04069664295663834,0.6791592787067187,25,30,0
22,9216,0.04199308219347281,0.2381490174737293,0.04069663623542149,0.6791612640973753,25,30,0
22,9217,0.041993098966479285,0.23814901747373976,0.04069655593824859,0.6791613276215311,25,30,0
22,9218,0.04199609736925303,0.23814901747374898,0.04069655758516518,0.6791583275718316,25,30,0
22,9219,0.04199904072336204,0.238149017473748,0.04069655894116371,0.6791553828617245,25,30,0
22,9220,0.042002941779046336,0.2398631407757177,0.03897853457884049,0.679155382866394,25,30,0
22,9221,0.04200305124395156,0.23986314077569892,0.03898323469033136,0.6791505732900166,25,30,0
22,9222,0.04200284610992542,0.23986314077512463,0.03898095276144446,0.679153060353504,25,30,0
22,9223,0.05927122383916186,0.23986778586467733,0.02170789097643666,0.6791530993197231,25,30,0
22,9224,0.05934592741086102,0.23986778586842422,0.021708274956185485,0.6790780117645281,25,30,0
22,9225,0.05934599764358811,0.23986778586844237,0.021708274254708334,0.6790779422332597,25,30,0
22,9226,0.059348994550904415,0.23986778586846888,0.021708389972701594,0.6790748296079238,25,30,0
22,9227,0.0595958246791413,0.23918736618928102,0.022141978957109024,0.6790748301744673,25,30,0
22,9228,0.05958476475499393,0.23918736618919856,0.02214197273001417,0.6790858963257922,25,30,0
22,9229,0.059584763843085344,0.2391873661891981,0.022143593599517997,0.6790842763681973,25,30,0
22,9230,0.05959073799057282,0.23918736618918895,0.02214134246927365,0.6790805533509636,25,30,0
22,9231,0.0595938209132607,0.23918736618922443,0.021767559843703408,0.6794512530538106,25,30,0
22,9232,0.05962175245739876,0.2391873661894735,0.02176763690075874,0.679423244452368,25,30,0
22,9233,0.059617826197780485,0.23918736618950043,0.021765950358740512,0.6794288572539774,25,30,0
22,9234,0.059614757230371886,0.23918736618950887,0.021761330540308012,0.6794365460398101,25,30,0
22,9235,0.059614687658610784,0.23918736618949055,0.02176132846771955,0.6794366176841778,25,30,0
22,9236,0.059613827176948124,0.23918823028717445,0.021761324851617667,0.6794366176842584,25,30,0
22,9237,0.05936796041459107,0.23983567177347137,0.021359750689417936,0.6794366171225182,25,30,0
22,9238,0.025492552465573297,0.23983568133190122,0.0552351231235412,0.6794366430789845,25,30,0
22,9239,0.0254934109870299,0.23983568133191807,0.05523504286139489,0.6794358648196572,25,30,0
22,9240,0.025496407262985247,0.23983288239297468,0.05523484552200267,0.6794358648220374,25,30,0
22,9241,0.025499366993408615,0.2398328823929842,0.05523484623254889,0.6794329043810583,25,30,0
22,9242,0.025496370893075316,0.23983288239296668,0.05523484739261174,0.6794358993213462,25,30,0
22,9243,0.025492433104329127,0.2398366555605285,0.05523501201838428,0.6794358993167579,25,30,0
22,9244,0.025495360662084004,0.23986518746214908,0.055203552563644266,0.6794358993121226,25,30,0
22,9245,0.025499335258322806,0.2398651874621749,0.05520355399239038,0.6794319232871117,25,30,0
22,9246,0.025499389445637555,0.2398651874621924,0.055203553338558746,0.679431869753611,25,30,0
22,9247,0.025471473077622292,0.23986518746195287,0.05520347578462217,0.6794598636758025,25,30,0
22,9248,0.025471541661782816,0.2398651181982121,0.05520347646173707,0.6794598636782677,25,30,0
22,9249,0.025404805069667608,0.23986511819454545,0.055203098111857994,0.679526978623929,25,30,0
22,9250,0.025404857918022324,0.23986506554909792,0.05520309791367115,0.6795269786192085,25,30,0
22,9251,0.04623197130409856,0.23986041889705856,0.03438059696771898,0.6795270128311232,25,30,0
22,9252,0.04623191985944653,0.2398604188970501,0.03438059682964411,0.6795270644138589,25,30,0
22,9253,0.046229037902709574,0.23986041889703472,0.03438059617737796,0.6795299470228774,25,30,0
22,9254,0.04622907524572902,0.23986041889704396,0.03438059536088018,0.6795299104963468,25,30,0
22,9255,0.046229006420175016,0.23986041889702484,0.034380478072076386,0.6795300966107234,25,30,0
22,9256,0.046226083019416976,0.23814494915430762,0.03609887121537861,0.6795300966108965,25,30,0
22,9257,0.04594222717682098,0.23814495924373677,0.03638190330085969,0.6795309102785824,25,30,0
22,9258,0.04593924729293141,0.23814810603064443,0.036381736397883474,0.6795309102785403,25,30,0
22,9259,0.045939194668624686,0.23814810603057296,0.03638402479155871,0.6795286745092431,25,30,0
22,9260,0.04593813386040835,0.23814810603058084,0.036384023916343045,0.6795297361926673,25,30,0
22,9261,0.04593506804101075,0.23814810603056297,0.036384025150734065,0.6795328007776916,25,30,0
22,9262,0.04593506711471103,0.2381481060305627,0.03638394265267999,0.6795328842020457,25,30,0
22,9263,0.045935133558460246,0.23690944629174202,0.037622535619400176,0.679532884530397,25,30,0
22,9264,0.04593213769789447,0.23690944629172403,0.03762265167746234,0.6795357643329187,25,30,0
22,9265,0.04569869848234513,0.2369094462915893,0.03762016523621652,0.6797716899898486,25,30,0
22,9266,0.04570167700383826,0.2369094462915976,0.03762013096322463,0.679768745741339,25,30,0
22,9267,0.045700662567548817,0.23694209190171367,0.037588499794199356,0.6797687457365376,25,30,0
22,9268,0.04575952592627488,0.23688299109125022,0.037588737233819475,0.6797687457486548,25,30,0
22,9269,0.04575954188738539,0.23688299109125896,0.037588736428459064,0.6797687305928958,25,30,0
22,9270,0.04575659882102452,0.2368829910912591,0.03758865400001875,0.6797717560876968,25,30,0
22,9271,0.04575666703703577,0.23688299109126748,0.037586361045752914,0.6797739808259432,25,30,0
22,9272,0.04575365254525861,0.23688299109124888,0.03758624382277895,0.6797771125407127,25,30,0
22,9273,0.045760506054096754,0.23752534398592937,0.03693703773490151,0.6797771122250714,25,30,0
22,9274,0.04570861360381349,0.23757772840042704,0.03693654577575034,0.6797771122200083,25,30,0
22,9275,0.04570861359929713,0.23757772840042665,0.03693654828018604,0.6797771097200892,25,30,0
22,9276,0.04570262184817829,0.2375777284004265,0.03693651981221045,0.6797831299391839,25,30,0
22,9277,0.04569967847982112,0.2375777284004268,0.0369348979708584,0.6797876951488927,25,30,0
22,9278,0.04570286758229618,0.23757772840041086,0.036934898332586036,0.6797845056847058,25,30,0
22,9279,0.045699694446943905,0.23757772840044478,0.0369348988006962,0.6797876783519139,25,30,0
22,9280,0.04570263678526741,0.23757772840044428,0.036941502624509986,0.6797781321897769,25,30,0
22,9281,0.0457013824407629,0.2375777284004786,0.036941505043387744,0.6797793841153692,25,30,0
22,9282,0.045704345286444924,0.23757772840078734,0.03694818099838708,0.6797697453143793,25,30,0
22,9283,0.04570341975207458,0.237577728400762,0.03694817854575179,0.6797706733014104,25,30,0
22,9284,0.04570636145115598,0.2375777284007523,0.03694821801016279,0.6797676921379276,25,30,0
22,9285,0.04570650167181331,0.23757772840077074,0.03694830186086874,0.679767468066546,25,30,0
22,9286,0.0457067170081524,0.2375772245578045,0.03694859035981636,0.6797674680742256,25,30,0
22,9287,0.04569875004989254,0.23757722455772431,0.03694858403150326,0.6797754413608785,25,30,0
22,9288,0.04569875002675046,0.23757722455772426,0.036948583988847844,0.6797754414266768,25,30,0
22,9289,0.04570169388504937,0.23757722455773334,0.03694858610471902,0.6797724954524976,25,30,0
22,9290,0.04570181697033903,0.23757722455772537,0.036941982667074234,0.6797789758048607,25,30,0
22,9291,0.04570188685931619,0.23757722455774336,0.03694198396909467,0.6797789046138452,25,30,0
22,9292,0.04570489924646422,0.23757722455776117,0.03694198275103366,0.6797758934447405,25,30,0
22,9293,0.045703874870779995,0.23757722455776034,0.03694198059345488,0.6797769199780045,25,30,0
22,9294,0.045699963973247895,0.2381709077609875,0.03635220830034919,0.6797769199654152,25,30,0
22,9295,0.04569773920655029,0.23817090776098626,0.03635212667304833,0.6797792263594151,25,30,0
22,9296,0.04570061296883249,0.23817090776096844,0.03635212538308091,0.6797763538871182,25,30,0
22,9297,0.04570057990162304,0.23817090776094968,0.03635212402236822,0.679776388315059,25,30,0
22,9298,0.045705699371706016,0.23817090776152205,0.03635216726002934,0.6797712256067424,25,30,0
22,9299,0.04570550506904439,0.23988948232287688,0.034633787001279684,0.679771225606799,25,30,0
22,9300,0.04571163676437557,0.23988948232291357,0.03463849855170794,0.6797603823610029,25,30,0
22,9301,0.04570955317526235,0.23986916559874868,0.03466089885805526,0.6797603823679337,25,30,0
22,9302,0.039623397274944155,0.23986915605047693,0.04074709026196259,0.6797603564126175,25,30,0
22,9303,0.039623413330023026,0.23986915605047734,0.04074709333121313,0.6797603372882876,25,30,0
22,9304,0.039621383539131326,0.23986915605052087,0.040747096952600585,0.6797623634577483,25,30,0
22,9305,0.039620472466643006,0.23986915605050335,0.04074709475688373,0.6797632767259709,25,30,0
22,9306,0.03961640460184233,0.23987364386127005,0.04074667482561159,0.6797632767112772,25,30,0
22,9307,0.03961645508493397,0.23987364386126114,0.04074663464846809,0.6797632664053378,25,30,0
22,9308,0.03961657671769154,0.2398735351042571,0.04074662177302518,0.6797632664050272,25,30,0
22,9309,0.03961950408881381,0.23987353510424814,0.040746621147396,0.679760339659543,25,30,0
22,9310,0.03962248440816846,0.23987353510425705,0.04074662146078859,0.6797573590267869,25,30,0
22,9311,0.03962153259677274,0.23988916254078588,0.04073194584269533,0.679757359019747,25,30,0
22,9312,0.03962155010639362,0.23988916254082157,0.04073194940237875,0.6797573379504072,25,30,0
22,9313,0.03962148232872523,0.23988922148572983,0.04073195823518117,0.6797573379503647,25,30,0
22,9314,0.03962141312483005,0.23988922148571185,0.04073203988657595,0.6797573255028831,25,30,0
22,9315,0.039618316403010605,0.23946891482644989,0.04115544315314943,0.6797573256173917,25,30,0
22,9316,0.03961826578282243,0.23946891482645913,0.04116204629371353,0.6797507730970065,25,30,0
22,9317,0.039616232158986346,0.23946891482618526,0.04115537325220421,0.6797594797626257,25,30,0
22,9318,0.039616324380772935,0.23947641133850298,0.04114778451339607,0.6797594797673295,25,30,0
22,9319,0.039616218893962676,0.23947637727856352,0.04114792405299172,0.6797594797744836,25,30,0
22,9320,0.03961636379711051,0.23947637727856513,0.041147925876146664,0.6797593330481791,25,30,0
22,9321,0.039613367870063206,0.23947637727857404,0.04114792749832308,0.6797623273530411,25,30,0
22,9322,0.039610409139962874,0.239479466260551,0.04114779725138588,0.6797623273481015,25,30,0
22,9323,0.039614456612570674,0.23947946626059527,0.04114780140938488,0.6797582757174504,25,30,0
22,9324,0.03960646159587088,0.239479466260033,0.04115003877548602,0.6797640333686116,25,30,0
22,9325,0.03959936595745963,0.23947946625996203,0.04114532472674145,0.6797758430558382,25,30,0
22,9326,0.039599366587670985,0.23947946625996186,0.041145324680568904,0.6797758424717995,25,30,0
22,9327,0.039595335815725906,0.2394794662599265,0.041145323182020646,0.6797798747423281,25,30,0
22,9328,0.039602325676396315,0.23947946625997063,0.04114532638841064,0.6797728816752238,25,30,0
22,9329,0.0397231378556206,0.23947946626276384,0.04114565198500637,0.6796517438966105,25,30,0
22,9330,0.039724065548069926,0.23947853519240944,0.041145655355728866,0.6796517439037931,25,30,0
22,9331,0.039727896576009836,0.2394785351924515,0.041145684638872415,0.6796478835926676,25,30,0
22,9332,0.03972190465117136,0.23947853519243412,0.04114565638761984,0.6796539037687761,25,30,0
22,9333,0.039721905576133844,0.23947853519243423,0.04114565638215258,0.6796539028492807,25,30,0
22,9334,0.03972490327728964,0.23946794572310626,0.041153248155087294,0.6796539028445183,25,30,0
22,9335,0.039725011311350325,0.23946794572315025,0.041153366244720956,0.6796536767207797,25,30,0
22,9336,0.03973205440354432,0.2394679457231857,0.0411533448026275,0.6796466550706437,25,30,0
22,9337,0.03973115796044024,0.23946794572315142,0.041153341879135164,0.6796475544372743,25,30,0
22,9338,0.03973621132896899,0.2394679457242324,0.041153471821922104,0.6796423711248777,25,30,0
22,9339,0.039779244827283254,0.23941768095468652,0.0411607031000063,0.6796423711180242,25,30,0
22,9340,0.039779242681670414,0.2394175088633136,0.041160877336951146,0.6796423711180651,25,30,0
22,9341,0.03978125949332532,0.2394175088632873,0.04116087301868235,0.679640358624705,25,30,0
22,9342,0.03978327308052995,0.23941750886335034,0.04116748858908812,0.6796317294670318,25,30,0
22,9343,0.03977929604361828,0.23941750886331575,0.041167485630856177,0.67963570946221,25,30,0
22,9344,0.03977724758414998,0.23941750886331473,0.04116756702364022,0.6796376765288952,25,30,0
22,9345,0.039774214703627166,0.23941999840795042,0.04116811035961329,0.6796376765288085,25,30,0
22,9346,0.03977717618648452,0.23941999840792313,0.04116810880585338,0.6796347165997382,25,30,0
22,9347,0.039780207471316914,0.23941999840795933,0.04117038889417165,0.6796294052265515,25,30,0
22,9348,0.039775260293475674,0.23941999840686276,0.04117020053980283,0.6796345407598581,25,30,0
22,9349,0.03977249239299786,0.23941999840689956,0.04117020426730652,0.6796373049327953,25,30,0
22,9350,0.040459932034285,0.2394199984411858,0.04117291986518305,0.6789471496593454,25,30,0
22,9351,0.04046007537924348,0.2394199984416419,0.04116630330987468,0.6789536228692392,25,30,0
22,9352,0.03977172279559575,0.2394199984073295,0.04116350287505917,0.6796447759220149,25,30,0
22,9353,0.02385560609084231,0.23941998833935302,0.05708052654861377,0.6796438790211901,25,30,0
22,9354,0.023856533696983796,0.2394186927398356,0.05708089453923307,0.6796438790239467,25,30,0
22,9355,0.023856532753061252,0.2394186927398353,0.057080893124432694,0.6796438813826698,25,30,0
22,9356,0.023853536430784826,0.2394186927398262,0.05708089295391976,0.6796468778754685,25,30,0
22,9357,0.023851523111638837,0.2394186927398789,0.05708089728271488,0.6796488868657665,25,30,0
22,9358,0.02385146888649952,0.23941869273986105,0.0570807801277007,0.6796490582459378,25,30,0
22,9359,0.023848455757352074,0.2394186927398512,0.05708077934648451,0.6796520721563115,25,30,0
22,9360,0.02384850962065252,0.2394187899439483,0.05708062826934743,0.6796520721660511,25,30,0
22,9361,0.023848404537416296,0.23941878994393004,0.05707834877301542,0.679654456745638,25,30,0
22,9362,0.02379046635559417,0.23887460222467044,0.05768047468128451,0.6796544567384505,25,30,0
22,9363,0.023783317337181056,0.23887460222465065,0.05768047203152867,0.6796616084066391,25,30,0
22,9364,0.02378335429697054,0.2388746022246596,0.057680470975582813,0.6796615725027867,25,30,0
22,9365,0.023783264040362902,0.2388746022240968,0.05768046882250061,0.6796616649130393,25,30,0
22,9366,0.02378628083860842,0.23887460222410728,0.057680585466896916,0.6796585314703869,25,30,0
22,9367,0.02379433875671242,0.23887460222416887,0.057678309909999656,0.6796527491091185,25,30,0
22,9368,0.02379428617403539,0.23887460222415163,0.057678425513845506,0.679652686087967,25,30,0
22,9369,0.023794180406252637,0.23887460222417772,0.05767842639170495,0.6796527909778642,25,30,0
22,9370,0.02378308350005491,0.23887460221859777,0.057689523163837825,0.6796527911175113,25,30,0
22,9371,0.023783067450780623,0.2388746022185973,0.057689406741863944,0.6796529235887598,25,30,0
22,9372,0.023783136088336668,0.23887460221861495,0.057689406894815776,0.6796528547982337,25,30,0
22,9373,0.023659366667048577,0.23887460221581333,0.05768908010206288,0.679776951015076,25,30,0
22,9374,0.02366230945561524,0.238874602215813,0.05768910851912259,0.6797739798094494,25,30,0
22,9375,0.023662254343187757,0.23887460221580362,0.05768910892386849,0.6797740345171404,25,30,0
22,9376,0.023660240878708647,0.23887460221585585,0.0576890847402998,0.679776072165136,25,30,0
22,9377,0.023662305920356074,0.23887460221579435,0.05768908029798837,0.6797740115658614,25,30,0
22,9378,0.023665302888965546,0.23887460221580295,0.057689080473204146,0.6797710144220277,25,30,0
22,9379,0.023668283190235874,0.23887460221578677,0.05768920267608149,0.6797679119178962,25,30,0
22,9380,0.02367032841100788,0.237764565270398,0.058797194393528096,0.6797679119250668,25,30,0
22,9381,0.02366738167163599,0.23776456527039688,0.058797160944005986,0.6797708921139619,25,30,0
22,9382,0.023729107941761845,0.23776456527826706,0.0587352796916848,0.6797710470882877,25,30,0
22,9383,0.04031564150127077,0.23776456526091624,0.04214874629843033,0.6797710469393842,25,30,0
22,9384,0.0403824555113805,0.2377645652631223,0.042148851262169024,0.6797041279633295,25,30,0
22,9385,0.040382419395865614,0.2377645652632193,0.04214885972563802,0.6797041556152784,25,30,0
22,9386,0.04038249163512145,0.23776456526322007,0.042148860842450314,0.6797040822592096,25,30,0
22,9387,0.04038458208228344,0.23776289316834276,0.04214844249513063,0.6797040822542444,25,30,0
22,9388,0.04038371983068356,0.2377628931682991,0.04214843886324703,0.6797049481377714,25,30,0
22,9389,0.0403826837385741,0.23776289316833396,0.0421418383946939,0.6797125846983991,25,30,0
22,9390,0.04038564377279382,0.23776289316834337,0.04214192162584001,0.6797095414330236,25,30,0
22,9391,0.040385573551362644,0.23777070122964097,0.04213418378592859,0.6797095414330687,25,30,0
22,9392,0.03872466709736511,0.23777073340437124,0.04379504299266334,0.6797095565056013,25,30,0
22,9393,0.03872655875153141,0.23820255138101964,0.04336133347440537,0.6797095563930443,25,30,0
22,9394,0.038730412048000505,0.23820255138110738,0.043361379208789214,0.6797056573621036,25,30,0
22,9395,0.03873341762769771,0.23818889349701736,0.04337203151792761,0.6797056573573577,25,30,0
22,9396,0.03873259548993886,0.2381896649312465,0.04337208193990939,0.6797056576389054,25,30,0
22,9397,0.038732610600576874,0.23818966493125554,0.043372165049827105,0.6797055594183409,25,30,0
22,9398,0.038730528105782334,0.23990911018958486,0.041654802296206876,0.6797055594084259,25,30,0
22,9399,0.03868504106017259,0.23990911017714037,0.0417004444736958,0.6797054042889922,25,30,0
22,9400,0.039144141587909916,0.23990911017930064,0.04170069914500678,0.6792460490877835,25,30,0
22,9401,0.03914323055203936,0.23990911017928382,0.04170081282674601,0.6792468464419317,25,30,0
22,9402,0.03914844074990447,0.23865720157254366,0.042947511247284915,0.6792468464302678,25,30,0
22,9403,0.03915543062227223,0.23865720157258807,0.042947515591619814,0.6792398522135201,25,30,0
22,9404,0.03869944903774635,0.23865720157042822,0.04294725990648067,0.6796960894853449,25,30,0
22,9405,0.03870337632330305,0.23865720157046347,0.04321347632233243,0.6794259457839008,25,30,0
22,9406,0.03870637190267204,0.2386572015704633,0.043213360423530495,0.679423066103334,25,30,0
22,9407,0.03869934633956328,0.2386572015704106,0.043213356479240676,0.6794300956107854,25,30,0
22,9408,0.038699276573535495,0.23865720157040107,0.04321335629101584,0.6794301655650474,25,30,0
22,9409,0.03869939962539806,0.2386572015703934,0.04321335626428539,0.679430042539923,25,30,0
22,9410,0.038702395542438095,0.23865720157037604,0.043213273476331845,0.679427129410854,25,30,0
22,9411,0.03869947728110713,0.23865720157026163,0.04321488655942132,0.6794284345892102,25,30,0
22,9412,0.038697387822146434,0.23865887586683165,0.04321530171475603,0.6794284345962655,25,30,0
22,9413,0.038692178329631795,0.23991133578449336,0.041968051280368096,0.6794284346055064,25,30,0
22,9414,0.03869217704000956,0.23991188966443444,0.04196749869251791,0.6794284346030376,25,30,0
22,9415,0.03870227389574812,0.2399118896654705,0.04196919753849998,0.6794166389002809,25,30,0
22,9416,0.03870216978704663,0.23991188966549676,0.04196919990843877,0.6794167406390175,25,30,0
22,9417,0.03894480701045633,0.23991188966966995,0.042056476206826995,0.6790868271130464,25,30,0
22,9418,0.038947969866564895,0.23987781131078312,0.04208739170697238,0.679086827115679,25,30,0
22,9419,0.03894108690343555,0.23987781131070438,0.04208734727505143,0.6790937545108082,25,30,0
22,9420,0.03894408197543114,0.2398778113107131,0.04208734740571356,0.6790907593081418,25,30,0
22,9421,0.03887744601065545,0.2398778113085423,0.04208712180684767,0.679157620873954,25,30,0
22,9422,0.03887433519080537,0.23991199860682458,0.042056045331007014,0.6791576208713626,25,30,0
22,9423,0.038875173009434966,0.23991120179749564,0.04205600460325958,0.6791576205898092,25,30,0
22,9424,0.03887515702653404,0.23990387734295918,0.042063345040737214,0.6791576205897688,25,30,0
22,9425,0.03887729360620023,0.23990175309273284,0.042063332718312904,0.6791576205827529,25,30,0
22,9426,0.0388770653099047,0.23990175309270462,0.04206332915319589,0.6791578524441936,25,30,0
22,9427,0.03886507616352763,0.23990175309161693,0.042061626353733034,0.6791715443911213,25,30,0
22,9428,0.03862250383601884,0.23990175308745265,0.04197272935220289,0.6795030137243242,25,30,0
22,9429,0.03862365933932531,0.23990059793467974,0.041972728999119475,0.6795030137268739,25,30,0
22,9430,0.03861673677124963,0.2399005979346532,0.04170651270936727,0.6797761525847286,25,30,0
22,9431,0.038616722569420475,0.23990059793464436,0.0417064295185934,0.6797762499773404,25,30,0
22,9432,0.03861964884126577,0.23990059793462667,0.041706430936948265,0.6797733222871585,25,30,0
22,9433,0.03861966950152984,0.23990059793464547,0.04170642964679128,0.6797733029170326,25,30,0
22,9434,0.03861667473111708,0.23990059793463714,0.04170642953753578,0.6797762977967092,25,30,0
22,9435,0.03868441558313849,0.23990059793786864,0.04170674728486199,0.6797082391941305,25,30,0
22,9436,0.03861662063245425,0.23990059793465496,0.04170642981016587,0.6797763516227245,25,30,0
22,9437,0.03861973778737437,0.23990059793465504,0.041706546183163065,0.6797731180948071,25,30,0
22,9438,0.03861970999862795,0.23819382370387607,0.043413348207552625,0.6797731180899426,25,30,0
22,9439,0.03861975952314466,0.23819382370385792,0.04341334781542206,0.6797730689575746,25,30,0
22,9440,0.03861676542315972,0.23819382370388503,0.043419953672585256,0.6797694572003692,25,30,0
22,9441,0.03862072369319583,0.23819382370390269,0.04341995398961907,0.6797654986132816,25,30,0
22,9442,0.038621633845649546,0.23819382370389236,0.043419955088821155,0.6797645873616363,25,30,0
22,9443,0.038621511501250476,0.2381938237039008,0.05738474975045941,0.6657999150443881,25,30,0
22,9444,0.03861839368048721,0.23819382370390035,0.05738474925119705,0.6658030333644143,25,30,0
22,9445,0.03862854862755427,0.23815185534991076,0.057416562648179965,0.6658030333743541,25,30,0
22,9446,0.03862769057274469,0.238151855349894,0.0574099552397139,0.6658104988376465,25,30,0
22,9447,0.03863061640118059,0.23815185534987648,0.0574099559989774,0.6658075722499646,25,30,0
22,9448,0.03863063239416461,0.23815185534987676,0.057409956482053104,0.6658075557739046,25,30,0
22,9449,0.0386415460672117,0.23815185534994776,0.05740996260371341,0.665796635979126,25,30,0
22,9450,0.038645403893621144,0.23815185534998168,0.05740999604224286,0.6657927447141533,25,30,0
22,9451,0.03864232397211778,0.2381549345135593,0.05740999680016274,0.6657927447141592,25,30,0
22,9452,0.03864526701098317,0.23815972555418344,0.05740226272071614,0.665792744714116,25,30,0
22,9453,0.03864528462026455,0.2381597002913569,0.05740227037421943,0.6657927447141577,25,30,0
22,9454,0.03864321794227023,0.2398790644550549,0.055684972881586275,0.6657927447210872,25,30,0
22,9455,0.03864719380657005,0.23987906445508947,0.05568497377287257,0.6657887679654665,25,30,0
22,9456,0.038714941722395806,0.23987906445932716,0.055685222178512704,0.6657207716397633,25,30,0
22,9457,0.0387117258918481,0.23987906445929094,0.05586471567629519,0.6655444939725648,25,30,0
22,9458,0.0387146307659104,0.23987906445929,0.05586471342408447,0.6655415913507139,25,30,0
22,9459,0.03871263724275078,0.23987906445934357,0.05587132201991407,0.6655369762779904,25,30,0
22,9460,0.03870265313405355,0.2398790644593079,0.05587602139600898,0.6655422610106282,25,30,0
22,9461,0.03870571493654464,0.23987906445929932,0.05587602241400183,0.6655391981901527,25,30,0
22,9462,0.03870559650307139,0.23987906445930807,0.05587601993918901,0.6655393190984301,25,30,0
22,9463,0.03870846968550184,0.23987906445929885,0.055876135104697536,0.6655363307505001,25,30,0
22,9464,0.040118839890062326,0.2398790323716098,0.05446581203972288,0.6655363156986036,25,30,0
22,9465,0.04011982726695851,0.23987903237167987,0.05428632124609874,0.6657148191152615,25,30,0
22,9466,0.040119823829789875,0.23987903237167965,0.05428632120553274,0.6657148225929963,25,30,0
22,9467,0.04011889647889804,0.23988013782553794,0.054286143109366726,0.6657148225861959,25,30,0
22,9468,0.04005116514886777,0.23988013782130968,0.05428589542822829,0.6657828016015928,25,30,0
22,9469,0.040051413152015505,0.23988013782129408,0.054285815266582535,0.6657826337601065,25,30,0
22,9470,0.04004339687454304,0.23989756406705084,0.0542764053129563,0.6657826337454484,25,30,0
22,9471,0.04003945500706526,0.23989756406703378,0.054276405675030934,0.6657865752508687,25,30,0
22,9472,0.04004042003846199,0.23989756406707774,0.05427640830681566,0.6657856075876433,25,30,0
22,9473,0.04004046949906932,0.2398975640670688,0.05427640815678727,0.6657855582770733,25,30,0
22,9474,0.04003954083846199,0.23989756406702484,0.05427643294493553,0.6657864621495765,25,30,0
22,9475,0.040047527841477276,0.2399042092707753,0.054261800726058594,0.6657864621616875,25,30,0
22,9476,0.04005078665943231,0.23990420927082987,0.05426180366279526,0.6657832004069416,25,30,0
22,9477,0.04004870470371181,0.239905903285819,0.05426219159157638,0.6657832004188918,25,30,0
22,9478,0.04005562387916092,0.2398989352026989,0.0542622404948276,0.6657832004233115,25,30,0
22,9479,0.040057691751591185,0.23989893520265507,0.054257535557795646,0.6657858374879569,25,30,0
22,9480,0.04005478366887609,0.2398989352026548,0.05425753345073076,0.6657887476777372,25,30,0
22,9481,0.04005385320828765,0.23989893520263755,0.054250927979745726,0.6657962836093282,25,30,0
22,9482,0.040053800549203086,0.23989893520261113,0.05425092684309603,0.6657963374050891,25,30,0
22,9483,0.04011048056391665,0.23984982519702416,0.05424335652751097,0.6657963377115474,25,30,0
22,9484,0.04011041041556081,0.23984982519699724,0.0542433275903367,0.6657964367971044,25,30,0
22,9485,0.040045689328148455,0.23991474961036158,0.05424312457819498,0.6657964364832941,25,30,0
22,9486,0.04004570946411304,0.2399147496103693,0.05424315827625356,0.6657963826492633,25,30,0
22,9487,0.0400487037666072,0.23991474961036083,0.054243123460518544,0.6657934231625126,25,30,0
22,9488,0.040045760974901715,0.2399147496103616,0.05424300767048991,0.6657964817442459,25,30,0
22,9489,0.040045639650342205,0.23991474961033504,0.0542430076466217,0.6657966030927003,25,30,0
22,9490,0.040061707308560006,0.2399147496145548,0.05424479182728136,0.6657787512496028,25,30,0
22,9491,0.04006177624721771,0.2399147496145728,0.054244793679279285,0.6657786804589293,25,30,0
22,9492,0.0403013034818168,0.23991474961571954,0.05424492690037585,0.665539020002087,25,30,0
22,9493,0.040301407614463026,0.23991451659293553,0.054245055790513266,0.6655390200020872,25,30,0
22,9494,0.040298694334394494,0.23991451659295454,0.04028014677623693,0.6795066422964134,25,30,0
22,9495,0.04029471374566512,0.2399145165929286,0.04028011290138247,0.6795106567600234,25,30,0
22,9496,0.04029159658903078,0.23991721783917394,0.04028052881181318,0.6795106567599817,25,30,0
22,9497,0.040291719473097454,0.23991721783919243,0.04028055665212731,0.6795105060355823,25,30,0
22,9498,0.04028775951730318,0.2399212040416159,0.04028053041012683,0.6795105060309539,25,30,0
22,9499,0.04028475599000854,0.2399212040416436,0.04028064573722965,0.6795133942311178,25,30,0
22,9500,0.04028176062649267,0.2399212040416348,0.040280645560372176,0.6795163897714999,25,30,0
22,9501,0.04028471870611473,0.2399182448740965,0.04028064664842059,0.679516389771367,25,30,0
22,9502,0.04029081627803365,0.23991824487416083,0.04028070372704623,0.679510235120758,25,30,0
22,9503,0.040290747336607355,0.23991824487414312,0.040280731330278714,0.6795102764589697,25,30,0
22,9504,0.0402944600332047,0.23991824487417673,0.04028073327307349,0.6795065618195437,25,30,0
22,9505,0.04029352918259499,0.23988810165999527,0.04031180734755492,0.6795065618098536,25,30,0
22,9506,0.04029652460275753,0.23988810166000352,0.04031180602040372,0.6795035677168343,25,30,0
22,9507,0.04029261637657583,0.23988810165998614,0.04031180179649806,0.679507480166939,25,30,0
22,9508,0.040298753734419976,0.23988810166009522,0.04031178411220064,0.679501360493283,25,30,0
22,9509,0.04029178249023122,0.23988810166005206,0.040311781044181816,0.679508334805534,25,30,0
22,9510,0.04029848278683053,0.23988810166001304,0.04031174783246619,0.6795016677206892,25,30,0
22,9511,0.04030131879418206,0.2398881016599855,0.040311746307002204,0.6794988332388292,25,30,0
22,9512,0.04029827048029984,0.2398911466721308,0.040311749613497525,0.6794988332340705,25,30,0
22,9513,0.04029826983572428,0.239891146672131,0.04031174964858504,0.6794988338435585,25,30,0
22,9514,0.040305189647924795,0.23991569541703683,0.040280281086679554,0.6794988338483574,25,30,0
22,9515,0.040298234306766136,0.23991569541699354,0.04028247544794469,0.6795035948282944,25,30,0
22,9516,0.040296167243864284,0.23991569541701083,0.040289082921293344,0.6794990544178304,25,30,0
22,9517,0.040294103217893354,0.23991569541707233,0.04028908733985577,0.6795011140251777,25,30,0
22,9518,0.04029320864812351,0.23991569541705587,0.0402890856863092,0.6795020102485103,25,30,0
22,9519,0.040293325138062414,0.23990471902599605,0.040299945587348146,0.6795020102485924,25,30,0
22,9520,0.04029329015521641,0.23990471902597682,0.04029994417469327,0.6795020466441124,25,30,0
22,9521,0.04029315431589684,0.2399047190259495,0.040306518697506295,0.6794956079606465,25,30,0
22,9522,0.04029304936245857,0.23990482840867583,0.04030651427306761,0.6794956079557973,25,30,0
22,9523,0.040289213724631255,0.23990827222416353,0.04030690609519384,0.6794956079560107,25,30,0
22,9524,0.040049666806011006,0.2399082722229733,0.040306772310653244,0.6797352886603619,25,30,0
22,9525,0.04143025618863403,0.23990827230868836,0.03892611446212934,0.6797353570405481,25,30,0
22,9526,0.041423306715212604,0.23990827230861878,0.03892841298814646,0.679740007988022,25,30,0
22,9527,0.04140418990170302,0.23990827230439904,0.03892890704312128,0.6797586307507767,25,30,0
22,9528,0.04164129839558825,0.2396707725153199,0.0389292980470475,0.6797586310420444,25,30,0
22,9529,0.041650474126336094,0.23967077251647054,0.03892939204051561,0.6797493613166777,25,30,0
22,9530,0.01704517727968965,0.23967163505660616,0.06353356557251276,0.6797496220911928,25,30,0
22,9531,0.01680798175181093,0.23990961664320826,0.06353277981241068,0.6797496217925715,25,30,0
22,9532,0.016808032883350255,0.23990961664321653,0.06353277987021116,0.6797495706032233,25,30,0
22,9533,0.016805036972725028,0.23990961664322527,0.06353286253936835,0.6797524838446826,25,30,0
22,9534,0.01680191885670224,0.2399096166432248,0.06353294448904505,0.679755520011029,25,30,0
22,9535,0.016803932181866932,0.23990961664317226,0.06353294074559332,0.6797535104293684,25,30,0
22,9536,0.016862744460500095,0.23985067469115123,0.06353307040937345,0.6797535104389761,25,30,0
22,9537,0.016861583527899075,0.23985067469113144,0.06353076489722731,0.6797569768837433,25,30,0
22,9538,0.016805821994814948,0.23990655969105326,0.06353064143515225,0.6797569768789806,25,30,0
22,9539,0.016809800135663425,0.23990655969107952,0.06353064595373044,0.6797529942195277,25,30,0
22,9540,0.01680287996332428,0.23990655969105495,0.06353072357684583,0.679759836768776,25,30,0
22,9541,0.04172725129113955,0.23990569709349724,0.0386074757869171,0.6797595758284461,25,30,0
22,9542,0.041728164893904705,0.23990569709348616,0.0386075384498423,0.679758599562767,25,30,0
22,9543,0.04172990295206592,0.23990569709242215,0.03860744857330161,0.6797569513822106,25,30,0
22,9544,0.04172990751445777,0.23990569709242593,0.03860757188834923,0.6797568235047671,25,30,0
22,9545,0.04173285028024074,0.2399056970924256,0.03860752931184252,0.679753923315491,25,30,0
22,9546,0.04173581077930244,0.23990569709244233,0.03860744805510151,0.6797510440731536,25,30,0
22,9547,0.041738805872605915,0.23990325408348878,0.03860689596832625,0.6797510440755786,25,30,0
22,9548,0.0020019160100622256,0.23990325410514202,0.07834346467464035,0.6797513652101554,25,30,0
22,9549,0.001998902316060407,0.239906269042231,0.07834346343873455,0.679751365202974,25,30,0
22,9550,0.0019989032392015876,0.23990626904223156,0.07834346549452813,0.6797513622240384,25,30,0
22,9551,0.001995958982580329,0.23990626904223128,0.0783434654771225,0.6797543064980656,25,30,0
22,9552,0.0019959062473414602,0.2399062690422492,0.07834346530562473,0.679754359404784,25,30,0
22,9553,0.0019989723225315383,0.2399062690422675,0.07834338367605437,0.6797513749591463,25,30,0
22,9554,0.0019960292767195052,0.2399062690422683,0.07834334376871444,0.6797543579122975,25,30,0
22,9555,0.0020628505924708235,0.23990626904445964,0.07834353197613027,0.6796873483869388,25,30,0
22,9556,0.002063688447671567,0.2399062690443859,0.07834352430912794,0.679686518198814,25,30,0
22,9557,0.0020558435287933567,0.239906269044298,0.07834360150331776,0.6796942859235904,25,30,0
22,9558,0.00205284883568008,0.2399062690443156,0.07834360479474631,0.6796972773252575,25,30,0
22,9559,0.0020529184613311637,0.2399062690443245,0.07834360344022591,0.679697209054118,25,30,0
22,9560,0.0020528894225323242,0.23990626904434398,0.07834579974482996,0.6796950417882934,25,30,0
22,9561,0.00204989314251109,0.2399062690443349,0.07834579955272568,0.679698038260428,25,30,0
22,9562,0.00204683521244633,0.23991979266322003,0.07833533386159985,0.6796980382627331,25,30,0
22,9563,0.0020498314926315885,0.23991979266323013,0.0783330556094179,0.6796973202347197,25,30,0
22,9564,0.002049792156445884,0.23991979266322055,0.07833293903546527,0.679697476144868,25,30,0
22,9565,0.002049793081468755,0.23991979266322022,0.07833293901675736,0.6796974752385531,25,30,0
22,9566,0.0020467554554935473,0.23991979266320926,0.0783306597936919,0.6797027920876049,25,30,0
22,9567,0.0020468933710614916,0.23991979266322805,0.07833066164719264,0.6797026523185175,25,30,0
22,9568,0.0020478361716658572,0.2399197926632809,0.07832406237112884,0.6797083087939241,25,30,0
22,9569,0.002051813334243561,0.23991979266334146,0.07832406881051425,0.6797043251919004,25,30,0
22,9570,0.0018060763708031933,0.23991979263582927,0.07857012475896509,0.679704006234403,25,30,0
22,9571,0.0018010833495760254,0.23991979263586527,0.07857012789039046,0.6797089961241687,25,30,0
22,9572,0.0003891832326044953,0.23991979255071322,0.07998209646327936,0.6797089277534054,25,30,0
22,9573,0.00038944516140204715,0.23991979255070614,0.07998209949210237,0.6797086627957917,25,30,0
22,9574,0.0004475636987531893,0.23986157222734886,0.07998220126333344,0.6797086628105669,25,30,0
22,9575,0.00044849102397094624,0.23986157222737464,0.07998220415369733,0.6797077325949591,25,30,0
22,9576,0.0004462134187106666,0.2398615722274166,0.0799822036554072,0.6797100106984676,25,30,0
22,9577,0.0004464267117538604,0.2381434968630033,0.08170006572889257,0.6797100106963474,25,30,0
22,9578,0.0004503882498823672,0.23813992824084676,0.08169967280833274,0.6797100107009351,25,30,0
22,9579,0.00044952987361534456,0.23813992824083863,0.08169967119471616,0.6797108706908268,25,30,0
22,9580,0.00045054765572716054,0.23813992824076838,0.08169974758774697,0.6797097765157543,25,30,0
22,9581,0.00039241313628617927,0.23819816507450955,0.0816996452883069,0.6797097765008941,25,30,0
22,9582,0.0003954251984645154,0.23819515221931448,0.08169964607652296,0.6797097765056948,25,30,0
22,9583,0.0003975417217138841,0.2381951521913204,0.08169753204952337,0.6797097740374392,25,30,0
22,9584,0.0003967358386777734,0.23819515219131226,0.08169095378026298,0.6797171581897439,25,30,0
22,9585,0.0013628064029524594,0.238195152205312,0.0807248652941771,0.6797171760975554,25,30,0
22,9586,0.001362998698363474,0.23819515220530435,0.08072482376723229,0.6797170253290971,25,30,0
22,9587,0.0013617886561587023,0.23819515220538207,0.08072478886864623,0.67971827026981,25,30,0
22,9588,0.0013597375578468243,0.23819719988641122,0.08072479228104042,0.6797182702746976,25,30,0
22,9589,0.0013558818093947391,0.23819719988634117,0.08072478567938057,0.6797221326248801,25,30,0
22,9590,0.0013558151620642169,0.23819719988633373,0.08072478794239389,0.6797221970092048,25,30,0
22,9591,0.0013588452007082183,0.23819719988641516,0.0807247930335714,0.6797191618793021,25,30,0
22,9592,0.0013551116792058294,0.23819719988795954,0.08072479735614074,0.6797228910766914,25,30,0
22,9593,0.001357230601210564,0.2381971998878982,0.08072482043520876,0.6797207490756803,25,30,0
22,9594,0.001590505706316431,0.23796288504676227,0.0807258598564643,0.6797207493904548,25,30,0
22,9595,0.0015973562635978648,0.2379628850467971,0.08072586281858017,0.679713895871023,25,30,0
22,9596,0.001594238565604131,0.23796288504679652,0.0807259497005315,0.6797169266870661,25,30,0
22,9597,0.0018297633551952951,0.23796288505853372,0.08049042460252513,0.6797169269837434,25,30,0
22,9598,0.0018297477777282974,0.23796235636851598,0.08049096887481225,0.6797169269789414,25,30,0
22,9599,0.0018297137461661395,0.23796235636844326,0.08049096393956795,0.6797169659458205,25,30,0
22,9600,0.0018326963527053326,0.23796235636845206,0.08058094713677995,0.6796240001420606,25,30,0
22,9601,0.001899561907667468,0.23796235637161242,0.08048889563517453,0.6796491860855434,25,30,0
22,9602,0.0018995776343090198,0.23796194740335086,0.0804892888768023,0.6796491860855356,25,30,0
22,9603,0.0019005040176230217,0.23796194740335047,0.0804892892983006,0.6796482592807236,25,30,0
22,9604,0.0018975631635589937,0.23796194740335141,0.08048928937846575,0.6796512000546215,25,30,0
22,9605,0.0018966680917401177,0.23796194740335289,0.08048928896446186,0.6796520955404433,25,30,0
22,9606,0.001898650676714115,0.237960344448493,0.08048890932701826,0.6796520955477726,25,30,0
22,9607,0.001894673236575907,0.23796433196325711,0.0804888992547703,0.6796520955453944,25,30,0
22,9608,0.0018946904383677287,0.23796433196325745,0.08048882591102409,0.6796521516873486,25,30,0
22,9609,0.0018914829552496098,0.23968525414585914,0.07877111121171755,0.6796521516871726,25,30,0
22,9610,0.0016581929865347167,0.23990872212560668,0.07878093351502459,0.679652151372833,25,30,0
22,9611,0.0016562421218699647,0.23991067007755376,0.07878093643737466,0.6796521513632007,25,30,0
22,9612,0.0016552435411305644,0.23991067007750932,0.07878104906511707,0.6796530373162423,25,30,0
22,9613,0.0016553111930921666,0.23991059555892189,0.07878105593404268,0.6796530373139426,25,30,0
22,9614,0.03967170568176198,0.23991060053039528,0.040764672479770316,0.6796530213080726,25,30,0
22,9615,0.03967265264308439,0.23991060053042268,0.04076467605117756,0.6796520707753153,25,30,0
22,9616,0.039672722578441316,0.23991060053043708,0.04089418660431909,0.6795224902868026,25,30,0
22,9617,0.03967473718607608,0.2399106005304196,0.040894182911405466,0.6795204793720988,25,30,0
22,9618,0.039677646069371277,0.23991060053038316,0.04089418029360601,0.6795175731066396,25,30,0
22,9619,0.039680626363075525,0.23991060053039195,0.04089413791791621,0.6795146351886163,25,30,0
22,9620,0.03968448087548654,0.2399106005304442,0.04089414118792411,0.6795107774061451,25,30,0
22,9621,0.03968129021409778,0.23991060052886598,0.04089413749220891,0.679513971764827,25,30,0
22,9622,0.039683249049545365,0.23991060052892807,0.04089414650264042,0.6795120039188854,25,30,0
22,9623,0.03968324555018003,0.2399106005289262,0.040894142108245754,0.6795120118126468,25,30,0
22,9624,0.03968452761878448,0.2399106005294472,0.04089415946815154,0.6795107123836154,25,30,0
22,9625,0.03968452916085774,0.23991060052944813,0.04089427537038404,0.6795105949393087,25,30,0
22,9626,0.03968056932171781,0.23991060052941343,0.040894273120909076,0.6795145570279584,25,30,0
22,9627,0.0396833548311398,0.2399106005294784,0.040764771263324874,0.6796412733760558,25,30,0
22,9628,0.03968235642649902,0.2399106005294426,0.040764769638465835,0.6796422734055916,25,30,0
22,9629,0.03962345715037744,0.23991060052635252,0.0407646800101129,0.6797012623131561,25,30,0
22,9630,0.03962349273112096,0.23991060052633517,0.0407646785468711,0.6797012281956715,25,30,0
22,9631,0.03962636737338678,0.23991060052632612,0.040766300420522476,0.6796967316797635,25,30,0
22,9632,0.03961852087252332,0.2399106005262478,0.04076617896490684,0.6797046996363209,25,30,0
22,9633,0.03962152034745799,0.23990774842321702,0.040766031590788884,0.6797046996385352,25,30,0
22,9634,0.03962161304614375,0.23990774842324497,0.040768310935977346,0.679702327594633,25,30,0
22,9635,0.039852143425079645,0.23967698377848343,0.04076854519425626,0.6797023276021799,25,30,0
22,9636,0.039854947866194784,0.2396769837784655,0.04076851531753861,0.6796995530378007,25,30,0
22,9637,0.03985198415050161,0.23969080886505317,0.04075765395170653,0.6796995530327382,25,30,0
22,9638,0.039907984534281925,0.23969080886511737,0.04075775937122003,0.6796434472293802,25,30,0
22,9639,0.039904773173374035,0.2396908088650886,0.04075559604278825,0.6796488219187486,25,30,0
22,9640,0.039904704566481895,0.2396908777477861,0.040755595764644735,0.6796488219210869,25,30,0
22,9641,0.039902693999129976,0.2396908777477242,0.040755586593207625,0.6796508416599377,25,30,0
22,9642,0.039903641454847164,0.23968992831736177,0.04075558856088475,0.6796508416669059,25,30,0
22,9643,0.03990271306921242,0.2396899283173355,0.040755552325977856,0.6796518062874738,25,30,0
22,9644,0.04080868080183888,0.23968992507017833,0.03984958927654557,0.6796518048514362,25,30,0
22,9645,0.04080876043668492,0.23968992507018844,0.039854209460917354,0.6796471050322084,25,30,0
22,9646,0.04075074383571928,0.23968992507015893,0.03985410772619093,0.6797052233679299,25,30,0
22,9647,0.04075367719682,0.23968992507015838,0.03984940716803116,0.6797069905649896,25,30,0
22,9648,0.04075271287838739,0.23969089176227867,0.03984940480123092,0.6797069905581021,25,30,0
22,9649,0.04075068207568497,0.23969089176230493,0.03984943487769238,0.6797089912843165,25,30,0
22,9650,0.040752683908637524,0.23968873364599758,0.03984959116111904,0.6797089912842447,25,30,0
22,9651,0.040756608994823064,0.23968873364602308,0.039849594139607404,0.6797050632195453,25,30,0
22,9652,0.06524240597453573,0.23968886881506088,0.015363661946337141,0.6797050632640649,25,30,0
22,9653,0.06528419885787733,0.23968886973849415,0.015321841724817068,0.6797050896788102,25,30,0
22,9654,0.06528425178762691,0.23968886973848508,0.015320249555317238,0.6797066289185695,25,30,0
22,9655,0.06528432002138312,0.2396888697385023,0.015320134937022285,0.6797066753030913,25,30,0
22,9656,0.06535406588463158,0.2396194104245936,0.015319847961770485,0.6797066757290033,25,30,0
22,9657,0.06535707496129478,0.2396194104246026,0.015449326618954904,0.6795741879951467,25,30,0
22,9658,0.0653610509204803,0.23961530339157952,0.01544945768552358,0.6795741880024155,25,30,0
22,9659,0.06295298078538519,0.23961530073051157,0.017857557255766935,0.6795741612283354,25,30,0
22,9660,0.06295299420657449,0.23961583165782788,0.017857012907304726,0.6795741612282914,25,30,0
22,9661,0.06295861258930527,0.23961583165731493,0.01785699658077093,0.6795685591726074,25,30,0
22,9662,0.06295554839065173,0.23961583165732683,0.03182295134771099,0.6656056686043094,25,30,0
22,9663,0.06294862592989828,0.23961583165730072,0.03182294848136709,0.6656125939314329,25,30,0
22,9664,0.06340635909513673,0.23961583165746858,0.0318232271627274,0.6651545820846663,25,30,0
22,9665,0.06340250504417491,0.23961583165741712,0.03182322396414146,0.6651584393342651,25,30,0
22,9666,0.06340245174341892,0.23961583165743444,0.03182334009222912,0.6651583765069159,25,30,0
22,9667,0.06339947173228903,0.23961583165742567,0.031823340501760604,0.6651613561085231,25,30,0
22,9668,0.06339656331464721,0.23961583165733774,0.03182333262509097,0.6651642724029229,25,30,0
22,9669,0.06335102574447307,0.2396201767649973,0.03186427548921335,0.6651645220013152,25,30,0
22,9670,0.06289625366472032,0.23962017676484582,0.03186399659737929,0.6656195729730534,25,30,0
22,9671,0.0628971784272025,0.23962017676488512,0.031863909957861966,0.6656187348500495,25,30,0
22,9672,0.06289118907468765,0.23962574789487603,0.0318643281853121,0.6656187348451233,25,30,0
22,9673,0.06290222425471377,0.23962574789496455,0.03186433304043135,0.6656076948098893,25,30,0
22,9674,0.0629002095205881,0.23962574789498128,0.03173485944567383,0.6657391831387559,25,30,0
22,9675,0.06289724842991559,0.23962574789496505,0.03173485759189046,0.665742146083228,25,30,0
22,9676,0.06289719640928676,0.23962574789497362,0.03173482718872955,0.6657422285070091,25,30,0
22,9677,0.0628955575523985,0.23962574789499447,0.031734925785668965,0.6657437687669375,25,30,0
22,9678,0.06289555962754535,0.23962574789499427,0.03173492577072156,0.6657437667067382,25,30,0
22,9679,0.06289645354441259,0.23962447726541744,0.031735302478454755,0.6657437667117146,25,30,0
22,9680,0.06289812794086062,0.23962447726537894,0.03173520298735327,0.6657421918064066,25,30,0
22,9681,0.06290117464562114,0.2396244772654576,0.0177693732401756,0.6797049748487453,25,30,0
22,9682,0.06268277505688563,0.23812576556959145,0.019486484519755418,0.6797049748537667,25,30,0
22,9683,0.06268582753529638,0.23812213502731353,0.019487062578951473,0.6797049748584381,25,30,0
22,9684,0.0626899393259584,0.23812213502734308,0.01948706588154121,0.6797008597651566,25,30,0
22,9685,0.06268988739530224,0.2381221350273517,0.019487066063877286,0.6797009115134682,25,30,0
22,9686,0.06268895877731874,0.2381221350273079,0.019487029394603294,0.6797018768007693,25,30,0
22,9687,0.0626221374245651,0.23812213502511662,0.01948688119526398,0.6797688463550537,25,30,0
22,9688,0.06261416804652958,0.2381221350250461,0.0194868765722943,0.6797768203561292,25,30,0
22,9689,0.0626103143418275,0.2381221350250026,0.01948687399168989,0.6797806766414791,25,30,0
22,9690,0.06259521705571411,0.23985402466374173,0.01777008165372058,0.6797806766268227,25,30,0
22,9691,0.06252548647856573,0.23992400921331133,0.017769828111975135,0.6797806761961465,25,30,0
22,9692,0.06252245829291503,0.23992400921329426,0.01776982773672532,0.6797837047570642,25,30,0
22,9693,0.06252351737153435,0.2399240092133487,0.01776983294516238,0.6797826404699535,25,30,0
22,9694,0.06252151893191621,0.23992400921340185,0.017769838725112636,0.6797846331295679,25,30,0
22,9695,0.06252451597550215,0.2399240092134105,0.0177697243428579,0.6797817504682281,25,30,0
22,9696,0.06252360568797156,0.2399240092133761,0.017769693233136576,0.6797826918655148,25,30,0
22,9697,0.0625205760055107,0.2399270513228089,0.01776968080616744,0.6797826918655119,25,30,0
22,9698,0.0663500292660125,0.23992265538962967,0.013943257491201299,0.6797840578531553,25,30,0
22,9699,0.06634602593760877,0.2399226553895753,0.013943252262528308,0.6797880664102864,25,30,0
22,9700,0.066348969224075,0.239922655389576,0.013943320973339708,0.6797850544130081,25,30,0
22,9701,0.06634897020278632,0.239922655389576,0.013943280979747672,0.6797850934278888,25,30,0
22,9702,0.06681198865680124,0.23992265539174326,0.013948210930265253,0.6793171450211891,25,30,0
22,9703,0.06681407251022393,0.23992265539172652,0.01394832442450023,0.679314947673549,25,30,0
22,9704,0.06681712015756192,0.23992265539171767,0.013948324970584975,0.6793118994801353,25,30,0
22,9705,0.06682318158605735,0.23989458341069958,0.013970335523406123,0.6793118994798367,25,30,0
22,9706,0.06682412493058563,0.2398945834107248,0.013977072845727623,0.6793042188129617,25,30,0
22,9707,0.06682824919773103,0.2398904550212123,0.013977076960936355,0.6793042188201202,25,30,0
22,9708,0.06683138510982711,0.2398904550212048,0.01397707994196608,0.6793010799270018,25,30,0
22,9709,0.0668354310638522,0.23989045502126632,0.013981745051791134,0.6792923688630901,25,30,0
22,9710,0.06683757135443608,0.2398904550212318,0.013975008201685124,0.6792969654226468,25,30,0
22,9711,0.06683783329662854,0.23989033266925003,0.013974868606578714,0.6792969654275426,25,30,0
22,9712,0.06683783134707033,0.23989033266925003,0.013974868505259832,0.6792969674784198,25,30,0
22,9713,0.06707810975555634,0.23989033267139528,0.013975056828586548,0.6790565007444616,25,30,0
22,9714,0.0785024338213651,0.23989024831742217,0.0025524242960725625,0.6790548935651399,25,30,0
22,9715,0.0785023811995143,0.23989024831740494,0.0025524225750290425,0.6790549479080517,25,30,0
22,9716,0.07850225949417464,0.2398902483174129,0.002552421653647597,0.6790550705347647,25,30,0
22,9717,0.07803924298974511,0.2398902483152532,0.002547606072432946,0.6795229026225686,25,30,0
22,9718,0.07803220166111542,0.23991969673415817,0.002525198986876414,0.67952290261785,25,30,0
22,9719,0.07779190635942206,0.23991969673199484,0.002525008388292777,0.6797633885202903,25,30,0
22,9720,0.0777919226567851,0.23991969673200422,0.00252489319653003,0.6797634874146806,25,30,0
22,9721,0.07778807065746304,0.23991969673193403,0.002520215790099683,0.6797720168205033,25,30,0
22,9722,0.07779106625989028,0.2399196967319424,0.0025225085759823,0.679766728432185,25,30,0
22,9723,0.07778696417342724,0.23992435421239997,0.002521953189272118,0.6797667284249007,25,30,0
22,9724,0.07778996017054302,0.23992135494313904,0.0025219564591171056,0.6797667284272009,25,30,0
22,9725,0.077788962422031,0.23992135494310354,0.0025219513562852736,0.6797677312785803,25,30,0
22,9726,0.04993592207074467,0.2399213575286284,0.030374886781032947,0.6797678336195944,25,30,0
22,9727,0.049935939000393496,0.2399213575286376,0.030374887443850924,0.6797678160271182,25,30,0
22,9728,0.049936936199206486,0.2399199636296853,0.03037528413927185,0.6797678160318367,25,30,0
22,9729,0.052388448398822375,0.23991996363397136,0.02792377203114536,0.6797678159360611,25,30,0
22,9730,0.05238531151291834,0.23991996363397888,0.027923771067300946,0.6797709537858019,25,30,0
22,9731,0.04089134689574011,0.23991996104980448,0.0394178490598309,0.6797708429946248,25,30,0
22,9732,0.017632618709084967,0.2399199946969991,0.06267632188224793,0.6797710647116715,25,30,0
22,9733,0.017629607442245045,0.2399199946969808,0.06267565083217176,0.6797747470286056,25,30,0
22,9734,0.01762943271557928,0.239919994697025,0.06267559706200565,0.6797749755253935,25,30,0
22,9735,0.017687741932977695,0.23991999469716238,0.06267582240050477,0.6797164409693582,25,30,0
22,9736,0.01768471085703629,0.23991999469714528,0.06267570727081752,0.6797195871750045,25,30,0
22,9737,0.017687690222554085,0.23991999469715455,0.06267570902027784,0.6797166060600169,25,30,0
22,9738,0.01768984226924051,0.23991839057791434,0.06267516109028591,0.6797166060625617,25,30,0
22,9739,0.017686774316648314,0.23991839057792272,0.06267515965799458,0.6797196754474365,25,30,0
22,9740,0.017683626470528672,0.23991839057792763,0.06267515878933776,0.6797228241622078,25,30,0
22,9741,0.017683625122007156,0.2399183905779284,0.06267527408381737,0.6797227102162486,25,30,0
22,9742,0.0013570638308552155,0.2399183816708409,0.07900206536212115,0.6797224891361848,25,30,0
22,9743,0.0013562590512653239,0.239918381670807,0.07926831953933615,0.6794570397385933,25,30,0
22,9744,0.0013561690067780698,0.23991838167081564,0.07900206170338878,0.6797233876190192,25,30,0
22,9745,0.0013534045865746496,0.23991838167074472,0.0790042151175451,0.6797239986251371,25,30,0
22,9746,0.0013513197856788988,0.23991838167075336,0.07900410082503263,0.6797261977185367,25,30,0
22,9747,0.0013543164021664598,0.2399183816707448,0.0790069196958015,0.6797203822312886,25,30,0
22,9748,0.0013543343792897144,0.2399183816707623,0.07900697439496054,0.679720309554989,25,30,0
22,9749,0.0013562563677842513,0.23991645580603077,0.07900697826176457,0.6797203095644221,25,30,0
22,9750,0.0013583252113071947,0.2399164558059954,0.07900697527089279,0.6797182437118061,25,30,0
22,9751,0.0016015501022539598,0.23991645581119023,0.07900730557225724,0.6794746885142999,25,30,0
22,9752,0.0015996593276015425,0.23991645581122717,0.07900730848577911,0.6794765763753934,25,30,0
22,9753,0.0016016583615476102,0.23991645581225218,0.07900731040887202,0.6794745754173295,25,30,0
22,9754,0.0013654753458401806,0.2399164558071103,0.07900698393393933,0.6797110849131114,25,30,0
22,9755,0.0013654543077037513,0.2399164558070741,0.0790069818127216,0.6797111080725017,25,30,0
22,9756,0.0013681685953468147,0.23991645580704532,0.07900470275407363,0.6797106728435357,25,30,0
22,9757,0.0013651184057976383,0.23991645580704507,0.07900026132537276,0.6797181644617859,25,30,0
22,9758,0.0013647997523846944,0.23988574012960925,0.07903129566119452,0.6797181644568125,25,30,0
22,9759,0.001376625012414846,0.23984245546117905,0.07906275506245489,0.6797181644639523,25,30,0
22,9760,0.0013776235327958683,0.23984245546125885,0.07906280080497992,0.6797171202009664,25,30,0
22,9761,0.0013805533668713765,0.23984245546124972,0.07906288267718337,0.679714108494696,25,30,0
22,9762,0.0013805536636670775,0.23984245546125002,0.07906288472048668,0.6797141061545967,25,30,0
22,9763,0.0016095495138576791,0.23984245552030012,0.07883388826399783,0.6797141067018455,25,30,0
22,9764,0.0008016516695531893,0.23984245605385068,0.07964178635412607,0.6797141059224725,25,30,0
22,9765,0.000411034584654696,0.23984243217240994,0.08003242790303743,0.6797141053398961,25,30,0
22,9766,0.00041617961047394513,0.23984243217244805,0.08003237446586402,0.6797090137512118,25,30,0
22,9767,0.0004161613217285582,0.2398424321724296,0.08003231969008179,0.6797090868157575,25,30,0
22,9768,0.0004151642803612074,0.23983255997647102,0.08004318893224863,0.6797090868109166,25,30,0
22,9769,0.0004184068658091861,0.23983255997651654,0.08004319029596811,0.6797058428617035,25,30,0
22,9770,0.0004123458948842924,0.23983255997649824,0.08004319298399777,0.6797119011446172,25,30,0
22,9771,0.0006485869322300783,0.2398325599796805,0.08004808260240882,0.6794707704856784,25,30,0
22,9772,0.0006485860075196283,0.23983255997968037,0.08004816306860536,0.6794706909441919,25,30,0
22,9773,0.0006557980555766074,0.2398325599808781,0.08004819586234609,0.6794634461011966,25,30,0
22,9774,0.0006557990010530836,0.23983255998087838,0.08004819379968114,0.6794634472183847,25,30,0
22,9775,0.0006476564135722303,0.2398325599808317,0.08004816457882809,0.6794716190267656,25,30,0
22,9776,0.000645606863776326,0.23983459495451792,0.08004817915009012,0.679471619031613,25,30,0
22,9777,0.000644680465904977,0.23983459495449178,0.08004817626854153,0.6794725483110594,25,30,0
22,9778,0.0006606986269138784,0.23983459495465373,0.08004818793794742,0.6794565184804828,25,30,0
22,9779,0.0006675689316958031,0.23983459495465215,0.08004818869142256,0.6794496474222278,25,30,0
22,9780,0.0004282830547876347,0.23983459495147963,0.0800434149868527,0.6796937070068785,25,30,0
22,9781,0.0004302868189293303,0.23983298092392422,0.08004302525489633,0.6796937070022487,25,30,0
22,9782,0.00043635297848858436,0.2398377797503387,0.08003216026852758,0.6796937070026438,25,30,0
22,9783,0.03699108884851789,0.23983785714899333,0.04347730873359204,0.6796937452688975,25,30,0
22,9784,0.04028510119584875,0.2398377789294927,0.0401829343488257,0.6796941855258336,25,30,0
22,9785,0.04027906973809202,0.23980313686295118,0.04022360787330813,0.6796941855256493,25,30,0
22,9786,0.040282080915193405,0.23980313686296884,0.04022360872751789,0.6796911734943207,25,30,0
22,9787,0.04028006648204489,0.2398031368630033,0.040223494377269534,0.6796933022776831,25,30,0
22,9788,0.07986290364847551,0.2398031362672801,0.0006406578491935612,0.67969330223505,25,30,0
22,9789,0.07986292194470257,0.23980313626729866,0.0006429510247166918,0.6796909907632815,25,30,0
22,9790,0.08031932526634401,0.23938720220795345,0.0006024817408732135,0.6796909907848289,25,30,0
22,9791,0.08031610183203963,0.23938720220791576,0.0006024789570096252,0.6796942170030346,25,30,0
22,9792,0.08044350173376305,0.23938720229603902,0.0004755299397086843,0.6796937660304888,25,30,0
22,9793,0.08044374820378473,0.23941841961072532,0.00044406615963549836,0.679693766025854,25,30,0
22,9794,0.0804377555089663,0.23941841961073457,0.0004440663536224556,0.6796997585266763,25,30,0
22,9795,0.08043682596218663,0.2394184196106995,0.00044406335203281785,0.6797006910750807,25,30,0
22,9796,0.08043882315238227,0.23941841961062832,0.00044401771427487796,0.6796987395227139,25,30,0
22,9797,0.08038743481667655,0.23941841961054372,0.0004437973817372948,0.6797503481910416,25,30,0
22,9798,0.08037933544529446,0.239418419610687,0.004970044425257275,0.6752322005187605,25,30,0
22,9799,0.08037633966162948,0.23941841961066934,0.004970044633408625,0.6752351960942918,25,30,0
22,9800,0.0803741110410908,0.23941841960964247,0.004970042745325536,0.6752374266039403,25,30,0
22,9801,0.0803731651413211,0.23941841960960872,0.004970041932921447,0.6752383733161477,25,30,0
22,9802,0.08037312982107261,0.23939735711317714,0.00499113974976913,0.6752383733159801,25,30,0
22,9803,0.080373199111991,0.23939735711317772,0.00499113910098767,0.6752383046738427,25,30,0
22,9804,0.08037319984884773,0.23939735711317758,0.00499113955935435,0.6752383034786194,25,30,0
22,9805,0.08038116921479664,0.23939735711324825,0.004991147640256433,0.675230326031698,25,30,0
22,9806,0.08038120433829368,0.23939735711325658,0.004991146680160282,0.6752302918682888,25,30,0
22,9807,0.08038132646685968,0.2393973571132482,0.004991147579278726,0.6752301688406126,25,30,0
22,9808,0.08038110055441765,0.23939702802909169,0.004991702575961254,0.6752301688405288,25,30,0
22,9809,0.08020169322551053,0.23939702814071218,0.005171058074445508,0.6752302205593311,25,30,0
22,9810,0.08020169232487985,0.23939702814071268,0.005171058126502017,0.6752302214079051,25,30,0
22,9811,0.08020176285653637,0.23939702814072253,0.005171141840156594,0.6752300671625843,25,30,0
22,9812,0.08020477091542672,0.2393970281407308,0.005171027317099689,0.6752271736267423,25,30,0
22,9813,0.0802027539286958,0.23939702814075692,0.005171028727888005,0.6752291892026586,25,30,0
22,9814,0.08020282810410703,0.23939702814077585,0.005171025067136878,0.6752291186879796,25,30,0
22,9815,0.08021693685687589,0.23939702814087613,0.005171034214969387,0.6752150007872779,25,30,0
22,9816,0.08021406126785399,0.23939990340028705,0.0051710345468780295,0.6752150007849802,25,30,0
22,9817,0.08022404646898933,0.23941103397942373,0.005149918756921278,0.675215000794665,25,30,0
22,9818,0.08021908986922308,0.2394110339791546,0.0006236606859015592,0.6797462154657201,25,30,0
22,9819,0.08021611046710468,0.23941103397914598,0.000623662622050717,0.679749192931698,25,30,0
22,9820,0.08021616297552836,0.23941103397914565,0.0006237444927377426,0.6797490585525877,25,30,0
22,9821,0.04075203957098901,0.2394110632814517,0.04008783573179162,0.6797490614157686,25,30,0
22,9822,0.040749077677351864,0.2394110632814159,0.0400878330950331,0.6797520259462001,25,30,0
22,9823,0.04075308756948563,0.23939675262013707,0.04009813385950338,0.6797520259508752,25,30,0
22,9824,0.04074518889307803,0.23939675262009394,0.04009812847758028,0.6797599300092488,25,30,0
22,9825,0.040756103042898985,0.23938582547940024,0.04009814145885155,0.6797599300188505,25,30,0
22,9826,0.04076309321002841,0.23938582547945356,0.04009814583863238,0.6797529354718864,25,30,0
22,9827,0.04122309500125108,0.23938582548158555,0.04009842732160387,0.6792926521955603,25,30,0
22,9828,0.04082780987321008,0.23938582548414428,0.04019050327958915,0.6795958613630572,25,30,0
22,9829,0.040816898254081455,0.2393967369815944,0.04019050341333332,0.6795958613509917,25,30,0
22,9830,0.04081691360894456,0.2393967181513539,0.04019050688620647,0.6795958613534959,25,30,0
22,9831,0.04082383280833131,0.23939671815138894,0.04019050994525528,0.6795889390950254,25,30,0
22,9832,0.04082383517980958,0.23939671815138922,0.04019050950992778,0.6795889371588741,25,30,0
22,9833,0.040823836131716466,0.23939671815138955,0.04019050954416823,0.6795889361727263,25,30,0
22,9834,0.040823819897172736,0.2393967181513991,0.04019051342683528,0.6795889485245936,25,30,0
22,9835,0.04081753674521044,0.23939671815022737,0.040190402049124295,0.6795953430554386,25,30,0
22,9836,0.006913198084199057,0.23939671791778064,0.07409482014340649,0.6795952638546153,25,30,0
22,9837,0.006901286139527197,0.2394400907620453,0.07406335925817759,0.6795952638402513,25,30,0
22,9838,0.006444847094486225,0.2111454083687568,0.10281448071796642,0.6795952638187894,25,30,0
22,9839,0.006449291748472025,0.20990279469000164,0.1040526497351993,0.6795952638263262,25,30,0
22,9840,0.006449521902516543,0.2098798909940259,0.10407532326495059,0.6795952638385059,25,30,0
22,9841,0.006452287363016752,0.20818195512066104,0.10577049369471574,0.6795952638216053,25,30,0
22,9842,0.006453269242315609,0.20818195512072282,0.10577049612381818,0.6795942795131427,25,30,0
22,9843,0.006453092044114067,0.20818195512073076,0.10577041292282026,0.6795945399123348,25,30,0
22,9844,0.00645005917575616,0.20818195512073118,0.10577041348058124,0.6795975722229314,25,30,0
22,9845,0.006384254532471668,0.2081819551160841,0.10567805945822727,0.6797557308932172,25,30,0
22,9846,0.006380276830515532,0.20818195511604906,0.10567805718044171,0.6797597108729937,25,30,0
22,9847,0.006379347004504785,0.20818195511600954,0.11033560895146825,0.6751030889280173,25,30,0
22,9848,0.006378366643285065,0.20818195511596563,0.11033563422466244,0.6751040440160869,25,30,0
22,9849,0.006371516590588429,0.20818195511593107,0.1103356332566986,0.6751108950367817,25,30,0
22,9850,0.0063674870407458405,0.20818195511588689,0.11033562955352537,0.6751149282898418,25,30,0
22,9851,0.006367418254376732,0.20989986873115415,0.10861778472241261,0.6751149282920565,25,30,0
22,9852,0.0063644389724381275,0.20990246090498083,0.10861817183048403,0.6751149282920972,25,30,0
22,9853,0.006361441974409205,0.20990246090496345,0.10862248299743266,0.6751136141231947,25,30,0
22,9854,0.00635045791393582,0.20991343487543587,0.1086224930970777,0.6751136141135504,25,30,0
22,9855,0.006353315299243101,0.20991343487540917,0.10862248962595211,0.6751107601993955,25,30,0
22,9856,0.006360236636275013,0.20990597823045326,0.1086230249291554,0.6751107602041162,25,30,0
22,9857,0.006360236657653652,0.20990597823045384,0.10862302637941341,0.6751107587324789,25,30,0
22,9858,0.00636120128952689,0.2099059782304881,0.10861650701828877,0.6751163134616961,25,30,0
22,9859,0.006364197463954934,0.20990597823049267,0.1039589923940431,0.679770831911509,25,30,0
22,9860,0.006365145569466309,0.2099059782305361,0.10395899301786889,0.6797698831821283,25,30,0
22,9861,0.006358173725759539,0.2099135049015701,0.10395843819517835,0.6797698831774917,25,30,0
22,9862,0.0063561426076028885,0.2099135049015959,0.10395844059020208,0.6797719119005988,25,30,0
22,9863,0.006353131339881385,0.2099135049015776,0.10395839909638664,0.6797749646621541,25,30,0
22,9864,0.006352045124240575,0.2099135049016303,0.10395843874160476,0.6797760112325244,25,30,0
22,9865,0.006352044784768184,0.2099135049016297,0.10395843866930249,0.6797760116442996,25,30,0
22,9866,0.0063520451473674374,0.20991350490164326,0.10395863775689416,0.679775812194095,25,30,0
22,9867,0.007022018048598353,0.20991347560281168,0.10328869618035715,0.6797758101682326,25,30,0
22,9868,0.00703291526433108,0.2099029588742364,0.10328831568372163,0.6797758101777107,25,30,0
22,9869,0.007044993609699427,0.20990295887481783,0.10328841870025735,0.6797636288152253,25,30,0
22,9870,0.010984712182028924,0.20990295925603994,0.0993486493851484,0.6797636791767825,25,30,0
22,9871,0.01104290356826753,0.2099029592561224,0.09935031780730633,0.6797038193683035,25,30,0
22,9872,0.011033763986218512,0.20990295925552108,0.09935021277202928,0.679713063986231,25,30,0
22,9873,0.011032851690536754,0.2099029592554954,0.09935021041465684,0.6797139786393107,25,30,0
22,9874,0.011029979484187769,0.20990295925557587,0.09935029804700321,0.679716763213233,25,30,0
22,9875,0.01102704075531762,0.20990590452250235,0.0993502915111964,0.6797167632109836,25,30,0
22,9876,0.011033032021155034,0.2369335601620963,0.072316644605855,0.6797167632108946,25,30,0
22,9877,0.011034049594328103,0.23693356016202557,0.07231663994564784,0.6797157502979991,25,30,0
22,9878,0.011034096538931866,0.2369335074214122,0.07231664573196911,0.6797157503076875,25,30,0
22,9879,0.011040238307093457,0.23693350742195965,0.07231659889730174,0.6797096553736458,25,30,0
22,9880,0.011040167796992328,0.2369335074218791,0.07231655047218095,0.6797097743089483,25,30,0
22,9881,0.011043152417128443,0.23693350742188724,0.07231654864501733,0.6797067915159677,25,30,0
22,9882,0.011045290084621951,0.2369335074218394,0.07231634655173147,0.6797048559418076,25,30,0
22,9883,0.011037373072850748,0.23694104428340246,0.07231672671150091,0.6797048559322465,25,30,0
22,9884,0.01098017955258806,0.2369410442833733,0.07231503370151388,0.6797637424625255,25,30,0
22,9885,0.010983124135654691,0.23694104428337348,0.07231503575195199,0.6797607958290203,25,30,0
22,9886,0.010984293364561812,0.23694104428342835,0.07244458552435519,0.679630076827655,25,30,0
22,9887,0.010984221518418227,0.23694104428354287,0.07244459478370113,0.6796301394143383,25,30,0
22,9888,0.010981208849282397,0.23694104428352486,0.07244459466741605,0.6796331521997772,25,30,0
22,9889,0.010982211910480696,0.2369410442835792,0.07244468168701813,0.6796320621189225,25,30,0
22,9890,0.010985104240246658,0.2369381611124491,0.07244467253807607,0.6796320621092288,25,30,0
22,9891,0.01098510422939971,0.2369381611124491,0.0724446325650301,0.6796321020931215,25,30,0
22,9892,0.010989103165008894,0.2369381611123687,0.07244462774955651,0.6796281079730665,25,30,0
22,9893,0.010992962185783786,0.23693816111240312,0.07244463124488561,0.6796242454569277,25,30,0
22,9894,0.010992014834189174,0.23693816111235808,0.07244462747220862,0.6796251965812443,25,30,0
22,9895,0.010997277197935479,0.23693816111246785,0.07244463755740367,0.6796199241321926,25,30,0
22,9896,0.006264380757797734,0.2369381607276677,0.07717758561088804,0.6796198729036473,25,30,0
22,9897,0.0062574210225235915,0.2369381607276333,0.07718422702577259,0.6796201912240711,25,30,0
22,9898,0.0062545460210053135,0.23693816072766036,0.07718422841382583,0.6796230648375092,25,30,0
22,9899,0.006254477548321539,0.23694909137422648,0.07717336624002734,0.679623064837425,25,30,0
22,9900,0.006261395566462141,0.2369490913742528,0.07717336915149475,0.6796161439077906,25,30,0
22,9901,0.006257432429418302,0.23694909137425374,0.07717348257769985,0.6796199936186287,25,30,0
22,9902,0.006261408303279863,0.23694909137438888,0.07718010001839253,0.6796094003039399,25,30,0
22,9903,0.00995730688165074,0.2369490913743846,0.07348420144216422,0.6796094003018002,25,30,0
22,9904,0.009960250229446566,0.23694909137428513,0.07347758701694614,0.6796130713793218,25,30,0
22,9905,0.0040720676443729365,0.236949091399139,0.0793526742785326,0.6796261666779576,25,30,0
22,9906,0.004071843928001839,0.2369490913992266,0.07922313820158328,0.6797559264711904,25,30,0
22,9907,0.004071738897392621,0.23694909139919107,0.07922325262453718,0.6797559170788806,25,30,0
22,9908,0.004067780651912166,0.23867073776961523,0.07750556450448086,0.6797559170739932,25,30,0
22,9909,0.004064832651781689,0.238670737769615,0.07750556444833338,0.6797588651302711,25,30,0
22,9910,0.004064034552206098,0.23867073773549344,0.07751945787580851,0.6797457698364933,25,30,0
22,9911,0.00404994429450915,0.23867073773541153,0.07751945021443939,0.6797598677556413,25,30,0
22,9912,0.004043025670671212,0.23867073773536793,0.07751947893934238,0.6797667576546199,25,30,0
22,9913,0.004158595799730154,0.23867073773452063,0.0774039087130867,0.6797667577526638,25,30,0
22,9914,0.004158627179208704,0.23867073773449438,0.07740402551206707,0.6797666095742314,25,30,0
22,9915,0.004159554826206288,0.2386381702707837,0.07743566530952109,0.6797666095934903,25,30,0
22,9916,0.0041655980070900685,0.2386381702708194,0.07743566865859776,0.6797605630634942,25,30,0
22,9917,0.004165595563091698,0.23863817027080153,0.07743558198782591,0.6797606521782824,25,30,0
22,9918,0.004168606548330873,0.23863817027081058,0.0774355840827812,0.6797576390980784,25,30,0
22,9919,0.004161633569830291,0.23863817027074005,0.07743557951472292,0.6797646166447078,25,30,0
22,9920,0.0041586535191857465,0.23864101359193715,0.07743571624421118,0.6797646166446668,25,30,0
22,9921,0.004154692816328075,0.23864101359192055,0.07743571397305171,0.6797685796187004,25,30,0
22,9922,0.004160683348494573,0.2386410135919207,0.077435631487288,0.6797626715722977,25,30,0
22,9923,0.004161682751191109,0.23864101359200976,0.07743554916366552,0.6797617544931345,25,30,0
22,9924,0.0041686716967634764,0.23864101359205414,0.07743555340690765,0.6797547613042753,25,30,0
22,9925,0.004164220876729888,0.239883628331648,0.07619738949271782,0.6797547612989042,25,30,0
22,9926,0.004160174339961295,0.23988362833160326,0.07619738728352562,0.6797588100449099,25,30,0
22,9927,0.0041641520694683095,0.23987965963896696,0.07619737824423424,0.6797588100473305,25,30,0
22,9928,0.004167112422269964,0.23987965963899302,0.07619734782385097,0.679755880114886,25,30,0
22,9929,0.010229529007392652,0.23987965967160374,0.07013493117265451,0.6797558801483495,25,30,0
22,9930,0.010232701099689451,0.23987965967160446,0.07012828740615049,0.6797593518225559,25,30,0
22,9931,0.010233616060824536,0.23987965967165703,0.0701282916905397,0.679758432576979,25,30,0
22,9932,0.01023266599130323,0.23987965967158767,0.07012840358808621,0.6797592707490232,25,30,0
22,9933,0.010234863345294904,0.23987965967166944,0.07012841159901036,0.6797570653840255,25,30,0
22,9934,0.010233866280573257,0.23987965967173203,0.07012846049611954,0.6797580135515756,25,30,0
22,9935,0.010234044819031073,0.2398796071685027,0.07012833446080399,0.6797580135516625,25,30,0
22,9936,0.010238021326958769,0.23987960716853757,0.07012833540863322,0.6797540360958707,25,30,0
22,9937,0.010238078279660756,0.23987960716852008,0.07012833520162198,0.6797539793501975,25,30,0
22,9938,0.04383649597771318,0.23987960713876322,0.036529917498917486,0.6797539793846055,25,30,0
22,9939,0.04383339049026942,0.23987960713876336,0.03652991741381496,0.6797570849571517,25,30,0
22,9940,0.04383543657739772,0.2398796071387096,0.03652982899226422,0.6797551272916281,25,30,0
22,9941,0.04383247842152441,0.23987960713874665,0.036529832463395244,0.6797580819763334,25,30,0
22,9942,0.04383230215366107,0.23987960713876383,0.03652983112402738,0.6797582595835473,25,30,0
22,9943,0.04383151559837767,0.23991242585069705,0.036497798986509095,0.6797582595644158,25,30,0
22,9944,0.043829484049387926,0.23991242585071365,0.03649791705833569,0.6797601730415624,25,30,0
22,9945,0.043830391109716135,0.23991242585071182,0.036504521481095877,0.6797526615584759,25,30,0
22,9946,0.04382817584008869,0.23991242585061226,0.03650451221733777,0.6797548860919611,25,30,0
22,9947,0.04382426614182562,0.23991632473666613,0.036504523034138224,0.6797548860873698,25,30,0
22,9948,0.0438252636819564,0.23991477814566875,0.03650507207548156,0.679754886096892,25,30,0
22,9949,0.04382232124539438,0.2399147781456687,0.036505072005055206,0.6797578286038801,25,30,0
22,9950,0.04381534871925713,0.23992174694695695,0.03650507573457908,0.679757828599205,25,30,0
22,9951,0.04381533152865494,0.23992174694695603,0.03649847389062613,0.6797644476337611,25,30,0
22,9952,0.04381329822335553,0.2399237784064607,0.03649847573165922,0.6797644476385223,25,30,0
22,9953,0.043812369375831,0.2399237784064524,0.03649835570445829,0.6797654965132561,25,30,0
22,9954,0.04380837622746706,0.2399237784063109,0.03649834204835201,0.679769503317868,25,30,0
22,9955,0.043808376510543444,0.23992377840631104,0.03649834209414738,0.6797695029889962,25,30,0
22,9956,0.04381040832633338,0.23992377840629492,0.036498414771999645,0.6797673984953702,25,30,0
22,9957,0.0438034389114399,0.23992377840625204,0.03649845160953193,0.6797743310727745,25,30,0
22,9958,0.043803422877168874,0.23992377840625193,0.03649848964162783,0.6797743090749497,25,30,0
22,9959,0.04380340558553331,0.2399237784062426,0.03649857144028456,0.6797742445679381,25,30,0
22,9960,0.04380345706270376,0.23992377840625106,0.03649853155037728,0.6797742329806665,25,30,0
22,9961,0.04380627435555449,0.23992095887121562,0.036498533787887616,0.6797742329853409,25,30,0
22,9962,0.04380006596294276,0.239920958871079,0.03649859821632809,0.6797803769496485,25,30,0
22,9963,0.04380004841564679,0.2399209588710787,0.03649859762025267,0.6797803950930205,25,30,0
22,9964,0.04380306148803636,0.23992095887108802,0.036498600257854924,0.6797773793830193,25,30,0
22,9965,0.04380903741489123,0.2386773660629019,0.03773621714407434,0.6797773793781312,25,30,0
22,9966,0.04380905428613783,0.23867736606290177,0.03773621917485483,0.6797773604761042,25,30,0
22,9967,0.04381203432362026,0.23867736606291004,0.03773621771580573,0.6797743818976626,25,30,0
22,9968,0.04381200112800156,0.23867736606289175,0.0377362163868645,0.6797744164222407,25,30,0
22,9969,0.04381102024729056,0.23867736606285658,0.03773609747344282,0.6797755162164087,25,30,0
22,9970,0.04380806049121741,0.23867736606284734,0.037736018939650624,0.6797785545062831,25,30,0
22,9971,0.04381110907246097,0.23867736606286472,0.037735903319914825,0.6797756215447578,25,30,0
22,9972,0.04381114824285337,0.2386773660628651,0.037736019873450106,0.6797754658208298,25,30,0
22,9973,0.04380309827424225,0.2386773660623009,0.037735947178869356,0.6797835884845861,25,30,0
22,9974,0.04380210258250362,0.23867736606234644,0.03773589795011358,0.6797846334050351,25,30,0
22,9975,0.043813015361621695,0.23867736606240755,0.037735904303402366,0.6797737142725669,25,30,0
22,9976,0.04380600467274559,0.23867736606236367,0.03773578462589202,0.6797808446389974,25,30,0
22,9977,0.04380603604911766,0.23867736606236406,0.03773574779062032,0.6797808500978967,25,30,0
22,9978,0.04380608830439295,0.23867736606235523,0.037735787531009236,0.6797807581022416,25,30,0
22,9979,0.04380610645888084,0.23867736606237322,0.03773574838881073,0.6797807790899342,25,30,0
22,9980,0.04392777212856073,0.23867736606456183,0.03773612891028036,0.679658732896596,25,30,0
22,9981,0.0439277552418702,0.2386773660645445,0.03773616812180069,0.6796587105717835,25,30,0
22,9982,0.04392771885180082,0.2386773660644927,0.037736194309696366,0.6796587207740089,25,30,0
22,9983,0.043924808102342915,0.23867736606452944,0.03773619650442156,0.6796616293287052,25,30,0
22,9984,0.04392780378696214,0.23867736606452084,0.03774280088983231,0.6796520292586838,25,30,0
22,9985,0.0439298377112289,0.23867532424039534,0.037742808789436484,0.6796520292589385,25,30,0
22,9986,0.0439298379842222,0.2386753242403955,0.037742730898591606,0.67965210687679,25,30,0
22,9987,0.04392985832556133,0.23867532424040366,0.037742727935023895,0.6796520894990103,25,30,0
22,9988,0.043922974429299384,0.23991125500514335,0.03651368107113153,0.679652089494425,25,30,0
22,9989,0.04391212557545207,0.23991125500509305,0.03651837861735771,0.6796582408020966,25,30,0
22,9990,0.04391210400409548,0.23992039295949946,0.03650926223439979,0.6796582408020047,25,30,0
22,9991,0.04379639641330423,0.23992039295725637,0.036508850998195216,0.6797743596312436,25,30,0
22,9992,0.043794450045296085,0.2399203929571942,0.03650877166264015,0.6797763853348688,25,30,0
22,9993,0.04379438014685864,0.23990961459382565,0.036519619922236325,0.6797763853370786,25,30,0
22,9994,0.04379537798065733,0.23990961459378024,0.03651958674143065,0.6797754206841311,25,30,0
22,9995,0.043788437106771966,0.23990961459374716,0.03651958294031519,0.6797823653591649,25,30,0
22,9996,0.07762087176463701,0.2399096151076284,0.0026715575347909986,0.6797979555929429,25,30,0
22,9997,0.07761868066131533,0.2399117973524234,0.0026715663887229707,0.6797979555975379,25,30,0
22,9998,0.07781423015916557,0.23991179735068724,0.0024760171922766387,0.67979795529787,25,30,0
22,9999,0.07781622613353611,0.23990979486827846,0.002476023702699365,0.6797979552954856,25,30,0
22,10000,0.07781622607730335,0.23990980825525565,0.002476010374293956,0.6797979552931465,25,30,0
